MU_1;MU_2
-1.629098773835968e-05;3.0261025294064325e-05
0.0007440764514464014;0.004408879930109481
0.0022987020318669853;0.0051869141618938585
0.003053162582538748;0.0036052227670984646
0.0025096061477765923;0.0025278913879510493
0.0030926859903925258;0.002329164104700549
0.005268976766850859;0.002117282848320126
0.005587992309751559;0.001954324818528269
0.0029883274007127337;0.0028035302724376656
0.0019311985731396003;0.0047922144937737185
0.005015546219467218;0.0057162936330619925
0.007640385946881279;0.0038495020123040574
0.005720030093728753;0.0021352308229747497
0.003149620280259546;0.004370180033858949
0.00430294081357723;0.007573344597752379
0.0056621210084945375;0.005275919532303943
0.003294372908578965;-0.0012144905155714893
0.0011832375160390463;-0.0029051624240138594
0.0035460463048385864;0.003104200798289731
0.006498989232365209;0.008059476775258432
0.005327129576338094;0.004573986189401215
0.0030249822718151943;-0.002829906810704066
0.004272154161268848;-0.006272336744895048
0.006559670973204701;-0.005070826539779529
0.004467952848437542;-0.002214075240781144
-0.001035519511063831;0.000762960015319178
-0.004210630470456804;0.0022739764320514632
-0.0027419502786851595;0.002224334051632022
0.0006263051044573397;0.003888071567999091
0.001684516210462225;0.007374628973266142
-0.0022719797744635063;0.0072973051382241635
-0.009003030387204111;0.0029659481092403498
-0.01138665254815686;0.0011551453718120206
-0.00624015972665923;0.0038850394531627693
-0.00022338119826800646;0.00540044862371553
-0.00033670810604739533;0.004442018070399208
-0.003341739524347769;0.00619320628971381
-0.0024765846847115526;0.010045799809713766
0.0012664244549789759;0.008909587091748526
0.0025390088792040513;0.0017608954401467985
0.0005634083356086951;-0.004839147065203088
-0.0016095666394007446;-0.006459276837335338
-0.0024340864206075295;-0.003407953817864222
-0.002613881502314164;0.0016390759573012216
-0.0026199421350159863;0.0034760267072326736
-0.001457339917333381;-0.0010232428885623638
0.0014010901738785175;-0.006589078360623163
0.0034908031212151414;-0.005945817230594931
0.0017121492640469545;-0.0012211636693915853
-0.002507705663692115;-0.0005829868501461535
-0.004187298800363716;-0.005465756312369993
-0.001413344815233301;-0.00914226485059903
0.002493523941022387;-0.007566589513005088
0.0038322525156826944;-0.004919427826678031
0.002697944151178807;-0.0061846550960956
0.0012077731639842733;-0.009230974997163013
-0.00030064685088129463;-0.008851850689841196
-0.002277536783602737;-0.004774317650560664
-0.0024858490715178516;-0.0001924868769743068
0.0013095233148463262;0.0029210730493620914
0.005914517534041113;0.0024884494009837156
0.006288994934855851;-0.0021278924324734457
0.0033619457621930785;-0.005097683126168686
0.0016492795740199592;-0.0015037479484511572
0.00120541328705541;0.0016729904701953732
-0.0012699582504245692;-0.003811428674379891
-0.0049149615047514045;-0.009971288820103768
-0.004700089704985155;-0.0030900333127313485
0.0003260112728145558;0.011829492303650001
0.003981750912355077;0.015913027328989394
0.0014024379504813042;0.00536539659769652
-0.00348856563652687;-0.003071842600714949
-0.0038833246556606114;0.0007992351316737795
-0.000200908030693137;0.006318397256225921
0.001670449342683888;0.002578743812034939
2.4290784966364945e-05;-0.0033760749728433542
-0.0011460760832840058;-0.0001804176023646101
0.0004756350351182729;0.008711718208689134
0.002259986441216478;0.01109855942256245
0.0010624769036569808;0.004055323155834796
-0.002765543451426559;-0.0033654533186728277
-0.0061023275967214815;-0.0031890398339807806
-0.006100646110003076;0.001994132814440781
-0.002835270823994272;0.004058843475967951
0.0006346510515747167;0.00039547734936755104
0.0015830036632398137;-0.0038968968555704517
0.0003972048622065655;-0.004134492901573451
-0.0010959687150188307;-0.002006092612005313
-0.0021354469261527587;-0.0017411391485139488
-0.002046603222471542;-0.0036534357070100634
-2.2794468742018046e-05;-0.004655912372621235
0.001999237566265028;-0.0031725024640795975
0.000624638170733903;-0.00028889802592378005
-0.003123911472433579;0.0022137935684946705
-0.004314760776394587;0.002430154410309796
-0.00144485481383636;-0.000745361171641059
0.0017225673849526498;-0.005012624887834081
0.0018765902738064502;-0.005636162209345783
-0.0002451359214008523;-0.001587770966141258
-0.0018762269176396667;0.00222146657370462
-0.0014687262356184163;0.0014851636457381538
0.0003384090326753462;-0.0025512147306545625
0.0021067214830896553;-0.006464539472296902
0.00264264407991411;-0.007818335488067358
0.0009731784076109604;-0.004839741607755496
-0.0019789172650932977;0.0006224263175906512
-0.003100463749066298;0.0018219792444671664
-0.0023031789908504238;-0.0034945717387355768
-0.003282625540530238;-0.006906579390519443
-0.004912214815835677;-0.0018144469539506183
-0.0016399905896057974;0.0043687651694382925
0.003722237167078934;0.0012848015619578944
0.0021289666200211194;-0.007349804407837558
-0.00395868411689332;-0.008764828771077088
-0.002639071219058245;-0.00027651003696372065
0.006154238445081007;0.00622209258543412
0.010378392149131725;0.001716946841366923
0.0066987811724629;-0.005216795034251547
0.0031379199211329315;-0.0008833280814009195
0.00297889890810348;0.009863287517837297
0.0024044553664828413;0.00891510295127136
0.0009378202341730677;-0.004703649728529637
0.001620839446521598;-0.011586395039527703
0.003995836559428848;-0.004245231544068344
0.004698365216653751;0.0033356568948814517
0.002522135672629059;0.004266946558111093
-0.0008870121845882284;0.006809107914670832
-0.0035724106830833935;0.009453233946238763
-0.004737418225254173;0.0015775510547587949
-0.004816518336079349;-0.008952685576873079
-0.005306265545266553;-0.004879247805049334
-0.007671360339022812;0.005590683672360905
-0.0105709647183667;0.0016545285781207992
-0.009334038133029753;-0.008899183695874063
-0.0018509032539494315;-0.0036858168134555197
0.006217448701479573;0.009353087240290594
0.007175356540516674;0.006375152414556023
0.0011898466273954566;-0.005419344270820085
-0.004857672828196138;-0.0010789982699345546
-0.007319830033884796;0.015053988052230386
-0.008504055846606311;0.018737298854808345
-0.009291913966063473;0.009202178651596867
-0.006076892117340915;0.0048638572313090475
0.0019038325698545995;0.008487208302099284
0.008068313302759133;0.009681260331313253
0.006548316821240767;0.009346818674909904
0.001680071736570462;0.013377992036899508
0.002750382927867381;0.015882890591982498
0.009474978311629773;0.01191258513005588
0.0119970685661672;0.009314784406387819
0.008135471166791256;0.01020073983803191
0.007884025086815039;0.004574159093342841
0.014435775821490202;-0.00580023710745545
0.015924470644302115;-0.007797070795698976
0.005926749117423954;-0.004882712302070703
-0.003170888923578179;-0.008571301448708327
0.0006748620403649956;-0.00998228119005479
0.010510261135040751;-0.0008156861929984993
0.012889602289889843;-0.0003921065703368728
0.006638480864766272;-0.01708230746303789
-0.0015105317380311573;-0.019257301987540328
-0.008066364442814816;0.00869728929076265
-0.010409270907887059;0.028318966139834475
-0.005462899852358493;0.010573572338987806
0.0020171964324702724;-0.014389410240897784
0.0019399508272601824;-0.013152397290310331
-0.006299260800347808;-0.002123373485875576
-0.012414017642149144;-0.005543063346876596
-0.009068932306036415;-0.010491579101605482
0.0012238328378075293;-0.001076842250838221
0.011518962321789387;0.006742658806508165
0.017125936208011075;-0.0017813652014117512
0.017256711250284804;-0.010122404226129172
0.013669019775476115;-0.0024702609461216183
0.009865508075240706;0.006631212192988862
0.008654670139713837;0.0005426028669411802
0.0074729323916397465;-0.009543882250422818
0.0007356534721369844;-0.008197224181971559
-0.010462304353042693;-0.004526907576567576
-0.018351686375495137;-0.01151539338333546
-0.021066782908201007;-0.019273985905676815
-0.02544856279474171;-0.014024786830845303
-0.03315155604027889;-0.002781545339865483
-0.03518480796028869;0.0014631955606535646
-0.025905148637116224;-0.0007380896853514448
-0.011906138678866618;-0.00435622873771297
-0.0023917049215301032;-0.009444704732411852
0.00035263396829760733;-0.01324323800163444
-0.0010784580860077983;-0.009242390401919022
-0.0030443786503819553;0.0007906282504512285
-0.001672331368812051;0.006595134659816052
0.004408093953023311;0.0038988717971720306
0.011603046533284546;-0.0008181233086207147
0.015477325543720574;-0.0012201243073352518
0.015815021672410313;0.0013780057887930865
0.013947399058130352;0.002250858362621881
0.009391074527634788;0.0002791721943715589
0.003464028554156713;-9.881938997311466e-05
-1.9001387819325302e-05;0.004190280610259968
-0.0019589474344851136;0.0066503911674228
-0.008026885794245976;9.497263150401565e-05
-0.01696798125375008;-0.007588127482153268
-0.018459783533679677;-0.004226728566685103
-0.008753181280694964;0.003499999922705296
0.0018002903340201691;0.0008506158572151997
0.003298329931609422;-0.006842860014573484
-0.001996697417667326;-0.0035056852672855415
-0.007527403235049239;0.0067635412261086575
-0.01115391136126987;0.006671343445964151
-0.011060469703476019;-0.0024088842536166164
-0.0031369293184941582;-0.005298153238029882
0.01118965952187559;-0.0029978956566974963
0.02194765867863321;-0.004988737644052856
0.02166425326808793;-0.0015543765244366993
0.014709743961310683;0.016836211017679698
0.010938726441265907;0.027845254974270938
0.012468572718843973;0.012116099563473134
0.010913100859913942;-0.003510923889928057
-0.0008600311109055079;0.008094744274306006
-0.0172346919705819;0.019008226464135913
-0.02492000120299312;-0.0012727165282690272
-0.018754144588548315;-0.02107084601571026
-0.006480236641476157;-0.003680855077642222
0.0028861399845254614;0.019320934684946053
0.007909253567602999;0.005766479834726194
0.009542395338920175;-0.01723594152499783
0.0066072181231784915;-0.005249117719152839
0.001092346771911193;0.021473581320553364
-0.001318408616848791;0.017871420649953486
0.0003827928034247436;-0.006738554609764683
0.0020837645219489;-0.010788475961235871
0.002787542809188194;0.00880503501759872
0.005076917578180493;0.01884946743361045
0.008670328953223247;0.006919850094579013
0.010408306265574686;-0.004622398118705501
0.00953520359129061;-0.0001676984827291982
0.008624958310087054;0.006064460775174281
0.009661526046539701;-0.0008557127033427175
0.01097955412919907;-0.009865925616874889
0.0090111675222017;-0.005629634514662753
0.0032771895227107924;0.0029947663852096236
-0.002937678763441144;-8.990439718205294e-05
-0.006955652740483984;-0.009423104263435116
-0.007264964772828599;-0.010434498700971736
-0.001969376350274771;-0.005979775529783113
0.007151772376799363;-0.008276437876529381
0.013199297450078326;-0.01585801257843973
0.012200334072081737;-0.016037351189961937
0.007731824430273838;-0.004078703302265155
0.00490960304231086;0.010086750770226072
0.004769401930032867;0.013119213171344377
0.005859681584513818;0.0048989179545518265
0.007235372369267676;0.0007242981995292438
0.007096417791986083;0.009551036475767393
0.0017774295894593796;0.018061837015256595
-0.007937663387075349;0.012563298218808552
-0.013415520427271248;0.0035705980809041054
-0.009747829126262004;0.005195719550889449
-0.00475744438891137;0.00795986983030999
-0.006657265379740736;-0.00041265541591890115
-0.011177688095525903;-0.008247251081279838
-0.0112927004044476;-0.0018364095184370856
-0.009377116742138801;0.008080683147195265
-0.008800347065249394;0.0068766492929848095
-0.005254889048300399;0.0014613532755174228
0.002640085808597018;0.004063897146541737
0.006992389016640665;0.009673973912229471
0.0037479937279554436;0.006818348825539701
-0.0015890376764801225;-0.002854965710642556
-0.006030280964128452;-0.00853742292781511
-0.01207984371342953;-0.006143871886418499
-0.017585857601690635;-0.001338178394789624
-0.01727889226144488;2.9611366045675848e-05
-0.013382297659167243;-0.002511871711171732
-0.012117181735502558;-0.006788463392826062
-0.012285661434212959;-0.009415926186777212
-0.008063431775055046;-0.006116128841118692
-0.0007720825172286158;0.0017904944630998197
0.0013616137890204922;0.004936975660428403
-0.004672579618366872;-0.0008867061176894164
-0.011213062929577078;-0.005193061575970661
-0.009120354515406132;0.0015755167320660108
0.0004184579258305519;0.00960641355759659
0.007359994599426264;0.002953306857663679
0.0067192052545330914;-0.01279797829327189
0.005582764798550125;-0.0164129455167099
0.012113293494916995;-0.005877597610722973
0.022548358503620688;-0.002859094886867122
0.025152638011771762;-0.014001704142711645
0.01520155317755427;-0.016069521062322362
0.0007547819806623851;0.0034861139268685926
-0.008189524625008791;0.020338602376458566
-0.011493892013214988;0.011824471993085641
-0.01413969852632763;-0.005686319498730271
-0.015022471066363004;-0.006797785708228937
-0.010647433676532122;0.0009077152641324176
-0.005166621834245185;-0.002613021047883121
-0.004328820646413189;-0.010368885483863131
-0.0039729307732223745;-0.0047043335925050405
0.0031768106305156865;0.005900875363879181
0.014518650987573802;0.0019026556452202573
0.021974575118373772;-0.010209406404889168
0.022915582466961137;-0.009827493434296756
0.01891516535794423;-3.5862027483482066e-05
0.011446500192454915;-8.493965543626479e-05
0.004175303896576731;-0.00784174745827922
0.0015920176280432494;-0.004850196170118537
0.0022671631550252713;0.005055474505654399
0.0001375737521977125;0.00026715410820278476
-0.006799606870489387;-0.015818968076670437
-0.013689171237423968;-0.017147570959084465
-0.013716572726388033;-0.0020216114497265828
-0.0046634736512525705;0.0036538412862620107
0.006990595893085014;-0.006925510005178942
0.010947168684610691;-0.011176842569095308
0.005586294353351541;0.0014499233508219172
0.0006332344546363564;0.011982654866869795
0.0029361842176319924;0.004913266215029357
0.006372083472232137;-0.007264777294260152
0.0026664091240708216;-0.00624732212020136
-0.004651078564801636;0.0031092113825695374
-0.006380848632147707;0.0036314780228014665
-0.002722223345949234;-0.0052669175490564135
-0.00238053128584152;-0.008630188819304734
-0.008443789665539936;-0.0010351738960784676
-0.01353827637723382;0.006471014455109098
-0.010605375623027036;0.004635478740667659
-0.002049750184072854;-0.0015629506845156371
0.005150777813271831;-0.002169693864587097
0.007642278154458363;0.004047753866847966
0.005648267932155996;0.009694365064750082
0.0005501647177328617;0.00889386605087426
-0.004466257988294875;0.0037169995256952013
-0.005024709025739451;-4.9048615105494793e-05
0.0013657228041756672;-0.0018913313536573079
0.012215343621726106;-0.0058695662766348475
0.01939247663919153;-0.009262913922914331
0.015811990306854536;-0.002380889416303721
0.005144387291275361;0.013394708167214456
-0.001095412124619337;0.021053059445543556
0.0012454727039048908;0.013518675597343427
0.0029569959297980754;0.0073167726463368886
-0.005075130752499368;0.013816191359796889
-0.016919022346632315;0.017000226355923468
-0.01830809167242888;0.0033252524455055356
-0.007516005273657831;-0.008568162794445923
0.00212980999034627;0.0014367141234636056
0.0025281666268272417;0.016930411130383138
3.342536990557651e-06;0.013491592647361621
0.0012773089568103276;0.001944629019881572
0.004015197812269077;0.004523316007427493
0.004598327123559479;0.013082936717958618
0.004197711858542839;0.00964493723551061
0.004654477346010926;0.0020007813244891154
0.004570468496204041;0.0034452286634001857
0.001064697721615282;0.0040371236694573594
-0.005135236468107576;-0.006373086162615856
-0.008189167122507918;-0.012678438297104622
-0.004847303246021856;-0.001133707380022617
-0.0006203638896570027;0.012504926385441689
-0.0019785145336234087;0.008842657359818432
-0.0063913906763938075;-0.0024415843818993243
-0.006547519431136857;-0.0022557561552187214
-0.00119029483728897;0.0045504854156142435
0.0035385297573909944;0.0024559796775534453
0.002229686060458384;-0.004235715050277408
-0.0037693634879563615;-0.0011062009073232024
-0.008568421844799178;0.00849977090004247
-0.007697350353878495;0.009439308501452331
-0.0010035061507674607;0.000317424913648239
0.008073357732461128;-0.00582424897554766
0.014422804091818031;-0.0023304513504748036
0.014727827154653093;0.0030734221954340024
0.010426764894622157;0.002129804131372486
0.005214852774886297;-0.0017301542043519232
0.00045075649505514436;-0.0014819563603344548
-0.004023161767180202;0.00034785245199942124
-0.007386025932263313;-0.002604959739367816
-0.010034240240104629;-0.007308184132595878
-0.014345753892858425;-0.00651629430680781
-0.019406475693133814;-0.0023956969997436287
-0.019645433729297817;-0.0024410602467660235
-0.012463900233427918;-0.006167751038016282
-0.0029102079650493453;-0.007236770991327565
0.002288209801193738;-0.005043123357247889
0.0022890010383770465;-0.004307709497826896
0.0021529321521104295;-0.0060821771531359885
0.007290291916134881;-0.007037043806794544
0.01772543993072292;-0.005274578025806218
0.026151875249968124;-0.0018659646519972942
0.023854038953040987;0.0009404657806488853
0.011062683006945472;0.0012991043644817067
-0.0023718026516577366;-0.00034572994677420653
-0.008993915943467542;-0.0018800019156436033
-0.010292620660612529;-0.002868858969901518
-0.009856630135540076;-0.004770476079170059
-0.008888077438867045;-0.007326135184905339
-0.009177042169285611;-0.007145748870017809
-0.011162914925771084;-0.0032104576744192287
-0.010542342267566956;-0.0030908230692136968
-0.004919757653986702;-0.013732755409104786
0.0008430626926076426;-0.024823113757621824
0.0021375381503195177;-0.02005813190339656
0.00037009197310406826;-0.006795434017564688
-0.0019104616221138177;-0.007294660651738223
-0.0027833991645742277;-0.01883597608160246
0.0014356460503915532;-0.01618165884044956
0.009914184514641124;0.002450577414157335
0.01275313728810094;0.008352566188395317
0.00512223123279918;-0.008190331197683066
-0.000266938845994197;-0.017231257935158336
0.00984071947620303;0.0009614899744923922
0.02621673209390085;0.01983170296110349
0.028949003712755557;0.012307875044685125
0.016099738469684974;-0.0024030606836454916
0.0021297736763769767;0.001731230701370248
-0.005433241766389748;0.008527607764383676
-0.009889430100058333;-0.004123493093306641
-0.012734149774238333;-0.016448202686498062
-0.012412832232074407;-0.0031173242447839404
-0.010352404229120182;0.01716576170874796
-0.008113656580391716;0.014951084183272038
-0.003801099820611816;0.00235081414026027
0.0025514097067291437;0.007341091484235246
0.005993637490895876;0.021850945335321552
0.00402859196771252;0.019557852046088658
0.001180297371144335;0.005377010675511249
0.0015818401509331624;0.004137613095317304
0.0031341277375439283;0.014143880556060544
0.0037219231922571254;0.012727356002626977
0.0057150104988045215;-0.0016609518890699463
0.00881326217392161;-0.008893837126333308
0.007187470881201865;-0.0019071288280639918
0.00026607096483029555;0.00668410339667668
-0.0028501950476304497;0.008102765116556075
0.0025853412275530082;0.006380568400113957
0.007022953997457626;0.005396011885772409
-0.0005038735387785148;0.0021892596514030667
-0.015729515177193575;-0.0039626897281389555
-0.024258614904447605;-0.006336137596735808
-0.019954095830662596;-0.0010788946580059606
-0.010393038801992417;0.004279568096907185
-0.005353248673013348;0.0009546616942858084
-0.006615105446609002;-0.007224912595974034
-0.009337208394794523;-0.009311261880723693
-0.008203352761179807;-0.003397995970052819
-0.0013150234282427937;0.0021982075129117003
0.008111605534783633;0.0018022392677510635
0.013044459569775966;-0.002164994914940503
0.008800989346140245;-0.004811133313075693
-0.0007638880620831442;-0.0036842227912747168
-0.005570333553221975;-0.00044014988074786004
-5.892888206781483e-05;0.00019735194464652335
0.009542672878512199;-0.0030273997159429127
0.011940511019833726;-0.004951088564812111
0.004530919331956417;-0.003135830036330689
-0.004081951519923746;-0.0026927496460830568
-0.006487847935135638;-0.004102114382498674
-0.005892090713365699;0.0023968840890653794
-0.009306376120303595;0.01737418301025384
-0.016117982629809093;0.021022724657550732
-0.019590013405033867;0.0026226706529228552
-0.016934954571062956;-0.01411571000208957
-0.011613015673050606;-0.005958121471457865
-0.006970192363101082;0.008810249347229007
-0.0028520027534907895;0.004946034573173374
0.0015614006911004044;-0.0009103608237298228
0.005362479148502501;0.012757184607337138
0.007937231090133393;0.021491431609600656
0.01133451005811824;0.0013356402690254878
0.01747723180481575;-0.0156855161255566
0.023788217235025475;0.0023764835971930814
0.025121060290012567;0.02292767771863472
0.019542613898229082;0.006233893331333
0.010450739603335205;-0.021622915346346878
0.003870058183003212;-0.01695146341679505
0.002474695380904412;0.006226842054764267
0.0021509022046147966;0.008712452367646287
-0.0016658518278157507;-0.005314765170267629
-0.006748515962197278;-0.006895847868351275
-0.008628716628492336;0.0021451912653951276
-0.007415962991051489;0.0012062134246275693
-0.005254848754553341;-0.006089639629916624
-0.0030666771384015995;-0.002904988912577336
-0.002191788435565722;0.006090946721460125
-0.00331846059524749;0.00476891073731158
-0.0039952635926012925;-0.004964330740079946
-0.0018479776310203896;-0.008847559396984728
0.0019399917723653373;-0.004317748721713369
0.005163141554022497;-0.0012053594184632235
0.007236573488673661;-0.004154108939952693
0.007936353795089309;-0.006319933311642644
0.0070757388436533345;-0.0006834005648351434
0.006149496587606885;0.009498767384071318
0.007077690883836629;0.014916148136816021
0.008780330131902622;0.011005110586734836
0.008244510502629082;0.0010644820615487367
0.005707672417339948;-0.008033541427724897
0.004631615536110218;-0.010419811055813391
0.005105492133878429;-0.005832480226795198
0.0027274365243346223;-0.0009426360015727209
-0.0035131285741334655;-0.00041603893845162205
-0.008301553462961473;0.0001612216439100854
-0.007715271408681464;0.0037126343338982643
-0.0043809606071277644;0.0029666248627624337
-0.0031576182577813393;-0.00513264043612146
-0.005836876707698648;-0.009122930992661253
-0.009905231810781586;-0.0011560099001011327
-0.009886724709246321;0.009020475356425119
-0.0024969053397294115;0.01041668437520098
0.0075726560142473885;0.006368052672222913
0.011343146856046765;0.004427046071408295
0.006798519520971841;0.00392056068656849
0.0010220325124621398;0.0014833209926702591
-0.00031521138784779655;0.0006909357256370155
0.0005056437383348025;0.007829271409104416
-0.0014049639470017103;0.017644558439581765
-0.006349232989802459;0.013358695187617191
-0.010030035463243742;-0.0073216015119516534
-0.010000010005887875;-0.01942784217493567
-0.009630622292792837;-0.007724769436902617
-0.012547054544213123;0.0028758491008228186
-0.01653496353669548;-0.010355788967197231
-0.01749302239878796;-0.02286474385085614
-0.015109779432431003;-0.007093510892803425
-0.010965352700805907;0.01226488217869037
-0.00584641462404811;0.0019761105834110934
-0.0013015825589904669;-0.01779011692184134
0.0005851060971117148;-0.012173368836888016
0.00029754745588486946;0.004744415719816824
0.0006005697993488915;0.0006739345543182252
0.0029550552089261644;-0.014843152961869607
0.006119778693569317;-0.013689107407424152
0.007956244547035854;-0.0029118155675243677
0.007919113344134462;-0.006632163323069282
0.00791084788730956;-0.01800031367533493
0.009964763016811592;-0.013665240026190184
0.012670896756683633;0.0010152651711741103
0.011498029995125746;0.001300624872550644
0.00443025221875864;-0.012366697627305169
-0.004202356949338959;-0.014446902805681746
-0.00878963159823776;0.0025400277660351752
-0.00988123294205415;0.015260538556520802
-0.01156959210311315;0.007964399858802722
-0.012754659744384162;-0.00237862421065214
-0.008244642067218422;0.003085531962985196
0.0008936628354888605;0.012511706383934371
0.006874190794788579;0.007030179000582232
0.008347337578880176;-0.005045319699546271
0.013917105286657367;-0.006472786308116499
0.026652427475906758;-0.0019568194552000116
0.03616228081179531;-0.003459258798730912
0.032954850648772356;-0.005607196733593681
0.019847548166558843;0.0004951246686652326
0.004499242046763662;0.007051398555457875
-0.008737535557303989;0.003299309812090177
-0.017189514410714795;-0.004343504337149153
-0.01904253744087598;-0.0035520019957382435
-0.01603229407619797;0.002470919701843151
-0.012890425748611193;0.0016517407902203356
-0.013224223200550759;-0.005695186122538816
-0.015577042701646272;-0.008311834395141883
-0.013938846575311487;-0.0029982682492042364
-0.00545143665866249;0.001895782527270977
0.0038572330277010713;0.0008935399791151692
0.0065812697738660796;-0.0021283459725787127
0.0036655113819271546;-0.002265895175441751
0.00034466227220133225;0.0002615471473833863
-0.0009571763742977798;0.0025723004922301603
0.001686231713187027;0.002322837334870514
0.009344679690650613;0.00029298840511687813
0.01623459242603535;0.0017887764424640955
0.014415888254796411;0.009538213598393774
0.005087662439303342;0.015087989842215967
-0.0032835993055196633;0.008451511359472863
-0.0065200894341929;-0.0018076905822569547
-0.007575618610086187;0.005426154080663592
-0.009334493662326818;0.02931134881229102
-0.010642651304081497;0.039402290413232496
-0.009665483704917278;0.02091077361458642
-0.00671773043468401;0.002729737924469703
-0.0034418194564232716;0.01122446161436974
-0.0013210076346378678;0.02538563524872688
0.00012926541261933707;0.017159537128001008
0.0033487104896969184;0.0038597250569885663
0.008232615181223318;0.01251561853062939
0.010216417443473107;0.024428425550352767
0.0066381727289580835;0.009398038579549612
0.0014558447866544004;-0.01380529607776482
-0.0003099680605820177;-0.008267143924510646
0.0005205840175990851;0.014776307787121148
-0.0006146689681360429;0.017580803890910213
-0.004940474366791701;0.0016077398810576391
-0.008090042418907427;-0.0037672385829995154
-0.005903067782552811;0.001800486378801592
-0.0010354531973467709;-0.003436901789422218
0.0004336233715205292;-0.015386057264989149
-0.0011159686337898337;-0.011408773962718015
0.0006558087344997831;0.004361092590176983
0.0065496019976683546;0.005819406873352877
0.009354556109071334;-0.009024589200639206
0.005083448925405311;-0.014818277857276015
-0.0015090102987782381;-0.003612772054169509
-0.005039174125456211;0.001861108006010491
-0.005899327206687233;-0.010384150961285001
-0.005918186955447619;-0.018427377353255694
-0.003826631213903651;-0.004441389840515313
0.0014041806490537527;0.01176075913296512
0.007437598685144741;0.00537494725001945
0.011975791627448037;-0.01031906783093189
0.014571464945325312;-0.007470859936816804
0.01321515843705524;0.006452837334892318
0.005784626761251252;0.0003702866855950199
-0.0035784579645159816;-0.02477387292306534
-0.006782060678422882;-0.033134115666308035
-0.0017425501726606792;-0.014757846604577466
0.0047531091366041145;-0.005761195274647011
0.0038349610685815445;-0.02562062460366273
-0.006508677342872277;-0.040072420715390855
-0.0169214917593661;-0.021434393493313768
-0.014340153174201347;2.523481970212516e-05
0.0019148199254113033;-0.010582381974427988
0.017040130259020052;-0.03101147563453979
0.01804701211669589;-0.023355577745621876
0.008353974378619781;0.00013022523577671462
0.0006865817811665412;0.004480044072570481
0.0007023628537861523;-0.005693525492285926
0.0031014440466729243;-0.00261569745887782
0.0008857777912521981;0.010048151920935644
-0.006684221437297536;0.007540584232673282
-0.013816700171664002;-0.007476220682813915
-0.013349408676258319;-0.009969312968231532
-0.005288502010827413;0.002638170376524723
0.0005940498385035266;0.007528428395636124
-0.0029200864378877175;-0.002797741628430633
-0.009150399997939722;-0.008454887774614651
-0.007405566440542219;0.0020928298018106557
0.0006983135979919562;0.01189386635447577
0.004500171174821979;0.006446900282194879
-2.7518774132238523e-05;-0.00041553318167776056
-0.00667959985015744;0.006190253736668549
-0.009150866822082746;0.013577578194410068
-0.006828023609880139;0.0074233127618327606
-0.0013017967613007757;0.0012414305143289568
0.004866511385720662;0.009719563476155877
0.006980868931263864;0.018526312913493066
0.003695700668393871;0.01193054947402653
0.000733119239271713;0.004208547925918977
0.0027931533531115153;0.012360176578197641
0.007429048893194266;0.02287438344701356
0.010593675648651286;0.016525747213840213
0.011096412486470145;0.0037089265757886767
0.008848446445181266;0.004885079806251082
0.004626034428750477;0.014680876248695279
0.00021214377607959697;0.014598555727688853
-0.003806555388885598;0.006527051169428155
-0.007904460633506267;0.00594520241609009
-0.011417495274849143;0.012568910402741742
-0.01254896627485976;0.012499379353925233
-0.009874089836874883;0.0029269204204656275
-0.00452046541358807;-0.004953841581637074
-0.0015046736300557042;-0.004367869037391304
-0.004558556184968673;-0.0006185435927299031
-0.008738683371091908;-0.00066616108712444
-0.0053343384370498495;-0.0033231381462117938
0.0048608357909609;-0.002975805105734387
0.011735834949451629;0.0002276638057173324
0.010033062720242606;0.00031717879807879087
0.004588454504852347;-0.003728233379186521
0.0009968711772438792;-0.005802110572914999
-0.001168604276222036;-0.0036675376357445475
-0.004878347494033694;-0.0022218344894677734
-0.009958039690651135;-0.0033855945792252156
-0.012055122371203644;-0.002926689845233034
-0.007304075682284995;0.0001516568212490395
0.0016631840910512575;0.00011394659371152894
0.006638157248165183;-0.005776040202272372
0.0027843947259176783;-0.01031588065328292
-0.005041563420747723;-0.005376249270045739
-0.008170553797754875;0.004842529983906982
-0.005633275943824708;0.008254757993997868
-0.004191029884176757;0.002731580047926756
-0.006386875026725751;-0.0017246033058317231
-0.006600725444885206;-0.0007791873823101748
-0.0007403950157653647;-0.0021112759483713052
0.00826160740977965;-0.009634897447921235
0.016343597815602694;-0.015606153599664658
0.022768837552584062;-0.013913991059987446
0.026667668350512867;-0.008249475034736107
0.02432531636553511;-0.003117732948921165
0.01392135887715923;0.0014704942977849854
0.0011208419449071643;0.004374435081359915
-0.005087947321070454;0.0020740274467317393
-0.0034683930218074215;-0.005249833997947559
-0.002580087196372302;-0.010798635617884971
-0.00816776590110879;-0.007213602533588919
-0.013745886296592172;0.0017757416782167932
-0.010353351218392952;0.002233343880078583
-0.0013401986094368908;-0.0072123488640428385
0.001178215257118427;-0.0068115007380895615
-0.006684990167072769;0.010555181323834675
-0.0146667652278655;0.01843906687730072
-0.01138301070499684;0.0006607350950293873
0.0014772241022341752;-0.012275463135200504
0.011905105823289484;0.006057918498035119
0.012565006214020178;0.024744494203003904
0.008380454327028332;0.00799871730719446
0.007794834512867738;-0.017038823867143692
0.011123787790624215;-0.009094674500018744
0.012650327829141753;0.011456190052267695
0.009907139431446204;0.004727268530826592
0.0042554795446690975;-0.013424685767399873
-0.002473412973162305;-0.007453667488962834
-0.006487893578804911;0.009218870023250777
-0.0044761384657691266;0.005588618927825059
-0.0005547717417700951;-0.007461671723660934
-0.00188457588736122;-0.004198082866316803
-0.006821618341974485;0.006532835747529812
-0.00757101431347639;0.00414737921205593
-0.003555065341501229;-0.003928014268611041
-0.0008881569994945478;-0.0012890963024299626
-8.675416551500448e-05;0.005993689284137833
0.00394257070534526;0.004840897994521092
0.010864740920989387;-0.00018336386137372286
0.014391603932198961;0.0005410836369832501
0.011863319930896423;0.002468295477870857
0.0065414329791631375;-0.0016701348496806331
0.0013818648676468834;-0.005952148667788723
-0.0035020420689969123;-0.0033559613721451625
-0.007632001174051891;-0.0009333723502678712
-0.00997707656331253;-0.0060253467634194926
-0.012015440896024654;-0.009701044122634485
-0.015294680063157625;-0.001983896374478528
-0.0171509634800585;0.008993471618253885
-0.014954026339644546;0.010571544150158874
-0.01132456727663927;0.005528693812721351
-0.00939537581055226;0.004111067422392677
-0.007812641813261264;0.007489000289842224
-0.0050313614608158705;0.008793208128442444
-0.0032161920820519955;0.003766571531172141
-0.004246750208548343;-0.0035551368213885596
-0.005395856035496318;-0.004632115437093222
-0.0010995751184160148;0.0025884770482634467
0.011313608315445615;0.009030053072373726
0.026401560729814307;0.006134989045916359
0.032285593125427725;-0.0011242507155261262
0.022338746290224788;-0.0005853950357635794
0.0046454503436307425;0.009212197262473562
-0.006150630043512116;0.016362772823875188
-0.005441120832620912;0.011921296268419779
-0.0009443600094193854;0.0005893027086945773
-0.0006827866799291999;-0.007036849615175843
-0.005290728814453894;-0.006142895963185135
-0.01106056297249716;0.00010392452012923561
-0.015460868467976532;0.004939167528284732
-0.01843623702057799;0.003701782134697033
-0.02019148956491329;-0.0015649745897966928
-0.02005744218597705;-0.004532460061203691
-0.01716648191927717;-0.0035833204502809784
-0.009633872108857884;-0.0036984618913622545
0.0046442853347499645;-0.007874490853889117
0.021927468599891045;-0.012828393944011203
0.031928039488598944;-0.013391768737084449
0.029627288158230188;-0.0076054981592063075
0.022011175370960017;-0.0012521434299925908
0.016671463455703243;-0.005223927052646378
0.01187318577441543;-0.018362848855740455
0.004175595315940009;-0.022081032910799596
-0.0040621689498991425;-0.009120898856844806
-0.010123935436262195;-0.00031349433055927097
-0.013951701433020417;-0.008532267850703915
-0.013861256353167137;-0.012263051045869902
-0.00890442273935389;0.0040694281518559175
-0.0035924145259020905;0.016724619811713404
-0.0019295119552260069;0.004483524018011019
-0.0019990580422235317;-0.01207195318125601
-0.0025846568814487385;-0.008181600687833981
-0.006456410019032981;0.0029928085386086442
-0.011753609788275362;-0.00031325099582876445
-0.01086243170316476;-0.00833087646209653
-0.0033542284555761813;-0.002568783005829256
0.0013559410323663139;0.0076968135444161956
-0.0005023207637189989;0.005210657076337371
-0.0007461644147170168;-0.0015646680529916327
0.006463153704884218;0.0033404789825528737
0.014927389518488791;0.012087907686326919
0.015809939131753818;0.009642903581179155
0.008956982964906159;0.002020856483675915
0.0014449961394785804;0.0016629071283597431
-0.0008288506902506763;0.0044655194198429445
0.002250166081421978;0.0033608413378971753
0.00702016077762684;0.0033622078327525365
0.009908218333028537;0.006217980833553675
0.00895622347636195;0.003784057445103321
0.004417010939676596;-0.0022697372458976997
-0.0009369657481395917;3.8976052637908735e-05
-0.0038320217717396376;0.007965278672947107
-0.0026911836592934868;0.005715751921756614
0.0021481078580403924;-0.005302107616930891
0.007754644234796506;-0.00563458946871537
0.009315305219309091;0.007891952989090454
0.005267596469839529;0.014409845085742915
-0.00041626822316184303;0.004017516022566936
-0.003948009234216583;-0.005913839910167139
-0.006063494241447702;-0.001246072651531362
-0.008297537707906697;0.006838496273540966
-0.008984930109206916;0.004217914521676982
-0.0057039882544303215;-0.0029640324224709234
0.00026655643783449223;-0.0019792368515685796
0.0038372462060685918;0.0052215030623498256
0.000920226652557198;0.007483192047172303
-0.006124370396000823;0.0022716454758514404
-0.009021078623694183;-0.0019690178923369656
-0.0027287503569707184;0.001235033686225165
0.006624428633757537;0.007352586317906338
0.00822869575409822;0.007991968940994309
0.0008930882188692694;0.004224062892831183
-0.005860389229199861;0.0034993962936499057
-0.00580698498849952;0.0033018872985877113
-0.0036977146198831526;-0.005687983021752631
-0.005644378748421665;-0.01727108558906508
-0.008539396351790192;-0.013504323105320041
-0.005665960043848391;0.004078699093631145
0.001608614334519471;0.012902783269997336
0.006045135192153788;0.004001198152351038
0.006062042701756242;-0.006641576152548182
0.006684106742360571;-0.00489140111934296
0.009522579426000958;0.003944994149809798
0.009053502965933128;0.007816301186560333
0.0003983269307925807;0.0046094843028165935
-0.013191107678369346;0.0004809239422091297
-0.022367056296993596;-0.0024581592787897965
-0.020477568418497568;-0.008316771010275243
-0.010259133968028479;-0.017244505177112533
-0.0013346890722887312;-0.022243266682501234
0.00028402092181720434;-0.01888119279011727
-0.0010732327154902715;-0.010929452266568654
0.0023058463172207274;-0.004666031595682228
0.010102985520045607;-0.0032538934452182615
0.01513129549044121;-0.00637889006662375
0.013764969404364572;-0.009856346832650765
0.009091915159849754;-0.0072557474150008305
0.004798029884864177;0.0015010776002047077
0.0006036353603510327;0.005589022777582793
-0.005312354429993597;-0.003413949009395686
-0.011623720932102172;-0.015621586712098902
-0.014141997913405403;-0.01404023600422666
-0.010507807473359066;-0.0021028943476916148
-0.002793002807035182;1.6340652494063655e-05
0.004101734347286811;-0.007901277873991242
0.0059236717257539736;-0.0011445765226068716
0.0018504058916839672;0.022832623105618944
-0.00503093557295197;0.02865812826138181
-0.009404532848739648;0.0038547868432421326
-0.008048383124587409;-0.008781700909809186
-0.004691402690138714;0.016156489940674066
-0.006639937152351681;0.03426355025201081
-0.013490176936039893;0.009551819993870843
-0.015578421388088032;-0.014570837815788858
-0.00793748319930999;0.0073334357064291705
0.0025085114710595336;0.036555376291170324
0.009173308351432924;0.02039064654535313
0.015088043931198766;-0.01176422585126564
0.022770521843887472;-0.006150832249582839
0.025812892846694947;0.017479709565151175
0.01925076372709405;0.010170317680465758
0.009074345309369373;-0.013861991258654168
0.003956867645339625;-0.010094715393047073
0.0041884565816901875;0.012412176417654113
0.0037891733723433726;0.013002287345023171
-0.0002870762435286848;-0.006535702809040698
-0.004312954310290775;-0.01228524682646061
-0.00277385942463055;0.0003972886157714203
0.004057887024136483;0.007803852468314517
0.009656913057584733;0.004831367048225552
0.009618698860504786;0.007039789128881833
0.00743680390111898;0.01386532790792654
0.007780262262418012;0.007936246930299094
0.0077622942570161725;-0.008573916087769355
0.003039979857945588;-0.010154297173431774
-0.00128036565113372;0.009042124583119432
0.0019869615968349332;0.017861725946660544
0.007645308718316616;-0.003409393718959793
0.00601511907308163;-0.025496697589445113
0.0006064720182368326;-0.017421597252869243
0.0010060730715263633;-0.001406600734482365
0.004081186751983618;-0.011524705657651362
0.0001614106014500453;-0.029761891569236053
-0.008077321562988047;-0.02145484644147716
-0.009716982259613123;-0.0022713156911400396
-0.003854545219467907;-0.007347473951909534
-0.0002322505292820627;-0.02308673184910844
-0.004029235749346748;-0.012947937901559589
-0.009409576515335038;0.013018384577044661
-0.008902278945467567;0.014975277593625744
-0.003660089128241015;-0.0073550732273317595
-0.0011363142407273842;-0.016258099160448493
-0.005255956293305567;0.0010615424545252893
-0.012652058372598854;0.01640164016661348
-0.017180135032988614;0.009514014441281325
-0.01539082959686302;-0.00320950789583874
-0.008948118059934524;-0.0014497957476129998
-0.0033175666647719568;0.006453328321465122
-0.002720881501202157;0.004787774860489383
-0.006128880133509246;0.0007014308374146454
-0.00962200238195759;0.006349491970179415
-0.01117123110105278;0.012224045453363393
-0.011326778636494405;0.006931874273818823
-0.011505670418809262;0.0012967593216586114
-0.012223892962380408;0.0055305277659873
-0.010809480805936572;0.007467107248022046
-0.003862644309163906;-0.0021597673103547804
0.005689585682580524;-0.010004868303630557
0.01080690457958428;-0.006318042003532778
0.011091441994063604;-0.0027270284933915132
0.012046013835241448;-0.007152045470844645
0.013992537622609273;-0.009279459843609995
0.012100052609320436;-0.0038115235754910336
0.006262549457772323;-0.0008824806280517525
0.001563253083202771;-0.004740061473915622
0.00027221403364729513;-0.006509790868134192
0.0004436622364248269;-0.002538151352516604
-0.00032089406603105406;0.0004975133070807925
-0.004065917675636118;0.0001849088481358358
-0.009859532170337498;0.0012720736771280653
-0.01128204051276602;0.002886345493413255
-0.005095236790226077;-0.002190755087159974
0.001399331523189634;-0.011357384055786195
0.002159059409543284;-0.009948639260233096
0.003464720390189941;0.005481160849489617
0.011692386160826703;0.016292173810131923
0.02038082941551424;0.008183789237730768
0.02151129904798153;-0.006278671886667272
0.01940836014060859;-0.008201909359327705
0.02127008751973312;-0.0005072262591070353
0.023195495490071112;0.0029659650014947007
0.017924522771979732;0.003087393209132494
0.008206918884994993;0.009813445210109779
0.0004299522394368263;0.019383165181692554
-0.007171129591735104;0.01773035289580439
-0.017779679724673335;0.005242843137925452
-0.024900224459991536;-0.000849231482554106
-0.020669433936531947;0.006603140420591283
-0.009610174385870638;0.013326825642101511
-0.0027093605004878596;0.007870885070297963
-0.0023362224121809168;-0.0012113137223579403
-0.002356916172810966;-0.0031269573918317555
0.000608826361182644;-0.0012385894864221335
0.003798936949268867;-0.0011961246467750276
0.004457468116473315;0.00020391245081032017
0.0038003741170968574;0.004856163807229614
0.003982700037056303;0.0056616191394382774
0.004450811621411428;-0.0021850934239098126
0.0039568638902614675;-0.0111896603331057
0.0035334569062804386;-0.011441041106700151
0.0034719052777599916;-0.005229394434685444
0.0007476987787702204;-0.0028596695542006073
-0.005797352681608745;-0.006691906234452721
-0.012048926848708407;-0.009161298613264488
-0.014508593907288737;-0.0065534082092972
-0.01431458773354258;-0.004318691833851474
-0.012570386342223227;-0.0057777690747883035
-0.007824685697073282;-0.005960155869455406
-0.0005320727152903058;-0.0018140956822065744
0.005575586253875775;0.001538146392192981
0.008310576504312758;0.0005798543633731988
0.009233625797624656;-0.0005794787735706973
0.01016015418538446;0.00048550971211211013
0.010153410538418737;-0.00016204220136548702
0.0072115124613093325;-0.003069149380244452
0.001764103333335455;-0.0027312135118937866
-0.003090317666854281;0.001052228529888959
-0.004827136426278315;0.0021517847190431452
-0.003879798380074518;0.0006850473856545536
-0.0022904039717404766;0.0018448550008913264
-0.000663732062484148;0.002626813228148115
0.001863432427370535;-0.002830995669414083
0.004390475010216593;-0.007563776337101414
0.003550038142849351;-0.0015171594133744813
-0.00216282863610242;0.007968318439716184
-0.008610449217689685;0.006852903631952881
-0.00914157937398728;-0.0009110402496247641
-0.0026294391474728242;-0.0010335311126101158
0.0038969742529108144;0.005454520952698768
0.003338697472790713;0.006011825042402873
-0.0023520092974902013;0.000565065928364254
-0.004959505788312512;-0.0016560871914984624
-0.0019228302532517032;-0.003978975244767384
0.00010537182876237934;-0.01209649701118387
-0.0030540238875004563;-0.009261715050658637
-0.004643279526897295;0.018580440709577206
0.002789702521713734;0.04250190820223925
0.013990773918305475;0.027723703223973856
0.016137170204172317;-0.0013378088905033666
0.005712778298056001;0.0034697290089223155
-0.006820024770067974;0.028887239531642513
-0.011098330393829806;0.02406929208724117
-0.009430455736842062;-0.004986111417783121
-0.010150134776345965;-0.0061537276979221
-0.014276726492864617;0.021304863348584762
-0.016448932323002208;0.02377647683995104
-0.014616463767478537;-0.008992252210519506
-0.011517180652841233;-0.024119947912630894
-0.009378403195279586;0.0002669136748705743
-0.0075395124815340435;0.015428509925540148
-0.003971676174470378;-0.012143273181826949
0.0014955302613331256;-0.041512064706045924
0.005565524689975477;-0.030478969712468496
0.005697966613417699;-0.008414395836778865
0.00445902505107328;-0.016365368036537924
0.005226646230490457;-0.02970667466686845
0.007012515142967914;-0.010404661112281955
0.008677191275888747;0.014380825197826174
0.012105827606935847;0.002120929737130447
0.01607402716931821;-0.0219795170039634
0.015564108716180502;-0.010424766595575652
0.011030797483276086;0.017868581866523237
0.00805000229437669;0.013383128595713084
0.006335355716540975;-0.01330421260098934
0.0009747039393583491;-0.013343825864612724
-0.006056645818648281;0.013187861026745433
-0.008167738129068802;0.021409423195753337
-0.0054432115783067374;-0.0012904170384831703
-0.002534809397807154;-0.019860619458985394
-0.0006510638982348964;-0.011205477494117289
0.0001712010096725795;0.004379621151618588
-0.0005868937504855712;0.0012140822191966851
0.0015055221963179738;-0.012086626808772167
0.012457628172454082;-0.011191329035479099
0.02845775887441348;0.0025020343573079243
0.036991362680800506;0.006968584954102231
0.03093857483750076;-0.00028113451014119886
0.016144696797906248;-0.0006009700234591047
0.003833354380936072;0.007193183473636295
-0.001519051403373959;0.00403764763411296
-0.0038054912663372247;-0.010499247084263587
-0.007065350693418872;-0.014391902803210127
-0.0115378611762228;-0.0018590405228237584
-0.015688552324002944;0.007932740202171914
-0.0163460525993693;0.0042920670356162765
-0.011650913176106923;-0.0004942435728301469
-0.0070074710673007886;0.004972033677890715
-0.00875117110823281;0.01367471572444376
-0.011824644000320092;0.013814397014997096
-0.007146350946960378;0.005434894553227585
0.0010247814279361496;-0.0039222819708783965
0.0011639081285971797;-0.009457396700120786
-0.005723420401895547;-0.009420093193567087
-0.00922706732349851;-0.005042483159230493
-0.006943312521148875;-0.00407037751074583
-0.0028450453488045296;-0.012373396500503843
0.003298448830802031;-0.019206025348287564
0.010643881673051817;-0.008911442092682893
0.011341018124767899;0.009889289149108704
0.00148634394897797;0.013106351805332747
-0.010423976894475771;0.0015079123545653048
-0.013738907228924938;-0.0014328046842252788
-0.00827946580178199;0.007769159283611214
-0.002084039051905004;0.010015906126838
-0.0005624813048722311;0.0018977945098726978
-0.0018676315950736113;8.869141244276861e-05
-0.0022683915440407914;0.009662972097215472
-0.002531811301603046;0.0168675098443959
-0.005645674299269499;0.012340320207899264
-0.009564205197332261;0.003037043514517051
-0.00803104393121609;0.00017758635128866786
0.00042962537598201624;0.004302883315060975
0.009995102579149292;0.006330929693620596
0.014359850075599074;0.0024180446136832074
0.011282864115355229;0.0005165008682922049
0.002120321531386663;0.006356792101025467
-0.0087004009490441;0.01137801924476115
-0.015169178659633221;0.005621551589229702
-0.013818247095682345;-0.004653783576175007
-0.007493778351160792;-0.006471124121835273
-0.0036696739339980348;-0.001503460331790079
-0.00597978006166771;-0.0007215218251050548
-0.009189686898017442;-0.0025973921515009693
-0.006807890227440959;0.0019761191847372937
-0.0001741722074430928;0.007410605717029892
0.005151818171270766;0.001489714173226933
0.007905830548675786;-0.009244738855931533
0.010326156022521231;-0.010449857407927437
0.01172615075625024;-0.007984241323267917
0.008763050224720724;-0.012700990945651752
0.0017045689690315896;-0.011338251834644974
-0.004424840442144139;0.0076610043296469164
-0.005837108276116116;0.019295018631279293
-0.0037972999402711145;0.0018928367795271535
-0.0020663354795841197;-0.014459961162773398
-0.003246468656536365;0.0030409179780149617
-0.007352798098059206;0.025302269187329012
-0.011364096098951063;0.011821978355910054
-0.010635511828500168;-0.010918880748694565
-0.003471147094084196;0.003937837971814447
0.005717285257102336;0.0340314822870285
0.010717199147995243;0.02560178803511633
0.01117007578015705;-0.008584142961285096
0.012111892703153876;-0.011602075406355793
0.0157854358256994;0.018269619758746757
0.018723408916528978;0.029590518116597908
0.017075138273184427;0.008202960090193692
0.010856514227434614;-0.006836248368893941
0.003441296850619364;0.0013600490112527842
-0.0011478076216527423;0.0014507868293280781
-0.001391287177941078;-0.02126390712954637
0.0008190717595023816;-0.032100682063092856
0.0023360359480926996;-0.010552568857817322
0.0011022321997631933;0.005875979753686035
-0.002300279774127413;-0.01315261940190558
-0.004559325718967919;-0.03205656409114485
-0.003320146497932468;-0.013344661307354773
-0.0007230750794917494;0.009689490082278113
-2.4004796421804905e-05;-0.007669893604785943
-0.00025743738880555357;-0.037610529871886886
0.0016994682980143898;-0.029133953597354423
0.005750029839013399;0.0021300774542426892
0.009080945695126439;0.006315454475032136
0.010433765613604547;-0.015006243819346097
0.010388584891033033;-0.021125902890187356
0.007784996409056211;-0.003792004776883378
7.133440677195639e-05;0.007862370934274903
-0.010883419995107734;0.00045238229209973023
-0.01773689631217869;-0.007797378520173374
-0.01574228633576548;-0.003271191173661894
-0.008630942823638283;0.003003870958670861
-0.003926717167528714;0.00034397863757656613
-0.004154530825376159;-0.0013125442508894252
-0.004217053412110485;0.007925949168641507
0.0016468064773257991;0.01613329659328724
0.011190879210517238;0.009502654814094154
0.016479473457238873;-0.0007057331904346566
0.014135734516872904;0.003966934673634516
0.007688418508138564;0.01603133901413502
0.0020112264784966772;0.01509925908131571
0.0008973986882679917;0.004288412253376391
0.005457802530468073;0.002361690750724322
0.010718040116223395;0.008196760582139072
0.00991945220217582;0.005575590264108141
0.0038003069500105184;-0.00435425095894479
-0.001400328152918336;-0.006287413737683896
-0.004137726475659368;0.0008001465814617815
-0.008046635851922064;0.00544626397114196
-0.014294028748029222;0.005932877063888398
-0.02011339607401863;0.006937264966081376
-0.022529383899125018;0.004097169869315418
-0.020288449264214924;-0.0056551476386076625
-0.016127225755251422;-0.010639428814731323
-0.016006644560832135;-0.002016654327031282
-0.019627343505114116;0.009128454741208544
-0.01699398737479146;0.009221998507177696
-0.00322709456800625;0.0014426845948049387
0.010746630002597839;-0.005004792053609847
0.012072092676241286;-0.00876939284397206
0.003541952344145047;-0.009704153660232162
-0.0011856090892508405;-0.00415146139320372
0.004892668998157375;0.004517742226167672
0.01561715196789708;0.005429622917674573
0.02094032985570437;-0.0023531575689967363
0.018359188561963214;-0.006129707895141353
0.012774272156605026;0.0008319913888008869
0.007630825122626842;0.010069602186984742
0.002216757115150062;0.01283174134694246
-0.0031955012038582978;0.011145079372136676
-0.0066768258566869305;0.010744159503047603
-0.00833998398150617;0.012873476351827146
-0.008597712609437539;0.01437815282206419
-0.005864660639343504;0.011114555628290947
-0.001783329633436278;0.003495119477975684
-0.002701065387567879;-0.0015519898834685992
-0.009581005373091037;3.035710143679199e-05
-0.014351359832545074;0.002210508366182785
-0.012099194427336396;-0.0011303159570237302
-0.00747720667891757;-0.005835364820916177
-0.004955618501598001;-0.00547352534160116
-0.0028090614089679063;-0.002812779729483778
0.0011990511374642544;-0.005818994448871202
0.006637831146021709;-0.01568195927810937
0.012496894841937889;-0.02411038807751857
0.016752256878058237;-0.023545898643087933
0.01614449362503122;-0.016254110252148988
0.01014128296593101;-0.009039905586119041
0.003171636233391014;-0.003749317336637688
0.0003667543154431783;0.0002564096785082428
0.0012467571603205364;9.045173799924017e-05
-0.00022310483567232348;-0.005740782636349878
-0.007519113369995823;-0.010867968053399742
-0.015373297751144878;-0.007817640364178398
-0.014830534798665916;0.0006830306679854998
-0.0044671669599587625;0.004841738368031501
0.006332741445294697;0.0018115339899258667
0.007982480934148696;-0.0020880273499085016
0.0021541272214314834;-0.0030727859865521826
-0.002364845557896237;-0.0034821066718977
-0.002145577768694932;-0.004287772403348578
-0.000761281217688942;-0.004216501257890715
-0.001140982317309953;-0.004726345493668072
-0.0024076050106011013;-0.007770234319140644
-0.002956287140689306;-0.009392440525744094
-0.003711047946937943;-0.0021079455973465697
-0.006704587747111548;0.01140524475946309
-0.009477286427463186;0.014396917749505094
-0.00597511540137712;0.0005864284445663645
0.0027068918882897355;-0.008664966559329456
0.00642705403946447;0.0028970169161143507
0.001431073089405887;0.014617347529752842
-0.0018267738581004458;0.005561076090116524
0.005094591567127614;-0.0030478993658852494
0.014169596891919184;0.01218267290518093
0.013765792659767098;0.026871847856508847
0.007463136816673146;0.012847261995117279
0.00621415277648615;-0.005229447944687247
0.008981392327007053;0.0049875877149482516
0.00735165344071271;0.022641620885448955
0.0029526722168666626;0.015026878641683604
0.003083441591282173;-0.0022245079953567143
0.005173916633793345;0.0010119998109608037
0.0019432243069698644;0.015278808566235366
-0.003915667681791756;0.0171410391858639
-0.00412918818490805;0.012598337914727581
0.0016242164889434332;0.01631304984823792
0.007195619741471652;0.019912161221623554
0.00968016305528019;0.01259310170165895
0.010051184373194397;0.0046411741763302755
0.00938506039090509;0.006253060714774964
0.009630811481963158;0.008437580909852773
0.012638634518320957;0.003248501833467837
0.015341133528468937;0.00021513841731155676
0.01218960092897688;0.005895409050778592
0.004066295260596316;0.007457980144681231
-0.0021781535298053506;-0.004241965463092267
-0.0036292798934192657;-0.014769007848901443
-0.003775155691612649;-0.011716000084441538
-0.005667036727760154;-0.008032649092850364
-0.00879323735481295;-0.01428140285790739
-0.011582880183307135;-0.015066263111488365
-0.013200784503134711;-0.001875442361205313
-0.014160716043685264;0.0031872230706799466
-0.015441646450499136;-0.01162321873974907
-0.016141574725685247;-0.01981453657902918
-0.014771935598953824;-0.004845884527151944
-0.012237323931689853;0.004886728411647438
-0.009578934577370536;-0.012078307219339335
-0.005645427336438095;-0.028468083877775788
-0.0008472101744739043;-0.018540754724094707
0.0009253404302742282;-0.0029760129329136596
-0.002220130195423796;-0.006498354027677484
-0.006185311147898445;-0.016256949887987964
-0.005775255956735021;-0.012601876427364642
-0.0016116813453770568;-0.0023644593938908134
0.0009748007429354927;0.0006254564302893035
-0.0007854891173334753;-0.0010658462748162497
-0.003743326157476093;-0.0002020066510074062
-0.003597677750344884;0.00018533273221284425
-0.001223536977272987;-0.003678794770598872
-0.0017082517090297165;-0.005419455491976892
-0.007045519715346008;0.00020853555218646862
-0.012623006095953097;0.004533429615287865
-0.012464256313103772;-0.0029477472979587034
-0.0063629944566504;-0.016024595855488554
9.75702082283039e-05;-0.019191709061864966
0.0026853678920136497;-0.009406867694163828
0.003683509573454996;0.0023752990294346704
0.008142763713024059;0.007116365887214771
0.015983259755956422;0.003984276330352759
0.020158737956027264;-0.0032591170926066387
0.014574224727153544;-0.007426729461701434
0.003594248492899548;-0.0031309176000566853
-0.0008458634255792565;0.0038566960531980048
0.005963238298709425;0.0018912620337296693
0.014746232735422226;-0.008578376524819176
0.01405136388165027;-0.013538987142956222
0.004808567821749816;-0.006002694535603462
-0.002460543352107869;0.0040562197417186975
-0.0036904882383384375;0.005575818373235702
-0.005137213109332296;0.0005744050328275847
-0.008692576888651866;-0.0024330108954751352
-0.007371191464480012;-0.0004348587940848849
-0.0014109959572698651;0.002323639521528085
-0.001171238157138788;0.001743407696080403
-0.006094529557951042;0.0006481336404764046
-0.0016876691114113638;0.00393193967112453
0.013282652084352546;0.007943565842765473
0.020059201216312838;0.004628287449610774
0.010425099160703825;-0.002543532318132624
-0.00036223842577338765;-0.00046636711771320786
-0.0007121959669802698;0.010708250642145653
0.0010206193349246598;0.013453284481050841
-0.0031754616980386604;0.001881105598028916
-0.006025025005455323;-0.006299147067486699
-0.0014121348764324013;-0.0011733688488077224
0.001808829965090959;0.003882686867674061
-0.0050313599602593625;0.003918722693191525
-0.0149652990348521;0.013359341995798833
-0.01663777962415862;0.02987180061092387
-0.009942228598824066;0.03011081116994787
-0.00210602955473884;0.014768841655373652
0.002188836027902297;0.011990731357966005
0.0027041518836718394;0.025279007134799022
0.003156300636249332;0.02512592124480583
0.008076474629009131;0.0038410470453062355
0.015418342959181468;-0.007654578640180068
0.017291770247460515;0.006182671113945593
0.011351842724385107;0.01764817268006117
0.00474097641964666;0.004770634634667298
0.003060313727493964;-0.0098849257635008
0.001910694628897461;-0.000544063308256431
-0.005025625524850133;0.014441271274661693
-0.014759301662719224;0.005935891429525548
-0.018927915616667908;-0.013246311265472648
-0.015189793149816352;-0.013183122394506551
-0.008122137417169039;0.00044326730338263635
-0.0016551892428741896;0.0027386103457507894
0.0034815030037862087;-0.0046181432999856786
0.006503776985014696;-0.004617696664683254
0.006700497980073089;-1.8419875447362563e-05
0.006605595967816254;-0.0016261152342413835
0.009277717778179796;-0.0025388719802869938
0.012350174390956257;0.004387615312434871
0.010385352381192606;0.0054536392232333334
0.0027375541072315645;-0.007846143385202922
-0.005513048968980118;-0.01633766257735765
-0.009241070215745793;-0.005258147252026735
-0.007161452346716929;0.008131394328112015
-0.0019175520528180588;0.004853561339693883
0.0024853024930804094;-0.005713833413486367
0.003862965149110183;-0.007257146912569466
0.0017448501591106837;-0.002083888346348493
-0.003792376764500886;0.000633936416039658
-0.010160772824700742;0.0016866858160423635
-0.013003150175663997;0.005528105733884918
-0.012033221460211059;0.009641387598171331
-0.010964518108097168;0.007718092573524613
-0.010704637952908186;-0.0009882750993967624
-0.008957196524051707;-0.008672689457398837
-0.0047525414107158;-0.007088060404630772
0.002637274901885865;-0.0007179998523358917
0.014482841707223438;-0.004734244297415716
0.026998750534358643;-0.02090541744981348
0.031198201967681548;-0.028431039964542958
0.023427551612711456;-0.01616417799366512
0.01126230112435779;-0.005156687114250436
0.004438814827826138;-0.012938215723087064
0.002785323738589694;-0.0201606375375058
-0.0016183613882509063;-0.007712645110337137
-0.011006782276252644;0.0031708642674527277
-0.018116378995110826;-0.0094274720490981
-0.01802582761734833;-0.022932902144298575
-0.015298618495810606;-0.012345333142851952
-0.015060691605598229;0.0012204441539332854
-0.01494630165292093;-0.0065996683125088915
-0.01123929785620788;-0.014645763280707677
-0.006694309796065278;7.089366206743488e-05
-0.005923193528598356;0.014323488568188594
-0.006825258698561698;0.0028503419023589304
-0.00314472904365634;-0.012822881794109332
0.00633611305069286;-0.005528318518760019
0.016209050434224204;0.00805863249941714
0.020200005255559206;0.0021426471882867596
0.016081041083417676;-0.009546853285050859
0.007675611015244178;-0.0016955710039364114
0.0019016882447497935;0.014673345731206152
0.0011608448375976176;0.013537978946392753
0.0014599257595071559;0.0010441779035651989
-0.00044970663174474237;0.000601635198757062
-0.0033587798977527906;0.008377807188285982
-0.0051556983595290535;0.004088087426989289
-0.00398215764252112;-0.007400890993196114
0.002035365969853183;-0.004276401204639586
0.010309972013662122;0.011808141612360932
0.01371141670969082;0.018316257244850212
0.009920405818555408;0.009059700611982113
0.004737868701468352;0.00015331595467991282
0.002997751766461836;0.0014734029871994445
0.0028638567442176273;0.004859030957289278
0.001191651981729698;0.0019160942019655542
-0.0007252352308365546;-0.0031467172679647765
0.0007298491861949798;-0.003008324472558928
0.0049005807655140374;0.0013578230331262886
0.005478564456891584;0.004262942820667889
-0.0010453268665293611;0.003978979150487246
-0.008825642582594238;0.003091220552752736
-0.010041500290394413;0.002998754226632177
-0.005118483180931909;0.002578822991396033
-0.00034331774180461713;0.0027507067147243755
0.0004649837818650587;0.006453921935267192
-0.00215736598233381;0.010870158920880774
-0.005543083983259385;0.008486810613841851
-0.005950157517862801;0.0010132486680371545
-0.0014709242657953466;-8.064238949576311e-05
0.003799421259789318;0.0067362863632823245
0.003352032777626252;0.008480575244386475
-0.002713439321090262;0.000931113572042978
-0.008584961270497508;-0.0020601909749440707
-0.012220996437006816;0.006038122150861633
-0.016076292666341842;0.010462957884314896
-0.01942096392987758;0.0020025178040787
-0.01770224519708051;-0.0042224116534037995
-0.009551352766234108;0.00417409456029274
0.0005509756122471896;0.012827078840132473
0.006411123158270276;0.00533849467120777
0.004530833787068951;-0.007356069926863297
-0.003376528662682172;-0.005970331396669693
-0.010025520524264373;0.003319904208394134
-0.008806420327678973;4.849700445501403e-05
-0.0030337544310531928;-0.01240698491706697
-0.0022717113123660866;-0.00943060785318312
-0.006097860436603501;0.009904466259220472
-0.0024188464837823368;0.014210053682968122
0.011817927476747892;-0.0071996350158727565
0.021949308439155515;-0.020483936155255775
0.017320520599961486;-0.004451149707984719
0.007861523096017299;0.01052641960693843
0.007181408545102665;-0.0014297777976971142
0.011721581558611234;-0.012663882261345996
0.009625475272489492;0.0037661847631558143
0.0004877960010841254;0.018874298937619178
-0.005859099668755762;0.0015960030820268806
-0.004668537431670147;-0.020322985940478672
-0.0017985696637967397;-0.010860225652299396
-0.004874996993839899;0.009869359977653546
-0.01259191485754657;0.007279291192530066
-0.01535877130574868;-0.00607988533705562
-0.006985286630888102;-0.0022950120730746587
0.008176018323007926;0.008018617005212603
0.021299427309978313;0.0016027294978656279
0.0273554291568483;-0.01032558368384541
0.025663834157755343;-0.005647672206944724
0.018249322194861597;0.00442190872687993
0.010193100020914538;-0.002663152553218829
0.00617461147820963;-0.016872475533870532
0.004592103345937622;-0.014922736388459302
0.0003603434946876495;-0.003593796976115428
-0.00552023235464383;-0.004417209601595773
-0.006179648130798179;-0.012970559329382306
-0.0007851988980115311;-0.009595712382094161
0.0017933530517114237;0.004055182714482356
-0.003736113237728994;0.01026698918477434
-0.009516916988846805;0.0056885661350178935
-0.006426634345999723;0.0011863593285955226
0.000925142295219964;-0.00012138100353456016
0.002482076211081524;-0.003502915715374899
-0.00022554623520271925;-0.007117918434628536
0.0002020602206920004;-0.004042802092666479
0.0011681120634791096;0.0035352633568689457
-0.0033089152379019997;0.0069934336624043756
-0.007858292739875612;0.0051741996785170516
-0.004223502902359;0.003416569855005653
0.0044257631921948565;0.0026484799358836983
0.01038277821669127;-0.00034320689389866763
0.012128715670053579;-0.005819641966044675
0.011334249512813583;-0.010448660556266441
0.0091021323180182;-0.009481796974799882
0.0058975462235542125;-1.8142084800462598e-05
-0.0003852316246030592;0.011707330689233646
-0.01084916940284112;0.013343121149820104
-0.018750028751566766;0.004705249290715038
-0.015308482773568216;6.348839512778566e-05
-0.0030308573520424695;0.004241992805089121
0.004864783588499447;0.005453969192925874
0.0002210566848451489;-0.00045836164554271847
-0.010480343697010256;-0.0017118134174426182
-0.015716879530529772;0.006076759891393141
-0.013205137079662423;0.01127938641544631
-0.009181898125013566;0.00724155477296261
-0.007702707656883609;0.0016022665887361497
-0.006833302436052925;0.0003019871521856309
-0.003401854780411851;-0.0006111511920275132
0.002446705998132787;-0.0036116058602785853
0.007246933961344664;-0.0039693510573941436
0.007709124905156574;0.0005498985911847037
0.003663777491394659;0.004503889332105651
-0.00261783996777138;0.0034201438889818045
-0.008316617559281057;0.0005516477566053778
-0.01045167766798807;0.001584245907942968
-0.007587978525595295;0.006996824912339597
-0.003086977082340579;0.01205330708050267
-0.0025635750947532853;0.012095565122052697
-0.005910834125497412;0.006687347763684861
-0.00681535349910537;0.0001429999022301125
-0.002052799591045469;-0.0016435381093604063
0.004136331911008046;0.0029450977532976905
0.00640690629506844;0.008168623530353143
0.004362891356306659;0.007145291808362897
0.0012982746808908447;0.002428672766186418
0.0002796658421032825;0.0033207067950552895
0.0024575176215472934;0.007337920125736649
0.007263956298758383;-0.0018869730448985524
0.011959228023683955;-0.024053359777404647
0.011645156268435078;-0.030936218181671513
0.004544730700816604;-0.010507362865021498
-0.0027408237060022617;0.005983171381741216
-0.0025460392850625343;-0.006135045977227504
0.001982510057186671;-0.02221559868650496
0.001251559573069998;-0.013142469834376563
-0.006240363321158573;0.0035610175791295695
-0.012824774741470047;-0.0020340039345041715
-0.013350574346285778;-0.019395925765877474
-0.010240747789706774;-0.018832404340301732
-0.007848223645932382;-0.0013428083430909162
-0.007016254573241259;0.008695998363265584
-0.005158330275397386;0.0047248211034134945
0.00027297393973027106;0.0009642034359322566
0.008061624203824195;0.0027264586963496136
0.013704325687937384;0.0007680828185128152
0.015137058563536396;-0.006605630600383582
0.015557587108307415;-0.009382701675829979
0.01729965516237272;-0.006043196011118802
0.016366402141014362;-0.007030731186169722
0.008870634279372094;-0.013713317052124478
-0.0001886246359090367;-0.013365348125106298
-0.0025856469279207013;-0.002426617237959873
9.85289069833967e-05;0.0037163325193238787
-0.0018894398155595287;-0.004025422253857938
-0.010977847637518674;-0.010988208471568174
-0.017521159412060866;-0.003132697102419888
-0.0137135326669361;0.008091607793918681
-0.004436336492043353;0.006112024611019924
0.0008048767152156909;-0.0019182097933944926
0.0013340738312094963;-0.0007955474739309719
0.003603511130659838;0.004402214970684824
0.008377591418740872;0.002503359759424058
0.008896408114698552;0.001529326290231453
0.0029575606609603964;0.009986842317755101
-0.002529691136888204;0.012976457820719607
-0.0018758691895149145;0.0009735259054881329
0.0019772100340972954;-0.002662195068839025
0.0028212844122393376;0.016961849609431697
-0.0007591906438367376;0.02893919464142735
-0.003933924275933707;0.008447696893684306
-0.0012905231965379962;-0.011734479176987537
0.005213055406714378;0.002257275869825648
0.0072602859619275385;0.02079643327944146
0.002942337310781556;0.006919140717598569
0.001631616121735169;-0.011837885775041744
0.009043556901656726;0.0017347544336948513
0.01605935412770132;0.021130974828568315
0.01218687092954644;0.00970282550437744
0.0026916453442774606;-0.00792706641429826
0.0013377746038326064;0.003576230891891812
0.009738765176289571;0.022277012632644054
0.014799840616773348;0.013111177144887546
0.00793171752973795;-0.007702889763735665
-0.0031004020470974687;-0.006429451973453915
-0.006890378451719128;0.009473752089720271
-0.004576701475491467;0.013928488067467656
-0.004800328733203356;0.010180202151762078
-0.008047328504542808;0.01309788947687496
-0.006651373800373008;0.01349229529596977
0.0008356436403220174;-0.00032743364689915915
0.006225356187577853;-0.01258703568167185
0.004907625102264773;-0.0060479465198524165
0.0016710066144014595;0.007015314342515932
-0.0003538339979342717;0.007708552368685885
-0.004618708136761;0.0005754078503603575
-0.01096748874156093;-0.0014208875875411156
-0.013295760483828929;0.0004752886017093385
-0.010955927581420872;0.00021089579628810943
-0.010104366986136539;-0.0008685269589343164
-0.011349043173026789;-0.0016480308473412275
-0.008559215155678635;-0.004278332072884154
-0.002128814246743667;-0.006592858059944147
-0.00046045006907473074;-0.005503682225697136
-0.00536258662861751;-0.004617700232828842
-0.008674516437454078;-0.007000662965009445
-0.006528783420330336;-0.007845126317952476
-0.004529157296151302;-0.0039303770502014754
-0.0050927068603298965;-0.000935825124728402
-0.002222847247247922;-0.002769801838513919
0.005492916889950699;-0.003920522715982118
0.008791127871806253;-0.0009918671306333433
0.002690845986027125;-0.0010663557371964189
-0.002972042144023084;-0.008838378320908724
0.0020206944069591387;-0.015458715839600649
0.011059418107297091;-0.011449682395265566
0.009221310937285765;-0.0029481500179741687
-0.004880445621847902;-0.002847923567085202
-0.017311554253396783;-0.010981699327653407
-0.0187184086557794;-0.015667123386530497
-0.014577673788155813;-0.011786630043603929
-0.01285795778713312;-0.005936424096421642
-0.012450547138289357;-0.0053642337458929025
-0.008802481567143078;-0.00956842914605238
-0.0023373790588226864;-0.012126953301910846
0.003987712729182558;-0.008718682457600461
0.009941921212354305;-0.003469398173897037
0.01655642013901481;-0.003956771361820785
0.021966042907745748;-0.010112226535888542
0.021843417476247295;-0.014557849889223318
0.014344269657596751;-0.013045354159463715
0.0030367142967946117;-0.008069016714949508
-0.006574723973958174;-0.004442190168005368
-0.011713818422244995;-0.005529512391983158
-0.011886806822836021;-0.009864617532148982
-0.007452667634018292;-0.010548195155947595
-0.0014158819224388104;-0.003348446318619101
0.001342410620480534;0.0065513895745325295
-0.0005224770663686322;0.011053273381116238
-0.003358455016878056;0.008228625695102078
-0.003812523030835062;0.0017334865281284641
-0.0020824802395475067;-0.0028657555234069022
0.0008231853804742018;-0.0008763740769056853
0.004868536763135171;0.005098829738155106
0.008507554670588363;0.005814436782008573
0.008641858345602039;0.002624336216836931
0.005512547575554866;0.012333528315116435
0.003320864552649154;0.03620503492360766
0.0035959443387156157;0.04328349815997692
0.0036848095183314076;0.01679856418930026
0.0033179455961773355;-0.006924011889155859
0.004943764007103752;0.007626538060102438
0.007516995401261063;0.031048219159459902
0.008232053509570346;0.0195233210280257
0.008284291219602833;-0.004060969155739424
0.00973914591878079;0.005435803188759166
0.010871118106651444;0.02596959422438184
0.010170204366421087;0.010337963788116465
0.009781594101090451;-0.01849363426633237
0.010431614950729081;-0.008167183579807986
0.007687836197383738;0.021830870587901337
-0.0021118961442327796;0.015989477588430116
-0.014105846751277802;-0.013265934650560347
-0.017101242138287672;-0.012505463525203974
-0.005756278298649501;0.012191672036076844
0.010496307364953788;0.01346555786248534
0.015088543642479914;-0.005005331694907155
0.0033273753607935496;-0.0018607604645171404
-0.01085782593941427;0.0181738213512936
-0.012656741104363385;0.01629611862261932
-0.00607023620971028;-0.002850853931855285
-0.006156419257914977;-0.0023650380121853715
-0.014902731076704558;0.014402046771270452
-0.01895222365889725;0.012505918276926134
-0.012054643732808045;-0.007350479066620785
-0.0037615503918526786;-0.011572565543670713
-0.0014645569238763445;0.004994641015870572
0.0002515621609594558;0.011352646065103252
0.006033148363386989;-0.005482617746234617
0.010287270212951862;-0.019813914481060874
0.008015284593289965;-0.0131077011822911
0.002881580597423527;-0.005521432857467873
-0.0007700938482868453;-0.01702619990246359
-0.0038417094844570027;-0.028177406666176845
-0.006613032564738715;-0.014586128311194753
-0.005517101520468502;0.006155737612743979
0.00026334941161835557;0.002573506910966413
0.005399376018532141;-0.016961084365332616
0.0055422645327146474;-0.020079815120627145
0.0028206066203878342;-0.0046115815434392415
0.0006421177723692727;0.00230239102484136
-0.00199231916335101;-0.00912451539134575
-0.006883814504458962;-0.019479601066085647
-0.011918591891154975;-0.013960857416978998
-0.014101234172374428;-0.001956049018009539
-0.012909972329834743;0.002724692385343794
-0.007576507565228894;0.0028652630810409472
0.0022533086668665996;0.006999369285535009
0.010442997033658632;0.00996021293162093
0.009203769081152129;0.0026791478320214003
0.0030056860592751105;-0.0072845893977756225
0.00541541909619;-0.006746280206976862
0.01926720749123522;-3.109197135872311e-05
0.0310434579675538;0.0009435828892650447
0.027058213192294383;-0.0008868142478163307
0.008623481666743378;0.002760085680485971
-0.009894391325044834;0.005353496523497154
-0.01668181849964558;-0.003136967613572648
-0.014551656796383232;-0.015265595046961905
-0.013488344184665286;-0.016525121306662935
-0.014650689011558237;-0.007884152905677146
-0.011803854849492604;-0.00140672965054703
-0.005635426082120754;-0.0014606114477306621
-0.003266192388911503;-0.003339731140073949
-0.004631816795532776;-0.0038367228862041377
-0.002787032175367479;-0.0031222101942127776
0.00253159237992369;-0.000616919398867573
0.004267644259444193;0.0034352146949761866
0.0007024822292211274;0.0046500071521440875
-0.0025578633244326774;-0.0010263902175200062
-0.0026780057960869904;-0.009466007322037276
-0.00219674116987663;-0.010503234233846002
-0.0026289066886585727;-0.000806576377351104
-0.0025849226816895723;0.010883612090477859
-0.0004244713686647798;0.016070970235784455
0.004895243929331638;0.016024816009614362
0.011646230933218179;0.01302133490548685
0.013646798477687369;0.0045588694307639125
0.007456926663463388;-0.00567809351734695
-0.00011921890606452579;-0.006017447063319918
0.0003905452601997321;0.004784263355155468
0.00797787159621627;0.012290439700308135
0.013004188298397178;0.008593511847026102
0.010230893364324424;0.0041950088950243845
0.0031452964456539644;0.007840625897744988
-0.0036768657079692285;0.011332920734272039
-0.009565588795286618;0.006721988507344059
-0.013685910833659137;0.0018015807686883488
-0.01280874814002015;0.004177570404441003
-0.0071150669756779505;0.005225817461299266
-0.002020825539010941;-0.0041146968036090675
-0.0001904674160491297;-0.013684249849628786
0.0013819418162833571;-0.008094019621136204
0.003942369987951416;0.007082670922520103
0.004796135992611623;0.012612900987752222
0.002795244244495084;0.005844876562970006
-0.0013268181588066497;0.0020250175701014114
-0.0069380151095584635;0.004989481729004234
-0.01135464387315346;0.0014387095209277816
-0.012292253897074433;-0.009394634376271076
-0.012852387350788669;-0.007748215024179688
-0.015732201023875642;0.01079942230014186
-0.016354673675153596;0.01999365770935957
-0.010191932354325953;0.006133923376011825
-0.0007627806112079081;-0.004545078066191864
0.005821127744174233;0.007006213690385454
0.0076116367085617975;0.01450792881098975
0.006018497856575163;-0.003731307847651337
0.004746821975691797;-0.017428689963017982
0.00784998971247942;0.0025768385870908106
0.013860553072657694;0.02576362873304914
0.01663613408695798;0.014039882746125281
0.014464718134481656;-0.00971761836086536
0.011455059623430611;-0.006394376293562111
0.009545855169291958;0.00863028652717095
0.00645722780628193;0.0008664742458301359
0.0015955066058371342;-0.017733320837356178
-0.0017626610768211684;-0.015623026615941171
-0.0012869083130128865;0.0007633315129372532
0.0004286061913843595;0.004455270544062013
-0.0009332311415960961;-0.0042517541489061434
-0.005215002388638383;-0.005707197884641031
-0.007982632917339859;0.0020317118138045496
-0.006373435180698387;0.003906137655762585
-0.0015982233688570733;-0.0034658550491582876
0.0029591816919182995;-0.006761010135827097
0.003791609078961941;8.043452687233784e-05
-4.550199076611789e-05;0.004303810802392464
-0.004538754363564946;-0.004379404167054214
-0.003484917737174269;-0.013858194962343185
0.005039056869366407;-0.007634999140094526
0.016687363468642108;0.005385399645994565
0.025317129834900365;0.0021492758465546918
0.02692261326606939;-0.016372880555669538
0.02006429639604573;-0.024610527800784085
0.006848569845608278;-0.012262736299993719
-0.00657459734944548;0.0011336899162569007
-0.014760514995187097;-0.0014153572338710698
-0.018123929937972485;-0.009770734245844504
-0.020041495254790244;-0.006696107969916033
-0.02085273177801338;0.004073996472101419
-0.019090691521600717;0.006515193278733116
-0.015567135044154565;-0.0009216974854311448
-0.01110771300039392;-0.005307337141044881
-0.0042184225572044634;-0.0012242169973686677
0.0037913625424444057;0.0034566449159062007
0.006860050292180261;0.003196790904521192
0.003655129022193017;0.0038168096663468913
0.0026453529505218554;0.011808490121013038
0.00969791657361824;0.021135766123045668
0.017654213482056435;0.018110294089566933
0.01753930611536312;-9.796006529468163e-05
0.011725022363052713;-0.018235910180457095
0.006480080690961174;-0.019938712480633065
0.0013470526592059089;-0.00870018325984745
-0.00548872736605548;-0.0017973134746556414
-0.01095938983450266;-0.0035493110335720023
-0.012787065111388017;-0.0016215424119163724
-0.013701217474510398;0.005183039996755085
-0.015820077403981565;9.134899610551897e-05
-0.016208846632765582;-0.01784870831341977
-0.011403902426222723;-0.022037407169023117
-0.003672502769717285;-0.0002732172338452777
0.0008292860827184732;0.020898226111848835
0.00011008345878907513;0.016206168088054848
-0.0009826348442070615;-0.002068924676794271
0.002416971668913026;-0.009311993486114152
0.00900881937881211;-0.004354047203936151
0.014130015075810838;0.00044505244570312174
0.015737076769758586;0.0038145921073173255
0.014573328679118468;0.009461344513513839
0.01079709006954768;0.010173298779533374
0.004437917575856133;-0.0001994189475782469
-0.0019039600750862566;-0.008453284378175337
-0.004430570652977089;0.0010686265949744794
-0.002502167828668313;0.018078661263275144
-2.5933850795686876e-05;0.02017839149849471
-0.0015207497627815856;0.008972462889989744
-0.006554713719370735;0.004237997703004357
-0.009583627323993833;0.007788923282837286
-0.00652180775110343;0.004134853025647341
-0.00017462486095389969;-0.006192132328455375
0.0024832975868777705;-0.005625189235888079
-0.0009269005890181521;0.007783015536187181
-0.0041841201588967815;0.01567358597844852
-0.0011732655106728707;0.00964266816476545
0.003999812517641524;0.0009799677802092652
0.00251177869269394;-0.0015348500017994826
-0.005871905467193427;-0.001502309491985811
-0.012337876582310637;-0.0018535749833909019
-0.010697305688501043;3.999157727232548e-05
-0.0038647048171859414;0.0037755083011565506
0.0016330180531452998;0.004410347093918675
0.003366193985622682;0.0001154552859484282
0.0029066894864451646;-0.004255910266717796
0.0016947120272621612;-0.0029194186559076026
0.001034032879256465;0.002209741708207826
0.0032471050442488764;0.0025232738264300055
0.008593227590755226;-0.005153981206171082
0.012490297799358887;-0.01302209528044939
0.008917429726098661;-0.012712524135982993
-0.0020254024156874276;-0.005913317811940714
-0.011001957150759703;-0.001087753850860012
-0.00815013734240114;-0.002829710796519642
0.00442814804577079;-0.007366134729357107
0.014088946807191203;-0.00884729223749045
0.011740139864783799;-0.00759170270600251
-0.0002648693121744705;-0.007888319775612286
-0.013177324837841217;-0.008844838304084616
-0.020484145224366375;-0.004535194864163441
-0.021264362848713834;0.004962246328355789
-0.017252490236296773;0.010459018073016167
-0.010114959623419873;0.006435350283763464
-0.003218608091534792;-0.0011562783431116452
-0.0007390164466558173;-0.006689079182008489
-0.0009428515117347949;-0.013312273948697181
0.0031708339033080755;-0.019201533055029068
0.012371474361010866;-0.01126781008460285
0.01885718387610915;0.00981254614987679
0.01864001117030336;0.017971087978851604
0.015740578499359493;0.0018227385832833307
0.012265030655480293;-0.008100119554287355
0.005888123396730823;0.010064177324710539
-0.0020582351711364738;0.0238736360919079
-0.006561060150218261;0.0034847545058264147
-0.006878830219526764;-0.01597989035833171
-0.006450309157034141;0.004489265384921911
-0.006175791479952884;0.02978785459437306
-0.004234733432716118;0.011360465078884874
-0.0015476060996593157;-0.021344459165036907
-0.0022118304350332856;-0.013716313168509174
-0.006961403257329765;0.015008948541469235
-0.009172208792113294;0.010780727329524922
-0.0021405503448912017;-0.016790958971635263
0.01051614940851416;-0.017940918685798724
0.018341933256336426;0.006345377605657155
0.01692714394327376;0.014058716919953952
0.010430679121641974;0.00016477473961557085
0.0040190222127255235;-0.003810764007804668
0.00011107899640684639;0.007582362162353567
-0.0007067159453785513;0.010102972701036933
0.0005700311455396273;-0.0010024560989020466
0.0014733711281238269;-0.005891370456137767
-0.00038908531187488134;0.0004716494362692795
-0.004920497887469477;0.0018872591799454653
-0.008838703854392676;-0.006433358087890898
-0.008409669758053321;-0.009784852027411566
-0.0026636737240056563;-0.0017072493832619585
0.0056444909020843415;0.005229230778041702
0.011139944655346677;0.001247322454280273
0.009859704956650733;-0.0070869901259470675
0.00381751085432447;-0.009414534255941926
-0.0012820593543947222;-0.004615205163057377
-0.0036220034953673118;0.0013444679088580656
-0.0059086009911223465;0.003000291956569171
-0.008248198489111765;-0.0007863495897152853
-0.007431754053538257;-0.007140049511874185
-0.0041351335866388105;-0.011674771831861748
-0.0029597984445848915;-0.011733014596159413
-0.004455226257531409;-0.008329642992600963
-0.00422933323923457;-0.003982624802130155
9.253117320764132e-05;0.001020084182622807
0.0065615510176515734;0.00705842607012631
0.012468576961903857;0.010977508574807405
0.016273402561955183;0.00880250207039201
0.016951227415808515;0.002683200754640084
0.014294980367650987;-2.7192930764747634e-05
0.010059402000086566;0.0039405072775004005
0.00642173223649302;0.008991831110626044
0.002657254145229276;0.007932699268660068
-0.00339423970033047;0.002137445801387981
-0.010309070388046494;-6.323024483521395e-05
-0.014267792508485982;0.004378958270624627
-0.014768255696206725;0.00882602747479915
-0.01389544750309742;0.008196515736476399
-0.011658463593428207;0.006757265401013822
-0.007457577650453435;0.007776672743757293
-0.003793433140352195;0.0047794842313809505
-0.003229172606710417;-0.005676216451874073
-0.003720062254321477;-0.01223907144867766
-0.0016119595503140199;-0.004774841237496287
0.0023622061896955604;0.007103889249637591
0.003829228176080338;0.008461858811572291
0.00026836634721356614;0.002485154519795742
-0.006300523857747738;0.001838744981143711
-0.010958690842313256;0.006855144011287455
-0.009969938327404653;0.009805618823007931
-0.004058346934197433;0.010531994220920275
0.0028327143505797354;0.012127942204103223
0.006940361406612597;0.011061234569086606
0.006050991564952327;0.004660249934734296
0.001037706195195914;-0.0005244447991362606
-0.002903055411874876;0.0015875400971232297
-0.0015351039188074764;0.006460106956674613
0.001601904513528845;0.007505962697986942
0.00012280129468167603;0.006424672226008536
-0.004056149019851063;0.005924153303623994
-0.0030237637996345427;0.0024817696994054294
0.0038148841210532084;-0.00362788372383451
0.00838589221983954;-0.0038501598462900473
0.006787997793343554;0.0027343824253462535
0.004008073330556206;0.004547108041819838
0.00417547264250766;-0.0010306755238457214
0.004571178255757917;-0.0005865777643982566
0.0014776656270104973;0.007956705924752934
-0.004508345146237674;0.004060228329155865
-0.010587768732076447;-0.01891480524496902
-0.014330741685923257;-0.032080706348709555
-0.01390917089674272;-0.016975474890793506
-0.010416037232909656;-0.002944295807696561
-0.00867658213361566;-0.016435464805520158
-0.00991117962668034;-0.03043947313076067
-0.0071362589341448235;-0.017566194650570546
0.003812389613476049;-0.007209280732901118
0.01504535261339795;-0.027117569378977652
0.018689733765707064;-0.04133459619875966
0.018514271395743163;-0.015317018034639765
0.01923416043902799;0.013448421631221943
0.017185904901963197;-5.191487952071475e-05
0.010303334423867367;-0.028602908675984463
0.0031833558080631673;-0.02453130562782616
-0.0027923073673971894;-0.0010103588805107772
-0.010338646535706058;0.0008015636294821923
-0.016160110915631038;-0.014373370315985212
-0.013451167275331076;-0.012142898239956668
-0.004302092466775695;0.007006899860659703
0.0014024488104915148;0.01027130154113681
-0.0006155613328093961;-0.008962902568657314
-0.004309920571426837;-0.0193866116335099
-0.002982901212490472;-0.005719474324347661
0.0006294728259334423;0.0058523629526582065
-0.002352568634512369;-0.0019762245992790963
-0.013316303664056886;-0.0025462681699929025
-0.020984776948630792;0.02222799961376828
-0.015022873162474432;0.03767104637194251
-0.0010878651701559405;0.0160303226025481
0.006332667078201761;-0.00625037345901509
0.004770866330963673;0.008573575892111468
0.005925635798032395;0.029489123586579197
0.015862396442101093;0.015383726787204515
0.025652282858592067;-0.007904714399918843
0.02462079081878242;0.0013447826268582698
0.013493781885330553;0.022055665042604363
0.0022206168586048924;0.014084087986212865
-0.0008517774853581569;-0.004696153775877668
0.0029146137742331363;0.0036854985303406813
0.0051504951104132226;0.023554759300175677
0.0016519689458973806;0.018557897515547202
-0.002786842532160131;0.0010496928849803454
-0.00270894876632435;0.004759921030068928
6.736039000012949e-05;0.020731323939364645
0.0012209249823449777;0.01791480233797166
0.0018884628041392682;0.0011795061608881137
0.004886080485445442;-0.0018718769475937274
0.006627822117728005;0.007897558760321078
0.0024716548922122748;0.007499523252245366
-0.0029114521005449913;-0.0040726868522788905
-0.0016664280466055356;-0.0066832616174552235
0.004636862827370486;0.0028106266341760434
0.00887795435369019;0.005990037168896212
0.009035940708405323;-0.0037935815767098343
0.007587725088824625;-0.010688481492325904
0.006984980669276924;-0.0044291528389322245
0.008373545474725505;0.004317823086294763
0.009530842306532093;0.005644698579447249
0.006550110525273749;0.005038817937601292
-0.00015833997017923541;0.006934093465824868
-0.007254459331031011;0.005453869621694351
-0.014306362825641104;-0.0014080103402668274
-0.021395305816571265;-0.006543414204082967
-0.025049536668649047;-0.004716190285721197
-0.022506192393107728;0.002266440972661026
-0.015800328867896573;0.007758089150166936
-0.009237145071134018;0.005065025841760046
-0.00620676097956567;-0.0029255131108831224
-0.006960961255290115;-0.004857437977403445
-0.007276456523523634;0.0004773105618497473
-0.0032567408023363937;0.00014354158282131715
0.00185264611493626;-0.009735117232361024
0.001354539555662615;-0.014774397866505312
-0.003970014772038631;-0.00646962701036055
-0.005526545758028097;0.0030898191259429724
0.0008663413074697866;0.0015068230570596424
0.009146981732136754;-0.006160823986830468
0.011383064167144545;-0.00957890131187306
0.006368489647611128;-0.00758205861613883
-0.0008934362946837773;-0.0032074746830419074
-0.004542307498687572;0.002228759360003411
-0.0035363695344391615;0.005606676838514246
-0.0028396475107195706;0.00368641312299618
-0.0064589344729815935;-0.00019145668513767164
-0.011031697731199575;-0.0004923686275051235
-0.01067543624139315;0.0010211126815872704
-0.005835425996038593;-2.6986663459621747e-05
-0.0016890489146158985;6.637465815425787e-05
9.141846044637182e-05;0.0069849163508807705
0.001990219969486904;0.014603840824812881
0.00557795800278926;0.011285027709971682
0.010626874253176457;-0.0010751456002120324
0.015768090561798117;-0.008262957612315701
0.0181066906027364;-0.004755289314553039
0.01662696661576001;0.00033350041332992007
0.014369999418296696;0.0014735885758542639
0.01298505724798276;0.005401450553726868
0.009777116962313035;0.012659671707182634
0.003507742365593071;0.00782958171383955
-0.002618482088330894;-0.014131494355616156
-0.0055861992686619625;-0.029905261350640172
-0.0054156542790057705;-0.021752856236385752
-0.0037022003514370926;-0.009234200300730393
-0.0024842027958649577;-0.01514399112157472
-0.0028403086547992193;-0.02409146747105965
-0.003895722034405909;-0.013148797349907435
-0.005388557450465712;0.0024099047134863772
-0.00832484073031027;-0.0034389221063868373
-0.010811805441319254;-0.01812633896366118
-0.00929013482649227;-0.012273327884505721
-0.005317851743393707;0.007273849810801416
-0.0037612624943809915;0.008617795873283771
-0.004923254256558418;-0.01058782341288335
-0.005477749548444122;-0.019438602427336086
-0.004539097937791908;-0.005195892363453107
-0.0034312858981066334;0.007967775288298045
-0.0031410947807138435;0.0020779667828056173
-0.004402944640749822;-0.0062553166754590805
-0.005782991605372972;0.00014407182498578304
-0.0028351039478114355;0.007790472966435365
0.0054667112562617115;0.001926371321546339
0.013244353981697814;-0.0024883533139966143
0.015379120703576202;0.008647259276176199
0.013377544174362026;0.015994684286532113
0.01064836523634401;0.0009379423954051513
0.007107416375113015;-0.016234722637952323
0.0006371014588893035;-0.010602300953864864
-0.008071857379409027;0.003075056629515517
-0.01413621627264095;-0.0007489595903120035
-0.014143095200021341;-0.012549140750543895
-0.010969691441403773;-0.009158605271989927
-0.008858083260137662;0.003925331707990246
-0.007428853823921347;0.007087112055516317
-0.00455947160106886;0.0021291991289013865
-0.00019281619396773554;0.0026686102281742027
0.0049481557325624015;0.006390546435950978
0.009093712622348584;0.004074591327329427
0.009021010127124876;0.0030162462481441404
0.006207696132493456;0.014194548992151966
0.008637706153363463;0.025545337247530123
0.01824658759107043;0.01809402950994634
0.02398595359432549;0.0024768041591407865
0.017198386403951747;0.00557031240482503
0.005091578010969422;0.02343633807495423
-0.0007003126614777249;0.024796580940680355
0.0005581570615859241;0.0041898490428581864
0.003014631535396906;-0.0077281698199525
0.0038375295514173763;0.0027780856351889587
0.0015190586942476314;0.009522766435143121
-0.004943775495904118;-0.004578779351840128
-0.00963274501094801;-0.015373246382071958
-0.004709371888232385;-0.0018509002448535371
0.004721614720870614;0.014673185535434586
0.005771023127595557;0.00852329121394574
-0.0013053162606725165;-0.006610760110978502
-0.004522402958190895;-0.005522329911227756
-0.0011894080993421448;0.006090414036787382
0.00029087719594758144;0.008471469030135731
-0.002216295816139055;0.0029775692915124273
-0.0015467775650325809;0.0028285756573861727
0.00522586595481586;0.006659304382099905
0.012141968820163088;0.004747776187529916
0.013098328562928124;0.00015482663668012748
0.007847616757405175;0.002981010304976139
-0.0004143703550283691;0.009539390044765323
-0.008894964973400867;0.007492357733457228
-0.01629233024596395;-0.000500962741429798
-0.021717001751903952;0.00037080410584481075
-0.023331659631753994;0.010468052840722875
-0.019521306210351957;0.013574294596226614
-0.011567196299965006;0.003207590342784612
-0.003139116743087606;-0.008311719584424232
0.002723576483945012;-0.009876457278565657
0.0049111492453223545;-0.005138405900839531
0.0041324147823358515;-0.0025761559444677793
0.00243177040284716;-0.003483292663639289
0.0012085372070550055;-0.004660935013706946
0.00025023938220346877;-0.0061264504980173716
-2.708611716938007e-05;-0.010011003049421468
0.001530680029250992;-0.014282331928276446
0.0031437719743979903;-0.014247440638570167
0.001192445632528691;-0.010677641194378527
-0.003782927162114152;-0.009103369336070937
-0.007621223440786913;-0.009597123587387584
-0.008679193191645458;-0.006377737089712623
-0.007936682650480729;0.00042769439526379983
-0.005147114764194289;0.003595072924570282
-0.00014681600649428785;0.001481818097114138
0.004650827381987846;0.00030634992347139465
0.007222610099917505;0.002303224316712768
0.008692503559228964;0.0026784425652698687
0.010281200433504865;-0.0003400549072988275
0.010843603388893737;-0.0020661554211043576
0.009490497927175278;-0.0004477562044619813
0.00674098352681189;-0.0003269829582357871
0.002439474636430799;-0.003824915217430085
-0.0031866729423901032;-0.004916133532983333
-0.007491502828932724;-0.001316403833816499
-0.008615935801775776;-0.0016377367788514543
-0.008709242239152523;-0.01014964953966568
-0.009965164774331927;-0.016137524506286336
-0.00939094567846159;-0.010809936514600103
-0.0026939082357562527;-0.0027798751532830835
0.006786986993884239;-0.0034586036931663513
0.009742475587523816;-0.008005717287629076
0.003934290214865331;-0.004953177836374893
-0.0015553455555866922;0.0035007479224937466
0.0009353496292383955;0.005547568065271762
0.007697140514523208;-0.0001643360388301277
0.010516272799540306;-0.002559051210364463
0.006808024325217823;0.004275077308497034
-0.00024897147110219194;0.013637808354711971
-0.005823062514376916;0.017237960559469544
-0.005895476533236548;0.01305948244553668
-0.0003741231977149796;0.0024236620986630023
0.005328076534618756;-0.010099392361507498
0.005700281174303432;-0.015458366411812521
0.0024124967560622307;-0.009298823855242914
0.0012020085072582377;0.0005063437374078668
0.0017599576719251773;0.0037698479310245506
-0.0007859828010522814;0.0007214250695992463
-0.004421217615492876;-0.0013475830974764257
-0.0020792998390778287;0.00035122989951304044
0.004667437605688534;0.0014598405026749063
0.0065788336006989264;-0.0004676817656550323
0.0018343839656844662;0.0004862609339747391
-0.0020651846727698566;0.008245488123653286
-0.00159680342129946;0.012923041806648035
-0.00127419923030471;0.0049125642356240016
-0.004102620719109588;-0.004785965438630962
-0.007389797489346549;-0.00010864288666872059
-0.008965578848675895;0.011437665480290394
-0.010448807971228668;0.011480461692411723
-0.012676643545617686;0.0027149910632947327
-0.012958675128688533;0.00046100752712506884
-0.009311175617918938;0.0035884666557756376
-0.0034851631060449995;0.0015359711378321618
0.002717167657236933;-0.0016959477725269267
0.00995519077838795;0.0029789479900807206
0.017470775259204697;0.0076239505674486835
0.020570359970339153;0.0003120140054368529
0.0157531504793223;-0.00925525096540468
0.0073029518916848295;-0.004140752684726334
0.004722518928076555;0.007009559465477164
0.011385962034238207;0.0018829565659000428
0.01863538939491408;-0.015085719048593816
0.014920783371955567;-0.017407065877838652
-0.0004093226355959005;-0.00046056069031493563
-0.016328096886472392;0.01223509483025064
-0.02265968103608387;0.007806154664328571
-0.019147496948794186;-0.0009745368361444092
-0.01279983413948942;-0.0021671910682119406
-0.011053567060437808;-0.0002601011947470543
-0.01591610288132128;-0.001249064421883328
-0.020485895686579526;-0.002610191384508512
-0.01497168170243539;-0.002059800951425229
0.0003626509670166915;-0.0018122107005218628
0.014450356386469678;-0.0025558520805027277
0.02018745260455898;-0.002626750479886258
0.021345040357092955;-0.0018191418687111592
0.021916457693541263;-0.0008768118950702135
0.018705663157167502;-0.001142889173661297
0.009516190925764343;-0.005031534636899781
-0.0005501667992246637;-0.008888492645466178
-0.007209410062308931;-0.000563231944269546
-0.012728568696257807;0.020478936783613986
-0.017375978893205305;0.030064213643887353
-0.01543254439757766;0.011158249317021859
-0.006429255078068187;-0.01233789248408652
0.0007635576846601178;-0.006703766108643777
0.0007841063242313622;0.016774148087685032
-0.002109131536780796;0.017505337701212535
-0.0036672845293615162;-0.008252966038204756
-0.004820009883383319;-0.02054818067727286
-0.006041020934057302;-0.0020419503023039825
-0.005420838368377898;0.013270846297249634
-0.0027313432712052165;-0.0013315283575079315
0.0001703882131772475;-0.02022313168995256
0.0018262313485336661;-0.012424153351942524
0.0013274645229544412;0.004981983313883664
-0.001260087046327377;0.0021419254169910574
-0.0037417903358428666;-0.010295267506881763
-0.004330486602171969;-0.00829995793267045
-0.004151986441953692;-0.0007745305402684327
-0.003793871482944383;-0.004336089662799424
-0.0007884677090335423;-0.00660348989214653
0.0053332083053508625;0.004308108270178841
0.009868051340395697;0.009917969208985529
0.009258829952436565;-0.0028334085299050204
0.006212173323980385;-0.01304333919044536
0.0045753557311978;-0.004557643139578849
0.003907695539089268;0.003491306896699636
0.002845811735846062;-0.006181003972679763
0.0027037143945123016;-0.015815038550937768
0.004172600453571;-0.005146707898793392
0.005340938527412382;0.012577998517521078
0.005925314161201403;0.014400521652792951
0.008742235865074473;0.003479483144162574
0.014037912323440743;-0.0025654887783123064
0.01651282880228222;-0.0006532738590110243
0.011749191069276903;2.9666902020422163e-06
0.0033468652954888193;-0.0026435248248556516
-0.00027711531500954805;-0.0017912591654650912
0.003403818680783407;0.004016788028883822
0.006789719975795799;0.006558654309902541
0.0018810338499479632;0.002000734886661583
-0.007996977721738786;0.00036950388854621764
-0.012027564602526058;0.010285659959564389
-0.006630218270565019;0.021813373535574783
0.000835773926689853;0.01936366931071041
0.0035900249433585122;0.005261164176400529
0.002958903897229643;-0.004837942565614676
0.0028525786978735456;-0.003934110407863957
0.004307039306813294;0.0022667216700332947
0.007251853397579367;0.007039770507386365
0.011021768435533135;0.007321839825622721
0.012493414490791143;0.0022232283132359453
0.008937185666432057;-0.004481225607535982
0.0018974757707655406;-0.005000866814619834
-0.005055686734349744;0.0024068972072927145
-0.010617047917924081;0.008698638968051727
-0.015746921374684118;0.006010042079101842
-0.020429838820358474;-0.0011709159707215208
-0.021747485634696657;-0.0038503833388093675
-0.016661248028217848;-0.0007809349929577886
-0.007324880224551052;0.004083603662193859
-0.0011013020676795885;0.008338843867227845
-0.003073285288465373;0.009260845736523426
-0.01041185275464174;0.003554417129120363
-0.01619273337550742;-0.006408552927826206
-0.01673024604782439;-0.012770234502822555
-0.013464340367322858;-0.011025280354939082
-0.00995819613146246;-0.004776370481889169
-0.008303468766474021;-0.0010713751940306783
-0.0071581269673194866;-0.0024785228787992217
-0.004000712140118508;-0.004587656812692458
0.0002692976893918793;-0.0022785346447117597
0.0018039653657824233;0.0034368997596174447
-0.0005653615624636943;0.007639017384349402
-0.0028953581819410107;0.007859832576293713
5.551178141408885e-05;0.0045523406654395275
0.008896830817139515;-0.0011240648318762822
0.017178586171307273;-0.005846360656691714
0.01734175109168169;-0.005001980271257862
0.010191957376365097;0.0010998897485235465
0.004021633659987802;0.006033480348244862
0.003774612122223912;0.003436053843842722
0.006607099793667296;-0.00794144731778036
0.007331112451406821;-0.02133502150997733
0.003023523845665518;-0.024405507282988712
-0.005411384573424875;-0.01395773763809067
-0.012739929348651943;-0.004759580279996592
-0.014075694921644039;-0.010390842740926425
-0.01138506711474839;-0.02166150139174544
-0.010573120458539101;-0.02014595335471648
-0.012120151919177768;-0.007131800209830952
-0.010618862803182812;-0.002172247028326136
-0.003963155821700902;-0.013384455425682264
0.003754661177664101;-0.023332977388634525
0.009900705898845619;-0.013630208505057912
0.01697207876796072;0.0038115339732586904
0.026075683944795827;0.000872515076562759
0.031802234836020224;-0.01919073871574511
0.026814280112972644;-0.020519503250154128
0.011359794738394878;0.0054916538715698345
-0.003757773080118967;0.02087934784365782
-0.008406388434849012;0.0061097275722678595
-0.006468214025294849;-0.004461103472824508
-0.009534431248529566;0.01332164866278725
-0.01786674407785152;0.027462715903274773
-0.019618632055378685;0.011966875493909334
-0.01035529872713384;-0.0012889380279193427
0.00013587146976309176;0.015153893732442464
0.0038750126421881496;0.028244149901360968
0.00417426837199158;0.008201134348363991
0.005278464608795802;-0.011189907912248472
0.005652022677211212;0.004337982809913097
0.0053245425986271355;0.025456873354898393
0.007866963525952406;0.015328349449680975
0.012111322390807044;-0.005924684155081295
0.012363244035643199;-0.0036952274363092957
0.008461995578158297;0.012393337747234492
0.005966762464257171;0.015505803665041533
0.005235585055510212;0.008879958278890276
0.00035006481626834217;0.009357645957206688
-0.008610330520473476;0.012294894876261502
-0.012475839570888507;0.005199873996543818
-0.006927422680033783;-0.0038566296115839357
4.365262973453992e-06;-4.901856514355431e-05
0.0008185191277587552;0.010325070286211062
-0.0003799039319357009;0.010457098250886674
0.002419845746443362;0.0006163569965427648
0.006331801659092406;-0.005853301037512587
0.00760575070535352;-0.005390495302325963
0.009912334208519297;-0.005227588849572852
0.015286010832754948;-0.007575306302529998
0.017022165033316775;-0.007258292680078176
0.010513731754346545;-0.002512962282193123
0.0025916075975264434;0.0020728767809454506
0.0017484197252803522;0.0031400371444771954
0.005787668840764008;0.0027220802387265277
0.0072403894512851775;0.004065753061241958
0.005374728431866108;0.006818626303484385
0.004276363286455349;0.007495910245446615
0.0034522119322363573;0.00398075770041216
-0.001423732311653547;-0.00065835226970881
-0.011131930989633202;-0.0009616217492108346
-0.021159970873781183;0.0024279205832657877
-0.02493076896717246;0.0018950779048028759
-0.01887313076257258;-0.0048787421771595485
-0.00793911923264667;-0.008750799712489292
-0.0024779351796488033;-0.0030321376667307334
-0.005249257025259947;0.004333970653027942
-0.0071922024467844115;0.0029740476657281385
-0.001414885851359781;-0.003354716927971277
0.0050917821951771604;-0.004026357342043028
0.0019478937073719087;0.0014184891096412726
-0.007310874489432161;0.00455613451563423
-0.00987567512302188;0.002084052423598145
-0.0037995498111469844;-0.0011774672754281752
-0.0003552532528456178;-0.002387094628148505
-0.005181839670760945;-0.0044111566571162315
-0.010694983459644064;-0.007507868807885207
-0.010831070398546675;-0.00771415796185285
-0.009581364069070912;-0.00602565421366118
-0.00929324519613377;-0.00724347354681678
-0.004654867592068819;-0.009448876677493117
0.004330373549411044;-0.007872996830216604
0.007212187820034193;-0.00609261919376701
-0.0011996978424738528;-0.009544175641397465
-0.012034210914463049;-0.013060002006866108
-0.01550548279858505;-0.008233375922146683
-0.01253748144639477;0.0015694740067187614
-0.008232301323761543;0.005899848058966335
-0.0025648148663205746;0.0034515546568567017
0.005915879750090911;0.001392937366196684
0.012939971937184441;0.0013551606353274378
0.0131600836609067;-0.0008642048968123384
0.009590405396906296;-0.004414289151025822
0.010734700189174938;-0.005115092252760954
0.018466723824664515;-0.00518089121984634
0.02492519843982672;-0.009529594957573892
0.022151075198701495;-0.014413916365736693
0.010269516342396224;-0.010738033661535324
-0.004420743170490846;0.00039905497920247803
-0.01584411735541006;0.006558261716730384
-0.021586794205971743;0.002722348758019132
-0.02212319964281344;-0.001165080126260412
-0.018850679930192023;0.0019297908592437515
-0.013322292014085196;0.005364429384556033
-0.006760532648205175;0.003213439304477625
0.00043738204601706423;-7.449606947062354e-05
0.007541726625575788;-0.00011286205332790938
0.012644168470383087;0.0009536052836837507
0.01517117527419608;0.0007592483100455335
0.017303188605493052;-0.000528683472265899
0.019468611145037513;-0.0027615787827192386
0.01758997941784625;-0.004649723483207501
0.009591247633610332;-0.003117390622886809
0.0006372977463154979;0.002236107348096014
-0.0036207989613179408;0.00761739670524622
-0.004917206414146997;0.009773892580055807
-0.007977531851189261;0.008409814977041455
-0.011859469848065412;0.00400909716828214
-0.011619979231503673;-0.0020051744989333414
-0.00707403912856414;-0.00604905494752004
-0.00418152404443165;-0.006123545652506217
-0.006558348774891909;-0.003733706262368116
-0.010063103379710588;0.0015811706871395714
-0.009093441044411826;0.011326473900322051
-0.004666410416615858;0.017612288856068373
-0.001129748089438791;0.008700190259506309
0.0016091649616118552;-0.0075681399370254015
0.005871399829969724;-0.006807077371980527
0.009696974335058258;0.012550734222818128
0.009703890231593395;0.01940961305764045
0.007814663969620692;-0.00021936283022196674
0.008691022826476694;-0.015603061162319175
0.011560009201201826;-0.0024351680037741213
0.01082319342971617;0.014592916453912301
0.006041107069756007;0.007160106721422118
0.003920008997251624;-0.007071134410561995
0.006526357532945602;-0.0011449685521212763
0.006322055353880274;0.013873775972410492
-0.0014264103762711457;0.017927153174147552
-0.009955211609596138;0.017421551801287218
-0.010392054292038747;0.01741231207353887
-0.0028621628966526537;0.004309427079229306
0.005943504802558852;-0.015600360817936152
0.010969572313284886;-0.01270387242470868
0.011600269573064398;0.00885961064952044
0.009576808385809493;0.008942023573539378
0.006486660472152942;-0.01617169685706477
0.0031904919925500657;-0.02258988632374042
0.0010294199114279268;0.0017625247381942936
0.0013397981765056266;0.013398193585803533
0.0026671455899124645;-0.006745777890528146
0.0017093891317891481;-0.01668806869544227
-0.0014226275524950199;0.009637983204232765
-0.002802427176439434;0.03244880287420273
-0.0005318269397583256;0.014835641235629662
0.003017337223311615;-0.015215787707517263
0.004426609885446797;-0.01616341907076947
0.0011995358007232029;0.001793319083123874
-0.007077217227398152;0.005509778293727338
-0.01593300982142823;-0.005033826901108986
-0.018162061267525214;-0.00776076076219188
-0.012762054454945852;-0.000247459060755783
-0.007150831821872404;0.0011343646385085443
-0.006608055317798994;-0.008432384179286757
-0.007321373428331834;-0.01619617533953678
-0.004419427442760565;-0.01337224852947047
-0.0011929444119769422;-0.005933524792597345
-0.004139765137387803;-0.002031668311696032
-0.011344829388056555;-0.0016846137043816881
-0.013187851440859155;-0.0024031703527083925
-0.006204697539704836;-0.004021056212799972
0.002136492129766693;-0.004958509285639
0.006483474632623648;-0.0024720616669315827
0.011043754670934934;0.002920169839078269
0.01840222270720959;0.00818936852319833
0.02210873840309678;0.00893188979844236
0.016886737339329886;0.000464493353509994
0.006852374427735411;-0.012641450932478572
-0.0022073034950842504;-0.014749860563634896
-0.010890543871652817;-0.0011513200305568495
-0.02058860794706964;0.00943996233131083
-0.027086177380294826;0.001125474184159194
-0.02689851889606432;-0.014452227308497323
-0.023627353156790546;-0.016811740312472866
-0.02140165809821841;-0.006311528731651881
-0.018417969872983143;0.0010442982187068924
-0.0119435784080692;-0.0016028243515729447
-0.0030722537915996253;-0.006524834414889637
0.006046850923127738;-0.006207552850514941
0.013585035503786213;-0.002048587124099538
0.017881204022720653;0.0018163194962457299
0.021118322824003156;0.004636176593394775
0.027818507116222954;0.006539042840648744
0.035713947669712455;0.005750787076343429
0.03615696866227988;0.001693448862982126
0.02619127543168849;-0.0016602169949185893
0.011893584597456881;0.0007851733118135049
-0.001028268758571556;0.007462170485063655
-0.011999478262786972;0.009830657193743007
-0.020850088811348734;0.004558667116428515
-0.02540770177041412;0.001054214527548977
-0.024778987681338523;0.007440415921830556
-0.02043765758297852;0.014588046452875538
-0.013587734799692006;0.008945558075222316
-0.005194156920110772;-0.0035456951474765923
0.0012260197308245433;-0.005264421897149462
0.002326565836932944;0.0054025882189128
0.0017473137869763059;0.014512030973102717
0.006230081398540311;0.015347091845024632
0.013545002065012888;0.011358366779643018
0.015334196354463375;0.004778734300707144
0.012147141869564181;-0.001523489246739322
0.012445284337348827;-0.0017421725093574344
0.016978645018636877;0.00279991338583062
0.016839157227895994;0.0033200078727266932
0.008350602658643028;-0.001966106857413485
-0.00015741454657896618;-0.0049709615657543725
-0.0009228413322762392;-0.0013444822043148501
0.001467316651269703;0.0029561324895177985
-0.0013321709200311066;0.0015765851136268288
-0.007354847638770907;-0.001923908035409577
-0.008645327163052396;0.00031182362758013085
-0.004436587108794267;0.006362804546721638
-0.0008853448066081521;0.006439746714948304
-0.0014344232872963009;0.0007346953912499712
-0.003828304876042889;-0.00011576491936406651
-0.004392153813567357;0.0029133085527504802
-0.001798180478200803;-0.003995744189419423
0.002005663317358932;-0.018640211357590943
0.0031390599760057324;-0.01905538897226858
-0.00018643434740375114;-0.0012322249256569268
-0.004161907108995618;0.008674619357748005
-0.0030745903390037503;-0.0031874366627488416
0.00220538024236896;-0.014598832531541225
0.004443220767144486;-0.0067978126465586125
0.000683477375008319;0.003767037340978791
-0.004324310870881657;-0.0023370963620879454
-0.007268632133459637;-0.013158143467719216
-0.009682311073086012;-0.009590443095085199
-0.010595464205121611;0.0008570994848413282
-0.006547080186996593;-1.4526369428625555e-05
-0.0006140262269039967;-0.009843758702068762
-0.0004781872810959764;-0.012204899284387217
-0.005786445700459154;-0.0027757836400005512
-0.007961756493922332;0.006982933462042825
-0.00403552302658488;0.007243053418280962
4.843844514865135e-05;0.0013152262289209094
0.0012623229084440962;-0.001340043730352816
0.0031242021094215664;0.0008083729354100981
0.005768881421244848;0.0011034907908513837
0.0043855533629538574;-0.002101369500851302
-0.0001557294345150662;-0.0025959576024094334
-0.0010062867367692057;0.0015838222093565641
0.0018437839955322158;0.004747623553692095
0.00044335552929519777;0.003998920273039662
-0.006088297956983262;0.0017644417491507716
-0.007950064464194145;-0.0018951480333594009
-0.001387533152684029;-0.00781538404987676
0.004028097561865853;-0.01083172819348475
0.00159470409083822;-0.006887612484475896
-0.002934494468045459;-0.0030227211315297592
-0.004418853698533465;-0.005543202844026972
-0.005884205505056445;-0.004998875912417298
-0.007531728216939764;0.006150692307244765
-0.003525632207198526;0.011609442699572868
0.00563351477362771;-0.0017808782679391661
0.011117329098244167;-0.010972615673267674
0.009132994581933595;0.006053347153969421
0.005292820312194281;0.022116982992439523
0.004997763138690989;0.005077941939542557
0.008110391228055989;-0.017601782210007997
0.011714225996110866;-0.003645597694486364
0.011564713671644222;0.025299632573574652
0.0042036194867701385;0.02080215666847986
-0.00702346936180627;-0.006292927421956739
-0.012756111928749142;-0.008809886112575164
-0.009002732156646785;0.013500243453105042
-0.00241376814711519;0.020838243198891777
-0.00030171720702619096;0.004335352763365387
-0.0013774207312870137;-0.007518520399613081
-0.0005736373355899538;-0.0016075521439073933
0.002449841913858536;0.0061184274200071056
0.004183339409320216;0.004369743635107999
0.0031733288905255296;0.0006941528351786521
0.0014549975458194046;0.0019651014973499745
0.001248434534589953;0.0034046597793862573
0.002173847938393881;0.0012138810174110875
0.002394644817835741;0.0009631547394279148
0.0012645780969852832;0.005505457158031965
-0.0014367174448948112;0.005832395521490393
-0.006361405981021975;-0.0036841668258454836
-0.010463432526513085;-0.010866234772914478
-0.0073580743876680305;-0.0035114684465140994
0.002069526176939967;0.008211758683668668
0.007962317701381142;0.007496975685140408
0.007196825615777848;-0.001223953089520443
0.008704508858914104;-0.0020833833541525296
0.01634889502760044;0.0044334655767970695
0.021022284644369806;0.0054201194776128435
0.015965494931499416;-3.9832742491428835e-05
0.006292734594767922;-0.0007293701424543286
-0.00035356372735401864;0.005330972175241749
-0.002318916802517456;0.0071424310004357654
-0.0026484921984757876;0.0005861009871414604
-0.004929196618863778;-0.0030175229670142537
-0.009063581697173785;0.003929104351452864
-0.010764364740512511;0.010156010571772048
-0.007862778055920153;0.00381836620230715
-0.004131609464647247;-0.004978413529138563
-0.0034202577964375608;-0.0019122871036022218
-0.004167815492951022;0.0015628639139760303
-0.003184072184022368;-0.012490623948643979
-0.00026665741283618847;-0.028626099509765465
0.0035045763742502186;-0.019197501699808925
0.0067563507146159016;0.00199830984331299
0.006480640774769338;-0.00221154969537178
0.0018029550711889872;-0.02474698030274958
-0.0030525730745563054;-0.022429069539449786
-0.005434962643407918;0.00616945667439741
-0.008248066718679148;0.014261039220478822
-0.01215080704737321;-0.010172620452588993
-0.012182496269220138;-0.02099866314009205
-0.007178406129553757;0.004152391685845205
-0.003951830175760324;0.024182962913224346
-0.006860391655348763;0.008179846684855496
-0.010540236140624935;-0.013391186919453096
-0.008379777377488816;-0.008665085169897578
-0.0019294526955502514;0.0018690736472432698
0.0028062499610101506;-0.00718327748981934
0.0026432629906928567;-0.016955505816100017
-0.0018210215492493712;-0.005342597015690479
-0.006905740112212638;0.008614399323090619
-0.007293285722590227;0.0025994075438834007
-0.0014791814909155933;-0.006697928084014122
0.005929479249144939;0.0024891539445454814
0.010067971351446823;0.015674971257463824
0.010221188867792129;0.01084807993998838
0.007226985084604395;-0.0010464063587447326
0.0020397218157105607;0.0014664038549505399
-0.0018331780758018724;0.01158721206855409
-0.00024125210928463135;0.009376069266544435
0.005013195856184586;-0.0030441258121826813
0.006125102916827048;-0.0086201260614425
-0.0007476735573755031;-0.004014072769278428
-0.008663922772002324;-0.00015480727471444533
-0.008111478595108058;-0.003020580279598893
-0.0003074283895329466;-0.0075328959628476674
0.004538921636189575;-0.006778097632749652
0.001401377627221521;-0.0007110769045954592
-0.004802523144834785;0.004625525448378323
-0.0068113577994455094;0.004945416929667918
-0.0003546334036035179;0.002099253396774697
0.013342432469625456;-0.00021336200500873657
0.024861954508904858;-0.0010646840746518288
0.023881684850657843;-0.00045375865241194317
0.012464035776315037;0.002044413527379383
0.002468164474690131;0.004137276682548853
-0.0005308866229056206;0.002817490243040808
-0.0013847309276934813;0.0006680403798576301
-0.0051772548213047526;0.0015484117863543857
-0.011463583571128606;0.0020873663452417473
-0.015935813006192977;-0.0017194133175789453
-0.01236961485453823;-0.004620595753473107
0.002119192991951421;-0.0003048578085129785
0.019936383556452743;0.00661565572327058
0.027165014350189292;0.007131610245170732
0.01899141809932258;0.0021722723727067472
0.00552199104295743;0.0012568781770476282
-0.0024101960060887782;0.006940791766199263
-0.006578821873921927;0.010264295826145237
-0.013416813699432347;0.006237169130506105
-0.02042693967681548;0.00297703999461033
-0.020275526001003498;0.00733950757605815
-0.01218787133848811;0.012178264642826836
-0.0013757470967163514;0.00776322979423416
0.006600629406644675;-0.0022357043701734594
0.006981510673101379;-0.005857681980703843
-0.00036402654725380926;2.6001998115104273e-05
-0.006870567676367342;0.005830349060366092
-0.004137284215181569;0.002905898373027392
0.00364989711248518;-0.004959477524847416
0.00550026126573942;-0.007826778910353455
0.0004696244234120117;-0.0036516325834271327
-0.001772745729929291;0.00024427340495443574
0.002766776524001589;-0.0017480896025292075
0.006885104863549273;-0.007027706828375872
0.004830102267273742;-0.009498631547041551
-0.00017361055691669393;-0.007025384995558088
-0.0033740261718404993;-0.003461057798588403
-0.004884574123182852;-0.0036915998677099506
-0.006745661145866712;-0.007106839698206043
-0.008894413021008669;-0.009306275764853605
-0.009681580940387197;-0.010211878876742523
-0.008832181002015134;-0.01202031304325137
-0.007825864380411506;-0.009250094166183977
-0.006267015207564371;0.002915778808175742
-0.0017571730456219367;0.011327776962170978
0.0038070021668193525;0.0019958040849998005
0.0038137360559626974;-0.009194802611153569
-0.0025544841417417183;4.184072744569263e-05
-0.005981183877536668;0.013034646097033238
8.094677190253226e-05;0.0011911697307596472
0.008062988894594064;-0.017680335372252547
0.007245647112328874;-0.007686677261785561
0.0010415219598085151;0.016092718085570328
0.0008553523993771544;0.013161877322660444
0.006745052167818275;-0.007674985268636908
0.008471859440235364;-0.007435665264181799
0.002862744476894868;0.010407391282180116
-0.003400582284272806;0.012236365079849135
-0.005987986654405344;-0.001375547971135482
-0.006691522458407294;-0.002810028846274093
-0.006674326588676069;0.00907517133200386
-0.004641803210138966;0.012275124840141404
-0.0013043609005881323;0.00383053463040324
0.000828354331665379;-0.0007161701713390729
0.0026241328962438213;0.002702895748276966
0.007653112170539084;0.006879296202958588
0.014994954097252964;0.010144447400454334
0.018533376007298066;0.011778820621949475
0.015985399188059544;0.00658437596870794
0.012989023092931045;-0.0012192795779043949
0.014302490631284945;0.0015403738144899714
0.015449436554094526;0.012594191005134108
0.008289673542808946;0.01429723799999298
-0.006779295928279804;0.004163064690739829
-0.019207130990537502;-0.001999165209904044
-0.020470070298252457;0.0006547192594653316
-0.014331895945891434;0.0022538601163384826
-0.010969873421853881;0.0013693287043615783
-0.012972986125138855;0.004729509203522921
-0.0133148803593594;0.009182046574201274
-0.006919294445701137;0.006373894675092142
0.003051732047645111;-0.0011896259889823781
0.011252785689548999;-0.004509267848601388
0.01555781511889829;-0.0026147036317941638
0.015847228542741187;-0.001822827493248183
0.012817963536893778;-0.0026185975590390102
0.008578735877516836;0.0019373185618733262
0.006035338205530469;0.008984204664475732
0.006223221682462807;0.001773327491624027
0.005562378333803469;-0.02063345427546141
-0.0004940636553035411;-0.030284197564641777
-0.008371072642500001;-0.014270447821890037
-0.008246272124013073;-0.0031147973905096835
0.0007545001951348971;-0.01831940005654961
0.0069639225534553215;-0.029487989657421262
0.0023918062704665513;-0.010799881167790197
-0.007353298557726309;0.0046775086346265175
-0.01336239423611813;-0.01619223501891323
-0.0147285691948986;-0.04036039457991724
-0.015102372920301225;-0.024168237357569292
-0.014780472440518928;0.008898723219571629
-0.011610518577837658;0.010369676088634372
-0.006455033690867909;-0.011625670738090366
-0.0036653477020609304;-0.014835494417896306
-0.005685663015088042;0.002899681444821217
-0.008113372771373648;0.009002396395838873
-0.0036391767077929085;-0.0032704877668605476
0.0074967032795297825;-0.009288147840128096
0.016249502693492332;0.0006268854075593983
0.015911181011158564;0.009797003877991619
0.00923740946225116;0.008601204164392492
0.0037631212013103893;0.007489958614495332
0.0034605968962018487;0.013122561643045852
0.004551705980289542;0.015882635486148926
0.00023613046222148722;0.008706028224401564
-0.008625478869476344;0.0005214521923882869
-0.01261491172147584;0.0010466612411470923
-0.0064832561624081336;0.005321985738976018
0.0042918318967894034;0.004523327282464807
0.012059852801418764;0.0023945586242140734
0.014957374064072451;0.008399914484651983
0.014699732853108228;0.01907496523797302
0.01203902506450936;0.01890941847185022
0.00680823149982658;0.0029420188002947044
0.0008646442726809047;-0.012375802356344801
-0.0019592311000155107;-0.010872596644775516
-0.0012980998391830061;0.0003314031741003377
-0.0021518494389074715;0.004330996217055579
-0.00659725911062593;0.0007693272082233293
-0.008960390674582694;-0.00028304917975560255
-0.0053143510512787834;0.00028452986762148486
-0.0009647084397595774;-0.002797543883119907
-0.00201760849273353;-0.003213876174936321
-0.0057969128508633455;0.004041595420654026
-0.00577924701082013;0.008107300501790721
-0.002022017101944013;0.0014912270308864637
-0.0008608479878924923;-0.003246553416804335
-0.005212670871753692;0.004407677034670111
-0.0103510592114221;0.012291435501261614
-0.01043414221417453;0.00655205489570261
-0.005099299655339944;-0.0037417147362276454
0.0018398563245040028;-0.0037042050417447465
0.006851718149868708;0.0011970674293481647
0.008251470982861503;-0.0016036578320473213
0.005310116263319159;-0.006781575488435544
-0.0020628005516761375;-0.002305431878353775
-0.011915519569796711;0.0065785520461165755
-0.019432099752207728;0.005500959750989127
-0.01994445060004707;-0.0047699736308386516
-0.014013835914331165;-0.007944610315126856
-0.007108231499691762;0.005187638152892031
-0.002372780980297526;0.020494127312994402
0.0021513315912387453;0.014608780851234468
0.007030452428971492;-0.008691620187816303
0.009283734720026483;-0.014873332263045384
0.008847695765161074;0.007931809841453653
0.008784453448286045;0.0215776398039145
0.00912409791536969;-0.00042687538487325594
0.008413622016728609;-0.022260637778171263
0.0073039346129865155;-0.0069013995973660714
0.004477789738333079;0.0157062590226816
-0.0026549206696788404;0.004770307641440014
-0.009776449106989606;-0.013833731136282227
-0.009833880777800496;0.0006474679857734272
-0.005457019288303098;0.023016934046819787
-0.0033533825063641084;0.010555495243965488
0.00012996689890535843;-0.016212815417983674
0.011812837443423421;-0.01597154862657535
0.02535834329742317;-0.0021608328516387015
0.028916811743593798;-0.00768920943545716
0.02347351545334555;-0.01940617159783338
0.018198308481148513;-0.009628557394568894
0.014232471687626692;0.006512417464205822
0.0072705452508860695;0.00036470161345278606
-0.0006720943634391653;-0.015888836490403013
-0.004330911211638665;-0.013122543199949382
-0.0044479271533952505;0.0018206547123907374
-0.005594372657954762;0.0016148559731365274
-0.008574826332147139;-0.011833380184376064
-0.009646230799898353;-0.013613858156303265
-0.006028021314146699;0.00033549751799666377
-0.00014020323422927938;0.010668361415607121
0.0029100016661086064;0.009154325972344246
0.0014007752907635323;0.006545889460720469
-0.0018338433936962782;0.008713954899589198
-0.0035667534780942658;0.008595517462647431
-0.0030582895779440685;0.0023474935652301574
-0.0018689809623841252;-0.0040149689142276405
-0.0020652680680345037;-0.005664875862281683
-0.00368182210705144;-0.00486950392832342
-0.0050924991047437635;-0.0046323763287612375
-0.006004699409996746;-0.0037779059684901204
-0.006747836146423973;-0.00017726330497664294
-0.0060778041133642885;0.004251020454543151
-0.003538757737960193;0.004853331485206604
-0.0005767200108995695;0.0009097930943103591
0.0025611662975012278;-0.0024652480485018277
0.005415926712404656;-0.0006044776964370659
0.004465386920675971;0.004740425938161487
-0.0002995951638341215;0.007255886834323997
-0.0005764063757334464;0.004617073659847171
0.008395434906891581;0.001975361673923049
0.016947185118066293;0.0025915788260987833
0.013368716580910541;0.0025812850229888083
0.001612086785157156;0.0016442111397902783
-0.0061233837988101305;0.005617239616476338
-0.009052529023553791;0.011854897192785834
-0.01467037183369997;0.010340994915508234
-0.020812981823615764;0.0029124048368269367
-0.01865700333121742;0.0002849945021478293
-0.009993821875687571;0.001408267033951032
-0.0041801251701426905;-0.001390665518813771
-0.002180880053123289;-0.0032131579762948166
0.000886578424650145;0.0033765335438530205
0.0038997799910256625;0.009428176527508676
0.004128769935549509;0.005496336337585718
0.005493143693678054;0.0025427960758594857
0.011187988253267566;0.009997210923040227
0.01568076805633256;0.010621501460490809
0.01248999197365861;-0.009649998616048873
0.004557797838147138;-0.02652019925419701
0.0004031231900406699;-0.013532331151253124
0.0014824435320480499;0.0071446357767019734
-0.0005735308508429212;-0.000328114285017815
-0.01064901332555498;-0.02200863496002158
-0.02011224924327703;-0.021062903535779293
-0.018272536635188436;-0.003965930246600685
-0.008726692982772882;-0.002506388398316076
-0.003288939644990828;-0.013187077622739171
-0.003586927907061792;-0.008585240683229809
-0.0016100548956222106;0.009876767943622732
0.0035745339189573056;0.016561534381561237
0.0037784217469154073;0.006690922466732333
-0.003062374231062178;-0.00010029864218031806
-0.008242041427846286;0.004133991309384755
-0.005247542323626602;0.006353541166000255
0.0016875443318431717;0.0005796838902824224
0.004829597413987114;-0.0010407737647625663
0.003326010159989179;0.00781688275301824
0.0024887310743760983;0.014805085282367453
0.004579571888322395;0.009751015180463306
0.005442354900808901;0.0009391104057521004
0.0018425148122673542;0.00025477770993768354
-0.003034165523598136;0.004457918239281025
-0.00502189712854943;0.0027108931222492205
-0.0051548020574289765;-0.004362385630249496
-0.005721047527649645;-0.006746928140138985
-0.004786323005570321;-0.0031808803646768426
-4.5639907765840966e-05;-0.0025430479957171733
0.006283368227097449;-0.008703760704988427
0.01118294856444301;-0.01630744935573591
0.014998480283610926;-0.018693445797924424
0.01875584340221587;-0.013686650148867462
0.021412856798806227;-0.006548833958792562
0.0209643704594492;-0.006506304071596864
0.01603738708439429;-0.014103323999484036
0.007715046914647609;-0.017376843840528528
-0.00026363636991603984;-0.008185414632581895
-0.006014594711614265;0.0037289851948786503
-0.011236214005954216;0.0038430663459906368
-0.01523208023374365;-0.0036395462929585975
-0.014019626361190918;-0.0016131275649475777
-0.008824865858161423;0.010949516832500708
-0.00605975985829356;0.017093747038071164
-0.006201578338451209;0.010398558570967517
-0.003205616212337759;0.0021840286030696096
0.003430960550211699;-0.0005673770763631862
0.006161529274919306;-0.0022420511436207807
0.0009006814715095148;-0.003903453879765495
-0.006242916477944621;-0.001355425043104216
-0.006454532063497167;0.002497091949507627
0.0009334690144804975;0.0003941001912851425
0.007740598537002891;-0.004737427458913976
0.00640735986729232;-0.0034282128048348528
-0.002284683537731893;0.003840793472015319
-0.011567548792901923;0.008287076607773204
-0.01625129600011944;0.007396410975440375
-0.01613646265758995;0.005159328397538183
-0.013564916297814736;0.0025904002188843153
-0.010087717426715917;-0.0020196960594729735
-0.005829779188530281;-0.005728602564323828
-0.0008108022866172537;-0.00132735438818673
0.004291011157238128;0.009509308854772244
0.00900092895843323;0.011367063242631406
0.013661353915395223;-0.00044804098150135195
0.017871482406823742;-0.004641451153565661
0.01932756926512393;0.009661550579660288
0.016363903589217035;0.016077124015721374
0.010707785133537588;-0.002400865023284832
0.005522264793177677;-0.015283215993654462
0.0016775347854571976;0.002142908752077612
-0.0020745242972455263;0.01957944400266021
-0.005412385162308749;0.005917737846967275
-0.005342312007763668;-0.012348136155355313
-0.0014057798648235704;-0.000618167099184762
0.0009828012415387614;0.0203489872377465
-0.00146194047901634;0.015052438452618408
-0.0019760831392870992;-0.0034761697177320985
0.0068896897657066865;-0.002593390002261361
0.018550239177758866;0.012758587421989794
0.018639600653104417;0.017011401635074433
0.006445079973960473;0.009488348386273344
-0.0023778067396581356;0.0049159211935751535
0.0013338701445564406;0.0021649632314775184
0.007187567809591292;-0.004599072804678658
0.0027495137313045537;-0.004838226747266822
-0.00754743041730703;0.007685367505542313
-0.011853246945257655;0.014294438615356168
-0.009935646113738391;0.0009207599807687504
-0.010323663052565997;-0.013729551404053427
-0.014401023924167908;-0.007446967632223244
-0.015377625660202615;0.009414620524570727
-0.010453828441744582;0.012151750978552374
-0.004026495967015469;-0.0013248450417111546
0.00024816117254587044;-0.012176445071182021
0.002575099562855478;-0.009245749597791989
0.0030403139841130265;-0.0015551644289665454
0.0012460621368658286;-0.0033409269762479975
-0.0009025484738857165;-0.013457596792081038
-0.0009453533685052808;-0.016449242649038385
0.0005092743586429297;-0.005474642966741495
0.0007165159526021882;0.006683013598735402
-0.001355802100989976;0.006530413380537818
-0.003438408972063265;-0.0013155248461394862
-0.002612281546509845;-0.00410752871042406
0.0006711267475700783;-0.0020572650504072734
0.0028542553321787892;-0.006851307481143887
0.0018075747090528327;-0.01897406206983687
-0.001609624305794669;-0.021845548005651864
-0.006569215414735687;-0.007882660114559506
-0.012649942215277052;0.006387672012144876
-0.016470541222889438;0.005569554686656434
-0.013131258832859323;-0.0019435666572181652
-0.0037572132109517957;-0.001576970897996227
0.002647984187190662;0.004634409691219407
-0.0007861039621053227;0.0069058706290606245
-0.009159024169348233;0.004350806953109041
-0.01082802050405762;0.0008562596916247913
-0.0015898958422300628;-0.003812500028726105
0.010737654340348705;-0.00970093699235124
0.017038938904101495;-0.012777746929752077
0.01740446037790611;-0.011100941632118198
0.01709463062570259;-0.007891513429344094
0.016244664093611277;-0.006455314063359296
0.010894834499788895;-0.006773338029049846
0.002567719821237533;-0.0069879699861362925
-0.0023816424021038565;-0.006426805298856822
-0.0033775303922970717;-0.006822520023125763
-0.005819567447871563;-0.00866293416934327
-0.010255263573766639;-0.008173704677585929
-0.01159156420599701;-0.0028636298554032464
-0.008523707174546808;0.0029355300371604236
-0.00403261144304707;0.004442209295576839
0.0011906730702651298;0.0042326107321759366
0.007140973219403329;0.006580986908036512
0.009899976775187279;0.009110699465666576
0.0059339502953209226;0.007722772287280345
-0.0020762248009891363;0.0043502668194014
-0.008139765195820704;0.002669232909833791
-0.009301549119136592;0.0017770949375618434
-0.006938308889714002;-0.00023525607547367067
-0.0033586450358685633;-0.002186702000941187
0.0004838507302868225;-0.002906379620253065
0.0036282355692494116;-0.002923344327426444
0.004824032071733475;-0.0014066432334783586
0.005055351781665386;0.003570827777427223
0.006715388916683799;0.011152100502536436
0.009582114163174895;0.017342240357062156
0.01115531111557876;0.017788972997271765
0.01083205874489928;0.010616157813125462
0.010593150735846182;-4.5695266254274e-06
0.010978470553124604;-0.00492273151037764
0.009304972487140501;-0.00047033059289436254
0.0046680939504826985;0.005555839845951331
0.0014167216195080843;0.005291149928002392
0.0026998485799515667;0.0026218070164303275
0.004667143637743134;0.004941710727621054
0.0025024845673424483;0.009819766693785826
-0.002715845662404691;0.010757857740009853
-0.007081635915141333;0.009778166990909077
-0.008312580572807862;0.011845907999269645
-0.005582947016706858;0.012581483130856814
3.7810679242426016e-05;0.005281181483855712
0.005586707754074652;-0.003625101615280431
0.009220564092356004;-0.0008169934924931366
0.010239772851210452;0.011274138395186472
0.007404050450881116;0.012959904276469656
0.002251382060408044;-0.003609037595299798
-0.0003159744084432262;-0.019016646338936478
0.0006951465757770588;-0.015658989255611457
0.0010824608195624038;-0.005725799644946968
-0.000753600167127998;-0.008211547927525487
-0.0034319923464995903;-0.015573957543989296
-0.009087785360418802;-0.009662996935129611
-0.019002117845127255;0.004178972285336215
-0.025109776085185175;0.0057388960147165815
-0.01930780762615908;-0.005835977181170231
-0.008443294470469124;-0.010371092555061072
-0.005944992306685312;0.0002747109598239447
-0.011610504082735904;0.008280023191694031
-0.01339511791041681;-0.00027422720858575857
-0.006550908947230098;-0.010249582580182983
0.0016725341646081245;-0.002984580636623365
0.004696677906995954;0.009967756995357215
0.0031641295897394082;0.007112553364822766
-0.00031914034252497684;-0.004661825866950883
-0.0043365059851638126;-0.004664330489643162
-0.006804586929898636;0.003641554040589892
-0.006121658954550109;0.0032151443895909065
-0.003682163073967161;-0.0024001163137764934
-0.0015108545955284886;0.0008550429734623651
0.0005227045105435141;0.0067571106565600956
0.0022104062626382872;0.0005350578673768516
0.0008926798107657788;-0.010796128522135528
-0.004518170864394077;-0.01034432243445342
-0.009580083792935914;-0.002059203167462768
-0.009085305908232155;-0.0014734254790273681
-0.005425573755212105;-0.007308012453846908
-0.005968126247124121;-0.00763010452692748
-0.010515278900031238;-0.002842905308091988
-0.009138355545293474;-0.001245684027392615
0.0036563972846138373;-0.0032764249994444127
0.020104055120382474;-0.00600856662112713
0.02919656997032906;-0.00985024761781374
0.02854460790382729;-0.009251516267070218
0.02200288849425885;0.005340454135261442
0.013124640945347899;0.024698721317221017
0.0053687262769532545;0.023086916146917134
0.0016254908751121954;-0.001285292872765112
-5.811861580727374e-05;-0.015561983289488313
-0.00430448671761801;-0.002632496640561736
-0.010001769173818825;0.009350275303127365
-0.00999734128079354;-0.004071931144432429
-0.0017925579709408839;-0.019466455378420823
0.007242515176957363;-0.008885259842761393
0.009940704382622312;0.00663867925490863
0.008568101586663884;-0.0036644991893679374
0.007832902046597713;-0.02026918117172335
0.0064054603235179875;-0.00997654047626284
0.0030817667591658596;0.00964529799442629
0.002718378842369452;0.003965932049800967
0.007296197630627355;-0.013154916534193446
0.008890448845061105;-0.009169111999828816
0.0008642227352523465;0.005088581709329124
-0.01008074312718075;0.0022225368823892344
-0.012849361228204932;-0.006355517993324827
-0.00789899284759932;0.0032033282455247378
-0.0037456041487329943;0.018186437430617246
-0.0020171906694241406;0.015575515708895609
0.0024059183978871546;0.005380224750026928
0.009029442031157615;0.005969041334892826
0.010904848097833241;0.008510121465725344
0.006024178277037884;0.001883074262062915
0.0008919549856302125;-0.00039252143477113457
0.0014982994421005793;0.01086649755651568
0.005935303388796039;0.01868593120000248
0.007677001844188417;0.011910542610251183
0.003854759293362345;0.0045951587726549
-0.0018640294470171615;0.006450537024438609
-0.004377377496311723;0.007384332559333435
-0.002890231704208102;0.001044642420416029
-0.0005367468414656577;-0.004898889951116782
6.107604633770853e-05;-0.005294543777026507
-0.001418133668252547;-0.0037694267289696292
-0.005377131745893524;-0.0036843892152626915
-0.012560916863288935;-0.005139630947595502
-0.019932174460922204;-0.007053326658827156
-0.02085352793163372;-0.006136596814453357
-0.01319183092010661;0.0001359263450195506
-0.0031217062060251532;0.0068321991407294365
0.0035128090783638323;0.0056392178869532844
0.008424717088315525;-0.002948336382054161
0.013470758699721253;-0.009666408482618166
0.013777819583228034;-0.00860694789296954
0.007400119718905568;-0.0014316727491866126
0.002768195450705252;0.008011342902754817
0.006109121176515475;0.01501967276089301
0.01019172003834766;0.014223216567922194
0.005123551709963783;0.00681024287661778
-0.0068240679544058006;0.002306663724499544
-0.015777536426704004;0.0054003771862018
-0.01810602644992592;0.007805807228628424
-0.016928737446178437;0.0016003755744135929
-0.014097790528158507;-0.007125827345333612
-0.010874612244512567;-0.00835386624391975
-0.010393262838932287;-0.004638172916268238
-0.011862629884187553;-0.0051688070460285855
-0.010037153431722397;-0.009050979783232839
-0.004527504714766375;-0.007849091761225576
-0.0006939303960617013;-0.001326558899991817
-0.0007742562685682157;0.00217994470193242
-0.002581077499977917;-5.17895609640026e-05
-0.004313756918737338;-0.0017207727029751579
-0.003707953031997194;0.0007213735945127352
0.002621257262869413;0.0022643951264841086
0.013272581336781261;-0.000726349902463569
0.021241415984847085;-0.0026806052428042736
0.0232136555368244;0.0013965941594991987
0.0227402898492457;0.005442571443859063
0.021206533272229253;0.0022444344480139515
0.014717556766178018;-0.0033489977553229264
0.003042672357853915;-0.0025737521880988008
-0.007201926725681102;0.0032078114441470708
-0.011032945678518206;0.006162734958352858
-0.010496203839908087;0.0026303172616775586
-0.009860172523949374;-0.005188720009505818
-0.009318992996837415;-0.011204401949948817
-0.006220045306394888;-0.008406761594140565
-0.0012950520592990673;0.0020342846874252234
0.0013822617702161952;0.0063056626050148785
0.0018605602266637752;-0.006172349659745916
0.004664045947088352;-0.022485792743609557
0.009783326979419455;-0.018603159163890593
0.011733593497811124;0.002266213549848892
0.008790874368387777;0.008199901772246217
0.005060859993751514;-0.009917959923767853
0.0033775970972086226;-0.01924333517086383
0.002515456206386599;-0.002374395428863103
0.0008123760688239444;0.008664452325303407
-0.001410662271967613;-0.009162047239159305
-0.0024898353792797132;-0.024991779824634314
-0.0012808534149377313;-0.009690688377814123
0.0009838547740813552;0.011016212965471887
0.001377417964963116;0.004394203990192937
-0.0017876767259617297;-0.012153942997214536
-0.0073086073681506766;-0.007912871550366457
-0.011583943739596718;0.005338776139337165
-0.01152182570794935;-0.0006349753746007366
-0.008402301352682395;-0.019081422625929236
-0.006209418352595885;-0.021682566909504257
-0.005748346234307412;-0.0020570930971171688
-0.00504407314854887;0.01950449865430092
-0.004111487338640749;0.023021387211892404
-0.0035469941083125754;0.012516596015025638
-0.0016219518748745495;0.011776285922588052
0.0014440275003959608;0.026663672979688725
0.0008842292481851403;0.029145226093185726
-0.00559017545355468;0.006433220223069542
-0.01250365626465683;-0.006917862101507647
-0.012503916185782308;0.011209645229830631
-0.004581693303453818;0.023459983753991876
0.005479080228774646;-0.0004756709102163277
0.010771242381238213;-0.022952642018497994
0.009333458351086347;-0.00442616479187013
0.005596084604626105;0.024411162103307897
0.004508055895500462;0.01827014742639953
0.005257600434401443;-0.006568619323743726
0.0042081487888954916;-0.010027185229479063
0.001916795195387577;0.0033724357987711734
0.0019857834206804766;0.006571473591415761
0.004387483466083929;0.0019489520088590837
0.005491422206877422;0.005429413117903045
0.004616405875908854;0.010328237851363609
0.005690833287883061;0.0045942825321767106
0.01099311367797382;-0.002310309630796431
0.016369325338062218;0.0010611084291347712
0.015228768039932877;0.005391345623431727
0.006816693177054579;0.0005301783777307267
-0.0025504283974186006;-0.004639585667084692
-0.00805723992842415;-0.0021757269636499253
-0.011207233539948248;-0.0015951133350966275
-0.012491753474155275;-0.00872504610310922
-0.007769794534118423;-0.012380961645165068
0.0018327452088449923;-0.006718367724282017
0.007462830371037757;-0.0022432460314027345
0.006544558475227203;-0.004769725132966936
0.006613959943017851;-0.006731596186549895
0.010812418234493209;-0.003853969902008315
0.013050076549326712;-0.000493227564447269
0.010157412033459044;0.0012578448593765024
0.007169774018340647;0.002161554247158097
0.008143535296802968;-0.00036258975669687147
0.008694956421005096;-0.006705518004564118
0.0016272783890980318;-0.009741631233931644
-0.010877285121048297;-0.005623576925363605
-0.016929329892726785;-0.0014665070284813734
-0.011224976186923252;-0.002317721064845759
-0.003812956383936058;-0.002092125156414489
-0.005269747881553078;0.0024353116456216515
-0.011311706806415476;0.0034042349260479774
-0.010880230045055467;-0.002838520666685234
-0.0032798676873115776;-0.008002116241465124
0.0017524117135290676;-0.006493671902427201
-0.0015407621692359787;-0.003337805598532622
-0.007989934058421643;-0.003185137849382772
-0.009490009267529955;-0.00327294938812352
-0.005120591169072209;-0.0007604977306836771
-0.0008504548401524465;0.001796215548000564
-0.0008511188289445256;0.0025861822881190705
-0.0024703228103991064;0.004928957220181422
-0.0013334674316740432;0.009283497539329746
0.001008960882157763;0.008502453700159545
-0.0015536406001514004;0.0002917001080233448
-0.009590306750715245;-0.004440878304027409
-0.013726438232186803;0.001596537935757926
-0.006002176285861287;0.0069139732090756755
0.0071100973988517;-0.0007312922381956694
0.011505554005402076;-0.011786865154172807
0.004276079182499319;-0.010116853036329948
-0.003530689931500634;-0.00010292194811710657
-0.0030380509587709737;0.0035530267363995216
0.002748577875165042;0.002575028768898576
0.0063788173408598926;0.007704421057984073
0.005216902488883684;0.014417970373671665
0.0014115236651278157;0.011222684915629812
-0.0021963589309997858;0.0036485974196112927
-0.004216635311637933;0.00511177206143292
-0.005024258068762469;0.011838129922495019
-0.005800556301050035;0.010430655354930955
-0.006357601418248572;0.002412648874898925
-0.004563527389936209;-0.0001689981245647831
0.00047905989503633145;0.0037027978740763394
0.005639232802824576;0.004563707205973251
0.00642417578559186;-0.0008531358975321882
0.002368341438387834;-0.006040032249422272
-0.0024518089490446417;-0.005349727565884065
-0.004863612231733801;-0.001231851334154271
-0.005147485237717985;6.935665666684412e-05
-0.003034550437908926;-0.0024672953649321747
0.00262525862540692;-0.004200316631257494
0.008358706011290028;-0.0034345212216911358
0.008754269436243863;-0.003440970906139883
0.0060878691441707865;-0.004394527524774935
0.007325845207163787;-0.0012229258378010906
0.011313912581290853;0.007253166097392955
0.009765976506019998;0.013173399427931772
0.0009856508791605528;0.009248004748948647
-0.007481833748206303;0.0007698119620528007
-0.010017080526711498;-0.00011484757162206211
-0.008372561393757272;0.007019895548605955
-0.0060345523358034895;0.008147460011873303
-0.004056258028764159;-0.003748948466558966
-0.002715394244331464;-0.014107367467181959
-0.0023659908661090227;-0.006389678178802529
-0.001882581206555811;0.009009031410350199
0.0015207773813184725;0.00638608785723385
0.009986852120654732;-0.012889266351186736
0.021414805408165254;-0.01844941059236311
0.027913979614305414;-0.0015293325025817497
0.02198903638393903;0.00804174079598808
0.006690464429354292;-0.005770242042247379
-0.006061179277932041;-0.01647932210042564
-0.01004456999068337;-0.005943910442816464
-0.010357575222041466;0.00034787097411114094
-0.012493099860807618;-0.0159438954366378
-0.014286665732155377;-0.026647024491473676
-0.01121445186376479;-0.010205340463066537
-0.0035521881199682727;0.00441711464953335
0.0041439428736043315;-0.008171706562686927
0.008070043557531964;-0.022636455403474663
0.007415536140400024;-0.013991559927892156
0.002197457042283716;-0.003217509644090282
-0.006815826124832193;-0.010773956569876675
-0.01454706662278712;-0.01677341759900419
-0.014358061699663848;-0.006120239699866983
-0.0076104978218416745;-0.003191910175233009
-0.003873334022251484;-0.02076345935293971
-0.00819325733938958;-0.02260559503401592
-0.01406079295905132;0.013406753906200532
-0.01258447225845761;0.04217387230802942
-0.0046141313184553225;0.02274572415534649
0.0010041201168657593;-0.005907216579763788
4.8132015628480375e-05;0.006841292567847772
-0.002177033318855875;0.030849412657014817
0.0005317267960694504;0.014034901038720087
0.0074595955584420325;-0.01711513042603421
0.01277740450462442;-0.005829286157608255
0.011890924693084861;0.029845692108529574
0.006879917605258311;0.02999816619745767
0.005209452741764067;-0.002733498706177813
0.009650133724469002;-0.014496776463137805
0.0132732373764009;0.006649612190583422
0.009972718891771804;0.020705695755182954
0.004107612732449803;0.008097841940730453
0.0024855138950088044;-0.006550947047540885
0.0030700575321696713;-0.003486425880690761
0.0005329352653864544;0.004635862374925227
-0.0022035595276214603;0.0033092999583052597
0.0015577970185959953;0.0009161019940742589
0.00925369053625143;0.007923700855181506
0.01163986760207456;0.014429380557994129
0.007530742232901416;0.007430122038781077
0.004790975985876325;-0.00452109870470132
0.00614249780959974;-0.005229789119301182
0.004956069063431059;0.0014799765321975927
-0.0025895940690514735;0.0015967468667876796
-0.009929603489226039;-0.001844486642100503
-0.00885916811340945;0.002129103628282406
-0.0011572237791953519;0.006704547025994155
0.004843479288335968;-0.0005215038646164958
0.0077857804090107905;-0.010013016650145432
0.013373233630296648;-0.004344702391833573
0.020103338200799306;0.00962023648229817
0.017818515406850827;0.01161680204567352
0.00358592710777375;0.0037271766792602817
-0.011990837699770947;0.006025304511804893
-0.017570343872409206;0.018991904330397616
-0.013579943989747902;0.019631268386391124
-0.009412608662885721;0.0005637335652580482
-0.010725616829703188;-0.014007871966065765
-0.01296588962400301;-0.004576196416398957
-0.00925755486498682;0.013960847864575491
-0.0007840016398422273;0.016954211557365977
0.005070651111763517;0.006181008855378792
0.003489083089253126;0.00012123377032764986
-0.0046114852624759015;0.0018167429093734232
-0.014163066872467302;-0.00039555718982229915
-0.018172454632160585;-0.008286541997587073
-0.013197236527853519;-0.01199337911158092
-0.004572497098958006;-0.00952766104982686
-0.0012297125913729302;-0.009323934972623455
-0.004062867195755341;-0.013331295622314015
-0.005395353022593118;-0.012581301640816915
-0.0020326697053261074;-0.0025997832741639876
-0.0012943659170886097;0.0075988872150702545
-0.008550598131414353;0.007475784500408477
-0.016269542826434075;-0.0006799530396431596
-0.014654139121500657;-0.006996909480102018
-0.006868292375575439;-0.009333094388651314
-0.0023265279112892005;-0.012245635980489843
-0.00044038782078305603;-0.013640500464170861
0.005749334229219625;-0.007604118993100821
0.014208854514526201;0.0006471626394010161
0.0162040412144296;-0.0007615091640667249
0.011186517786140847;-0.011194287465350023
0.006834539993138191;-0.017851740154165473
0.006307532598497805;-0.014346555686196262
0.005730730768798698;-0.006497091631975762
0.0024420183142169166;-0.0015951982838004663
-0.002033817780599022;-0.00173588940095701
-0.005664348159315282;-0.005648085532489338
-0.007897410805280577;-0.009810150349419983
-0.008736730840803137;-0.009325966582752969
-0.0072899244681979445;-0.0027438858974676832
-0.0024950351579513643;0.004964271216279918
0.0033618095815995076;0.007310586562052352
0.005657784953719193;0.003736481010705961
0.004886718250274829;0.0003461811519683975
0.007665225186678275;0.0019496737871848994
0.016871003760176563;0.004638721962000746
0.02561279817658827;0.0012753549718892772
0.02463997227176265;-0.006181514734686135
0.013626085206058224;-0.008269548133903886
0.0011180031753489032;-0.0022206747038025746
-0.0070371941473131965;0.003984478523899764
-0.012969117999752885;0.002630702017944413
-0.01794163309075432;-0.003968342217650376
-0.01751342861523961;-0.0068777555231089305
-0.010655632867777237;-0.0027734284188715127
-0.003956140894490455;0.001877386250069559
-0.0014906709482376914;0.0015069474085771819
0.0004493712313702418;-0.0003277245167014078
0.005194485015452169;0.00182080033991483
0.010666131320917873;0.006258509605653541
0.013610169242850962;0.008005446801687669
0.012029937735610766;0.007154115823353158
0.005241353916590842;0.007397902905133839
-0.003071016165607519;0.008901271667364527
-0.005961094667868428;0.009132646137618269
-0.0017991411786154497;0.00906002698339504
0.0029015584688587273;0.011080490889092135
0.0024804920659058155;0.012349334842551052
-0.0008904437086891471;0.008808727300744149
-0.002397004007987302;0.004004034850579433
-0.002186209364892429;0.003994896711768382
-0.003532701363556972;0.005821049002641665
-0.0061816290237423;0.0022031903111684632
-0.00626457915358772;-0.004435670336873972
-0.0023977192898137737;-0.004693320647872667
0.0026456620484867715;0.0011555521844963542
0.0071213157063068945;0.00047560361534733895
0.011974561166428307;-0.013718873449638402
0.015678650905046755;-0.029196953509694184
0.013703613103001437;-0.02597628087288278
0.005882846314255524;-0.0016544576395751721
-0.0016274670525794168;0.019643079932869314
-0.004513652760055129;0.01345591597817387
-0.0054491526362126785;-0.007679487256807635
-0.008737918974928122;-0.005995643718157056
-0.01385757180813676;0.019647728604909685
-0.01657923123755577;0.024052919211264907
-0.01385533441333182;-0.005924423932603156
-0.006611092612268215;-0.02049032761638651
0.00045907799650434433;0.0064364145744487036
0.003014583635645875;0.028383566011063316
0.0019442046862526267;0.011082620220860519
0.000351630194146707;-0.008687353623283016
-0.0032494089698221;0.002113582542552927
-0.010986802058044455;0.014946144028850295
-0.01676662056982943;0.002862232434108492
-0.012344740980664607;-0.009645698502098104
-0.0015950428508481648;0.00011382391764690287
0.003276676203097963;0.011708298023685452
0.0006834984844140442;0.004978436998219534
0.0019659750992236207;-0.005414612606354509
0.011567114002932383;-0.0023999712252910322
0.018709644893952427;0.0048631853127222855
0.014852070022409474;0.0027054647999316945
0.005989806714974742;-0.003878703462516412
0.00032641598061460345;-0.004319095392962151
-0.0031167106126040226;-0.001367331805364415
-0.006027266208157229;-0.004329178442722082
-0.004402227810359499;-0.011950443261584268
0.001708205447572035;-0.012941382852082966
0.00501855891059803;-0.0029838638402926707
0.0036421771724417314;0.006909818539833149
0.004591565155086309;0.004093116833136998
0.010669989659007804;-0.00807977366534466
0.014666362319500907;-0.014076740151182633
0.01011909862209355;-0.007235372872280366
0.0007760625655400717;0.0018025700145025
-0.004525582432264919;0.0018875863159456443
-0.003293314451605556;-0.0028203409960449455
-0.001717490961950935;-0.0030206185873704137
-0.006054234683649488;-0.0006614353210916547
-0.014489625211247876;-0.0020986964541106555
-0.018983973319994612;-0.003597522134516524
-0.015014115682416217;0.0017209842602882344
-0.00656701726788982;0.008816167621753196
0.0002107985765516678;0.006513020605654862
0.004225235877540797;-0.004728965548843447
0.00862409317551476;-0.01267082146876737
0.015787553132316143;-0.010384132336429628
0.022974486432581983;-0.0034385081157792337
0.023859999499941217;0.0004104939318230287
0.01720027271743611;-0.0006050186171764962
0.009150122795250912;-0.004686265520906979
0.003439714841950252;-0.008727542469731429
-0.0032080962689199828;-0.00892447327264464
-0.012652656907142177;-0.004767625941465883
-0.020295258705782318;8.216903332394341e-05
-0.022103470058082;0.002315790360913606
-0.020276003749596136;0.0007807812726779609
-0.017167937287076822;-0.0032736291577214627
-0.009905466506392232;-0.005093519875837768
0.0014178335788288894;-0.0010938815889786362
0.00805356285611418;0.005763530380792713
0.00529622333660029;0.010563361724936536
0.0010239040287444092;0.011834177081576991
0.0017666583181854126;0.009038059755738927
0.002869609700643821;0.003084749882812597
0.0005198748573332733;0.0009950952673088659
-2.024023720257271e-05;0.008951890580307046
0.0055273855614323755;0.01934195120151921
0.012450849889347916;0.017698407971292303
0.013171283752144372;0.004865817815457472
0.006383772048106566;-0.002431233584467548
-0.0020392362016852517;0.0029652415101459394
-0.0060582152643803;0.008615650954129419
-0.00565494884069361;0.00363309255617725
-0.005329979118746807;-0.005502782030585895
-0.007821638668909687;-0.007183102247858909
-0.01080898839703534;-0.000862493636569613
-0.01048758282652929;0.005222515647344046
-0.007161443314515725;0.005545768306394443
-0.004152511442165687;0.0017536996372338916
-0.0022151475190914107;-0.0016296320275565432
0.00010013647330584663;-0.0023156812847910345
0.0017016289591673082;-0.0017940464992033784
-6.298029448913003e-05;-0.003990489289335643
-0.004371047388135168;-0.009929242775707451
-0.0067982422853866764;-0.013330205357831764
-0.004252789614087236;-0.0080965887833472
0.001623942863723714;0.0007417509535155673
0.0064780954839691;0.0027388405117101254
0.008138210909239312;-0.003312523062174914
0.00806714287330484;-0.008769881549713967
0.008161280075203108;-0.006208118389324157
0.008296258651525125;0.002916429588148247
0.007140792228035658;0.008190445165646957
0.004130009033930495;0.0013518867183431149
0.0009289719352947777;-0.00966934233526786
0.00024165474095081;-0.010375840827737572
0.001477168013163034;-0.003227497143183459
-8.206527908556813e-06;-0.0010734344980314837
-0.005891115796496266;-0.0023503319687574963
-0.010450923591702396;0.0019807467215907757
-0.007824500531429579;0.006227065114098012
-0.00023039984408803664;0.00015113488493037727
0.005549482548076766;-0.009151701046146528
0.00682640226473276;-0.007807392685155048
0.006338767238689582;0.001471709900297325
0.006970168911777871;0.005011824490840459
0.008715757832632905;0.00017448764143900862
0.010686615023306588;-0.004060540210278235
0.012695188425737842;-0.003470857420762951
0.013205056642036707;-0.0020625180502179593
0.008766210036733628;-0.0025295355328814346
-0.0011820604810798313;-0.0037053126411516913
-0.011100227411377292;-0.005038816478451495
-0.01487471156570331;-0.006040560223053534
-0.012591531779108904;-0.0042394199476730315
-0.007895929337561083;-3.234539098434302e-05
-0.002216845252331183;0.0009579033522644148
0.0028383070375369718;-0.002935873904921664
0.002231483719454286;-0.004062385526272588
-0.005402640125989566;0.0033077557374717416
-0.011950140139244926;0.012348794020031806
-0.009782201770123922;0.011237193068025174
-0.0033707586599084215;-0.0006487041672853357
-0.0026238526184614074;-0.007299058255113408
-0.008474765642604286;0.00759223886907977
-0.013249696719034363;0.03381419475807986
-0.012429560578208487;0.038621642855675806
-0.008153150852865422;0.013947310753105683
-0.003193620227191054;-0.0036326906773221208
0.0011015642817699116;0.011034424095311935
0.0029296777944144287;0.02675941216964248
0.00237639769813053;0.009176559279297156
0.0024873236231941344;-0.01588882913840415
0.003683861340785377;-0.006471204790833874
0.0029344367057696804;0.020345505543892643
0.0013048129471763534;0.019820233574060236
0.0034553572442275037;-0.0008682777925887111
0.0074868566349313255;-0.0022954459391415667
0.006215282849638769;0.009875483155529668
7.088777339350092e-05;-0.000536903996616102
-0.002717946125797461;-0.025544711584053536
0.0007746852557660476;-0.027074082894548258
0.005339177507019173;-0.011126053846101361
0.007101626820755101;-0.014171563526147452
0.007099964706587383;-0.02974587354456456
0.0062727014764424795;-0.021819182710046358
0.00401946248361793;0.0011024295504468951
0.0022627350156703948;-0.0021208529771352138
0.004708651569973171;-0.027127811958436734
0.009765109497004347;-0.02879469357593124
0.010381404030589032;-0.0023165243110544373
0.004428259502687479;0.009006458424794184
-0.0013924568948668638;-0.008575191275142486
-0.0017597218088971512;-0.018495746938766773
0.000243434743633242;-0.0006473692164430441
7.314985631773153e-06;0.018613654862698205
-0.0014519386608124322;0.016325575624121198
-0.0010074092233453267;0.005507481737563373
0.0008732908894610533;0.004719024729798975
0.0018960969931682468;0.011054202123313997
0.002729446643404035;0.01487968980585327
0.005365298081497146;0.015948503018264927
0.007638873824877109;0.01588883784931915
0.005366152755679016;0.012338393889949237
2.3073482855438153e-05;0.0070926765955929205
-0.0027477594161251645;0.006224937564343373
-0.0023835222398263024;0.007584450809495518
-0.0030983107797834617;0.0022680505046992322
-0.004361982258400736;-0.008067371299066352
-0.0006856720031895468;-0.011402349575491121
0.0079468037912088;-0.005718657181205682
0.013512814370850973;-0.0017913817706353915
0.010306700119797976;-0.003550332241474499
0.0023081701563434217;-0.003846183328593077
-0.002859562828618929;-0.0009639073982125834
-0.003580035997472971;-0.0004291000631940532
-0.0038579668807997777;-0.0006853660861265533
-0.0061319761953490416;0.0030119607491744913
-0.009594236906911796;0.0033590176992130865
-0.013540069609968383;-0.008330428188965223
-0.017429467124314483;-0.021164368481247288
-0.01977380871292313;-0.017404045543057536
-0.02059510202165672;-0.0009883886969352029
-0.02132539070380527;0.00792584574102338
-0.019379913238984973;0.0025349919480031637
-0.00968466958413781;-0.004170641512329829
0.003725362195954517;-0.0002511560227238299
0.007266403508580817;0.010147055998379105
-0.003184828635578544;0.013659640466673421
-0.012833406861897434;0.0055491821702860645
-0.007190806487827701;-0.002991284196159788
0.00818972694346078;-0.0006046455456292515
0.01780519891708435;0.006209694149019119
0.018290161782591192;0.004255338085262924
0.017688122147527085;-0.0029897121161517643
0.01813876729906896;-0.0026401264378515
0.013766617247981642;0.002943321172049667
0.0037385348615677633;0.001496042057298536
-0.005425199873974324;-0.004619493092719532
-0.010655846966240952;-0.002606487843483962
-0.01537235406945351;0.006003146845670829
-0.020110114250959255;0.00721229961006084
-0.01938461773054239;-0.00015817941049919523
-0.012361909314231737;-0.002080552545140741
-0.006983167474344307;0.005580645285218995
-0.006486608493729898;0.00959810404151808
-0.002596453563057619;0.003056292300240097
0.009879906798841086;-0.003348646590718318
0.02318595014779295;-0.002485067360514917
0.028732030536935314;-0.0025673995315964922
0.02834338127756799;-0.008156614370862831
0.027745659201824945;-0.010756984992406796
0.027341956950443568;-0.006827617268687471
0.02326375910862238;-0.004790013865310576
0.01277580598069305;-0.008031850321549558
-0.0019430379138706028;-0.009104696681291408
-0.013903348229626777;-0.005168397691660612
-0.018476173192427944;-0.003499089310873613
-0.019307581103239196;-0.007360291007514035
-0.021028672772367585;-0.009556639370058496
-0.02037186049782808;-0.004965399518441038
-0.012978830115855435;0.001106529074249998
-0.003505173204351464;0.0023211954959605247
0.0003729781933640205;0.0006682154167920398
-0.0008154105494277689;0.0008411360464719229
-0.0014335113656114297;0.001816577976930686
-1.7036757738152552e-05;0.00047090868657665287
0.0020630082702274444;-0.0008147308234517349
0.004838989410950111;0.0027075438178309286
0.006084863207640089;0.009081855365604064
0.0018431448739914212;0.010524133535257307
-0.004560617130381538;0.0042087148322053885
-0.004545466618015084;-0.0034291371098152438
0.0016939152261316928;-0.005196229171132767
0.00469892907711258;-0.0015012012011562002
0.0010870976589509966;0.002008169604112721
-0.0018792428183434416;0.0018984626529240773
0.0008573064355341641;-0.000314779970270347
0.004530842278252516;-0.0017251382248588073
0.003231866724012879;-0.00246632996272097
-0.0013849087998862833;-0.004384972116132504
-0.004631647543267089;-0.003781042309509427
-0.006142709451968461;0.00817203540235178
-0.0073325383792151744;0.02790847121309789
-0.006263174863201745;0.03265245314035718
-0.0008869453038449731;0.012763409204689234
0.005969674027628573;-0.004182928495324205
0.009265711086927036;0.0042903767868191075
0.007236021318413709;0.012610203541344048
0.0033984014093332796;-0.005824026952754239
0.003997214925894138;-0.021799051135747514
0.00980495355736425;-0.0018851380717486781
0.01196262313661303;0.022697795462011023
0.004259848048421174;0.009471129475536334
-0.0051316702367782885;-0.015747549871421816
-0.006010456327536348;-0.006993444983692119
-0.0024490225209370625;0.01768323425334263
-0.00323919673441166;0.014054761222521757
-0.006133527543869076;-0.007951341529781886
-0.005354947486446084;-0.010813354490569322
-0.003940025114287517;0.001172937997809741
-0.005917373506825474;-0.00016126205558910872
-0.006342263678053586;-0.010729661878587067
0.0001706817246971722;-0.0077321631743793315
0.009277125376348179;0.0038746676061350398
0.013620128655104166;0.0025916730957145514
0.01334681891499823;-0.0072246241748100395
0.012775721084872804;-0.004003371989585086
0.011211248049918172;0.008574147073816334
0.005067428584395997;0.006236873380732911
-0.00286750402613476;-0.011279384020462243
-0.005183494805861781;-0.017689365216377758
-0.0016020829645792295;-0.004768765632117834
-0.00027512852652690825;0.005385376836205263
-0.004852359111708218;-0.0012736757792811317
-0.008813147164835231;-0.011187127833605546
-0.007203916974001616;-0.009856293258762095
-0.005994901907977463;-0.0021441347693803552
-0.012396021428318044;0.0023409900935824433
-0.021587271126346775;0.004362880251980431
-0.02237535408406641;0.007441998610841401
-0.013779898301679557;0.008552462171024474
-0.0066828471755761955;0.0043588317126775555
-0.00789880247490585;-0.0009284689727024283
-0.010370700510857258;-0.0010614472392068985
-0.002967084661134543;0.0024192440640729423
0.015284109760064713;0.0015465478645806056
0.035259513210212055;-0.007029188249260893
0.04710968906316305;-0.015342746434344572
0.0446159269407334;-0.012058969110831366
0.026993233733935463;0.0012705324088892892
0.0033499916304007946;0.00881157653048503
-0.01124575602077438;0.001552029784883261
-0.01139520077826495;-0.009913451855072624
-0.007880386501568826;-0.012641738705354257
-0.012718393862591543;-0.008579251320724249
-0.022753593363531256;-0.004742877983154767
-0.025465036345236048;-0.0015530071140634103
-0.017904745661410024;0.00032678051789722693
-0.010144793401907933;-0.0023135441526788334
-0.00963379409026785;-0.00561361211668278
-0.011769744159557156;-0.0023430043103796023
-0.008732359260138859;0.004248870026200311
-0.00045607797824037314;0.004753324208605377
0.007313913951435963;-0.0007650719337615387
0.012106917209698557;-0.004262966361673854
0.015860329319310272;-0.003000078878281435
0.017135363188239404;-0.0006400662110906054
0.010825751401295432;0.0006511406978931519
-0.0007870320845768986;0.0011679281705041353
-0.006808458735639039;0.0009222596019706625
-0.0033189357954032726;0.0008898642444280281
0.0006818868917791211;0.003265517726532239
-0.0008879093924481691;0.007893265984506166
-0.0014353699494011297;0.011295524323218205
0.0050166484860723615;0.010427271640034527
0.011921989471814548;0.005571654436509521
0.009770685396667101;0.0004894139932734693
8.596435913767539e-05;0.0012215224317470292
-0.00737139553009309;0.009923625881244924
-0.007276494057532534;0.01740954273188622
-0.002727559545979979;0.011433022664065182
0.0014912638513009376;-0.002787009224576378
0.004192447730073682;-0.005087017689262465
0.005761701834345319;0.0077558791446230985
0.005383114745150003;0.013364682199794524
0.0030609890220190724;0.001918261646320602
0.0014077975602686634;-0.004382823011061583
0.0021439946771400894;0.007326828276555281
0.003152593992832968;0.013188240464548539
0.001880064870967782;-0.0030221674228862213
-0.0006870748661323603;-0.015770722055042714
-0.0020148154350855423;-0.003919390736453824
-0.0017298175488594607;0.008827261192154118
-0.0009431532568811129;-0.0014986191291895931
-0.0003091486028722704;-0.014123113458896866
-0.0010296147929244653;-0.0035893973590878313
-0.004659381139407833;0.012906569408714196
-0.00981080931841983;0.009353935835342542
-0.012453700639047187;-0.001793825348076433
-0.011032907881875584;0.00279040062955108
-0.0086364081680557;0.012244609596534319
-0.008493252672242232;0.004828763751284461
-0.008143557487200154;-0.009095146862341615
-0.001930656020460853;-0.00714715880778397
0.00839385308737005;0.0032704595073119835
0.012586460638713931;0.001408927052954326
0.006587765376309043;-0.006572161846788793
-0.0006774591912337318;-0.0013215229930808293
-0.0008542949461842126;0.009533833985674199
0.00345954206101982;0.002358854415364543
0.007090870575903218;-0.01863751166450412
0.010538300970782549;-0.023913449343563722
0.013791181540583666;-0.005261231553068555
0.011729447185420593;0.010685786983716736
0.0030285172565344067;0.0030636946308527056
-0.004766298317615703;-0.013921647912351169
-0.00589656920126852;-0.01673679088651088
-0.004137875135336939;-0.008234186926075374
-0.004988430160261893;-0.006307439877455201
-0.008178386675772979;-0.010997072516584001
-0.011023106705801774;-0.009412344318399607
-0.012565026565310979;-0.0041960185950830065
-0.013365557453120016;-0.008400647164641051
-0.014901021121774998;-0.017377838420092627
-0.017266786704363993;-0.014121596209689339
-0.016650272727060194;-0.00018199432387250262
-0.009700941451501128;0.0048319915320526605
0.0008619259398073058;-0.004834024792895158
0.010021981526590732;-0.01109368026241802
0.016072467046373006;0.0009005464608838723
0.01898845541548551;0.018707119639110766
0.01910312641788766;0.017270942740165985
0.01863873728243864;-0.0030896061138580852
0.018918670160568307;-0.012273689569832102
0.017153317766286376;0.0030461228507759758
0.009528152252285777;0.0148425204007403
-0.0037130305171163714;0.0017812169392893847
-0.01665119619012645;-0.011282349648995599
-0.022283585700075274;0.0008144696941605755
-0.020393244919445767;0.01574910765735341
-0.016515567868000534;0.006839832731167131
-0.012387466404344159;-0.005931069948228852
-0.005426199899159395;0.003009937564860809
0.0027328224512956053;0.013551492006573414
0.0069446060610220805;0.0002679330991578141
0.007640222981415834;-0.01587562250307019
0.010226080467590616;-0.006477789801094156
0.015412547791084792;0.011034121164952454
0.01896158440242516;0.007484333214174232
0.020353319485012115;-0.004851539024201462
0.02117023158497222;0.0004810744784850294
0.01769818773778879;0.01379196333331421
0.007978033392634183;0.010882162115534118
-1.8604260310235993e-06;-0.0005723552522094808
-0.0007456332379890085;0.00133425386369191
-0.001655529296486716;0.01070088572137929
-0.008463306755871822;0.009327658146428481
-0.01339490020412643;0.0039666626215450725
-0.00901264663361904;0.00997659526630967
-0.0009969415811728682;0.01752804521062167
0.0025732476743422768;0.010335706487458253
0.004393712344765438;-0.0016625580434150797
0.010969047181896214;-0.0013578627627503217
0.01860291872332835;0.0041390287879354845
0.016518827015714277;0.00044996382623107287
0.0032464319067292023;-0.005650241835532115
-0.009523116525760522;-0.0005710556058005442
-0.012157964179016387;0.010009455585565376
-0.008095669088283153;0.010861260307841932
-0.0059752008584784575;0.0019492548732518258
-0.007974603300110872;-0.0029950405831329903
-0.010171887819013;0.002078297291960672
-0.00948106148374061;0.008198571829231312
-0.006528880150778019;0.006441081836642418
-0.003708883391660675;-0.00036989376745788077
-0.0025008496428196945;-0.004895207263574845
-0.002529951012717257;-0.0042840146738598725
-0.002679836146162629;0.000474468847693828
-0.003000177640522051;0.004522582843841577
-0.0047340098928829386;0.001067919858307134
-0.007532207503973544;-0.007414542342338447
-0.00854965722189536;-0.008658511388325943
-0.006300576892782305;0.0002418593646790882
-0.0029600961257994583;0.006345187903414649
-0.001731154291416542;0.0009510606635989094
-0.004411484401683377;-0.008306755089610167
-0.009719963429464832;-0.011346024952511483
-0.012168755546352392;-0.008260983317201155
-0.007609297898410512;-0.0037737958466824745
-0.00021452294739141809;-0.00017625989852558988
0.0028050744370123224;0.0008615364572349335
0.001593090486772402;-0.002077000180531661
0.001329877322799887;-0.005966207920269443
0.002845905792751248;-0.005624804763460368
0.0031150055709880786;-0.0027807213431636124
0.0017765538593309982;-0.00510055900979582
0.0009522726804822362;-0.011594617421391801
0.0012249918955008644;-0.009325644227980616
0.0007040524985630834;0.005642982656313667
-0.0034535305245930363;0.0159569818180002
-0.010853992730948147;0.007587848415309636
-0.015081510711717278;-0.005759662643313747
-0.011038596938916137;-0.0049705863129696805
-0.0035844579105089916;0.0013661098782532604
-0.0008287324646716544;-0.004918119270726316
-0.0021441219770841173;-0.014866167165631324
-0.0008588933211721903;-0.009232452499146159
0.005818290294605744;0.002080922697128011
0.01602971811621561;-0.0033792757873795064
0.026900439070244586;-0.01766952185463383
0.03356583074192916;-0.015884129990327223
0.03005924258157828;-0.0007815923407864863
0.01714740626149332;0.0039051321022042238
0.004543492963952076;-0.005031865131544002
-0.0012672320595053846;-0.01021683838103339
-0.005300486729530804;-0.007500563695462449
-0.012582719245967208;-0.0073925581032837015
-0.01723346006338647;-0.008792224511720948
-0.012405168297148998;-0.003009853493579502
-0.0025957733695792223;0.0028121945438094238
0.0023531760939162595;-0.00203091196879543
-0.00041315446724345887;-0.007217186297313576
-0.005299456274071347;-0.00034674744620469895
-0.0059242902195236515;0.006944351729670802
-0.0019542258130186025;0.0015243362670884519
0.002322730281592825;-0.0051511599633035626
0.00496352840783464;0.0005022949562206943
0.007143639544770986;0.00996289140754683
0.00842135538178879;0.010928939587184256
0.008433851997322496;0.007428928355559103
0.010394140448361308;0.007942231141820444
0.015500889739536602;0.011283706517976586
0.018675449181102498;0.012752603465070457
0.015963946562166074;0.01186903982540807
0.010370921872635276;0.00918900045491978
0.0061117926603149065;0.004286903731024039
0.0025885959145734443;-0.0003065968053664553
-0.003324878701163505;-0.00043148282794445227
-0.012397198617094258;0.003325926822832877
-0.020748170496623943;0.0068351611292837705
-0.02213537841298651;0.008101557637132297
-0.015475694647407737;0.006443915934718529
-0.007955994375307763;0.001831888954738191
-0.005575666647994253;-0.0006219552193236076
-0.00540874186008996;0.004735772940309695
-0.0029264902725439786;0.011489101655288566
0.0010406580056828221;0.007032490876755635
0.006205215513980259;-0.005683166719131584
0.015452814790421118;-0.010308367174192245
0.02651767541794045;-0.0036490572184148893
0.03057990074381135;0.0013197300563912613
0.022432123590684284;-7.881550590190556e-05
0.005752178551638139;4.354887355331933e-05
-0.011102654902716714;0.002899832941894092
-0.02113580891379294;0.002083107122117462
-0.0238251331864951;-0.0009167893263452848
-0.02432570993184791;-0.00017917557439521683
-0.024608650630414713;0.0009401921588406051
-0.02103870727917083;-0.003023545372077156
-0.013751238297520495;-0.006348375793593678
-0.0082762818434601;-0.0015928155085495508
-0.005316215862661882;0.005732030296839546
-0.000987688537313388;0.005220382431396475
0.0023135705363821315;-0.0025077488240761903
-0.0015474168089593516;-0.00805841461509399
-0.009808128687039312;-0.00664815542084764
-0.012738398094080245;-0.002378226642961484
-0.00681101181691287;-0.002606641009329641
0.0025630169560571982;-0.011006477678202696
0.008295152547167232;-0.020116069705897428
0.006511881817121593;-0.013042778402270852
-0.0008415574215533881;0.011806490406498029
-0.005877194223388839;0.025630868923889594
-0.002958855555884656;0.008601760698699416
0.0033850020123049923;-0.01038632982583765
0.004697770250555767;0.0018398283432657025
-0.00015177403808669076;0.02118391630858872
-0.005577589343214306;0.008570471221035046
-0.006945551595241271;-0.014231359081361255
-0.003418597450949544;-0.0024422528885192944
0.002750528872043154;0.02590641656609299
0.007485137667514359;0.019988493108888717
0.008106929594864209;-0.01158744077345891
0.005800277856025015;-0.01760354863394328
0.0042144472442956875;0.004451695086109174
0.006307912756401555;0.010038771798409554
0.011958000387406605;-0.009998298120736753
0.01785854172338378;-0.018989694491643342
0.02042152670335741;-0.00442902947438765
0.018596385155905858;0.0038236010084925424
0.013783956156986117;-0.00799621531542174
0.008262411280730048;-0.014323637869738816
0.0034860081933937898;-0.0004629318202160438
-0.00040094602795775564;0.00899702818301158
-0.002818932095546063;-0.005299272091253528
-0.003196589400812165;-0.021539518178499386
-0.004235697913130104;-0.01402388616021037
-0.008848213225038462;0.0038160695986042426
-0.012844846726799693;0.0058187797939148345
-0.009313502290611607;-0.002801274290492673
-0.0010985144384698096;-0.0015081198996284774
0.0017261280471512646;0.006487186783973491
-0.0019117771127423937;0.004539784464236715
-0.002360555164119795;-0.004183724902429244
0.0037373548613335683;-0.00346940465267855
0.007353092052888462;0.006856683703208699
0.002169286478480995;0.012431052668152401
-0.0058765136921459385;0.008837779110146372
-0.008388141169305844;0.005933600393780502
-0.004408319049906959;0.008802781585287514
0.0017950028248759043;0.009883721671141564
0.005573515727947453;0.004101565542408379
0.004179444096106275;-0.0011501057774451796
-0.0006042352291779985;0.0014187764035872115
-0.0026470511515904187;0.0065260675156860164
0.00225525533738331;0.005166217326530519
0.010755613536949087;-0.0008601748597261655
0.014925409637320423;-0.0026476271464015754
0.010497181016982418;0.0011414581543843303
0.0007012909674383623;0.00308134829280516
-0.006914609046188055;-0.000424436759400948
-0.006832144468993863;-0.003957425098956073
-0.0011565411354644314;-0.0017386154011945945
0.001831373813834594;0.0035035782599360595
-0.002066562493414038;0.003661759388800387
-0.007532047253637678;-0.0029831039324322785
-0.008956988900444319;-0.00813444705588454
-0.00879315722378977;-0.0045082150658982065
-0.010248380789446742;0.0037105818020325317
-0.008941727349043044;0.0038216083058463714
0.00012717068122338937;-0.010720884936840605
0.012174482611487153;-0.026195851818071852
0.016279423735026468;-0.019716401297697972
0.00887969878529387;0.005307025895653299
-0.0008023789874774851;0.01529832060758361
-0.0024618618986232163;-0.003148924699785814
0.0013264465242807907;-0.01821146157175375
0.0007524179407668742;-0.005346743348247105
-0.004755809321096281;0.010534088644536168
-0.006881202186148333;0.001662276283541749
-0.0024842115153708337;-0.012000340739722969
0.0037933756673146574;-0.003125418718758345
0.008064006259653032;0.010147025216839118
0.009247899010268264;0.001395589504808755
0.00564206314149938;-0.01079018931829102
-0.00356613932448359;0.0008967289726527591
-0.01461618312165083;0.017613515036847233
-0.02088883046425942;0.009348641356165147
-0.019138752890972367;-0.008132495222500502
-0.013140089475329571;-0.0046952005725681475
-0.009168252353811784;0.007945513856701123
-0.008171687767544964;0.0033169558705438006
-0.0060220328547452;-0.008039420765041381
-0.0009722875428936505;-0.0030876592025149948
0.003912652124858407;0.007104856830198188
0.005624262487887112;0.0008683937632310471
0.00451674760549238;-0.010720339879350005
0.0027624611586547668;-0.00614243443529173
0.00235905480387236;0.004389325916439005
0.004250061976685194;-0.0009604423855897498
0.006718172954957784;-0.012976384714820677
0.005498112033231843;-0.00737617962179547
-0.001339798576339248;0.011085073926043005
-0.008883111232013977;0.01640699379884969
-0.009002018345157285;0.004313709313962878
-0.00023605682080061604;-0.004069610705253896
0.008612733433342765;0.0017018290438124753
0.008500715645696903;0.008206773139026194
0.0011185487508181004;0.003838949827353005
-0.005036444719753013;-0.003947335155469987
-0.0063414158796122;-0.004522836016006169
-0.00604720330740111;-0.0002813358450902347
-0.007249032477384246;0.002302016174950677
-0.009300964516122308;0.0046361778669226075
-0.009952359627003743;0.008990643953232383
-0.007630611278906084;0.009132440989387805
-0.002342785249851278;-0.0003350119214150923
0.004646847806979281;-0.01115109707541145
0.012353655762678847;-0.01118941976338366
0.020010752277895612;-0.003400270414121598
0.025758322314874287;-0.0002639688507240582
0.027871331993424116;-0.0030091593985516686
0.026161405350692186;-0.00438674274202339
0.020614953075162566;-0.0073874730029416785
0.011598217576295138;-0.015819678065939372
0.0018881021573097364;-0.012844686465985003
-0.005519637991081454;0.013804238947193154
-0.011427090303465354;0.03462885576694066
-0.01794056303384854;0.017265521572092022
-0.022194865422005168;-0.010984248280075774
-0.01841662136367321;-0.0023322245731751214
-0.00830548861256027;0.027047026057143483
-0.0018616228797162541;0.023806255510870903
-0.0032134710098246267;-0.0076898454123359985
-0.004599562004027358;-0.01461018537328918
0.00010330757726182198;0.009867907207926616
0.006195882633492886;0.01847528599207229
0.007181129512041726;-0.004127569142948729
0.0031930776287138656;-0.018826485163466168
-0.0023776830530465383;-0.004070182793590058
-0.007217162866390217;0.010881836832085505
-0.009575352899417792;0.00017107994845629045
-0.008019693239597213;-0.019116799631093397
-0.0035357015429046913;-0.02120540813723856
0.0005214460561006324;-0.010314937278788575
0.003081206251490979;-0.003175276345566422
0.0067233421692778576;0.001299302154974798
0.010734970621923027;0.010411520943517782
0.009445973441705996;0.015224570254249191
0.0028169958327565682;0.006069703664120053
-0.000999147607450266;-0.004927584595897683
0.0009937061704837233;-0.0032779116024652575
0.0023928102509043233;0.0008928261770452474
0.00014815505151713525;-0.007551505694176497
-0.0006198228544952607;-0.01763546461000175
0.003287384863386652;-0.00992060646956733
0.007891091731641766;0.007735096824413222
0.007846737626334374;0.01126757531961195
0.002796245290496763;-0.0013523820081010134
-0.0017033335912214449;-0.009344996491559626
0.00022524650268286115;-0.002374849234765319
0.006518727390221025;0.007442631057269098
0.008077132387418395;0.007008482074485876
0.0013471758420822697;-0.000295296090794547
-0.005132010608533232;-0.00257196478467823
-0.002219761194373661;0.0033547870036849136
0.007002109521590618;0.008707938610325334
0.01260980881362568;0.00702367583762106
0.011300732858455847;0.004452079751354346
0.007806358364924169;0.007987519097195729
0.0065305015458893625;0.012007820530191414
0.0071459103383073735;0.009384603905442384
0.006491861670032508;0.005453198647031755
0.0018019166328217438;0.006328948136638664
-0.006227126455245885;0.006242268741452032
-0.012069019777843679;0.0008829423183267876
-0.010366921566443964;-0.0013464185666971
-0.003610337949153573;0.004898084790362897
0.0003166014990315543;0.009686897823758386
-0.001270718582590419;0.0041942500218786205
-0.004580743812686431;-0.003996751901718653
-0.00774280677295166;-0.004218738789788121
-0.012143737446308311;-0.000848793506857243
-0.016313257191194835;-0.004880631290130237
-0.016622209465491217;-0.01364944773928863
-0.013493702576630006;-0.014589207762701815
-0.010339692480409769;-0.007577906411912082
-0.00810339277918147;-0.005705898801849918
-0.006177144787718227;-0.012333882688741592
-0.005051053114384858;-0.016018853939745174
-0.004053901640792221;-0.01083122162660522
-0.001784905732108233;-0.004407958796451935
-0.0005584376147719864;-0.003436997383572238
-0.0033559092035759736;-0.005352856998140854
-0.006792131116292202;-0.006128306975799152
-0.005589464329341176;-0.005854663214370192
-0.0019300191682517884;-0.005484122831976061
-0.0012530495959401848;-0.004482288388753062
-0.002245718570704721;-0.002118255647764556
-0.000372633404897691;0.0015400478491022268
0.0027855946919258276;0.005192502789560979
0.002816798606740464;0.006312730779614491
0.0010550255537603193;0.002846132820322514
0.00181345804276299;-0.004152432883113726
0.004524967293264471;-0.009754911916330374
0.00522582918116937;-0.009190516579158842
0.003098464882572583;-0.004067721879341248
0.00028291879271665084;-0.0011171753707919666
-0.002593265182782152;-0.0021298199692838136
-0.006140783828321116;-0.001515412099294442
-0.008979450122881545;0.0016001825773990354
-0.008462461401217689;-2.5266331255852895e-06
-0.0038836894899329623;-0.005572818642318548
0.002875188614534277;-0.0033386880299108197
0.008901799479100702;0.006348853375746987
0.012073955634313663;0.006176897021460722
0.012514532358417669;-0.005630648969004524
0.011621872068839101;-0.004045404611222855
0.009376370459646639;0.019304425793434866
0.004944339218119037;0.031835938518693374
-0.00023914777777074813;0.012913390749089891
-0.0032722743100637823;-0.004206033829918133
-0.0037784754450288735;0.010222052672603918
-0.004660218022994172;0.024222313091144025
-0.007680879501956852;0.003229022089674748
-0.009154990679868474;-0.018735527757256655
-0.0036458634165206505;0.00017083114001814398
0.007564552070084968;0.026948484883658325
0.01716325457389236;0.013930789037685373
0.020272680622181634;-0.0107941331479034
0.016316841272997762;5.590142381129475e-05
0.006662009925531216;0.021435294505593082
-0.0034097973888851285;0.008423141517331407
-0.006237137049876854;-0.01584650928529157
-0.0005734406963752532;-0.008592337276960784
0.005827015617653289;0.01010082095988393
0.005448910308103639;0.0010859813016909725
-0.0004559636251768042;-0.017603533065975483
-0.004257274867548666;-0.010456542150549806
-0.000820959422823613;0.005104321241189545
0.006997937828172808;-0.004149436847880551
0.011502465266336288;-0.02006248203053668
0.009296369579939127;-0.008299470132485954
0.005168082224922317;0.013167775786784183
0.0038763418687352597;0.004538953355866538
0.0026251845620898955;-0.022537539613598185
-0.002331958119229827;-0.02388164725280911
-0.007274336297836132;0.0015281169906361523
-0.006978857081568193;0.012979980765860502
-0.0035520958567979125;-0.002469538990282516
-0.0013782737615241855;-0.015043002417001192
0.001342140154992595;-0.006692982262086102
0.0077997337056705555;0.005733908084553075
0.01390640512454198;0.006578079024359685
0.013212104930421242;0.0027600129531615
0.007416438266430004;0.00264595497097831
0.0032133557075127686;0.002708811847856829
0.0014218189001151396;0.0005758181651367949
-0.0015154205744692666;0.0001274765653684726
-0.004263923234301369;0.0016625876282322775
-0.0029868795943765424;0.0014694153287026159
-0.00035082261507072486;-0.000981717504967586
-0.002140538752545465;-0.003279540934578397
-0.007190810338749719;-0.0019728290358257826
-0.009647895189410071;0.005824119907212882
-0.008833969673865159;0.015154722476743312
-0.008862836589998235;0.01564591234161446
-0.010611985582935813;0.008635828747689984
-0.011238690013739484;0.006753748674305124
-0.01013385409382161;0.011446447550407472
-0.009016004753018747;0.011130886217951415
-0.007553318849345749;0.003853946880099689
-0.00489035471909251;-0.00029327218434797224
-0.0034987921089404237;0.0007867209197215433
-0.005622166605965498;8.58336821177218e-05
-0.008752478162833324;-0.001066050852981243
-0.009482560704766893;0.005184556392283687
-0.007941211005549006;0.014502568080835491
-0.005443554089735375;0.012790673657525072
-0.0024579807071614447;-0.0011248392972146523
-0.0002213061296704433;-0.012731961166163992
0.00065601480143781;-0.013607280963090163
0.003171479070780616;-0.00933273932228972
0.009380634916794686;-0.005003103714958618
0.01415932019992228;-0.00039262272147176685
0.011686099096351396;0.0006541381585170599
0.005448435710222227;-0.005509184870912916
0.0024271104537752506;-0.010639867700398733
0.0013710650530216924;-0.005806232835642398
-0.00392774994695157;0.0013824415060605469
-0.013045793875843556;-0.0004977917082468178
-0.01846051642063542;-0.00641688002562656
-0.016256954427266223;-0.0060641282314468315
-0.011348191243821925;-0.003132699537257017
-0.009527098623160242;-0.005152493260628914
-0.009130136657054548;-0.006605686512999486
-0.004879998109245223;-2.371120449062483e-05
0.0037764641545467805;0.007283111217427746
0.012844162238496097;0.004395228497986966
0.01978549454603974;-0.004742326732016026
0.02489912898399235;-0.008593427056237245
0.02769238528753887;-0.005752353163710777
0.026079710473599346;-0.0034106927763706495
0.019669700400556347;-0.004449311489536523
0.010489831282695858;-0.006184088256026492
0.0002681988480007142;-0.00802412099586638
-0.009412601683169233;-0.011146642490503003
-0.01509745451456426;-0.012764012635838982
-0.014882484196067289;-0.00986819309792669
-0.013058305627699855;-0.006595522780451227
-0.014577407348071204;-0.008173688412534722
-0.015777708240513773;-0.010388491508663993
-0.009412638270200334;-0.0061261462797750415
0.0016347621831069416;0.00040156312700794194
0.006381644033861783;-0.0006525588144786832
0.0024722694710344524;-0.006462718047075793
0.00010815811063624568;-0.005725109651673968
0.006094385212933868;-0.00024798434066028294
0.01322591024733396;-0.00048355278065565833
0.011372775536504254;-0.0019899116810072376
0.0024038742184648338;0.005424253461300969
-0.003671101064290117;0.012150781547763159
-0.003234101176754057;0.006793646725935098
-0.0014544164015071535;0.004499623874990517
-0.0024026693604085607;0.016716948596254482
-0.004268279894704869;0.01842531528717947
-0.004104263036082031;-0.006382323345193993
-0.002335116161807397;-0.02213860860717849
-0.001174097686538954;4.511293020104827e-05
-0.00011144917731077266;0.025031999971518372
0.003806956701648082;0.014386675052513346
0.009477044270518506;-0.005385382808373788
0.010878290648983002;0.00344380419238183
0.006596595494270776;0.021226930208458613
0.002963542849087877;0.015438144261974136
0.0037541289267574956;0.0015230807954483042
0.005580005864920577;0.005747757234524362
0.005771804965549379;0.015060015553223822
0.005068101440202555;0.00947043271066446
0.0028395018652789756;0.0021512337862727177
-0.0008781803215207715;0.009275339007448175
-0.0017394526358087078;0.01662837501795408
0.002670478580690199;0.008678231921422594
0.008179586060882635;-0.0005962323505743043
0.010693667918643823;0.005615059977762001
0.010824816980961226;0.016092282534891606
0.0091061693576044;0.012841777086776066
0.0039018818789928723;0.0018789652566406027
-0.0034243913430898605;0.000553498991715248
-0.007318064765703283;0.009258315720265312
-0.00505268410248051;0.013453076811630136
-0.000941660556441731;0.005082606462853826
-0.0008446029543037994;-0.009062700000506243
-0.005702785053023497;-0.015504042352308662
-0.012174526450717569;-0.0067620122259125365
-0.016189109659334906;0.009843546839605423
-0.015359150152846763;0.016698309649694924
-0.011061388000328727;0.0039478008306582015
-0.0073378184528077265;-0.01774837942917934
-0.005608539663410463;-0.026808468770716697
-0.002782218854035999;-0.015290803172604917
0.0031084276502005054;-0.00019686663973306315
0.007804985816206135;-0.0020312889112366187
0.005928966291594079;-0.014843262640754612
0.0008716879931153387;-0.014779772447841013
0.0014993418666151344;0.0007381281154065573
0.006904971183133108;0.007992268907637743
0.0062394753274514015;-0.0024673180883231054
-0.002770014551369753;-0.010342511038471105
-0.00915031460687111;-0.0024412440013803632
-0.006036395127162735;0.005295174149089445
0.001111527752784018;-0.001626213652286556
0.0053165907828189776;-0.011241580568704675
0.004152702177757065;-0.009155262051137187
-0.003950205799107454;-0.003639855178355209
-0.016828936762281345;-0.0064515574453018745
-0.025062025299247153;-0.009867180651449382
-0.022631090224230307;-0.005214586621518712
-0.015692465519692746;-0.0035235033176649476
-0.011661761123457851;-0.012716968062121328
-0.008156763357624709;-0.016764584033107037
-0.00057001171923448;-0.005068652378172484
0.008618534757030526;0.0027090415602070783
0.014079120889085318;-0.00926380995640614
0.014474551652609925;-0.02103757063532084
0.012453846176710063;-0.010462262093080104
0.011310661235818016;0.007181924208664693
0.01155033546489766;0.005606575261361998
0.010623385845249715;-0.009141025218915123
0.007494595869439748;-0.013001021483960202
0.004422055861641116;-0.003211258794273182
0.002297744384323807;0.004075711800858966
-0.0006408964041218176;0.0023152826464381574
-0.003982748336703634;-0.0008614248349265744
-0.005432615638428607;0.00019293037392112788
-0.006419064273973786;0.0031877123375495036
-0.00948408000080467;0.004160047393282729
-0.010413855677609676;0.0016776873185737795
-0.0030488081320542426;-0.0021954131014455106
0.008137244811637393;-0.002309864091947566
0.011698698685953439;0.0037057319568766615
0.006366190400871938;0.009767469387915707
0.002747204205102553;0.007826125974776285
0.005858494189849224;-0.0001787499954831128
0.008323800317458947;-0.00365855552749177
0.004569351992445027;0.0028532230172646114
-0.0006124825219635271;0.012566217399650102
-0.0019868323212177746;0.014735769567639213
-0.0010288738016793438;0.007904372065830148
0.0003582105271627854;0.00157193925158265
0.0035189258986726593;0.0031204976525109587
0.007855534640201058;0.0079665389354142
0.00932167205279481;0.007882953851654644
0.005824423118874323;0.003908244937914537
0.00026720456400488105;0.002904011827785706
-0.0018035286832190933;0.0043995225302993785
0.002741384612296962;0.0006857502718214261
0.009964112602277943;-0.008113472427233424
0.011249116627227435;-0.008707877786230278
0.0031862424407413195;0.006295769123289371
-0.007090398161202672;0.02108066182914913
-0.009032444296872257;0.01575494147205999
-0.0009269210064573228;-0.0007626610730226306
0.006712148307563689;-0.0019153276983201013
0.002553625104776157;0.011980754238168462
-0.011256472815974364;0.012163809357261073
-0.021154290585801306;-0.008193747592298163
-0.019504578850818508;-0.01805453014382042
-0.012787138444737566;-0.0006035496435188288
-0.009543824855090855;0.015582178605796679
-0.00914780638165736;0.005282446705984172
-0.007871302621358805;-0.00972881285845655
-0.007072836154802316;-0.0018324132968738458
-0.008533418197955046;0.012769914142599361
-0.008768059907284959;0.007031090130700527
-0.004856806953236485;-0.007074864221940685
-0.0010166371802892774;-0.004937592406553881
-0.0023222446469490466;0.004853609321987054
-0.005069516618212296;0.003179826205637897
-0.0014947673995263891;-0.0007112409733800257
0.007535987124570361;0.006988972640641562
0.013578369077064747;0.012043032630283725
0.013829653724444583;0.0012461576819753509
0.013629403508382033;-0.006905954516364001
0.015226778396315284;0.0035975846326787814
0.014353582859349923;0.013379672695139308
0.009784716147340364;0.0031697207914617334
0.005798420572566713;-0.009835049041712165
0.0029033461378367366;-0.004152141745329157
-0.0029798082914645565;0.007844017497930638
-0.01007789802754661;0.005292669081076222
-0.01108023860122172;-0.0045335618234297595
-0.006034466154407602;-0.003538847649675029
-0.0033087629883930213;0.004790143293637286
-0.0055711325981644185;0.0049139717207614736
-0.006147658072698592;-0.0038596924911382807
-0.0008928348341207166;-0.00957287603292528
0.007353597492645682;-0.006752850279301206
0.01669575729870769;0.001403863459997384
0.027514606441652042;0.01128799803402528
0.03534831135059137;0.016127187156325763
0.032756878161931485;0.0049260373178520705
0.02005494879743258;-0.019708982438642303
0.006523209956642038;-0.033447627385076444
-0.0009997454201005466;-0.02115449834068142
-0.005211321733553452;-0.004003383993317581
-0.011911822034977542;-0.00848266668967344
-0.020485657606903872;-0.022705400670782444
-0.02427008980044416;-0.018276810427258074
-0.019372699322760204;-0.0012916456739211065
-0.009882041368852996;-0.0009016871451328765
-0.0031838673207863297;-0.016738672117649685
-0.0021344669439182914;-0.01938090419550584
-0.003849910890189539;-0.00043050975934041914
-0.005566496548442069;0.015888735890686827
-0.00826012860126992;0.013559710553466227
-0.012374117481766717;0.004286034678713264
-0.014825133308655312;0.0003809216343358083
-0.01410533589229147;-0.0032762610919221617
-0.012226534187676831;-0.010243560390269897
-0.00948080913128;-0.00979202205875804
-0.004949642724316818;0.0020471566173814308
-0.0009181868277746212;0.009029922517576982
0.00110090091879254;0.0009194796565263341
0.004050165805005381;-0.005946217464492987
0.008228092086819457;0.0033288944274876275
0.008014053125363211;0.013985584877768456
0.0022855217829847035;0.007597545771639621
-0.0006182999743273255;-0.005525821503124951
0.004046357224505971;-0.007775779806816017
0.007852256167118305;-0.00514148145037062
0.002046287354489672;-0.009800668905059729
-0.0070349782694599985;-0.014489153484219414
-0.006305341081799183;-0.007756055944334835
0.004642171149607007;0.004651732051766832
0.012889145364121274;0.011044449598445631
0.010102500301585894;0.01112520064250645
0.0031947912868431232;0.010134333338371654
0.003446204258711327;0.00703683067817405
0.009256813515178826;-0.0009818613352443278
0.008933771239048961;-0.00867628198806108
0.0008303699660443921;-0.007414061203388695
-0.002752997447359844;0.0020946347585442246
0.003966256767690138;0.008686585426762884
0.010657900611853833;0.003163622934020756
0.008276321445215538;-0.009729045736463089
0.0024466283199796935;-0.013966366666557133
0.0025512116670690383;-0.001176374036023546
0.008319260173915773;0.01662371596428185
0.01319360145369924;0.021627291725224485
0.012731014304782485;0.012637846035657672
0.005243796197960823;0.0028174162131499258
-0.008106641282491299;0.0006597298920877252
-0.019697704777428774;0.003197988259745239
-0.019754562930106377;0.00436758113433953
-0.008763109099480974;0.002301053807311635
0.0010451108315646133;-0.0012235016469249302
0.0003082661589285415;-0.0040001638860332365
-0.007030942548261144;-0.00384230084213618
-0.011535969722033503;0.0006424112516461661
-0.011605157687711254;0.005606410685111996
-0.012787851872353519;0.004190771707440895
-0.015702739375159796;-0.0018893375025548257
-0.013318065500079674;-0.0036940897981589315
-0.003027264886910313;-0.0013169247176536441
0.006518129874805131;-0.0014674056191160251
0.006208743515582307;0.00037302655683172937
-0.0011356034637669426;0.010295240132435896
-0.005289901683632296;0.015488801348495534
-0.0030168578015985843;0.006047749095692283
-0.0013146156037755969;0.0019185089468221042
-0.005468857369282699;0.018240456611248818
-0.010271985071931741;0.02828653458674296
-0.007124282907121333;0.008361469494902416
0.0035934943357485974;-0.012388800502096448
0.011439883586261933;-0.0014341553187778603
0.008159006142610739;0.015579380026569998
-0.0007993035739844318;0.003357900505550465
-0.0021142063288108626;-0.014303839658275006
0.006812429675842294;-0.0002739261910570425
0.013312906546037222;0.02337678076149311
0.008169718571495704;0.016692358103417494
-0.0005464749719441967;-0.00477885741733435
-0.0009943348555974682;-0.003961219813210646
0.003804434457940803;0.009225777839588892
0.0035595385198677848;0.005111166498269911
2.3405324252570002e-05;-0.006704861012844961
0.00284204087610487;-0.002456645575923795
0.010384225003322875;0.00586247574465308
0.011095393234969476;-0.0019690222575156823
0.0023564297385079763;-0.009731668668949452
-0.005756670766316747;0.002153338378697051
-0.0051796262938867;0.011091914463317597
0.0016816938250795513;-0.008806530593267673
0.008235759712435033;-0.03250996133358979
0.011571619879387622;-0.022480125116623922
0.012739106744864313;0.004384264015452388
0.012770845870128113;0.0035191375878876716
0.011375627974768173;-0.022866819838354608
0.00933890095232991;-0.033262535746371
0.008022287344908422;-0.017761920189793456
0.005113990068093098;-0.008256984002041359
-0.0025660947871128945;-0.018297515459268828
-0.010495765630502743;-0.022201785889757138
-0.01050015038037555;-0.005084834324105866
-0.0045955310788192184;0.009645541964946495
-0.002999364513844067;0.0030173553295977282
-0.007784691071100709;-0.005904103719113565
-0.010497272544867249;0.003707285909795432
-0.006816515482397735;0.015518622453515093
-0.0030071486536901427;0.006449981821352828
-0.004989566951908274;-0.010563183036914819
-0.008790288564796793;-0.01083143124132118
-0.0073622143473156135;-0.0011400682864550378
-0.0021369768194302147;-0.0021528485589274813
1.7891961477355957e-06;-0.009485962755144085
-0.0012120459611707917;-0.006562776523883054
5.9961631432848876e-05;0.0023875188266920372
0.004076199743467631;0.0030053472094373652
0.005139191129217234;-0.0007400009400752849
0.002836993899808095;0.0028624859765812955
0.002194440755754822;0.007335665738302955
0.0030720472184396796;0.0012195037599808142
0.0009668538962285665;-0.005020895449644497
-0.0034959914754419054;0.0035858138860216707
-0.006124485436231924;0.013364402361640812
-0.006458215800400575;0.001117793675083547
-0.0060055303133470855;-0.02223443148294654
-0.004192206480348609;-0.024328820314834975
-0.0006147618102971485;-0.0024112062477831355
0.003188946111983017;0.01433142893838691
0.006160122713589952;0.010619324409341137
0.008299708198381394;0.0007019156062815004
0.008014268218762723;-0.0005155259127843831
0.002526103317902121;0.005930254974046912
-0.006753137566245812;0.01430376769337897
-0.012552368202988532;0.019803624002554542
-0.009556629237710286;0.016347218965107147
-0.001477617248181411;0.004984996782374139
0.003393819411230863;-0.002857709162154046
0.0013106875344576316;-0.0010467735937473332
-0.004088988800280953;0.0033927580548218576
-0.005824414371818732;0.004166299595042709
-0.0008718632111850705;0.0044788382401473445
0.0062234351733312454;0.007459511290831032
0.009740250462656337;0.009556935851863641
0.009500843736566589;0.007456141076299638
0.006357188484975925;0.003596343688156866
-0.0012717664437321404;0.002198243076348068
-0.009505413920834862;0.00410658093777775
-0.009438528744965983;0.00678402037751717
-0.0031689626339961563;0.007543730121822388
-0.004018073335847578;0.006149544349438445
-0.013512147762060712;0.004943165176910253
-0.01663370217977059;0.006280471358839871
-0.007070859057478934;0.009017948102319982
0.002140900945426509;0.009282133368222046
0.0006404530712469681;0.006264418477478924
-0.0038409503875581315;0.00375973952400407
0.00023759167995704238;0.0033817112065189646
0.01187228420618955;0.0005640042735103317
0.021987214600334266;-0.0077001817215563645
0.02433400539924378;-0.014239165622126827
0.017676658515620218;-0.009254877994491319
0.005006210035183042;0.0036685452608275536
-0.0069673818477224364;0.009708145111427025
-0.013032119610638283;0.002968334169435633
-0.014375209441387557;-0.006397403158220277
-0.014812522975665737;-0.0074725347225781235
-0.014896403565336133;-0.0013083118712388588
-0.013250166225087895;0.003154873113522381
-0.009578388887626474;7.625534582383645e-05
-0.0031239421318492336;-0.00655519971432625
0.007217403665176646;-0.00815725003873425
0.018974495873832292;-0.005675116393495283
0.02669563463662367;-0.009438004316393656
0.02764599800846231;-0.019170373167084084
0.023508808803119476;-0.019755822254173206
0.016896088712862748;-0.006874271187852646
0.009767206865478785;0.002111305262666085
0.004218374568011326;-0.0039875708337152906
0.0006733387475928899;-0.011621471854211796
-0.003868818589928454;-0.007427010056367114
-0.011081145655117454;-0.0011200108591941902
-0.015710039357639635;-0.0046357846432406825
-0.011281624847939223;-0.008591055503465643
-0.0011188210747775614;-0.0016634594290261657
0.004270800154468359;0.0058375805444106895
0.0010320810644308966;0.0012955497306190932
-0.004417076635332217;-0.006183538693992475
-0.005660374004304204;-0.004118332921756562
-0.0034700085713795493;-0.000356005260287909
-0.001830192270685916;-0.006499386120206643
-0.0018260051000695086;-0.015227020979419548
-0.0017740361002597856;-0.014124934918772614
-0.0011841661732580032;-0.006620992635438626
-0.0022178681553611176;-0.0029797788175515492
-0.006370902542339349;-0.003726909228442049
-0.01073775022582746;-0.0036160727121943054
-0.010659218348409043;-0.0019719207950243153
-0.0063953356248402015;-0.0013232874829244945
-0.0031670989050355544;-0.0016800579230679229
-0.004112129059044644;-0.0010490135011462804
-0.00731075708771189;0.0013816248962192094
-0.009603877663965036;0.00538561333065345
-0.009355387322523384;0.00979387784675637
-0.006031539752840727;0.010534774037143672
-0.000825184619771169;0.004413022256045993
0.0028839961485375375;-0.0024126552429042077
0.0031067544787410726;0.001333248892077465
0.002467688786725178;0.013995100785358296
0.00463331503248731;0.01899262025140393
0.008430070569012663;0.010106003880396406
0.008550780680948602;0.003173165321391693
0.0026615448677802436;0.008062261730907226
-0.004021701659640498;0.010019883369508665
-0.004507127866437161;0.00040400391709406936
9.575040565284351e-06;-0.0010905986438969491
0.002356767957938641;0.016000903433780855
0.0017816356657668338;0.025481465280168262
0.004661604867104816;0.009747007130417979
0.011657422817466841;-0.0043302741874287586
0.014970195963755161;0.006868112654948311
0.011188815417972864;0.020579490511407523
0.006808398995893505;0.01182287240441132
0.007160116741749374;-0.0013563138563257224
0.008954718732544128;0.004038059452667367
0.008067151023838268;0.013853890821662287
0.006175203588431532;0.009647455953987964
0.00532638448580595;0.0036195302376574126
0.003740916800190993;0.00782676894572503
0.0011664408325569812;0.009325569459815186
0.0016033100059890777;0.0032308852413781793
0.0061444313285478076;0.005520124222211846
0.00831498613020137;0.013191021303228113
0.0021020167641928908;0.0034461259801712866
-0.008943063228955599;-0.016236772081972873
-0.01660647145375465;-0.015023727004756992
-0.01836854728517098;0.0022097392379070257
-0.0165387316180942;0.0036471853142340423
-0.012018971554744604;-0.00907926768389415
-0.005875222480757321;-0.011188867342317554
-0.0017766817801863218;-0.008311744096281097
-0.0008781348861562726;-0.0180872092828872
0.0005098570225919065;-0.024115852002304275
0.004278131797904428;-0.007595075627865091
0.006697811211574077;0.008007485265957012
0.0041770068648947865;-0.0019497621954308846
-0.0011400806990975723;-0.015852766452937806
-0.0045361105271562825;-0.007506059045302781
-0.0048090433126758295;0.005844419563665791
-0.003779984733858982;0.0001253304170047304
-0.0020174189906262355;-0.011108070395057169
0.001154988469771485;-0.00757494204369173
0.004997578051245341;-0.0007143505675895297
0.007017168621855586;-0.006379016697150338
0.0045388703824591715;-0.012223568036054127
-0.002670633814033476;-0.0035580135497254666
-0.010538889927492042;0.007297737569977972
-0.013962518454149829;0.00400591929149284
-0.012881210535678811;-0.006891044630903954
-0.011945015388059354;-0.012829868578378697
-0.013009010972862447;-0.01580140703709698
-0.012206614788638229;-0.019861792382292538
-0.007200638441174838;-0.01920528633395157
-0.0017117856544521446;-0.011582411831195877
0.002112315064433186;-0.005101426091316405
0.008783354666335924;-0.0033813263913210277
0.020531061155087963;-0.001327248885720994
0.030742935230833417;0.0015518590027500411
0.03187265766507265;0.001329074743378269
0.023651912881776267;0.0009949282108997128
0.011333922929287695;0.004125026091224514
0.0006911063561499734;0.003865065817559492
-0.005585110069391283;-0.004515443794096835
-0.009240460453724486;-0.010165255804578947
-0.013296586162731838;-0.002985590715134715
-0.017531006501565336;0.008130270508546651
-0.01833675606446714;0.009460491595157373
-0.01284751327284992;0.0035549451767649134
-0.0033215160444615833;0.0021323664655584153
0.003548645875184253;0.0066655527500533085
0.0037091735732108643;0.008034739598925263
-0.00021550738188473573;0.0021005024061122777
-0.0037225581044792737;-0.0033004545415054624
-0.004259245517021053;0.000634911598802273
2.8036822668589844e-05;0.010036773634093821
0.00790690113923535;0.012256126309988919
0.012509072112457128;0.004102872293468229
0.008456987325055544;-0.0026482030001306156
-0.000612645531058973;0.0006357481356118876
-0.006430663824560762;0.006386380431742439
-0.00529589430498789;0.005501259532078075
-0.0005535665143982332;0.0036388149273685914
0.0022102713580318114;0.009443698464280824
0.0015941316053506484;0.016623617482112246
0.0019575753810922203;0.013498234471935464
0.0072893152545265355;0.0033348993640911007
0.013883736849405555;-0.0005533416925175138
0.012987093041904953;0.004624934355191757
0.0028860033590411924;0.009426229122791488
-0.00662864546361463;0.007549125697218032
-0.006868187567707675;0.0022461336905202117
-0.0018672676666550262;-9.945535863214463e-05
-0.0003404149772065167;0.002183287884434045
-0.0019966220738787083;0.002970097016741597
-0.0008215985049087272;-0.0038771881707992607
0.0033679337547029087;-0.012087546591202923
0.006297850784446641;-0.009783695704117993
0.007758164459285278;-0.0007198356594739278
0.009737295259685527;-0.00028544653352842973
0.01028633191569844;-0.00818231818502128
0.007183377764356558;-0.008720806879600583
0.003250670113527216;-0.0004317083966425141
0.0014615979007141207;0.0014583315902515469
-0.0008386809634926884;-0.005603904903462202
-0.007370208902048724;-0.007938124036493901
-0.01589838040231116;-0.004403933528681818
-0.020636730287526495;-0.00860615016047572
-0.02031970249270799;-0.016358209895435603
-0.01917712205112592;-0.005188376069275515
-0.01918742968835553;0.0202545417689467
-0.01671058243772502;0.022137329549726848
-0.009919806602068903;-0.0071001953191591645
-0.004026113927038025;-0.020800897268050414
-0.004122746305149368;0.006452236426445852
-0.007343812221966418;0.03045138797758174
-0.007206997413888033;0.012809764472609887
-0.00240530768103507;-0.01033967878400827
0.003170500472445614;0.004416052171221562
0.006786522359658994;0.02832144525334553
0.009111225194613994;0.01706566580709072
0.011201934211649887;-0.007640305656485502
0.012549426631388628;-0.003285291930996404
0.012037348104742496;0.01587673165766289
0.009091150401279132;0.011807253218027735
0.004454558090883834;-0.007648026184198938
0.0012287501904258572;-0.00951743062907436
0.003194947265479083;0.004617929973945417
0.008696548932342797;0.008913514222808913
0.008826356618398026;0.0015116978451025433
-0.001542522754692443;0.00034801125735358995
-0.013184528317018529;0.006197020560294656
-0.013086835396304985;0.005941237302906716
-0.004277588284269371;0.0005592264663894312
-0.001956489767570025;2.3762106426060812e-05
-0.009647407196833883;0.0017226664232769253
-0.0147145953021073;-0.0024619057145698745
-0.009444338656258367;-0.009230113097751786
0.0004901175872371776;-0.011079426194373713
0.010960669049961208;-0.008277415239623305
0.024276333947359785;-0.003080818904556341
0.036967121323870235;0.004196012096413593
0.040343738681999766;0.0072375304047443
0.03352849038741113;-0.0011961365673428496
0.02248614388660927;-0.011395364275279853
0.01040434792628327;-0.00568985293999249
-0.001662712528474044;0.008148364053104566
-0.01133082505273508;0.0016828505541175273
-0.01681177587034513;-0.024287122461180418
-0.017065229631327238;-0.03247655761110862
-0.012037074477283827;-0.011398351805739202
-0.006594330054048513;0.0010532996429964488
-0.006738770239104788;-0.015600353700173902
-0.009116005050131847;-0.027477975134949793
-0.004879700548731131;-0.012705537193452498
0.004715960566135534;-0.004844880271977636
0.008931987406491449;-0.025073206093537966
0.004135546943256599;-0.0341209513595081
-0.0018466978277618207;-0.0037688714504519783
-0.0016073093162937682;0.02535790020846567
0.003917586182575495;0.01233091585650904
0.008004069659809723;-0.014857728056021672
0.0047544497308432574;-0.012712118266990754
-0.004511167150884043;0.006535937198730901
-0.011933355146959073;0.008649626818733406
-0.013428803721267495;-0.0012765933974720196
-0.013829371520043791;0.0017642937131922953
-0.016654441889553832;0.014507624140473458
-0.016489829777747114;0.015886809595324396
-0.008944425108628234;0.00554147023827503
0.0008383342539954094;0.0020474544688289646
0.006849653195250704;0.010775627556135734
0.009655648224864073;0.015681174056453726
0.010602950570080523;0.007051727043491329
0.008395494971657397;-0.00018704406092773517
0.002845085598440435;0.0085227007387762
-0.004638658016617198;0.019365944378149265
-0.011494698160257203;0.01178116707629081
-0.013246231474017134;-0.005742663140686543
-0.009087724046657539;-0.009923919697547242
-0.0057404883677497735;0.00010417443547995185
-0.0071837464569044;0.007020294493739428
-0.006508735325773275;0.004752450110352556
0.0023198937843391014;0.0007736437067032793
0.012365741368197803;-0.00025351677796296604
0.014153563496351666;0.0019863627163651614
0.010571064581146776;0.008150396581136424
0.010019712993330687;0.014120191659492179
0.011010613477272885;0.011897045281441239
0.005381096314004277;0.0025371796930762015
-0.006398613920574493;-0.0028666298768385257
-0.014128215524169612;0.0011412297542933976
-0.012342913487863216;0.007292406670112293
-0.0065403850725190525;0.006066111405774375
-0.002622916287139118;-0.0022647595365348438
0.0003568024140482625;-0.007847198335382973
0.0031073330863193387;-0.004017988095972359
0.00224036422050264;0.002682325722143863
-0.002083686561736894;0.001636395490004611
-0.00419365218446591;-0.005601350798681119
-0.0012425319273769615;-0.008169999943598866
0.0035605444684456387;-0.0026100648783850774
0.005720225159490383;0.003703789738068351
0.003399628529384223;0.004255499430206188
-0.0012922498469347466;0.00029631054041555756
-0.004546763098346652;-0.003163361700470265
-0.005772244958051821;-0.0032042052181151955
-0.00576145566494799;-0.0005636572786549095
-0.0009287944106851312;0.002347711847272409
0.010915887982090212;0.0033482919885412595
0.02180542668710994;0.0008146570980651969
0.022171544136344878;-0.004391349150027801
0.013839099485622328;-0.006451677083189808
0.004785348566534992;-0.00045685878407525186
-0.002928175165698737;0.006855907542665479
-0.011398219214596328;0.002322617161186308
-0.018147011783526543;-0.012749051372524687
-0.018359823858682102;-0.019896924400813462
-0.014497133631097817;-0.010162771523491538
-0.013268336891359797;0.001031573179479128
-0.012445326410475063;-0.0014582328655856852
-0.004126285220837413;-0.008317060992652702
0.008532308790178767;-0.004852781700870699
0.01409172195881011;0.0019148815694817886
0.010669909150075443;0.000388538682474418
0.005177818861085444;0.0010268812487394155
0.0002923756879868516;0.013648452557618146
-0.00484026568908939;0.018292620060171898
-0.0088232062427634;-0.00149819087686939
-0.010560004301383558;-0.020052299551409487
-0.010229614063448059;-0.010621247896211605
-0.006826675672806532;0.003783267120422546
-0.000953574564181842;-0.006959035145530123
0.0032281714035795857;-0.020914782276313323
0.0037354282991374616;-0.006541071051189422
0.0038844642972471126;0.013347579484055806
0.006264121437189286;0.004169569398133368
0.008526165458919472;-0.013189371668007975
0.007941290957305903;-0.004232862967680989
0.005441496569262275;0.011000133881409812
0.00287839348727119;-0.0011948670907692576
0.0008525756023250105;-0.020307691652583674
0.0006889908699392037;-0.010598289788025588
0.003569061396742396;0.0111763412545866
0.0069602151823492395;0.009277415724594685
0.00658782897979116;-0.006340090632257152
0.002324285104124059;-0.005608740756171744
-0.0007485536058326385;0.005371135105995624
0.0021089174948703835;0.004146636591438219
0.008658596968573087;-0.00212074356686196
0.01075986211722428;0.005189360727465186
0.005201667690369246;0.016425958548366874
-0.0007006248543259591;0.011221551421285858
-3.4524816395714585e-05;-0.002369986291629806
0.003453025162490494;-0.001686331399991521
0.003529530157463214;0.011336345872358395
0.0021131281184031134;0.016680239650197284
0.003713933423092762;0.009833338017276117
0.007118236864338848;0.002311739667291298
0.009056771816543071;0.0007228548975036488
0.009313482169771969;0.003955138673062024
0.008559231551950389;0.009840274474948039
0.006602179287090734;0.01454246586980708
0.00412591322772797;0.014012081644896963
0.002136732348434824;0.00932652405219543
-0.00024932818307369547;0.005288360172555498
-0.0044931451067805155;0.003731124140214082
-0.009502232006758439;0.0019651790982579084
-0.011960593256858873;-0.0012662764292852222
-0.009848888192635467;-0.0025237064526732523
-0.0044939539865059335;-0.0003240128609074435
0.0005812902035718913;0.0006337740142952704
0.0018882846848289369;-0.0017501184242805336
-0.0011237930302985001;-0.0015506197467913833
-0.0037364757683119934;0.0048425940648730995
-0.0003145061853676617;0.01149623950035837
0.00668585009352384;0.011624288845676107
0.007873620568603468;0.005703661614201691
0.00021642020568718069;-0.001544457335276705
-0.008257535302195525;-0.0054087777254024525
-0.011425028759960976;-0.0028168652686843235
-0.014057273961192163;0.003778125013580675
-0.021383388196794455;0.006515158453780187
-0.02817805892575132;0.0024616886714207186
-0.02646328893476552;-0.0012645517068722255
-0.017699608799324515;0.000570639982874169
-0.009470747722082253;0.00219228368393495
-0.004646838683657084;-0.0033217669875322195
-0.0010643806945605293;-0.012811150243749134
0.0015387296357158545;-0.016213934773988213
0.0016644200424380956;-0.007540692144453595
0.001285321607037922;0.005115969681698225
0.004403647962742297;0.0037829170012359577
0.010253629250151037;-0.014145587498132389
0.01265703256985812;-0.02550681150636697
0.008353170869813204;-0.015848977973089796
0.002464145171218278;-0.006534077396285977
0.0009323685073919018;-0.01901143109584554
0.0006454014776373751;-0.034112545091199355
-0.0055622596474141275;-0.023944276675770582
-0.01638720710653732;-0.0027999472783668813
-0.02279910535338989;-0.003287355756297741
-0.02019537624858107;-0.019094433388137027
-0.01303283590047052;-0.017330135338124122
-0.007822333502504294;0.0026605534599331185
-0.0058351571527129565;0.008435041273799375
-0.002735022769331104;-0.00914284567503442
0.0056647666320274225;-0.020667346544220675
0.01708077382674309;-0.007137846972316607
0.024290732234094826;0.011906256677653921
0.02396070694990787;0.013754087981831753
0.019749065265592593;0.005397000617698929
0.015439499311458233;0.00217854581136684
0.010581376090613732;0.0003688891780135855
0.004565625203653187;-0.007355079544006756
-0.00019164684433758448;-0.012007510429315832
-0.0010917621112736683;-0.005089447159381588
0.0014187064492427873;0.004267182177666344
0.00441094826391457;0.006452557331017871
0.005500508698053516;0.006988858183529007
0.005026717902170051;0.010284453836749119
0.004612659015413218;0.006843972759981076
0.004211699473239827;-0.0072549014998777635
0.002406835459574601;-0.014968689802440944
-0.00120951841433344;-0.0014805857554071457
-0.005630121998986395;0.018603847862125728
-0.008729171587960464;0.018585174008467754
-0.007232359296133643;0.0006276820842925405
-0.00011303882381426616;-0.004446601543647051
0.007270483931182344;0.013812986472095065
0.00811686703965249;0.024673351272651845
0.0043238658539476475;0.008072532779640311
0.004460517518009187;-0.00571946218210345
0.010933520709282451;0.011046140382463333
0.01772955942901371;0.02852973829300087
0.02006602462406246;0.011769376041747511
0.01719112750859357;-0.012051361898664847
0.008775596916068053;-0.0022047385480534784
-0.002849018264712923;0.020526798968993554
-0.010706847005302634;0.014330183821349223
-0.010067181822814351;-0.0070278323160547825
-0.005046925873683483;-0.004765214485417886
-0.0037399629242433354;0.012546570006754808
-0.007143723180977133;0.011540420433471161
-0.008296775368607588;-0.0005128800918182904
-0.003855770091556456;0.005374117769215533
0.0009072454101875483;0.0197702502420826
0.0011546495262259066;0.013377969120397435
-0.0016177902860330842;-0.004330109256437621
-0.004970663424935282;-0.002496728909442653
-0.00933074470240727;0.01268497611169607
-0.0145929615613292;0.011415297855500108
-0.018097651265815494;-0.0034795904330866545
-0.016840890475905146;-0.004650284219589032
-0.009918426071379818;0.007859399048098391
6.27491865368914e-05;0.008860529821119432
0.008787449411056017;-0.005710277843957237
0.014802727064808289;-0.014037180779198022
0.01877142918579438;-0.0062916285541326725
0.018515700783054086;0.0037662702633554867
0.011505073589003774;0.004064734477619649
0.0014311827868535834;-0.002021959427625846
-0.004864268414911621;-0.00737288673743489
-0.006026128773365844;-0.009873231234907895
-0.006315074133575113;-0.008743369774852135
-0.00900709196216722;-0.0035954769967529152
-0.01354667250539129;0.0015951544217437633
-0.016888258319891065;0.0009416826751501085
-0.01572719433196408;-0.00521421701076893
-0.010202269945277648;-0.009821998085695047
-0.005253454041092303;-0.008502099659119047
-0.005111206335172041;-0.003972822729100111
-0.008031296541402305;-0.00015815308867547773
-0.009314386735500295;0.001225337314514618
-0.0062582789625906425;-0.0012278160075389808
0.00208736191094779;-0.006149946760927357
0.014463024447129321;-0.007586579636216846
0.024360844719904455;-0.0028400218234719346
0.024196658686169617;0.0023853740901683402
0.014587095139763393;0.0025242067833842943
0.0037382556758602356;-0.00023565624941351222
-0.0024816778814825886;-0.00156780932942947
-0.0053602303781556835;-0.0015514173931081038
-0.009068880453726901;-0.0021767014819766613
-0.01401419934671019;-0.004022085439689806
-0.015390885958111623;-0.0063418089309899665
-0.010424856018601455;-0.00727876954419664
-0.004423289730585261;-0.006157652526508345
-0.0032849324439314085;-0.005147074263628649
-0.004118879011319311;-0.005098911940308571
-0.0016745489224520467;-0.004575090249226827
0.0022139023644949184;-0.005234124784074292
0.0038124737473254726;-0.008645317671806419
0.004270168620695769;-0.008729010583686591
0.005464856297906699;-0.001546181736253038
0.006718385984673133;0.0020133502956218214
0.0076475340714777145;-0.007764531753037603
0.007917775551480747;-0.018317164597673744
0.00561286189814957;-0.013024212565473576
0.0013494551281836896;-0.0002643386616258501
0.0002378270744584403;0.002260509050511203
0.003838706095574184;-0.0014540492482771606
0.005552419845780572;0.0013700365159344731
0.0016443645414695178;0.005079590479109688
-1.5073345991613877e-05;-0.0006669058118717206
0.007415741296081522;-0.007276577399372249
0.015990291875617672;-0.002683638614314449
0.014385741250199747;0.005698911741801364
0.005811706167231272;0.005147895313623558
0.001827916711773625;-5.80542863882028e-07
0.0044340527707888945;0.0007971309734698098
0.005692635325026985;0.004405492789830943
0.0017788093446280788;0.002468348047089504
-0.00193047769336552;-0.0016475318970702137
-0.000609157478234168;-0.0002231230550364173
0.002287668912623128;0.003884875357989659
0.001391937586848569;0.004052187678163676
-0.0021262758907657575;0.0036191551262487885
-0.004090084359968524;0.008575133311580132
-0.003839012409374674;0.01368393004713855
-0.0020236628396576336;0.011116578199761024
0.0017871519976965554;0.005950537081764497
0.004697737187243252;0.007237988689305235
0.0012952769397530342;0.01135762139934837
-0.006670461075382546;0.009556068014044324
-0.010050558124251707;0.003331317779241304
-0.006064977982483715;-0.0007474548956793147
-0.0028843585634027403;-0.0016801163030077907
-0.006431384234007733;0.00017689196192084122
-0.012272401064268109;0.006630816056302945
-0.014262869648385005;0.013937899463968147
-0.012737160130600767;0.013324243515761175
-0.011117979595083595;0.0042858409117777505
-0.010033334419240897;-0.0031881004428846154
-0.007102950086436094;-0.0022613614742939174
-0.0010909033388223543;0.0035806206874178003
0.004716045638464702;0.007193770063686837
0.004894677657047706;0.005417462247978037
-0.0017773653758224517;0.0009365059770968599
-0.010124188224676414;-0.001035852467997847
-0.013231081117332752;0.0006458581396341624
-0.008664489659085447;0.001173479066601809
-0.0005967007462682047;-0.0022162701196244555
0.0047064295200134245;-0.003824239700384514
0.006400302413797575;0.0015859572963908472
0.008966160121122712;0.006532706551350063
0.012757257112910777;0.0006305843121138134
0.011510914805634622;-0.008462554655538293
0.0036768647259766683;-0.004107219385209635
-0.002759662848111616;0.0078038597150941165
-0.002759755711476732;0.004481631049662973
-0.001968693511708299;-0.012407463512707741
-0.005808827041861947;-0.017087964910347905
-0.00970536988920308;-0.0072417685569543
-0.006362455104862198;-0.0078693102605612
0.0027493015703174157;-0.021513001991938674
0.008200775330739256;-0.02269838997698113
0.004023020845155878;-0.007269707822798075
-0.004182025133125645;0.0006124168418339383
-0.005196340901988293;-0.006356208637204298
0.0042192419329652375;-0.009834108307472281
0.016601046173655463;-0.0022221139501365857
0.024072853777547795;0.0049435698225617246
0.024115130994446173;0.006805399475411215
0.01750154409971343;0.009565515571745323
0.009280553918163204;0.012657930828648252
0.006568566641825001;0.00994965270592781
0.007613757905882502;0.004132955542893203
0.002327013631724797;0.002343027764164948
-0.01045475899489892;0.002973859856052601
-0.01854001012971065;7.097658852664017e-05
-0.013814385525629943;-0.004249580132019059
-0.0025236593178397785;-0.002582626533991291
0.004748949904789317;0.0045424089298100965
0.0048445320528825876;0.007214044033994617
0.002245653534896421;0.00016146924066570413
0.002196235605268918;-0.008842576135177903
0.004969320528557422;-0.009583068901303409
0.006508915451465047;-0.0024020213897101668
0.00394774008708736;0.005246933830532275
-0.001249328457313347;0.00923674414966634
-0.005308682423702624;0.009873323427066382
-0.005734713726629416;0.007678536966969499
-0.0038902384119080314;0.0031980326617324947
-0.004260666878315104;-0.0012648171234277686
-0.008560259177195047;-0.0027552491255142713
-0.012053246246174485;-0.0008397894502303596
-0.009681364589547362;0.001406707064547758
-0.0030010460657897736;0.001035972069389195
0.0023564945463343885;-0.0010002551907015331
0.002464055847325914;-0.0019443184341979762
-0.0026378278344254243;-0.0013409062459843527
-0.008361558399751385;-1.5927330023269043e-05
-0.00791147585299732;0.0018997049785822438
0.0014973406033194695;0.0028130088498457186
0.014805528224698336;0.00046390049737171635
0.022567567237304364;-0.0028243740558140714
0.019137097156969034;-0.0025190380683328953
0.007530787829426096;-0.0008027094881454972
-0.004595679330617158;-0.004176206808303183
-0.012502524971103412;-0.010961047122584904
-0.016591511535871094;-0.012201374453968612
-0.018520085058266005;-0.006654109621452639
-0.017343676640622675;-0.00262163106245075
-0.011470541629743642;-0.0034203345291158927
-0.003099483161364721;-0.003467072967799285
0.003239002372990516;3.15175900475593e-05
0.005508888189225147;0.0028610511761313255
0.004562553738358049;0.002879335251285704
0.0021652571087659085;0.0034929897712410165
0.0004345893878666395;0.005275371393821276
0.00046923216554744043;0.003575907943074801
0.0009267132367738216;-0.0011317489181718202
0.0005111749441882298;-0.0010123401747129742
0.0010310128038903425;0.00461863067743413
0.004300268213723741;0.004175728613326204
0.007635496994212529;-0.007520701745323877
0.007554577084510623;-0.01693649599962729
0.005752893431811696;-0.010813680775663203
0.005968768159566481;0.0023739280872420777
0.007921457280176786;0.005406411973454202
0.00877933492769499;-0.0007132962785652324
0.006858047249769187;-0.0008782192004575784
0.0014445167344343997;0.007107600604387388
-0.006409980918659044;0.009887725143777226
-0.012425147765521087;0.0031874124061611686
-0.013554878399111125;-0.0012453374045024446
-0.012631445355136285;0.0027237706297264493
-0.013085214343164222;0.005394021015139317
-0.012156481665139243;-0.0006687369502038794
-0.0060606347365017976;-0.007769761367891729
0.0018735979881991792;-0.007232129903030547
0.0057630590976470025;-0.003422703867120436
0.006096319974264096;-0.0030298947346951103
0.006917116608902724;-0.002109612510405379
0.007944968520716184;0.0038021375860391774
0.00588038049534384;0.007301344355161515
0.000648478803519822;0.0007980915637647144
-0.004184896747402688;-0.007773535746375514
-0.00608200153118917;-0.005513907963328904
-0.006350837036582073;0.004510497314135594
-0.007301748211369457;0.007537442458568648
-0.007793804387366827;0.0003979176908573288
-0.005185946300071693;-0.004188829513384426
-0.0005477720207627879;0.001059365631002012
0.0030042769538421287;0.006635703034637536
0.005030798669924459;0.0032381667478430507
0.006253242391136637;-0.0027799752674318376
0.005577336430210516;-0.001882878486950263
0.002076583355474883;0.0022706438599012727
-0.0031249503324005203;0.0027627273713036835
-0.008349504838674896;0.005371364181980006
-0.01191235624068175;0.017655285608199418
-0.011727850046590957;0.028652219157021593
-0.007713014829969458;0.019660400977185213
-0.0029487273364402094;-0.003168258797488795
0.0009801063031436175;-0.010112405347057962
0.006749612233506967;0.006278678625608848
0.015949239119143078;0.014041906594419225
0.024645245589095765;-0.005761030810463516
0.027247138580297873;-0.02252514943485439
0.022290624619980787;-0.008248656522689392
0.013439399397050284;0.011190007739048751
0.006393096432412104;0.0034575661117957493
0.004063809946454507;-0.010947062327615194
0.0034698705983983503;0.0004924341045251243
-0.0007090755441139505;0.020847446485879176
-0.008131001405605654;0.016613590314389123
-0.012200625902477813;-0.0022825433859251986
-0.009873402369276947;-0.004540538439243298
-0.00585884270593513;0.006896455230843374
-0.0036858885613582516;0.004381186103954317
-0.0012992138206990415;-0.013934558988779445
0.0010415584703843677;-0.021357842628670597
-0.0003595691702260098;-0.009164637420895069
-0.0029884194369370048;-0.0006465093804055563
-5.785037235729718e-06;-0.009364931983147027
0.006099350338501701;-0.01666763300043479
0.004983276456407445;-0.00667446175196829
-0.004907838044257984;0.005959249920618473
-0.01369117176268407;0.0024290402155934523
-0.014003410964924353;-0.008602343650177164
-0.007160976164995024;-0.006737410234947105
0.0016584585630933309;0.00540114234075224
0.006774611132661415;0.005764010611818987
0.005547500804812344;-0.009982933156869128
0.00200176183273065;-0.01864539416934875
0.0013846740631267664;-0.00604246205131084
0.0024515843218746395;0.009772176400046363
0.0009150309414384692;0.008366034577418675
-0.0035499345924328136;-0.0008561366239295551
-0.008467903084123027;0.0015386727889407509
-0.011642773211915907;0.00968251334722597
-0.010978247404673267;0.004825687164097905
-0.006687087597753879;-0.007807898512893556
-0.0030156822357762145;-0.007288462757583296
-0.00284740631430974;0.003959515950314377
-0.003411211278831934;0.0046074849691861135
-0.0012649357858065802;-0.00637997864236298
0.002379950526126113;-0.010889597424488062
0.005176828115662905;-0.006878431735202856
0.008847586833639159;-0.007257018427239161
0.01581472601021653;-0.010161499223547161
0.023153400308607325;-0.003492392400595131
0.025519223220034925;0.007556462723366611
0.021718580218853336;0.006580324119199213
0.013854078489213566;-0.005329673991417625
0.0037686587618951093;-0.01039693413396556
-0.006207116841880526;-0.002042457093032911
-0.013075129658989795;0.00636424164851758
-0.01616623432451876;0.0034342429513430756
-0.01714092556533289;-0.004054206003760174
-0.0158097686938604;-0.004090167554676804
-0.01009115114252082;0.0026469205536646
-0.002307465912620745;0.007289792964435009
0.00033913656726945155;0.007131788374694479
-0.0038995423143647337;0.006470750069335278
-0.007258373133571957;0.00796524186600513
-0.004148380665743922;0.009644406662316208
0.000927048380199538;0.009109563749125912
0.002099719515374826;0.007111086665755772
0.0002415776533307545;0.005454039885154456
-0.00114312083201128;0.0036874465682363296
-5.534748354133864e-05;0.001217280513379481
0.00511522799324913;-0.00026675044062869966
0.013341533751258806;-0.00018287610033346872
0.017999506033469753;-0.0005460030528078797
0.013308367767674427;-0.0010815948633036913
0.002949849545215692;0.001709957976597876
-0.004927468220857937;0.007769048608888407
-0.009796281700029724;0.011189406618793321
-0.016356016418194213;0.008423184517421061
-0.021894388138678764;0.004049546091180483
-0.01901488361395463;0.0030042874486490233
-0.009893643689863733;0.0018708141409220125
-0.004087136217763621;-0.003480072203591465
-0.003778397623294514;-0.006612917822889032
-0.003210001459150371;0.000637219592433853
7.849998819323936e-05;0.01177293822512429
0.0030281504588097075;0.012043581101919052
0.004168893755841619;9.661040246603759e-05
0.00658370416684879;-0.00962432097864197
0.012439512602666236;-0.00810505638903405
0.017318640681463927;-0.003990388290098483
0.014620040698584637;-0.00829273007498517
0.00591461824162948;-0.016463362160804965
0.0005477087407543483;-0.016496101020870763
0.002365022624478176;-0.008383024163998684
0.003914144442957745;-0.0027043292367993953
-0.0011048834809306903;-0.003450994731372549
-0.007376743561281208;-0.0045823781347003305
-0.008207839215205254;-0.0023021625445437724
-0.007863035081579902;-0.00013288429450355763
-0.012620061595700179;-0.0010311979552226798
-0.017687502058149274;-0.0029200635997825544
-0.014739053908312903;-0.003993259886168192
-0.005629891319187581;-0.005043263605020883
0.0011215671582488751;-0.0049540611503283115
0.002553936962472435;-0.0019343815115229206
0.0030849671297537755;0.0006979312017441763
0.007040947833899203;-0.0013366972251861895
0.014129029192762838;-0.005608729778076734
0.021183121067714653;-0.007168032744859135
0.024639673009063185;-0.005623554354318378
0.021703121336226865;-0.0028545899616942714
0.012981710612637016;0.00035313778185270866
0.0037375417940823832;0.002994640501411171
-0.00133452923365188;0.0038809150283370827
-0.0032583464942646375;0.0032185620602867616
-0.005071146384494491;0.0018419803273481412
-0.006514467506389438;-0.0002972306464173236
-0.006649505904820823;-0.0033412537110338657
-0.00716396335431347;-0.005622003080830841
-0.008630490524697953;-0.004727732499445267
-0.007444230065590142;-0.0009092049729401922
-0.0006935423472977922;0.0029122983056175025
0.007915165896643293;0.004659707943893928
0.010787614884603041;0.004841907106222652
0.00541914894965792;0.005430233319906952
-0.0018152583236385191;0.007280694131366052
-0.0023247470470631098;0.007183341059823917
0.004010625658044912;0.0012874617957378755
0.0065241100316815945;-0.003599177858675923
-0.0033138340824925656;0.006774866843612824
-0.01796592229715282;0.02647801209251415
-0.021587503747211797;0.025323782821777593
-0.011278102974906832;-0.002607791637424915
-2.15867403357402e-05;-0.01672347271724331
0.002022933187736915;0.005983220781591628
-0.0011708285602829611;0.02553471494648783
-0.0012468699721215248;0.008399247342263343
0.0018822710527852254;-0.008625227244725815
0.0024058375615789883;0.012738953378668653
-0.0013008105092154843;0.03667460128185675
-0.0056203027734776975;0.018886316890271655
-0.008340998031758818;-0.010302710520085067
-0.009949777576846367;-0.0028735347173196105
-0.009745927111501513;0.021600581630475464
-0.006456249876211175;0.017553396171237797
-0.001661048705796918;-0.006693566655516511
0.0025637176191107692;-0.011479656663191564
0.007244543886963931;0.006396406527297415
0.011932036585966893;0.01642675717955331
0.011723449576325278;0.005313833829942023
0.005829838057788654;-0.008271076717158989
0.00047898523376863755;-0.005279423856953229
-0.001522364221706239;0.00624062357241343
-0.0021050810649995986;0.0035572732133330206
0.0004130632467018676;-0.016018961539497584
0.006781930404622475;-0.029496166936198658
0.00934908094389894;-0.023236301066971696
0.002500474517694753;-0.013156638574370556
-0.00647949941345759;-0.01664107756232274
-0.0076331579176920576;-0.02474933767123958
-0.0025343674964900045;-0.02000728825962554
0.0011167145837109938;-0.006054528821570337
0.0031996577188474398;-0.0008594045733323352
0.009257580507144179;-0.008060693720177543
0.01816638804600595;-0.012639869836921048
0.020947053295057354;-0.006203506477753331
0.011666151509997376;0.0004346889648103678
-0.0051285161467600196;-0.0014564967045485652
-0.01830952789212898;-0.0029803323514336175
-0.020220820761763125;0.002260958017551308
-0.012173769532957722;0.0029278804415228737
-0.0008994753832243447;-0.007197865079873664
0.008101745761804236;-0.013191085129164561
0.013278625463977258;-0.005519358419660108
0.014802501666253642;0.0009560098006785433
0.012274798519395686;-0.004641870884954861
0.006278885939081303;-0.007676058609105161
-0.0006797747537925508;0.0024767315402958604
-0.006705755685711498;0.009301135532824162
-0.01062744744884108;-0.00011540307710263041
-0.010397398917127081;-0.009534115376890858
-0.006360441123486101;-0.003151122494224769
-0.0029447783779482646;0.006267159287877215
-0.001964500749521749;0.002133468160346658
0.0001283740414823572;-0.007146665045193834
0.004248411975282361;-0.00546801948060283
0.0060978091777137;0.004650445660989487
0.004729636487754472;0.010491214525047414
0.004851091226989686;0.008300097668137248
0.008035640881820193;0.0024033783304691996
0.00865235015122109;-0.002362166998728908
0.0015391573277310623;-0.0017689113546360596
-0.00926677367634584;0.0040613144682529875
-0.013798592947868237;0.007281396321168218
-0.009256508367344344;0.0013938902143827874
-0.0040601081170517;-0.008107882390061442
-0.0054688125262546275;-0.00957774112236627
-0.00967562176499216;3.849683198439976e-05
-0.008765207692281068;0.011022923239651497
-0.0020927361286706553;0.011765403592275998
0.004763488714944017;0.003116924656413148
0.009035885996335846;-0.0020392380149428786
0.012413855982191982;0.0029195914563355124
0.015106469951000704;0.008958809231145238
0.014388744032762347;0.007961584236077943
0.00918007764499605;0.006530258812541856
0.002091197492665991;0.011298177452571183
-0.0036631807503568663;0.013727311253528374
-0.007524737953908561;0.005211552370919447
-0.011030529876216017;-0.004562192202057514
-0.014783515351908746;-0.0018661144762542466
-0.017532953119419315;0.008426718344170858
-0.01831320410867846;0.01155254763150854
-0.016865094129730904;0.006125705163283759
-0.012087191244143425;0.0035500674483276485
-0.004455279143881508;0.008445130734533901
0.0014761806732249585;0.011643308361938144
0.002702715931480026;0.004995288670361044
0.0023369104921355513;-0.004491084522801427
0.003244521552739346;-0.0037789749543568197
0.003331004376947663;0.006229841796458829
0.0015964824298640402;0.01120658261528247
0.0013861024596767187;0.004055405287912208
0.0037983311380422233;-0.005732561670685343
0.004518519227261749;-0.006539200249448571
0.0008215216631501049;-0.0007139789724552923
-0.002965460950468826;-4.987531282378308e-05
-0.0011706442765746523;-0.007671491552570843
0.004408180287067247;-0.013312415257350172
0.006297446195058211;-0.010390783426864753
0.0016860363771215216;-0.006814324397793166
-0.0037525169444369887;-0.009773439893973229
-0.0036080466084959344;-0.012131223825980062
0.0008473050612288238;-0.006177576629718813
0.002405671053195548;0.0012260277235294516
-0.0024291119601293778;0.00023132840439336154
-0.009052395107508628;-0.005543736763796289
-0.011551672704232931;-0.006611361292874053
-0.008659390634912353;-0.004858457025859219
-0.00102688653748191;-0.009858390619641853
0.009644449184456281;-0.017795427154838627
0.01752679840749579;-0.01049190310975849
0.01785422448504064;0.012499522811644176
0.014227839938218668;0.021544704273021208
0.011950896412282532;0.0031764541351841026
0.008487530083680514;-0.008571682635034683
-0.0004362716737470491;0.011301373497868238
-0.010533297407960034;0.027325598722165396
-0.013428845548671344;0.005019153159312294
-0.008403066243331333;-0.020905535112953753
-0.0028588987436870047;-0.00671246021293586
-0.0017250136201523698;0.021651490559436135
-0.002266873934721438;0.019674922693065994
-0.0008206584948719449;0.002195784746272926
0.0012907243612383097;0.004392221452128952
0.0018208473468729178;0.015485966398409198
0.002148205767554685;0.009170881615091896
0.003347024216169555;-0.004781017583953342
0.002263007436729197;-0.005779823540620407
-0.0026837624064256498;-0.0012497825784033062
-0.005589184081447696;-0.005074073412264534
-0.0005772865266696125;-0.008643623621447155
0.00795708085487842;-0.0009522146381946058
0.011155055729480258;0.007500223819975334
0.00885849859938309;0.0048465454543496385
0.008319580338512194;0.0007750686149422367
0.011834210918137933;0.004675811165307163
0.014121564999755113;0.00255873241624608
0.011777274294970694;-0.014066444622874015
0.008380712934713154;-0.02187967485158642
0.009086862678545606;-0.005962136260452371
0.013421683312379726;0.005169199535322802
0.014576799760904983;-0.010686239342805793
0.0078041212958594565;-0.02321720038482145
-0.0013531882589215571;-0.0050013461888118805
-0.004171691338515174;0.011812758975422798
-0.0024883486473456;-0.005682714112233842
-0.005045699361440076;-0.024564211959691717
-0.012610576728548081;-0.006021072279986849
-0.01754894461946944;0.018810821394469466
-0.016161072903047462;0.00580141677182639
-0.012839891023249306;-0.019634643909125678
-0.012221850578592717;-0.011270192969751573
-0.012881159713646156;0.013601382938290486
-0.010895792111071589;0.010640972158349754
-0.0057712216422633345;-0.011330167739999513
0.0005200506294370176;-0.013283445666897162
0.005981705156993716;0.0031555125311119162
0.006991475593875652;0.0070824549675092335
0.0010594864823666172;-0.0031101003437067846
-0.0064696579770352714;-0.004093605421054358
-0.007427314468933355;0.005069099439981047
-0.00352390370584779;0.004587571436683303
-0.0035013107348323513;-0.005854266153499074
-0.008122541216858467;-0.0074099317932384895
-0.010255260268139657;0.0015470633134759173
-0.009179456387269818;0.004027590229384804
-0.011321775391908543;-0.002413216146790396
-0.01619054879599769;-0.003204304863810732
-0.014993743360787815;0.00363986585355906
-0.005309707626916417;0.004974230311710299
0.005142850633868654;-0.0017232015053694797
0.011350530748810364;-0.005372671010915155
0.015561629741331101;-0.002302817211524618
0.017674246259024903;-0.000618318775216589
0.013688377647796091;-0.003964207763870279
0.005602446854239142;-0.004117814554370731
0.0013728484205277201;0.006206069611986928
0.0028225186082713664;0.01940396800108026
0.0028991161260711064;0.02093869228678812
-0.0031006294618021435;0.01080449445081678
-0.01092994331691233;0.00425997312886125
-0.013659501182378972;0.008345608435605879
-0.009340496041806546;0.01291008627752655
-0.0015084767208016422;0.009673123872493285
0.004421008052824113;0.004299668675067046
0.004642292721465299;0.0035942345979827588
-0.0005624845104831456;0.004846443699322895
-0.005643505954118084;0.0036954788628795893
-0.002355413227606211;0.0015843172583534842
0.012256129391698916;0.0010847132206341025
0.03025280325858525;0.0014358032361845672
0.03898357693447405;0.001273793207504991
0.03258916830079097;0.0011547300750769903
0.016076928644959958;0.0016308800273423121
0.00028133354587601847;0.0011216583249863228
-0.007280548051148584;-0.002066120706099848
-0.008295149768178574;-0.006382063033062699
-0.009438474737832324;-0.008669949945427113
-0.013501486061824197;-0.008520668749477761
-0.017601360218458904;-0.007488472613229424
-0.017980449667363157;-0.0052176320312944885
-0.013435046383002221;-0.0008480440804581096
-0.005720091243884187;0.002518554769947064
0.0014386587848453176;0.0006781471862817461
0.00455187371298734;-0.003388050073097565
0.002886067478188107;-0.001387878460475841
-0.0005676853187370542;0.006971387310579843
-0.0017600351196750234;0.010737043517152513
-0.0003043409952537621;0.0033245263477115336
0.000961264097838667;-0.006637598894298419
0.001471691109896306;-0.008151619301953615
0.0028192474070430746;-0.0041386783849048925
0.0035821728724238795;-0.0038147375882653816
0.0014920484405030478;-0.0057460037663682965
-0.00043553071770473565;-0.0027492926048428017
0.0018564128029577613;0.00253531746253261
0.005152979839753979;0.0021765917025767722
0.0036270135697234474;-0.002643439174880023
-0.0010087056798659122;-0.004736123047848049
-0.002859584988645423;-0.0028575959872496988
-0.0021041347035485837;-0.0010503451860522954
-0.003716680202456519;-0.0006277658657921213
-0.008840831342712638;0.00036164888204495206
-0.013788708017462266;0.001873514064975368
-0.01550207901819061;0.001515822158814228
-0.013471830388428254;-0.000553060825401277
-0.008115740376071741;-0.0015827763324210904
-0.001691968869705169;-0.001489834236941947
0.001544300586088176;-0.00238392644328162
0.0011174201866298158;-0.003326523942933627
0.0022796646722004475;-0.0018231632966397378
0.007756070764150653;0.0003784779530157514
0.01323415184650283;-0.0018030593110889294
0.013406362590201872;-0.009781554965856767
0.007262053640898814;-0.01620530211446621
-0.0020618189704325507;-0.009835228841129844
-0.009548562924478692;0.007735239844460854
-0.011902220666201953;0.01628482974116634
-0.00954115823171527;0.0038402815641810795
-0.005149793029787282;-0.01011714589971845
-0.0013810101670733374;-0.003442265346240322
0.0009834390590755789;0.00947477692624451
0.0025794295002530853;0.0021147427137801263
0.0031760427448913014;-0.014178697199373704
0.0030658991432950455;-0.009155011538847546
0.005041655882587521;0.008726547456344139
0.009621677651056168;0.006225671703781751
0.011750154257174952;-0.012076991663804786
0.007712576763114084;-0.01319656061917906
0.0009800742110078141;0.00127372652988369
-0.0029015745549902036;0.0023007146495135733
-0.0029195044540875352;-0.00787912434634454
-0.0013260777509305568;-0.004394244400759192
0.0009492556539848395;0.00731756262969535
0.004765361035054331;0.0038497706333399276
0.009167161419146905;-0.00781258666558964
0.010423134936055763;-0.0047451523213795236
0.007193909389835421;0.00807287950084076
0.0041946358817730334;0.011355038972509016
0.00677863833684207;0.008240780024423593
0.013133552465879482;0.010757469944876703
0.015551193362113714;0.011240828060948501
0.009637122547617658;0.0005867123797850518
-0.000220508665198606;-0.006184313987773672
-0.0058037256668921075;0.006099922972529633
-0.004318254635053534;0.023202163893484198
-0.0004997665130455932;0.023183235527467348
0.0007455857646495097;0.008327428269894084
0.00026826120887493005;-0.004764056929839613
0.0007583753948031376;-0.007488759371748291
0.0008375814208462015;-0.0004566351336755715
-0.0022275164073874082;0.009508867951742227
-0.006700842253707303;0.012325670991173763
-0.008378377848332534;0.008049573626519814
-0.0065988725616382094;0.0073046374726566604
-0.004089020798785486;0.01047175542443967
-0.0024489078784248864;0.006836810503408395
-0.0006818074968081468;-0.0015536569271823654
0.003033952321023932;-0.0017638795039608076
0.008938175181980127;0.003211580121833157
0.013841155689272803;-0.0009659195640451514
0.01252986044385357;-0.008635444155863163
0.0030101717648192312;-0.0002332770222624238
-0.009538423243066696;0.01661345882167035
-0.016195567067868826;0.009509881774782411
-0.01399068162157261;-0.022351750145456303
-0.009596162382840072;-0.035963691954373614
-0.009616309244471358;-0.012074761326566697
-0.01217512997139994;0.00976163626821043
-0.013385650881926328;-0.004141791545123249
-0.015074007043614033;-0.026893873672433465
-0.019048504626581267;-0.019759438658762885
-0.020064612130968225;0.0039244864809687904
-0.012981325634810992;0.006233810791396379
-0.0031487926773426126;-0.01222122351960687
-0.00030963783255535477;-0.01910841271581144
-0.0042459506634031745;-0.005250898790288445
-0.006323487698101809;0.005771527670016703
-0.0031225182207887223;-0.00041184097472804666
0.0013050178926024647;-0.009378842810806826
0.0037478200815503205;-0.005869888929110164
0.003478195473499774;0.003054463396168163
-0.00017933224179453685;0.004318039088506524
-0.00441542991811961;0.001133312545648942
-0.0026867157751449483;0.0038540198559461657
0.005785899344278785;0.009716917192135447
0.012269131088737128;0.009046801683083437
0.009442311860943855;0.004753486967807792
0.0009031729241099514;0.0067642352654935555
-0.0046622387305358115;0.012014101445913037
-0.004854019262760384;0.0104239413091133
-0.0039838886225735705;0.005569929069277343
-0.004316638314754744;0.007567571383611812
-0.002971373879451097;0.011447665763769689
0.0024703832448800173;0.004733479723876214
0.010172455790441811;-0.008825496591094124
0.016929413105462792;-0.013172612331137201
0.02241063721524702;-0.004332048985553964
0.02828628737326502;0.005344751455250844
0.03284955164157976;0.005920188011963234
0.030584637495346984;1.276942640017236e-05
0.01990817927418013;-0.005308755683379741
0.006891985072443082;-0.006245880884612364
-0.0018335076388335974;-0.002773261719603323
-0.005757223978614424;0.000629756633233617
-0.0075399384584202405;-0.0015700957918708342
-0.007522775664341923;-0.006801695482520945
-0.005393674465317854;-0.0070091400899406605
-0.004335296219697346;-0.0028220653754811244
-0.007058770074924276;-0.002400926156684379
-0.009407697309593312;-0.0056328353770761196
-0.005309017479932471;-0.005077966554670107
0.0028591428115136894;-0.001997319651036321
0.005779921067808065;-0.004246100265437875
-0.0003623629123523033;-0.009471005589063781
-0.0077441055092680195;-0.008181205778455422
-0.006202150717850677;-0.0016394596769727168
0.0030222735915996705;0.0003901642963220953
0.008471525050961293;-0.0033633475837830077
0.004519609979404429;-0.00562805765162679
-0.0017271351792107685;-0.0030785378582741277
-0.0028196407114145622;0.001812246527527325
-0.001241032285436893;0.005858770358115537
-0.0027868166005413845;0.006005266942788772
-0.0074307042118104735;0.0016441065416903607
-0.010724018957117772;-0.002010174582355476
-0.009434807561057617;-0.0005190316506465142
-0.004748668805837298;0.0017254072063375
-0.0020228761476013437;-0.0008952559124271825
-0.0045821290884470395;-0.003953722945691879
-0.007833172792683647;0.0006788903271741618
-0.005827166958601136;0.010851708151755138
-0.0014481266099681635;0.01526141774345349
-0.0011306877320087264;0.008247462254527091
-0.0032821335004876934;-0.0023363361349744397
-0.002150135356996793;-0.005720851231163708
0.0014792860966629192;-0.0034255703744695363
0.003932609405118473;-0.005310390345774885
0.007880102148318018;-0.011201529659838854
0.016483761212238615;-0.010293727173298862
0.022926143153972622;-0.0015137494799401306
0.01819179244661312;0.0025723993633699357
0.005550219205286514;-0.0026914453918187005
-0.004318000870051265;-0.006249699194620972
-0.008184142521812559;-0.0011056017366372149
-0.009875368635633482;0.004318482269698404
-0.010549417108930115;0.0012923216288287015
-0.009135478716835396;-0.005243243704445794
-0.007703073022233849;-0.005285359633510778
-0.008099046593391657;0.00042688413987296536
-0.006956371216624491;0.001684238405812125
-0.0008843690808161469;-0.002830503279859758
0.006576601737203072;0.0014157134545162511
0.009157478760534526;0.020251102680548864
0.005565821381859318;0.031425284998247004
-0.0016180811096839264;0.017002151731569458
-0.009399216143346423;-0.00022227142751736167
-0.013600053606799627;0.0070921589475179585
-0.01175875436357744;0.019117975942742966
-0.007924296281184962;0.005435985383886518
-0.0072760911344676394;-0.012400598673484604
-0.007992668616566757;0.002447935019654565
-0.005738666190661269;0.028978782382585437
-0.0017763107084083991;0.020697622394361986
0.0005463556457660563;-0.011564328131022759
0.0022273727686404963;-0.018159898508492537
0.005109566572237115;0.004612080907285497
0.006565825720187845;0.013136600583519406
0.003480681082690464;-0.007491200138284878
-0.001101675949945656;-0.024080972371571772
-0.000562056943768177;-0.01519169888957842
0.005940571372420887;-0.0005680462141471369
0.011262334222012397;0.0008964384795894341
0.009678058338811774;3.5750192416855766e-05
0.004248291133311784;0.007011185476531692
0.0012833740796755577;0.008848493749214696
0.0014202448800663043;-0.0019324528353215672
0.0006566109922277198;-0.007807551822095157
-0.0022983045961835645;0.002785488509237435
-0.004684617397950183;0.012949627911549105
-0.005182188159913099;0.008042625842903777
-0.005578386107076315;0.0023631551188145893
-0.006130136131144629;0.011143543795874872
-0.003982273094886997;0.02073517664982834
0.0034139903322221474;0.012606470929605627
0.016011380811965438;-0.004040412036560032
0.029499749297539846;-0.008450788056840536
0.035324354025131496;-0.0004883258792242109
0.028433203644549074;0.0048538443278526265
0.014467969723492773;0.003043100454347628
0.003180633889501315;0.001482180290495131
-0.0029089712187759394;0.00230799666072343
-0.008078757438784901;0.0005166616080900735
-0.0145624685435654;-0.0029345481938343743
-0.019080519892181833;-0.0017033253321394055
-0.018074370632470853;0.0020865761480317706
-0.013072257401623159;0.0003127666058727002
-0.008157889206203537;-0.004256858365035809
-0.003913416277452729;-0.002360269869244235
0.0013435620279869274;0.00013711395589105504
0.005129798722097779;-0.00948912116506616
0.0030620051434769187;-0.02131368542157638
-0.0015472117112156644;-0.01611667908924964
-0.0005433762135275727;-0.005180714555265461
0.004744111429145466;-0.012593625834320759
0.004825991991839334;-0.026072207758830943
-0.0011961745604826479;-0.018515895804547332
-0.004687269453079624;-0.004365420071723567
-0.0031691367037537596;-0.013924088399726359
-0.00292010872033367;-0.03047238994763088
-0.0063537155431175555;-0.018362562145972757
-0.008407704837910856;0.007199807347875832
-0.005870818221719369;0.004572508622426676
-0.0027681204850742544;-0.01986888708714054
-0.0049960136903262;-0.02482116266286582
-0.011656626408896326;-0.006315015156502698
-0.013831092962257515;0.001975816096431628
-0.005695687131832176;-0.00858150159105782
0.005212607162489061;-0.013299510941641354
0.006737838735973077;-0.004431362694140879
-0.00038913641033352545;8.215258160981892e-05
-0.0037805042933081335;-0.0038320427710481007
0.0016067622849362563;-0.0013658736696033574
0.006132522691311489;0.008689477943633369
0.0006629348108619023;0.011777241605062255
-0.009690245994014636;0.005357589304678113
-0.01307507797202132;0.0017164467017033516
-0.0066441391839078025;0.005220099951222728
0.001335477028627998;0.007295314945442968
0.0034614846421836772;0.004064323211967282
0.0027580928603211756;0.00350273371403992
0.007342596252546512;0.010713404602696154
0.017090650256348903;0.016935222262742976
0.02286452396880754;0.012955497186688406
0.021001322460992226;0.006432949424278173
0.018845083779914847;0.010449690930189931
0.021416586031510063;0.018996920357035877
0.022645209335623796;0.0146838413932355
0.015750103373305343;5.63842721639747e-05
0.004176022970263386;-0.0031128616552514115
-0.004257665260040336;0.010764569514175086
-0.008478175164057232;0.0212824752626044
-0.012399495889698797;0.014742616952669891
-0.015573529919985526;0.0034619569327569138
-0.013618540093455932;0.002508983249417414
-0.00667450303012359;0.006820692104960575
0.00014574063342101364;0.004370977718973555
0.004103492419177765;-0.0017053734582130823
0.006148402805906281;-0.0002614402859864324
0.0067266244069893715;0.006083073187802507
0.006376837537656648;0.005510563383864982
0.0073484091805112945;-0.0005032897528687429
0.009081114608221965;-0.0009372418662258102
0.006531112678474576;0.002868002064843036
-0.0024167983618353533;0.0017877987142280315
-0.013112148340284409;-0.0012367283675255728
-0.020393083407029264;0.0025192216408032554
-0.023315505760753946;0.009209837929057853
-0.023189421489682758;0.008693176858149307
-0.021294445722273642;0.0018039107980583897
-0.017738882583063508;-0.0031343991826922168
-0.01122307612441396;-0.004425521096140363
-0.0025404291793931244;-0.006552923819561273
0.0026201762589009832;-0.010862923678577722
-0.0006832432922115171;-0.01364948624096336
-0.008452125341307869;-0.010866462124118443
-0.011436224102572121;-0.0036452762662911894
-0.007952774243974874;0.0008964016451872009
-0.005055398918815176;-0.0011905956834727146
-0.005503185459233468;-0.004021863106080547
-0.0041071370853855045;-0.0031640102142660074
0.0009652246368415887;-0.005818459512180492
0.004477992639229738;-0.015431038640565052
0.0035388428040292936;-0.01688519651866638
0.0013841790351066642;0.0010046665002902632
0.00111075601207145;0.018599799081414146
0.002072391690560684;0.01077850073274806
0.0019946882272952123;-0.009413918537319446
-0.0006775844085937118;-0.008929708077762675
-0.005067714795061256;0.009630468404139532
-0.0077986198416855204;0.012420012366300394
-0.006239143084703742;-0.005987554828217693
-0.0006273569613386085;-0.012225376533627966
0.00689079303285324;0.0066198430322431156
0.012727587495693127;0.018293756006132224
0.014357140188355723;0.0016040522766916905
0.015134262123568052;-0.016045156774216286
0.020979696983521874;-0.00795680025350258
0.0302400302886838;0.007137966552942138
0.03340867687534507;0.004388659153604779
0.024791492805415646;-0.004130527941625148
0.009978526419382273;-0.0003628802875202017
-0.00022269698894601678;0.004119972671084905
-0.001914357288552445;-0.004494415978391645
-0.0011658049928507264;-0.012416854769625252
-0.00340010870382928;-0.0039792600170269815
-0.005365981604454244;0.00939458067635053
-0.00289951005307257;0.01016248029411529
0.0006544021470787799;0.003278343972728838
0.0012597295440546703;0.0021677297823274643
0.0014566299403756052;0.00383574683009653
0.003162615859759317;-0.0014704215946439738
0.0017696223487258993;-0.009196505326157182
-0.004843972400410914;-0.00716688604710792
-0.009761085153239318;0.004367577906120386
-0.007263162943650263;0.011817010511996615
-0.0019637257760584262;0.005377455058275092
-0.00045182277306667567;-0.00809400935124781
-0.0011911244844206503;-0.012246899607247069
0.00032314625038641425;-0.0029713002200890044
0.002797513012638249;0.005313078175226808
0.0018653916834122971;0.0032432263016633138
-0.0024779565789228132;0.0018707522444659753
-0.005419401834303069;0.00943040110394041
-0.0031677348010266657;0.012717805629941105
0.0017957257749421902;0.0031489206231726558
0.002754684870857146;-0.002316034721216959
-0.0017109306560822769;0.0071751589539888905
-0.004063634042942139;0.010530074826517254
0.0008838989088633122;-0.008498731826234868
0.006485766615847336;-0.026411357304566587
0.0039513517133337025;-0.01595948769386641
-0.004102586440746113;0.007755498706962336
-0.008256451907181434;0.0115243994928817
-0.006014132543337847;-0.004027564205267856
-0.0030705478941255937;-0.010095908776956123
-0.003596927595218811;0.0014669371166691704
-0.006643750167200673;0.007690588461071521
-0.010680399822144512;-0.0038643728949869305
-0.014702476088997446;-0.013951652944786315
-0.01620584164745992;-0.005760219316514277
-0.013546133757170743;0.007282140528424125
-0.008508806950160203;0.006556088453856727
-0.003926858982540223;-0.0024021576428371353
-0.0009825314961081058;-0.004661551765438251
0.0007999400070025577;-0.0007472187509551251
0.00322523498774646;9.83229325454669e-05
0.008792364650216896;-0.0030252110374572433
0.01710364031839664;-0.006148091821594508
0.021229365077768257;-0.010042641528324773
0.013306061124182306;-0.014122262381850272
-0.0032719967912086265;-0.010385081327211117
-0.014584926035416057;0.0030690067993112326
-0.013760296702387424;0.012273897447788765
-0.009662389280877018;0.0068177487269779485
-0.012058483709616822;-0.001746256146260997
-0.016952596854471935;0.0015383811637067412
-0.01510642945023901;0.009572209204078672
-0.0065805338449600875;0.0058981911420621785
0.0036435610056609726;-0.006648185904107789
0.015991830117337555;-0.010596193264206003
0.030553398441675438;-0.002420626665301112
0.03928242514534562;0.0031495190561074485
0.03516884822177565;-0.0018366928981609588
0.022164910569684733;-0.0071179574790047155
0.008525332005866427;-0.0040782062167802405
-0.002547473402468043;-0.0007421967813566133
-0.011269140658302045;-0.005606306620700172
-0.016888428039891802;-0.010787569723271407
-0.018357797808164936;-0.006078243966921217
-0.016388581135833694;0.0019588389562362786
-0.013210104975603881;0.0012176807169095227
-0.010609905642731628;-0.004999665134427716
-0.008264695995115081;-0.0048491477325366085
-0.004469006798354467;0.0016688751328434682
0.0008442837248075588;0.004844739850296
0.00442476973577469;0.001755175074722911
0.002378354087686731;-0.0023176383896608664
-0.0050923213578737804;-0.0038109150686599217
-0.01183509128386214;-0.0031652410826388945
-0.010044451859581959;-0.0019437826821560819
0.0007079337435040283;-0.002306551002116119
0.010361945701403199;-0.0032289277323858125
0.009532770916592034;0.0024200297987780127
0.001295970550475481;0.015539651581127904
-0.004188638939390257;0.020813635613939615
-0.0033226167648346405;0.009208387171756123
-0.0016092168757361575;9.805232011812063e-05
-0.004561703687963673;0.011220035169325869
-0.009595024102984273;0.02298662478272572
-0.008586182310067266;0.01207796131363482
0.0005861712526343784;-0.002363356238665452
0.00921464665227045;0.0055245776173196955
0.009652397615703192;0.015907113740876094
0.006850144300752667;0.0023690775153950554
0.009460991785205193;-0.012125338767736086
0.01457926928819562;0.0017242511103509825
0.012733606154362465;0.021044235940430582
0.004386242145606928;0.014236958657946292
-0.0005412212811445612;-0.0010870997599800986
0.002652345924065878;0.0026430535478169544
0.008810481938815933;0.011288201030150442
0.011114533257367809;0.0037234003495050655
0.008335019158104029;-0.0051649535585991
0.004950970515915503;0.003540156892708692
0.005296390895759068;0.01607575779706651
0.008101982482987092;0.014014014552496611
0.009047199435614712;0.006069284274985032
0.0069664153750301164;0.006248897456081835
0.003787850429360604;0.00830806173091294
0.00044813138462099136;0.00208090521093962
-0.0031962520797866887;-0.00645027424505894
-0.0058441414341574216;-0.00598652338231005
-0.0058902112657312124;0.0028090969312044366
-0.0044615253083566085;0.00878699606378548
-0.0031843377308351886;0.0033564058163760746
-7.126386160064014e-05;-0.008995689004411443
0.006062409845047817;-0.014082930423274116
0.009367998236094658;-0.007418567977148617
0.004292267949181996;-0.0034732033415645594
-0.0037875516167497226;-0.012171524511234301
-0.005658346710825588;-0.018321179422057618
-0.002553191811408619;-0.007901854906676073
-0.003285599710711213;0.0016034466058744627
-0.010578712357928797;-0.009518855395682228
-0.018945192933217128;-0.02395103572499721
-0.023302521443589522;-0.01812252555248677
-0.022273167074146234;-0.0073358850864125615
-0.015249672279873375;-0.014372280986674644
-0.003969166217252692;-0.022833855144739908
0.0041305682741353605;-0.010872867843867696
0.002371404277658154;0.002241724050401681
-0.005405370654841138;-0.006690304405033342
-0.008820732091332136;-0.01769191031913149
-0.0044357418435440905;-0.006376354914482138
0.001035845045098132;0.008610099260131602
0.0010321325224269561;0.0031251579573109835
-0.0026362943812478544;-0.006094734199348773
-0.004007496728162382;0.003214032687712191
-0.0020845604638380704;0.014086765966635184
-0.0009258117076852786;0.004226002217528914
-0.0015381624455676475;-0.009617154446303273
-0.00020145708316184155;-0.003778977260906786
0.003998937492122115;0.007659759413341445
0.005872730960155279;0.0017044177267157186
0.0006152458239091574;-0.010098064177320851
-0.008787258001152728;-0.006602024671952084
-0.012751680425755734;0.0022814631709238017
-0.006435854680344394;-0.002872929612488982
0.0014281577851744985;-0.0132221531461742
-0.0009394466111157409;-0.009323787994242152
-0.00941680010546992;0.004205593356777314
-0.008017893327947008;0.010561492368945328
0.007086055818591337;0.008854084407006729
0.022349044899373557;0.007438906049784536
0.02766868515804275;0.005974265468254871
0.026574053678221403;0.0011336631873574508
0.023854985666284387;-0.0034862530688816577
0.019644822767475558;-0.0033391615940665843
0.016344319963735386;0.0009971411804557391
0.015722595674364976;0.006813171225968428
0.011495696239674268;0.011337614723025123
-0.001469222868590078;0.012117098003300122
-0.015455792057418623;0.009425958113650946
-0.018625325539302944;0.005278815451073667
-0.010615493986468666;0.0006146962875060672
-0.0019033700892451195;-0.0017710594566965727
-0.0012443129271005689;0.0027615365761211575
-0.008238545845072828;0.011102642209472218
-0.01583929397230661;0.012840215636010047
-0.016714809177124618;0.006910012364999284
-0.00876252744201516;0.003733028255893948
0.002593110297034147;0.006066499835660025
0.009254031239649031;0.005638914552119744
0.008878852834829533;0.0012374053410899662
0.005170021687142999;-0.0002240361735628087
0.001104041384164579;-0.0007134968503527929
-0.002406343628930672;-0.007170242666797165
-0.003296689867428138;-0.012453253205627087
-0.00010989113340677687;-0.0044947181338680945
0.004376739479477451;0.007668078530760513
0.005972901148242522;0.003984733648435256
0.004578221360218518;-0.011594853660859786
0.0035795074616980275;-0.014761406090081941
0.004831753129637104;-1.8807784283336284e-05
0.006919921499873745;0.012010618193111758
0.007134353331024885;0.009266042961440206
0.003525135053216151;0.003969742120695168
-0.0028180954982020842;0.007079656134340643
-0.007290204766494728;0.009934959013993997
-0.0066088240699286515;0.0028310476373092685
-0.002735078451551047;-0.006102238056172021
0.0007798160404484048;-0.005211499133974206
0.0030882215688785883;0.0009995425745242825
0.004514563839985834;0.0019428493889925614
0.0044129082258835195;-0.000830724310130275
0.002137332409367624;-0.0015190394916327046
-0.0016189753581165767;-0.004522660379982965
-0.004729009284955549;-0.013102926541128991
-0.005263448358539283;-0.01578810983687421
-0.0038647967370442713;-0.00425233977772899
-0.0032690912308762465;0.007770090799815411
-0.005405365474193667;0.004421978639972524
-0.00967622864357033;-0.006127185253095814
-0.013016193050777366;-0.005570179229264335
-0.012666284460122504;0.005837511992072275
-0.009915107247642078;0.012152773188247123
-0.007660173137388006;0.00578319583620337
-0.005374326486444367;-0.004921780340501779
-0.0020852691844370696;-0.009039352422681226
-0.0003788390419907796;-0.004934897288724334
-0.0010979555328682446;0.001481476704471373
7.870946499155544e-05;0.00470094441276433
0.004967012221540062;0.0038828637134459966
0.008258433025907522;0.0022015637918144813
0.00600151465978525;0.003388917995274421
0.002438733127809917;0.007077387281968071
0.002432256129131187;0.007505579416954101
0.0029771342448582806;-0.00024975203251849365
-0.0004575194358054746;-0.012152242883289577
-0.0042898404640482205;-0.017353217574671766
-0.0022930256465121595;-0.011147480068640216
0.0027675851697267673;-0.0019360534161339408
0.002185240149551226;-0.000342131870410156
-0.005396832909524732;-0.004569820403512278
-0.011795954382374633;-0.004908415155023339
-0.010408816205708335;-0.001010277419074589
-0.0037281673011247568;-0.0017626052373776548
0.0011661184311376111;-0.00662313407117596
0.001399172417078179;-0.003543693237569487
0.0003050680267157462;0.008617409942709821
0.001258089486059574;0.01333265183333267
0.003580028327959744;0.003085532387930855
0.006271037379900655;-0.005022333923502482
0.010570745812680846;0.0025719420319830362
0.015734132279644247;0.010788358214138741
0.0171588919501381;0.004319079654012801
0.011885422294020445;0.0001992831020034328
0.0027681897194901097;0.015643541599443256
-0.004468035733250856;0.027295144275194014
-0.0064276723899211454;0.009944882815644969
-0.004615524743628167;-0.011071436573716904
-0.004268973051975519;-0.0013298099792520232
-0.008701791896436547;0.01853771717978505
-0.013750510044162424;0.010295962982284
-0.011923921284796619;-0.009917644345447266
-0.0035492762491291874;-0.0012798424855700956
0.0027462116245480102;0.023652888775758912
0.0036983981250559195;0.016935146610190487
0.006596306402886711;-0.020919193744042476
0.015333550814987737;-0.04018779634650792
0.021811127276259085;-0.02465278929311082
0.01876497581659169;-0.011736793743720457
0.010897799005530466;-0.02031916810767109
0.0059947641962086445;-0.021742249025040673
0.0038230106516300277;-0.001999407551271243
-0.00018566470285860245;0.00843003930815654
-0.006144101212020859;-0.00744951129192987
-0.009038782493927639;-0.020194744407817853
-0.0052457090111731304;-0.006225240488470112
0.002134590384355077;0.01234270523565963
0.00625391508359729;0.007179258765656202
0.0052020070362404774;-0.010449815457359601
0.003007941566429761;-0.011139238313810711
0.0004327620531188249;0.005247534411365463
-0.0061724411543760075;0.013485027832658073
-0.01336240823648455;0.006984659989430915
-0.010911506634376646;0.004999196126939056
0.0008892263216957159;0.013324586702307763
0.008592596022861075;0.0136070140301652
0.005794950608330221;0.0015532666044655254
0.0015800142556782178;-0.001358749284311123
0.003942826241313732;0.011721722589604406
0.00824106137209574;0.017642819638874308
0.007202228403025342;0.004479280634592641
0.0017248471329904442;-0.006791831175804763
-0.003467027823073018;-0.0002628135392919045
-0.007013451316292471;0.00797558994938061
-0.00837928113962357;0.002726816616900985
-0.004860228997035098;-0.0013446826972593423
0.002228567378716279;0.010199421549075724
0.004249972643218335;0.02094089151111484
-0.004277779886164456;0.012017248599134854
-0.01641730062253073;-0.0038047682726876555
-0.02105392778957522;-0.00543595361987504
-0.016615287672286524;0.0010736756757502117
-0.010054493863129637;-0.0013691483280265167
-0.006025721093464445;-0.008827434665726086
-0.003560953438596197;-0.00830120776057518
0.0001587567648966407;-0.005340724289178696
0.006441513794898902;-0.012489709992015319
0.011054093617789551;-0.021571618928735423
0.006086098691349025;-0.013821868067823415
-0.006657397354065588;0.005879734601951091
-0.012014345032109987;0.011078279985690036
-0.0016050803922661736;-0.0043648327500893985
0.012004320791058686;-0.014230437097713553
0.011981269533339946;-0.0031705211396266123
-0.0007306584816004901;0.009281813953634825
-0.011196201910270069;0.006715808650666198
-0.00928883216298248;0.003047023079974566
0.0022150936830752197;0.009666684464292556
0.012881751111268437;0.011390817180250151
0.013273806285422489;-0.0016035878623165056
0.002706755090954004;-0.01170466253369811
-0.009548342179480496;-0.005819372104120736
-0.014778205349752617;0.0005457916235254747
-0.014963689907034948;-0.007811003032774809
-0.0165779627504205;-0.01787461083837424
-0.01832773321968884;-0.011461723308685801
-0.013829855235144895;0.0023228230932739393
-0.00345714800370254;0.0014138441178642243
0.005485787579478721;-0.013000490466181585
0.009485871381366664;-0.018250061628252077
0.012642719946879651;-0.005344188051696954
0.018793285392288927;0.00917250477622691
0.024293571677403626;0.009999237369062487
0.0219249580842165;0.002901335639705503
0.011399390336810068;-0.0004008856120347782
0.0015592208540202688;-0.0010454079150009306
-0.0007588918559584348;-0.005052007542623411
0.0005823902847343088;-0.008603972399662327
-0.0015148970811664892;-0.0045215742534396785
-0.00633742584346878;0.0034430598136366455
-0.008465401487656767;0.0053342726455729095
-0.006739053817703929;0.0007476179369622842
-0.003863265796692705;-0.0021762831432258775
-0.002222024648107412;-0.0016323489028637836
-0.0029113993732013373;-0.0034183667055751672
-0.003709916989230489;-0.008146375324690593
-0.00043239750817421424;-0.008761600924998265
0.004844586540544525;-0.0017085038704007453
0.004589442514025669;0.006496444318412252
-0.0010451467149821332;0.006758931035097681
-0.0028857439756319004;0.0011072131926385914
0.0023927380668292433;0.0035294626662666514
0.00789108485937412;0.019480724287086675
0.00906465076340464;0.031478291249692515
0.009536764386298672;0.021308020308366843
0.012149301853230604;0.0008324502548299583
0.013760156776922734;-0.0025647355516651192
0.011644316072968921;0.011192379243508552
0.007300811496955638;0.015424401522168714
0.0022317581680433847;0.0031522381907615705
-0.00315509667042384;-0.001001637921062943
-0.006798710145519032;0.012505206792324782
-0.007168602971011486;0.01735585716875961
-0.006050940958872745;-0.00037888340787337526
-0.00494009629145384;-0.013586556552529373
-0.0022920115130402132;-0.0031683560045170805
0.002245504341424219;0.007696419648364219
0.0047814473577982965;-1.1880562371400409e-05
0.0023260872392123263;-0.007297429042235252
-0.0019593868009722755;0.0003306437849439799
-0.002812608318327603;0.004674683480767962
5.372018403587228e-05;-0.00440107997366696
0.0019968289136195927;-0.006415492423792084
-0.0011076231433533033;0.008174905448528903
-0.008240120619695599;0.016605151023068258
-0.013523137227755007;0.006079121723079383
-0.013003509332065085;-0.0020768434983176594
-0.009800995966554125;0.006832018997195642
-0.008313207978835698;0.013326807761787835
-0.007026939562122606;0.0012973938528128672
-0.003382798786010551;-0.011485492504254086
1.1849870467520836e-05;-0.005897222286556091
0.0013795164965579654;0.005588784902067107
0.0044345194057867085;0.003490358715147847
0.010093441718065081;-0.006180945205763958
0.012347635534284057;-0.007379914861791999
0.008585336435591208;-0.0018620565226391257
0.005195960719477738;-0.0012779977142223504
0.006998698070404426;-0.006540426562642441
0.009106226698760933;-0.009546934195359727
0.006066326738181171;-0.005453196239817334
0.0016825928827354864;0.003006678194086581
0.0010352370836026058;0.007753128162957638
5.3388893771062495e-05;0.0034188237117546635
-0.0066132529720155575;-0.0045532811459306965
-0.014586770732488341;-0.006161922350319793
-0.016373797060113392;-0.0012041071551432971
-0.012173706524296921;0.00103369388972285
-0.007636416411604258;-0.003426273497781774
-0.006571893499792423;-0.007731324023009301
-0.007946963675803196;-0.006448521802608428
-0.006271071262439266;-0.004684490411426631
0.0034750313837293187;-0.007689857490852946
0.01884085125193225;-0.009524396868312204
0.0297939837510506;-0.0041713018879370066
0.02740458008751706;-0.0003225637161888114
0.013341486919160556;-0.008104496666271561
-0.0007478143179036655;-0.017665277151860597
-0.005635052493983797;-0.012547844741226446
-0.0032601323560441566;4.659680207812194e-05
-0.0015667590597589012;-0.002211406092279503
-0.005755332743906445;-0.01841633075795161
-0.014341908985723312;-0.023252419627281654
-0.02015244768081145;-0.010076674185800867
-0.018488171445955968;-0.003268840589633441
-0.01378596451778378;-0.013859947792202896
-0.012019149795061124;-0.018161224131710896
-0.01092976141815039;-0.002192315846260898
-0.005928587798930444;0.009489569159227348
-0.00011398338848620434;-0.002737123461627791
0.00010429070389297146;-0.01583389524014347
-0.004916172902965031;-0.002568640118084995
-0.009253242044110639;0.020702265112362752
-0.009668101160641538;0.020947655243706828
-0.007606225676069933;0.0017550134806087049
-0.0047052781863498845;-0.008298519995453488
-7.524481509895895e-05;-0.0034030055974895237
0.006972408605597147;0.0013088368462277288
0.013251667156646387;0.0032238764963455862
0.014509724258820982;0.008169917172954622
0.012002165365563007;0.009213693181802776
0.010641170967788974;0.0004150804408275637
0.010399842519148524;-0.0056825686955803735
0.007115061549513463;0.0006035085690292993
0.001398527483658463;0.007638560311788216
-0.0019606656454174195;0.006142558314353038
-0.002062564978726938;0.006409248897877051
-0.0013232514333647684;0.013416520574478358
-5.9704205564852036e-05;0.013934444830436418
0.002077160793802612;0.005219596069919476
0.003730516250390116;0.005193704589578243
0.00443767053101417;0.01825657252092829
0.005362750615714256;0.021862944432456403
0.007221583335148146;0.004633523612794001
0.010424662906516913;-0.010746776132418496
0.014653663198894397;-0.005043062550769419
0.01691415049988;0.003840893415628097
0.014317299954098646;-0.005514277297922702
0.008853567795870092;-0.01683768489865197
0.004674651627880022;-0.006385719923663093
0.0018407589981725215;0.011264122494903328
-0.0021246923833718096;0.01005820247476655
-0.006142597146608661;-0.00039898030668020955
-0.006582385157057389;0.0029890486748122167
-0.003370557471690201;0.013122525380682783
-0.0004850918458185794;0.011199031761146394
-0.00043650688855874375;0.004228396073153037
-0.000702038398750987;0.007043995045647194
0.002755096493267603;0.010385428335869152
0.008222330349181453;0.0019866750571125857
0.008695827033892725;-0.0041649716237196115
0.0014751507133147733;0.006106646748280056
-0.008628470722916134;0.016444211543553414
-0.016499533643350196;0.008386906765408266
-0.020687146832648027;-0.004185875837736063
-0.020798204135638376;0.0005865564754501776
-0.016371450586454662;0.01615844648609753
-0.00855270251910686;0.02077657274831175
-0.00042633473745046506;0.009430648184792818
0.005559986075422593;-0.005063634690215094
0.009708368594239857;-0.010553227288595205
0.0122713207203032;-0.0052139362743807765
0.01021921547923289;0.0033697531571760075
0.0019227164682701506;0.004893022700748521
-0.006675288724930831;-0.0034972112792336506
-0.0074926100255639175;-0.013942420776100852
-0.001272678934921662;-0.017030384220446306
0.0033266642140188383;-0.01153282085289479
0.0018018144525963882;-0.003559080695318612
-0.001240000564653933;0.0008072751315231478
-0.001199541308596331;0.000619746236262601
-0.001259366762571836;-0.0007819883778783317
-0.006371505585305903;-0.0007924632810484522
-0.01456729374533685;-0.0006107098381593926
-0.019646726499951497;-0.003121305236538018
-0.018584132897358538;-0.0088282279631279
-0.01235637846179767;-0.013809666199291847
-0.003843938526727782;-0.013125646307259846
0.0027609310154634906;-0.00862341626253443
0.005493480844006541;-0.008590310574963254
0.007867687428808983;-0.014264068771180497
0.013307379821261596;-0.015177789072243202
0.018623883584270053;-0.006073730366702494
0.01849831832271275;0.003519934892759704
0.01315331535264685;0.005323278991987233
0.007832054662116512;0.002977344002502924
0.0066616163529505225;0.0003854557480308052
0.007348067812691191;-0.0037153538711561826
0.00368139669135984;-0.0067429103803330805
-0.0037583280380135463;-0.003961112735079425
-0.006393301706206079;0.0011216765537518357
-0.002157552086393794;0.000634919171690197
0.00013900218770294135;-0.005171982140508662
-0.0033287588832750696;-0.007307689406435567
-0.0046755159284389254;0.000370040569214872
0.0004846715374624152;0.011897835264360744
0.004011077537664754;0.015161014525179112
-0.0019054234319429634;0.008645380456463769
-0.012430075155698035;0.0039005543688062395
-0.016660589389135564;0.006598901873783406
-0.010565198648112811;0.00817633028541438
0.00048551733264940925;0.0038205960700439354
0.00785134608559416;0.0028263537666761
0.006624959339850091;0.010610263235042482
0.00013851677995542952;0.015496020921590997
-0.0028519598660340794;0.006084765462674354
0.0017291037816859393;-0.008378920825711341
0.00861891225206256;-0.009813696051911973
0.010183878192230178;-0.0008143914494924915
0.003830044084342733;-0.0025561068397232825
-0.006848418413331347;-0.016283601568577617
-0.014054556067820195;-0.015118453370002703
-0.012215342281932174;0.007204462841764163
-0.005162778497967331;0.016530762231672887
-0.0018561633244870944;-0.0027826555168327847
-0.004625704839881434;-0.014491678196392457
-0.007678212746827116;0.0039009579313271925
-0.006360453097036126;0.015371536763888253
-0.0022449534687930457;-0.008071471946256558
0.0004710408513455383;-0.02948307740379745
6.294127178349387e-05;-0.01414036893347492
-0.0013749017764371825;0.00690521292844477
-0.0006320858960868813;-0.0028913324552035037
0.0031500553435558987;-0.01943380115327598
0.00799538981116054;-0.008731708899648541
0.010838326707571087;0.009654266225278771
0.009389072244486303;0.00481410436025193
0.004131333015606961;-0.007338859082236252
-0.0014937188689972116;-0.00026428621152340976
-0.004311776788930012;0.010206633186429
-0.00397355061122721;-0.0011170751337555823
-0.0019117467936463459;-0.018178939484772585
-7.445263284083534e-05;-0.012883254322591476
-0.0009035618720970284;0.0047776109297358975
-0.005151499831454164;0.006831205731374659
-0.0085641731374;-0.006408760215562193
-0.004266402372000407;-0.012760863786501297
0.00877422939574449;-0.004155596378524177
0.022254727110168546;0.006812497044206384
0.02727776413484176;0.008426845222153558
0.02414843306561797;0.003457574021561304
0.018508574504862874;0.0007016176979469025
0.011162254751001792;0.0012546241747610095
-0.0003070506643138058;-6.764843899444229e-05
-0.012092681516662224;-0.004022599240120152
-0.015850601861125472;-0.0077715681976161955
-0.010212648110311591;-0.012516401478930392
-0.003329500716008537;-0.016052740057933487
-0.0029125620318785363;-0.00503103376976986
-0.008319715060694807;0.02198034598417276
-0.013040995263886999;0.03601512040226705
-0.011880110150076622;0.017596996293116816
-0.005120014153239624;-0.0025822832017920604
0.0019685693034573845;0.01111169641414982
0.003159705087337149;0.03594777314887149
-0.002227152178489066;0.02790693651884932
-0.006168986062808313;-0.0005876793617902866
9.790713566374496e-06;-0.0023422171467309565
0.013570468796118765;0.020754032528258824
0.023168531381427084;0.02214788233060258
0.023443856683407205;-0.004652246559187214
0.017776481375668226;-0.013824473318533561
0.009105177132854258;0.010508732066284132
-0.0016957761585599633;0.0264168711425185
-0.011812986056818043;0.00946493048075551
-0.01801094831772472;-0.007507296158732922
-0.01846332609793003;0.0015705462152635116
-0.01270028399611556;0.011288758230247331
-0.00452996662725954;-0.0023163894971486854
-0.0004288475766033701;-0.016771491883284282
-0.0005786224511283496;-0.007131094115514946
0.0011012849489708048;0.0092543278941063
0.005406151315887405;0.007114183136383289
0.005876507836068276;-0.004303131402028414
0.00033126609992798807;-0.005464215000215019
-0.005099649127334677;-0.0017074575468871353
-0.00551056769826557;-0.005215786311673859
-0.003101677873208518;-0.008661782136034673
-0.0016519567927873206;-0.0021075609355746044
-0.0011429117121873596;0.004902512635424249
2.269391553311588e-05;-0.0007332650628310067
0.0017278979983077342;-0.012751626845675532
0.0030526513084905803;-0.015708635163584245
0.003529522119746557;-0.007931450061668907
0.0020587717557164725;-0.00040809549747815115
-0.002619087271911016;0.0003832249824994841
-0.009108399827446904;-0.0024721254774212166
-0.013708716533896975;-0.004221490449077125
-0.01423707121039941;-0.003954394256157266
-0.011610401137851448;-0.0037409568150618866
-0.008597195529684267;-0.005118616710493738
-0.007758095125662615;-0.006861932740141313
-0.007807202403759638;-0.007128523159576312
-0.003015371670872441;-0.006335001551514994
0.008809383210465899;-0.005579445154748785
0.020538090296319377;-0.004461273529461324
0.024565978256324908;-0.002749985703557868
0.022629692812637006;-0.0016714324680461336
0.019368906419207483;-0.0019599333824824247
0.013582113048659828;-0.0029528763905770712
0.004242510519403843;-0.003980793276330703
-0.0036446925260458416;-0.004811345675090863
-0.007555786763506523;-0.005525101438394554
-0.01254256324111801;-0.00662220639335357
-0.02047649402627996;-0.007738220063969159
-0.02404441212833775;-0.007441022029118855
-0.018200171304681143;-0.005621456213906263
-0.008474820534886289;-0.0035469496911726068
-0.00242998287338854;-0.002109545960050168
-0.0005366393881465772;-0.0025167261063373772
0.0008882468497281362;-0.005254411249327892
0.0044733551122962375;-0.007812301859234556
0.010954719322156808;-0.00823566696876752
0.016647366046380667;-0.00713295356841709
0.013609987336867085;-0.0030007378371838577
0.001089313467854597;0.005279499962042523
-0.008283957781535818;0.011498922620184938
-0.004417930930672753;0.009627971192761356
0.004896022043943825;0.004394583603450467
0.005460541805871138;0.003643264051080278
-0.0029215169611953662;0.0071799067572653405
-0.007738620078429783;0.010913032722057242
-0.0019551831627882487;0.013389407193423615
0.008131784161828833;0.013459931038980905
0.013296802683770703;0.010313490486094942
0.01188605716025355;0.007894680297038579
0.007799068605821644;0.010278789864945423
0.004668247128411092;0.013262760526250032
0.004077606990786904;0.010708273722399155
0.004600242576086552;0.006308142688112102
0.0033241596865609684;0.007736107018190178
0.0011509462997508755;0.013399531292522587
0.0015023324278216215;0.015779543840791884
0.003024582379590074;0.012681694249087471
0.0019849582918035225;0.005686271480561407
0.0001297039062075389;-0.005642567995565988
0.0007020367859306061;-0.017764963697838053
0.0014326785337730851;-0.020361938031298297
0.00011783915048541034;-0.012194323943403395
-0.00010909253821291326;-0.008489186228010325
0.002213471074496014;-0.017231727479672297
0.0027956541550135227;-0.02192691789621266
-0.0011698141833471835;-0.006893819751626547
-0.006723175482051207;0.013577775962317035
-0.009771389583663128;0.013665476612371013
-0.009504627974193328;-0.004705898539432954
-0.008478451964566607;-0.014353109269625658
-0.00964388689140573;-0.0034027299963260843
-0.012234384008746269;0.009070416353719352
-0.012491985380224755;0.004628823091369854
-0.009940681627586073;-0.007119426442600168
-0.008840801316942365;-0.00703188468897475
-0.010968042418672018;0.0025597158927293767
-0.01161775702242872;0.004875602726533952
-0.006958772951299317;-0.0021988810324683958
-0.0011215919705955598;-0.004846534573738591
0.00015565461252272918;0.002675522269045285
-0.0009099151182585409;0.011425150691971872
0.0013343258232302048;0.0136624215067936
0.005715569465480986;0.009720612994996502
0.007194292446934215;0.0010784807386661484
0.006149212137090855;-0.009013162649730549
0.005922880027607963;-0.01191040399028872
0.005742533645985086;-0.00517576680964333
0.004487575692892638;-0.0009445072216386088
0.005503488011328596;-0.007834200172980643
0.009708285695923684;-0.01521358291577346
0.010912880024714508;-0.010783645640786058
0.0050275461361751345;-0.0009225500192706763
-0.003086117833397445;0.0015116819644018704
-0.007170340950550168;-0.0025256315985618407
-0.0074012954165031284;-0.003625814307238201
-0.007321097439423539;0.00026498756937284906
-0.00852316212964879;0.004188392275977547
-0.010046532016965839;0.004764245064590257
-0.00929216043329084;0.0015602915960679033
-0.0038557002910407086;-0.0036552409702448716
0.005595987235611927;-0.007116502994116433
0.015398540129050772;-0.008495469726687839
0.021316353904016264;-0.011676184715541377
0.02035648526842677;-0.013511965876653018
0.013530196385361699;-0.0030137609791375604
0.006548947674913957;0.017875402134388367
0.0033799659622523828;0.02685924212038244
0.0009684755825002221;0.01068472756005207
-0.0047476343268180125;-0.00975717380880026
-0.010577977512487739;-0.004874648248514383
-0.010160765752472456;0.019299612320475237
-0.004193928280023735;0.02806276027726324
0.0005836829959320831;0.010569851829217554
0.0014760173154976493;-0.004448042083044426
0.0019652200667224086;0.003706830817176995
0.004860859554326443;0.015598008078845515
0.008461646670208295;0.008065345202667452
0.008554644296092985;-0.006288592256932246
0.0031557646723338914;-0.004424197661221864
-0.0036942776482455438;0.006756170597593096
-0.005724378517251954;0.006485316062644666
-0.0024205096789311244;-0.002352419890547144
0.0014207800916754218;-0.0018737962500374643
0.0029340012042994674;0.007376143176595161
0.003132888073522058;0.009281692384301956
0.00299879921229967;0.0016385666405304838
0.0015514228469715706;-0.0028502351314425383
-0.0011018776822338293;-0.0013812029811214454
-0.0012847939753393974;-0.001546775287851709
0.0030165017865569476;-0.0016019221399425332
0.006685897042233967;0.003424586928023698
0.00462939573785438;0.003901153661513203
0.0004012127061534138;-0.009042899407027806
-0.00047344918889287896;-0.021529000790413682
0.0005672297587699589;-0.01588564830445983
3.5026106750838224e-06;0.0008355463693519002
-0.0009267461055124103;0.008163092339561823
0.0001810865220662247;0.0003749210380690965
0.00110631538039295;-0.01052078649797488
-0.0025930890594791957;-0.011293757022084024
-0.009974561020735033;-0.0008433402345925445
-0.014072823378216609;0.0090971404598677
-0.011210015909547498;0.0075953614504385486
-0.005704115403655513;-0.0018499058147978765
-0.002514154232529688;-0.007118509517258574
-0.0018014478262937718;-0.003685904200432041
-0.0032730834242962613;0.002907108549978152
-0.008019711505160036;0.0073792216332214215
-0.012826807409153767;0.008859040215648383
-0.010976508594233356;0.006692998693904101
-0.0029852990065144984;0.0007472978397630374
0.0016354883226743794;-0.004957472837703977
-0.0020742087191988287;-0.006919733806939251
-0.006924370053529747;-0.008101917792411921
-0.004241830088130904;-0.011390692025622071
0.004062767419796336;-0.0126509893884964
0.009712117242494944;-0.008520998720433302
0.010480581228909304;-0.003518457946532865
0.011072724445946418;-0.002026532152353879
0.01286888892073289;-0.002087399730304254
0.010473652120242332;-0.002221516726002322
-0.00021734178586775216;-0.004171022964355618
-0.014641502113290662;-0.006487332889034036
-0.02274870302272184;-0.005803116651458779
-0.02024538003030285;-0.0034939540183768114
-0.013475511286339548;-0.0025704201801035106
-0.00978312413731345;-0.0025995222970435507
-0.007711726166428573;-0.0024910586752865437
-0.0014186900025635952;-0.0015669064947650719
0.009498363794105232;0.001483537547105687
0.019343005695542863;0.0038580579733596522
0.02385465675549398;-0.0005886281997032173
0.024400680435595654;-0.009504865547168997
0.02324332490971058;-0.010976594483655629
0.018341406612383204;-0.00048020351483500325
0.0073563888536466926;0.010618590056530113
-0.005803560927180142;0.01003987877339875
-0.014426036556079396;0.0011464118884983966
-0.01721972578705212;-0.0034128475626447057
-0.016872420410910333;-0.00031455801566319773
-0.013078646573878236;0.00262576908280195
-0.0050453887637193625;0.0014646820320185314
0.001985328926360118;0.0010808079459858281
0.0022616554519426634;0.004926805389177609
-0.0006231188197411298;0.010206888016636492
0.0020657570397858657;0.013426319282772083
0.011706870996463423;0.01353406991481535
0.01973799204766247;0.010713955161475754
0.017294044818036942;0.006255237242025194
0.0058393023681446036;0.0025014177448358954
-0.0033489471189654327;0.0017880526500628116
-0.0030329396754650547;0.0048639697331917635
0.000365460021503858;0.00911667242613145
-0.001891301832102053;0.011012397045187644
-0.005580413066996955;0.01123922877513253
-0.0014185112725876585;0.012198503397309329
0.007332217290451104;0.011869173625971554
0.009487205366070227;0.008215929065514844
0.0038082796633814543;0.006222422490031609
-0.0012915383969974493;0.011094060510307494
-0.0017495129171921629;0.017905649076012154
2.8493657398852555e-05;0.016135020207268362
0.002691280520461738;0.0036220899982389383
0.005977708748550294;-0.00823837275005817
0.006832637922220073;-0.007022418486546196
0.0024779934643129327;0.0025819602777563764
-0.004613297174140194;0.003197027541559675
-0.008401062650280715;-0.007665230835964127
-0.005646721033766281;-0.011884789370941732
-8.361812374336737e-05;-0.0035998764038365715
0.0015037678002566173;-0.003148720611015359
-0.0009868005085933375;-0.018929529511681063
-0.00011861429396863607;-0.025501327875007737
0.006069960712530637;-0.007876705689416437
0.008631028295627738;0.005878125501054456
0.0024544770791383214;-0.008138680456845378
-0.004425742096114388;-0.02524089715713863
-0.0056449505718107;-0.016343084977704703
-0.007927557995563656;-0.0003741329478017817
-0.017063263396902117;-0.006498550172274663
-0.0257200712629656;-0.02029172359834602
-0.025354335267178913;-0.016243688972302408
-0.018015945837097362;-0.007684939306081975
-0.009241550318329827;-0.015219780341553153
-0.0005820146035585203;-0.020804134416206113
0.006132498071537966;-0.002213484215922973
0.0064953243988959755;0.01839750729847483
-8.024637375473744e-05;0.008847386873514187
-0.0069768069736348285;-0.015657819351652565
-0.007669664812542719;-0.016905064248679297
-0.003754451020354863;0.0032318711616214466
-0.0008578258559917648;0.009739103534996947
0.000901836598584655;-0.006729207978864954
0.005457433917283302;-0.01933075011074726
0.011816705036168733;-0.010887358690621312
0.014559433250124659;0.0032820077946742105
0.01284396371562331;0.005159905774786879
0.011525634054470393;0.0019564680689740685
0.01198552888147219;0.007737674841292679
0.008180227048694762;0.013060852548121624
-0.004183536200554721;-0.00020726564787774913
-0.018853316179193134;-0.018788008615680703
-0.025737445987639083;-0.009006907605286196
-0.02384853309345482;0.023406861210581636
-0.019616950684219085;0.029623283098486917
-0.014756441352679827;-0.00225085843754989
-0.006248228072793247;-0.01822030571280801
0.003314261787044295;0.010785346383774345
0.00801239518627254;0.03377128987963083
0.011080513722733972;0.011027999499557906
0.02132509218464477;-0.011023681108138197
0.03627473858820876;0.013265564413944731
0.04293049018842343;0.04097875322475576
0.03597293637536925;0.02049047472909257
0.022834815536914254;-0.013007274441031481
0.011650015159531861;-0.005644944009833184
0.0038449124282361555;0.019383992782088206
-0.002981151188380218;0.014473468991590882
-0.010352964044404129;-0.005703489818234858
-0.016518946733545096;-0.003316843391650415
-0.018562001016824283;0.009867121214088902
-0.016534755832482654;0.0034163965908454714
-0.012541512652044562;-0.010936548625395453
-0.007390408394909441;-0.004870810651091483
-0.0017972044281728296;0.011874139192336047
0.002225961517240984;0.009531617369970742
0.004359600441209052;-0.00869857766930871
0.006486953419212307;-0.012875003265131312
0.008381967794708529;0.0018236601386855832
0.007173297350666702;0.008536690792696556
0.001985395311374235;-0.0024240350537640645
-0.004224031075500234;-0.008026216077159594
-0.007391349887100262;0.0027429536983443236
-0.005263357688038219;0.008923468216788183
0.0015938270443393882;-0.00253055240363171
0.010358495940343822;-0.014800429099089811
0.016800645097842237;-0.01341364253335567
0.01672071964793298;-0.007164207088146082
0.009523486658877455;-0.005878280792569581
8.387726253044646e-05;-0.005259086893177943
-0.006104111517094349;-0.0014078977154378793
-0.0089590509241102;0.0015460934255053646
-0.011844799069244948;0.0016449855959864306
-0.015009168712407206;0.0012141317784217002
-0.015154263467123825;0.0007580253442800266
-0.010705236683507442;0.0007811303844681238
-0.0032841380680423866;0.0028043226301524607
0.005122374955783695;0.003656885894411936
0.012223347224073021;-0.0005676566310291871
0.013933816721990542;-0.004204223509502347
0.007666776629148195;0.0008683780538638104
-0.0023387468624054657;0.009368565799102606
-0.0071299272703823705;0.008719880792435387
-0.0035697161105580095;-0.0005868863901453894
0.0004536541466723696;-0.005483679846382404
-0.003703950260755228;-0.000976103021438124
-0.013181291045149332;0.0034251460643805742
-0.018177935211016627;-8.682463059201481e-05
-0.016245360068345236;-0.006842990376637789
-0.014210145904426192;-0.00871001478684738
-0.016053758087319226;-0.0046378890166237545
-0.017010085722834127;0.0009308203667468041
-0.012290003964502194;0.0035664949731375956
-0.0047335834519835465;0.001601258708923787
0.00023933742066662382;-0.0023349989497639307
0.0024974505405291622;-0.0031962804680953564
0.006071371855866248;0.000982241396992944
0.012781398995676494;0.006503997027380945
0.019302454913757386;0.007423490945246839
0.01936285064191884;0.0021954874018399674
0.010272078495175002;-0.00297478809567783
-0.001161324255591479;-0.0007201415392608845
-0.00442060880923009;0.007207629127953705
0.0009583614019549036;0.01060604601097119
0.004731757249840899;0.0030577980983911984
0.00038444929948196167;-0.008546621275964911
-0.007588095389938536;-0.009923265721715415
-0.011829154657489765;0.0021415627547609678
-0.011142773501612357;0.012542937884602695
-0.00932187460731079;0.008028291743219831
-0.00844649989271845;-0.00170050591075156
-0.0068135293643852455;0.0017081600035662883
-0.002757140553930864;0.01341128727030622
0.0033577121051156767;0.008892889284051016
0.010885065339611415;-0.016122616922480692
0.019191722504995644;-0.0333213458691549
0.026402353697253324;-0.023535619530369156
0.02906530705287009;-0.006324120690862922
0.022974973644582262;-0.006895168636276374
0.007927983383278233;-0.017431671810835322
-0.007394328152212308;-0.016540094805434027
-0.012794523338622455;-0.007191951332903539
-0.009440734353767924;-0.0077690575713425586
-0.0059628701284782345;-0.016403222023246917
-0.003978254128171815;-0.012418618612653733
0.0005239848812256648;0.0062273218138718936
0.005255503138672431;0.015252067576773729
0.004382906322417569;0.004402828816861565
-0.00022015945466593036;-0.00421185460011568
-0.0019134290748826848;0.003915249216628579
7.70572028560487e-05;0.010058925699911146
0.0018209015891404322;0.00013107655759790328
0.0026823346321164696;-0.006668113909271603
0.004816013929521215;0.004560669460513736
0.007246899579132268;0.012936417565275415
0.00667523398880609;0.0005108286725641536
0.0031666844278931522;-0.010911982418672604
2.377801681177126e-05;0.0016478929326811285
-0.001124551048449432;0.018367852717219486
-0.001079851807497052;0.011333630463535908
-0.0008508776755178621;-0.005816746386597441
-0.001650603455989028;-0.004903756413600033
-0.004149996764984005;0.006707558194906271
-0.006072704120102006;0.00514760673007991
-0.004125995311535397;-0.004603103123776094
0.0006971666746119858;-0.002891543486169413
0.0033672187202023625;0.005596053007010909
0.0014043922957723068;0.0036553575184395206
-0.002427754760824976;-0.004998321663249097
-0.005169912034918215;-0.005201955471839166
-0.006852993957564886;0.0012427292039820105
-0.007066102822760563;0.001574830986898974
-0.00402079464888821;-0.0047018193329516405
0.00032990283931586055;-0.0075606233083943515
0.00031008050542640007;-0.0038410709578711347
-0.004628844381517109;0.0008215387527834582
-0.007554656524541524;0.0028970231057066113
-0.005240272942237736;0.0036468206870263298
-0.004238039389139563;0.0035782844310707053
-0.009560662670256754;0.002585966467353664
-0.01479983198025283;0.0028845285816914896
-0.01156294753123014;0.004696935046403021
-0.0032398065031803147;0.005812606085040301
-4.252332568373675e-05;0.01008897229616114
-0.002909383072788045;0.0205150988842878
-0.002433896993207327;0.023781402111697228
0.005745904651276756;0.009635937094452162
0.013923390838187086;-0.001449415751052041
0.01293109141727238;0.010448789791103925
0.0029411019631106336;0.022200791750460573
-0.007690068555149661;0.007092886414823436
-0.01043934172334453;-0.009337666633254737
-0.004847248646207947;0.005350819939440266
0.0002142375198673894;0.023484798936073404
-0.0019539913128924554;0.006508616540544052
-0.005577847459251143;-0.018722185328737897
-0.001845844207134483;-0.008723088776375638
0.006588713941711297;0.015197499325765427
0.011846491728222;0.009992170991817425
0.015051954510726306;-0.009901999057737046
0.021269153708753784;-0.008087350392604865
0.026479699696983855;0.003623138404592186
0.022862681395036215;-0.003837958964984169
0.012197312228399326;-0.017107193975528727
0.00285250615095934;-0.009889273861330932
-0.0020269708516826865;0.004025245525073372
-0.00471957340959019;-0.0026069279873714916
-0.006375791130937098;-0.01989262389430207
-0.0074173968613405;-0.019410374718573244
-0.010087639019327946;-0.003071172587239785
-0.014689832223112473;0.0033230483032408347
-0.016528420423115475;-0.005735431184642655
-0.011518496254466347;-0.010630137581343405
-0.002677521190400746;-0.0030528209076511807
0.0032109897516229965;0.002549065247279126
0.004504800946530051;-0.0026394310674012714
0.006095769280486532;-0.007371761337927297
0.010836138863076205;-0.0022296038857566635
0.014439969978019078;0.0036990461080867896
0.012243613678903873;-0.0003655658029567485
0.005869943340576689;-0.007491667610654632
-0.00043549666911495887;-0.00550784054761608
-0.0051270930059828575;0.0014528101389050104
-0.008928678350950429;0.0019452634474016214
-0.012409144102002615;-0.0010093058018991632
-0.013722690207088533;0.0025765252724827647
-0.009049723711503463;0.007938752558966452
0.000975761248065474;0.0024831220625534303
0.008404266609688082;-0.010157953741259045
0.007531418670029517;-0.013118415469670193
0.002567473786692867;-0.0032353346239884966
-8.121027540620311e-05;0.003637292990685388
-0.00024804291686284966;-0.0004599149218510238
0.001119617220586224;-0.0015479737749535634
0.00694459350634806;0.010633378146823075
0.016816156014795965;0.020062175731466007
0.022177276099828867;0.008998234498919185
0.015611829822467999;-0.008592826752958103
0.00046213013713744414;-0.006269191608468281
-0.012880535690901978;0.011959087594500114
-0.017232760061707042;0.020146984756571458
-0.013632102150566795;0.013984858795001309
-0.008333578362773536;0.008980143538922462
-0.0056017777437795055;0.003065948993909397
-0.004036549465094591;-0.014769818202578444
-0.0008920652095418739;-0.026647207245336556
0.002472758372156177;-0.009234111426368975
0.0020768858725411735;0.013510866866554906
-0.0031676027983918204;0.001062857771775676
-0.009501112554250827;-0.030127810769579166
-0.012223897908877188;-0.03009260756782367
-0.010855897171171925;-0.0018910100188046038
-0.009069407816046933;0.0063423133196916556
-0.009395235175633862;-0.012093958131166664
-0.009844005439218024;-0.01662176374054129
-0.006790463906390382;0.002989059279049209
0.0002951049698522341;0.012254011075152909
0.008166129067254035;-0.002921647751712693
0.012260271640727849;-0.0162980466735795
0.009294455481559704;-0.010901636087660696
0.00032160808352109935;-0.0014716340874348021
-0.008014628463011845;-0.001149061830836017
-0.008791719515144453;-0.000986115308685304
-0.002653192518447762;0.008011377305075316
0.002704189324252539;0.017067221600162556
0.0020479532906547255;0.016137190743694182
-0.0013158718436329505;0.01165572469589598
-0.0006703821562463337;0.013628977262688793
0.004969653669325167;0.01683830957615863
0.009246033406824334;0.010852579657149575
0.006226366022828156;-0.0003545618662555777
-0.0019976633961847055;-0.005525533120244801
-0.00773667665424003;-0.004590933228204479
-0.007393682225549642;-0.004314242912412971
-0.005026473918258487;-0.004560735487757155
-0.004656814631745265;-0.0023480111953252548
-0.00410119303174153;-0.00016697155855458558
-0.000500922508354224;-0.0006903134735330505
0.0034732187893250564;-0.001384225425027375
0.004385102772342726;0.0007749439918666635
0.004219638318206001;0.005073224705779548
0.006883235982957464;0.008505526914297429
0.012193199388798134;0.008095070001627647
0.016697042585864307;0.0033653059257673173
0.017909486439440958;-0.001572360149615153
0.015867698198441985;-0.0014253110175734636
0.011735847484185635;0.003291826812486311
0.005634696749638899;0.006281813504577492
-0.0031125423716351274;0.0037844172764397448
-0.012100009342063145;-0.0010561720029304744
-0.01510649747044057;-0.0041007301286977264
-0.010047282343143256;-0.005335836753286794
-0.0050900357484215345;-0.003068164115635852
-0.0094177473131527;0.00825726181414103
-0.01830723335301514;0.0227713418939472
-0.016584459021297706;0.01985464261878591
-0.00011829838440232986;-0.0034421552617206305
0.0161919255179778;-0.016390606999476223
0.018482401475623758;3.272951395369505e-05
0.011279496774854094;0.016902994928549058
0.005912911157727091;0.004000970924328095
0.002714458127581997;-0.01682811392070781
-0.0038186686861281854;-0.011924377304258379
-0.010560459412544555;0.0024553639820865903
-0.009292798724231348;-0.005663931303744112
-0.001462278631710002;-0.02108076796841676
0.002271209037501343;-0.013813396999277885
-0.0022520006034785563;0.0005429047579920358
-0.006910732274627583;-0.005214826273624217
-0.003303736972180766;-0.013815275363723472
0.005956424675889692;-0.0007943496880885757
0.010489165157280914;0.0133521488961349
0.0048384994484842545;0.0036209824658739796
-0.004252365440639094;-0.009408092888255308
-0.0063163462789130155;-0.000964102946342196
-0.0006419908167175516;0.009397587671330265
0.005461681705639079;-0.0015351357021417223
0.00836539213748792;-0.013942887459673814
0.009447201575439733;-0.004454420349453876
0.00900231128919321;0.008120762754407634
0.006724232058626875;0.00016420127380074222
0.004647234991668583;-0.010404384704933415
0.004134653125019117;0.0024338411065901347
0.0021094393146619803;0.02369036172537997
-0.00467649122806449;0.021625034797699803
-0.011040567399211632;-0.0014124000488135993
-0.006948786413449201;-0.01634716997215315
0.005557399757281026;-0.011013157475050113
0.01062980811812112;0.0003611167617370082
0.001958766624428397;0.004168959762111341
-0.006356625528879245;0.002757517882769007
-0.0021905385070806315;0.002341840478211547
0.006186725467402844;0.001820206919626436
0.005542150570166397;-0.00041514647449180796
-0.0006949765918675938;0.00029647433655369807
0.0009326262381437544;0.006976649987101642
0.012608869002710039;0.01305169706163079
0.02264819685828861;0.010229909074115673
0.021742244555078883;0.0017640673180116455
0.012178516544782022;-0.0005680701385901217
0.0006775805468161932;0.005702318482195588
-0.010288126208479924;0.0092121387270416
-0.019944951581391222;0.0031541039986055703
-0.023196927976970514;-0.004296532936517144
-0.015716717682081122;-0.004822592249386291
-0.0034500412344759296;-0.001934029470338396
0.0025354658694139685;-0.0011793426759794026
0.0008966661208235508;-0.000585750036922253
0.000331844356553784;0.002641056630071473
0.003604016624631766;0.005187532359413912
0.0023340530932773112;0.0031600993997877576
-0.0072327901854833156;-0.0015707843388631558
-0.01591713431007605;-0.005297497816843622
-0.017186957351806306;-0.008072650832747094
-0.017319962246400096;-0.010528332548652397
-0.020979683323460223;-0.009912811182316074
-0.02151468750723018;-0.005325971966779477
-0.014669536201204128;-0.0022621284407265308
-0.007417710761124553;-0.005895645045753996
-0.0051959854381757676;-0.013198136046385733
-0.0035283437611742484;-0.01601783729416326
0.001165692330818483;-0.010748462627782682
0.004138413960077661;-0.002402793379359452
0.001464671593350735;0.002029284968282391
-0.0027656991900679717;0.0019125576013078003
-0.002961817330221034;0.001095918124200466
0.0008447142862893907;0.000744724129867335
0.0049020958732915;-0.00017380791368657814
0.006623310720485736;-0.0003101673453356471
0.005991218555946709;0.0018515627452941354
0.0041125268097858495;0.004302682467792513
0.0028467852113706876;0.004681385078835893
0.005095816024182588;0.003185541512908821
0.010850893337102638;0.0005321207400676827
0.013302601597708262;-0.002129980566060702
0.005689553348757188;-0.0022713410007464243
-0.007546663494002583;-9.849373698603616e-05
-0.01397436336781553;-0.0003342244832051204
-0.009000679636410956;-0.0041097043333889575
-0.0011962629390150762;-0.004309084521689923
0.00042155596270466186;0.0030536823085617476
-0.003267236892077531;0.008884294188673699
-0.006763022181824189;0.002330287524260477
-0.007134380856882083;-0.012410328264047001
-0.0025071787396916587;-0.01822454031073727
0.008401229979613923;-0.004025958976705446
0.02157207268163958;0.017860666550734598
0.02890385432938168;0.020498575675851474
0.027101235901443865;0.0008665505906002313
0.020321644852741228;-0.007863756240771711
0.012169930952750107;0.011685031759709546
0.002010019992244337;0.02545467082635523
-0.007663361282172198;0.004997220982913715
-0.009626951225681881;-0.01701799063647527
-0.0033430181146576064;-0.003642523530123225
0.0015461078044091026;0.017001062883345814
-0.0011057489461123965;0.00548157138041624
-0.005672441188941241;-0.013727906583359466
-0.004962262391289118;-0.0021300991784840508
-0.0007612656464611098;0.018781271773266668
0.0011627756355441798;0.012261882358962554
0.0008843972625498275;-0.0057969486212471845
0.0019953190654427057;-0.0033160461462917066
0.0028601663109552224;0.010718523864407766
-0.0005859010393681167;0.012293396132904788
-0.005512343179252894;0.004793170971550097
-0.005661977384931756;0.0012651152126435163
-0.001466388430533364;-0.0013368124346941992
0.0025797020565195335;-0.006756524452340007
0.006034362228323671;-0.007845344982114845
0.009462591967177462;-0.004934364452209477
0.009532054805614048;-0.008232390900138975
0.004371258002550356;-0.01482650068065869
-0.0025700213128263187;-0.011581806222541203
-0.007274774531296881;-0.002152788134654974
-0.007201639716190929;-0.0013059012278223779
-0.00022874075972137677;-0.005717655544001694
0.010945739278306818;-0.0018108783595689128
0.017067335489631616;0.004010598745845208
0.011977982631467333;-0.0030316173743328506
0.0005947121748173704;-0.012391926011917296
-0.007328414401803415;-0.0035636328569363883
-0.007957282871921822;0.013342768766473263
-0.00472325249184174;0.01269023808192933
-0.0021344974542064224;-0.0009315099270934805
-0.002080054539835643;-0.0036688978275419147
-0.0048403169022371685;0.003602311460076567
-0.009077879416839046;0.0035347066311559386
-0.01072299189330029;-0.0005986931776078322
-0.006565677182436672;0.004348843994395655
0.0011725589745045142;0.009973786951729529
0.00723365748890436;0.003151747705030161
0.008106464664228126;-0.0034590485105946414
0.0035442200066274025;0.005462708263657775
-0.001977422260876552;0.013945513010620365
-0.0013095501106921792;0.0015577984154379525
0.005826992967138366;-0.016556643424950078
0.01038247798057128;-0.014163796412014398
0.007195945293753291;0.001929652774206547
0.002096610350857716;0.007630767470982921
-0.0005919914920847173;0.002674912799115539
-0.005615907263905301;0.0035457653513321545
-0.014897632351042535;0.010107837391192991
-0.021380461446357024;0.008589832156509653
-0.02038884292024306;-0.001511971572638564
-0.015605344998651795;-0.008304492592492737
-0.011945206709158763;-0.009125546260128618
-0.010607094763551504;-0.010964755768093706
-0.009983734501761203;-0.013710875479611086
-0.0077115995625922475;-0.009770813670169326
-0.00378470636998602;0.0006285483889965638
-0.0012235032232167501;0.00622994391760381
-0.0010635044532613723;0.0005202712426529805
0.0007556902719948973;-0.0069910488963890755
0.006793473741141911;-0.003460503370664715
0.010965253001163017;0.00779054570158626
0.006346967288848029;0.012929065797631282
-0.0011453010671976073;0.009654680997360665
0.0010667530463560639;0.007139665207894964
0.011991082737093664;0.00681658973592245
0.016928312597879067;0.0026450199076910254
0.008945218687466314;-0.0023530432869082463
-0.002817549974812712;5.679738163306526e-05
-0.008149900552232834;0.006074201962025241
-0.008222745262211114;0.004999755118544254
-0.009701595776059868;-0.002031300597173244
-0.01326084774188089;-0.00509293200216157
-0.013417646876175122;-0.003356632168693446
-0.007362110377482722;-0.003921650695480166
0.0018846645885109148;-0.005907209168215158
0.010858660986779558;-0.0018997648596296942
0.01918910564670429;0.005954605320164171
0.0267836042009117;0.006736171592393903
0.03055891734435746;-0.0016696934635200078
0.02699076886496026;-0.00914901786880942
0.018148331714209282;-0.009007094861844693
0.01017515793116272;-0.0055188909448568
0.003802435823073754;-0.003866879067387283
-0.005318859397289178;-0.0030756643744730815
-0.014774269464842931;-0.0025696305465206025
-0.01589365013015177;-0.006066372642601582
-0.008401513987659216;-0.013367690714445884
-0.0022675087514414972;-0.01714798632602071
-0.0035782197579174967;-0.01389503519806219
-0.00848528265213647;-0.009180383393539599
-0.010627170961583797;-0.007070056989954275
-0.007389611582335757;-0.004000791069353831
-0.000731728472015617;0.0019147145935517796
0.003976107221888384;0.004923110396904365
0.0028986808257345396;0.0009436461385770723
-0.0010882900550596394;-0.004330722835650144
-0.0023283741325728804;-0.0029973387763198495
-0.000821999814488079;0.003920929830687992
-0.0013644143682412018;0.008380772479736462
-0.005066598728498409;0.005843645238546945
-0.006814174922218572;-0.0002917617505914155
-0.001988540648480681;-0.004107012049115882
0.006627644214407421;-0.00367633420166212
0.010843106358574703;-0.00035115173946930264
0.006868430575491971;0.005481728278492351
0.0005106020873762054;0.012632410677360649
-0.0005041861382083294;0.015083950212260045
0.003163235373143421;0.008252889927995707
0.004253933812945544;-0.0011936431202083748
-0.0006212977635927007;-0.0024630257713801436
-0.006962460587882181;0.0027390863487886017
-0.008484247877031425;0.003882813482924744
-0.00395485705904302;0.0003681082315496901
0.002020429412736956;0.0003717166023311138
0.004050595848027597;0.002937879636241204
0.0022738737262593266;-0.0006553371424365592
0.0016936962836599414;-0.007825835585035572
0.003942716334605275;-0.005778819703174647
0.004748136002776409;0.004251001452758736
0.0020018768711754153;0.0046172798714529985
-0.0007115999484012227;-0.005490945663863491
-0.0015152020437324482;-0.00013251425318180465
-0.003248735661180602;0.02718385756637045
-0.00669178075399;0.038914194811477364
-0.008643900322117752;0.012413593537207359
-0.008300628383477044;-0.012121647344083521
-0.008210216132418794;0.0057809760016790685
-0.007951919032713311;0.03417230469023201
-0.004121931889335347;0.023295680077882155
0.001973242402387137;-0.004888755602196855
0.003945659402350583;0.002118631554266605
-1.0808457990058022e-05;0.031181130359680356
-0.004031202284346106;0.0302969408775921
-0.003325165779737304;0.0018377380363045108
0.0005805017997972765;-0.009823822684147167
0.004274494982179932;0.0015156977539115778
0.006020612184462382;0.004861872256100981
0.005090518616616213;-0.00760684793885588
0.002126964176460201;-0.015914455348994046
-0.00033360776566329246;-0.012971249344079908
0.000246820936326836;-0.009609441830574156
0.004151854027501406;-0.009099796862700047
0.008762070503060493;-0.005612538231839433
0.010439120757553409;-0.0015231777145370757
0.008361153776481823;-0.004645144334608041
0.0054833871300512885;-0.012137792423177415
0.004345280493960093;-0.013769943291293036
0.004012535702351118;-0.009283452187189373
0.0022013083645473475;-0.008944087327159136
-0.0023222070240463185;-0.015692781904721974
-0.009484617147238639;-0.018452825172689598
-0.016903120945743186;-0.009225244826493917
-0.019676509699769335;0.0021651532119788346
-0.014411417612874554;0.00021448322931410008
-0.004203157304633334;-0.014298062252774989
0.0028072858704051647;-0.0240756400420541
0.0023749531678860358;-0.01707540454664347
-0.0006018232286282339;-0.0022115530060772314
0.00019748693031492265;0.003158515008838689
0.0036654531233990782;-0.001210346517398078
0.006092393507377504;-0.00047003011873900514
0.008984989409090084;0.006503330330837036
0.014814974343154302;0.0033728481085613052
0.01990446347007323;-0.012901173953703554
0.017724353880964508;-0.023240753224611763
0.0074388781711897545;-0.015795969823034932
-0.003925010987179948;-0.0009517031487093471
-0.008474446308780135;0.007722725706690864
-0.005883703485424192;0.00810446430364429
-0.003005890564997201;0.0036229419888982504
-0.004969206202766213;-0.002224306249204028
-0.00901358924211007;-0.004978457183979391
-0.008310851413440849;-0.002526827103446256
-0.0010139084751724027;0.0009356301553163706
0.006589615807273537;0.000368866608077537
0.00832598001336451;-0.0027225081086525286
0.006822000782820466;-0.003631497834181175
0.0077576476180692844;-0.001523520392528887
0.008393515354241068;0.0012774536263577894
0.0016109491018047903;0.0035263827825283865
-0.009706343328565507;0.00629768623299974
-0.013328202862246532;0.010542131395426544
-0.0048660177640223404;0.012952088901656725
0.005312539051805997;0.008698294339792021
0.007127272578590209;0.0012530946182553473
0.004619148290242131;0.0010421377753746502
0.0069215336029593835;0.009624072644788234
0.011689321177892769;0.015505697785106923
0.009192700059000395;0.011651797744580465
-0.00019301207751231186;0.006315809036620063
-0.006348838509127519;0.008779333373139063
-0.006322587150415907;0.014216112345209676
-0.007151263878915919;0.01229193806513957
-0.012064161301865972;0.0040966561403390995
-0.016123599171985647;-5.596025780940083e-05
-0.015553141577782743;0.002479704749102949
-0.011784620125330176;0.003023427962897075
-0.006823500469755332;-0.0025193412263411095
-0.0018923993263737077;-0.005446868173894826
0.000630109723902076;0.000601484677354495
-0.0009940933455811585;0.006817794567342667
-0.006135831809989781;0.0023996703828484374
-0.013485359406821181;-0.007468755923381985
-0.020470031203180753;-0.009231170383140351
-0.02226469887789344;-0.0020066699529449387
-0.016663378735327708;0.0023432522440932236
-0.007329921919780612;-0.0009449739980766426
0.000821167296217076;-0.00489041665375403
0.005058401116347015;-0.006326544472566276
0.003916072632757675;-0.006848216675096325
-0.001099503462085822;-0.000288100098057908
-0.004255721372891645;0.014558374466694666
-0.0011175495086788365;0.01709474191584945
0.006156521935187796;-0.004113499124109006
0.011648597908668026;-0.02061315204381544
0.011841932434138868;-0.008206396149590732
0.008247011086488162;0.005472003304383577
0.005924349845466298;-0.009304780071397125
0.00847852500470943;-0.023958726187617796
0.01354891208449108;-0.004122767667746156
0.01615650285309905;0.020402274340159586
0.015546875857003038;0.008717841831682909
0.01368907778635378;-0.013684512989838239
0.009525146242932204;-0.003338337703716464
0.0013735533922746733;0.020750384511017583
-0.007206650390089262;0.01581784461770664
-0.010325946640365666;-0.007642901607611564
-0.0071924130083285045;-0.012638753754951892
-0.0019807933846312862;-0.002178585482359236
0.002193457087207085;-0.0011285215259585716
0.005462296398503245;-0.004705911822999808
0.009013262942671383;0.003076795558834999
0.013992945628141759;0.009510381778359531
0.021367242025584956;-0.0010333018423093275
0.029191536660999842;-0.009709727867839635
0.03034088699461493;0.0037963093107420947
0.019107641952513424;0.0189751697939577
0.0016802046237912815;0.009950976454067404
-0.008833443723325752;-0.005289343995210429
-0.009858181713605757;0.0024829465720646662
-0.010601209466672395;0.01989894209142159
-0.01520200187791804;0.015876105806681542
-0.01729281821404057;-0.005159952504820205
-0.012294058067366467;-0.015696851969615632
-0.004836248386747115;-0.008934704213786912
-0.001906682999250205;0.0011344560700314035
-0.004315554806352505;0.005689120093189842
-0.007365433331247808;0.00589853444432019
-0.0074350116821761585;0.00405949022894295
-0.005104108595314331;0.0013972488273791524
-0.002713926779343038;-0.0012145395116368689
-0.0018583211628711651;-0.002286174438581435
-0.0029029019231433992;0.0010254778887199168
-0.004472528411678709;0.006770084278405148
-0.0043409356484932;0.0057324316573844295
-0.0022488885173559334;-0.0028207752118819093
-0.0003703955867237946;-0.0028232480113910955
-0.0014768337316724528;0.011453556791290544
-0.0070828849018807;0.015097254287290408
-0.013560006781043516;-0.009307324825735536
-0.01196221031659324;-0.03201942284957058
0.00022241460583972904;-0.01986529164150347
0.010959422250225044;0.0023563685738512284
0.008739238387539386;-0.006568809388612144
0.0007183321366960372;-0.027324453523854132
0.001378295323097548;-0.017122483568843726
0.008174121244434522;0.005789722562611267
0.006342621741821012;-0.002520718755293257
-0.004469392463393918;-0.023666930796092264
-0.007761316100958349;-0.012883162076623036
0.0037182778067593276;0.010709118500056914
0.016162837114365506;9.505388575101127e-05
0.01390050771569387;-0.027357385260028455
-0.0008572320477613185;-0.02166199236876724
-0.012596019382735411;0.007584215606321108
-0.011516407755706254;0.012483729404544473
-0.003750963937472875;-0.007124192007316224
-0.0017565286096157726;-0.011723801280843738
-0.007130368788779824;0.004905837911050925
-0.009479167218664196;0.013836752476997886
-0.002707900224766412;0.007866260815679323
0.0066547448942549286;0.006860357048777968
0.010197638339571337;0.014912938950660109
0.008122391531347521;0.016247372061992716
0.005233769365047356;0.008988535118359061
0.003039238150448719;0.007245894398289486
8.361662903996871e-05;0.01149016929136714
-0.003516171629474854;0.0070203128621502
-0.00568307830635687;-0.006243985726592868
-0.005174100296213253;-0.009875351552090532
-0.0030343946540596608;0.001478914189133655
-0.0023888740817934653;0.010791635476262496
-0.005428568468032271;0.007856289660136196
-0.008752520276109023;0.0020282695358456995
-0.006425112950478221;0.00040897549337195056
0.0002599212219199599;-0.0018086729062443086
0.003337632413601999;-0.005602786392479427
0.00014017448887110426;-0.0040659758614009075
-0.0032464585937783366;0.0033845341564968574
-0.0016169499492044367;0.007882357327359604
0.0029288574302438297;0.003922373444025938
0.005014077481793296;-0.0031090773705194272
0.0027646984021671016;-0.00376403500688296
0.00021533147427122248;0.0032737108369800547
0.002589947588118496;0.008196434406405618
0.008518859201664277;0.0028985500642205375
0.010985408674604947;-0.006393711041011007
0.007431741717655974;-0.00754201197531477
0.0025648159221346874;-0.00029927712263592423
0.0001500020412872408;0.005005399767381581
-0.000762096836275671;0.003649733675484531
-0.0014271399386521335;-5.880215673066007e-05
-0.0016372727777516998;-0.0031416592097022323
-0.001991854204510671;-0.006054370106592305
-0.003992367045785192;-0.005679294770434859
-0.008442712948260336;0.0015963717780294972
-0.0144540758645245;0.00937098822089998
-0.017597625799933448;0.006526613548477811
-0.01093311142816704;-0.005242281041754105
0.005751119147277731;-0.012017650057319296
0.020782541653850274;-0.008328376424019282
0.02411855364430973;-0.00433145484733642
0.020421828803916377;-0.006849536380609535
0.017622416223205987;-0.005275101305258521
0.013036857071864085;0.011053803848312643
0.003257272655424373;0.02796142040932303
-0.006236845580576416;0.019003205164095708
-0.011771350477845565;-0.01280537547110005
-0.016240237507462216;-0.029696566736127333
-0.018232400294117733;-0.011927277177449102
-0.012460795208155667;0.010132041636445226
-0.001762196545227927;0.004034865527808221
0.00458516823875574;-0.013971039172730817
0.003007708660241554;-0.013418373278815189
-0.0016653264090562248;-0.0028635476825277385
-0.0031599071741298447;-0.0050804339669317565
-0.00017321961422017218;-0.010662744944332765
0.0030783555561870626;-0.00084421595864389
0.002653094650073469;0.01234165744152686
0.0002750348260468001;0.009534098483926343
0.0007234945622773847;0.0008945878836715274
0.004869823035530133;0.0035406339309297322
0.00851819303398534;0.008592630318936983
0.008326737788384778;0.003178218111825617
0.005485507244571368;-0.0015903028766445408
0.002789849119850114;0.005923192667713204
0.0015739229058932436;0.013663526106326103
0.0021479750934743657;0.010819712202801566
0.003951425863621759;0.009579805039615735
0.004652982060382672;0.018935324944416604
0.0016618567591310945;0.02283541087306771
-0.00458928388866777;0.007733568381119472
-0.010375310078173052;-0.009716290532249247
-0.012409678005106678;-0.007027186674783404
-0.010830638978631511;0.008274130688134018
-0.007764357569735257;0.012464043142817426
-0.004062062700279272;0.0031137108180591126
0.00043708660262098425;-0.0026814036579999663
0.0038610238850677655;0.0008166634982352652
0.00345039544590277;0.002837742086842484
0.0010978672210235293;-0.001427912660975601
0.003217235154642017;-0.003328495045252218
0.011703755256931342;0.0020960397551361525
0.018766515256246678;0.006198191050435154
0.01587296280742432;-0.00012949894942796076
0.005688516260180103;-0.012309875575017875
-0.0014750125604002496;-0.018236914775275576
-0.002885482703706108;-0.014376486355282188
-0.006604912075711528;-0.007765047879149963
-0.01672435580676029;-0.003371184596729586
-0.024898404609521536;0.0003113819915999075
-0.02263703688556026;0.002658005795990477
-0.013813079790841088;-0.0001415158197893068
-0.007930407926874092;-0.005915632626065354
-0.007033379133547494;-0.007206667519141661
-0.005499724901949689;-0.0026148251190152043
0.0006498250859742934;0.001485560154376455
0.008873443523447884;0.001439856798345587
0.014048196349324022;0.00012887983283553693
0.014026877184323787;-0.0006283686503504504
0.00951121440621782;-0.0019039566996301414
0.002334364728962711;-0.0010909344746533225
-0.0032063302440228977;0.003911650612608795
-0.0032759581656809263;0.004743457625415105
-0.001164468880219364;-0.00565024868776625
-0.0031528828195073917;-0.015691606728563214
-0.007241665316881442;-0.013021755151052266
-0.005666112128517496;-0.00936000590319327
0.0015540611706771727;-0.017706327517056513
0.005667620104449724;-0.0220786924620821
0.0021945773242226622;-0.007185615544638408
-0.0037146369014808603;0.004892879648334545
-0.005308303161675004;-0.007689507161007675
-0.0015597768967202967;-0.0200794133108857
0.0025134924661718073;-0.0034269250505114023
0.00038902196867193284;0.017971009305541977
-0.007010949318350333;0.009612834654288738
-0.008974563114597791;-0.009146171296566393
-8.554511330582941e-05;-0.004586732020443681
0.00868824685725689;0.007932925977077905
0.006571372325511675;0.000829691947142615
0.0014380080474886252;-0.008484354711551971
0.00674553862675412;0.004626707609083687
0.01927387176692126;0.01987130717325497
0.024211035565182358;0.011186791214152201
0.01629614851489735;-0.001509602145184073
0.00523832646228528;0.010282166842299526
0.0016236883193402483;0.028814101547779858
0.003874565346636212;0.021427918551822703
0.0024947372178245465;-0.0012692448680772914
-0.005168553694749873;-0.005605784916772251
-0.010697745726797277;0.008712721117718538
-0.006950422513944005;0.014880496643981462
0.0013020189887594537;0.005505998085962172
0.0044490097212076555;-0.0028526804243543752
0.0016861078933446362;-0.001861913761906336
-0.00022095154515654685;-0.00010984724987362806
0.0008389793930503915;-0.0027313628467694087
0.0009672987762009207;-0.002973052998087704
-0.0004067965243399214;0.0030208810280622023
-0.00036180737782012167;0.0068360968879198425
-0.0004770004657538246;0.001001736206664717
-0.004332978037339047;-0.006402539704691909
-0.009246610339144368;-0.0032791222029202468
-0.010430851464686969;0.003939254788299257
-0.009085309271884862;-0.001590795173351957
-0.008545266912544891;-0.016398075034262508
-0.008411213177780753;-0.018451630531141672
-0.006839527697355937;-0.003107486161655377
-0.002913463988349659;0.00888897655418949
0.0031743399707795526;0.005191913678413231
0.008132546463497363;-0.0017228148593185517
0.007458538703675343;0.0004273644879224381
0.0018401278398713253;0.0049240999695640535
-0.0029365866733824858;0.0022461765599555454
-0.0029997649861269876;-0.0023010134429692105
0.0007514949861311988;0.0001242214455353243
0.005628761304528975;0.0039620789387270405
0.009001156381148739;-0.0014386929956219528
0.008483992174542472;-0.010206859739307662
0.004019288005809976;-0.007400332887932913
-0.0018800031154983848;0.004030481572115647
-0.008522735321173144;0.00680965949906899
-0.017080450875608597;-0.0006073807633506637
-0.024039542421538572;-0.0030870164868782913
-0.022700157269970593;0.0016421532827109813
-0.014162766207274736;-0.00020255395796264357
-0.007437493591432428;-0.00933462176240227
-0.005722331290282223;-0.00854507224008358
-0.0027108216526672696;0.006216046504184356
0.004649988245924149;0.015223802474931556
0.010839048165033392;0.005993519475483802
0.012956863265752598;-0.0075016436195696375
0.0162802496154407;-0.010396618259344846
0.023174530316958354;-0.010670499167897553
0.025565343076636743;-0.01762988603175609
0.016294994353202634;-0.017229054838953504
0.002366459105043429;0.0016979031950408118
-0.003531985454757445;0.016240770978944392
-0.0023913043895620995;0.0038253204406187577
-0.006295393324645503;-0.012662694725698236
-0.016604273933163823;-0.0018931294884204854
-0.021301555343216812;0.01721128160019072
-0.01559169531049967;0.009193275911628307
-0.007679512664794247;-0.010406325833368627
-0.002881127116411616;-0.0027751876118962265
0.0013302360954258257;0.021142065119067417
0.005117202493533993;0.019111360758379537
0.0064227481683451874;-0.007245259285230861
0.008859827710740563;-0.01671764058910668
0.015596539327501055;0.0010402547807905973
0.018933378836418466;0.013289385804773545
0.009914208042208179;0.0017677546018917746
-0.004601547223357129;-0.012032946314446845
-0.008971707455747475;-0.007034826706172359
-0.0014693513510632798;0.006213479827098116
0.0042584975948177835;0.009330748526313642
0.0003446823464045321;0.005717803503104771
-0.005859074071045346;0.006682524640624529
-0.005202880161525352;0.007315887289046411
0.0011886167682542185;-9.796529162105024e-05
0.006513728024214783;-0.00443131521488171
0.007626441293575267;0.005556997460539595
0.0062845648742840664;0.015478897069120994
0.0048568074660847015;0.007370834595496508
0.0034925348214129006;-0.007374965557243376
0.0010005781996824494;-0.006640672165029005
-0.0024525815820172396;0.005734708060942432
-0.004212153615642328;0.009474385454327135
-0.0012613850616087477;0.0005119045343661811
0.005842312460204278;-0.008599111135763404
0.011564272090911983;-0.009960682626124779
0.010286067984869886;-0.005979231990485175
0.003051005727436065;-0.0012557550614096984
-0.0033665117540983207;0.001623900997407147
-0.004243157153396639;0.0021660213354530392
-0.00097912360813991;0.001798233981907332
0.0017337860202226306;0.0015895393257067062
0.0005082804327073532;0.000744282718178717
-0.0036265207280337815;-0.0006059758576823195
-0.006220127090034552;-0.0007123764441171131
-0.005003132171859338;-1.8931331370437602e-05
-0.0025109760806920805;-0.0004685781393520527
-0.001748593775451098;-0.0014713721087721767
-0.00306158108199623;-0.0021600502583748187
-0.005640727328469688;-0.0032413919117060125
-0.007217034485798285;-0.0015400625751311311
-0.004023825993956699;0.007708344360810638
0.0032821943816262323;0.01826543820451598
0.0078008035730695304;0.016945810362848424
0.005953759485378653;0.0058580116782872655
0.002291161325081175;0.0028972382549045934
0.00035136984592348217;0.012473321509407295
-0.0023688920801159296;0.015988002902181605
-0.006498193248092396;0.003429058208146583
-0.007522265078977105;-0.007197162983246595
-0.0043465630008058835;0.0004658926555296855
-0.002735398150761942;0.013145098108583546
-0.0061769781109318285;0.009727713424350418
-0.00949003453038257;-0.0076014279606897725
-0.006001053465741612;-0.020094733062603645
0.0018141758809998298;-0.0163610752779054
0.0033650730680085004;-0.003843709806038326
-0.006667743840560589;-0.0021663135466957035
-0.01865708282118346;-0.01680138715870095
-0.018152683259766045;-0.025560526521179548
-0.00598678538385731;-0.014322900821379474
0.0019273245933089122;-0.006824804687868443
-0.002055876583624488;-0.0222605869682626
-0.006920772837402129;-0.03346947165048066
-0.0018839329177655142;-0.014721888671017973
0.007253120702446651;0.005433314613185565
0.009654367477334861;-0.006841460781395984
0.006956690043795501;-0.027109357874253698
0.008079338435394661;-0.015280578932531106
0.013117489631029487;0.012991445262586469
0.013966731513247841;0.014462667294793922
0.007969828624614945;-0.008678761677551331
0.0007042092745647364;-0.016984687502283578
-0.00410016540856197;0.000685111866168623
-0.008663747735096644;0.016310364749012804
-0.01377910511463;0.012606306191045642
-0.014701724177552243;0.00463696620951751
-0.008361297462025349;0.007403249367258367
0.0002458068878908617;0.013078842029081618
0.0036338075337883193;0.010570609157675477
0.0008568442220886709;0.004579917719144945
-0.00288336122335428;0.0030566381214412364
-0.0027060174916079837;0.0025954470470177546
0.0032378270058712913;-0.001656383224565676
0.013764360416990624;-0.005003701364390774
0.023767301673789824;-0.002941604537304826
0.026953851701340573;-5.637177791697731e-05
0.02212641681578865;-0.0010747822905655701
0.013687989100274476;-0.003726585726159549
0.005716858798942696;-0.004583339563569769
-0.0008307572453617304;-0.003178916829441521
-0.006040612390187546;-0.0007596254182428928
-0.010045903172055993;-0.0005577446242662426
-0.013172822813066453;-0.004420087009965632
-0.013837809123329976;-0.007555130029548971
-0.008199947654596158;-0.005874181191070624
0.003063574048603332;-0.005363642274936165
0.009852262214367183;-0.009596396193874668
0.0034645939034621035;-0.006587238123071109
-0.008395210263856354;0.01014054835444371
-0.009362917814720206;0.021350639554953692
0.0020650110513972947;0.012380226476352231
0.009823167367846043;0.003590528637183046
0.0033363924735550386;0.013689237578277278
-0.008553071184882754;0.02025013721745274
-0.010879981014684365;0.0021292325845933464
-0.0012347047905759475;-0.01253113584950887
0.010276276665664462;0.005765098189679492
0.014526827089596562;0.02843384963131179
0.011222428073985791;0.016854549405934855
0.00525487727605558;-0.006767368692157
-0.0005355967257813714;-1.1778044296142949e-05
-0.0068898035549101785;0.023345052701785943
-0.012831329805270436;0.02283572017134214
-0.013581388804451413;0.005098254911263411
-0.007472106716714684;0.0035052066367863787
-0.00011118423577571518;0.012747557392963835
0.0035042857875664237;0.006356814622005049
0.005864589702282359;-0.005679727414419321
0.010131695931583468;0.002680419355980138
0.012704282471104823;0.01760216432757655
0.009959905920510112;0.008939200550728407
0.005616844035662148;-0.010154273102061809
0.0032722296521402717;-0.005977297183340137
-3.690357587769174e-05;0.012001499819184754
-0.005182866450971779;0.008897608110359128
-0.007208686744594074;-0.011386767044764714
-0.006319832498809989;-0.016089089237071492
-0.008625882828248534;-0.002604377230123159
-0.012855861267685597;0.0029221069070251753
-0.011575686058032544;-0.005918894423753359
-0.005408141264134241;-0.010718245787150821
-0.0013706160035045324;-0.003900450084435764
-8.266628483481075e-06;0.0023586934104893906
0.002287767539878349;-0.0007038889871249808
0.002996964791912351;-0.007081988700142981
-0.0012285116841086409;-0.007362353972222414
-0.004631803174945572;-0.0011046865941426718
-0.001077284651035071;0.003773513270755238
0.003387718316852868;0.0016828386745452964
0.0003040103088070737;-0.003269622190158045
-0.005262933762226331;-0.0034950351104512064
-0.002776200839209278;0.0005499437092241807
0.005479839590131482;0.0009888977762546269
0.00848047242448367;-0.004352662027937339
0.004665969297908245;-0.007161090210338981
0.002584903539763796;-0.002765277148149489
0.005442803778115824;-0.00015236936697025097
0.006742967808325458;-0.007093583056802746
0.0017324166879260307;-0.015036423074758843
-0.005932677848421819;-0.013260306413810477
-0.011112558180616811;-0.007798536856598869
-0.01394051220180743;-0.009565390904000508
-0.016744253302471774;-0.013874640177812562
-0.019295177635255217;-0.010076439485719929
-0.019739985056718007;-0.0025461712803271585
-0.016552979237583976;-0.003316195802951378
-0.008116134861460482;-0.010788975258239087
0.005947429743296305;-0.013185294993510826
0.02142901075976036;-0.008170287277179545
0.030563619430514753;-0.0036236243672172716
0.02819616406577556;-0.0020876708154920352
0.016110526872405277;0.0009195355596841236
0.0017338947773731612;0.004084787500900065
-0.007367786767638541;0.0007439390939039082
-0.009475271034127939;-0.006523973977099719
-0.008604148686230339;-0.0068644331373692346
-0.007730844609013296;0.0007575502113033923
-0.0060497965526134225;0.005745498540043787
-0.004053800890847272;0.004748113377871906
-0.004407255042560823;0.006295569279072458
-0.005347616186535753;0.013399488875969427
-0.001775247222711464;0.01737719708966029
0.004441045470924084;0.014077546517689905
0.00555047691973889;0.012102989320649623
0.0017980631639459982;0.015905718771974484
0.002570655376280238;0.013660694275226358
0.011246009708582387;-0.0018033780110719723
0.02029939020676079;-0.013725232987827853
0.022859818192996456;-0.007789058567928678
0.018997865344201326;-0.0006117868169146923
0.011397972176646383;-0.010565779254911863
0.003406583316796896;-0.022040397805003907
-0.0014104075387946903;-0.013743623174205914
-0.0034829124756604684;0.0018514506405115211
-0.006278021146917126;0.0025831335404971124
-0.009291882083618669;-0.004114256667965506
-0.00923900957952252;0.0005020976768315385
-0.0077075892877919655;0.0104248387581417
-0.008644642332173862;0.008033273129322609
-0.00931180112532094;-0.0030370844693585
-0.0037666442100267672;-0.0049073451626017
0.005202667278221341;0.004568169914084491
0.00845508388061235;0.010308542663257201
0.005284014002042767;0.005082856908016299
0.004953029401141326;-0.0005695347649075852
0.011695850892875122;0.0033724067288646905
0.017573319496072236;0.01060076834465152
0.013686086189768005;0.00981706236496772
0.002420568854520506;0.0035330143042372566
-0.006137497423752923;0.0028381027960570422
-0.007723258123662434;0.008484918666393384
-0.008269771426351599;0.012252607265843209
-0.013408553000144029;0.013230108524682668
-0.01959875274892629;0.015237924895605636
-0.020063349358172784;0.013019925622766696
-0.014117259117256621;0.0012352599035265455
-0.005822294456289142;-0.009363366268064046
0.0013899983729996578;-0.005469957830031628
0.005279164416972986;0.006878577029417589
0.005091655597566496;0.01168189707819912
0.003154576781193675;0.00567718123416568
0.002565349428263689;-0.001828186790658675
0.003747417301319792;-0.004190511582124401
0.00519384379430142;-0.002622871827358961
0.005038931286251319;-0.0008860783810185979
0.0013269675491963105;-0.0011364899973671514
-0.005345244094964845;-0.002918731475893321
-0.010123265047942814;-0.003909310206737029
-0.009778399896447756;-0.0032012118060950204
-0.00844255281519466;-0.0026246167479022
-0.011339265811495185;-0.0032783936073158128
-0.01516440424755963;-0.0045834471464942066
-0.011878445965359908;-0.0070640579047550126
-0.0010608322052560403;-0.010690054671555682
0.008001173184680188;-0.012312399779796916
0.008397974800897158;-0.010126371355202012
0.0056352853532771405;-0.00715376463538093
0.010224745957629575;-0.006739052692773622
0.021727688583481987;-0.00866298073718258
0.02861363669016958;-0.010621047664002962
0.024098829685564822;-0.010002255852048112
0.012510130275107592;-0.0058018512142463605
0.00046471450594973634;-0.0015381997982212442
-0.00886162754775252;-0.0027315331318687377
-0.014065416964246241;-0.00929172883070718
-0.015274251593056143;-0.014768007841299596
-0.014436164037138826;-0.014260775903854939
-0.013214275090256423;-0.00916593074033031
-0.012035923600594392;-0.003566083687897001
-0.010813626649305453;0.002342193379476856
-0.009146450620840319;0.011845272762039078
-0.0066471796782460076;0.021074914321422628
-0.0037129210922654623;0.0179174075626098
-0.0017491104707966886;0.0026440625017271637
-0.002265422507807901;-0.004979482343004055
-0.004805925522507527;0.0039027309246720283
-0.006011690636138037;0.009300130087445298
-0.002797156278662442;-0.003513646055852593
0.0028570623233040676;-0.0157283178823286
0.005203542270231286;-0.00806560658864741
0.0031179249469641232;0.004101943248137454
0.0027890398439051793;0.00120703527537529
0.007723717101038575;-0.0033586672629716493
0.01238238007176541;0.006950531260413268
0.011584249489106867;0.016153332367827476
0.008786050776105397;0.007962376194254314
0.009079905833356694;-0.0005532796898095996
0.011047018991431267;0.0065503513585758195
0.010635377998908034;0.01284524544370491
0.007984744615943682;0.003876349491971828
0.006161661345190144;-0.0050942860603038495
0.0058121754021609765;-0.0010584880078062869
0.005322116278119705;0.0038100562150845973
0.004896126498154023;0.0010862472588629402
0.005140500166323475;0.0027653000175687525
0.003482311818575056;0.012923328759076981
-0.0017118471014689008;0.015640711787267995
-0.00678991583227472;0.004981142538750391
-0.007242674913516727;-0.0024271900809688606
-0.001677334519989241;0.003433283113516404
0.008410281367480295;0.009865054586324147
0.01714254350903212;0.004846739679915778
0.017945301720875717;-0.00538197790085806
0.012774062744835632;-0.010782231272639562
0.008564328966589152;-0.01097076404440849
0.004777164381649647;-0.008057217191799129
-0.003407351061240138;-0.002090656160394869
-0.012744099716721443;0.002752280233486634
-0.015932936625102204;0.00141702545350244
-0.014682190712298331;-0.0016185120817995282
-0.016763684722333017;0.0017974341171491065
-0.021795472342634233;0.008686805123720335
-0.020957239963726948;0.009376839954247183
-0.011996262604896203;0.003971334191507001
-0.004098582180021826;0.0010201104232973354
-0.0033793556222052935;0.002851983957702155
-0.0036259347203709217;0.004412931880393798
0.0012350947639787739;0.0037952814333197795
0.0056441278272949934;0.003954680949116295
0.0033533376942199186;0.006404540486607642
0.0002936320652146883;0.009475427341128282
0.004565249179639468;0.00970893374058894
0.011713140727714141;0.0033581969055305277
0.01234460995458952;-0.0075481098287221715
0.0070912195622446425;-0.012434075342564544
0.0020377895402351174;-0.004592529444544002
-0.0031490993507943188;0.006591378724474272
-0.010900309870796423;0.006498243957327364
-0.017318546442925718;-0.004296810594077228
-0.01845781452834348;-0.011520586470537568
-0.017320616117009482;-0.007830578551209753
-0.01683475060854931;-0.0006872348497238827
-0.014147117984907222;0.0015323038273830664
-0.007733285515770632;0.000726289783441798
-0.0021349789033936815;0.002210697877522896
-0.0010285309566390002;0.004593236532266686
-0.0019713736378277015;0.0030327080694437726
-0.0006006367120427632;-0.0017307517079080393
0.005128965289835216;-0.004653005671546427
0.015679920583510153;-0.0037707162968466826
0.029358531025898145;0.00031672331004013434
0.039121587153213615;0.007304084653538204
0.036145865190597905;0.012071624797542556
0.021685992170187945;0.005696772668866554
0.008739817314211822;-0.008549918684422349
0.004768769875525055;-0.01390178916035584
0.0014049104165781124;-0.007912576992932418
-0.009788004140149404;-0.010725162581211296
-0.02151600346415156;-0.026772689741700266
-0.022107389927245192;-0.02812627219605899
-0.014399585161437002;-0.0038858783562276166
-0.010543782079259337;0.011204180851723956
-0.012936676377804778;-0.005740829800598011
-0.012935396709760386;-0.023156399813472017
-0.006083613529909669;-0.013230260861301463
0.002389440662525915;-0.002753467790525406
0.006167770926438376;-0.017406141809525277
0.003967690061026968;-0.02936477470969034
-0.001951399496268359;-0.01188657762955406
-0.0075324342475919315;0.007365471437968913
-0.007964423830333916;-0.0019119475802740148
-0.0025347556172641817;-0.017309802544287576
0.0022051217364383257;-0.008205704045007398
0.0004952540087313059;0.008124216080871157
-0.0035445930062042255;0.0016233164967910003
-0.0027006729919653682;-0.01484648179426075
0.0019535521808572323;-0.011103927947738885
0.004871827719526915;0.005709754769024329
0.005273617242425197;0.007073780291098443
0.005135035557379157;-0.005686878442774243
0.003662551464408598;-0.008349686235300415
0.00010813972623044205;0.0020385949872668953
-0.0016483055630856374;0.006758782646517393
0.002368591481922674;-0.0015990181507829224
0.008180642552729104;-0.01330165782661664
0.0073604340548288705;-0.016019143130383207
-0.00035651186799481014;0.00019760438327496782
-0.005469577732749245;0.03035218579025638
-0.0018480316855433295;0.043632706584604324
0.005588341265312732;0.02149685207178373
0.008652651859840495;-0.00175655340683096
0.005674771996843341;0.012594470318485734
0.001327537769383011;0.038120816878688984
0.00015507703631067438;0.02663151897388228
0.0020606065788241913;-0.00408066297317911
0.0033666351267231647;-0.0009239127379915339
0.0015639330897842332;0.029105215993947928
-0.0015871326742862666;0.03326877963313411
-0.0017818298883880749;0.0070020571783429445
0.003351897627840819;-0.003112518792460671
0.011272207734815678;0.01621919132860031
0.01581511348915903;0.02677878861958686
0.012358087801374143;0.008628998707889655
0.003076425391099903;-0.009733792177236363
-0.00338529940728594;-0.003556909968789446
-0.0007014772059305177;0.010548861103141878
0.005926786395159409;0.008064972612419362
0.0050778655546361035;-0.004172124906555528
-0.003970663459127912;-0.0044362066052048435
-0.0087573293207394;0.007736178989723969
-0.003802243676681416;0.013909267734915862
-0.0014695838785109985;0.006556037233983514
-0.011812313852859599;-0.0025661169581595988
-0.023330210796294135;-0.0031193281083907675
-0.01921358909425784;0.0008400186390079618
-0.0031350460821526513;0.0025163491677026527
0.00801227429209693;0.0027888602919349526
0.00914072892304726;0.0035619251955924507
0.008483964080880186;0.002590477333616784
0.01073003781241219;-0.0011943174521452313
0.012955569618928943;-0.005482990609276634
0.01264020627954857;-0.00828975513114411
0.009177518700143166;-0.008941882601178244
0.001495782109821879;-0.007278161223917309
-0.008574833462020622;-0.00527842601421638
-0.01487140366691745;-0.007240184636138618
-0.014320565452340603;-0.014536455003133464
-0.01152828414035428;-0.02112366002044048
-0.011555703171624626;-0.01877593012134857
-0.012782539470890999;-0.007971786526935538
-0.011602074406644956;0.0003650459738124802
-0.009180146974763952;-0.0025511187103359856
-0.008032459064712505;-0.011187479126229319
-0.007171014936413079;-0.012366792270270847
-0.0062002568252516954;-0.0040421235598918975
-0.007476902920941794;0.002266268512722348
-0.008469322879469849;-0.0006503274362691862
-0.0009138269589392572;-0.007389011759003291
0.015576630246162895;-0.011500876417024764
0.02897035256640771;-0.013262302792091575
0.03048866228834218;-0.014054950996402743
0.024326055040809702;-0.012876885308340684
0.01710432013987165;-0.010125860318422128
0.009216691415798615;-0.007515745679745165
-8.716462750615184e-05;-0.003383183172755592
-0.009402856217826522;0.00383701272817701
-0.018155061526814457;0.007524827265077898
-0.025302101754071583;0.0007492198857617277
-0.026851174601286915;-0.008496580437340766
-0.020589519597211423;-0.00723862295881093
-0.010813847485231712;-5.765931200788099e-06
-0.004140637304581447;-0.0003504984566139617
-0.0020250996345333306;-0.0056176862238569965
-0.00013193541969278987;-0.003903318573747508
0.004856207166415009;0.0017043065794882942
0.010451057500595263;0.0007593396184278654
0.012441172269451862;-0.0019308748894969797
0.011482236212962953;0.004330476050922753
0.012005980277479832;0.014440717627691368
0.014820518776820306;0.01677192630755491
0.014630348393777635;0.013086338928207568
0.0076001698240462864;0.01173919791910473
-0.001771492072415335;0.011664319303105216
-0.005815241997434802;0.007197204569562174
-0.0035845938059689006;0.0007493410177074622
-0.0015582255738022216;-0.0013386481416636164
-0.005037808572990918;-0.0001457829259428616
-0.010983155797454618;0.0001155605150598729
-0.011521068510668257;0.0023630291196276333
-0.0048173033429629595;0.00956243100729771
0.0025682666600367263;0.014356132554136978
0.005888801830000904;0.010314554159989262
0.007119305144089831;0.004193743002570241
0.007499267742301343;0.002906531731387533
0.004824580381952322;0.0012775523415784614
0.0008139828370709806;-0.004052794182045962
0.0012385460276126872;-0.005062404580477407
0.005822555653790304;0.0005750934763973991
0.007193677231571255;0.001659355831476704
0.0028183335028047533;-0.0046049873828803555
-0.000827975148847488;-0.0031193709827648263
0.0006228288199181635;0.01234662413001412
0.0029290152363382945;0.023261394043953765
0.0018259739419496431;0.01544798694911969
-8.045698863110118e-05;0.004702711096279622
0.0008878523369407994;0.008283175619844102
0.0032508555525893757;0.009966754518921948
0.003745152975411791;-0.009923727884875045
0.0027832201953074264;-0.02891327013421185
0.00257002215130694;-0.017296401783575114
0.002212670486415714;0.0018296984781024281
-0.00041253850019175916;-0.009522131340319071
-0.004007979980069977;-0.03042340901462023
-0.006346403869697545;-0.018163765608058283
-0.008239426801069575;0.00841536802676512
-0.010515806606149317;0.002083966334637691
-0.011399947312612764;-0.024155044722973053
-0.010120264792892799;-0.021817712928813487
-0.008926704879046551;0.004882139308369015
-0.009358832451592214;0.011094329119425247
-0.00991217266290438;-0.008986795692343466
-0.009530562297854985;-0.020598430543886086
-0.010027649826436226;-0.011631595728573139
-0.01152453696199095;-0.0034185788863142284
-0.00954498084609297;-0.006787425124245373
-0.002332123875472522;-0.008155306872299511
0.003499815375152199;0.0011389032254649632
0.002242267343346332;0.00849735677152778
-0.0007919373125621197;0.001037696757020244
0.0023104210923338285;-0.009451133911968064
0.00859620442641366;0.00042360649471567097
0.009599096305936076;0.025132437333446448
0.004854338411617696;0.029285472415154976
0.00033034626530712466;0.0046778135978666835
-0.0010038045661701358;-0.00803548114572922
-6.07615060376887e-05;0.013230365242664278
0.0013494582142171195;0.028652618848827614
0.0012764875345215774;0.0072417393808925975
3.6419885386695164e-05;-0.011597520825892141
0.0007153671128227146;0.01167309956129728
0.0034829307708946424;0.039058103179869005
0.004604827505325311;0.020540184931617942
0.004441284815762612;-0.014608126909022296
0.007164999285189749;-0.011853749920866637
0.009998314006317077;0.012145135800525498
0.006587374112685441;0.009112463304197505
0.002414546579233557;-0.010411742677770208
0.008991703153939089;-0.006036075153093742
0.022485166565296706;0.013427101227978801
0.026863565837697185;0.01274423729526167
0.0174253264223797;-0.002065748593271752
0.005411736699754012;-0.0019489902266213806
0.001254075014585177;0.008461644593309624
0.004485885480285043;0.005945155365089787
0.007752838470886503;-0.0052345190124059625
0.0033512255790872085;-0.007204832534304576
-0.010789531497244157;-0.004453136166829516
-0.025372268212682195;-0.009033991292291137
-0.025367313693499365;-0.012996954417254613
-0.008617738152825143;-0.006072291879071862
0.008587270780625506;0.0007246670531838462
0.012129915533981914;-0.005433362501167053
0.006507293289638286;-0.014856196667381923
0.002830761787796969;-0.01145362760255256
0.0014587141433664709;0.0015898110700409967
-0.0036166197450383394;0.008893881101676153
-0.011203850967529677;0.005554480719474546
-0.014211069489627574;0.0003382743104071648
-0.010845666569645753;0.0008019501190632885
-0.005680353476857895;0.0036402865375889017
-0.001502008064389512;0.001571561405108028
0.0021117537340786573;-0.004025599682481723
0.004244486496249647;-0.004307015230363648
0.003945470702494238;0.0016817972701083839
0.0035314368305197578;0.0024746979231061277
0.004752477874819831;-0.007708740959688015
0.004599686733431758;-0.016409561209285516
-0.00040731259613694065;-0.011190523506092214
-0.007684199149797319;-0.0005445308225652521
-0.01038230076898744;0.00045381843120739784
-0.005981635491085041;-0.005399562054674899
0.00033399848348047534;-0.006894135568231737
0.0024978583685495034;-0.005001676031212942
0.0005938404136672131;-0.004215532500658784
-0.0012134317246266582;-3.439718735616126e-05
-0.0012398520722749905;0.00770528792973179
-0.0016824928410864406;0.008856924279293273
-0.003869146931256003;0.002240744926985811
-0.005177733287663318;-0.0010260496350897278
-0.0028363282579773855;0.0007064507763749532
0.0009488732742202143;-0.002394750691191657
0.0013115671363087484;-0.00950224328631772
-0.0019399765577751836;-0.007981384879224073
-0.003936620676733316;0.002563498493249305
-0.002686277243995419;0.00632251434250183
-0.0016234509964323028;-0.003113071433918329
-0.0030197692244012253;-0.011583304424287434
-0.005127174201490445;-0.006161460518103968
-0.006087634673660768;0.006955229244454197
-0.005086541267270799;0.013629892900103389
-0.001469071631389545;0.009316778354227343
0.002451800668156713;0.00032071196241470387
0.0015785332235205137;-0.004027726268041801
-0.004163950164207254;0.001393974018264601
-0.0074283408535582;0.011833452728058542
-0.003952436844315136;0.01568741924128268
0.0008107998039393175;0.008366316723254212
0.0013010438831610469;-0.0015338914736575597
0.0012417622536778955;-0.004722941874569195
0.006023254871581781;-0.001975495097127052
0.011549250547928977;0.0020357454783396416
0.009703066708822884;0.005207395971375281
0.0010585397227753034;0.005218963547741623
-0.006405007387935365;0.0017673832626045954
-0.008083122419500459;0.0011980153841549602
-0.0058814176554889235;0.007264027792850429
-0.003941050379866229;0.012115744291785042
-0.004469504410659751;0.007676938504161737
-0.005291903332470702;-0.0017247988780198656
-0.0025553525459279295;-0.007124593482264258
0.0029839211799578256;-0.006273476319455955
0.0071257492035276095;-0.0013939556209388924
0.009114322423049428;0.004246631012198446
0.010231308300794667;0.005387767154358615
0.0074947267322612076;0.002019408165663864
-0.0024252697387168965;0.002771979964906737
-0.01430078618616621;0.006740093371852145
-0.018065320994216403;-0.0009700373411092971
-0.011633759629659552;-0.016630877488908267
-0.0031034316684291972;-0.013513125190735054
3.254239561426622e-06;0.006623391974475082
-0.0016863976470850623;0.006154170433499162
-0.002153065521956844;-0.01862379595238328
0.0033174155846931717;-0.02344032732218236
0.013698017945701635;0.001113103601277441
0.023618264692497757;0.008172559495126856
0.02907608103180435;-0.01544949877509417
0.02924559400056049;-0.022711980850566367
0.023642087825465036;0.0010934272794847725
0.012777756868823598;0.009688779567319616
0.0006614554391786041;-0.012455998472788547
-0.008378784510060874;-0.02131993618587462
-0.01381716487881404;-0.0005486362265796118
-0.01642796610291835;0.010393594841373803
-0.015033920038343824;-0.004972792085965003
-0.009615513986527045;-0.013087443852297695
-0.0038661756873960627;0.0018586514158820248
1.0417779607110148e-05;0.01240111550148611
0.005402185390083807;0.004729473292081361
0.014455144530078385;0.002278476748753795
0.020559303155897504;0.01602420481358309
0.015392835488309876;0.021226648572108382
0.0016594542608368503;0.0038776545699747947
-0.009003709896419531;-0.01191359818228192
-0.009724975030622298;-0.0051618441096539895
-0.003696997510359947;0.009016814784582144
0.0026213214026516427;0.008756100827051569
0.006292223524048791;-0.0023070268981592126
0.007928930478232126;-0.009335634872075551
0.0080529490144607;-0.00814383862011007
0.005686389919963364;-0.001677903677520267
0.0006739358002521265;0.006252834401978498
-0.0045990384097230035;0.01001120464619562
-0.006937641984225023;0.008040371009421074
-0.005434671281294561;0.005944504135104375
-0.002412362468833339;0.005929408226748233
-0.0006384512400139058;0.003680300656549862
-0.00019388489121751538;0.00040549222375625774
0.0004570009193973023;0.0027972063862916185
0.0017145997758584804;0.0069590484193922525
0.003354582712658856;0.000792089473941397
0.005308025447023214;-0.01172433805334631
0.005033356606534799;-0.010159941459046617
-0.001692936295492227;0.008471606898326807
-0.013064926397199252;0.019640041332468414
-0.020129486766579992;0.009000065547867763
-0.018709269208024834;-0.005966979703569374
-0.015086327002514298;-0.006976137358995571
-0.014507739131407538;-0.0005190368761998013
-0.012984730450429013;0.001192027297228153
-0.005999383504428843;-0.0006801330674076141
0.002397543011166047;-0.002284067564597083
0.004172185008771455;-0.005193345777771343
-0.0026564332133735087;-0.006940454993008184
-0.011321817961681507;-0.0017115301486973619
-0.013247852075136428;0.006030821781534843
-0.007097271424778677;0.005592590976829303
0.00013546663387842877;-0.001262712346917672
0.0021150080531564144;-0.0031037352870838916
0.0008610412996874227;0.0002749966916176598
0.0016543869442909307;-0.0012177525224797362
0.003710395998742871;-0.00675996502930068
0.003073670171209193;-0.0047202156687407015
0.001229190181253714;0.005219457313177037
0.0020533988532184266;0.010420879718195187
0.00407841216291863;0.00743216943827706
0.004004920366825918;0.0054510063993519755
0.0026674887257812675;0.006163231518494246
0.0010482009958669985;0.0012649800627318737
-0.0024166947141199767;-0.00820273855727598
-0.005826288958587423;-0.01082392883780972
-0.0038149951463506806;-0.0048779810313064964
0.002834225138135391;-0.0013472331345023862
0.006446903069580488;-0.0057103693525148765
0.004102237609729775;-0.01107688591780896
0.001857388919297179;-0.010581555169676947
0.005094229459427318;-0.006337359036214877
0.011622835771444821;-0.003820283435523334
0.016467371133022907;-0.0036194189469598236
0.01793453567907218;-0.002451616099124664
0.01663343277238507;0.0004883614920622438
0.012441247939889911;0.0023299542281580068
0.00535375730277462;0.0012237047853079957
-0.002241818561157524;-0.0008201761558606902
-0.006823079983547139;-0.0008050713286405123
-0.007264532714007369;0.0010331787389598237
-0.005023985307739304;0.0021630756290042215
-0.00109336986447719;0.0023273448886601757
0.0042784563038558415;0.0031975399124221393
0.008662980214109285;0.0038540258698658587
0.007880430022044563;0.002470230188215081
0.0015466057112159526;0.0019749775799471846
-0.0047190666166305765;0.006360842796080685
-0.006427571628737708;0.011748903509338413
-0.006510481333090136;0.010182772473694583
-0.009543447066797281;0.002449742072474153
-0.013646390955944453;-0.00237566709334825
-0.013803935474315835;-0.0005657456361014277
-0.009486650981934405;0.002180031074161863
-0.004407972366079652;0.0008883962317226327
-0.0020916351138182613;-0.002189080247789116
-0.003888613460571185;-0.003241048799858124
-0.007475477785983094;-0.003833265775545642
-0.007290279747927624;-0.006939386799994569
-0.001514956136504705;-0.008679261390077709
0.002929025345530442;-0.003783554449135873
-0.0011756187269506228;0.001914081091998465
-0.009832602891267193;-0.001141547546694433
-0.011992143762809137;-0.007181053114272504
-0.004330646533135625;-0.0031157245447116506
0.004452172750509518;0.004200943359678065
0.0048398399757139735;-0.0031124195179051163
-0.0018373393172900427;-0.014713927424686983
-0.0048062916987981034;-0.0037023713879816506
0.003123545738858364;0.015936001434422437
0.015247077268854223;0.004355808269771416
0.018094779044449606;-0.023021001051922042
0.009817393946398186;-0.011313265029615743
0.002798120462233919;0.02723491565919164
0.004213547043614355;0.024097980256845692
0.006298406812758747;-0.017248948546429575
0.0028952564957833654;-0.021537651798900423
0.0012207787150889332;0.017010442055571357
0.006776789607563223;0.022640735277218663
0.01094773751334549;-0.017098034810009943
0.005832277892696206;-0.028418597905532448
-0.0018096898704584186;0.008036444946955686
-0.0027584391579074698;0.02471953972894423
0.001191019343594441;-0.0032163394643152086
0.00522367832161673;-0.018119646822071175
0.010179726971708738;0.006676978986728237
0.01496623408851635;0.023586363150276457
0.01266168820997639;0.006556582546210428
0.0025219496243636874;-0.006292537083042046
-0.005017193158305398;0.007772968493335904
-0.0027472934298020326;0.01707840055164736
0.003245509418970233;0.002205351097258286
0.0030126556410606615;-0.008878660186459218
-0.0050467266012078835;0.002384146405790674
-0.014026963446518026;0.011730826293529738
-0.017009292559737262;-5.9693249235212884e-05
-0.014426902067071801;-0.013105531909067944
-0.011707395136255426;-0.006197547610054866
-0.010694467586098802;0.007849914632814921
-0.008132473737120189;0.007466890073922903
-0.001907667713642016;-0.003307355606974466
0.005526485487483092;-0.006373093748778661
0.00926815760205868;0.0009059940830723667
0.006212252848898828;0.005733112911801499
-0.0010633144305884712;0.0025378744234006026
-0.005252322876869939;1.862512424724473e-05
-0.0018554356790051753;0.004009853281509033
0.005133980035373619;0.006489282183133295
0.007899051749291636;-0.0006741009992998695
0.0038455211392494112;-0.010911529636006164
-0.00285948436604597;-0.012223912025585497
-0.006762499599569758;-0.004952738034723437
-0.005728323646370236;0.0003128579339155842
-0.0026183251592499196;-0.000981790005467056
-0.003356486806374444;-0.003906178756947953
-0.010637298881957314;-0.005502762441524942
-0.01983632621595518;-0.008447506161398567
-0.02272512164262429;-0.011932139571414044
-0.014633371310150084;-0.009950090693653288
0.00125910294821289;-0.002639892435253389
0.01610897712667834;0.001146125525419059
0.023811887083261624;-0.0021451362046175752
0.026281986180356653;-0.005178893681926901
0.027510496279896303;-0.003501925779216708
0.025604893174757396;-0.0020003393632550934
0.016389779555387392;-0.002112140650630861
0.0027564844756737816;0.0022078370560450903
-0.006272264193402644;0.009572355924296066
-0.006614724890661692;0.008759092443362348
-0.004335859554311915;-0.0021645151759436955
-0.006955213250766718;-0.009692908756438521
-0.013122791558849572;-0.003560529666835528
-0.0154793039306901;0.009430317514002052
-0.011305413893991933;0.014074328790418875
-0.005192991411115712;0.005390973979692172
-0.0018985998978217969;-0.003606835914725388
-0.0009532384566926068;0.002015845829710405
0.00018896066610487325;0.015596385479038173
0.0010282856245374934;0.015804647337495814
-0.0004714503171349997;3.653609678053437e-05
-0.0031947811794221506;-0.010184036196844052
-0.0036371790044314586;-0.003669664080114911
-0.0006793241010738459;0.0054069329914055685
0.0031698924173202466;0.005730915868477608
0.004418789124153122;0.0051761026609253675
0.0015089612448653841;0.008671542661897754
-0.0024378924148286732;0.006675457304809117
-0.0012633332287601523;-0.0031676379809185595
0.005394706491796842;-0.007070188984835278
0.00909028618590532;0.0015476553942301496
0.003927976070775905;0.00972655286322334
-0.0049098782063978705;0.0061074593252859015
-0.009152224637325623;-0.0013161190216467028
-0.007738760005979846;4.6932106330190825e-05
-0.004629754672718475;0.00644917766706984
-0.0021264807316237456;0.005497349777782741
-0.0010052500992734383;-0.0028539963637370736
-0.0023708442477261733;-0.007920054405457995
-0.0050114618429794;-0.005803296615456017
-0.005456046237070482;-0.001973424835160963
-0.003411865639007158;-0.0005146881586889314
-0.0019737058639900445;-0.0009465922951171275
-0.0016407086313857415;-0.0021637824975998575
-0.0002736713854430303;-0.003357567584862302
0.0013323047268622883;-0.004244317333568403
0.0007521598332915543;-0.005959471836757507
2.9724488092550666e-05;-0.007392714201009819
0.0026972132322320326;-0.0035237622510351134
0.005831042791226011;0.005463954351362492
0.004123510518447937;0.009889374124383078
0.0007874276435359077;0.005018151114393648
0.003968274731435811;-0.0004433629645304234
0.01187432539270339;-0.0010054912646432783
0.012585899098715096;-0.004275021390110297
0.001719990099367045;-0.01199456418090093
-0.0101295620733653;-0.010669160659373197
-0.012294357311344204;0.0035697866021042837
-0.0074060793263829765;0.011287878558363204
-0.0045229173104075135;-0.00041472100811471425
-0.005674132659572477;-0.01445204374489906
-0.005451697149658872;-0.011753039199211017
-0.00027006544757486004;-0.0026226359386749215
0.008497522541614719;-0.005564061765476227
0.018640528649736112;-0.014616564923248589
0.02818810175189588;-0.014073645210829582
0.03373284068817776;-0.007622431812134156
0.03166776102754634;-0.007696232010566047
0.02057422668060867;-0.011756826477609757
0.0035413398541794465;-0.011320449859046757
-0.011217384157522495;-0.009933691127582937
-0.01735930732629882;-0.012613126460062516
-0.017878224462190208;-0.012362235947127143
-0.01869375350768367;-0.006044365138746692
-0.018402422552772475;-0.006057128820865002
-0.013495679202227764;-0.01463104969679953
-0.008241368298443146;-0.009326222669249196
-0.008678699805221724;0.01714317591266018
-0.011638685696408434;0.03214813570709206
-0.00988666930272524;0.016137523006450626
-0.004092283748635757;0.0029646286087827746
-0.0008035748413922724;0.02037577921474792
-0.0019481374635001657;0.03559449718020327
-0.0031798726548899867;0.015836076377314892
-0.00014668190408641805;-0.006456976224696598
0.006963247126499102;0.008370971386254096
0.013304494567163308;0.03267001844013195
0.014016012922376964;0.022066861897970077
0.009925166312598087;-0.004032809478831134
0.006001926998748178;-0.0005532292113371102
0.0042186093211379035;0.022902677477232323
0.0014308682430843028;0.02456940879671636
-0.0055267655274994455;0.0036995339737457547
-0.014399356899215414;-0.005560953179240187
-0.0181176507609108;0.006133378366868831
-0.012993550554391515;0.015149600456304955
-0.005306640313029078;0.007052144095798689
-0.0035420181398820405;-0.005600462072452667
-0.004993501568099098;-0.007055625027154823
4.8593650784065445e-05;0.0007175415065073896
0.011395853514434204;0.005886142152638685
0.018536254692682552;0.0027366809159512675
0.01747529204641414;-0.006813577437568614
0.015662355332684803;-0.017014016718490718
0.01825563225961101;-0.018972975696161493
0.020087944920000787;-0.01043797734057289
0.015005537188376437;-0.003834985786146809
0.005625037138785242;-0.0074791469532145905
-0.0007467918206967886;-0.0088358401218794
-0.001454569730357186;0.0006645871713554337
3.337691332272884e-05;0.0040287058089679305
-0.0006862237608682482;-0.008680234637717924
-0.005138104465685377;-0.014115647133813138
-0.011416311353574132;0.003031370192257166
-0.015173295695846007;0.01615289867436979
-0.012978116418789662;0.002253593297609221
-0.006951485893785081;-0.015518605926714116
-0.0040434988384220934;-0.009570687307309854
-0.007665799817549608;0.005330332555848174
-0.012141918293582181;0.004436998608855724
-0.009401099976810882;-0.0034763941583773193
0.0006284120891418958;-0.0007587384966138563
0.009932116789587329;0.003515495960000525
0.011298311352034386;-0.0032831626988591924
0.0051572808399580556;-0.008037061315693645
-0.0011459265216399912;0.0015095263130013132
-0.00015440262307443413;0.008471502698302364
0.007854517393260716;-0.0024126814509063785
0.01386519384083496;-0.012439950374896336
0.00973643169433143;-0.0013936003886214398
-0.0018076104373336802;0.012640993258737758
-0.010737310653575638;0.002736286517700859
-0.012194159214648706;-0.01851575952080756
-0.010520519679793398;-0.01877833397776155
-0.011385227315383434;0.0006046162932914643
-0.014520701590457858;0.008991367475385465
-0.015216678560330883;-0.0033932537309880086
-0.010769526290898598;-0.014656709001734622
-0.003915809650720999;-0.009884114547770566
0.0004948652466222082;-0.00013894474395063512
0.0008593119031311112;0.0022931831908604605
-0.0007709228856824417;0.0020338245794140086
-0.0019019055273374224;0.004665199610588821
-0.0011115302375019035;0.0036459344700072644
0.0013255242800500108;-0.00462639953121093
0.0026816262546628614;-0.009185412862648401
0.0009411904731505672;-0.0023949260085996908
-0.000969169302668679;0.0037201077518050608
0.0012128724283180057;-0.003537586742782277
0.006124795036245378;-0.013525356695039709
0.008536385856241552;-0.008172835730422776
0.006415053625728888;0.007737089732065482
0.0019398915130698616;0.01473971377603306
-0.0023776880506826232;0.009084290257168821
-0.004967111356533548;0.0033976398121608924
-0.004571557519773926;0.0031530344718847963
-0.001997279787978741;0.0019375039040905476
-0.000987746047342107;-0.002198580977505297
-0.003455268648756212;-0.0019232569455622916
-0.006027481052803105;0.005047741485641071
-0.005536580718980071;0.008874077222858035
-0.0034017679273282905;0.002595250078400903
0.0003083163221427823;-0.004302559600751499
0.01002410087352555;0.0005079748241103457
0.025483892887179768;0.011189485131532319
0.03632152903929099;0.012118383417356302
0.03318846902614847;0.003068675101825605
0.020006453920164258;-0.001351147473440026
0.008182365242363805;0.0041036784528752455
0.0015078853410693991;0.008116020354057688
-0.005117854779148904;0.002464267973933041
-0.013586504788733692;-0.004776788120102897
-0.018824894724245287;-0.0035771966763370627
-0.01778345272305577;0.0009496327091166191
-0.013647584467547387;-0.0018619888844998375
-0.009816250177701498;-0.009386999956887658
-0.006545757109039459;-0.010905274027191426
-0.003926794433123519;-0.0060148634411995765
-0.0021613176974583322;-0.004301305341042371
0.000881011040540891;-0.00904139399465756
0.006986357267607631;-0.010536322105828888
0.012623814474330721;0.0013637994214797376
0.012068620402225758;0.018919384711294087
0.005982109795007079;0.020171436493497518
0.0005033026936282534;0.0017054582450696067
-0.0026968647918824374;-0.00832830530157264
-0.007156690445528096;0.007000539664424189
-0.012520806590853514;0.02019731343179583
-0.014390504464318572;0.004535818682056704
-0.012497737231640929;-0.014876988627541743
-0.00985523915421791;-0.0029891925652227435
-0.0058801032795535715;0.02051964371796592
0.0010095401639100474;0.014872067062074683
0.006446874133482464;-0.009651996956390605
0.00423557386759878;-0.012697275221091155
-0.0038542321171652185;0.004958613226655896
-0.009424815012649574;0.008431641242575812
-0.007473833474492268;-0.008319532603802884
-0.00015822745278190728;-0.01753756616509961
0.007218019448285135;-0.008720218657095003
0.011106041344508733;-0.001849746058922803
0.01248436801615474;-0.008199591498876816
0.014043182653322063;-0.012866151155261187
0.014737552259979657;-0.004995379334876882
0.012405924699144064;0.0029631560683082026
0.009343245011134375;-0.0003311564260864981
0.0073197938747001515;-0.005138347887918987
0.0027913519486389917;-0.0008941116298098924
-0.004656781647964461;0.004639097713872953
-0.008600673613580934;0.002979047892784108
-0.007356225092546088;0.0017367728961053541
-0.0071760840342733;0.007901682608212763
-0.0097249644625238;0.013348647360903361
-0.008919910046358141;0.010159876784534717
-0.0021003330091441713;0.002624059473194508
0.005770575211956106;-0.003558138020232019
0.009449611850071527;-0.007249096195807044
0.008792651988218034;-0.005941847276157176
0.007309932802734933;0.0005953661235980449
0.008728981397742707;0.0045085119563720594
0.013742226117100291;0.0009505292731042837
0.017248196177107895;-0.0023101614046447494
0.01143292343820357;0.002100197767151806
-0.0036714141233646727;0.007962804352637253
-0.016628411308526356;0.006932304969631972
-0.017915891176293657;0.0034815993082055264
-0.011261517446001198;0.005727321552792367
-0.005455597206179251;0.010177660757595975
-0.003002052203378057;0.008668990382323346
-0.003051606928411514;0.002638970782241432
-0.006070493944170772;-0.001471731932774977
-0.009364208957468477;-0.003205984220750086
-0.006696235971825759;-0.004302445117205907
0.002016333958523848;-0.002570057934310985
0.0076710880536195545;0.001676800052696544
0.0032077802563415772;0.0021244013921499706
-0.007437809995821105;-0.0030017716818085635
-0.014800666493252878;-0.005975499349825375
-0.014056680674266263;-0.0019902599107724187
-0.007700015978838524;0.002518592389036287
-0.001560619178749304;0.0007315007006793631
0.0004804137533529646;-0.0042237293890136215
-0.0006226542696104821;-0.00620014924962231
-0.001505878756156533;-0.004982217743787553
-0.0008342489215044092;-0.003246135339536044
0.0006414009801151857;-0.0017344695414029155
0.0020996473187913835;-0.0004775041208779607
0.002158126763304992;0.00038638751563336145
-0.0005069773974542483;0.0013488428189538555
-0.004123907525458668;0.001360772823145842
-0.0046707449290217746;-0.001870080614983409
-0.0009989528775741499;-0.004724339694321711
0.003300234554771466;0.0014349152721417986
0.00424471589207965;0.01325938096424737
0.0028532022517841534;0.012517252189475588
0.004260000954103418;-0.0044229049974995075
0.010155275802501959;-0.014062282769419478
0.015457194881104948;-0.004512681934500614
0.015519321113134709;0.0015490654067902108
0.011716996962908089;-0.009639948834697291
0.00658890677655633;-0.013503860299123017
0.00037608668451847026;0.004574880673756435
-0.004825604345077767;0.013717537268236159
-0.005707458032950863;-0.00850866191213882
-0.003958953321732371;-0.029720729453478527
-0.0035987185107598783;-0.017430506402860646
-0.003258900540352895;0.002751482318348103
0.0006090570136608938;-0.004572043611571225
0.005815232136795324;-0.02085504328159618
0.007316657993734861;-0.01261408407687511
0.0043177434016379215;0.006846912093246933
-0.001118755102436328;0.0071471348959191786
-0.007843628682145063;-0.004839193956275182
-0.014046330365334203;-0.0055243036829862625
-0.016895119439315313;0.00288235569420238
-0.016271258617520535;0.005820481305710981
-0.014521912356139395;0.004756053594739296
-0.011452156299070704;0.005615430602271133
-0.0045886920536796875;0.002200945009749437
0.0033958712632244526;-0.008481805360905714
0.004051964000525738;-0.013919914376391757
-0.004186274776118987;-0.005301217118096522
-0.009750755868461282;0.006582669079112932
-0.003014097477772663;0.00673620105164504
0.009067087683860484;-0.00304295438576334
0.012715546474859733;-0.0061862435911445475
0.006564781865734566;0.007817780692952494
0.002151515060137137;0.02655990234509268
0.006736302251985126;0.02617183823279197
0.013802266995472772;0.005372468563940886
0.014120744169054934;-0.007598239980896466
0.009119612004317537;0.003106036917888896
0.005498355669919997;0.014029027769753547
0.0027664691346780605;0.0033185105892856817
-0.0035123556287061566;-0.007991010439113174
-0.010507480061216448;0.005700008318630166
-0.010845813827973479;0.02308930166827275
-0.004862208697655912;0.01189295166913555
-0.000736144885109268;-0.010655246318092577
-0.0016613164054544854;-0.006690218975135983
-0.0017238726155822158;0.016470633269823315
0.0027761433662636275;0.021247727119211843
0.00720167507811161;0.002022830279786993
0.0072513546287512705;-0.013703895277996344
0.0051488613111483;-0.012930651184148809
0.005598835211083318;-0.006252105200690113
0.011057550884262232;0.0002800787287522549
0.01868473819321754;0.007717196420500642
0.021365784145639742;0.008888080260156554
0.016331909102421324;0.0008679463593471329
0.008319326309798397;-0.0017607022789077479
0.0013206599153692243;0.007233360792585962
-0.004751491832591297;0.009610619550837389
-0.009591661085472459;-0.002201908667752502
-0.012219680183360716;-0.005294013274724825
-0.012325245766848443;0.012226420391220015
-0.009054215435181598;0.025063970779024686
-0.003176902154728289;0.01189529651901732
0.0006547528917031024;-0.01017218521514492
-0.001357902529239183;-0.014751145284179971
-0.007026555811894886;-0.003442526562680147
-0.010557565531001924;0.0038424152632791134
-0.009233575993614454;-0.001144401695080795
-0.00659975203772816;-0.008506939346646786
-0.007793675597124034;-0.007698529385476767
-0.012209157369055304;-0.0017379979857747281
-0.014031463313583774;-0.0005376932082559582
-0.009813252511676706;-0.005106479227660655
-0.0013495535940191423;-0.007187241318307735
0.00854879337080379;-0.0037942744769263134
0.01822448419245495;-0.0017086736088028486
0.024715867267139997;-0.005505726239054732
0.02401998777018989;-0.010062230321722567
0.016154029435448466;-0.008362682429513898
0.0067456835446395086;-0.0023268335350001505
0.0008786931675818649;-0.0015957175881481604
-0.0019278415400643095;-0.008886620753227287
-0.00424310656775862;-0.01265567554189462
-0.006122961595136514;-0.004759069204988376
-0.0072705724599061656;0.0036311907516053746
-0.009909628416215474;-0.0005014361115680888
-0.015143968503114696;-0.010531600183995673
-0.01888744239377102;-0.0128448842627608
-0.016275171561083233;-0.007882778156020922
-0.009171789393948837;-0.004709140272657503
-0.004151308669362962;-0.006131149257801961
-0.0036953553067468506;-0.007998597464231793
-0.004865989919834679;-0.005997534295202641
-0.00472343822882097;-0.000720808106355949
-0.0012502238176310906;0.0020056872422727864
0.007203925423696481;-0.0008634205318017908
0.017168339142923674;-0.003945316563259219
0.01947730710990178;-0.002005900717100695
0.010366316387448705;0.0020198097049938385
-0.0006165077149020311;0.0039096097004122105
-0.0015234833444822996;0.004567078337570727
0.005415328440997608;0.0043615969161547
0.007186397388347724;0.0010744233904599232
-0.0007078740694922123;-0.002162918535087345
-0.00880892493912697;0.001781228505035609
-0.008705300522575456;0.010429147127515637
-0.003015562227537781;0.01224352070929135
0.0019047526315768733;0.005830429973535982
0.004246230368793811;0.0035694783304334164
0.004989708105210061;0.009085015985928866
0.004220641394981174;0.009173637917596976
0.0021296565824829106;-0.0010733415792328884
0.0003490596949302904;-0.005796389777115826
-0.0003922440390314741;0.004086524271997449
-0.0015535415364093758;0.012810826892490388
-0.0025759131234897228;0.0069744241521872904
0.00026822573399409855;-0.0012421110470468594
0.005723022871992177;0.0024004485329167722
0.005453331411078673;0.00831980377702047
-0.002799851108567347;0.002133834621278112
-0.00890048367141844;-0.008189582653498235
-0.004881810974194097;-0.006483318962406055
0.0029033360881300773;0.004133920382981327
0.00320038175300421;0.00909841774449014
-0.005271507130314745;0.006766807903502921
-0.013732067838938676;0.005998372400221109
-0.014480252136624402;0.008591393441638737
-0.00868589115945768;0.010142494533720821
-0.003583711311412052;0.010638507695979045
-0.0034786275412620627;0.012303796560982063
-0.005347018844592509;0.013571745821294353
-0.0040115748569421635;0.01220867810270336
0.00041779893120753636;0.008454420041465079
0.0031602726744577917;0.0028687261589806184
0.0021626087775119033;-0.0026339188832444774
0.0005130907219565149;-0.003362930597557661
0.0007533288121342694;0.0010432321012405297
0.001670973749717685;0.002919254549291556
0.0017928016314322933;-0.001525470155791609
0.001621552210111938;-0.004540954747741883
0.0017169294679287783;-0.0011097898329001938
0.0015485053171255363;-0.0007643685726687465
0.00042051029460170536;-0.011378964993136382
-0.0015526776357132537;-0.019576430301582876
-0.003239658515754875;-0.007098871186705039
-0.0034582572080291787;0.014034027114841429
-0.002132978508869023;0.009759726010240445
-0.0003399371827469338;-0.020551654169578156
0.0004027779878414524;-0.03295815617572366
-6.457800041471341e-06;-0.011382358290523522
0.0013049261518838216;-0.002054035346975927
0.007217881807360612;-0.02919604980956942
0.01570069542740957;-0.040905509856929465
0.020571717565570156;-0.0044739717585918935
0.017470353020725877;0.021421577033049574
0.008095447097570495;-0.009994905119446382
-0.000986925010108444;-0.0426128144713548
-0.004107209965291739;-0.018677927102450163
-0.0015097314448386406;0.016502272211534028
0.002761995940702875;0.003850126902369606
0.006497985353811467;-0.022716381005699025
0.008708773737584342;-0.011373694038650328
0.006679183719343143;0.009772497980192026
0.0009105498483971083;-0.0018559534387993107
-0.0015097535046398834;-0.018050181326553255
0.002810072984303275;-0.00020928994393103558
0.00622500609242838;0.024327464501262584
0.0019709414188830046;0.016738408413845562
-0.0044829350776712;-0.001896757232692365
-0.005006753304186616;0.00442115563005728
-0.0018042296717303097;0.020261278279125636
-0.0019486712486055076;0.014305008035152403
-0.005173741002264522;0.0002057470627769139
-0.005565828045001665;0.0077392230637082825
-0.0017335429229307674;0.024736042654368462
0.0022761629969458128;0.01841566946787109
0.004336684802417994;-0.007226718183798129
0.005900171923978634;-0.019387118561294332
0.007794517779080092;-0.007680842915105377
0.009765293835166552;0.00843912848188404
0.012245785495333002;0.013756268496371961
0.015131183205537399;0.009991468631446869
0.01647195192878127;0.0023880217385942896
0.013195123239843924;-0.003853881545213757
0.0032950107066504284;-0.0015724767654983383
-0.010437747685130144;0.0081942897845207
-0.02014244308630804;0.01343602953974463
-0.020270607023127947;0.008213711809218595
-0.014491471317442906;0.0012619848140513873
-0.011057296653500349;0.0013037451738160477
-0.011720201515594442;0.004728423371664585
-0.010896504898083173;0.0034629303930439797
-0.00563123612763228;-0.0019607288597402457
0.0007328320398828122;-0.002946101828150482
0.004044702557824654;0.004086830721089176
0.0019519191234069707;0.010695063824359795
-0.005886488099592274;0.008049662473979211
-0.014805629125140388;0.00020267487761633281
-0.01726882696004867;-0.0028749329930559983
-0.012011836533132274;0.0001923035201846598
-0.005728551275961926;0.0032619342563685663
-0.004068716558637725;0.003016562087445525
-0.006939622769468554;0.0014297359952414625
-0.011726369878019281;0.0007334628211386417
-0.014898762116382391;-5.302238098301727e-05
-0.013533253947786329;-0.0028652561911515703
-0.009443801291358196;-0.006064808526518968
-0.006295739172846734;-0.005580980021841794
-0.0022405618884643055;-0.0015585052725250743
0.005969505889039682;6.06063633912221e-05
0.013784380677419298;-0.004481838402957632
0.014411446272200519;-0.00901730919542209
0.010363241162383593;-0.0035738164801915723
0.008614403979221617;0.008742418087326885
0.00833169523344808;0.010901571902878751
0.004575089209378308;-0.0026356719073935228
-0.0002896526304356612;-0.013730064336549766
-0.0006327767551072013;-0.008512819947401227
0.001162633919388337;0.0006482820320287875
-0.0008060024753493117;-0.0011388343839740457
-0.00406757384611258;-0.006759522158298936
-0.0019232699769845861;-0.00438930647306734
0.003693440486633775;0.0014572801959240164
0.0045221138375533595;0.0015414562084561435
-0.000907226979626836;-0.002361639011479991
-0.00559087907097883;-0.003783251352456441
-0.003665544620249679;-0.0018325336487517753
0.004277364342175542;0.0006633598082889293
0.013308995503684591;0.0019449640785913149
0.019133278213957147;0.0015710039959157267
0.021338524654615765;0.00038558398335306266
0.019849090221949986;0.0005595658727946254
0.011944695333958682;0.0022813664720525988
-0.0005285838510997908;0.002730256481652859
-0.008095835605877984;0.002001449094322633
-0.006384866882608285;0.004135090961761664
-0.002900539075942954;0.0068347332556349715
-0.004260679223949816;0.0010142203114095083
-0.0073026544723337064;-0.009949276264790205
-0.007497622734787955;-0.007945722452507643
-0.005920231184155443;0.0071327322255233935
-0.0047042013126459455;0.008239780067924031
-0.0029374188591647565;-0.01205306637514697
0.0007947565724798143;-0.020704339470593913
0.00519269855352523;-0.0008016005155210379
0.006803772451547535;0.013659752055631191
0.003697179215712211;-0.0028370192626398804
-0.0016054245409138136;-0.020543198991837135
-0.004403177192214811;-0.01037754210056783
-0.003440678458954523;0.0032731393726455355
-0.0021541658471456882;-0.007059356435771331
-0.003831031593274015;-0.01961316984769248
-0.00756973201160781;-0.009376069104773392
-0.009259070179205587;0.0037118951825313535
-0.0057042961012461315;-0.002987018926485707
0.0017007802568230976;-0.011795384130191948
0.008384147550424555;-0.002516261085757381
0.012342995625932189;0.009353202310768978
0.01509405161675268;0.004778936181415076
0.01654928229943714;-0.004134866934966316
0.014417625135849921;0.0006825904368134534
0.00922639517194115;0.011532154747676647
0.0044527153817338185;0.012305370980222413
0.0011854075850358282;0.006713113065944659
-0.0026348167283676794;0.00849764505182037
-0.006931000242942771;0.017291736325641068
-0.007984089948971;0.02078198510404301
-0.004232259253350018;0.013512392987621247
0.0005780471443041068;0.002965285730013482
0.0025766803366014442;-0.00023359073039093905
0.002356483620280661;0.005484519319260679
0.002533894219490265;0.010247416187435184
0.003835950933199973;0.005611977570658075
0.004828549402092459;-0.0022963424843865598
0.004310968450855506;-0.001757103965569736
0.0033739314747825355;0.004981483036791168
0.004092415197788055;0.004725993479411043
0.005819343883784699;-0.004749824011186263
0.004704379074800271;-0.01080793724653301
-0.0016852923803816033;-0.006432968316003909
-0.010645951464690889;-0.00029363964788282654
-0.01696259314556912;-0.0006746018603353033
-0.018151099034239997;-0.0027460697111185675
-0.015287014082576256;-0.00021123782383312308
-0.010438247524377987;0.0025909541625821386
-0.006050914883398827;-0.0005779223531781019
-0.004900595398087503;-0.007409080508626616
-0.006838051382038939;-0.012360766813751591
-0.006906153813004332;-0.01367179316674177
-0.0009412461492895826;-0.011349437032995598
0.007780677977792645;-0.005610238304343183
0.012474119495854351;0.001008849251271546
0.01244254706847435;0.0051134128114369935
0.011377298671871598;0.0055164322828971804
0.0072042550714463685;0.002222648294244964
-0.004913464872143293;-0.0034975798863834755
-0.019254105791619045;-0.006520606930495011
-0.023128081640002983;-0.0030801380899249755
-0.015276471782063298;0.0011686299021035217
-0.0074222057379432806;-0.0011557483978451107
-0.00643773011130751;-0.005580095235810898
-0.00713569313433145;-0.0026926859745371704
-0.0041920547940293125;0.005436423485385951
-0.0004899026376438082;0.008820294844070299
-0.0004979556467848416;0.004769506281763744
-0.0037049987737746595;-0.0013593934777004092
-0.007954911452351719;-0.004443110708473873
-0.012298065521904008;-0.0010054378130891644
-0.014530790707156151;0.007102429787177546
-0.012124966372631316;0.007242995596161946
-0.005371941864437841;-0.006716272780208781
0.004031104419577459;-0.014867596629274006
0.013474061843144779;-1.3592135666495068e-05
0.018694224943576705;0.015026138596322017
0.019541555843435532;0.0025097330039314113
0.02139588824352227;-0.016284419426842695
0.023901652709000035;-0.006549633916036501
0.01976879672624421;0.014710687629448964
0.0103940077108978;0.0098605297877134
0.005884137484498807;-0.01016388762884473
0.005579774271387515;-0.010896739030387147
-0.0015863340796271272;-1.9650421413265337e-05
-0.014277118560620508;-0.005642742924392017
-0.017033406956349882;-0.01696294987568324
-0.005326462398329278;-0.007306118399642002
0.006453069147266571;0.010023935569456549
0.007086944640481737;0.006649423672812879
0.002521391022280731;-0.006418534461116345
0.0019360668629532986;-0.0028268650193701244
0.003920251006467672;0.00834279284493697
0.00384503634565988;0.004964085358217853
0.0035115755830716047;-0.003274834335371366
0.005067192267164155;0.003661025637878952
0.0041261059556205746;0.015883616279272088
-0.002095006091038277;0.012445340085346417
-0.007169488227993188;-0.0009609024619419693
-0.0053362737941981915;-0.0039490422288725
-0.0010492717997501193;0.004940069588196744
0.0010284335308367602;0.010661877742773154
0.005420111945842921;0.0072948824195933955
0.014420190615260453;0.003296209170817019
0.018789421209490207;0.00527681704835346
0.011601234880830986;0.008656901178558168
0.000744173861124888;0.006529632276978899
-0.0028573679146825367;0.0010699916462937513
-0.00012466853048228858;0.00013466322610548696
0.0010985967880020298;0.005213509631364275
-0.002113863103952329;0.010087182841920173
-0.006600923030871966;0.01112278553794705
-0.0080752973173005;0.011334100065035716
-0.004381916909462689;0.012907721058985605
0.00256068567325511;0.012683755080726966
0.008554637695530396;0.008010097576987122
0.012410524991481792;0.00253953357590159
0.015206300781264068;0.0022929087571431995
0.014707454328840755;0.006946918043120858
0.008217661227181015;0.009031980125131905
0.0002612240335395898;0.0036293922777939874
-0.0013527443622954904;-0.0047182553190693215
0.0024926725745361236;-0.007717164882648016
0.002083291925161782;-0.0033568080116853603
-0.007390700374142168;0.00226834664884806
-0.018998239487586867;0.0026401266908697746
-0.02434172790387602;-0.0006954228778389512
-0.023874235618410226;-0.00021679927239881232
-0.02269848267547018;0.004759332111809476
-0.02253638393797553;0.003254353319438391
-0.022013489308991545;-0.011843218688233736
-0.019734908336721233;-0.02816740417176249
-0.014530046560562327;-0.02611484976570593
-0.0065014270742415545;-0.008235999299925105
0.0013288776756627523;-0.001011266310558386
0.005023475849422466;-0.01602277672893077
0.003689214965358364;-0.028517005345381048
0.0008368557314881592;-0.018010799914552088
0.0014027458746603792;-0.0053609780294064675
0.006177725712196443;-0.013723403774023502
0.010316555447154614;-0.02408261224681918
0.009705212943349922;-0.014532508929622318
0.006513458503604789;-0.005856047155679473
0.005536465347468998;-0.018223317954918567
0.00787065813330064;-0.02576807493863292
0.010689772247621496;-0.005821112820914377
0.010270738384374815;0.0120939259356964
0.00422019167810711;-0.0024589739703988643
-0.005697568691861507;-0.024669833864233787
-0.01371219407268209;-0.018965174383804344
-0.016884320751613155;0.0003907105763315032
-0.018525347395049782;0.0006024535920093448
-0.02086466740554998;-0.011890524155231796
-0.020185713070893282;-0.010181655226162096
-0.014062348975211315;0.0028413623692126063
-0.006970707417136058;0.004579469620148195
-0.0028687973124309723;-0.0038978966463115226
0.002495484879722708;-0.0016593023464442289
0.015160849490774734;0.011399572622766148
0.03203503703959774;0.012038249829233499
0.04187462156220823;-0.002104677179809825
0.03554457376461494;-0.0005088027207794054
0.014877894469759614;0.027015029296234016
-0.005882169753605645;0.04204300637768459
-0.012149747550654453;0.018306949459272737
-0.0060189406276566805;-0.008536170325290495
-0.002876929314293002;0.0007409798691620712
-0.008721248738960225;0.022363118270563906
-0.01277156663792173;0.017368019792748518
-0.006290480888900587;0.003427347924874115
0.003496795326759815;0.014799307826338797
0.005300730370045781;0.03091774424447623
0.0009213826189039087;0.01542855064265368
0.0006225928704249724;-0.00968167283483993
0.0053865440092951454;-0.001510132715437598
0.006002194515378885;0.024887150968401245
-0.00024638076022810316;0.024969297108786755
-0.005495599352941114;0.002168410290508626
-0.005271105633804051;-0.007560107934851406
-0.0028668017955876222;-0.0015803004326396517
0.0005786245722383397;-0.0023209688185801486
0.007103516800357511;-0.006886827590704007
0.013808846635115016;0.001926598740494141
0.015180684605556287;0.014382714310054005
0.012698910742022378;0.009705132908217127
0.013476135124951605;-0.0041478402318488655
0.018546025527543107;-0.004621859900797865
0.01933827948515371;0.0057619177231116895
0.010664400352287225;0.005537697213670034
0.0008784978903387019;-0.007449657787378953
-0.0007781525146470038;-0.01136218173376508
-0.0002542942249760245;0.0033459203287620307
-0.008342942377705274;0.016338971710897748
-0.02054864885704935;0.008338870265591238
-0.02239734018832267;-0.009524391353260215
-0.011202226743417261;-0.014831208001500526
0.0006305086795792017;-0.0067114947019491404
0.0034747483675404227;-0.0008360405704534645
0.001258480619898857;-0.002977649795994898
0.0019734807897182397;-0.004321072747292976
0.0053994405375804655;0.0019205572671433494
0.005337679999138058;0.010755679292500313
-0.0006030808113556431;0.013006449197851983
-0.008273626604900252;0.00737147283446085
-0.011748834047025022;0.001313559861598326
-0.00852406958396692;0.0002664450635831942
-0.0015000420733154727;0.0001536133582685088
0.004059800068419779;-0.005161742895458241
0.00562880204914795;-0.012091865442482926
0.0037836337761609344;-0.011791375403380044
-2.8007915953166512e-05;-0.005492807266592765
-0.00279439070443759;-0.0031401075993138274
-0.001556595168952969;-0.005885439234029748
0.0015622231034172376;-0.004882489925674915
0.0018794428825956628;0.00043296010834808796
-0.00042302366801225594;0.0003729295088078469
-0.0018800837444749295;-0.0056959252422735885
-0.0015466418273851143;-0.007418734271053539
-0.00034967429741440415;-0.0039156379408025535
0.00011344040706331315;-0.005597461210895339
-0.002877493387460923;-0.012653085075175282
-0.008561634718185183;-0.013414168499325951
-0.010845648325545349;-0.007583490757893108
-0.007216258666524714;-0.008140753542812098
-0.0035069574054447015;-0.015492802679363175
-0.004423131860801382;-0.014188550399094932
-0.006010301676879006;-0.0016744270309093868
-0.0027481394161253028;0.005197692157236303
0.002547437091968657;0.0001419363663342157
0.001891254650059007;-0.00212178441540921
-0.0053124045458975665;0.005746941471159305
-0.00996836347447882;0.011014381856314492
-0.007421305819820498;0.006230789943571678
-0.005197379139358895;0.002347428198870757
-0.00903247144769981;0.006954691227337794
-0.011276734110775056;0.011080370746643108
-0.003683600842985045;0.0059669240335332415
0.007830122396222269;-0.003404548121145314
0.012000220568855474;-0.008227300434138536
0.007747407287381209;-0.00854838021414999
0.001793427025325219;-0.00951076936780269
-0.0024825949174663887;-0.010531380327118953
-0.0059007705389879875;-0.006070165344274856
-0.007622821579931658;0.003540322075142484
-0.005384239282283747;0.009623306623489312
-0.0006986286133887743;0.005800393073131315
0.001179666930122611;-0.003656010689955326
-0.0016499009869959656;-0.008478007552971793
-0.003936772973462827;-0.004057834211046927
-0.00019815275500237819;0.0031989832367324503
0.007115268887000902;0.004441860322508297
0.011548957983514707;0.0008024076266191015
0.012444418173067661;0.000653667251020225
0.014478045508046732;0.005234593565569174
0.018798960251499974;0.007177672305001402
0.020544092329924882;0.0036486941610062076
0.015365530660342026;-0.0005398441631936309
0.0048977868881089634;-0.0029830514443388786
-0.004994941989868448;-0.005586398810878651
-0.009721360678314576;-0.00720770960849093
-0.009397725532604302;-0.004634187057147995
-0.008031287636552963;-0.0001384972534325299
-0.00839206071876504;0.0006304715160035337
-0.0073593544519329705;-0.0019180904431258651
-0.0006046965743055866;-0.001279101212539335
0.00873573526255673;0.004782293942503002
0.01345022254329144;0.008805608877593274
0.01226158892488204;0.0025669194587853695
0.008089118265917159;-0.00726115189867126
0.0007568782484515627;-0.001333268886218707
-0.009363650528477346;0.02123595267451236
-0.015689756307258725;0.02911503326682764
-0.013072132229143536;0.005930865772368174
-0.006886451308171582;-0.011252205467316475
-0.0057956019873626275;0.010340054412655097
-0.00898299912344107;0.03320167299473071
-0.008523491641697904;0.010297584845328953
-0.0018579503625268281;-0.02429735735063073
0.00538855153904588;-0.011918175807839458
0.007862204051505528;0.021793440332004112
0.006025146646932892;0.012266635675974859
0.0037889386486412552;-0.025469400820883496
0.003862546116583417;-0.024841579234388896
0.004406984518878938;0.013480754026630097
0.0009294924875452902;0.027362168497680816
-0.005122757944133533;0.0020118834307699634
-0.004735885334642683;-0.013221265980284808
0.004548104214339876;0.00465861603769266
0.011202552949124199;0.01869941783209687
0.006591894955793995;0.002527551481535018
-0.0008931782708919393;-0.015750377216828565
-5.1964352396563704e-06;-0.007208623825737219
0.0059233758720121195;0.008145453592260371
0.007300641188136448;0.0019285841002727832
0.004153768505027799;-0.010992784702445082
0.002589384928828759;-0.004405140621530098
0.00244217389882007;0.008261381658033274
-0.001181658683511576;0.0018801404492881945
-0.006546591380068967;-0.009301563149203199
-0.004905136035100671;0.0017984963068450404
0.005676406999006103;0.020673338511876697
0.014056291524177509;0.013965950163843017
0.010607282896589465;-0.011114791363027818
0.001717465324025207;-0.018740376537755777
0.000442615252910194;-0.003785877248005347
0.007644167831747435;0.004844348644567274
0.012771024670309954;-0.005169186624727189
0.009836339447173522;-0.013681788425821267
0.002259664060942921;-0.006024036603333983
-0.005240529899158474;0.003776889183266899
-0.0099266445802727;-0.00032072513981160723
-0.009576286187201655;-0.009084854967688863
-0.00595265244488161;-0.006336262370755909
-0.0052042305481162;0.0013700369974566262
-0.008603521581658773;-0.0025801932719322533
-0.009275917881488654;-0.013282734418194919
-0.0036372736598729184;-0.012230399359348153
0.001029874427867212;-2.3978414111212826e-05
-0.002958863499992507;0.0055748081248067
-0.011233424560087185;0.00016732073578157853
-0.013161686260313058;-0.003449803707186028
-0.006490264214719054;0.0001807465264875877
0.0014361372488420937;0.002027846641294236
0.0037406636552245066;-0.003998773298691307
-0.0012640567154011595;-0.011872075360055414
-0.010860824189773617;-0.013247213849579758
-0.01787807594120973;-0.007393692139672897
-0.014977901070028828;0.0005701146672414131
-0.003301017188951114;0.0059558367979056625
0.00735203237612705;0.006198257638490024
0.00880141420435914;0.0004815945431689956
0.0017404162115866586;-0.007765362678963172
-0.0063664373014314475;-0.010989889967174617
-0.008604061659321744;-0.005422057978292634
-0.006245903240820685;0.0028774301996607955
-0.006932614668591941;0.005264910533167471
-0.011187742344161703;0.0025040731541134628
-0.009170894368844553;0.0021702718679911213
0.002495472273857217;0.004341093130349741
0.012905867127799264;0.0013114247083569892
0.013527445553754331;-0.005079867405476492
0.00990839288519079;-0.0010771793414381101
0.00993785800853246;0.015161742516602269
0.011630101393640456;0.024512110920146855
0.00867720524348863;0.015658668150751696
0.0009979476786005075;0.004591226082684472
-0.005345888235537396;0.007325923762131417
-0.00661729601156704;0.012687521260204901
-0.005422748557605681;0.004187623302076082
-0.004317834449074124;-0.009538700995222736
-0.000744374773941133;-0.010056408086568313
0.00642298523443557;0.000513094887268733
0.011898108727621908;0.007134092494837115
0.012147120643291027;0.007403143882166859
0.011114972122067716;0.008845528905432491
0.01198206813387087;0.010171364392838328
0.01142691391182498;0.004108484551311381
0.006903055409195961;-0.006392951180396618
0.0015965128690775255;-0.010777749582408824
-0.0017710632495557112;-0.0074414790857389775
-0.0050320658466149314;-0.004321589103254242
-0.008973442497457117;-0.004067337944530278
-0.009778668784358778;-0.0018283030194284967
-0.005418187609580153;0.001980557711068649
-0.0007501375048964684;0.00043983332964181855
-0.0012533290485739865;-0.006557766737385944
-0.005460045126274971;-0.009953355990948586
-0.008083988764125562;-0.004689084468562884
-0.00728561478241969;0.0033422893122772006
-0.0054212759680139005;0.004739254218836801
-0.004965554211161376;-0.0029608671861474337
-0.0053378235738060645;-0.011544544223244527
-0.003399358578166994;-0.00976289647342736
0.0016853965811862368;0.001293737378931453
0.0053991723371715535;0.006695110765914227
0.003522375628443334;0.0013969269538621708
-0.0011600390784181553;0.003259128444414984
-0.002565273025015355;0.022619378790196105
0.0002691479855268912;0.035798175843328985
0.0027663606847332365;0.020930904452780456
0.0016721193176568814;0.0011680698825736913
-0.0009166470827161566;0.008441907236669235
-0.0008291416567171687;0.023101929235971333
0.002780642765639639;0.00455987110903544
0.006948924560319873;-0.032840082493794505
0.009114231814603496;-0.03864146207205761
0.009589456923643975;-0.013019014422258796
0.009651756793109742;-0.004642634391818014
0.009571820482610578;-0.02238027858484398
0.008900512253317436;-0.023218830966268176
0.006563774271321184;0.0035584741359894105
0.0016194655492628254;0.014373997612178682
-0.003375433733787194;-0.008285810607708461
-0.002482574873535597;-0.022924288719915475
0.005354518284128385;-0.0043395340924295865
0.011421724348261279;0.011917123547459614
0.007228849426503255;-0.00264084164180622
-0.003909014053572904;-0.01763802399071986
-0.012179346350793303;-0.005109031501098834
-0.014065272838144464;0.006738377454885908
-0.01319058423669842;-0.007540507163956946
-0.012346283332504635;-0.017340357302716148
-0.01118322387437032;0.00313076037214465
-0.010478070768987694;0.02021603480365202
-0.01268560235555607;0.004029541537960321
-0.01615496825308055;-0.012242295717667856
-0.014133068838760908;0.006262560435420334
-0.004160760658412762;0.0307467862803598
0.0058932323504618;0.02128688402708063
0.00699283608212138;-0.004676796414917058
0.0016370144066633573;-0.00913867779261624
0.0010451449619624255;0.0031388008536556732
0.009252717512254986;0.004994155357168789
0.01750185901631696;-0.003148107016152591
0.01839533659877817;-0.003257243900180283
0.016482773118342755;0.004939931787716243
0.017725358284440915;0.008603517418272392
0.017994188355713182;0.005464969996431888
0.010461510513448433;0.003183153843315327
-0.002712343152051185;0.004593694818947376
-0.013028489171162227;0.00513220122815117
-0.016317850127700484;0.0017105526169815218
-0.01605468226060121;-0.0017789830127473265
-0.01660377343080835;0.0003451000434293944
-0.01709143537920704;0.006791218814602361
-0.0146964739894312;0.009950623435976039
-0.010774385514817103;0.005719338775065587
-0.008135415208988618;-0.0021259131038982126
-0.003513537156179653;-0.008212373299691874
0.01016573670487555;-0.010566827751562568
0.03215701589265166;-0.008702471662574091
0.0504422869652698;-0.003485869439797287
0.052727919997380725;0.0006032806542346727
0.03772359805690698;-6.78707606770872e-05
0.015540660820565388;-0.0022693556774795805
-0.0009940437321731227;-0.0011562377036648719
-0.007325508178627515;0.001091728461087737
-0.010181641507197907;-0.00026200705658558423
-0.017879015829731663;-0.0026519610490268147
-0.02940143532217921;-6.302286987877655e-05
-0.03593353057123063;0.005451691067893853
-0.032161028745114464;0.005967013834863363
-0.02254412506619098;0.0007303601872860698
-0.015143795005795747;-0.0024022116270958904
-0.012406322143375819;0.0006345695009104936
-0.010417699180611386;0.004476058680407351
-0.005324995899258501;0.003958477865141077
0.0013648833687580418;0.002539781555368163
0.004755573951251236;0.005052265298922874
0.003827262054056125;0.007640599924486737
0.0025929858871773415;0.003784510500184275
0.002814816297387865;-0.004045161072682032
0.0023449421508095008;-0.007504226947646004
0.0014745974077912116;-0.0033484621769225
0.0028794634948436705;0.004049606633047464
0.005403101009187922;0.00699400568310885
0.0051437523201661355;0.0004698596887061531
0.00186962532021806;-0.010803223983626951
-0.0008024919168763109;-0.013832148691071628
-0.00035918381481588925;-0.0030120585430811783
0.0025295592159770117;0.009296123223593033
0.005529063698686652;0.007434947996167848
0.006498639083391598;-0.005012373359999914
0.0043968990606094525;-0.010327443915943457
-0.0005235419671759124;-0.004327626842953464
-0.00599522851629234;-0.0016301711441072911
-0.007583595333211115;-0.008602096118195087
-0.002688562909598165;-0.012173680399840786
0.004670964115499399;-0.005518128738384564
0.007227779567789084;-0.0016266358239505746
0.0033741005619710176;-0.007695916110380832
-0.001278076504769367;-0.010058145297137172
-0.0013594637809838498;-0.0001723459757967407
0.0021589636180113178;0.007446509612330382
0.003309400346943528;-0.0005372015027243588
-0.0014015039251020405;-0.01368133954635913
-0.007133993221908629;-0.015166018081629375
-0.006329691115089328;-0.006741530872514936
-4.999123130025683e-05;-0.0011824163002446388
0.0030141299829025046;-0.0014575494909283327
-0.0003147633224245479;-0.002292468221635725
-0.0030259949429295593;-0.0029881503909226837
0.0008475368824117454;-0.004511799636939564
0.006977249780163139;-0.0021129345790745473
0.007400793740988151;0.006638159786912312
0.0014774241296380197;0.013987953634586442
-0.004724218345087771;0.01226781334065437
-0.006162220087535004;0.005087623097589999
-0.001917099667088694;0.0008936934627845143
0.005719714397690013;0.0012058504024623593
0.011245144674598008;0.0012870752259708871
0.008781180651537072;0.0008689529917941241
-8.313800003531088e-05;0.006747280522078535
-0.005142750794975812;0.017090109880195648
-0.00012946247926334353;0.015245463896914552
0.008441185165635625;-0.0011525982647001053
0.011078427430796149;-0.005075308884682219
0.0072677426530520835;0.014790575794316823
0.0014752380157885038;0.024981865743063523
-0.004315792311145156;0.005112254806613343
-0.007802691053410877;-0.008121403930391473
-0.005417437668828893;0.01255416335480648
1.6866090088639047e-05;0.02781425449490239
2.731973688086149e-05;0.003576042432093692
-0.007013223686519637;-0.020799442759650146
-0.013417699251744332;-0.004149451360560394
-0.01385673652901557;0.020773799468688427
-0.010011453782086576;0.010373446848916543
-0.00419707912049424;-0.013841786942899706
0.0019287215451626644;-0.013421579210561762
0.004384104444708834;0.0006002184592924071
0.0017521991440850363;0.0017688892132935777
-0.00033385439880632224;-0.0018617556684234046
0.0022571268274596194;0.004706109431403235
0.00442798250683237;0.009000360593947935
0.0015528304179648874;-0.0006451619937790555
0.00014823076149772144;-0.009236246636115537
0.007050108802585173;-0.004846611226388201
0.014384317888938224;-0.0009228936423275503
0.009908397394699672;-0.007717370178169131
-0.0027676706077658804;-0.01250497672832712
-0.008961102051886525;-0.005672234593200261
-0.0032416977028383435;0.0009944856893719183
0.00716986175200581;-0.0032358151345977426
0.01372528213102536;-0.010032009138364547
0.012303181982717362;-0.008877602627760045
0.003677783514848441;-0.0035782163208917046
-0.006067477427140714;-0.0013326850078951252
-0.010484361321861525;-0.0006287597394529247
-0.010058615721499149;0.001220397839627068
-0.010423105037266516;0.0013728598522264649
-0.013563856101819026;-0.0010709324070482032
-0.015236532146238478;-0.001301718381216126
-0.011465509592537138;0.0026133102592705826
-0.0033537853756371873;0.005048486696198714
0.006057481629758349;0.0009907176715689906
0.015997140436334465;-0.005962354852165001
0.02710867793626465;-0.008364246420961322
0.03791170341581787;-0.005161315759328112
0.04220563843672216;-0.0016811086709764946
0.032660022882490786;-0.00022554714495039532
0.01176800320950496;0.0023601645220353053
-0.006193552820418762;0.006452289568015733
-0.01191816185119218;0.00659783276871689
-0.012187098622502028;0.0003317950019330578
-0.016060227184033455;-0.006540151512452639
-0.020018032311268467;-0.007779652224275605
-0.017275181766244697;-0.0037962439249944837
-0.012858034790919357;0.0021343244166327183
-0.016107677714143905;0.007340177384234874
-0.02381549437954794;0.008250150510645083
-0.025192756848765548;0.003700674939274689
-0.01949595235169276;-0.0014560758365066008
-0.014084312100360138;-0.002795106434438401
-0.009139361337603251;-0.0020958429599170635
0.0007690181421381691;-0.002783980503715262
0.012838948795325059;-0.005803376854804629
0.01729296436706193;-0.010574456408115414
0.01165370310468103;-0.01354320591497183
0.0039842799167483026;-0.008820592384962363
0.0018216898334972988;0.0027580927320158474
0.0038819508612300325;0.010618110060420313
0.0038853050852586716;0.008165602629417158
0.0001254347394477106;0.0025785990601760035
-0.0018238918662365647;0.0021276954858290256
0.0024833771764935244;0.0026669186078364738
0.008804661385735763;-0.0017707429915576178
0.009820307356445176;-0.0049461047276014875
0.006000584579959673;0.00033501132782948575
0.004325277522122723;0.006161498631512285
0.006712814602047644;0.0013619866540178092
0.007376566738726415;-0.008083016663865872
0.0029911260236612468;-0.008175224331722122
-0.00227298614655117;-0.0007670671561503986
-0.004279110100308641;0.0005125176639692496
-0.0045923755320633865;-0.005252331105446064
-0.005892026160458854;-0.005340769499885674
-0.006977188086754476;0.0035695353646855357
-0.00524855079484177;0.009769046805261708
-0.0013493867349511496;0.00642615147990569
0.0013799768467989359;0.0016556769798799695
0.0012106569707414315;0.0030332501157452497
-0.0003344141221157149;0.004474654450869946
-0.0008602389340580117;-0.0014825557836715038
6.6669157701837e-05;-0.007674400269201295
0.00011876272115378416;-0.0032076634263755468
-0.003084769206127958;0.006158134506777627
-0.007827894993016022;0.0063503265136820065
-0.009728969316356044;-0.0012394399144260765
-0.007955036581599188;-0.003414438483759253
-0.005815862287982418;0.0019510591799000848
-0.005557779856349379;0.0052078151092690315
-0.0065070490101522705;0.002929394912198116
-0.006306119103888754;0.0007787813334939112
-0.002598650255995508;0.0015681627313251607
0.0024197717833775783;0.002394871352793248
0.0018509069596326568;0.002015898302788756
-0.005484521725348722;0.0020391656651790424
-0.010690422648383645;0.0011973425383267314
-0.007698521578485718;-0.0018520014603252088
-0.0022107455479939584;5.988127451239144e-05
-0.0007323377644483477;0.013510307533254325
0.0003771994805707303;0.025956202180034353
0.006931977538727647;0.017907305486230953
0.015360551902982347;-0.004008542056473532
0.018046721290049486;-0.012243856038310939
0.015504275023338053;-0.0009050255620611832
0.014045611002586078;0.005548387112949731
0.0140337318334647;-0.004807690432344483
0.009600819476508505;-0.01043038633288617
-0.0004234134809271206;0.0034186766393045818
-0.008943138408020664;0.01497774894598417
-0.009694581047417368;0.005028284675292766
-0.0052037021313189585;-0.006583339669845473
-0.002968916580054445;0.0013350248751409647
-0.006372797750947795;0.010799098783477975
-0.011920936927141426;0.00029660329350951416
-0.013285212120681537;-0.012711214943630632
-0.006474130994697639;-0.004810824985872784
0.00650844429715705;0.00787238608951028
0.018830156969268874;-0.0017105222858699145
0.02541901742956218;-0.021287837257657632
0.026439342100667222;-0.020554492604351146
0.02349875325260464;-0.00483047567917123
0.01702542583468439;-0.0021094126845909718
0.009025276242303594;-0.009773978178932729
0.0035206293564432;-0.0027316454964975523
0.001248553981217076;0.013350069628646221
-0.0019347895118854755;0.008346095550405542
-0.007317681655958715;-0.013642007961249857
-0.008542649479522635;-0.01449588117059795
-0.0008710770804006017;0.011375213935461604
0.009018217296698874;0.022813691508095427
0.011398090191100954;0.0008897553581194931
0.00836742548044357;-0.01792128810751699
0.008573524099192001;-0.0031896974964377494
0.009691173542043506;0.02021339373655628
0.0015140149058383333;0.016840968430257494
-0.014213138842744796;-0.003396783970352869
-0.02288335528726739;-0.009554012293692848
-0.0175784212878715;-0.0010002093169501976
-0.008510757693490655;0.0008120522022526216
-0.008218884839198137;-0.006743263496841963
-0.014609109357638704;-0.007728123899180059
-0.015799070438173468;0.00014267978903176874
-0.008517272321363149;0.0028202246356166766
-0.0008340582358937469;-0.002728429167797782
0.002252403443337;-0.004097412254311415
0.0029523309816970886;0.0019738934732842044
0.002398533720319943;0.003174685602324438
0.0014003226966967457;-0.0055244662808951435
0.004300526837523565;-0.011965161635019327
0.009955218206007022;-0.007439645202845042
0.0077778423698948995;-0.0010245106771774408
-0.006251404444890611;-0.002675787426683655
-0.020356481962755076;-0.006029140973278834
-0.023153725127796943;-0.0018418984628157903
-0.01829713411647918;0.003722083166585017
-0.015277175050627978;0.0005353298947563804
-0.015933131783516782;-0.006574045553037593
-0.01649156730422275;-0.007573618095053032
-0.014282123823611237;-0.005561139918359973
-0.008439999119280197;-0.007965575549319774
-0.0001514016445337111;-0.00963616749740908
0.0072708337953158505;-0.001620910907383708
0.011803554097957929;0.011084147636837769
0.01359894720178135;0.014678001687206314
0.012052874084850299;0.006204738593296639
0.006713625793134182;-0.0023163996786800894
0.000573746866605932;-0.0016983817495372794
-0.0020340235973809137;0.00179640612536634
-0.0005596190849219987;-0.000536693296389282
0.0015272804740036003;-0.004547986061456578
0.0014436682104438405;-0.0022054585228833377
-0.0002094716076435631;0.0043201081917902595
-0.0016950799616923535;0.007672141130479507
-0.0024094354673341394;0.005887963828015837
-0.002778960374528826;0.0022103866618327387
-0.004650233820214506;0.0005477354403893178
-0.00918278267690043;0.0023671953481050195
-0.011255803742181977;0.004678161875296281
-0.002774381270673267;0.0033817529888469484
0.014792211603677689;-0.00048013621189277734
0.030011297177098082;-0.002118866793105762
0.03546702558894144;0.00023447165102637778
0.03312583361493802;0.004386839897946285
0.02675540199018922;0.008141918148439786
0.017437667804723212;0.010306957776408261
0.0060363410863391274;0.00919219820843106
-0.0042757899807105305;0.003874024936917684
-0.009091203935805281;-0.0030015759090618846
-0.00770205710095468;-0.006961553213551883
-0.005096291859445941;-0.005896547543883482
-0.004887651266190477;2.966877100902995e-05
-0.004328097153211408;0.008612426690848076
-0.0016442424315914737;0.012872959001565869
-0.0010840767336042678;0.006620811093115665
-0.003994239721744263;-0.0034401433818582977
-0.003753883670888562;-0.003471415545078989
0.002956714757576649;0.005011366158364875
0.009043854843364034;0.004994364744505239
0.008834911065037912;-0.00722948434130278
0.007467007614879929;-0.014013883486196137
0.009698697744624226;-0.005816186491976486
0.009324467321270073;0.004747419070845458
0.000579321811473615;0.007077107298587556
-0.009272018461163017;0.006951465539647709
-0.010345818281010393;0.009783047696504054
-0.005046501239821336;0.011048515226243042
-0.002577150201215639;0.008088199486512395
-0.005493590907152255;0.004763022906231008
-0.009239616151627243;0.0021188158938892938
-0.009881778371704498;-0.003187128390426149
-0.007600956318180387;-0.009800750462024702
-0.005582965004864254;-0.010820896480733061
-0.006802031979544871;-0.004531189407993979
-0.009771096290528386;0.0020787291784424857
-0.009550865193767053;0.0036358156992436865
-0.005674157839630864;0.0018325256401173018
-0.0038269168721600843;-0.001737630212873292
-0.005835731053720218;-0.007151257555997286
-0.005778748199367503;-0.009781066139166883
-0.0006329350537729529;-0.005978358103832569
0.0038544884969445195;-0.0028388135725372814
0.0023306529310126514;-0.006845491351764035
-0.0024757993357859315;-0.009809533107271479
-0.004656640894516551;-0.003909027549289905
-0.002888848782812232;0.0003232572853862618
-0.0007924422192396141;-0.008648848967931834
-0.0013759086677786606;-0.02065868718220381
-0.002912269187017762;-0.01975829724088876
-0.0012499357459474108;-0.00989234090125969
0.0042800066313602465;-0.004187513783702787
0.009183797459235588;-0.0025445119955653413
0.00901959139801176;-2.4297969733579076e-05
0.004923749342471793;-0.0024731873671301643
0.0012815256711069334;-0.011919037507860832
-0.0016470525293057615;-0.012169039511037847
-0.007624279444173117;0.00492403077039336
-0.01573206791066888;0.016391151849264384
-0.018931820136694564;0.004309328765695562
-0.014603252686618357;-0.0074132505289237665
-0.008715490236139845;0.004879194478919101
-0.005140236873785915;0.015266320089628572
0.0007682895635681634;-0.004360628886895363
0.012347531220528339;-0.022885504284098475
0.023159354692449195;-0.0017916562253020255
0.024921209472408893;0.02955008911924508
0.01875666993335033;0.02337010968394158
0.012560416101460746;-0.00116467784106153
0.010025691655258476;0.0020595677435774227
0.007772407965028384;0.021146745541101793
0.002584221192941575;0.016717126718102746
-0.003472422921594032;-0.0015250824891683344
-0.00627403862714381;0.0005112937363335092
-0.004534647099933746;0.015186188134633766
-2.168738029445258e-05;0.01327921237464343
0.004575740304119958;-0.00013144657651183574
0.006977718573393215;-0.00096546766484473
0.007014519720708723;0.007704474854218642
0.006706457477131728;0.00687268956758726
0.005615332240966165;-0.00012641751171251585
-0.0002251535744424413;0.003975319392945542
-0.009777349032540553;0.01633592212904443
-0.014912247485203197;0.018135504737376115
-0.013160732352071547;0.0065954677976540555
-0.011425935655898724;-0.0010335911749933162
-0.011104054073004474;0.00478431440957805
-0.004012371896879851;0.012009044270484144
0.010971565320978007;0.0066799670058255425
0.02233842023990683;-0.004167536575200558
0.02315578242812436;-0.0020181744800079797
0.020610560339132576;0.010845448846436075
0.022225204454045883;0.00851046203279253
0.023325883300009283;-0.015545553728307154
0.015197107131528787;-0.028876733860026284
-0.0007254524170626699;-0.011577174850265697
-0.013777258569437371;0.004921106660839026
-0.017660999949286982;-0.00855248369355441
-0.016910654707738584;-0.02498754593652211
-0.018052423119000172;-0.012851316694509864
-0.020270903169000973;0.0019139251030031437
-0.018328252055918235;-0.012969800143699292
-0.010600030147674024;-0.029425557038441647
-0.0018258541448790376;-0.011497415852516466
0.0007997688554178819;0.01295070867630664
-0.004475532649638578;0.003411052466860914
-0.009987941123917177;-0.017832288195322336
-0.007450237135435572;-0.011203757014764813
-0.00039940501747612566;0.0051091754015182575
0.00060899770770685;-0.005866789230244303
-0.004916856787410077;-0.026677136070683758
-0.00734493864958658;-0.017513459010914535
-0.004294110832276246;0.010959475879104492
-0.003325296032607714;0.018098499139401245
-0.006351306949271541;0.0023597356052846813
-0.005956709942786254;-0.004749410768249287
0.00119967624700751;0.003528037247239654
0.00848455101779484;0.005763032509448711
0.008656775077979698;-0.0030070504361243673
0.0032761229214500302;-0.004750435837268069
0.000790770799218838;0.004751928444736536
0.005856016165951245;0.007202246360709612
0.012524262803589285;-0.0037051465921974273
0.012062806465301255;-0.0085966083620592
0.0059801634691035365;0.003606338716357111
0.003393698975586009;0.01422511980919143
0.006352701063285892;0.006103171641934266
0.008134290774747834;-0.006619618255003909
0.005680291632217229;-0.0029738352225135503
0.0030337356652634507;0.009511653672250537
0.0022517886082882087;0.00965662295282387
4.47414220277421e-06;-0.0016131815901787188
-0.00504035178077197;-0.006984742514023316
-0.008002271189679994;-0.003711932518026778
-0.005103094489829018;-0.0030649289282706654
-0.0009836601090393927;-0.006182949625755973
-0.0021964554957931825;-0.004498923361747814
-0.00632203314246713;0.00031353808522769863
-0.005916478247188708;-0.00039172283929483475
-0.0006051589025647486;-0.0018534923899176884
0.003543065411105736;0.007211058642311375
0.0031483292250576553;0.01881117655246525
-0.000979569569680774;0.013956794566704874
-0.005909684992156307;-0.002909495449481184
-0.00659441577962393;-0.007734601428919761
-0.001041704618613661;0.0026542909469658097
0.004869250269595915;0.005876577509924826
0.00437845773988033;-0.005340844464772345
-0.002018467843289927;-0.010734526510971176
-0.009271674181718596;0.0003013607506539163
-0.013493145756940321;0.010418947329575809
-0.013769502052683853;0.006363995500519087
-0.01129152871789481;0.0007984573749445474
-0.00647381425569813;0.004732217241123006
0.0005983207243724606;0.00505945723800951
0.005339910966707919;-0.006480152245428887
0.0022415160007505674;-0.008505751198978666
-0.00413100558672748;0.012650040610801837
-0.002960675109683305;0.027887087681231527
0.005076079337136339;0.010719176730327127
0.006853103655233597;-0.011377328484500172
-0.002731463159488687;-0.0026856795638426348
-0.012245883765857914;0.016064356531639408
-0.010409644022468733;0.007894796585149752
-0.00031220788067489987;-0.00980506638321806
0.007525153081605838;-0.000501118988495763
0.007744792984941996;0.01830674105578055
0.00259861319981208;0.007100570527243473
-0.0019279440466865375;-0.0188438233373869
-0.0006112822366750052;-0.015567164619284627
0.006701813421327767;0.009671422661300305
0.01522558544711462;0.012902848596865643
0.02062258055381503;-0.008814255646679352
0.021512763144769655;-0.017234309492608908
0.017379491583489337;-0.0017166997873523848
0.009477764084578653;0.008017623122111807
0.0029410067308701434;-0.0023909888530513883
0.002469039619568187;-0.011804219362695908
0.007224035071146799;-0.0056745207228974266
0.012684984329602897;0.0016365569328139504
0.014084449847998401;-0.002803842172866612
0.007881752780487845;-0.008728406937114989
-0.0046704360274503745;-0.0039468919314677945
-0.015885523038700822;0.004294281784070509
-0.01889368276270046;0.003041945035287419
-0.015912743011199448;-0.005516472390389746
-0.0142068333944191;-0.010597519907782108
-0.014215027154910818;-0.009329875617440538
-0.008743782437497198;-0.004729368465758251
0.003585952921943142;0.0015506131468511018
0.012966622992050114;0.00571712359516481
0.012984019187480324;0.003309450624579737
0.010988153735938663;-0.00213674397124074
0.014517076603224434;-0.00360541693172336
0.017985018324188688;-0.0019145034738487366
0.013844737337769123;-0.0016927654365828083
0.005600736618233491;-0.0010887314746213267
-0.0006487595338641831;0.0037315782197487267
-0.005728136516343109;0.008472154037056982
-0.010191289178887036;0.00624404774462105
-0.009624807304410706;0.0005017201405228038
-0.0035270725758778914;0.0009863202806174663
0.0014720714582682943;0.007935461370116689
0.0007599557837692317;0.011763640502001464
-0.004046753425821072;0.008315424248329985
-0.009202574948302364;0.003879574315065733
-0.010295853140522096;0.0038825952269599742
-0.0043695350095111045;0.0055619348336547825
0.003801552259668259;0.005099070623611789
0.004994142770940247;0.00459426205927998
-0.0010507906557901158;0.006399245607245808
-0.005066568336646705;0.006922541225572399
-0.003800146740695101;0.0028697253722911034
-0.004778783909390146;-0.0017814270244848147
-0.011945418040763659;-0.0012254910304618422
-0.01762240264353973;0.0034782948270364947
-0.014538364964865066;0.005481505582612028
-0.007648104235859258;0.0010613760485852213
-0.006401566869789263;-0.004810974000529275
-0.009706169472430422;-0.00484529244190765
-0.008185797540972187;-0.0009486192240435372
-0.0006049994235933094;-0.0017416741956897605
0.003591031900049067;-0.0066248732882188376
0.0002902609634928039;-0.004679302696868376
-0.003479915664945099;0.004897464032697857
-0.003354357579840094;0.00728796769701662
-0.0037196029497780156;-0.003161456122209209
-0.005772826169517895;-0.010255597317935496
-0.003364062346130365;-0.0017830307876679865
0.004321305361974907;0.007849789765305433
0.008711854461413352;-0.0016809790600989265
0.005624493644790787;-0.02277956575813587
0.0020516847953643428;-0.027669149501024733
0.0040311131753869535;-0.010772063535363538
0.007706834004639226;-0.0003615355469276644
0.008063707241600696;-0.01475033771069055
0.006987493194713483;-0.029778945729925996
0.006491269805398523;-0.0164365547044873
0.003026540233691473;0.008499248187675036
-0.005187370367959997;0.0077342492866189
-0.012697819132842288;-0.013954062435233467
-0.013706402744866461;-0.018766837782293645
-0.009268799102576481;-0.0011418457619306564
-0.005149879171452202;0.005798766090201543
-0.005466467263031191;-0.009959192990850572
-0.008401273518449087;-0.021183450677558946
-0.007409176692430966;-0.010874634414781337
0.0010059915047170333;0.002421661418459245
0.011783672799206798;0.0011137604821049867
0.017514484862349043;-0.004758419740972224
0.017294079487314866;-0.0018898467932672663
0.014507073934928135;0.0037904351206400795
0.010442468218015687;0.004352037086736207
0.005513532849732477;0.005522202078361295
0.001660491156892414;0.009786675670503979
-0.0008588424921089212;0.007614887833726585
-0.0045378803592596014;0.00032441883096118315
-0.010057847799109272;0.003298771232464859
-0.013708116446648414;0.013493016855003138
-0.010715761069125229;0.010554456800575847
-0.0010830440971371506;-0.0010148218999741438
0.008507746217783389;0.002496096952746023
0.011356760063842175;0.01454536618419906
0.00896290816932098;0.010125806471080134
0.008005463611369492;-0.0002653988165142611
0.009950290927279924;0.009379921886876537
0.010228778486839485;0.023650241613241616
0.00750967574300239;0.01394932436471189
0.00613909202987023;-0.002550164997658063
0.007875643544986065;0.004177123164105376
0.008186296346779033;0.01854270581577715
0.004108636896463954;0.012050266220470802
0.00010336637427055591;-0.0027065760409702077
0.0009531971736671976;-0.001645275505642337
0.003746565510714558;0.004834221357493808
0.0035557181248361586;-0.000867482268150091
0.0021142930516954;-0.006457209812009979
0.0032300975763507557;0.0025856510804654117
0.004902853615979583;0.012442108026019309
0.003765240357023527;0.00945504081522371
0.0018040108773638925;0.005999820431334358
0.0019054898189418232;0.012544778993155679
0.0021561622530287565;0.01638790630903443
-0.0008022308235984331;0.008205695992550789
-0.006694426955029267;0.0003338801754965838
-0.011094755692448022;0.0038237907391400036
-0.009225555464837628;0.010837744148759853
-0.00278994014854858;0.009972024695262122
-0.00010791466363604116;0.002632288435652261
-0.004961656313006411;-0.002744059905966284
-0.010983619647881939;-0.00288560030965147
-0.011156615949259019;-0.0012116440743120266
-0.006152106618805039;-0.0018416476190465916
-0.0012324925486386987;-0.004726955518810844
-0.0011193196315663389;-0.0057263286986923775
-0.0070976434477570335;-0.002027108875974258
-0.013804486332481731;0.003611334910124711
-0.013098564030153371;0.0067392030255907995
-0.006366336100390604;0.0060963954021780445
-0.004798169704251242;0.0019241058098793543
-0.010973908514329223;-0.004127002419384312
-0.012248310973509719;-0.006500793988839999
-0.001555945318694115;-0.0031975595805955343
0.009388487528487244;-0.0035023988988415067
0.009441253565308581;-0.014360725633425645
0.006338047796392431;-0.024289669801395825
0.012086521718220547;-0.019029054917837983
0.022726923749078698;-0.006912667897252782
0.025809714943357293;-0.006954143098805839
0.017341360379778056;-0.017227840072746498
0.0018696825295629132;-0.01888019612518736
-0.014076364155512238;-0.008217485719370109
-0.0235050757293887;-0.0012036520159361256
-0.02345312578077481;-0.0058693722234446485
-0.019896456642090093;-0.010996218673830412
-0.020467406739329886;-0.006993513846786648
-0.022559289763270558;-0.001822013925461969
-0.015952975585008782;-0.006498589123293535
0.0020087300186259604;-0.016108240777652556
0.020426010992463686;-0.018683568440965564
0.027387942230914408;-0.01497216183018097
0.023320905056317686;-0.013392563921025903
0.01628011794360286;-0.012280297996863318
0.00955310810401415;-0.005399993272524623
0.0022863769640765895;0.0015620097898466367
-0.0037288571615161628;-0.0006941583705173707
-0.00717918267731601;-0.006868999894337284
-0.010328367855348847;-0.00523917276094307
-0.012430465936346518;0.0029103943087154392
-0.009257268881885996;0.0077778220982491495
-0.002720010819475871;0.008056121284327181
-0.00023696383009054264;0.009673389852890511
-0.0034283624472516514;0.0123961670107991
-0.006794676383491296;0.01006257534053394
-0.0060300111551664535;0.0028311269532604526
-0.001009672578505755;-0.0019464145239758105
0.005970643203083494;-0.0016700744548942541
0.010712429871129503;-0.0004191278955983861
0.00968417215096403;0.0009631642188472844
0.005078525165974423;0.005121865389016863
0.003921894778661955;0.009769233674918821
0.008652166420676075;0.010053205643094941
0.012386210557034486;0.007819377852201503
0.009128726799999714;0.009662236996396132
0.0035479664451102053;0.016226833490919093
0.002654825005083055;0.019869578094620217
0.003942094918909762;0.015260198792224743
0.0011071275389027497;0.008156794235821978
-0.004057367144086412;0.007546408094451968
-0.004892552173030238;0.011031995668339442
-0.001675562175461686;0.008061948516648274
-0.0009066077303831913;-0.001418608615876364
-0.0026925902074398473;-0.004358817153381293
0.0008924998808340086;0.004717822685391592
0.011047804817313725;0.013915840194605244
0.01776001573168951;0.012926502012812372
0.015909922461800143;0.008178249957880527
0.012552106318884548;0.007839930925981746
0.013115497437938524;0.006162684203636496
0.013845690862066268;-0.002064882644881469
0.010174814590614244;-0.0064320045517742095
0.0016456140673765853;0.0013519322791869526
-0.009550682683657484;0.009588629961172275
-0.018215556107406307;0.005403051257948486
-0.019992651573947442;-0.003560320969104042
-0.018137396547195324;-0.003907191240161735
-0.018847090671040664;0.0010494762840163754
-0.020543699275015037;-0.00020819823551729045
-0.016855534864193663;-0.007148208618951826
-0.008901715484005177;-0.009886008467170967
-0.004659157195715557;-0.005668248811597453
-0.006484433276925954;-0.0005714733859355318
-0.009116859948935557;0.001716080909427579
-0.009425648243756694;0.0026509075710697246
-0.008234079659265597;0.0022454822088875917
-0.0043949257385184765;-0.0011046817871190565
0.0033128688593689827;-0.004683929879073096
0.010707867797023948;-0.003822279565706874
0.011989092943754581;-0.0006456440028316336
0.007167090179610884;-0.002211305403529865
0.0018890936330738916;-0.008367943304671801
0.0011734197530594162;-0.010737203701423883
0.0046837140287693335;-0.007925836642029204
0.007530247481957378;-0.009668858096552302
0.005535416852889109;-0.01727662082105661
-0.00033344742828727723;-0.01663979461331268
-0.005967899021256223;-0.004501432971820279
-0.010186661132704423;-0.00019811254692583062
-0.014612661461506912;-0.013370034222239171
-0.017042716278740242;-0.02434072079462805
-0.012806015302567305;-0.015875503460193972
-0.0048372462913248;-0.0005004191270612754
-0.001852138167666176;0.0015117860483181112
-0.0030100111368906693;-0.008742850034465281
0.003029986139006854;-0.015115065201923503
0.018701014035265476;-0.008434368434704909
0.03096810836642312;0.004010956536800184
0.03012163747691921;0.006331367473577415
0.020890892730084955;-0.004039143531552413
0.01033482773445969;-0.006473681114304527
-0.00017675932737708754;0.012043530624475812
-0.008108161609770088;0.027300653719494538
-0.009330693641803327;0.012469506358276572
-0.006628379085793791;-0.012383823666043061
-0.007475490687237631;-0.009607026034976483
-0.012175628607367327;0.013323851802022403
-0.013226825512914181;0.01941651920138656
-0.007378206775631523;0.004677779795661042
0.0003425981590775285;-0.003531610315314016
0.005572642248798953;0.002412078432794751
0.008891627948846898;0.004770025716292011
0.010598198178993339;-0.002057410575092272
0.009600138730581409;-0.004379968409079524
0.007910916016206594;0.002968925071828957
0.00910902606850602;0.00879804885533978
0.011876530720181966;0.006264472101744794
0.010649231308962408;0.0016465994762938972
0.003710626800048315;0.0008998949877786653
-0.0034263985135177958;0.0020995604899349254
-0.0050362931441254805;0.002538795039323578
-0.002907384874522965;0.0025275581047388895
-0.002606393631218122;0.0017268801125568775
-0.003670232602517996;-0.0004171535653247118
-0.0007532680001692654;-0.00180168871441313
0.006238568628566239;-0.0010576142646196989
0.011795086570790913;-0.00022302631619149814
0.013447591233267301;0.0005831297947202009
0.012590318283524837;0.004755357475100756
0.0092705583987232;0.010809289934588212
0.0038796854742539594;0.011408409531999059
0.0010177254933427717;0.006655809704417796
0.0035911672350661173;0.006524992143854038
0.004578965123125726;0.012684147703733292
-0.005801887376833657;0.013700488109381199
-0.02269297283796441;0.006325372162021336
-0.027226914121304357;0.0011871699921784664
-0.011175111114117092;0.0004069237019886651
0.009280788144980014;-0.005450449359434406
0.013593124491848602;-0.01262857765129266
0.0017579718259721057;-0.0056475022970315465
-0.010445052588721568;0.010605609709010165
-0.013089877378571287;0.012311859292186733
-0.00886821852785717;-0.002064319150342273
-0.004620458537821485;-0.005839051729319973
-0.005552296476157001;0.010002943737373718
-0.01277906234687421;0.019772805812617842
-0.019853103347184365;0.007081585233632451
-0.017686023113260774;-0.007618109637529951
-0.007200362904735274;-0.003122828638142383
0.0003147320608255742;0.008392159552462112
-0.0015394370011840093;0.004829414098367285
-0.0067991736261174985;-0.011314164471693448
-0.007688018182836316;-0.021162868782292402
-0.004468379609477561;-0.017265534878861424
-0.0012992782974847958;-0.009349800428812479
0.0009569013662857497;-0.008496685377757378
0.00374419858361438;-0.013196784077449118
0.006543744767110376;-0.013367013790278394
0.0072200785223558136;-0.00654504683770366
0.00557887583030414;-0.0015990192033018093
0.004087726219908471;-0.00319222264861375
0.00474766759829508;-0.004702976804504951
0.006511226482847479;-0.0022914930425242826
0.005958222319676265;-0.0013439446610945761
0.0005355964270493291;-0.0032807145337824238
-0.008058820354325213;-0.002705937169845068
-0.014663645725307966;-0.0009064680492619909
-0.016181651845190458;-0.004124192335228435
-0.01435552278467474;-0.008250050969152592
-0.011514777712097603;-0.0030894643836669664
-0.007248543829124495;0.008911277651261791
-0.0017724384213338717;0.013263366413270734
0.0027527164689754753;0.0040050722292362
0.007626314231628185;-0.006673167641793514
0.017055640741946723;-0.004608968633337975
0.028313440733404256;0.006211037425235411
0.03153780798518228;0.009549120999064662
0.02385723931014519;0.0012125961917481749
0.01443270914370097;-0.005789858053683952
0.011023459656962326;-0.002325123158222795
0.010237591371698737;0.0041381036330497625
0.0056560210128775365;0.002984578893569473
-0.0015686893120262426;-0.0038374787681433437
-0.00532656122861735;-0.006729182583128851
-0.003914987210864307;-0.003044831570077238
-0.0018957553721113344;0.0007407065100051764
-0.0024332600076737813;-0.0010740920836027033
-0.002517427144329606;-0.007398611813586961
3.23476698671571e-05;-0.012923322615481292
0.00013631398407772623;-0.012943675842698794
-0.005819218423854949;-0.007419081368755899
-0.010888347735917481;-0.0021838950702627135
-0.008505993950683936;-0.0031261830236999737
-0.005033568329573181;-0.00828094452435639
-0.007561959401487487;-0.010121537345819453
-0.008758384896664126;-0.006290641563473445
1.6812068098923413e-05;-0.002362822221593156
0.01153982453191919;-0.002038488218091574
0.01519085316780825;-0.0003984855608078142
0.013644910545868697;0.00786993316868076
0.012375191407208193;0.017146464616032447
0.008043135310408336;0.016219107924127556
-0.000671085291568721;0.004857150529282046
-0.006472762782661496;-0.004511896591096952
-0.005424474236437617;-0.0038044304708605946
-0.0027133192491451998;0.001678558440129792
-0.003378310342190153;0.004000891806775217
-0.006027864522510121;0.003122609903246165
-0.006747025789085854;0.003374713713180362
-0.00423797333406323;0.0057323658913659495
-0.00023205930814666341;0.005962143538969866
0.002018622588893289;4.7148901857140105e-05
-0.0010913745097471134;-0.005854467549451023
-0.009577690540089034;0.002455520493606794
-0.01659858128750646;0.02274909228378611
-0.015551168139969611;0.028534429831607564
-0.010037261031770817;0.010103225905653301
-0.008398585233863514;-0.000751942820984164
-0.009911501603822337;0.016818408451329845
-0.006838355416126053;0.030690080107876824
0.0007111766188077816;0.012870141841567831
0.0037586535838282633;-0.0049834190746694705
0.00017523387506357331;0.011255188746721219
-0.00011101042313816652;0.0323668582447133
0.009608744697968819;0.01872442150094729
0.021724409867425496;-0.006651734086075819
0.023451878647236708;-0.0017176983986879404
0.011361346190453345;0.019613347314713044
-0.005053572464391469;0.01799585334032953
-0.012479310464865407;-0.0013752671362919986
-0.007971872365937325;-0.005314254907231438
-0.001600462589999866;0.008141479472819516
-0.0014174406682380075;0.013432332409888382
-0.002532571871764267;0.0026677786387516883
0.0027562318540881635;-0.007206450288511503
0.01147755282610736;-0.005170987994480965
0.014607107496480726;-0.0021380912184121173
0.010171923378973973;-0.011879677167639095
0.004662031782696548;-0.026354204329664583
0.0037855501299060013;-0.026166755761376705
0.00564403569388014;-0.015009653652253855
0.0025665820824919785;-0.01716589807648634
-0.008837635397460512;-0.03352247328699132
-0.01992332978525325;-0.03463440796761897
-0.019313121975044145;-0.011722814896632162
-0.008996354505885729;0.003948484254930822
-0.0006438702995566084;-0.007704594479921939
0.0012625421896740943;-0.0233362237738154
0.00024916601563813726;-0.018490249738800653
-0.0022437519536940864;-0.006334516464966814
-0.004335876741235694;-0.007652645259937907
0.0009526391459836053;-0.013708639337421677
0.014698785686327808;-0.008090669171999514
0.02445121969267626;0.00041744687116770983
0.01948770380122398;-0.0031459697899145268
0.007101088605391743;-0.009055276895825736
0.002411958925289551;-0.0011233332409186277
0.006363049101135067;0.011211098412682552
0.0061928581743661655;0.008592118916836084
-0.003595215940743953;-0.003972262341587976
-0.014349796110056089;-0.006703985012605648
-0.01851346026468939;0.0017241869921009944
-0.017683354749868624;0.00672594702440162
-0.013417254538688993;0.004976965621561423
-0.004406100789362653;0.005094448263654424
0.005092175709337527;0.008105804809353441
0.007364464117744124;0.007656156880702809
0.002672305080160836;0.0036173120079793166
-0.0022714042156728935;0.0008359473230648687
-0.0049386035532162165;0.0007688083174005361
-0.0067666217156234195;0.002566953333495182
-0.00704428571370053;0.005705844898897082
-0.0047374874796919375;0.008097437260988083
-0.0014660846887403452;0.006748308640703093
0.0013142285295572236;0.0011048296821202987
0.00378413097120103;-0.005886313230737536
0.0062269530628968174;-0.009333400089582817
0.008843108201920536;-0.006854776811006052
0.011734308134239263;-0.0024760191794794793
0.014331577938189366;-0.001534977160987405
0.015221597537010686;-0.002128012079064086
0.011637474838544761;0.0008392425021687228
0.0015801449022174523;0.005191146953294371
-0.010652131500956077;0.005570282952875117
-0.015502059384249393;0.004948606904255971
-0.009156024592090852;0.009246731531458989
0.0011624017931804106;0.013643467430947902
0.0065291898051865836;0.009077893619258693
0.005577821713019818;0.00039177805129818544
0.002185003640928189;0.0017580650096467398
-0.00046374359778269175;0.013265968422439054
-0.0017224505092016265;0.018572318137434308
-0.002375735494246348;0.01057885665019355
-0.0026719612139339943;0.0030518279246721596
-0.002697896875291722;0.006825709226251049
-0.004482377006246485;0.010596762243273009
-0.008916869259677043;0.0012154679840157621
-0.011502258753632146;-0.011077790984593454
-0.0083397047041238;-0.00799198977563912
-0.0033898607652871025;0.005872594815705658
-0.002120315989327796;0.009343705767640756
-0.0035541771161917844;-0.001733174749776063
-0.0047737924123706366;-0.009674769065688022
-0.0061643446646205;-0.006827359799829216
-0.0089560598095241;-0.008038516913032154
-0.013215986145803245;-0.019163919330308515
-0.017024884672707994;-0.019620658773220574
-0.015154772010984726;0.0004680205293227042
-0.005011726885868388;0.01353714653932598
0.0055069756769994625;-0.0014745476358843546
0.0061115926974087825;-0.017593299364034923
-9.616857302326792e-05;-0.005127990986165277
-0.0008466884386419129;0.01240196120555897
0.006170767297292156;0.0005532011466834576
0.012039452545990776;-0.018853619758196088
0.013504905000610504;-0.005985407225100503
0.016299543905212044;0.019776878217266265
0.02132562653293676;0.012237141372261034
0.02087003523446151;-0.015621806124344453
0.010617790627048247;-0.013878652846789335
-0.0032241453400574586;0.014664754748969742
-0.011359020445818303;0.02276810656143168
-0.011346182824927107;0.0027820090307855145
-0.0074993253727423425;-0.008890227146998159
-0.0046704514630379335;-0.0007410694755961248
-0.004920315228727703;0.004694431553493618
-0.005693955522072061;0.0016122043571760683
-0.00047760597630662927;0.004514212324115888
0.012415877529936207;0.009815748075158939
0.024273497699885113;0.002484504417961231
0.026503607533574492;-0.008286182999589619
0.02130208046741473;-0.0021847057708031096
0.01500549532402324;0.013117854375743681
0.008171480149841079;0.013057743495302622
-0.0008189022908591229;-0.00260499069027426
-0.008566198282425387;-0.011622363881477863
-0.010229061667683104;-0.005126713028700493
-0.007282240218884411;0.0037108437477370317
-0.005072612083950667;0.002760177316605354
-0.004047055937286005;-0.004196983555067921
-0.0007565238665384924;-0.005791327289573903
0.0035160707331398098;0.0008633308100103078
0.0035969397647429716;0.006743752680925666
-0.0004809501600294438;0.004931515517100052
-0.002764597659118543;0.00044112074402204236
-0.0003493050591161278;-0.0002191467096903218
0.0024984035752410607;0.0007230475772566652
0.0011588638864638164;-9.132033827853403e-06
-0.00259684305062402;-0.0003207611195565557
-0.004431199111240799;-0.00037769543929158216
-0.004105735205858006;-0.004426384344293084
-0.0032734673173318747;-0.010404263647502252
-0.0011442737620112253;-0.010131462124579292
0.001938772923662143;-0.002568056681663603
0.0021841538574432725;0.004961065520051611
-0.0003791417376302068;0.008555293987549482
0.0006517041474806076;0.00927479675903719
0.007013586132771971;0.006457174761243992
0.010695735771599052;0.0008454493156500919
0.005890896894759486;-0.0015695322162503952
-0.0033961645078750997;0.0013485045979978738
-0.01154544674667291;0.0033761234606764098
-0.016818749218056917;0.001807243483300477
-0.017090295338241784;0.0021110555315356234
-0.010463752300994913;0.004900229597396816
-0.0011497702760615265;0.003036136649646155
0.0030288729538382117;-0.001829620172483943
-0.000555802663591238;0.0028375036101522004
-0.006900540316230024;0.016072444488332154
-0.009110770346591687;0.016049948308354815
-0.005703822200221704;-0.005980829443040673
-0.002418243602054394;-0.023595748331860563
-0.004706304354060446;-0.013083701699192646
-0.009709392966904111;0.0045085635676728976
-0.010753908046489338;-0.004434050537925183
-0.00754833346592691;-0.027228906774230444
-0.00479312747402074;-0.024903539356529284
-0.0030784091612794644;-0.0005355225974555789
0.0004491510903342224;0.006300933824380037
0.004039408437162843;-0.011103784327866989
0.003047766082833838;-0.018332498386450694
-0.0009164680707784766;-0.0019960381399460768
-0.0015912579359172723;0.011509828242898304
0.00160990314342573;0.005152649902450554
0.0035237292230437174;-0.00477691237270722
0.0023935942288842746;-0.003199015952595587
0.0012305703580361258;0.00025600131561936046
0.0015893059606590524;-0.00526638652083145
0.002082963791945725;-0.011116635950982943
0.0015871919391557791;-0.007272428342793551
8.296102624602957e-05;-0.002074082201263967
-0.0023270255395505934;-0.005594885116347322
-0.004523031157846019;-0.0083021848631945
-0.0037058621831581517;0.0016243775072347934
0.0007827660350587236;0.01229191202558962
0.0038441163963261705;0.0055190561635846186
4.2686801423016855e-05;-0.01014975868262373
-0.007978107594425694;-0.012567888727663032
-0.011933006102609695;-0.003269389781028148
-0.007409090779261912;-0.001289073066600683
0.003228505283737063;-0.007109054645817521
0.015202535227095434;-0.004268724379272923
0.025555852230505438;0.007447267293421747
0.03341408520088748;0.01067589898788198
0.037114853968667406;0.0011943600279424905
0.03442912248362909;-0.006076091506334643
0.027135534896196828;-0.0028124548297555913
0.019651761268565934;0.0018343911399894615
0.01174667219837301;-0.0007297837574804811
0.00031960175433116457;-0.005177211085701389
-0.011942703585599514;-0.00302861816587056
-0.018913103853345322;0.0035083806086891574
-0.020693082101086443;0.007544949659565677
-0.0224028739073129;0.010122259221832429
-0.02499505768596056;0.014087974256601857
-0.023854822797396126;0.012907095508068171
-0.015960499303133598;0.003275887488990677
-0.004941510269549469;-0.0014253322905268782
0.0019549945869060024;0.007405368320508878
0.0017413513248256299;0.013777288770927858
-0.0008437081359981256;0.004659524017709583
0.0011444082287490633;-0.0037258772966072425
0.009731931474083366;0.0029016466617729168
0.02073421762272995;0.006511343123619601
0.025703275950980504;-0.005815649224208276
0.01678819015479229;-0.006578861300869584
-0.002974212474284609;0.022529622808545847
-0.017743720872165174;0.04184728057317945
-0.01702093691508184;0.01534335789334776
-0.009581096561392003;-0.017529217725627884
-0.008817451164403247;-0.004530375731300862
-0.013324747985099418;0.02618248239347841
-0.013304821075605712;0.018885601746431797
-0.006961967155808618;-0.007092343553436378
3.711453880625017e-05;0.0008295698028422999
0.004014495238298289;0.026158652884825658
0.004070355932610216;0.018300983627836314
-0.0006781459014879055;-0.00843391849818236
-0.008440160055343248;-0.004486177045215598
-0.013471254792273978;0.020692791196980635
-0.011762922149850951;0.021185599922878714
-0.005385619504769469;0.0008849733584423544
0.000793964084789802;-0.0012934686914274946
0.004255219884147616;0.011929793576615402
0.005520108151962166;0.004630230856017201
0.0058404121117188994;-0.021817925641857094
0.006243365091886781;-0.029514358148594082
0.007919391491072063;-0.011505724838913588
0.010840653112846868;-0.0022935508832292394
0.012560077551185985;-0.015828550546784045
0.010997699923759516;-0.023836758105303193
0.007176925032807513;-0.009184693184660768
0.0031163711196266265;0.004044972673597591
-0.0006657778275966042;-0.005534737860151114
-0.003459098001609757;-0.01980437077349184
-0.0030040920493491657;-0.014156433036445473
0.0013133479529893594;0.0015002222208428948
0.0058064303458577006;0.0027487636124241
0.005713725920466835;-0.00942596833415356
0.0004244741807609162;-0.01560704152911555
-0.006042489705329714;-0.010684053792298628
-0.00982141148371854;-0.00662629278283269
-0.01059478020248841;-0.010219158387372772
-0.00818347129372861;-0.015182679252130793
0.00036319035667513474;-0.01412849388378984
0.014102072648915281;-0.007988957315404872
0.023226373514233435;-0.003154643834253696
0.01972288716818186;-0.002840809628206394
0.008932963444040386;-0.0021615388644840297
0.0020475735691227116;0.004396357683832439
0.0015473087754605;0.01045509266499023
0.001188607046655435;0.0040583197560021015
-0.003811511520262905;-0.011504804109807656
-0.011731261895451997;-0.018900759537395125
-0.016654327349645743;-0.011396471629110323
-0.013735596071103183;-0.00029903425646549516
-0.004062643738098999;0.003935091202798027
0.005636616663522196;0.003625697633824491
0.009364266666834941;0.00493974661354282
0.006977567776260569;0.008246549426338285
0.0017269463813504838;0.010263312053514021
-0.005183342396088565;0.008581367643065064
-0.013935033109703293;0.0029752323602892016
-0.021226664444152932;-0.002348015328947817
-0.02170945378141477;-0.001013292534505765
-0.015562390933108926;0.0052241037649270175
-0.009512724599975403;0.006400736913359681
-0.00779244451373407;0.0006635579269374406
-0.006988980128908506;-0.0013329651480321345
-0.003086427676417574;0.0055384327211043805
0.0021665496130671403;0.012269569482600004
0.005539654694533029;0.011161666595388102
0.006984688443429881;0.006889637331624466
0.00765354503813799;0.0064306197919495834
0.008177433453190993;0.008607450916356821
0.009091319622002608;0.009109259318312263
0.010002025122535105;0.008106610921219554
0.009160489475463435;0.007685502985389959
0.004965269245855323;0.00721940678216019
-0.0014472319306532467;0.006190674170126712
-0.005073712215079516;0.00642182240507021
-0.002049184688599379;0.006619594230165535
0.003971174362355422;0.0023040470957214256
0.005964325144738788;-0.0028968290167388543
0.0032417738580844515;0.0021975810317766404
0.0009567155798431655;0.014779045342676336
0.0020493925384174115;0.013425139064336802
0.004837718741531633;-0.0076728735733950755
0.006334588799963097;-0.02043087536022473
0.004912835931202444;-0.006675864700071241
0.001126458991628335;0.005312476664940429
-0.0027109201240596826;-0.01227981484960164
-0.0036966416496313804;-0.03285227089390708
-0.0006007046713527159;-0.01881083221273663
0.003215102514295469;0.01006060987833877
0.0019582776676091936;0.009183777110323957
-0.004275007419873781;-0.013871671957280484
-0.0074410069599202145;-0.015462115618117065
-0.0023919018288702043;0.007360568226410291
0.0046705318210583865;0.01615057053817748
0.004689562437839507;0.0008999678177516732
-0.0014905730163632044;-0.006025608403549509
-0.006300143242426675;0.009308332019352097
-0.0072489910457045935;0.018983772658916254
-0.0074363457422878055;0.005721353316159648
-0.008042246080237158;-0.00733051269200701
-0.007617691876688758;-0.002129527269757821
-0.00584833995936122;0.0017195204456467313
-0.0027951438986817947;-0.01121612130799991
0.002623590210621315;-0.01843524154588428
0.009059317055487301;-0.0015400878336085686
0.01071589192789813;0.015507458790606526
0.004171009413787272;0.00753549388621775
-0.004822780019481707;-0.00668359687366378
-0.007501777473333274;-7.719713986082303e-06
-0.0038442890548669806;0.013515450796086096
-0.001100627409516476;0.006052426975660948
-0.0015423148941364191;-0.01379416713121587
-0.00025869878480755664;-0.018581772193187754
0.004539951873673301;-0.008397851695045783
0.008236475995769326;-0.004177411705407695
0.008897478668270009;-0.01059860673199593
0.010750795204368424;-0.013739065180947458
0.015287868505699733;-0.006552936772876452
0.016955657888739456;0.003197602651965007
0.010884124247332982;0.0075958839478512934
-0.000862002429126899;0.0075598337378973085
-0.011428123839747546;0.006122802831617143
-0.014794434643821706;0.003545766071674096
-0.011719687778126847;0.0018291474266267436
-0.010045763146490472;0.004593178553478884
-0.014746525843815606;0.00936272660971632
-0.01985872755958856;0.007463457331356494
-0.015705967119666545;-0.003985710078777868
-0.0018513210077723437;-0.013852758246533653
0.012365477757179747;-0.00889769796853322
0.01905136747309153;0.004925562691049904
0.019269211233370356;0.006482745266520416
0.01894512500031428;-0.008699998728035218
0.020192720640950682;-0.018971561705917118
0.01893624588139453;-0.010735615428628772
0.010852082809751418;-0.0002748527250583946
-0.0025918240420914314;-0.0032696332792250668
-0.015436345755902263;-0.006160378166656569
-0.022980512323878183;0.005332610278369334
-0.024501534793874243;0.013740697355483583
-0.021789726487397135;0.0027545323534304334
-0.016881067099475344;-0.004280051339859384
-0.010594713161921503;0.013547495380514649
-0.002989676845454686;0.025666152926156083
0.004625863385306369;0.0025528490751937074
0.0102074352890363;-0.019602239308920553
0.014004066622053902;0.001870226826797254
0.017541006218282848;0.0336011510452989
0.018827881312427148;0.023318056002997547
0.01386787764262845;-0.006313400625847489
0.00455443179870454;-0.00560225175638898
-0.001741137970405431;0.010285910323629365
-0.0024020775033941153;0.001160695529505398
-0.0019535633095440503;-0.016913792468459678
-0.003872836443702113;-0.008225149107504525
-0.007210814366768715;0.011344356780021849
-0.00925584649278326;0.008374893280881557
-0.006547255401777295;-0.004781669710025848
0.0016205754682919128;-0.0006299178393688583
0.009281261887550232;0.00796803561131267
0.011106422102557302;-0.0023050449335958014
0.010769081313802805;-0.014267275360204761
0.012513714414102024;-0.0016968493541943063
0.011139687371965828;0.01762075429777154
0.0017992255225158266;0.01138159588755045
-0.007798943907637392;-0.008790431855055564
-0.007082004538843059;-0.00810524914060298
0.001217943293937312;0.01040271150700383
0.0054157120482721845;0.013360462209648788
0.0019171716296764072;-0.005134140199070339
-0.0013905043988003316;-0.01686796331166162
0.0016440483540155575;-0.007996904647531451
0.00617733175006467;0.003321038773337733
0.003709727269717279;0.001334840095458157
-0.005246493062483534;-0.0057362053395646866
-0.011600919985765918;-0.006290380649246116
-0.010240164227419055;-0.004023486556240743
-0.006063519657405348;-0.005789130324177172
-0.005851417132731786;-0.00770923816679706
-0.008885316421077498;-0.003901005226533626
-0.008756671653680987;0.0025852102633643634
-0.002961074629011247;0.005719543232411924
0.002778917369067711;0.005106430216795913
0.0017044168803213348;0.003880332500917189
-0.0054005975518369945;0.0036592962918475195
-0.012148806586176272;0.0035078425847242115
-0.013982925949314372;0.0016989390251261989
-0.010338068826417463;-0.0011114609058655944
-0.003186767336004772;-0.0024517637443336655
0.0027756126536236645;-0.0038141733997177187
0.002220970710669743;-0.008977671623100964
-0.004263927281274313;-0.013312642468318576
-0.009637241949909812;-0.007252843244854438
-0.010257905917781024;0.005027248806157794
-0.010189841377934359;0.007777268590960746
-0.012294259032544368;-0.0007326664855712038
-0.013172521002750206;-0.005775415726588388
-0.00991941302813018;-0.0028629726879794526
-0.004650845421107362;-0.0029724280456614287
-0.0006254309236614732;-0.008031875188799668
0.0018392815442332079;-0.005939873330748523
0.004967124192407249;0.005431711263849122
0.009625125645628264;0.011187336751758951
0.012070418149757933;0.003063622698569383
0.007914417420290153;-0.006580225473818429
-4.673770362377365e-05;-0.003944879827203107
-0.003611575258710403;0.0042279636478045855
-0.00029041373315884684;0.0013600453105121631
0.003502279319417819;-0.01152152518936423
0.002614421376536145;-0.015802979521616006
0.0008484013110872844;-0.0036968793128901454
0.003976895178540302;0.010285422007443208
0.008467246948648116;0.011501200404730287
0.005247782929211272;0.003213102284252715
-0.004740438334954042;-0.004161142083885216
-0.009065886565873777;-0.006076148787883663
-0.0007230395392332832;-0.0007508443131647881
0.014231754249801528;0.008718010689859348
0.027466588597575472;0.008275399679280926
0.03506749690866963;-0.008085829289392972
0.03387597793809106;-0.020180923899820857
0.023569275406858083;-0.011523194755835865
0.011489895259174078;-0.0005034291238574286
0.005340070098506272;-0.006458828054880784
0.004026353996447294;-0.011506233068539255
