MU_1;MU_2;MU_3;MU_4
-6.607507692870818e-05;0.0006032548253568602;7.871930725141466e-05;2.224161884185078e-05
-6.937115838854536e-05;0.0006035748551249682;4.5448335284445745e-05;-1.5189088048440954e-05
-7.475054449668734e-05;0.0005843062788723177;6.124039813493426e-06;-5.203875917732136e-05
-8.204234468608317e-05;0.0005457916388324754;-3.8201184604441565e-05;-8.743964658868604e-05
-9.102537193053935e-05;0.0004888332929899561;-8.634351306550523e-05;-0.00012055423077918108
-0.00010143304789264082;0.000414677006416178;-0.00013701482726947227;-0.00015059510225902756
-0.00011295940497329046;0.00032498501634851485;-0.00018885245215774518;-0.0001768437648402198
-0.0001252660497623596;0.00022179915133544142;-0.00024045080619625726;-0.00019866791209285426
-0.00013798992891574043;0.00010749482170027471;-0.0002903942295227891;-0.00021553676259432802
-0.00015075171887817782;-1.5273082376777486e-05;-0.0003372902237163013;-0.00022703408299788903
-0.0001631646452671124;-0.00014363115300770259;-0.00037980232280239933;-0.00023286858012515075
-0.00017484352642583128;-0.0002745538866666983;-0.0004166818195074918;-0.00023288140434547656
-0.00018541382971388337;-0.00040493403071118053;-0.00044679759463898424;-0.00022705057240546611
-0.00019452052726409824;-0.0005316552180822806;-0.000469163337231016;-0.00021549218969331657
-0.00020183654195662703;-0.0006516651920827897;-0.00048296150137192413;-0.00019845842690378401
-0.00020707058265737385;-0.000762047900209659;-0.0004875634193490819;-0.00017633228171772854
-0.0002099741812826748;-0.0008600927539666969;-0.0004825450776754133;-0.00014961923270172454
-0.0002103477619380113;-0.0009433594093166375;-0.0004676981630428433;-0.00011893596587111182
-0.00020804559432015607;-0.0010097365196475368;-0.0004430360939175258;-8.499642500958704e-05
-0.0002029795091427978;-0.0010574930469534182;-0.0004087948705936247;-4.8595500048537975e-05
-0.00019512128170796767;-0.001085320885007401;-0.0003654286967861862;-1.0590726027037476e-05
-0.0001845036208878564;-0.0010923677469907738;-0.00031360044902699693;2.811758770822103e-05
-0.00017121973318090687;-0.0010782594936504723;-0.00025416719111681787;6.660733851020332e-05
-0.00015542146502238533;-0.0010431113228184044;-0.0001881610490614521;0.00010395623435562818
-0.0001373160599194235;-0.0009875274999094634;-0.00011676587313842839;0.00013926351512266643
-0.0001171615996812318;-0.0009125895766731171;-4.1290215984744e-05;0.00017167127951376842
-9.526123010622689e-05;-0.000819833315552311;3.6862754177339625e-05;0.0002003849115977147
-7.195630054785883e-05;-0.0007112148039545444;0.00011622771079242876;0.0002246921190981878
-4.761857299279214e-05;-0.0005890665001684751;0.00019531124452765432;0.00024398012717118
-2.2641679336190263e-05;-0.00045604419522153573;0.000272626764884755;0.00025775061514105594
2.5679752881033426e-06;-0.00031506609574649886;0.0003467294152558455;0.0002656320376628325
2.7600650785077747e-05;-0.0001692454258473347;0.00041625018437655895;0.0002673890336683965
5.205283034801295e-05;-2.1818104906228795e-05;0.0004799284098911136;0.0002629286912373795
7.553667383741534e-05;0.00012393282166050875;0.0005366418968017374;0.0002523035027106133
9.768914416753886e-05;0.00026475424212184505;0.0005854339181288733;0.0002357109118636453
0.00011818059277959885;0.00039749973292018764;0.0006255364303741885;0.00021348942733275867
0.00013672260270388724;0.0005192042098616543;0.0006563889259872807;0.00018611135887395435
0.00015307490296060066;0.0006271547100475945;0.0006776524603682216;0.00015417232827309583
0.00016705118532215092;0.0007189556050276077;0.0006892185249109262;0.0001183778104962341
0.0001785236745147519;0.0007925866517188127;0.0006912125756787954;7.95270580586157e-05
0.00018742632794960487;0.0008464524425390481;0.0006839921498378663;3.8494831028269705e-05
0.00019375657410811755;0.0008794220276287171;0.0006681395941170348;-3.7886231642344848e-06
0.00019757554113945312;0.0008908577476100576;0.0006444494932314435;-4.6358924058503556e-05
0.000199006776684221;0.0008806326156220788;0.0006139109472383073;-8.823988126947574e-05
0.0001982335084649471;0.0008491358846617077;0.0005776849505480585;-0.00012846644089902322
0.00019549453160338308;0.000797266688074411;0.0005370773123358096;-0.0001661078383828024
0.00019107882319896834;0.0007264158226093913;0.0004935078316282901;-0.00020029035571277168
0.0001853189772166451;0.0006384358734861937;0.00044847673529702727;-0.00023021883430225328
0.00017858353819641705;0.0005356000325171535;0.0004035295724643574;-0.00025519592882544846
0.00017126831886502624;0.00042055023680588036;0.0003602216878298719;-0.00027463818577482224
0.00016378684417376796;0.0002962357321277943;0.00032008300227862643;-0.00028808851417284984
0.0001565601817125326;0.0001658438085304769;0.00028458322506683017;-0.00029522541044390264
0.00015000656455059033;3.2725075591365716e-05;0.0002550971349574168;-0.00029587006287971706
0.0001445313111376119;-9.968407642412177e-05;0.0002328696395651867;-0.00028999265736282345
0.00014051750313360788;-0.0002279395433648247;0.00021898126079555777;-0.0002777183678770877
0.00013831763924999593;-0.00034866686676201624;0.0002143163614598387;-0.0002593316314285306
0.00013824608913491328;-0.0004586380015368119;0.00021953804895839848;-0.00023527512558118498
0.00014057181168365348;-0.0005548484213815438;0.0002350740046845389;-0.00020613884635139099
0.00014551075509154152;-0.0006345948088391886;0.0002611153486711453;-0.00017263639023201848
0.00015321784962794694;-0.0006955509345570802;0.0002976259461314129;-0.00013557057421194427
0.00016377951735520443;-0.0007358354246908711;0.0003443539754622437;-9.579743958434869e-05
0.00017720873799247238;-0.0007540620539313085;0.000400834523372589;-5.420271424467535e-05
0.00019344515829222223;-0.0007493638823009738;0.00046637525037979973;-1.170309609362161e-05
0.00021236172699642356;-0.0007213890639133603;0.0005400284333828531;3.072685066130586e-05
0.00023377663738583917;-0.0006702777121061162;0.0006205688418159278;7.202078495015417e-05
0.00025746580270956317;-0.0005966408438463412;0.0007065092415238798;0.00011101639178421661
0.0002831686885273717;-0.0005015658889506659;0.0007961822421968964;0.00014652039849411794
0.00031058156524673466;-0.00038666085804167844;0.000887890781063691;0.0001774576270832761
0.00033933857592775846;-0.00025411990466237206;0.000980083715791162;0.00020306684024591634
0.0003689911210300827;-0.00010675725134355848;0.001071468500681473;0.00022304681013097223
0.0003990050059538423;5.206357168724131e-05;0.0011609630688000135;0.00023752806486945527
0.0004287952613448435;0.00021865736390861844;0.0012474436754182283;0.0002467901428586443
0.0004578046219329079;0.0003893805043857845;0.0013293668341823012;0.00025077587753322036
0.00048560407911776377;0.0005610015885496418;0.0014044865737170968;0.0002486342104767073
0.0005119639095922874;0.0007308668366418638;0.0014699627028317327;0.00023865141996340727
0.0005368314546233638;0.0008966621677620322;0.0015230622616448837;0.00021887991097178128
0.0005601782512757612;0.00105574129013647;0.0015623532540916707;0.00018846370965407537
0.0005817498348055716;0.0012042872526446282;0.0015888614384075965;0.00014914741916212816
0.0006008440275957497;0.0013368712826084294;0.0016063384769050976;0.00010598264249555439
0.0006163044759387153;0.0014470496878537956;0.0016198781381472143;6.61842560059665e-05
0.0006268804114995626;0.0015292972749372299;0.0016328209660537946;3.575267167192415e-05
0.0006319339415035943;0.0015817898815049412;0.0016430955256768814;1.4857227931319437e-05
0.0006322089744628298;0.0016086032754545987;0.0016413034468839855;-5.469366105684478e-06
0.0006301426090357295;0.0016193774086131357;0.0016130872140097297;-4.2066140091889044e-05
0.0006291931588254154;0.0016250623283582456;0.0015468475794907506;-0.00011175681479625276
0.0006320322007388441;0.0016303112302105264;0.001444662009714132;-0.00021828620567237615
0.0006381770708697813;0.0016258975763914973;0.0013305052201801062;-0.0003402557197474145
0.0006424252423650663;0.001586716983822989;0.00124797823907922;-0.0004295465895683362
0.0006357559106901276;0.0014804839840311585;0.0012423132555324228;-0.00042826649527216004
0.0006096497145628089;0.0012877533415008807;0.0013294839877515188;-0.0003039776510984135
0.0005629001094350483;0.0010260210316724188;0.0014665274849810616;-8.944316689248952e-05
0.0005075599739651109;0.0007629228955355223;0.0015455419212917975;9.918875786606999e-05
0.0004690988526378871;0.000601691951354987;0.0014312589444831169;9.316754131340135e-05
0.00047685136624469145;0.0006312627997640983;0.001043342820507583;-0.00023953891544220744
0.0005453701673481721;0.0008542357751868786;0.0004527829077170214;-0.000873318307597956
0.0006543650095903204;0.0011307133370607766;-6.83434293999704e-05;-0.0015400503591319334
0.0007410306572381217;0.001189299205513644;-0.00010972707131119108;-0.0017659721597730088
0.0007186915820340374;0.0007411286599833746;0.0006752900538192783;-0.0010832415157715353
0.0005258779474633827;-0.00031867921778305547;0.002286880126054263;0.0006233704490819592
0.00019096135928996477;-0.0017109332490671824;0.004168900969552899;0.002797893009309472
-0.00012272702520293514;-0.002717404872651274;0.005267906742153869;0.004170332239694746
-0.0001339253080089906;-0.0023984159380068316;0.004472795921369885;0.0031946738206718676
0.0004537027687560292;-8.73443768425124e-05;0.0013118868379510145;-0.001049005916809227
0.001789267688480468;0.004039131274461687;-0.003503160021181686;-0.007859820357697249
0.0037410161345110644;0.008687715365863186;-0.008180734355238807;-0.014505063703650236
0.005896993574328911;0.01180026901728325;-0.010727671897252744;-0.017036264365670496
0.007727295344327614;0.011503029646144322;-0.010064167916006412;-0.012380012059104722
0.008809423409443518;0.007148650797285712;-0.006536817367380246;-0.0007377320329739318
0.008981226075841902;-0.00023287781557280565;-0.001532356576933319;0.01340659522728844
0.00837108751919332;-0.008397502554144008;0.0032806633890770797;0.022955334875435968
0.007327841134960489;-0.014931893459901029;0.0064686008089596195;0.02210863434157072
0.0062618806800441365;-0.018155336862276897;0.007117299035597697;0.010195770167891888
0.005425853701816904;-0.017393226035881743;0.00516281639489312;-0.007278925129239739
0.004759206675418502;-0.012773614168545165;0.001589082485869791;-0.021381280983200877
0.003941446778431558;-0.005052170830518215;-0.001979102428747849;-0.024736292973567248
0.0026424633784711926;0.004335680966852038;-0.004244419376222643;-0.01571644216039727
0.0007785335428515085;0.013327629936891372;-0.005032685624430632;0.0006711496880074997
-0.0014176972870878772;0.019754316163496682;-0.005232444717234774;0.015633461477638846
-0.003539034358392014;0.022154983230277814;-0.005940729632273307;0.021457404012871144
-0.0052244336476816935;0.02030458755500482;-0.007523124021432392;0.01566784201389451
-0.006298032349399684;0.015093259579741357;-0.009287273709842047;0.00224599149515121
-0.006761992595611235;0.007970084050592886;-0.009921549026516697;-0.010727391081211707
-0.0067026462979840745;0.00042444741491541496;-0.008302473690898381;-0.01571937863640599
-0.006216335632365271;-0.006252288299135557;-0.0041690968223054145;-0.010091767982300732
-0.005403948110400377;-0.01101711981321891;0.0015856685151580021;0.002369029941312339
-0.004395827754391602;-0.013118953136240065;0.007081732872108687;0.013697387309577707
-0.0033429590596225534;-0.012210536505108152;0.010134074069988676;0.016507014730571815
-0.0023584223399461942;-0.008506254866965709;0.009295464394819763;0.008454204995529497
-0.0014529703107655624;-0.0029051149424216545;0.004697379287847369;-0.006283128722207437
-0.0005238764981849193;0.003076812834305805;-0.0019144335973760862;-0.01941269620648769
0.0005782282931331036;0.00771424567038983;-0.007997867084029076;-0.023346428680379498
0.001937968477919221;0.0097384590140957;-0.011343821887808303;-0.015523684250467039
0.0034936654769144476;0.008872844547802482;-0.010917107021352566;0.00025501505691771965
0.005040197328396186;0.005855413508309642;-0.007137557815078097;0.016097614828670195
0.00630221431882604;0.001963126748524686;-0.001600146647235546;0.024411992034335174
0.007024180190288518;-0.0015667649852028182;0.003634811266986261;0.021837847949964816
0.007047990437039692;-0.0038465352103787273;0.006896301675069106;0.010580371736728562
0.006374497321337976;-0.004339003682578677;0.007493895064431566;-0.0033231501126554297
0.00518426175400643;-0.0027753778632527014;0.005750636210519236;-0.01345157274704936
0.0037700618747141573;0.0007913589139790878;0.0025308854590777217;-0.016036546157674147
0.002366784951272209;0.005776743594545765;-0.0013503520271956582;-0.011112717328773445
0.0009434224009675622;0.010881098588224898;-0.005385345928832857;-0.0016815029872501188
-0.0009087139313197314;0.014195684370649086;-0.009136586529458295;0.008162368532724259
-0.0038609742598208294;0.01376433384221278;-0.011816520036350822;0.014993400487980252
-0.008494798427897937;0.00848154452980866;-0.012247181268286788;0.017028036462746438
-0.014889122528837815;-0.0011234252905436462;-0.009489976425652967;0.014264509063650864
-0.022415738680731236;-0.012754259862478232;-0.0038088976766342325;0.008124510521576523
-0.029878541919404877;-0.02308371274538507;0.0028310277781575205;0.0009093614131271141
-0.03588960529026207;-0.029038214762691063;0.007374214052746742;-0.004845588956837159
-0.03926500788584815;-0.028954295168950022;0.007262546543550797;-0.0071368970026682325
-0.0393055925792942;-0.02303107348216534;0.0020427523305830454;-0.005244784118154519
-0.03593271684991636;-0.01300260275942599;-0.00612319671883878;-0.00011850663462683973
-0.02967146175129305;-0.00142324222956371;-0.013467547542664987;0.0059423250612017885
-0.021492664140500873;0.009017060673638872;-0.01653912585455394;0.010285589734362364
-0.012584691340410788;0.016030322638156763;-0.013842351511046892;0.011089294245865595
-0.004136361230529254;0.01816224231305547;-0.006291073919373946;0.008087065280215116
0.002854959689671664;0.015075462294254358;0.0035297486680506062;0.002504908339020749
0.0077680178135229655;0.0075986736796188545;0.012578887709102456;-0.003646930520482726
0.010490918948185345;-0.002458051964111403;0.01830471806379178;-0.008483779452283059
0.0114102305061354;-0.012683335056705193;0.019089119855838797;-0.010909076947364052
0.011232919908374925;-0.020638280625447147;0.014434470755645561;-0.01079896208869621
0.010736679518414408;-0.024560113491247742;0.005139021058631459;-0.008757896962003676
0.010559424888072072;-0.02394604883931742;-0.006652959225907575;-0.005682549738037774
0.011040766726219639;-0.019692648334918444;-0.01784353017706416;-0.0024040910121303064
0.012082231476363092;-0.013672037805458682;-0.025308454981882795;0.0004316852287476053
0.01309425961804473;-0.007953368684622975;-0.02702615547547055;0.002284746328400977
0.013182958089047346;-0.004041137312516072;-0.022837117432134544;0.002652762517025954
0.011586515338400123;-0.002440638513799899;-0.014407666709146266;0.0012263383046721337
0.008106532231821728;-0.002691612789738031;-0.00440544451716569;-0.0017532908612349842
0.0032336754128749067;-0.003802169617498504;0.004662800433575108;-0.0052586433880997315
-0.002079070770948564;-0.004826060238799972;0.011320142797140947;-0.007736252886218263
-0.006794678771794782;-0.005280983972317427;0.015271854030522905;-0.007872949118237896
-0.01011694106140602;-0.005230882025879366;0.01690962110223918;-0.005388694568375215
-0.011677877738364949;-0.005033696410575697;0.016675657730191598;-0.0012653759461032788
-0.011559935339680506;-0.004915481962635235;0.014815049200806328;0.0027742233958266277
-0.010148194759573619;-0.004658528730638953;0.011611620660265429;0.005198085703368983
-0.007892765462574584;-0.003667469219127185;0.007733816895922474;0.00544797664439153
-0.005131813309821;-0.0013962546388993418;0.004259585482282233;0.004142346036776666
-0.002060474363529982;0.0022195956132647406;0.002286556208047548;0.0025911635165503997
0.0011996095401172492;0.006687345510955919;0.0023806231684500396;0.0019187566596824222
0.004514661287815313;0.011221431941681768;0.0042125784517142925;0.002374859782350521
0.007676935062434762;0.015013768037198064;0.006627223712068676;0.003301404839002532
0.010389588776225738;0.017301896704241114;0.008187694943449259;0.0037217420217289135
0.012323961238308364;0.01738686551878409;0.007963150626658907;0.0030519721829509582
0.013222512371812921;0.014836149580738608;0.006100392653702944;0.0014120208098770866
0.012965861215757272;0.0098134315458392;0.0037768056046272127;-0.0005965075448369912
0.011566922638712208;0.0032277286788340814;0.002514434954634219;-0.0023644494372522854
0.009147328709462511;-0.0034791431440920513;0.003253320257676945;-0.0036021196061316145
0.005959625446384961;-0.008768848673805806;0.005718077166140434;-0.004311453978762077
0.0024358785695697636;-0.011405611770850975;0.008433567302808653;-0.004502344676634066
-0.0008264705848288872;-0.010710406823485282;0.009436979406931846;-0.003971543233899665
-0.0032066612659058203;-0.0067332486843380175;0.0074128999579685245;-0.0024382710932996207
-0.004280103186239433;-0.0003722855658911823;0.0026747230450480646;-1.882798449386175e-05
-0.003963828812109059;0.006692977351795285;-0.00269529661052612;0.0023692417199526724
-0.002489413435278095;0.012418104053292175;-0.005872511553266183;0.0031806754934257265
-0.00027026556066252753;0.015110300206394594;-0.005011933461929134;0.001123583962789123
0.0022195991056517656;0.014114395789313849;-0.0005354422711490511;-0.0037324634779302263
0.004555531786844121;0.010078198000185964;0.005010752830401934;-0.009449795870944721
0.006506949660149398;0.004659864627768363;0.008539192894890392;-0.012894131544702984
0.008138670814659655;-0.00013593696059545013;0.008362619176446307;-0.0114097997953721
0.009740249094518729;-0.002712477852834863;0.005136196828908969;-0.00455978733921689
0.011611865575471772;-0.002541054471958285;0.001218069756903258;0.005217731350953039
0.013866236017109875;-0.0005389131549180304;-0.0009923728080101853;0.013602416512653148
0.01633080398346621;0.0011386109921526495;-0.0005698733799718011;0.016574472221556592
0.018529987863999224;8.76163404936244e-05;0.0014899102205780464;0.012552518627743607
0.019772134655949014;-0.004871449390647109;0.0030397354149279588;0.003235430425435458
0.019412140800605462;-0.012583141847279341;0.0021704548606300954;-0.007348566222853911
0.01721676216549341;-0.01969683285529194;-0.0016464409038938106;-0.014997420098515598
0.013571563911782634;-0.022236530663203802;-0.007236985007168922;-0.017357841310463303
0.009337357372641906;-0.01775269688073501;-0.012269282450550279;-0.014606037683671785
0.00546849362043099;-0.006722890672436294;-0.0143684599893858;-0.008589484204111559
0.0026834752999959537;0.007623979575667566;-0.012364325467035888;-0.0013871410912529411
0.0013382036249610604;0.02083479371761685;-0.007062622458066306;0.005456997096858676
0.0014362729705777748;0.02914306354789897;-0.0009354089415907726;0.010626902971788218
0.002692334823582253;0.030791580223455458;0.00323788281048578;0.01246995862989673
0.004649927476315298;0.026327864776058144;0.0038542273967561735;0.009355686114776418
0.006830907305280318;0.01803208754367225;0.001089951576824687;0.0011657116819702095
0.008821951092274271;0.008939522185392313;-0.0035164939004362246;-0.00932151109242432
0.010265586751334174;0.0018487823776479164;-0.007933999195497933;-0.016819389498933177
0.010848628880866322;-0.0014989199297073853;-0.01047629322696704;-0.01618932283111391
0.010362919357439774;-0.0009214638305313108;-0.010408223404208276;-0.005959351728058721
0.008785390237320646;0.002250905782361079;-0.008112789498030999;0.00976770391624418
0.006295705172560819;0.005862356788769713;-0.004675323499928908;0.022754444309438404
0.0032323498863188;0.007954899269115773;-0.001162850393435541;0.025024533589144034
1.8812302048318115e-05;0.00757548437636655;0.0018043277490043686;0.01376320824866175
-0.0029401768328562125;0.004984627897966275;0.003898676880412922;-0.006329010330184894
-0.005367390382002089;0.0012828185318664988;0.00475694542394404;-0.02498128071589209
-0.007151417321492538;-0.002238808710131493;0.004108303071258768;-0.031825886129963996
-0.008290896539160347;-0.00465851260525177;0.0023206994397302954;-0.022362779078055523
-0.00882817030764187;-0.0056426534768125765;0.000589291119788873;-0.0008348819734591611
-0.008851119343101935;-0.005271781912360592;0.0002710206917854122;0.021878953429601392
-0.008525866046446985;-0.003662830906183788;0.0018719573062937942;0.034260431665954334
-0.008069562470244979;-0.0007614605215338663;0.004610483045418326;0.03052650618829757
-0.007655470663818987;0.003417994846205664;0.006889740588013064;0.013606635564603254
-0.007340693069488007;0.008301233798099359;0.007277655768869476;-0.00692087137892974
-0.007093710272904581;0.012613002805393524;0.005385242384422928;-0.02044492090397384
-0.006897863725700299;0.014919251756570901;0.0021576739023851086;-0.02099976149501923
-0.0068358350373295025;0.014435858932580948;-0.0006646204066572007;-0.009845075647451082
-0.00708532993384235;0.01137684603283166;-0.0016692426229353205;0.00606420808439473
-0.007830723493951747;0.006628551119781236;-0.0007134299448181755;0.01832128119203301
-0.009142798361068781;0.0012014622225533114;0.001033947253746241;0.021386321215666887
-0.010890816637307916;-0.004031673346874905;0.001942466870893459;0.014772017078688662
-0.012747050031914132;-0.008275820475954787;0.0009408913223971733;0.0024345049914204207
-0.014301905986936845;-0.010762966309377092;-0.002023386094013117;-0.009730865072279072
-0.015229285835589284;-0.010940351016308004;-0.006207902931937855;-0.016711323746452008
-0.015401585438760645;-0.008778638321150648;-0.010542529729188841;-0.016259241517581312
-0.014900674683983902;-0.004911922142266884;-0.013883576962135286;-0.009346297144080348
-0.013951321956251306;-0.00046812652223367647;-0.015028361910680956;0.0006589942867937835
-0.012835227009531023;0.003306371720319217;-0.012855826915126559;0.009597480004290353
-0.011813374948644517;0.005421228851694102;-0.006878193639864773;0.014266846243725378
-0.011046627889591628;0.005373285012320113;0.002036125601286687;0.013636964580630203
-0.01051507556542559;0.0032133835541923467;0.011433497930106847;0.00902953401159534
-0.009983290728749117;-0.0004907138665929599;0.018012085844177888;0.0031986964991189714
-0.009068579249664947;-0.004747923251472582;0.01909092245454474;-0.0011893556069007016
-0.007405296486872031;-0.008328952897993111;0.013968508398659232;-0.002835618203267501
-0.004819431386152066;-0.010101262172767585;0.004325510450124809;-0.0021576907354248966
-0.0014217643298920493;-0.009451863919851125;-0.006562982111005605;-0.0006257396562183543
0.0024028759231874354;-0.006588583606866642;-0.015289767490695614;0.0003604189443958971
0.006077588791552895;-0.0025287144465437595;-0.019607920785373344;0.00029389488427035177
0.008965170535369122;0.001228923397352823;-0.01897178165010377;-0.00034924942580025805
0.0105422053723431;0.003189300299671549;-0.014308972712560463;-0.0006485746629791598
0.010564752500232387;0.0023315768187103067;-0.007424588760340277;3.8795453025731766e-05
0.009142547322896929;-0.0015408174873978043;-0.00044111894702273595;0.0016161271719585726
0.006695291724118949;-0.007638313666784701;0.004629724542569824;0.003266997503203918
0.0038431175996532984;-0.014281310542246167;0.006325011046353941;0.003916516401828741
0.001281911039890504;-0.019317404928852578;0.004233835266760067;0.0028820240197319318
-0.0003516544566673711;-0.020837940290486162;-0.0006658253241707419;0.00035640969156387477
-0.0006203930782788325;-0.017974756152461732;-0.006200167441541369;-0.0025708808977869795
0.0006040660687191262;-0.011393854048785308;-0.009843729812792112;-0.004418541096940931
0.0030953117689054006;-0.0031845211526133595;-0.009882647927605053;-0.004112263844221177
0.0062956395167368725;0.0038742847848593012;-0.006274966818678114;-0.0016524406909720413
0.009414436802612438;0.0074224619496442365;-0.0006765885855454546;0.0017458268539226381
0.01161179418462798;0.006562385817716639;0.004459961865101497;0.004185964826381429
0.012242199997466622;0.0023001398371790545;0.007245961227726256;0.004078277622916387
0.011075879750343604;-0.0029458860099438105;0.00738871425653372;0.0010539354015100223
0.008394824780122339;-0.00654252622713529;0.006261720239432121;-0.00377396973839177
0.00490554540885863;-0.006847976449164973;0.0059143874020899535;-0.008426931745287218
0.001500861118457895;-0.0037916393694045203;0.007586188759318821;-0.01118902342478535
-0.0010241355042987597;0.001321749663230761;0.010724875164294061;-0.011507622666547717
-0.0021995797927809395;0.006504325952403826;0.013285372290855581;-0.010102218885284342
-0.001996708710530546;0.009884220498243432;0.013179590293478928;-0.008292416048112003
-0.0007902742559503406;0.010323785159839843;0.009838398433399804;-0.007061381081006868
0.0008602350397194185;0.007708803496204967;0.004719162772756492;-0.006464678899324907
0.0025225741681468485;0.0028806097794416906;0.000357002858819786;-0.005708682944680898
0.004076158527770927;-0.00273177785214092;-0.00136098595200738;-0.003803773602712327
0.005619763512860833;-0.007666657331615984;-0.0004054334357881479;-0.00036935795742109966
0.007207515818895621;-0.010988253959989223;0.0016230057128973473;0.003926847013130045
0.008649754653288832;-0.012599295537566899;0.0029044172757420753;0.007609417932130701
0.009488730141745066;-0.013117179973856663;0.002729732325383739;0.009209937584709308
0.009101739037666205;-0.013356834893274966;0.0016309250001068254;0.008157329047699113
0.006888472889390673;-0.013720704813288595;0.00039937964599281886;0.005145506067134644
0.002534706704674449;-0.01387077885758978;-0.0008579216454424859;0.0016902767426414055
-0.003740285219765611;-0.012895534620133878;-0.002626390839053564;-0.0008348830075547302
-0.011118369374566603;-0.009885554998977523;-0.005024697146236719;-0.001961483348066896
-0.018363419094274046;-0.004552419913751546;-0.007094100655811561;-0.0020983130279213108
-0.02415449385435761;0.002530846689116682;-0.007201494910514147;-0.0018107606968692032
-0.02744309888678073;0.010191668968916578;-0.004279483378456997;-0.0011420305900866888
-0.027733267481110536;0.01711178406737987;0.0012019817801999673;0.00036313070761179823
-0.02517010536451174;0.022086712222139294;0.007388176475416544;0.0029936012595379135
-0.020377572916320495;0.024113987625232206;0.012180559863948167;0.0062277899727945715
-0.014167619749197455;0.02264393033672899;0.014410620909398125;0.00871498043880371
-0.007335934510338778;0.018013642187431258;0.014119130665643048;0.008967666822854872
-0.000614966234122098;0.011580508952256948;0.011849295325099922;0.006333017963610693
0.005331092088722547;0.005199344398547928;0.007761907926867106;0.001585766510328138
0.00997424255372001;0.00036371039884884685;0.0015173120788401105;-0.0033310520297096095
0.013016777617966092;-0.0023324626854327626;-0.006880880146496977;-0.006352471742627417
0.014419500838427829;-0.003133518192280004;-0.016043164749166262;-0.006486034796395614
0.014350899935697933;-0.0027127919773123348;-0.023043625650698292;-0.0043565314920269065
0.013116711798510367;-0.0017820816216430853;-0.024636124070867797;-0.0017383475269556604
0.01109942749139114;-0.0008600850247341303;-0.019200829688429538;-0.00041286362677856516
0.008677562140599485;-0.00015828865336062382;-0.008074204291711323;-0.001113454340284929
0.006115046453164213;0.0004385654513475103;0.004786151310413626;-0.003199610059339717
0.003489195742591405;0.001248622474330341;0.014732027598312207;-0.005180619115422484
0.0007411335281434009;0.002530266959631454;0.0187601131278646;-0.005669246340157406
-0.0021630607167933357;0.004235652485457841;0.0167761999491481;-0.004133178650264441
-0.005086835091479015;0.00598278170293672;0.011082129386059066;-0.0010296426623298746
-0.007725032675138083;0.007278295186185631;0.0046167870114109015;0.00262818732303342
-0.009761317708140507;0.007785443501380367;-0.0007163317462503571;0.005851706568929734
-0.01105125259099303;0.0074043889556876285;-0.004493412441892184;0.007966597018071968
-0.011680254936292073;0.006172462941279384;-0.006910128548257426;0.008517917212996527
-0.01186004308980612;0.004206011248578845;-0.007667746336502399;0.007101812615374628
-0.01176583908605166;0.001802065555594287;-0.0058470914403588835;0.0035122142427305367
-0.011447002114983479;-0.00047063612173181714;-0.0010212228627561341;-0.0017704030884662604
-0.010847120242804233;-0.0019360104281540011;0.005454109565322051;-0.007202086598147876
-0.009866779542494125;-0.0022088000757919304;0.010427028625575324;-0.010483730907284088
-0.008409354398758258;-0.0015027855114764196;0.010659967187595081;-0.009677194123576476
-0.006425933152739014;-0.0005366187535260382;0.005125452030045184;-0.00453377278643414
-0.003988272121266833;-5.965584565981139e-05;-0.003958621717272743;0.002927479684703296
-0.0013502117613411993;-0.00036224731764608755;-0.012326432525373764;0.009189293323142557
0.0010752256487070746;-0.0011664710774729509;-0.016309199706673345;0.011068748982091894
0.0028348542892910624;-0.001984555106629494;-0.014967493650485938;0.007554367056190091
0.0035885825356082803;-0.0026387176270904053;-0.010164797642899993;0.0004889952910454004
0.0032269800229775786;-0.00348053708183425;-0.004709593369611743;-0.006387208530050552
0.001915086101615251;-0.005083022096661553;-0.00020965561418518513;-0.009510021153212358
5.177230388832276e-05;-0.007629802031491738;0.003611579843071625;-0.0074587418081600385
-0.001837499165750062;-0.010497486359011505;0.007726768258790148;-0.001649629168584476
-0.0032286710579017054;-0.012392643973466073;0.011972764325175472;0.004622476160624645
-0.0037057166515227745;-0.012019053602860687;0.01436616437831281;0.008146594886920058
-0.00303572400126935;-0.008908149287852614;0.012372223172656648;0.0075399400424103905
-0.0012197016094651744;-0.003907058656891192;0.005213854924061629;0.003783116983428217
0.0014858920848194047;0.0010429285251826175;-0.004724194172950205;-0.0006229654187549533
0.004601397596018014;0.0037819218701274867;-0.012785190908812001;-0.0032184913325250257
0.007541112082814194;0.002954924592629621;-0.014835822025381803;-0.002895300174816951
0.00982082439775264;-0.0013878798585735014;-0.009997077451286711;-0.0003056626488827893
0.011283540074286032;-0.007822310932017604;-0.0012815859329726369;0.002674930262794196
0.012188896626142571;-0.014058737449923479;0.006338250513832916;0.004021725889639396
0.013049947657472603;-0.01771866714274728;0.009004901439067308;0.0026326329392369094
0.014293409105138155;-0.017243305587229217;0.00605784118270142;-0.0010650481296172328
0.015978483976864525;-0.012697052717580318;-7.744282382546363e-05;-0.005269063843206348
0.017738802553510038;-0.006010454095800751;-0.005765753778905598;-0.007717677828657867
0.018918521122720047;-0.0002618268959107613;-0.008364430234741604;-0.006956737582284915
0.0188150993401812;0.001858989256518953;-0.0074420016981418605;-0.0032703502406317025
0.01699268024270179;-0.00041789805241481467;-0.004552576757477607;0.0012957351894317258
0.01356371835814187;-0.005413584046594498;-0.0019525089405091306;0.003911992584842621
0.009218824830739054;-0.009893281043260966;-0.0011051989660653978;0.0025033688422192533
0.004917443253380529;-0.0108606760896185;-0.0018667730836936644;-0.002916221879386095
0.0014758599622198081;-0.007130086965152784;-0.0028572145634520514;-0.009880677749285638
-0.0006356973292515189;0.00025091845333241516;-0.0027242818563277854;-0.014488577297286979
-0.0012627811698221617;0.008809995175816045;-0.0012957706625762798;-0.013503194793895956
-0.0004993856951448211;0.01595817424457118;0.0002985748252639463;-0.00644744114301091
0.0013406812108949092;0.019931286483586812;0.0005654728493392409;0.003692125953380724
0.0038031412496652072;0.020068320582045853;-0.0011576672628959444;0.01186254403775695
0.006434841723090656;0.016748693177518304;-0.004123208844101395;0.013779124169011149
0.008870200590304427;0.011295377380030482;-0.006537480944955931;0.008484673637187733
0.010812516240449098;0.005671774788440925;-0.006625346844623903;-0.0009714915284494818
0.012000474798893889;0.0017174226978502976;-0.003799014488429131;-0.009198644696320984
0.012247277813303219;0.00024154228870219488;0.0007965949979787223;-0.011550231268211567
0.011523901422070694;0.00070530420950709;0.004826834980587934;-0.0068468862450030595
0.009987986566801938;0.0017971710790407242;0.006140259787831379;0.0019075148268858963
0.007905544474223165;0.002406481767740702;0.004043703599186395;0.009327383347147276
0.0055221995370566355;0.002230403368234952;-0.00040349364566594095;0.010951976604907297
0.002997907140154477;0.0016854437336832444;-0.005185565764564225;0.006062672212221539
0.00045108072741258646;0.0013782350154181913;-0.00849353481033383;-0.0017694388494351938
-0.001962108654120228;0.0016199661543187917;-0.009396211006321247;-0.0068456148495904
-0.004036201758460634;0.0023078679082381313;-0.007828813000618173;-0.004963346277353233
-0.005589427413913924;0.003172958836725678;-0.004371654846367537;0.0037361897410510964
-0.006552090465116078;0.004133206081631866;-0.00014044935761626658;0.014552809747823683
-0.006997205899000696;0.005431665541118947;0.0034750491760122456;0.02090622015168229
-0.007085553980694553;0.00740636351039545;0.005479531222379816;0.01832263530004035
-0.006948107649150147;0.010054220113810325;0.0059461215841992605;0.007248428839173488
-0.006584388630295205;0.012800321098846724;0.005994295160512607;-0.007062856720072613
-0.005876808890873003;0.014763741663301376;0.006938759160484378;-0.01747969093319067
-0.004737816370207104;0.01531697613182169;0.009234832483400615;-0.01893643140613292
-0.0032680223426770315;0.014406005602166146;0.011995839987997076;-0.011109121178042755
-0.0017749239149015316;0.012389394933812107;0.013409155847555228;0.0016150703805016306
-0.0006335554390201621;0.009703321974884868;0.011785882247885043;0.0127351391371518
-0.00011039534742338547;0.006746226306148223;0.006604528524107332;0.017208377047670004
-0.0002742255769666741;0.003968006498733356;-0.0010446848239407075;0.013890708728833114
-0.0010139474782190027;0.001867057780134469;-0.00880163433783943;0.005540740265043717
-0.002102024962730271;0.0007831016020525982;-0.013944861024935173;-0.0032987165280439295
-0.003251133542327158;0.0006936608595181894;-0.014497283190301446;-0.008971510342594436
-0.004170573446821655;0.0012365496207755711;-0.010156655728731354;-0.010302272310219678
-0.00465119762262389;0.001918523384347999;-0.002657202655514496;-0.008450461857692366
-0.004657963942747298;0.0022976992741263716;0.004771543037289616;-0.005530462461735841
-0.004350048316527818;0.0020280053347503826;0.008819414881014532;-0.0031151224518890914
-0.003970081547818702;0.000848060995654275;0.0077578424966204445;-0.001537413756105473
-0.0036502651916868853;-0.0013541864169271925;0.002373212408550913;-0.00020055677856918743
-0.003275040924243523;-0.004377777514062398;-0.004478305237995478;0.0015518761802690894
-0.0025213507774949117;-0.007560949732055133;-0.009464769011885405;0.003701994611696001
-0.0010729192008039712;-0.009846634304799394;-0.010506937275689819;0.005450399737896472
0.0011254784032741511;-0.010199695818219619;-0.007580495860966617;0.005768821206305049
0.003735493771158136;-0.00824456441219988;-0.0022702693747518907;0.004219832982036613
0.00608251736930177;-0.004687453423724221;0.003356631042529676;0.0014715060250842483
0.00734825768468892;-0.001115451767681312;0.007676872535927863;-0.0009049133772905153
0.006795545936749819;0.0007916921296266449;0.009781883594231152;-0.001323911111106107
0.003954733283145437;0.00012904163275113785;0.009329379939680851;0.0007509360989009322
-0.0012499578807499494;-0.0028582511337380103;0.006478435376364148;0.004284313294403167
-0.008429748702166171;-0.0070693822757429805;0.002028746453754542;0.0071395945752230836
-0.016714513474339065;-0.011190115551061669;-0.002624740779338977;0.007357317549278389
-0.024826847471662937;-0.014185533140456034;-0.006050811690550132;0.004440376556175778
-0.03131409791309587;-0.01541887092131651;-0.007570564000220556;-0.00025596559203595
-0.03492546462561525;-0.014586080590950798;-0.007570683735602058;-0.004339570034917011
-0.034965451678595265;-0.011761943367214266;-0.006967408827965533;-0.005839230139252763
-0.03143746733485363;-0.007551308493360283;-0.006238725461505503;-0.004301486615319056
-0.02497324095706935;-0.0030573754929778202;-0.004890542682404539;-0.0008569823030569745
-0.01668092788895916;0.0004633140801480339;-0.001868345461590717;0.002644038225214475
-0.0079701962997748;0.0020398305852826655;0.0034098590088008996;0.00473897280329545
-0.0002994987303911345;0.0012892731342389547;0.010272706074074755;0.004975999230952104
0.00516071921389946;-0.0014122752784527135;0.016911217095734076;0.0037777336097510805
0.00782838854583357;-0.004889351942897737;0.02128622992454535;0.0018284975742340031
0.007833444865827151;-0.007444105132939944;0.02216296639514542;-0.0004773046124205228
0.005916928757118874;-0.007544716948295754;0.019629548995520132;-0.003155428932918992
0.003146185937732889;-0.00463180059560316;0.014881917528113516;-0.006312006741305207
0.000533931464948846;0.00048349991549153965;0.009534258534569977;-0.009653537087027533
-0.0013042141249263238;0.0059585541461952465;0.004953066363908594;-0.012211121686106724
-0.0022947693844591415;0.009833740360470614;0.0019470595846260636;-0.012599512523084177
-0.0027787155322410288;0.010950018990942802;0.0007598509969013389;-0.009814092933525104
-0.0032131547150774393;0.00931010163734342;0.0011487529836555514;-0.0040978122072344815
-0.003912387616667784;0.005768059804108241;0.002491340121725267;0.0028095019603260564
-0.004962585981365086;0.001416638951027014;0.00398430422689449;0.008376038547013796
-0.006280919405178396;-0.0028401945935534905;0.004888102631074761;0.010563888096452553
-0.007709146473183889;-0.006320567413611696;0.004666265776637814;0.008851330895295738
-0.00906277463363857;-0.008378222452397053;0.0029927887399437084;0.004318795384528687
-0.01012201504423634;-0.008346127303610538;-0.00020410758434276282;-0.0011907198483576058
-0.010605742048971146;-0.005807492301111885;-0.004526895054684165;-0.006149060138751399
-0.01019728959010796;-0.0010535611891086649;-0.008881797360478852;-0.009816364884484969
-0.008654070878401358;0.004645647001628701;-0.011647250965076206;-0.011807152348166244
-0.005941819226747078;0.009284143865727732;-0.011471715202251735;-0.01132334401127739
-0.0022870822455556637;0.010909090472551366;-0.008318181460705143;-0.007098446084143016
0.0018925625536097132;0.00859714814172579;-0.003856494255363694;0.0014214818038253503
0.006121604860601919;0.0030185005740455896;-0.0006092346928483062;0.01240439860212331
0.009996210859032982;-0.0038352843226779052;-0.00037528174349745326;0.02115966930217538
0.013290405997957474;-0.009628439255650208;-0.003257040365292702;0.022098820861789815
0.015992014517527225;-0.012731603462120931;-0.008018529707906714;0.012454826964556147
0.018187838780912395;-0.012720483757932385;-0.013093445347478258;-0.004828793245595702
0.019849243994185525;-0.010209951657700889;-0.017093827932250293;-0.021645916446149705
0.02073860032328176;-0.006396475109790003;-0.018651485850808818;-0.029018895768879196
0.020560873827439048;-0.0026486310259382522;-0.0164290337712729;-0.02255090117696001
0.019208714651145542;-0.00014144584261382734;-0.009882153643419407;-0.005343406070543425
0.01688040354606896;0.0005420359216381923;-0.0002771425143963766;0.013689475316466198
0.01402700642963786;-0.0003371042492095239;0.009154356109448985;0.025005705083597264
0.011200625183064992;-0.0018452774007425685;0.014544053434517912;0.02371465528602048
0.008856753496043967;-0.0029582368217593398;0.0135902654749866;0.011748446237856813
0.007187127022377858;-0.0031800412020407676;0.007145030091047808;-0.0039866290455442275
0.006100380537570809;-0.0027935306258290065;-0.001026788203780174;-0.01585632456347698
0.005365991282077098;-0.002628372217015894;-0.006337585403189491;-0.0194101853836043
0.004787818222061032;-0.003528878693760307;-0.00612161815842;-0.014931727524388948
0.004289444544831014;-0.005799451014588745;-0.0012947179241034144;-0.006308390987369567
0.003917206595967357;-0.008878051548908953;0.004284977238657878;0.00160092937586689
0.0038097458665366257;-0.011441956933374282;0.006429993139568026;0.005450485054473165
0.004155852311178468;-0.012019280638790791;0.0033562206774951178;0.004617962836337406
0.005150421103262521;-0.009884858069633835;-0.0034114209253808606;0.0009103766223074788
0.006925901341576892;-0.005715058894369801;-0.010369078548802877;-0.0027657082279707135
0.009405466702050254;-0.0014928571585982454;-0.01430555250848449;-0.004011367451402081
0.01212716117939439;0.00040405767676736354;-0.013870050037122673;-0.0021124062070682972
0.014249749248556204;-0.0015293067453658231;-0.009764660703686716;0.001693424393506884
0.014877398887557602;-0.006970491100783861;-0.0039796935268550365;0.004981543240633101
0.013516525400867825;-0.013631014465133493;0.0011798129605568167;0.005572353647307182
0.010305592066959577;-0.01807886791685515;0.0038432491375232232;0.0028497577785738196
0.0058856777834116105;-0.01722242506898873;0.0030598794265440307;-0.0018102715527069867
0.001110946272956514;-0.009762781045136013;-0.0009082176722463394;-0.005760074030450107
-0.0031760328688241464;0.003138189646013919;-0.0065458829837307985;-0.006534114759619612
-0.006299893262264575;0.018312099708152736;-0.011457923016719246;-0.0032526798501461883
-0.007923701595295035;0.03186906395333585;-0.013191018137602997;0.0027594030266871335
-0.0081795311886494;0.04061679337721124;-0.010257550431547885;0.008526924876889112
-0.007608818889794074;0.042967365711004915;-0.0029172816280290666;0.010964077771680172
-0.006889286674760504;0.03909170230229449;0.006680324648634469;0.008607705005949713
-0.006506567083547437;0.030522332529118658;0.015152189650004021;0.00253258395428243
-0.006559397885395708;0.019560168950083296;0.01918126486234602;-0.004147999179066345
-0.006775164557787642;0.008683217617748795;0.016976140034371544;-0.00796091296448247
-0.006683807293954606;-2.1134437306041715e-05;0.009194854823696945;-0.006981827725209109
-0.005833995105888863;-0.005330797766795536;-0.0012361771189802273;-0.0018884285870110293
-0.003951336113068873;-0.007058733357714536;-0.010448418159088518;0.004427125753751237
-0.0010102684695351798;-0.005794215859755102;-0.015460098397598807;0.00845891857701631
0.002744972540785649;-0.0024384558365680344;-0.015471802828717006;0.007999700095206081
0.0068044311466761535;0.0020566974927669545;-0.011847901176047936;0.0032971692458311505
0.010455960192982837;0.00662820363858443;-0.006853628376810125;-0.003166124895807936
0.01295000538663386;0.01004138114518024;-0.0021040803947031303;-0.008090703046047355
0.013724291976903074;0.011160528269003683;0.0021134671896010674;-0.00913333782754957
0.01257466110158852;0.009443804432804416;0.006218249932763927;-0.006051894467824164
0.009695116232065513;0.005241377455889454;0.010110187245988167;-0.0006629036025226988
0.005608395534344676;-0.00035120324280987514;0.012562724929185698;0.004257995778167633
0.001052501238098067;-0.005935171028750554;0.011899332079993498;0.006457602562034858
-0.003146054572217033;-0.01023036089518423;0.007443548264421313;0.005266842261455473
-0.006225038584931683;-0.012320847180358082;0.00046908043694519094;0.0017567267573512378
-0.007671075208666354;-0.011791065906189988;-0.006284024551738728;-0.0019734646090198184
-0.007388935983984595;-0.008850545632682292;-0.010274588044581553;-0.003934761342261181
-0.00576418541791525;-0.004392172904023356;-0.01072559413642163;-0.0032541386552991103
-0.0035513243332995583;0.00019807627243749449;-0.008840251106282235;-0.0005948673688721943
-0.0016121845808708126;0.0035655289527450834;-0.006526737823873456;0.0022279366515441782
-0.0006192310885637009;0.005026606752866491;-0.004734237891696283;0.003312368529065379
-0.0008520044815093403;0.004874025783431681;-0.0027849367683072663;0.001879217164746774
-0.0021505801554387504;0.004056374250418799;0.0008177346744009682;-0.0011434901814944914
-0.004010460011512582;0.0034409607518675;0.00684986090292165;-0.0036600463650281476
-0.005766521003989687;0.0032351828505717993;0.014344361322835853;-0.003814198713299888
-0.0068154223616209075;0.0029887591571159345;0.02084257374678625;-0.0013042916442674993
-0.006821602747585586;0.0020931752593086714;0.02371962297654104;0.002365973512213787
-0.005832796590791392;0.0003381245227263076;0.021671196668399475;0.0049024167768708885
-0.004243677745975108;-0.0018603532089898282;0.015412665629649618;0.004758335350361697
-0.002618267479335809;-0.0036514214919401333;0.007232977890223281;0.0021047350902209487
-0.0014624739539967806;-0.004201660763321168;-0.00020506384420819728;-0.0013827127085375402
-0.0010550127302413905;-0.003137030917940727;-0.00504285706575812;-0.0036739493237733867
-0.00139432869398621;-0.0007241641317555348;-0.006768161793478119;-0.0036297971439736786
-0.0022559347529970296;0.0022907129108813915;-0.006009073810803527;-0.001543333968629649
-0.0033148978576915517;0.005036011133424912;-0.003920580733009752;0.0012516518793847448
-0.004270188494838569;0.006822299818864504;-0.0016018637343938476;0.0033017946793211434
-0.004913084938632474;0.007280652122776559;0.0002367026660967441;0.003823698984913502
-0.00512296656929008;0.006376812672384313;0.0013637530715386096;0.0029238994131346803
-0.004829267079452937;0.004392725053662398;0.0019355432256734396;0.0012766205274606895
-0.003994957400757488;0.0018892096776504095;0.0022710098157239377;-0.00037071014228708495
-0.0026419279504033247;-0.0004133563560975577;0.0025862240672460905;-0.0014924423461837857
-0.000899721585530309;-0.001875296061498906;0.0028393335778511813;-0.0017827561478178028
0.0009495593381518277;-0.0022319118394536312;0.00279795386310572;-0.0010414791161422073
0.0024545784370640067;-0.0017831133108424577;0.0022892244825114386;0.0008186614546938075
0.003038845563450181;-0.0013222852565681425;0.0014366079576462608;0.003596124976798009
0.002138058270705062;-0.001768536526619196;0.0006717639580526082;0.006620848237076242
-0.000582218385849047;-0.0036517377569547983;0.00048470940383161246;0.008785160184957721
-0.005022705367022288;-0.006730518306023756;0.0011042341430310529;0.00887776235597998
-0.010589402873670654;-0.009993195116443544;0.002343193028980449;0.006137557356924994
-0.01633041118888706;-0.012089184251510988;0.003660962870941704;0.0008062140805655166
-0.021206975258146958;-0.01196994588206634;0.004361089687100955;-0.005631793029470877
-0.024383749502927175;-0.009372370477354125;0.00390407989747318;-0.010813912327877928
-0.025440369064007224;-0.004889767992536439;0.0023111632620227964;-0.012486020668356584
-0.02443037529415318;0.00033783535948134376;0.00040434056463849687;-0.009659486796877899
-0.021761567243912646;0.005075371125675378;-0.0004848978172869337;-0.0032387599664117166
-0.01797416902981351;0.008360704031955707;0.0006329214521000609;0.004298111977374803
-0.013564415951018908;0.009694413232138202;0.0035192160745180128;0.009989769049437141
-0.00894240104481;0.009059623591482543;0.006518912831323939;0.011663415153582728
-0.0044788524263533;0.00682804924709109;0.007380471115389673;0.008802496013210514
-0.0005318603775742938;0.003614368459211835;0.004645794522698649;0.002707905421851998
0.0025978124383503358;0.0001104310972317238;-0.0012937401395776526;-0.004039976680643608
0.004743106399981368;-0.0030787669958561104;-0.00819809716292087;-0.008605897345711896
0.005914214315260056;-0.005540536120673606;-0.013081891240030011;-0.009070525764449488
0.006283562923130743;-0.007058991852357998;-0.013762328804309483;-0.005312810624494683
0.006119415849711731;-0.007569485991824739;-0.009932840075961446;0.0008268950878394654
0.00568157113258545;-0.007146664972707955;-0.003187608531854212;0.006310955909503335
0.005111122828453418;-0.006013020019065149;0.003894868886245352;0.008364654821019826
0.0043769304225219925;-0.004480428413279188;0.008965700187645594;0.005958893651388409
0.003326568616169508;-0.0028231531124713765;0.010737583008568212;0.0004893277971398351
0.0018178999827869133;-0.0012124017345264422;0.00917317813370269;-0.004860864210194378
-0.00014891157559557023;0.00019923194821149735;0.00522937677828542;-0.006877912420909574
-0.00236834849096581;0.0011562611493786967;0.00048423899689671194;-0.004252644272745292
-0.004459022478312702;0.0013422754639827639;-0.0032335415322006862;0.0015079995329595499
-0.00597231730755851;0.0006052665313982408;-0.004326434864004335;0.006863267909575315
-0.0065376975010284655;-0.0008509121876952776;-0.002085641773283619;0.008317533875881732
-0.005979263825948003;-0.002513326773408834;0.0027484198816077328;0.004522272842282088
-0.004345100063588559;-0.003803582671901544;0.008021624353708076;-0.0029176458901860967
-0.0018349978237963307;-0.004300217720357047;0.011011131807957762;-0.01041504361773536
0.0013308331047879888;-0.003787226087355592;0.009676499161189948;-0.014492003852233919
0.00501883395210895;-0.0021619517068049514;0.003597880238687481;-0.01367180736384234
0.009184831937016176;0.0006350178671835556;-0.0058332953036973065;-0.009058588167031034
0.013755335775153723;0.004503600800090608;-0.015894569327729438;-0.003359741597744403
0.018465374107968346;0.008877195245499408;-0.023387380435448062;0.0009450054317703402
0.022787218730517707;0.012491970112435968;-0.02568016899803039;0.003097963053308247
0.026038904245353434;0.013620932867832029;-0.021782150600697443;0.004244972852129436
0.02762130192839931;0.010866396065876109;-0.013020726757101845;0.006146020627006457
0.02721796926396844;0.004057093111900564;-0.002740812734241464;0.009296579144577278
0.024846663904403442;-0.005436238737285139;0.005086715736656135;0.011947107436979703
0.020815640251707238;-0.015243364985700779;0.0076690993219772985;0.01105530360215399
0.015673942473547444;-0.022980806192531955;0.0046484509643105465;0.0047521990684700295
0.010126858739631765;-0.02698393777752854;-0.0017624032732596587;-0.005494102100760124
0.004871239058120524;-0.02647957243171499;-0.00783647738424487;-0.014894505345930883
0.0004430658639154667;-0.021488612566584145;-0.010216923688607804;-0.017923771776739414
-0.0028127066050603294;-0.01285135641038968;-0.007719761502441107;-0.011928500557592371
-0.004706434162150927;-0.0023322625389500073;-0.0018813411582117973;0.0007080787752053114
-0.005221830833608664;0.007565911259112186;0.004252092145043949;0.013482168348319234
-0.004574851894471048;0.014249326558756832;0.008249546099968039;0.019374876983021757
-0.003212859867792765;0.01590777695347139;0.00967278210004736;0.014969989708465277
-0.0017068501802558313;0.012229371834545295;0.009653059645400835;0.0025387807527184046
-0.0005510859730284201;0.004658289062839871;0.009236535366199441;-0.011237575609256546
6.0958241926605e-05;-0.003978980594333743;0.008176378068469254;-0.01917741876485296
0.000332022798933058;-0.010492099346989027;0.005289388644989075;-0.01774242932184868
0.0007109184399187488;-0.01269020501219391;-0.00012300814486776264;-0.008852362343825663
0.0015884204049254804;-0.010444301729659329;-0.007222136647412197;0.001665493401126482
0.0030525329598758634;-0.005779999563202788;-0.013834592664038215;0.00783529441922915
0.004807120394266721;-0.0018386247258974468;-0.017645525910286952;0.0070251649858554185
0.006244824614759942;-0.0012755792792077478;-0.0174990737018549;0.0010808219604871538
0.006679588628127515;-0.004997880305790539;-0.014008647941113169;-0.0053404936755322655
0.005691099026748617;-0.011816135968264961;-0.009106491233046498;-0.00793113412791566
0.003368899275974179;-0.018990349414994473;-0.004775853410795325;-0.005310709920294366
0.00025044792294892887;-0.02330476612300837;-0.001835396797061501;0.0004890706720716532
-0.0029839041316956196;-0.022285941228700253;0.00026931399995197157;0.005692742971360519
-0.005789820617695889;-0.015218552175992658;0.002507305329339603;0.007309549989177731
-0.007846796699206878;-0.0035939019580843554;0.0050447788501087;0.004829325181730695
-0.00901909765550087;0.009305233442259251;0.006934528873965658;0.00013230074717497255
-0.009310549839753053;0.01966374911976014;0.006997995914860952;-0.00404435419508326
-0.008830383042468373;0.024734298450737238;0.005015293163483952;-0.005825741729223038
-0.007741733491293383;0.023956284762872163;0.0020416793483178032;-0.004952440755697464
-0.006224044399069326;0.01895438443945384;-0.00045077486456253363;-0.002360134461415097
-0.004490845887852879;0.012446290430313992;-0.001740686044147589;0.0007211006358425906
-0.002816867384948297;0.006779761951875505;-0.0022040270132926724;0.00334881857041354
-0.001493531144829389;0.002991196805806231;-0.0025923047775733964;0.004933733072298964
-0.0007260927556630347;0.0008206317091796866;-0.0030790993224231993;0.00516348382575274
-0.0005674200782576247;-0.0005611291893555398;-0.0030813240162858597;0.004136866091734957
-0.0009290883475390482;-0.0017345964330846293;-0.001994893312735637;0.0025841319592358114
-0.0016147759043023354;-0.002632787604539748;-2.453254552707981e-05;0.0017273926254500126
-0.0023318473892428326;-0.002682113039044943;0.001800436261005913;0.002571243467102314
-0.0027188233412905076;-0.0012491278229372958;0.0025009876612954915;0.005013983311492783
-0.0024328884325361087;0.0019685720547048483;0.002074171458293216;0.00754559357032272
-0.0012629931219388612;0.006815943285556756;0.0015342576423669728;0.008007736640211136
0.0007956355432550031;0.012729165146620246;0.00197155580048993;0.005074617147086854
0.003514838938793401;0.01875194228582455;0.0035001124166305127;-0.0005686452603374467
0.006440553102984968;0.023534818549325123;0.00512327689046239;-0.006305800926247564
0.008961781582631239;0.02558348964617074;0.005699571803977617;-0.009038867562036477
0.010465297954136192;0.02387246046620678;0.005116448377763154;-0.007112753084166031
0.010520472539717492;0.018488200465790375;0.004536675891186748;-0.0014313809585752388
0.00900652246691333;0.010781717950673559;0.005426304553952792;0.004990288219956582
0.006155240997412241;0.0028722445174718843;0.008173062873710954;0.008758068391862897
0.0025291255847101845;-0.00315689931888245;0.011451491946839943;0.00803088629615864
-0.0010720178074180024;-0.005918769212649252;0.01286510581870777;0.0034994810349914802
-0.0038035988852273277;-0.005042207894809763;0.010420427694526968;-0.002108843559026418
-0.005041106334142672;-0.0011834863983363937;0.003845684968937375;-0.005634059165964926
-0.004612472839162091;0.004196224771392701;-0.005065504113738411;-0.005234128400839114
-0.0028798804643998827;0.009244100366506726;-0.013271137471854202;-0.001319060791439699
-0.0006203438875689604;0.012269099340003302;-0.017945821617144593;0.003768910891011047
0.0012509089263247697;0.01231944795594643;-0.017725123802878457;0.007072038719677261
0.0020040558797166917;0.009558401611386248;-0.013088893760784823;0.006601382039187824
0.001338312485358011;0.005179561641351741;-0.0058488606093185114;0.0023800134193227127
-0.0005495291585093443;0.0008073479957811259;0.0018032952739768812;-0.003583718089743606
-0.0030921004902755827;-0.0023078854834480047;0.008135299021102495;-0.00838787295181906
-0.005604022624692032;-0.003804473245111252;0.012269342828029484;-0.00979862825952849
-0.007537201930469461;-0.004143559039755704;0.014118375775352847;-0.007382919288855439
-0.008634013502984126;-0.004097643260272864;0.01407469831674679;-0.002578550643846127
-0.008937504520428912;-0.004205068902738639;0.0126911889569548;0.0022308833765259345
-0.008680788945044484;-0.004527206910429351;0.010471992923664736;0.00497861286223755
-0.008120994589554072;-0.00475295433083985;0.007775777699223943;0.004796885335323984
-0.007400961692604152;-0.004480588937666312;0.004808696770715813;0.0021798780770768207
-0.006501014661059622;-0.0034849464685424137;0.0016787931794334777;-0.0014641905401862288
-0.005289417610593112;-0.0018434398596667587;-0.0015388249995373301;-0.0045183872138798795
-0.0036270906940907444;0.00011723271062487289;-0.004770615954191115;-0.005779587772532498
-0.0014595570002565626;0.001969498188941295;-0.0079330180276399;-0.0048218335974832514
0.0011491620154634322;0.0032855198226684305;-0.01086856066929722;-0.002080824433712988
0.0040296818066448414;0.0036686899974872813;-0.013202757368129639;0.001304994252465434
0.006919899825140963;0.0028484163139840587;-0.014248160976510148;0.003886488158374901
0.009465512587662912;0.0008778255171364398;-0.013155073765891088;0.004503244298738822
0.01126155128714463;-0.0017733239513580768;-0.009349635862261174;0.0029127751547904767
0.011976238491680483;-0.004416622706308345;-0.003034569862140243;7.725192302384935e-05
0.01150307376595686;-0.0064803493756188015;0.004593916263975898;-0.0022415423293917
0.010029122919400947;-0.007658366605780289;0.011629164897015728;-0.002527321201401084
0.007965726485386904;-0.007805802519890178;0.016151690732570348;-0.0005885969974839622
0.005794504303138376;-0.006828713075909694;0.016981288331044956;0.0021303270411943864
0.0039249274683432435;-0.004775775973542961;0.014084457715923869;0.003371494955291732
0.002617363523111717;-0.0020423157540825627;0.008478631576283879;0.0015911220770562543
0.001965146505694881;0.0005790376841522922;0.0017800408155118344;-0.0027984798144534617
0.0019122784213529552;0.00213872287623561;-0.004348313844512713;-0.007379749686984874
0.002296960819940338;0.0019352583771093466;-0.008670189677055375;-0.00905555063098607
0.002910093315720075;-0.00015944902677647962;-0.010657275557018028;-0.006001748046793855
0.003545996098614133;-0.00360215668048264;-0.010484064323625905;0.0010042202606074535
0.004036504825539067;-0.007315781630657333;-0.008762070596057957;0.008792125741489737
0.0042853776396237254;-0.010012066364178621;-0.006213701622118812;0.01347340032986283
0.004305337298903855;-0.010614087165322;-0.0034760812076628064;0.012579942579767255
0.004215535510334269;-0.008638045346051107;-0.0010249988080927714;0.006414024888126829
0.004158915747967393;-0.004396276940803161;0.0008899062037251978;-0.0021203700643687164
0.0041671562014756365;0.0010293893250111685;0.0022804349604714654;-0.00902575783476265
0.004059306973411325;0.006023053468360428;0.003286776697664021;-0.01116027884958732
0.003447404051830454;0.008856945924146568;0.003856989954471798;-0.007610466740663493
0.0018645246751833955;0.00826768405795589;0.003494285810347089;4.707902340880588e-05
-0.0010263301646416432;0.004049022793451487;0.001443786228287414;0.00846970990959401
-0.005232446670465649;-0.0026288564700176716;-0.0025756701632420513;0.013798183572438024
-0.010350331507375896;-0.009489909982393095;-0.007535656963264682;0.013056587146214277
-0.015658293502236912;-0.014070685249883839;-0.010985633933810796;0.005466247944147282
-0.020331091619838468;-0.01487528657036664;-0.01020515145578109;-0.006709990216608741
-0.023669746215982324;-0.012052170816611424;-0.004153244605725729;-0.01846300183677027
-0.025267979562537294;-0.007127788485383339;0.005219835347682287;-0.023988012349154555
-0.025067887516841005;-0.0020459283820131505;0.01360456034118312;-0.019825179187212414
-0.023269853455656395;0.001721461792979973;0.016791204073562216;-0.007449189791267759
-0.020136459234706326;0.003461938555952547;0.013260705367961225;0.006738252232390074
-0.01584454591841549;0.0030556678583414255;0.004990562253521367;0.014679515591046063
-0.010526933070314212;0.0008024135830198003;-0.003997606978634739;0.01155662535714571
-0.004461502374629637;-0.002604464349974792;-0.01006508700935839;-0.0008300044881315045
0.001792153272354508;-0.006158990289411978;-0.011613528073104638;-0.0147116405694708
0.007456050242814718;-0.008858306379359644;-0.009218109194861109;-0.020983910330536273
0.011757175044801213;-0.010140464191285255;-0.004684675044987803;-0.015008808563393159
0.014163005052306025;-0.010118178950395487;9.70347887059871e-05;0.0002056353595666219
0.014519827462006304;-0.009385430482618648;0.0038666115052881844;0.015635919300772808
0.013052062842890512;-0.00853153989959655;0.006047479664592252;0.02174346588064919
0.010212989839082143;-0.007761899492270817;0.0063551967480984795;0.014401512631857717
0.006447462646170011;-0.006907486018009083;0.004511233903684218;-0.0024555966074796295
0.002030855646354734;-0.00572857101096645;0.0005271170748764307;-0.019117048372904854
-0.0028761037970105757;-0.004185221446045348;-0.004621404886849292;-0.025922845497720615
-0.008020647421419837;-0.0024652725814308975;-0.00881907139730997;-0.019041783450970507
-0.012930757078214014;-0.0008279309828717035;-0.009865270849697206;-0.002633537970974276
-0.01701628382577781;0.0005552753500997642;-0.007208841299815454;0.013863485819390894
-0.01980424083332359;0.001634645666440012;-0.002705348429042978;0.02147340964883302
-0.021089559234795864;0.0023714680076220656;0.000636947824286021;0.01680730260144277
-0.02089768493637342;0.002585068421601398;0.0010114527653267813;0.00356402480106955
-0.01935850842710672;0.0019642167225694595;-0.0007811176785549697;-0.010117203847613132
-0.016654857926212966;0.00036506179779648737;-0.00207589919937069;-0.016450616760611998
-0.013071101682278947;-0.0018020166652663921;-0.0005928541869446189;-0.012018803909849636
-0.009005281762045675;-0.003515478234611688;0.0036061020281886067;0.0009623131942274857
-0.004847985795318543;-0.003601968538399503;0.007978320777795367;0.016300738481424687
-0.0008314138986045828;-0.0014051155803697297;0.009344721272952187;0.027137125107374
0.0029804057266048308;0.002839234648595051;0.006352024552742301;0.02911391263847693
0.00656341033388772;0.008140660497032142;0.000618572550061857;0.02198964822140161
0.009829881402395898;0.013222045207375757;-0.00437950661722608;0.009224358935996997
0.012639973741568075;0.016984506790945885;-0.0057992691396980215;-0.00393951305260622
0.014854462707625174;0.01876034398819986;-0.003343375239783467;-0.012824307133554966
0.016333464552773187;0.018350524446761426;0.000811029463450782;-0.01507595048961015
0.016896249659683237;0.01594976977262004;0.0038905292224221694;-0.01125482814990006
0.01632238853191426;0.012036975871873573;0.0046976611401207645;-0.0041888120517358995
0.014428877405646705;0.007259834960396345;0.004393271490441085;0.002539990084431467
0.011190112443486099;0.0023452582225116487;0.005286326759850761;0.006290829942859665
0.006845585283645486;-0.0019417372886450393;0.008576551790392564;0.006469998532210323
0.0019387927098154924;-0.00484400111861153;0.012855688174397422;0.004500607231312686
-0.0027611618948719364;-0.005760959268323121;0.014678269159061175;0.0026538591852266168
-0.006449593597030978;-0.00449320541279015;0.010971724827201653;0.0024140559378109747
-0.008506324769060623;-0.001414570782980451;0.0015682792073430784;0.0034418748317041354
-0.008654274772681323;0.0025916549402744105;-0.010114007270294687;0.003910578533395007
-0.007023112255659286;0.006403859050799765;-0.01891468238459041;0.0020541894036541276
-0.004115660719655876;0.008973296756008034;-0.021066975139161864;-0.0021904172421915533
-0.0006605954065654476;0.009570844815403743;-0.016397843093534484;-0.006747035263175474
0.0026291838982211357;0.007978316654947819;-0.00808776192583729;-0.00862460810379874
0.005276717923037401;0.004601705277895933;-0.00034731199879704555;-0.005993315839356506
0.007112012381046529;0.00037650889615415355;0.004146508527312019;0.00038505014956497294
0.008199677769472342;-0.003614953587287509;0.0052704016892826215;0.007423773948604518
0.00873432859847087;-0.006653144312491499;0.004577742711483273;0.011504188217146523
0.00894919845514175;-0.008680180630772999;0.003651257002502862;0.01057988976433218
0.008998524065977306;-0.010161113296064976;0.003111924697829075;0.00525359870304
0.008860789876630798;-0.011581627095351172;0.0027837534587868834;-0.001731089059149349
0.008410286621611245;-0.012891258441925922;0.0023994893964263413;-0.007111526983806229
0.0076488387150283315;-0.013266661655058798;0.0019468190766035462;-0.008793799439893403
0.006835049350768295;-0.011456895057615863;0.0013774448414853007;-0.0066917992674953835
0.006315343842569989;-0.006619025685410169;0.00019731600192787987;-0.0024310715163125005
0.0062264992985471175;0.0008988686620763534;-0.002351243266697045;0.0016956502671058658
0.006397792838296642;0.009444009715380954;-0.006422265625299581;0.003831646628627676
0.006514407828058843;0.016732253929532735;-0.0107780669804447;0.003203883252227597
0.006309329790812742;0.02084787333476914;-0.013009049664123905;0.00019809422538373322
0.0056108181877744115;0.020990861408344563;-0.010881287089512841;-0.003973436625567783
0.004319833464004954;0.017671416307893126;-0.003928382005881248;-0.007791480860870015
0.0024521842549288016;0.012374609148317547;0.005868502267253156;-0.009967968115209183
0.00022327281455659427;0.006929184153930225;0.014860185752910727;-0.009860790932084201
-0.0019557113449777267;0.002885858095094769;0.019544868345829466;-0.007639859174355669
-0.003618459706520861;0.0011147311954627086;0.018326891195268577;-0.0041525864955465185
-0.004424541595857444;0.001654004774959147;0.01219703454722009;-0.0005566253924491932
-0.004259738880760927;0.0037618573647661413;0.004039919330657252;0.002119454553166017
-0.0032309813905005073;0.0061697741121047225;-0.002901314359205671;0.0033095246759572814
-0.0016080033575476005;0.007537802239778838;-0.006492617586462036;0.0030241890465089014
0.00024892294556635216;0.006975874960920037;-0.00639223217802258;0.0017500966893974435
0.0019719023239408457;0.0043785608395130364;-0.0037752316850014895;0.0002309339358027081
0.0032687926154881513;0.00040464166521838343;-0.0004562705468214751;-0.0007753387659853826
0.003976301739352249;-0.0038473419869120514;0.002017864524553646;-0.0007336501350020834
0.0040673212511831884;-0.007270063330882849;0.0028934459449379817;0.00044765911367770277
0.003629029369393043;-0.009101533872527472;0.0022581548498943785;0.0022926934501288445
0.0028309687449504053;-0.00911448342993823;0.0007451565183658946;0.0038685510577338147
0.0018830915238420914;-0.0076289420564187;-0.000900757776597361;0.0041982497482363
0.0009841722809655026;-0.0053686655973686145;-0.0021914174385855387;0.0028425300843576023
0.0002805339344374367;-0.003208202145926673;-0.003041706361706563;0.0003183675003872837
-0.000144982658793373;-0.0018979956449115454;-0.003661671486318921;-0.0019935146470448496
-0.0002597396453571698;-0.0018663445655711947;-0.0043096537899812905;-0.002541921771543145
-6.640287763347024e-05;-0.0031347053799099557;-0.0050658689049393356;-0.0005713694339171725
0.0004017363693648383;-0.005311251419791398;-0.005723284878515002;0.003248446187579205
0.0010834101265411009;-0.007652888065717449;-0.005845013664832051;0.007016962959421123
0.001903189969833268;-0.009254401670061462;-0.005008546397072862;0.008604290043153419
0.0027949359891009545;-0.009370811676740448;-0.003138944348466632;0.006897001181732924
0.003716637773408659;-0.007726117564688031;-0.0006910827932044704;0.0025178946995891302
0.004642002944260224;-0.004622562562573029;0.0015036867197717743;-0.0024651524878638088
0.005536081391766355;-0.0008064669249830593;0.0026427967474300313;-0.005705607099444548
0.00633777917592149;0.0028048828808579607;0.0023149023571958907;-0.005914291911919126
0.006966901345351105;0.005409603266906869;0.0005937760084065893;-0.0035383756536903695
0.007354108738911581;0.006543694649685508;-0.0020959515980384386;-0.0004006661514992136
0.007470374716559253;0.006185711262889382;-0.005127761950884825;0.0014089166640838173
0.007323829942635686;0.004695984789356207;-0.007721719063148101;0.0007049223658935216
0.006917207482347123;0.0025978051941288028;-0.009002816931384038;-0.002168451632830578
0.006208022225061689;0.00031286670305127873;-0.008237062718924945;-0.005528768825840398
0.005126861222900698;-0.001979624516343719;-0.005228204385236656;-0.0072543802734351594
0.003653690964742455;-0.004270064249673386;-0.0006427152867190051;-0.005950634201839704
0.0018907106691199915;-0.006510630925045124;0.004011874403460087;-0.001774198520388384
8.132880494599688e-05;-0.008454975644498222;0.006881116429785539;0.0035425137035755803
-0.001421406945553429;-0.009670330640623238;0.006595639790629171;0.007481527163180979
-0.002223095120267846;-0.009699566086256618;0.0030598189926172247;0.007904981174002774
-0.0020038244401291406;-0.0082649289225068;-0.002257713032714671;0.004005337261599201
-0.000668089382775311;-0.005436608498675376;-0.0068029467259673295;-0.0033282050377953154
0.0015552711381300155;-0.0017406185648833063;-0.00808001174748203;-0.011746531453436732
0.004154348957378635;0.0018546419749253713;-0.004954311647056179;-0.01814104346701605
0.006509584529970867;0.004184898879709018;0.0015976091053918103;-0.019705785416643896
0.008099586604871832;0.004371337168000359;0.008817165551169273;-0.01520323357644175
0.008642175248830585;0.002291186062019066;0.013487433333874282;-0.00595812720079233
0.008145266541267102;-0.0013089997096058644;0.013476517643882413;0.004199670261433735
0.006869104002268244;-0.005175514593671107;0.008567768323344736;0.010553346337959077
0.005191081486670192;-0.008125413951557695;0.00026811547740134207;0.010152229216121656
0.0034098183831210173;-0.00942365395317705;-0.008933093811442076;0.0038774833912997475
0.0016140600223160271;-0.008792969489508546;-0.016297926381009242;-0.0037199184357642255
-0.000275119838557977;-0.006289882879581343;-0.01952607391057683;-0.0070647155821248345
-0.0023411642719864904;-0.0023342285167045895;-0.01756384361330243;-0.0031386222271763916
-0.004547437259042661;0.0021910427601691596;-0.011267902598044685;0.006353865626722886
-0.006725229279002267;0.00610434147157925;-0.0032797897165231914;0.015752430068789562
-0.008623612571309338;0.008419596731240065;0.0031461418129108292;0.01878984862874685
-0.009977717657116712;0.008809317111388;0.005755162474275041;0.012539470260230006
-0.010597095645999534;0.007671098040319973;0.004322408440541794;-0.0004441272339010401
-0.010433086086768503;0.00581214627310583;0.0005677240765786755;-0.013207375071244375
-0.009562581930594009;0.004034676173997408;-0.002757633708211682;-0.018251460583728212
-0.00813445763089848;0.0028420606711840484;-0.003044791303570456;-0.011983477706764849
-0.006407123944532062;0.00231855443256796;0.0010742942223453168;0.0029233874656862976
-0.004880912774701168;0.0021828657279479467;0.009002395592173987;0.018796167240777255
-0.004333350831791141;0.0020094126956199964;0.01828889143491568;0.027190199726785286
-0.005584613320493152;0.0015229273132965262;0.025708846198074488;0.023570234599601367
-0.009075462808918893;0.0007905221393759978;0.028691966579499743;0.009675418102805181
-0.014552273848122412;0.0002149513965151983;0.02624779337507482;-0.007679377836652454
-0.02109119582643877;0.00037665168477181974;0.01905122850898875;-0.020381581413217147
-0.027426754584779004;0.0017814900452656451;0.008922129034727614;-0.02304522736230757
-0.03235945761607594;0.004543655933905;-0.0018809778667688622;-0.015231408239502841
-0.035059376945619704;0.008153966907688201;-0.011205477246850061;-0.0011339152399034718
-0.03521694847360613;0.011553011458065945;-0.017280225694444786;0.012724839185220991
-0.03303565394442059;0.013510491288694727;-0.01892236938947271;0.02055223273586648
-0.02906887404656134;0.013080964614954553;-0.015906824415574904;0.01971455338381767
-0.023981410687415734;0.009957900886903256;-0.009351941257811979;0.011510233454339373
-0.01837259885793506;0.004651406889927814;-0.0016367510641205622;0.00010820873375684268
-0.012725634832668082;-0.0016258813133220424;0.004428966632200053;-0.009615921898730874
-0.007437282719235225;-0.007402118789117595;0.006843821770326129;-0.014210945479569635
-0.002856314571073409;-0.01147532388371144;0.00531361739581761;-0.012835433158397936
0.0007047481359134151;-0.013199213546564796;0.0012474626555300668;-0.0071413914297594645
0.002994842569280583;-0.012479126185636581;-0.003099256632768083;-0.0001000112243282185
0.0038884950952666475;-0.009692447497202274;-0.005756743677213091;0.005537313864584678
0.003469101055543656;-0.0056604695481298475;-0.005799855036347158;0.008337632871154013
0.002076638769743797;-0.001555234314387816;-0.0034356266011432756;0.008363493343938284
0.0002581375339314104;0.0014144359879229961;0.0004353054615511738;0.006535201076730312
-0.0013869254323852008;0.002489108482342212;0.004768709743190664;0.003755256136610822
-0.0023926050697406363;0.0017590424901572396;0.008633227198595219;0.00042613191785692995
-0.002541911749263177;0.0001917539874292258;0.011070437064980426;-0.0033724321777489213
-0.0018694064293975942;-0.0008304278786902191;0.010904106176101753;-0.007301294054207289
-0.0005928671749760794;-0.0002832323145355968;0.007033754579307536;-0.01035551234512642
0.0009613013993743573;0.0018644142567544343;-0.0006651013919607523;-0.011104490070042388
0.0024140804932094146;0.004597207592378641;-0.010469781035126585;-0.008541726171594682
0.0033868967186827218;0.006433556225713909;-0.018928159336698627;-0.002971535335577121
0.0035806720159844907;0.006195937310196159;-0.02232848036669847;0.0037501947572778894
0.0028983130831360775;0.0034463565924186712;-0.01877785241728624;0.00888150354934615
0.001575528724577442;-0.0015062044182125433;-0.009500310190256897;0.010032629321605167
0.0002158574182543724;-0.007721622602858173;0.0016119740717379762;0.0063415524355880755
-0.0003591936642851423;-0.013698981170585623;0.009988043026140998;-0.0009466494198065292
0.0005967229459976893;-0.017613618282447497;0.012690159415450254;-0.008760178172100608
0.0034724173360102385;-0.017911439166015033;0.00968633934144682;-0.013343843588491045
0.008150743405742752;-0.014033750055308726;0.0034660261890681354;-0.011957679980701325
0.014011360385410059;-0.006823434316767488;-0.0025653712924466592;-0.00444116484109067
0.0200578117507831;0.0016501389066645074;-0.005835066989171154;0.006244227075027492
0.025152263594001578;0.008810976621613844;-0.005535715400103772;0.01506580931372264
0.028310799511898552;0.012553819366004883;-0.0024613123573019135;0.01731369312875348
0.028952743727559287;0.012002586862885923;0.00185280358981191;0.01119686512501802
0.02701058430470275;0.007656832975511863;0.006048694552885513;-0.0008773730380656848
0.02290179666393569;0.0009587350766058318;0.009466255617665138;-0.01332372040806964
0.017423487951878217;-0.0063175509229340815;0.012094303819123594;-0.02033223368707512
0.011590362523753705;-0.012495166307704676;0.014067385463973153;-0.019029715753845298
0.006396593368011155;-0.016189487766844896;0.015132148607386594;-0.010861164840672765
0.0025532481336601317;-0.01643665023411348;0.014607625507287602;-0.0004099761924797642
0.00034595650680427456;-0.012910643133097754;0.011991120694063464;0.007370951595901054
-0.0003048319115703462;-0.006193462904441478;0.007737264032487104;0.009670931714155258
0.00032326617597822424;0.0021327194740750044;0.0034464677397792673;0.006763483459236367
0.0018704668291410133;0.00980163965252217;0.001071765927590428;0.0012746212074683958
0.003927104593764213;0.014586373269818969;0.0015559466959937265;-0.003463211021878297
0.006075727714595985;0.015160650745299034;0.003914741465970613;-0.0050461132081254
0.007999600721330852;0.01171349394629135;0.005608869461582999;-0.00296057447341001
0.009583764394796917;0.005989085702070959;0.004112900642030343;0.0014170496162759765
0.010894360248523891;0.0006111114881982529;-0.0013598990689555166;0.005689111433866873
0.012032725182152967;-0.0021246753364683223;-0.009155159251645886;0.007707183332363284
0.012979761287071824;-0.0014276712679472607;-0.015932786362450036;0.006578258587004016
0.013518714160125752;0.001545306069607121;-0.018377602791258652;0.002918134573041617
0.013229584063281917;0.004337769169755318;-0.01490325806655009;-0.0016479447945850923
0.011570363686791166;0.004601841541504014;-0.006519964767679577;-0.005320702687413446
0.008124597891498766;0.001440877016481771;0.0035187761757900305;-0.006847868600974096
0.0029616511591301553;-0.004074491470499778;0.011155402182296175;-0.005922191955602267
-0.0031771445503510566;-0.009452734418297484;0.013411804387458587;-0.0032194542013535997
-0.009094112745778545;-0.012033498933647932;0.009767087866386599;-5.28419843094812e-05
-0.01360630706101758;-0.010263510858347922;0.002268755232289502;0.0022937632995025537
-0.015913627027191055;-0.004370077343535563;-0.005688644785493768;0.0032434350268953347
-0.015710298196902388;0.0038376283574878757;-0.01120397672277934;0.0031634538403775576
-0.013167243133478761;0.011845888355289684;-0.013231287507757193;0.0029477779991552854
-0.008904249482681799;0.017484439561681154;-0.012647450724819986;0.0032285516125410995
-0.003895335864070672;0.019655771629956707;-0.011097144418127812;0.003821872234045034
0.000777683024091816;0.01852689947057506;-0.009597882693699777;0.0038499245202351065
0.004259759495699164;0.015224121969503745;-0.008025278522609553;0.002465390748231733
0.006163624159439513;0.011202284785461966;-0.005768803593444014;-0.00035626475048412956
0.006584973986134348;0.0075497809738283295;-0.0027936468062252145;-0.003563440564485577
0.005921406252872358;0.004558574744127646;-5.0468217413276833e-05;-0.005552715547503028
0.004640690732924597;0.0018010813348516767;0.0011322238399841715;-0.005155408090860395
0.0031195555024663662;-0.001337746278284898;8.902143010874356e-05;-0.0024320841935720804
0.0015758297356366704;-0.005036790976257089;-0.0026225691448806144;0.0012630292723855893
6.783784802564322e-05;-0.008755985506033927;-0.005576405380968967;0.0040138074294138
-0.0014523900650494676;-0.011483195091284966;-0.007405766417716545;0.004435394349612415
-0.0030449254186476287;-0.012327841076822162;-0.007574973275602056;0.0024756894240458424
-0.00468915576314808;-0.011044961305380656;-0.006503949820941779;-0.0005482645141191824
-0.006247927723859633;-0.008141478990612586;-0.0050985331285481545;-0.0026996505111510877
-0.0075173054698712445;-0.004548489264091747;-0.004096828771992818;-0.002526228234320566
-0.008337110929015392;-0.0011776186287160032;-0.0036218650914321775;0.00010396357039286131
-0.008682972264365318;0.001302724329273221;-0.0031069784486145572;0.0038975847847019128
-0.008654086596486723;0.0024515898592414255;-0.0015986656165588552;0.006818076172414675
-0.008352814460477174;0.0020467888585912254;0.0016268029819463293;0.007194870030284335
-0.007770725011982916;0.00021445890937335082;0.006353855282655408;0.004674573615195335
-0.006815920475911109;-0.0024851326019121782;0.01108914442880665;0.0004831844073888645
-0.0054767456552853935;-0.005243171305479221;0.013556427786849064;-0.0032040830275800606
-0.003952450910198686;-0.007370679110780059;0.0119826764748055;-0.004489132856961721
-0.0025993928506015495;-0.008507023808859867;0.006392927016096111;-0.002855553907469396
-0.0017401856473990875;-0.00849761743306363;-0.0011221558778073293;0.0005706943336253878
-0.0015153008840495964;-0.007166031363464356;-0.007519982404243254;0.003787596213972105
-0.0018659203737758504;-0.0043236788076861255;-0.010535797221807947;0.005165805320461709
-0.002584374725440272;-6.414049042953697e-05;-0.009756502579648952;0.0043171109209044845
-0.0033661507741526825;0.0049508173192023604;-0.00635672049581896;0.0020722984540568323
-0.003881941095181459;0.009539615111935143;-0.0019455006461386291;-0.00024759235142439136
-0.0038779225189392572;0.012457962630021314;0.002377242170553607;-0.0016365423225880422
-0.003238542126833904;0.013018121292432756;0.00603395881824477;-0.0017720803702563305
-0.001966514981684057;0.011451332066468171;0.008339090439537617;-0.0009071450204699345
-0.00012855132112977365;0.008744929759980117;0.008176318498674152;0.00039535130930935537
0.002169250234187139;0.0060952048211142225;0.0046175231868038746;0.0014073367082720024
0.004778390337110518;0.004394706123503507;-0.001902702752330071;0.001315623600512015
0.007502303513951652;0.004016587148090568;-0.009005042698723846;-0.0004763505100263227
0.01008561149839699;0.00479862001533639;-0.013243276042263387;-0.003743750850617536
0.012212521500630165;0.006053327394802373;-0.012137462325026733;-0.006975540174105379
0.01356789158594129;0.006686623383850286;-0.005976345381872448;-0.007769193358706454
0.013967481138197891;0.005621573007989202;0.002046334109334422;-0.004334921009724094
0.01346291738878715;0.0024185138696786344;0.007660342003388988;0.002693687039380009
0.012326226380584145;-0.00236929854751069;0.00808907100600451;0.009695163982724823
0.01092939732233502;-0.0074448557146422345;0.0035342072226624117;0.011797360171928197
0.009597530436408735;-0.011428206829987563;-0.003289653437891313;0.006223559555437319
0.008482064857294812;-0.013387790371147047;-0.008856438459241361;-0.005107995045484493
0.007494673626067019;-0.012941276018677303;-0.010469263840394141;-0.016000372644848646
0.0063720028772206085;-0.010130144444416211;-0.007200191241243846;-0.01960149650594903
0.004869359518085472;-0.005401074895975244;-0.00015960667084892645;-0.012952135070876577
0.0029400638747609036;0.00030701181973384476;0.007898381863619698;0.0007091181740923487
0.0007588600575420061;0.005638831862226886;0.013729130232220086;0.013619752909683109
-0.0013899949614640374;0.00919657853027189;0.015175528963087655;0.01817445959230608
-0.0032400501510444595;0.010048404126885258;0.01227020575538705;0.011619498714422055
-0.004618985332086513;0.008083183496155255;0.007051496694645179;-0.0022097759624685313
-0.005471736624046481;0.004020978592899278;0.002208503932603383;-0.015155454180314783
-0.005828996104674787;-0.0009166283914208233;-0.00039597894850883664;-0.019576401715859483
-0.005744114953626776;-0.005492663883820038;-0.00035734193136903903;-0.012817460230758311
-0.005276837315423755;-0.008825162907237494;0.0015238905910295829;0.0013449702625100372
-0.004564595357148203;-0.010444563834543355;0.003844674101693752;0.015049195422846176
-0.003891498083540503;-0.010102714866579486;0.0052398878568388355;0.0209469984817249
-0.0036242888001160683;-0.00766378995451821;0.004998009896875712;0.016248555474344745
-0.004017392810415336;-0.0033237802765895383;0.003414881016236476;0.0039162671882079945
-0.005042594617342146;0.0020637213309925573;0.0015807240003578766;-0.009425507647023825
-0.006395368075127742;0.007072024204788225;0.0006737289957933011;-0.017330211426916542
-0.007675013079078105;0.01034901786586296;0.0012137838167572928;-0.0167807668622718
-0.008582080027003143;0.011337518920525112;0.0027226537914612926;-0.009225216040313644
-0.008973074758677937;0.01045763445000462;0.003980813361687428;0.0007463685453800483
-0.008770520544512958;0.00867436841180975;0.003767223886480683;0.008015887165955108
-0.007879445230282863;0.006893881739972602;0.001671374885304527;0.009406487839981265
-0.006231358174627538;0.005604590849200994;-0.0015556250718558682;0.004945570689973211
-0.003912030895108308;0.004809315051922555;-0.004392376335210844;-0.0024443762883607735
-0.0012453443840029985;0.004098245825856346;-0.005456204357201491;-0.008526129655212872
0.001225626020289225;0.0028154517022;-0.004340663300329706;-0.00984661742107236
0.0028376239013573478;0.0003744775471269734;-0.001843495237049463;-0.005440574000840322
0.0029623816746157192;-0.0033316989301034492;0.0005536631444125999;0.002629342396782659
0.0011984772484090024;-0.0076676308713054244;0.0016239961985057112;0.010219480292690646
-0.0024631896519154268;-0.011390871234808551;0.001151528044501058;0.01320277184621909
-0.007578941856348569;-0.01320350825211737;-4.727862447941087e-06;0.009744968729435444
-0.0133170215905752;-0.012427328164933178;-0.000577497557729201;0.0015213123460237608
-0.018617850982858807;-0.009378814241524997;0.00022933779703025384;-0.006982634306491314
-0.022426841752232928;-0.005202039227552189;0.0023092675777742445;-0.010924820634832424
-0.023958028391434988;-0.0012953508550013087;0.004899172222530151;-0.007985513596502508
-0.022882124858497416;0.0012832850215053389;0.00716316661001029;0.0001463785869043912
-0.019347895011345467;0.002150409877144282;0.008585755579990915;0.008742939048133823
-0.013874128888881595;0.001641832436132148;0.008923438699662715;0.012912650523526784
-0.007226314051094567;0.0005966576571130581;0.00790649805631234;0.010535788316711451
-0.0003212721823290071;-0.00012224351545292005;0.005120353055429731;0.0034041882006079446
0.005888243923030592;-0.00017786810932083054;0.0003355591292623549;-0.0040608900713826
0.010577934618042852;3.480040557986558e-05;-0.0059116081795086515;-0.007587171621113587
0.013216820625292357;-0.00026770628583685466;-0.01206121434184873;-0.005545833885886514
0.013665806951230314;-0.0016429038724684174;-0.016011126325475317;0.0003063501188054258
0.01219150474252304;-0.004000473392254521;-0.016141885554129685;0.006113385460168823
0.00940802036916958;-0.006581542363721199;-0.012216333679295284;0.008269517526754377
0.006142410807638132;-0.00824142813996973;-0.005561548887911656;0.005379443737694863
0.0032202970293182145;-0.007860260855554649;0.0015588099480797445;-0.001165156637121083
0.001227397339456979;-0.004761907571174291;0.006951616774893947;-0.008069780895010838
0.00035013887126337964;0.0009507991662139224;0.009296655044652552;-0.011845148506640098
0.0003588429120632877;0.008252613220802877;0.00844414032174163;-0.010481556714057403
0.0007151129072659879;0.015362981278309084;0.005284206011677806;-0.004380980006086217
0.000753661154288771;0.020277917552385782;0.0013894453411670336;0.0038107195248041517
-9.701983985952364e-05;0.021522978159228413;-0.0014840021360452988;0.01037933909747806
-0.0021022361791050975;0.018769907049746237;-0.0020377255407812668;0.012227564076559295
-0.005097909649653115;0.01296621786235145;-5.746441639221547e-05;0.008328342609883879
-0.008520830157495274;0.005891186701494249;0.003382729551389055;0.00022738861428437768
-0.01157707977108621;-0.0006259910067773356;0.006444210353719672;-0.00870833162426524
-0.013465731952150789;-0.005404566216333037;0.007527100870251646;-0.014898109427442956
-0.013575129097356147;-0.008161239163484305;0.006047948592368859;-0.016105729690766343
-0.011613705066947082;-0.009242323067456756;0.0024768918780893423;-0.012163346852770988
-0.007672739097423236;-0.009123684270454676;-0.002209616826139504;-0.004708151811290122
-0.00222666502171574;-0.008079109674387068;-0.0070435130174311454;0.003655791967602042
0.003928429197208237;-0.006208784044581094;-0.011118802554972775;0.010274342091562477
0.009808758141452694;-0.003703378758011189;-0.01336921710774904;0.013196925538438103
0.014460272569305214;-0.0010667496692661118;-0.012650357877334996;0.011722843062916223
0.017216486128168684;0.0008993483237872785;-0.00842611794827379;0.006669960899780883
0.0178683379101239;0.0013436846656732506;-0.0016151997996443047;0.00018846928321923471
0.016629374655794806;-0.00031613401711256563;0.005290237786126738;-0.005003846091426778
0.013935195644833238;-0.004163591712048752;0.009294589720932929;-0.006784701130957407
0.010254368352247197;-0.009667054794547365;0.008587509042767559;-0.004650173718735794
0.006041034884462034;-0.015639202147320508;0.0035957022524714813;2.178456922361641e-05
0.0017880897567159179;-0.020351234875100044;-0.003452986899955928;0.004716499188215637
-0.0019570025103192814;-0.021994512904040496;-0.01006903317352393;0.007143652796996426
-0.004687638745424679;-0.019503811594411655;-0.014823079510919041;0.006380910288935371
-0.006086998218417038;-0.013336524860647425;-0.017417648255558627;0.003123915631034276
-0.006114467048754696;-0.005592207887679528;-0.017749658128237412;-0.0009775059362872474
-0.004978318145324913;0.0008080144436824196;-0.015206524404383847;-0.0043114964663160445
-0.0030462590397230082;0.0035040075829174894;-0.009126523169633962;-0.005965891436177397
-0.0007583915593847567;0.001837436430801017;-2.6982050029492644e-05;-0.005820302235990652
0.001466221382022639;-0.0029036305869497613;0.009749481433075037;-0.004273707903164616
0.003356598920012493;-0.008200517124388497;0.016886805857241415;-0.00192249007944024
0.004898721523419601;-0.011481628156784053;0.01896540101674322;0.0006517592972771989
0.006335506283216607;-0.011145417657557274;0.01589305354223744;0.0029806448776623635
0.008038053487652153;-0.007115382463399392;0.00980075931967071;0.0047294669224790895
0.01029822242513297;-0.000917399086961314;0.0036045480253455633;0.005660275109047393
0.013101067358333532;0.0047120507300462315;-0.0005665643727118353;0.005564327289240058
0.015970362476068936;0.006753264449868176;-0.0020136864730707746;0.004236397839694559
0.018039119965871077;0.0032593364571439896;-0.001112231791941149;0.0015854266802797167
0.01841141319993536;-0.00538520647024977;0.001288194627127061;-0.002121024320905048
0.016626570088488044;-0.016110679830183043;0.0040514279850994645;-0.0060607362307900795
0.012890768757330875;-0.024242495392760865;0.005662309351808135;-0.00896213615837574
0.007933330768635083;-0.025672219886857715;0.0045099525943377485;-0.00959651264747098
0.0026773781257988915;-0.018912294662554865;-0.00018701294814337693;-0.007430386394770088
-0.0020128496759501974;-0.005789256792034468;-0.007457141456814915;-0.00301279965925955
-0.005469192787792367;0.009560949387634824;-0.014673467887025745;0.002206119095982312
-0.0073475666709956556;0.022663369310945505;-0.01894210801793762;0.0065479732114611215
-0.0077244984204202765;0.03050156672937164;-0.018825494721331174;0.008843812443354523
-0.007015733742919047;0.03235557276260831;-0.015023532911002845;0.008770485210134616
-0.0057091202175831805;0.0295476555930623;-0.009508545895837306;0.006647556997551668
-0.004112174449968417;0.024470191361885836;-0.003927062852491508;0.0030156468366443726
-0.002292265385555021;0.019449102025295303;0.0013661673514494311;-0.0015074201193758167
-0.00019465090034444487;0.015895450761591413;0.006900571292693208;-0.0059368762296282945
0.0021891220848610014;0.013977522078672764;0.012772718650010326;-0.008639201006758
0.00470879240068819;0.01285127711651699;0.017682935282055594;-0.007745645458039126
0.007054004581287572;0.011328130625732005;0.01934593809947826;-0.0024457200589740064
0.008871199246755196;0.008669793676135268;0.01613158777903085;0.0056302348596840475
0.00993778461183364;0.005065505555203835;0.008594346792473933;0.012317303150514266
0.010276829983420948;0.001491996677851394;-0.0005188569242771048;0.01290169217268991
0.01011592231687944;-0.0009098002452331296;-0.00784986220432277;0.005337219954683196
0.00970256728233431;-0.0014585248213213025;-0.01121299005983631;-0.00756939630108408
0.009113022666216535;-0.00017486883404145822;-0.010225708756815347;-0.019004012998085414
0.008207512152650694;0.002332372653677573;-0.0057747431928081875;-0.021983356540180413
0.006752946605370644;0.005098286887534316;0.0007349945095991181;-0.01386498473109876
0.00459454950496725;0.0070578369426854025;0.007721426358753658;0.0015130171291168823
0.0017596467619895037;0.007380824952645313;0.013516866144380723;0.015672031105921146
-0.001533529663253641;0.005828964086888806;0.016586331890672632;0.020354094538909566
-0.004945581718449277;0.002909690552987861;0.015893784322202287;0.01250340093295093
-0.008135660501699268;-0.0003332433594708344;0.011187024025230781;-0.003656734396735892
-0.010857959550078265;-0.0027951587847920268;0.0031499533512746192;-0.01879600450853906
-0.012958645327072674;-0.003767778446697156;-0.00646549534204776;-0.02375939625315743
-0.014306304570573778;-0.0031381162447013016;-0.014920210228461656;-0.014934581260885302
-0.01477991489235845;-0.0012891886126963222;-0.0192599279767593;0.0034813489961613596
-0.014356969212422912;0.001172848124094388;-0.017731371260197346;0.02172779972452679
-0.013191843269008643;0.0036979409035135876;-0.010879958704105536;0.02995661364070542
-0.011569330958659607;0.00592339242684951;-0.001355432942308778;0.023727665169487586
-0.009762745170427224;0.007576232295420845;0.007475103115351206;0.006362713108826363
-0.007928103594413658;0.008288325477608697;0.013104983484492842;-0.013045044598032931
-0.006119567035466854;0.007653437031487024;0.014753874138165809;-0.024610016741588615
-0.004386105019263775;0.005628024939638357;0.01325504943775167;-0.022743213146398204
-0.0028344442501632653;0.002865519755998424;0.010222909075867483;-0.008727556869402044
-0.0015895830354687127;0.0004791927972361882;0.007058644681599782;0.010277436480843607
-0.0006975455276613842;-0.0006946530797832755;0.004369891484182836;0.025006452208432672
-6.664278214502593e-05;-0.0006907507325389242;0.002018880065566949;0.028607131589168402
0.0005097724380813068;-0.0003422106176998614;-0.0004559118391034738;0.0197255444781191
0.001279207273762923;-0.0006391476074064827;-0.0034458393418802737;0.0028399153422477555
0.0024524994738128096;-0.002062839093584875;-0.007098208208692406;-0.014106666556708336
0.004145549798606038;-0.004361071008401741;-0.0112940940697712;-0.023530835688088787
0.006335647497299103;-0.006816078019791449;-0.015610488938402759;-0.02168958557878928
0.008824146438390393;-0.008706873577760796;-0.019199937266719102;-0.010229437353049748
0.011224856594123249;-0.00962788865248442;-0.02076154157524191;0.004871792861260096
0.013024818292494071;-0.009531323311979025;-0.018916168557735775;0.01638981882026827
0.013742255202934586;-0.008581350073040702;-0.013036010849097737;0.01939263766724069
0.013137103223710471;-0.006996908501517267;-0.004037356958502473;0.013452562518119323
0.01136862472300699;-0.005002974413646099;0.005581728461683735;0.0024537586154444475
0.008991585787918362;-0.0028690802478222237;0.012732458664391284;-0.007791774102592819
0.006747890584136061;-0.0009216083445995852;0.01525192636744414;-0.012696780150010693
0.0052205947762944275;0.0005253009740614451;0.012987390971049872;-0.011001962802343815
0.004515544802388064;0.001254449541129938;0.007739684766156895;-0.004766639265137573
0.004149817011122828;0.0011648954671373884;0.0021518163721405614;0.0023858280189271376
0.00322508367772985;0.00024407814098157424;-0.0016473342389161454;0.0073621287043980944
0.0008095119433746451;-0.0014166331524097476;-0.002771069809577521;0.008730498999164622
-0.003649947198788929;-0.0035330368693779085;-0.0014267615154760298;0.006596739269994841
-0.010062154414117602;-0.005579773963906812;0.0016076540458323566;0.0019085631345893517
-0.01767312538622107;-0.006934155858074542;0.005222010585217668;-0.003986089276905054
-0.025286622740202068;-0.007181228657462221;0.007889163248986662;-0.00938109447807623
-0.031617444470286644;-0.006330999009279425;0.00788864640444798;-0.012379135130138084
-0.035616723564064236;-0.0047507985983832;0.00423648213415627;-0.011579679069180214
-0.03663815950276458;-0.0029104192204200694;-0.0022565042305584893;-0.006948607531014941
-0.03443620514839282;-0.0011846092825078226;-0.008891777212427404;-0.00011425866729402897
-0.029116833702634508;0.00021147078298532562;-0.012404778288651384;0.0062902775030579065
-0.021159670728862056;0.0012229860474695458;-0.010937665160030878;0.009895089542015813
-0.01148602082983401;0.0018614309040142635;-0.005251367638531534;0.009709628762895777
-0.001430225768398528;0.001983891112165482;0.001742977850704698;0.006443979156277516
0.007480997583790136;0.0011985520577595964;0.006823131225550346;0.0018967393022021515
0.013888124773766282;-0.0007937687135652554;0.00836057374295536;-0.002151411446536821
0.01694714343200648;-0.003614813487707049;0.006987705065731984;-0.004807983455991448
0.016529697534147146;-0.006032311136356272;0.004710632949724212;-0.006195829414430095
0.013211708101769179;-0.006574712144215473;0.003312492610833787;-0.00691333738337588
0.008063129761126057;-0.004563124386488623;0.003272528553320171;-0.007353572430910556
0.0023136655255519925;-0.0007314025254040531;0.0038247453815522113;-0.00738284326534304
-0.002988999799377511;0.0031132819005083483;0.003848040858049221;-0.006513443459795496
-0.007209375197517492;0.005166473861507432;0.002758629316643439;-0.004357672401073374
-0.010169393174317138;0.004629253403409536;0.0007513677858179091;-0.0010300608841356876
-0.012016455891772583;0.0019465813996949223;-0.0015999137445026036;0.0027436475231720388
-0.013007157374408548;-0.0017280378052990494;-0.0038184103125344067;0.005870123633790179
-0.013336785771977064;-0.0052674455489482306;-0.005602667619545236;0.007362928194885307
-0.01309647905636861;-0.007939687090203134;-0.006609409666560801;0.006799023183670414
-0.012338511473640698;-0.00933424508992737;-0.006383119348685431;0.004508521899611645
-0.01115776473207495;-0.009204645899387336;-0.0046152530392506415;0.0013974951676012902
-0.009704144783824092;-0.007539149676434115;-0.0014618622199358302;-0.0014921113674308383
-0.008109306306783358;-0.004754941113243306;0.002431129110176059;-0.0034341437643358188
-0.006385992521476985;-0.0016690801937194622;0.006198574826308953;-0.004211035505603306
-0.0043870899690922035;0.0008673944466156682;0.009011284494556427;-0.003938507574030678
-0.0018752102658334095;0.002397299249560902;0.010125716451994643;-0.002713615552806007
0.001321252758617326;0.003001268851432821;0.008931426495041944;-0.0004805362575484789
0.005150305597611059;0.0030878154114636186;0.005302589621166115;0.0026583324891266517
0.009269857565951601;0.0030447641672895413;0.00013851246220248934;0.005938172955808023
0.013121832473489433;0.003013749391539646;-0.00451750817503637;0.007831594910452808
0.016123371740100246;0.0028888656324718483;-0.006304179849734192;0.006745582042272056
0.01787979308562123;0.0024540845598398043;-0.004055001100143471;0.00222282490950825
0.01829848835995501;0.001507562423073984;0.0010855292433056523;-0.004257022217246963
0.01754429740025906;-0.0001019222591742012;0.006037584254716316;-0.009713252227625925
0.01589577472149191;-0.0024679536565443325;0.007709912462946791;-0.011325478413165828
0.013633395459111176;-0.005534631285019287;0.00517800251045499;-0.008277278457556166
0.011038971909078689;-0.008908213215497124;0.0003707194966162782;-0.002409119480468178
0.008457420358637367;-0.011749006473141347;-0.0034263647636053993;0.0029115975579456005
0.006301537695688739;-0.012979492262744335;-0.004119788618628526;0.004939298212380563
0.004945960042420291;-0.011825886065450509;-0.002306208024576868;0.003154046499678939
0.004579891978856739;-0.008365439476386346;-0.0004924163324700863;-0.0007659900064093152
0.005121702299770453;-0.003647461071733879;-0.0008046618229265369;-0.00435306845057674
0.006222527041006028;0.000749721486125206;-0.0032254180477475883;-0.00588716469397098
0.007334712158203947;0.0034547839991630096;-0.005797337885814847;-0.004973093292473148
0.007861182461926974;0.003920905535763772;-0.006418096169074686;-0.0020964246154631617
0.007405060960841958;0.0026641828211882903;-0.0045458774342776636;0.0020584882923680064
0.006007640139329624;0.0010599289696871766;-0.0014451640702787976;0.006799927396517392
0.004171763548400345;0.0007708625051262219;0.0009712900652621971;0.01111989190477386
0.0026245259212103016;0.003014752819841535;0.0015392863264565891;0.0134656261689061
0.002010213761059751;0.007970966310556665;0.0004002889994677652;0.012127170430167951
0.0026819245381096393;0.014566670268002463;-0.0014344269458654946;0.006239091360956022
0.004559904057867902;0.020721270655620575;-0.002880039510175898;-0.003164016681598128
0.007042149262542724;0.02401088008095864;-0.003273776917028647;-0.012826837567950063
0.00915378761372318;0.02263568292895729;-0.0024469779512212137;-0.018249055344675233
0.010029412679273346;0.016389995581773936;-0.0006710729963379256;-0.01585930369957123
0.009405483163113813;0.0071025867479612564;0.0013492784118066203;-0.005421424778758467
0.007677280989450944;-0.0019204060967789507;0.0026247636206714036;0.008851953004913376
0.005528252565051626;-0.007355577091886485;0.0023326417725411217;0.01967916121538288
0.003568956741834157;-0.007433987428418749;0.000308690631941733;0.020435626208020023
0.0022445885736345544;-0.0026513037025207424;-0.002813732409830803;0.00934217850991953
0.0018263507555813137;0.004779123591038007;-0.005828498323009916;-0.008629724353084053
0.0022851304439555765;0.01223976339869548;-0.007315138491957702;-0.023860652319147666
0.0031989363310807512;0.017850088659048524;-0.00611660311438788;-0.027404908772391195
0.00393731839116362;0.020824413186657547;-0.0019953189352959304;-0.016455384910754968
0.004046306189763304;0.02114879606395472;0.003862049235386502;0.0035155068205820162
0.003514162959545233;0.01910189651276167;0.009057323503080235;0.021516671653794013
0.002728968012216188;0.015022200350177137;0.011045299751777699;0.027266283554660098
0.0022053221393197697;0.009348027847762846;0.008455382519927541;0.017255516899046162
0.002279831560652245;0.002716254343346564;0.0018108585110835462;-0.0029860026120137858
0.0029509854094365404;-0.004055711297693382;-0.006717185990955623;-0.021882206889000107
0.003936378312835541;-0.010089372778904319;-0.014167077910395095;-0.028425296342709218
0.004868131092807662;-0.014559681369171787;-0.01775875852692714;-0.018560361684199625
0.0054584668642410185;-0.016790915735511242;-0.015839973851000402;0.002461642472712458
0.0055480888287845875;-0.01638828427388869;-0.008685977448290054;0.023154319240833172
0.005094813583094628;-0.01336801855641627;0.0013624298626104027;0.03238474471484347
0.004181580208382757;-0.008194410384776165;0.010832536229629715;0.025515769241925057
0.0030309487360800588;-0.0017373475369767577;0.016686318896996493;0.006583594374840081
0.0019615345426179597;0.004804023115017799;0.017509942480644174;-0.014444544926229963
0.0012684914438817984;0.0100983848393348;0.013723854389946328;-0.02733478155666107
0.0010864218918008037;0.013074176609658882;0.00701047955217036;-0.02673963001585512
0.0013236505303896222;0.013318681454699622;-0.00048565825151337694;-0.014212616708191987
0.0017138938297485574;0.011174751568415806;-0.0067789803983444325;0.003393661840503673
0.0019464150423816704;0.0074767830166637015;-0.010371218258094768;0.01771207128288143
0.0017883183897522477;0.0031760492682478578;-0.010404111624614656;0.02269778534350838
0.0011413781233201238;-0.0008919862977527498;-0.006834770686818622;0.01687139740615548
2.54350725874023e-05;-0.0040838731913813596;-0.0006785696427781715;0.003382845058592114
-0.001501265612059115;-0.0060207488225124065;0.005929787361155999;-0.01169483378725676
-0.0034528870520822126;-0.006738484465939645;0.010231393105310854;-0.02191936441705384
-0.005973186331186527;-0.006785560101228447;0.009988886145721661;-0.022955052352722317
-0.009249550415402014;-0.007043925717782892;0.004806892487123931;-0.01424606119629204
-0.013311717104471082;-0.008241497321676589;-0.003252459222124496;0.0006794259430855628
-0.017878647513525317;-0.010457516087996173;-0.01042268199278686;0.015592654021929197
-0.02238916672439561;-0.01301784157983788;-0.013170765402551868;0.02433108057114702
-0.026180548964170047;-0.014885123653184486;-0.01019339863322808;0.02376771866993196
-0.028679853082647047;-0.015246072086212002;-0.0030937658434934436;0.015341974901213883
-0.02953026155010025;-0.013864073601546727;0.004788150988506433;0.004104533804259201
-0.02864344316532268;-0.011009360722177168;0.010516625102764226;-0.004267995994650998
-0.026165911221950198;-0.007157592149019604;0.01305644140519398;-0.006649900720031718
-0.02237603120276908;-0.002779302560689275;0.01312081735558471;-0.003848922729352149
-0.017610857783891598;0.0016563176478418143;0.011787489280768173;0.0005316931774951185
-0.012300867422123708;0.005564101281696452;0.009263968969168698;0.002777867307241688
-0.007035064358034432;0.008168381702280571;0.004874615409918907;0.0014264997324070841
-0.0025056667074071564;0.00861175807829651;-0.0018722127708055186;-0.0021304276245613187
0.0006841303807948773;0.006298128924390017;-0.010241415110932567;-0.004939036710420343
0.0022071509903754515;0.001292558517218573;-0.018248425878205243;-0.004620482772265568
0.0020790566087425066;-0.005535199045288506;-0.023674698724445734;-0.0009300988838305927
0.0006289518360257461;-0.012742523147509746;-0.025233943849235486;0.004146182467002968
-0.0015642257318973687;-0.018730592059400118;-0.02297146673300854;0.007680652128893818
-0.0037824178671662114;-0.022092538611925578;-0.017763648870070595;0.007624208047080226
-0.0053547125711438945;-0.021826091794360857;-0.01057763285623222;0.004073023352770828
-0.005857995375231632;-0.017516454211024983;-0.002229615302009972;-0.0007494170164109783
-0.0052234751705154256;-0.009580893207156035;0.006262284958738615;-0.0037837379208043764
-0.0037132291138486416;0.0005224949211558345;0.01333843384444439;-0.002951397008983456
-0.001814289668680043;0.010416491472247864;0.01722547146018907;0.0015570106381335254
-9.715791469681184e-05;0.017485636456365992;0.016907050862505643;0.007270447836779591
0.0009431284021676382;0.019922640942639656;0.012986680067461048;0.010734057974428463
0.0010318095164700508;0.017528349216785293;0.007640611777237013;0.009418817091519127
0.00019278287522104506;0.011726621554608959;0.003545164374291278;0.0031750283939274526
-0.0012697162390757782;0.0048009766387957006;0.00247307085969335;-0.005639603390436176
-0.002873427026172628;-0.0011386022129070378;0.004484590401510685;-0.01345726283037469
-0.004103540217292469;-0.0048809719847701955;0.008131001989423323;-0.017390961200538988
-0.00454878426016059;-0.0062522137988981815;0.011348968889737895;-0.016494596618122415
-0.003983712332135939;-0.0057681711552352724;0.012397326792262766;-0.011712609452638415
-0.002389018532464715;-0.004138444489136047;0.010408334954651582;-0.004883691436844372
6.111070620148918e-05;-0.0019543103558034903;0.005522513805503234;0.0022432427004925545
0.0030202613740096676;0.0003255892580399956;-0.0012250963443864288;0.008343673719566768
0.006015478613113539;0.0022419051363599253;-0.008169806921044399;0.012338877141017094
0.008546351660213653;0.0032895848767419706;-0.013462468586749942;0.013283345482587135
0.01021497821198252;0.0030429375246559805;-0.015666090138236353;0.010688473712531042
0.010810333374241527;0.0013275329198067759;-0.014281493120318647;0.005087371745927885
0.010305944479059546;-0.0017133502844205218;-0.009915048040630196;-0.0017272521970237854
0.008818297484458178;-0.005669932664126011;-0.0039840675282161574;-0.0072072669121022725
0.006581986517132345;-0.009941199639324605;0.0018598662280584523;-0.009163542219834592
0.003921324359588557;-0.013786891082747083;0.006273318753799458;-0.006873406332472405
0.0011825690892893102;-0.016408118920614553;0.008536637611844184;-0.0015213463283709453
-0.0013313064851745407;-0.017115588798058325;0.008662595555121416;0.00428402060629951
-0.0033625995394463816;-0.01555950941415739;0.007360683288951283;0.007659221981709178
-0.004672848976895624;-0.011919895284445734;0.005789616826921729;0.006715622967896054
-0.005075180725203022;-0.006952027550931584;0.005004323537457972;0.0014179799137124837
-0.004521765727228938;-0.0018427142145502726;0.005271566212319007;-0.006309442972316336
-0.003146256075678374;0.0020969604499860186;0.005752086707238979;-0.013311696473947279
-0.0011910790291945034;0.003855463328488276;0.004955283430806503;-0.016536961942301073
0.001142142894375812;0.0031891479087516406;0.0017778497206294675;-0.01443364625596061
0.0038055711903384488;0.0009358563821906432;-0.003631477181441123;-0.007737024447480898
0.006885350964757507;-0.0011448633510484174;-0.009861083728297408;0.0008045223803392182
0.010463456738813427;-0.0011662173585088535;-0.015025747934764619;0.007668359094137342
0.014474463172413514;0.0017619077795640132;-0.01762816234433477;0.010130212847452871
0.018628528414265485;0.006786144323968205;-0.01685619376083022;0.007412749422733029
0.02237549170100918;0.01153964838692411;-0.012397695129242542;0.0009745258378069769
0.02493336389863721;0.013326155823161557;-0.004367362952720255;-0.006083914224981153
0.025504068619702166;0.01059252896394738;0.006311188703857848;-0.010284728827279575
0.023669163269919496;0.003849747816082733;0.01744616511921345;-0.00933208598822897
0.019689049911778285;-0.004452377314357994;0.025815757886552534;-0.003351333135903308
0.014433115330965836;-0.011009172960359881;0.028440457069325912;0.004916713440193038
0.009002750491862136;-0.013127538484274786;0.02424994622705697;0.011321145999844594
0.00434892435602827;-0.009841533865787337;0.014906077167008598;0.012449406569105377
0.0010689771901230005;-0.0021862851674174727;0.0040109713900129285;0.0075540070495807845
-0.0006582025451392842;0.007375232671578869;-0.004839736635533377;-0.0009223285852532922
-0.0010631279701172652;0.01597238955760623;-0.009800638991928592;-0.008620792689545282
-0.0006686160912860122;0.021321141941616054;-0.011193207872658316;-0.011649163787329227
-5.4645724753665234e-05;0.02240592640413187;-0.010553299062027418;-0.008697878451421519
0.00037623016695147155;0.019717130596850874;-0.009227151704811434;-0.001669986031328708
0.0004922553428750899;0.014950275142571988;-0.00757281845660875;0.005499276162849447
0.0003717234482275439;0.01020307960345915;-0.005179406984636262;0.009088724478113727
0.00018767404130645872;0.0070093455279045865;-0.0016846976637011882;0.007575953572393964
0.0001236132846514523;0.0057480982509775765;0.002573405544173672;0.0022600271151443116
0.00033124804982193073;0.005768904754699725;0.006505342046258393;-0.0037274904773135116
0.0009105046125789182;0.006081887474432787;0.008692396608646452;-0.00733265115282107
0.0019071729701726676;0.006092617296267902;0.007919727182535538;-0.007238363039330752
0.003324447836963654;0.005902627344099608;0.0036206371236982816;-0.004344835971342697
0.005121954052620738;0.006049229527294197;-0.0037524187279001538;-0.0009380631654266992
0.007176714247859661;0.006930015941986828;-0.012472023321894265;0.0007979745361394597
0.009228274254470748;0.008334187627954168;-0.01969552969865219;3.4072964967691605e-06
0.010880780914818877;0.009418208142183837;-0.022371359694011616;-0.002523037873791161
0.011715293725814067;0.0091647130415205;-0.018726690755925198;-0.004958059424068803
0.01146899791726863;0.007026689789531076;-0.009489807431842037;-0.005651465864649222
0.01016514717094066;0.003323446999338642;0.0020990949036425155;-0.00419657024175663
0.008115925569207618;-0.000874534565546471;0.011683129791824476;-0.0017019369511919607
0.0058126135977063535;-0.004284315401580763;0.01583502476611512;-9.209543918022594e-06
0.0037569244809852655;-0.006001335324393807;0.013657712832953662;-0.0003060713575470127
0.0022830455066571082;-0.005766933683676252;0.00717832645056284;-0.002108437825880978
0.001433926334820596;-0.003834859250624857;0.000332364817856667;-0.003418855844578036
0.0009587517796448507;-0.0006916926186003872;-0.003096561087161005;-0.0020505832497591816
0.0004360749611908753;0.0030786526154451374;-0.0015976923986446782;0.0027311480695772204
-0.0005500155607203939;0.006762607855169536;0.0031917544069363477;0.009346990179675977
-0.0022605143394798725;0.009532013729219559;0.007586983951038701;0.014453262113244226
-0.00471723991619476;0.01067531888150112;0.008288999080722994;0.014705010807201338
-0.007700826952758526;0.00995041524620063;0.0044329513223513835;0.008818025282318388
-0.010837670700789843;0.0077577334626214665;-0.002183128642763118;-0.0012483206139735008
-0.013741242427616703;0.004906005308944359;-0.008626675668093452;-0.01084131793747023
-0.016131582889476984;0.002080054303667529;-0.012707690093488969;-0.01489286868260199
-0.017875961292501467;-0.0005686576751418681;-0.013837831890260471;-0.01085083841182157
-0.018963353430385434;-0.003330456374478777;-0.012676772997809694;-0.0005327475951999496
-0.019470068434989152;-0.006389098278391426;-0.010308176778323602;0.010464795591299167
-0.019546404087238085;-0.00930266454235209;-0.007648807973735981;0.01577153121082334
-0.01939299970950187;-0.011031711839836703;-0.005279438177064579;0.012019953625029466
-0.019184622497919624;-0.010579376269598735;-0.003529446471720813;0.0010517498619500285
-0.018967389984877715;-0.007749567087286865;-0.0025228148657587624;-0.010941736456857611
-0.018621568434569184;-0.0033855821939364683;-0.00200592228899713;-0.016927623934676596
-0.017942678950503402;0.001104467205477883;-0.0011703490506817953;-0.013096680552048094
-0.01677712318548461;0.004507425899904383;0.0010552667184130097;-0.001062666648624742
-0.015099274879561263;0.006245871191818145;0.005157618168401717;0.013076168297526782
-0.012990914163112426;0.006301130104501514;0.010266938016936662;0.022202003638193954
-0.010573238346540227;0.004907848457586923;0.014235726189352963;0.02206988678528603
-0.00795088071114891;0.002382326558592254;0.014674017113859388;0.013356961490697854
-0.005191362409460969;-0.0008491218075858164;0.010293934172209777;0.0008641256513117919
-0.0023434238790946294;-0.004213159202188209;0.0017536346902616512;-0.009345433935828037
0.0005121036254822855;-0.007093627906824367;-0.008438563562208734;-0.01305036360297175
0.003205698324662878;-0.009007450448545474;-0.016899261271721058;-0.009620695583831032
0.005460716904802301;-0.009697350001195384;-0.020774512810733094;-0.00180813014127021
0.006947880810434981;-0.00912975198276474;-0.018935164940009155;0.00600852674159448
0.007408086003421421;-0.007509927697023003;-0.012409128588174884;0.010089320359004735
0.006788982539897379;-0.005330583557173871;-0.0038447834919747123;0.008988686606812693
0.0053166803839748075;-0.0033218174948686737;0.0037287586612222336;0.003897538234228875
0.003451478954763102;-0.002218988957874987;0.008203271233628783;-0.0023112146679479815
0.0017443291666575252;-0.002449461185623891;0.009075516576598986;-0.0066827890337255325
0.0006723628875808325;-0.003918548198974049;0.007217918747611503;-0.007561921648843447
0.0005360410189007856;-0.005990743247526961;0.0040085468068418026;-0.005139265173771379
0.0014401661193405091;-0.007662311755596317;0.00046312353188897754;-0.0010431258432650695
0.0033125312289154296;-0.00789761045275726;-0.0030436385107004433;0.002667665812129413
0.005904960628913769;-0.006072154026276554;-0.006333029877451976;0.004516409340822624
0.00877684354406119;-0.002357766220104696;-0.008707216236438156;0.004136137752183105
0.011313726222555604;0.0021857669400144383;-0.008722573573837199;0.0021728814015122854
0.012820070062567076;0.0059255993491872435;-0.004915469789172098;-0.00022488848365635836
0.012667566826969888;0.007239748246187751;0.0028508835122260092;-0.0019911884764845754
0.010452568675116925;0.005088979123939825;0.012460185331862366;-0.0025645277939949974
0.006132836368353648;-0.0006280176627773188;0.020020458611080885;-0.0020592177223759437
0.00011885034120486756;-0.008972528454593853;0.021784071571722227;-0.0011541757555907132
-0.006730048532606318;-0.018092026679294285;0.01640037333741532;-0.0006969005391425336
-0.013256198699479551;-0.025615092927291368;0.005954183060854062;-0.0011419895072626808
-0.018293429847092833;-0.029354995418517566;-0.00506367444862518;-0.002113809272048799
-0.021002104678588197;-0.028167697416053506;-0.012282411726452273;-0.002438549501933697
-0.02111016722532796;-0.022560090286665353;-0.013784910962021819;-0.0008079192904364217
-0.018958816945472624;-0.014599736421540584;-0.010695037227335433;0.003176947316253646
-0.015344464392376548;-0.006991712033500849;-0.005806901341301142;0.00825980982188063
-0.011232602764752627;-0.001748921347877105;-0.0014958063726802564;0.01179969891927674
-0.007461245083515756;0.0007396130938774534;0.0014909409846932842;0.011180104829878405
-0.004544069185177218;0.001645353338996637;0.003730940487961929;0.005567672184925909
-0.0026206812936830845;0.0027168563419027146;0.005995815454210805;-0.003226832668253788
-0.0015208433659517232;0.00505279635923674;0.008431198616620998;-0.011518944400577966
-0.0008811164515479105;0.008434003822342787;0.010558760251426224;-0.015731471242250293
-0.0002817236292891801;0.01161314160915696;0.011749812461713435;-0.014308226818749851
0.0006098040378763467;0.013266595940167684;0.011581133567146679;-0.008382050465668584
0.0019272135416378005;0.012833847644655044;0.009901616572210243;-0.000910102601793627
0.0035835596243759447;0.010655077969272892;0.006875681608115193;0.005034883872755476
0.005349503183350194;0.00751322571140713;0.0031900786761858784;0.007722408382502576
0.006963567799663842;0.004170031019930261;0.00016843308196322481;0.007222674054713442
0.008189752166843478;0.0012785068187795455;-0.0006408229943981619;0.004860948672827888
0.008816223439989453;-0.0005096042524047413;0.0015731048790407222;0.0022275179297602025
0.008670076986484193;-0.0006431388845618329;0.005985221097907125;0.0003654649926206259
0.0076997588138969855;0.0009596458438082547;0.010131563945786659;-0.0005393954993900652
0.006069672680402384;0.0036450478577564147;0.011117235938104743;-0.0009607336317546763
0.004156698547531917;0.006220783282700767;0.007412773807294412;-0.0015164848465209612
0.002416709522660297;0.007528289645743806;-3.3073501563659406e-06;-0.002444139994421008
0.0012144831471426634;0.006950630304625526;-0.008061157182064913;-0.003396360952719798
0.0007352203559514244;0.00454765921495975;-0.013326257712550686;-0.003722147435187472
0.0010026410922674431;0.0009030996420532218;-0.013801461108723916;-0.003065253261376286
0.001940457827679265;-0.0030732531654467554;-0.0096611946359914;-0.0018201029079445725
0.0034180578788760977;-0.006321237315305285;-0.0027524359520436454;-0.001003431735735141
0.005273751528224245;-0.007872946885104573;0.004480092532706194;-0.0015099697935033152
0.007334845769183138;-0.00715066855452222;0.009948116333371093;-0.0032772205151493186
0.009442116984332432;-0.00414954087176864;0.012462087585584841;-0.0050968191222370155
0.0114630123767618;0.0006108746113108691;0.01184327589869695;-0.005360466679843109
0.013270802912418207;0.006279449593594712;0.00865397429132082;-0.003226193084785252
0.014698815850185275;0.011844562614452993;0.003703851974916329;0.0007107345400812151
0.015523459673064118;0.016241159248962737;-0.0023318933140391036;0.00474931865569769
0.015513694608330643;0.018487250515367197;-0.008875433184640392;0.0071127216236284855
0.014507911798439353;0.0179066160855766;-0.015038415409567133;0.006914822881537545
0.012451731257652936;0.014353838678155557;-0.019290099435761706;0.004488450380133819
0.00939913164232016;0.008318099116813391;-0.019719350187630987;0.0010212928289795975
0.00553141010118984;0.0008750102855889857;-0.01503442299670296;-0.002131007129252618
0.0011947090780354234;-0.006481466232931841;-0.005808577688824884;-0.0039869660641234156
-0.0031127394064879932;-0.012131321821248804;0.004992380204675119;-0.004104890402486181
-0.0068422984916990765;-0.014759079372308186;0.012989082483791574;-0.0025056837694442716
-0.009536348510117702;-0.013819338077451575;0.014691416434958558;0.00036383797796178273
-0.0109273136510619;-0.009790339035270431;0.009747287781667217;0.0035698310471147777
-0.010957987594971113;-0.004009366940940373;0.0014257294227531206;0.005797556783120655
-0.009754611759907703;0.0018447919492008504;-0.005284001285978353;0.005870900840686903
-0.007602603233814609;0.00631410621376777;-0.006782033071867701;0.0035037559385782215
-0.0049107675691167346;0.008514024122631636;-0.00298040390829153;-0.00031036218022939674
-0.0020923147722152935;0.008268753667328738;0.0030645808963228236;-0.003753451629589876
0.0006237368073866075;0.0061356605523932095;0.00757014104530709;-0.005298478338833214
0.003289325478708704;0.0033071539818080205;0.008490396794955462;-0.004665999917576597
0.0061186991380835125;0.0012326401401845672;0.006212021058222057;-0.0028628374640276063
0.009246209950644546;0.0008894838541972899;0.002364925494245564;-0.001298867827170185
0.012546867768193722;0.001998000222851937;-0.0018042765507077436;-0.000733819569166471
0.015586897806679316;0.002813231478817381;-0.00599808855958296;-0.000883410972313694
0.01767798404905828;0.0009612820392152136;-0.010181227494364876;-0.000896088740848593
0.01805099238595142;-0.004972750671820881;-0.013702354656135977;-0.00020061862558358643
0.01615960123093698;-0.014149653770149784;-0.015314099063076023;0.0009815109493118283
0.011985392419465522;-0.023476128822968477;-0.014130548070902759;0.0018006422139509285
0.006138078527230847;-0.029007144682071273;-0.010561333120344258;0.001417655518504308
-0.00032170500245376943;-0.027888294632237114;-0.006256357718358379;-0.0003857656594288144
-0.0062084336015816475;-0.0197003343841376;-0.003020212593538663;-0.0030218926788267877
-0.010517828185010509;-0.006560794817829305;-0.0015947478493940246;-0.0053798404540473365
-0.01265215838017809;0.007879989318510873;-0.001299987709450672;-0.006329025212655221
-0.012557892142194176;0.01988407052045874;-0.0007428707409502957;-0.0051595099092863785
-0.010716007456542661;0.026832468353934;0.001073103508283177;-0.0018342021406514387
-0.00792964338382325;0.027843233102766624;0.004099786710278074;0.0029328389749608452
-0.0049922869663159355;0.023760110165882264;0.007401416878614792;0.00777729640906604
-0.0024316060496083515;0.01661258170526033;0.009819854321014022;0.011051821423994895
-0.0004582189314675967;0.008761903894538807;0.010602543558629352;0.011470221304885626
0.0009196623348654753;0.0021021522388892087;0.009630891574960141;0.008767165013766351
0.001753856542646676;-0.002308869740776744;0.007238540685921064;0.003916214430433475
0.0020964280824543155;-0.0041106974713603596;0.0038732954858794453;-0.0013633153790230568
0.0020369940008285723;-0.003303638904382835;-8.89243314084937e-05;-0.00556051627405747
0.0017636367382045518;-0.00010930541363049183;-0.004231299944234937;-0.00811553390659128
0.001551212629411097;0.0048749862548378075;-0.007826912627245679;-0.009365410005279429
0.0016464470899271513;0.010474591965584295;-0.009781127312934805;-0.009720798086242483
0.002124987761313697;0.01501160546530172;-0.009074837625848278;-0.008802241378350475
0.0028421262642822306;0.01678524141447489;-0.005539791926992797;-0.005455769505700812
0.0035294827779369727;0.01478910252245483;-0.00030961524420209654;0.0010453680729815048
0.003965363681537326;0.009265403433904704;0.004612416564267216;0.009405631272579438
0.004095507077353592;0.001714127398988653;0.0074332032793793254;0.015846367527146736
0.004041216596581877;-0.005706641864623463;0.007406005426635968;0.015826912650777628
0.004006813535124767;-0.011040005709525347;0.004867065796275552;0.007293978866117135
0.004130000113669206;-0.013145650374961534;0.0008094331215230003;-0.0068548094555184735
0.004356593271367048;-0.011838632809736176;-0.003433805210471712;-0.01938081744126558
0.004445110675678232;-0.0077267532259323235;-0.006412362868532582;-0.02262646489593131
0.004117845454413615;-0.0020053940060963072;-0.007034218153531254;-0.013432942116524786
0.003235448717909075;0.0037730911560327736;-0.005185937551227394;0.004280966638325834
0.0018654312573480585;0.008066537429668046;-0.001916595287416056;0.02123961043727006
0.00023192286693377964;0.009795747592032429;0.0011465511815203914;0.027990079421924916
-0.001398874399002756;0.00866622908438221;0.0027810235258484725;0.020441200581891195
-0.002851463012592358;0.005198569146526163;0.0028073742309241657;0.0024054149563433156
-0.0041305404353993574;0.0004799862164779288;0.0019986628842406616;-0.016421712202541412
-0.005393068486877412;-0.004230995670319157;0.0015410593154472246;-0.02592471902521772
-0.006810053119375287;-0.007876713035516021;0.0024811890940466827;-0.021318608082534857
-0.008431276532178018;-0.009798066776111256;0.005233653176014719;-0.005798371531135631
-0.010153787231147378;-0.009704164522091274;0.00915970258162535;0.011501195524293349
-0.01178696880322689;-0.007536832419518348;0.012591783845138432;0.020985766105801412
-0.013147534734867001;-0.0034738163614638287;0.013616816021165185;0.01817260207873312
-0.014145301579916681;0.0018233107257587242;0.011224180071638007;0.006008484237641374
-0.014849054512233319;0.006979320568908028;0.005974641161657472;-0.007308243899183801
-0.015503052761696457;0.010142194669532105;-0.00027247500028352586;-0.013455654357680254
-0.016450330931155378;0.009791210636996594;-0.00532807172039254;-0.00888264672495088
-0.017969380740904504;0.005641303868229512;-0.007733976904964743;0.003311662797018247
-0.020111920826097755;-0.0010164810802373882;-0.0073817535634963394;0.015390681517954223
-0.02263773723491243;-0.007829192120700375;-0.005424635170687684;0.019594818667824945
-0.0250623110750941;-0.0124809458292606;-0.003559911785685751;0.012716738679603802
-0.026777929452590943;-0.013726933269829584;-0.0030646056339600158;-0.001963026883821338
-0.027223231599359084;-0.011747570867597902;-0.004088664378888007;-0.016525912872734555
-0.026058411418383397;-0.007719923509899575;-0.005606847909406849;-0.022973843605287536
-0.023246355022994204;-0.003095707332830036;-0.006113485575107517;-0.01775817551525381
-0.018992044523770825;0.0008689610229157446;-0.004674701797681612;-0.0036454535540603396
-0.013643232075222682;0.0032548933929725118;-0.0016282549472703266;0.011959167515701141
-0.007675118858655164;0.0035319391583272766;0.0016040272087931063;0.02106016094649975
-0.0017141592918088137;0.0016168390439190324;0.0034784381636928743;0.019213300308817734
0.003550950492827644;-0.002158102859322064;0.003312141415008094;0.0076500866581274
0.007602452672732611;-0.007178288116779079;0.0014912750567908448;-0.007582458778002514
0.01031249355660481;-0.012661492277997947;-0.001175945348862172;-0.018890332797681642
0.011969830339730153;-0.0176884663922588;-0.004210062075163258;-0.021026107722304
0.013097493110844363;-0.021241803667515022;-0.007513619475314076;-0.013593005230114143
0.014197213025536505;-0.02239712657386409;-0.01073797284861182;-0.0009790696203783222
0.015562656902206077;-0.020648330609258175;-0.012758164412294192;0.010106756719768864
0.017208487170597656;-0.01612739457708002;-0.0119855793560163;0.01416049795104432
0.0188854457476499;-0.009534752110032976;-0.007458987702452963;0.009642375856394603
0.020145690383499323;-0.0019227387306707563;8.15495811703934e-05;-0.000447303890089585
0.020458720566148555;0.005406485273151448;0.008026547010283052;-0.01040700607746428
0.019386574244603934;0.010932114695831377;0.012949483070616727;-0.014980978628845966
0.016763129678668144;0.013184306826593934;0.012349472303489227;-0.012035144761787166
0.01276131148572307;0.011341822840761786;0.00602428692475994;-0.003380111393470939
0.007802768138305574;0.0058044997516959965;-0.0037595954742542176;0.006497910256250023
0.0024199651257719315;-0.0017158206288528848;-0.013302945002460268;0.01289949244718301
-0.002793641605765516;-0.008727049327679955;-0.01900324357238094;0.013169537104517398
-0.007165415316327755;-0.012875342304951897;-0.01862192057901875;0.007682962448134928
-0.009994777956373262;-0.01281335541771443;-0.011972248927861797;-0.0006680936427137929
-0.010727968915618535;-0.008607713481332924;-0.0010321099952148346;-0.00795993724245468
-0.009156337142587049;-0.0015498141082330825;0.010532156715282617;-0.010904139027745018
-0.005515029367173184;0.006418855109359765;0.01849539991672076;-0.008079241186082206
-0.00045107439509881145;0.013349696042182311;0.019708586950677173;-0.000431407209958049
0.005111915571685921;0.017824725706350558;0.013668365622022388;0.009029285478083026
0.0101900871267851;0.019326151480322643;0.0031354509464427823;0.01629348430807636
0.01399416944215639;0.0183381585932424;-0.0068699544922447625;0.01794299135121872
0.016121961814264462;0.01605134826908674;-0.011467531340871855;0.012702782826884898
0.01658507282529292;0.013682897746523487;-0.008433582843711401;0.0021909921677469818
0.01566711167432587;0.011728500687229323;0.0007231524839138661;-0.009638496978143106
0.013729505263973716;0.009669944305399542;0.011809727061461068;-0.018194186894815056
0.011094098704950685;0.006452302912314553;0.020362574405584886;-0.020268744743367113
0.008028853088653146;0.0014571938067177458;0.023785525522424744;-0.015377814338622684
0.004768463761261621;-0.004752098023317988;0.021971627232314172;-0.005793681446142929
0.0015161141667111042;-0.010491877056034347;0.01646082617629501;0.004630701817290215
-0.0015546607757629457;-0.013788753442569275;0.009182635973833416;0.012136316158206577
-0.004266773755334048;-0.013414130470681731;0.0017475409376832203;0.014388327677623068
-0.006406970168068612;-0.00950490067797137;-0.004587236039617267;0.01100974912300697
-0.0077596888386625915;-0.003502592014930794;-0.008818320895409149;0.003407726999408913
-0.008211523565019342;0.002449536589186914;-0.010423797034372824;-0.0057741267936027565
-0.007838387172168618;0.006318194879455728;-0.009762520294377897;-0.013380871328325364
-0.006872808155249783;0.006909210347385236;-0.008062786802695475;-0.016644689744799768
-0.00554270050514317;0.004325345508150288;-0.006696017272811779;-0.01417366657128838
-0.0039030262702358528;-1.908511197051444e-05;-0.006176870607813791;-0.006654378418263652
-0.001814717559446016;-0.0039729622308593395;-0.005755781029428157;0.0032315211712227437
0.0009004011307587972;-0.005706860283784091;-0.00404782495178505;0.011843674802017872
0.004249978729764556;-0.004735143221968179;-0.00022827316101318136;0.016134329742432722
0.007924975174650906;-0.0022272943107260563;0.005177165042863567;0.01491590117954795
0.011245663038114438;-0.0003207426809725839;0.010499300689953582;0.009228662694781023
0.013247463750615968;-0.0008127575230378523;0.013882667715703583;0.0017156410278695625
0.013002966549994544;-0.004021356676783043;0.014235020420395043;-0.004627916515728743
0.010107197681494613;-0.008485246453434432;0.011584334608757522;-0.007754296067248864
0.004986643128811139;-0.011654067578783445;0.006820055117298321;-0.007337662624467075
-0.001248534660436446;-0.011166465309094957;0.0012009324114134925;-0.004649221976265347
-0.007284649855752162;-0.006047558334664391;-0.004016183035879553;-0.0016024289420571859
-0.012040392972405412;0.0027403888284794216;-0.007775190033884614;0.000441600399511059
-0.014857467008729761;0.012628147116959004;-0.009401659718381476;0.0013236230904232107
-0.01552633954902478;0.02049612208889598;-0.008827715343278014;0.0017878421148258914
-0.014255952860295764;0.023989228323364795;-0.0067067751184202076;0.0025405483311833938
-0.011570665326245818;0.02249895743680988;-0.004232003136498503;0.0034323555155596525
-0.008105312244276453;0.01735387485376485;-0.002663072899825132;0.0034007032134160033
-0.004376184534003462;0.011107371487702477;-0.0027675677105784007;0.0012506370352695134
-0.0006590162130024469;0.0062448792700058155;-0.004452539043106772;-0.003219725558685288
0.0029655555349832655;0.003962181132480073;-0.006808078101365288;-0.008510253239265695
0.006458797394777456;0.0036870223302763474;-0.008620127239687164;-0.011734130091396788
0.009689179365254957;0.003629095433959343;-0.009120687059710555;-0.010045807288285096
0.012407991014104369;0.002007839233905278;-0.008469370144029117;-0.0025828049570784817
0.01433452729576559;-0.0018481369945352805;-0.007542446575007737;0.008218503942665333
0.015287556284999195;-0.007212998105950458;-0.007169155076510648;0.01707826393119106
0.015291357632131443;-0.012527643558200042;-0.0074872911413651315;0.018424819073731624
0.014586119472941573;-0.01624662746115577;-0.007931233638994551;0.009922999211171462
0.013498046290893493;-0.017358643770903005;-0.007686732697715415;-0.005269138539904148
0.01223104434085054;-0.015473299219963748;-0.006112658056812274;-0.019438787706852197
0.010748061016335048;-0.010812282985663977;-0.002940052946291767;-0.024439318861375545
0.008851561392674463;-0.004323475143860988;0.001618022986117377;-0.01668565034485329
0.006390244142724532;0.002313836770952048;0.006812248212860453;0.00020903427611395205
0.0034304982343840106;0.007131865735333995;0.011480916896030693;0.01710405372033264
0.00029050638410303887;0.00868465930209808;0.014345733535353428;0.024525533957068073
-0.0025832111753415505;0.006716972179674419;0.014306940999557798;0.018278033785625772
-0.004841073543991098;0.0022377299041274274;0.010668301773423953;0.002021663285418589
-0.006402221391186925;-0.003014965748007991;0.0034608209612149586;-0.014801326054310022
-0.007419563395725624;-0.007350985804354277;-0.0060483105980796105;-0.022467901157530012
-0.008083212665303423;-0.00972730105838718;-0.015128550765480805;-0.016595814245102935
-0.00848675891789459;-0.009934016519975414;-0.020388839571426103;-0.0005278578688043016
-0.008681286488802639;-0.008367190221120856;-0.019543768599020503;0.01684339805559465
-0.008792827358711987;-0.005598589565056395;-0.012851205800480627;0.026314564318085973
-0.009020640011818582;-0.0020757719760400796;-0.002930088345812406;0.02341919125569686
-0.0095079562776116;0.0018462033160772822;0.0068960584066571655;0.010401178783593864
-0.010221076579408975;0.0057250223216620405;0.014325171364706997;-0.005654734512001726
-0.01094072075173048;0.00908710151482013;0.01865633476347901;-0.01696973667753938
-0.011363109944812488;0.011753080466605186;0.02017880031988572;-0.018923291459680556
-0.011243987329991477;0.013983448117941326;0.019233621250268413;-0.011740553017308409
-0.010500982435225278;0.01611718498105705;0.01583987159485894;0.00031937592521464887
-0.00920500605999343;0.018013667233351457;0.010126259045715737;0.01136157289608773
-0.007463627108511392;0.018913394145545978;0.00301398165564793;0.016511319782543547
-0.005303773767277325;0.017924420430215013;-0.0037161036900419508;0.013771168201092664
-0.0026808264425620607;0.01472842447265682;-0.00829516292937721;0.004554426756566927
0.00038684645835091255;0.009907289922951399;-0.010114056333233748;-0.0071177850259820695
0.003701479318067261;0.004631111414464486;-0.010070925939353534;-0.016362425241617063
0.006904797403170496;-6.173155754209831e-06;-0.009719345233778315;-0.01946062699153676
0.009589847292152238;-0.0034497351374219274;-0.009927227010291603;-0.015394156093153779
0.01138738469425385;-0.005661798640681928;-0.010181988988801672;-0.006233843354059809
0.012000909205337027;-0.006835964583975525;-0.009078217469432997;0.0038630443993137673
0.011267541216612937;-0.007233144912263102;-0.005562777537491694;0.010633167482061124
0.009277106191846934;-0.007228176754045532;1.1004983735306493e-05;0.0116946915653263
0.006454740095419388;-0.00733978751013254;0.005792681913964536;0.007523076622300262
0.0034891778828894846;-0.00804457886334326;0.00941319331668847;0.0009492408169710731
0.001114079519490566;-0.009453060507786524;0.00940421801069904;-0.004470995448760892
-0.0001240893665062913;-0.011123048139903592;0.006101804512908278;-0.006285217996016086
1.219851962749578e-05;-0.01220334945064007;0.0014209096678221764;-0.00420243389053608
0.0014512965906406917;-0.01183635341705553;-0.0023056273123112188;8.247634870429111e-05
0.0038652646614771424;-0.009573084385703196;-0.0035863298436338894;0.004026595865316614
0.006731096681576974;-0.005596434483691411;-0.0023217250225230873;0.005582845965627141
0.00941818290247396;-0.0006895666215991174;0.0005532503238670219;0.004057044688397852
0.011320025118159374;0.004008879241640496;0.003881421012525154;0.00023595269316845733
0.01199082255519588;0.007363177726696502;0.0068653059679056865;-0.004060956745789888
0.011235253557431952;0.008590710372700542;0.00906456922157297;-0.006759018115914475
0.00915586297445732;0.0075157187005939945;0.010048693018753333;-0.00642843552465062
0.0061788379346445635;0.0046840304541485075;0.009240078277817209;-0.003014400563632722
0.0030172455905835656;0.0012758856680213195;0.006217732139901319;0.0020168197338841717
0.000512402940620729;-0.0012624223120691284;0.0012448892437430376;0.00634834425647139
-0.0006178528729608185;-0.0018053033460781384;-0.004461045701972171;0.008019931128613154
-1.757372468332211e-05;-7.019098104044527e-05;-0.009011672406100794;0.006470264364227791
0.002161966845987259;0.0032264838767157287;-0.010598374899708695;0.00277335499233379
0.005229918676353073;0.0066529107933856624;-0.008345727859757547;-0.0010512338443975026
0.008048518947795005;0.008629468720522875;-0.0028238061889408407;-0.0031833159025918918
0.009272592457159397;0.008047699334480156;0.004091740074471569;-0.0028959843986080896
0.0077203050560951956;0.004722058539175002;0.009993961574723908;-0.000742524861464265
0.002783788666071608;-0.00048701043113773284;0.012982035229746097;0.0019126311883364687
-0.0052743916047077195;-0.005930793547216185;0.012449187192036143;0.0035945455367690656
-0.015292890430580509;-0.009742206280027919;0.009236713121100889;0.003258429787469271
-0.025504173235750712;-0.01054824379501373;0.005070946661459392;0.000606908942916217
-0.034037025035012304;-0.008053556916419955;0.0015844173128987168;-0.003696421216507922
-0.03942619283286505;-0.003188900127793568;-0.0004590573558759769;-0.008002164479567917
-0.04096792083218496;0.0022991395923774704;-0.0011872335046653614;-0.010157935461479315
-0.03883113043447201;0.006585118593047787;-0.000955397921124589;-0.008551381443955487
-0.033879365037397635;0.008396945278438168;0.00027057528868840776;-0.0031465560343787776
-0.027273742731684165;0.007291051739794459;0.002770892954729582;0.004258500994336992
-0.02008694915844994;0.0036354269002613036;0.006251294715247146;0.010795295499687227
-0.013140650090688514;-0.0015661402099885256;0.009232378305372931;0.013841253311336205
-0.007041676775582224;-0.007003239670995039;0.00949477726093267;0.012153604610147166
-0.0022193946887629464;-0.011504351149892242;0.005479131615468698;0.006313638864110884
0.0011374145895530017;-0.014374946083507525;-0.0024354903797809482;-0.0016051171739837552
0.003145537616554427;-0.015430277251241289;-0.01186552148145759;-0.008896706947120423
0.004162857228725735;-0.01481550655524832;-0.019664101114599007;-0.013228036365955228
0.004608804285160491;-0.012873171673089002;-0.023515445122675768;-0.01343473395369194
0.0047968716318690496;-0.010152932875363833;-0.022762997988652906;-0.009858891579388
0.004865369872017238;-0.007406046627646109;-0.018102236848611206;-0.0041213575877974236
0.004790798402373291;-0.005372136758779585;-0.01069325797251125;0.0016004698678324261
0.004433411940108092;-0.004382647743485135;-0.0015724450587493199;0.0055088196669663275
0.003596014450126372;-0.0040768884968264705;0.008225955328435975;0.006907542038323841
0.002102542850351323;-0.003566608769464945;0.017197783721949588;0.006342034127367579
-0.000106131915779635;-0.002048152181936284;0.02327406601212772;0.00508785879290921
-0.002888228612704059;0.000587683504150017;0.024490142356581705;0.004295286491854056
-0.005879609613177795;0.003652766593065426;0.02007277153188781;0.004307878448739222
-0.008577522873809003;0.006110028263738581;0.011150612588079029;0.00455838163169406
-0.010515390870377636;0.007137387031820575;0.0005433517020888968;0.004053146380574184
-0.01143529662113304;0.006384282018312177;-0.008258745083596732;0.002064714762534969
-0.011339204100760763;0.0039043096254023943;-0.01238235633574132;-0.0014209289443455231
-0.010382437476148339;3.070126358958717e-05;-0.010618527778277848;-0.005673352595431683
-0.008711153731107882;-0.004642635243548601;-0.003941592366925638;-0.009452597070629959
-0.006396361021357009;-0.00926898253046511;0.004691771177843531;-0.01132363160133477
-0.0035044793773714353;-0.012892713781633987;0.011386488345197728;-0.01006105943533541
-0.00019139685362615645;-0.014691304695243181;0.012976409835621929;-0.005225509502060454
0.003295033251680912;-0.014141199862895687;0.008549092761156337;0.0022504568396899656
0.006684909679272932;-0.011035529637152555;-0.00012194068225418567;0.009919987652623906
0.009745400187827807;-0.005465796298813448;-0.009598720577792654;0.014510293979987534
0.012317842267158123;0.0020950089298794033;-0.01660151726213843;0.013351223302194773
0.014359651704933241;0.010606732683298113;-0.019415946106376016;0.005906791992516507
0.015945392808681447;0.018337937650452257;-0.01809745641347521;-0.005446866622447423
0.017171112827727812;0.023079637442393042;-0.013730471401060285;-0.015998909500334148
0.01804022601308437;0.02289659000165698;-0.007664537351979464;-0.020625471215781472
0.018471371321070584;0.01720181535843413;-0.0013158072820134944;-0.016315058326342766
0.0184161632275595;0.0074420707196641055;0.003740229900139116;-0.004041708671485177
0.017934164774374328;-0.003274775603268777;0.005998443351640456;0.01119652305611011
0.017162587301044193;-0.011526270817027125;0.004699649413007291;0.022523934367752435
0.016263281240946975;-0.015046436912709007;0.000488718516961762;0.02459379664207793
0.015390207557449033;-0.013454361053238675;-0.00448390133272707;0.016412260861620082
0.01462172652042995;-0.008031912979050402;-0.007284519098570136;0.0019342170308633256
0.013862627858178876;-0.0009693849424232384;-0.005635419436092221;-0.011938384797683478
0.012837731704253707;0.00541660311403552;0.000554079182040764;-0.01885480366337121
0.011254216322407088;0.00930672707819087;0.008606059748942976;-0.016155859681887947
0.009045390449301718;0.009876359639092586;0.0141819235179714;-0.006074474749110699
0.0065171062815516725;0.007578066231545304;0.01368846613334134;0.005555872066237407
0.004273512540235297;0.00394247388593309;0.006487362717792181;0.012408218321547535
0.0029488341619928185;0.0007856270691973447;-0.004620686606495577;0.011017657630774499
0.0029033221771872426;-0.0008358504152831637;-0.014990904442833707;0.002633726538084407
0.004035816158402977;-0.001264999625831045;-0.02069101399855019;-0.0074942690861028284
0.00575715891371671;-0.0019982134019915585;-0.020321184238829386;-0.013109738628016399
0.0071273738424493865;-0.004640825925961099;-0.015148548099964996;-0.010594615779843782
0.007180614860415292;-0.009680517431165502;-0.007913900988890677;-0.0011669708741154506
0.005357494203906875;-0.015817249438103052;-0.0013363915539880325;0.009701167525279893
0.001782673767678295;-0.020293860093815088;0.002918529967306532;0.015383330838414179
-0.002821646876829916;-0.020162240466055973;0.004561567255956766;0.011973847056935445
-0.007480860719739919;-0.013887394265802148;0.004347238229569636;0.000684970334375886
-0.011284693497434769;-0.0023714010654844043;0.003356439031608731;-0.012685169395963973
-0.013552777718265168;0.011292626022912446;0.0023476063549063703;-0.020950784656158978
-0.013938903117254245;0.023216763978259593;0.0015362334682935022;-0.019544380785004627
-0.01252733283058241;0.03037444722443954;0.0007882889059369146;-0.00899508724551411
-0.009832178701085771;0.0316026168411426;-6.727921742508867e-05;0.005506074765586155
-0.006622188601798385;0.027660591288479267;-0.0010585681373784482;0.01705990037357146
-0.0036284455812840718;0.02061508278788075;-0.002072856423417982;0.020679883596824558
-0.0012814769640512715;0.01295424980132063;-0.002961816696223088;0.01551795837868955
0.00038645551224499296;0.0067561215759327055;-0.003642901361925037;0.004715216193655253
0.0016280757790755457;0.0031490691809719544;-0.0041037309852093905;-0.006597367334935475
0.0027434695513776555;0.0021754736066097163;-0.004280557450593807;-0.013781308869571704
0.003881285466279787;0.003014079318548799;-0.0039055525646980826;-0.014469921214185937
0.004982621929615937;0.004420324418763887;-0.002504579214361907;-0.009148299556923301
0.005845527435377311;0.00521502658913461;0.00034762564464128605;-0.0006106961089699821
0.006232415393469803;0.004656060416196477;0.004626717608988942;0.0073414791973370275
0.005975177089278609;0.002585310575494094;0.009600786908015572;0.011465645494553424
0.005059835651582913;-0.0006374933560261633;0.013948663281259809;0.010351511143824611
0.0036585163891174376;-0.004304145881901748;0.01622639524519848;0.004914182524286574
0.0020829917081450207;-0.007538516267785849;0.015434984144741568;-0.0021077608718729035
0.0006874270246304092;-0.009486001910636083;0.01143215545813754;-0.007443228409565105
-0.00021684907813836676;-0.009525183764238644;0.005034760588208894;-0.008784994100599299
-0.00040532454410916493;-0.0074433809579873824;-0.0022280628811676122;-0.00578478946905493
0.0002272185788980393;-0.0034990217109664356;-0.008606210936420118;-7.941895903811855e-05
0.0016120336041818375;0.0016339706564967686;-0.01263079252505343;0.005619924829532744
0.00345998583581895;0.006990097412706795;-0.01341036475520513;0.008862189825604909
0.005300573532656573;0.011469578447285597;-0.010679516961572598;0.00851958557472119
0.0066295978917678845;0.014030881489411524;-0.004748761232340554;0.005099909937577305
0.007087130104874174;0.013930526387751569;0.003460248679863795;0.00027775284910407186
0.00657135124306268;0.010981003030118166;0.012284942024102526;-0.0040054680839595016
0.005269063197054055;0.005730575622908864;0.019334618026911953;-0.006388341081762186
0.0036242291164429344;-0.0005529712070254275;0.02196417264461147;-0.00650275729254441
0.002235781319050129;-0.006160943014800449;0.018294023224732104;-0.004842303056934091
0.0016732123372439252;-0.009446434315986452;0.00839104089947907;-0.0022853202700534683
0.0022602853618576557;-0.009391411439131634;-0.005143194317640922;0.0003672284609815788
0.003923648627896512;-0.006024017213582788;-0.017807863144312423;0.002583543390262186
0.006182804896174936;-0.000522450268519051;-0.025019631488698665;0.004025851969918991
0.008298400160889513;0.005097379332062988;-0.024240896271845398;0.004400093528146906
0.009526931190943362;0.00874063641732742;-0.0161916366124553;0.0034323665057792614
0.009372962993822034;0.009210110845383965;-0.004411850105852062;0.0010487432037385891
0.007730085557376972;0.006828405667285287;0.006535929041221915;-0.0023562367007285336
0.004878096312154624;0.003199318750749428;0.013191734348098663;-0.005835690980667898
0.0013886111509554596;0.00022855236055744203;0.014575369243615684;-0.008210654438535117
-0.0020050398029047237;-0.0008905216621993147;0.012201881050765986;-0.008677346299742183
-0.004581784409239783;-9.005642266037665e-05;0.00881132427506437;-0.007240125301020056
-0.005876069143771343;0.001823074684157989;0.006581768892643886;-0.004573765146357287
-0.005925468991272714;0.0036934002543534132;0.005913841010339275;-0.0014247326703547268
-0.005357747242255179;0.00444103136143488;0.005525021587901239;0.001884307565572884
-0.005190935696789997;0.003310363015118071;0.003722512324103185;0.005373472686062143
-0.006401912451050761;7.819406491706908e-05;-9.857026174838071e-05;0.008843060840289494
-0.009491454281222054;-0.004742781873531428;-0.004839305348353942;0.01142142181084969
-0.01428812072883462;-0.009906217106304837;-0.008401622692964635;0.011782504429962775
-0.020070907490752122;-0.013851897291537671;-0.00916727858760128;0.0090467715213009
-0.025878984646666745;-0.015425557936000513;-0.007140796543790831;0.0037412193783800144
-0.030802220740383794;-0.014429984332636937;-0.003903947741728459;-0.002024020075957948
-0.034155261446821926;-0.011588266988844905;-0.0014366343764433903;-0.005540433111386015
-0.03556121346191691;-0.00798565347723222;-0.0007425126770144222;-0.00512937764337431
-0.03496994937330691;-0.004495317081884651;-0.0013520324857552203;-0.001280996815424056
-0.03260167530333662;-0.001598073698549388;-0.0020069279347231543;0.003561797103979722
-0.02884634413090988;0.0004615165769178474;-0.0018147046119382831;0.006458126841077618
-0.02417956625320773;0.0014896908950586738;-0.0008408833483577427;0.005685188174425564
-0.019098291151640405;0.0013052351363945633;0.00024163686936468147;0.0016491889964002505
-0.014040296042640591;-0.00015442570392216364;0.0009094814759899676;-0.003465492414613608
-0.009309148724492367;-0.002667367225994077;0.0011453468993948917;-0.0069840944939650205
-0.005067934708567572;-0.005658852817973695;0.0011391189788851896;-0.007165681898022305
-0.0013966116202074723;-0.008362277226854219;0.0008014006143348135;-0.004002179505710236
0.0016641490092453605;-0.010130729882615373;-0.0002964732755208866;0.0009211307893270108
0.004112326403325158;-0.01066244874642926;-0.002451286362562571;0.005302150681353978
0.005967345567266388;-0.01000873737399161;-0.005284795976956148;0.007244952610524664
0.0071962679483142345;-0.008433586186051788;-0.007662281896841237;0.006109475312458421
0.007649421171085198;-0.006259547980016884;-0.008225894933622786;0.0027142223656242306
0.007105537092301434;-0.00379232556759696;-0.006232413416436587;-0.0011901390128923977
0.005432692766539379;-0.001353531452575146;-0.002137694162141681;-0.0038813971346921385
0.0027579411446171744;0.0006463928144213125;0.0025192376281150185;-0.004512910902639401
-0.0004803899970735789;0.0017319445290513852;0.00592974967735408;-0.003384520344880208
-0.0036454036672695185;0.0015319067323250933;0.007010528692220502;-0.0015552194837309163
-0.006123152413144746;-2.9002630984652624e-05;0.005910387866326807;-0.00011253810399512759
-0.007533386764592046;-0.002673202799491152;0.003731041736819924;0.0004218180476611482
-0.00781921841576524;-0.005865514130484145;0.0017432465814848314;0.00020561685717044995
-0.0071818565308154475;-0.008956235442578796;0.0006787837218447162;-0.0002930251105526047
-0.005918842821483198;-0.011292568228020482;0.0005045989186974523;-0.0008054443417912363
-0.004267111480262391;-0.012314479798845984;0.0006692755631767183;-0.0014716732281130664
-0.0023283853678318727;-0.011678236693713963;0.0005398227602655263;-0.0025738786453165566
-9.739479331894894e-05;-0.009387183859949052;-0.00023485624503295213;-0.004056931060184896
0.002442410694641616;-0.00585163152671942;-0.0015579573068896543;-0.005308180437422148
0.005226834441971078;-0.0018208151720012964;-0.002951226253682557;-0.005451496813454833
0.008086907879845414;0.0018023839573903422;-0.003825374847106655;-0.003971790438515115
0.010796111493279326;0.00420270329238587;-0.003827450756305042;-0.0011961060961929845
0.013125383073672172;0.0048667770970075375;-0.0030611236013312567;0.001760621822923264
0.014854284439967374;0.0036907469815320934;-0.0020172731609436976;0.0035860626738959856
0.015773471222476527;0.0009650929664347907;-0.0012324934902625962;0.0034932217808681188
0.015749843942118872;-0.002674054927406474;-0.0009141691530115102;0.0015679086745774779
0.014838025188092557;-0.006247809394113306;-0.0008348727959685166;-0.0014662293898207962
0.013325514938880807;-0.00850480393604018;-0.0005799065107997716;-0.0047873081329264195
0.011641405860722273;-0.008282290845179483;0.00010565238050470854;-0.00779825405913164
0.01019247932650549;-0.005137604323055921;0.001216561531798358;-0.009980432165635062
0.009245352030786563;0.00016015844750892375;0.002677783481139387;-0.010581783257429688
0.008903096757946448;0.005744168572413114;0.004503857827426623;-0.008717316476591018
0.009140176237442336;0.009421203126160781;0.0066536745691191815;-0.004111891186975405
0.009846226636902987;0.00963284642108306;0.00872122273110126;0.0020024495391128467
0.010865946882313432;0.006011001327114161;0.0098242986490494;0.006782706618749073
0.012052372148339718;-0.0006689972393728064;0.00886418651521309;0.0070876332753117294
0.01333064982381715;-0.008824993701328802;0.005091420028566055;0.0017328003857467057
0.014710409374006316;-0.016324962009802758;-0.0012249285638056939;-0.0068737475177671785
0.01619550010811885;-0.020736076543964525;-0.008459257145390977;-0.01329197512019793
0.017669498655853117;-0.01997206723443995;-0.014119631049697884;-0.012031617447159276
0.01890107435173103;-0.013400423503770105;-0.016064576155409967;-0.0013449640080460314
0.01966277207135062;-0.002717003661191561;-0.01354969399012247;0.014722473111615066
0.019797810892915938;0.008330253605829122;-0.007300140517397677;0.027779926487831383
0.019164493194326043;0.015545620881593744;0.0011918258408843492;0.0296327518346735
0.01758888016259327;0.01635709702418233;0.010254935585246028;0.017390284879577212
0.014948073437723912;0.01112030234399674;0.018055382923417143;-0.004052492106228688
0.011318727713926247;0.0029302577295354875;0.022539107128106542;-0.024030711203087723
0.007036243582435286;-0.003893175964614052;0.0220426359117414;-0.03183313417960178
0.0026070546094551328;-0.00579960633621338;0.016437227761556053;-0.02290419635281276
-0.001455987849723394;-0.0014687961148056872;0.007708009984229214;-0.0017183791457354048
-0.004778995516165331;0.00790618500439399;-0.0008446243292358291;0.020582910698928657
-0.007209070092674465;0.019458540320823427;-0.006284522541628833;0.032442796445827
-0.008825961523659094;0.02994852915806875;-0.0073546307089089585;0.02826065351338745
-0.00987328146536241;0.03679231405013955;-0.004725129351113054;0.011142863286961464
-0.010621600020358793;0.038566798729043075;-0.000379691551059869;-0.009351108550803984
-0.011241583085614418;0.03519890211061334;0.0033384290136063677;-0.022796759267539667
-0.011774548557769587;0.027969407046846625;0.004630997727008857;-0.023394399708655932
-0.012191906699858947;0.019125059323971735;0.002849530051424998;-0.012396193010147919
-0.012452304007751052;0.010985287025552501;-0.0013402557592301443;0.0034171641768404697
-0.012500357800051393;0.004960953084093422;-0.006250289882768358;0.015861533686773892
-0.012237408750978654;0.0011486600055703154;-0.009855831857827776;0.019569205850518523
-0.011524714699248761;-0.0012558082640543363;-0.010710408259331184;0.014144613699773793
-0.01024560481124196;-0.0031151951085371696;-0.008706011602420937;0.003527465991979832
-0.008400214442617298;-0.004708386298242289;-0.005161541164022466;-0.00660173694491487
-0.0061696680150803915;-0.005652196543947911;-0.0020165926884551863;-0.011737271838854884
-0.0038976260907757094;-0.00530210185381125;-0.0005635843254283785;-0.010371593392885873
-0.0019947889311290557;-0.003274079012359264;-0.0006039971251466758;-0.004148090577034796
-0.0008201670095339409;0.0002274855658277937;-0.0006864449130906745;0.0033849071289992344
-0.0005890487472098989;0.0043766124301845115;0.0006972394697938924;0.008638892761861468
-0.001324737054207041;0.00793055192148107;0.003814380595646341;0.009589474185653098
-0.002849040622057046;0.009583430573821433;0.007265113338995751;0.006468801827757633
-0.004801932742210012;0.008395698353875563;0.008776460559704456;0.0013374618724860713
-0.006687402493551432;0.0042118902003162465;0.0066551125109997646;-0.0031626993141457304
-0.007956383955222633;-0.0020939550919083488;0.0008661784197040967;-0.005199253543876948
-0.008136795283451074;-0.008755874227314754;-0.00696523170206487;-0.004554843028198715
-0.006984511556935705;-0.013710621325354952;-0.014508976884286796;-0.002451019040881344
-0.0045893362257318675;-0.015420010448318183;-0.019857884229988267;-0.0005720574947962453
-0.0013797233970423894;-0.013502369650493918;-0.022048521949518656;4.9441583371635324e-05
0.0019809312384265984;-0.008863532274618181;-0.020829787855246775;-0.00041591905959875594
0.004775141603971501;-0.0033016805303792162;-0.016205717823413516;-0.0008815086056274564
0.006433156476079599;0.0011908324265839567;-0.008380020955067789;-0.0001894078491760242
0.006677897449111289;0.003108718506843461;0.001786161343286964;0.002067943879382539
0.005559694302117526;0.0018651279557397205;0.012328393782228839;0.005227409167314647
0.0034068820111402462;-0.002075840292344824;0.020431116812165674;0.007862225305491643
0.0007566263942760727;-0.007315396187622134;0.023551841869569632;0.00850957323858355
-0.0017248613339779068;-0.01188439710344255;0.020814214077897807;0.006451684938737448
-0.0033725212743172172;-0.013875070882318328;0.013694603711381525;0.002184477126608157
-0.0036972608254664005;-0.012185210384389139;0.00540712759101239;-0.0026749550606207633
-0.0025321248118903763;-0.007021074306342315;-0.0007311886667276395;-0.006063249371890063
-8.821774996110488e-05;0.00012446124515659988;-0.002962743128711692;-0.006458454341683474
0.003083664091783026;0.007018378208685714;-0.0017680844348279701;-0.0037018956481443734
0.006210057068798296;0.011545268859079753;0.0008014423775445418;0.000797749236989253
0.008483813010731445;0.01256290486654334;0.002633986061549577;0.004653512185471977
0.00929731820380824;0.010369809306870493;0.0028743385694154446;0.005659785488513134
0.008445742737428135;0.006491128781195424;0.0022039402884457293;0.0029558984934080824
0.006208954068590095;0.002858284886943876;0.002038722913124634;-0.0024623155708001446
0.003258722114829827;0.0008474681188004703;0.003350134093412349;-0.008219148540766705
0.00041192728913125505;0.0007066981727937526;0.005958369532121099;-0.011756029916314201
-0.001673387059733088;0.00162243450458484;0.0087048436191629;-0.011531407637708106
-0.002722042240695279;0.0023040948031176735;0.010274363231756234;-0.007580032483880215
-0.0028783606746954305;0.0017316865827368831;0.010021353587864136;-0.0012971411908585624
-0.002544998527537363;-0.00029863707611478985;0.00822489367743218;0.005207160880717772
-0.0021218974522027663;-0.003042464183430732;0.005689099831373284;0.009757787371407967
-0.0017913910209381655;-0.005108950244993465;0.00310775842354229;0.010611377219423892
-0.0014575403714642437;-0.005075293978429155;0.0007234151211824529;0.006917173617071194
-0.0008572869773469411;-0.0021975379099311446;-0.001513056483671703;-0.0007452583047773201
0.00023219085721146466;0.0030703830412421376;-0.003545230127322064;-0.009948780439975395
0.0018230160033068572;0.009046263238505615;-0.005058830681612127;-0.01666822024303768
0.0036946800500706057;0.013419763342292052;-0.005785753893787202;-0.016693049959822813
0.005516740440304566;0.014272679263140318;-0.0059086432317874875;-0.007994336929752198
0.006998617239739558;0.010964113222633513;-0.005995715389261035;0.007195645403489882
0.00796928838661997;0.004337849454609703;-0.006435821560927691;0.02231669688442767
0.00839547009787091;-0.003823459735514608;-0.007024067326734708;0.029308232856491107
0.008360048418753284;-0.011612898520891604;-0.00718469027408511;0.023209728447314646
0.007962006664068065;-0.017480523233789853;-0.006498851965053496;0.005680944319053737
0.00716011657578324;-0.020259316346229312;-0.00492724970974254;-0.015187958235156737
0.005724367895131415;-0.019159813033042983;-0.002693789656699195;-0.029058314907866072
0.003407197428252006;-0.014074033709801134;-0.00022456004335775074;-0.029061426061323947
0.00019877150213846206;-0.005935384889406221;0.001776822700674574;-0.015536246870101226
-0.0035735039141195834;0.0033760297684782485;0.0024420119858132396;0.004399276125952496
-0.007361984869808102;0.0116610546983595;0.001196975542807247;0.020949564293071675
-0.010594600914158153;0.01712260158007052;-0.001747608631870967;0.026806626051738742
-0.01282085207056577;0.01875513415942589;-0.00534655726937338;0.02048736799697492
-0.013792805318340325;0.01637446189788403;-0.00823331571883537;0.006357562836781076
-0.01349973447143799;0.010503569474668852;-0.009417611917679316;-0.008174854214527674
-0.012141443840215115;0.002245751803751217;-0.008675458199751256;-0.016488051226795808
-0.010035806856398589;-0.006871734055239298;-0.006518690762312893;-0.015653386740848447
-0.007509159566760621;-0.015109847822177735;-0.003972879500867308;-0.007291876021405736
-0.004827125763020706;-0.02077955501425599;-0.0022731174533271066;0.0036512893912680074
-0.0021799305793519584;-0.02257778250136424;-0.002362654961007898;0.011437624448723725
0.00029216257043764807;-0.020022832460335493;-0.004287092817016902;0.01224270678983094
0.00244466950796885;-0.01387241293696517;-0.0069750485309663605;0.005916298682388181
0.004063973218099832;-0.006207491400422382;-0.008778233211942032;-0.0039810742445117045
0.0048362233843331345;0.00012751111695437475;-0.008478789886779496;-0.011954833589292925
0.004405514308755264;0.0026565661350828303;-0.006027660503016979;-0.01343161481841565
0.0025332281690341072;0.0004037888139044837;-0.002529602951788134;-0.007322432030696847
-0.0007208669562301713;-0.005654024488981089;0.0004389708622956676;0.003162841685466806
-0.00492431605341047;-0.013059851510135268;0.0017232516635315419;0.012153316796494593
-0.009360680507891177;-0.018951887423098036;0.0011661973148382927;0.014475401439287766
-0.013223427133812454;-0.021152760250971448;-0.00044689021146628933;0.008744467685907234
-0.015831662077928643;-0.018800906043693548;-0.0019406547241315754;-0.001802297050010795
-0.016808940683747452;-0.012403959391931214;-0.002362094698782613;-0.011271988547211929
-0.01615430917782471;-0.003514627110858009;-0.001361974061214269;-0.014580572649365969
-0.014162005934826768;0.005736270471268074;0.0006621762341256766;-0.010272649763682829
-0.011267322061383516;0.013186005843304403;0.0026541685607616643;-0.0011416378515740882
-0.007952436512190563;0.01721542092608391;0.003323671898779669;0.007521750773315305
-0.004730095046265828;0.017129078206730524;0.0018844710842200155;0.010934514465277208
-0.0020990737015504227;0.013145815553526587;-0.0012774152734035219;0.007373054005507943
-0.00041026078829523493;0.00613095241097093;-0.004577374073372824;-0.0010752196986366894
0.0002768304434275937;-0.0026243072875974235;-0.006079994192448379;-0.009839895024307705
0.0002158023625896028;-0.011500208688712642;-0.0047563981034659;-0.014422456493634906
-0.00016120451186654838;-0.018716490761787646;-0.0012639097734527226;-0.012738869688443965
-0.0004338794164698819;-0.022684464915245575;0.0023494009136845124;-0.0060222425933685484
-0.0003214151265949375;-0.022394503562749784;0.0038451969901950414;0.0020993599475355594
0.0002587273755143623;-0.01764449016748224;0.0021201071537720767;0.007735441080605405
0.0011423626613869778;-0.009086523509174988;-0.002150085506123179;0.008833076849378844
0.001913035854170093;0.0018411541652589047;-0.006859776061994901;0.006066206343332129
0.0020454318046431177;0.013102558870931277;-0.009524366127199984;0.0020710229696800915
0.0011766926341093696;0.02243143464710306;-0.008427301984642277;-0.00040654857038321485
-0.0006843716761300074;0.027869603559097914;-0.0033446165680631607;-0.0002289509097240484
-0.0031479706454800326;0.028344071963682726;0.004368506658795871;0.0016201204966332923
-0.005578264036532106;0.024053441365769587;0.012264244040477221;0.0029516176516460003
-0.007258914753255438;0.01643423436973198;0.017659352146829104;0.0020060818396906706
-0.007564640319954273;0.007639679520136375;0.018622175196625134;-0.001302863513100773
-0.006144140188077898;-0.0002491932522073776;0.014781348420466028;-0.005304671370816462
-0.003057609471524829;-0.005861382139872015;0.007561089692571175;-0.00761355026636567
0.0012034141637181047;-0.008731156450974676;-0.00043841329368999823;-0.006561793472064421
0.005830672531110098;-0.009127160248451767;-0.006729464101758808;-0.0021452704244819473
0.00992101908449054;-0.007781289202036021;-0.010136519311537128;0.003971548159649246
0.012745950154875788;-0.005619096774424366;-0.01106078180791946;0.009244513516871071
0.01396085496924842;-0.003438032815396258;-0.010657772103006374;0.01135007090540567
0.013647482007845445;-0.0016218361877558922;-0.009697093223761614;0.009126958105978125
0.012185103258254525;-0.0001338533322612867;-0.008080797468225587;0.0030452515379686866
0.010059152144439086;0.0011546952481352225;-0.005296307571037936;-0.004947257317345684
0.007720797741093999;0.002088438976735076;-0.0012313274160260675;-0.01214018847675758
0.0055188576240863905;0.0021567111019026586;0.003444899626990477;-0.016040598003433944
0.003659908203100568;0.0007976158143403925;0.007654307588850057;-0.015228331830876254
0.0021857057706881184;-0.002168393375508137;0.010669989812360982;-0.00981291864477887
0.001013315975559921;-0.006279241250276508;0.012570835178736547;-0.0013943163878827106
4.879421525169906e-05;-0.010472291910019221;0.013978913252613986;0.007454106015211131
-0.0007069148418233836;-0.013375253126174063;0.015298498935095897;0.014043291119840927
-0.0011485440519823163;-0.013750405159642614;0.01613740137377374;0.016465339639234522
-0.0011439303103594931;-0.010984521611998515;0.015500123681648686;0.014157547778049204
-0.0006209176839170568;-0.005449946267331376;0.012697654622060451;0.007931879504785756
0.000381127219676204;0.0014726096899078723;0.008202608317556552;-0.0004119633940494791
0.00169309495640516;0.007801158430259536;0.0035953104418858972;-0.00859204266841202
0.0030415118569660266;0.011660149502844434;0.0005160642148533356;-0.014305316541430609
0.004150555464056317;0.012005301507169087;-0.0005086868473204017;-0.015738050868864373
0.004908033246957402;0.009074314822540619;-0.0003284959371974865;-0.012219807594775962
0.005487781574425272;0.004356645992685843;-0.0003076273730157649;-0.004781176155109655
0.006299597852337053;1.3102312308093021e-05;-0.0011397272565621041;0.0038998117178731958
0.007763174702452167;-0.0021032337413321835;-0.0023561887736366464;0.010459506082905417
0.010048760829842292;-0.001401748501276692;-0.0028427749059479765;0.012374647356886044
0.012915208914431799;0.0010714914862693867;-0.0018111654559416813;0.009199001439513238
0.015671867759504875;0.0031713870023744534;0.000588777818055324;0.0027554469671120093
0.017297661359857632;0.002885347671776789;0.003402791044338003;-0.0038323235480844093
0.016796550421039728;-0.0004415152786423949;0.005519837850728094;-0.0077100328812982856
0.013703834176578814;-0.005599516196208414;0.006298029761400613;-0.007626457260231802
0.008399596274781729;-0.009997150454044356;0.005777622637514011;-0.004365053905247395
0.001952879376182946;-0.010875022747516179;0.0044618130953378;-8.952878758133972e-05
-0.00436925961112412;-0.0066591562128685364;0.0029359150410515327;0.0029840084019393197
-0.009537058238970693;0.002198078768125089;0.0016270786001976716;0.0037658055156841166
-0.012928405942682327;0.013307281384536558;0.0008092547510781619;0.0026049477634641862
-0.01433346392021061;0.023310994474031628;0.0007231302931363477;0.0006560163116405608
-0.013939373282028242;0.029234926228404907;0.0015985380609925019;-0.0010818574372729237
-0.012281635192636559;0.029587421445825806;0.003468164059731669;-0.002278109198916058
-0.010079840322787123;0.02478179128519701;0.005861228725003106;-0.0030610598509768928
-0.007976925244076895;0.016804312459535085;0.007655949004865516;-0.003474775155384919
-0.006314918791432496;0.00834760127589842;0.007388364869071531;-0.0032206828001432085
-0.005080253805767632;0.001805316188902952;0.004033898811577422;-0.001941003341396906
-0.004044813851598246;-0.0014669569243979331;-0.002158400506537907;0.00026495589104589374
-0.0029895780573068534;-0.0014039547628342177;-0.009403013687686203;0.0026337771574261428
-0.0018386331698828171;0.0009710995797367103;-0.015026551207086992;0.004092758815386454
-0.0006314406697795424;0.0040438286370637275;-0.016748609391698574;0.003916135691408343
0.000571500611661196;0.006248421727214166;-0.013834072363233767;0.002165180056053047
0.0017175153848183258;0.00666307922427004;-0.007415952371709748;-0.00039256635464112003
0.0027171718037689086;0.0052954451738654144;0.00016188695576313774;-0.0027487209116645547
0.003420155879310897;0.0028842236988246396;0.006535107620614065;-0.004124524422932887
0.0036643192289572066;0.0003618592489614494;0.010338832800508081;-0.004180922196722536
0.0033574492652894026;-0.0016260005181438992;0.01152771690273832;-0.002971602763900173
0.002529895928047175;-0.002851418801893425;0.01092739690476169;-0.0007992425147407123
0.0013362933669101812;-0.0033431716159553447;0.00940914411985821;0.001888549777802998
1.5053894447157651e-05;-0.00321617376618605;0.007259809912604817;0.004536622700931174
-0.0011786693613666367;-0.002662522146726097;0.004138316769494217;0.006521884900748555
-0.002042706532216228;-0.0020018455603471384;-0.00039744502262137966;0.0072890110654504105
-0.0024701317489248687;-0.0015999923322730627;-0.006197985606266354;0.006594954243652033
-0.0024486480900811516;-0.001663048683753133;-0.0121916690532453;0.004723355050834426
-0.0020281217213927484;-0.0021174116876743966;-0.016699597923140696;0.0024514995676517414
-0.0012793535560907405;-0.002710573486605099;-0.01821208473880998;0.0006819375907190411
-0.0002633217795122625;-0.0032207317110229897;-0.0161076523112763;-7.14149539675847e-05
0.0009748418779311776;-0.003574346633230212;-0.010888946317739718;2.118555468993621e-05
0.0023824146600196607;-0.003810796192983321;-0.003910892888913512;0.00027294454384450996
0.0038636413605083386;-0.003974873501003684;0.003135670548471159;2.200669465419523e-05
0.005263769515164531;-0.004022167484224713;0.0087291628762772;-0.0008317650425273216
0.006386335941220298;-0.003787689526271916;0.011887088525932761;-0.0017016360828635115
0.007031433179211469;-0.0030608488566856358;0.012348233612967763;-0.0017366070403589653
0.00704879563489541;-0.0017418256270774293;0.010510024916880275;-0.0005176725127158675
0.006418279472386227;6.373098630944978e-05;0.00709435025071649;0.0014860067548287653
0.0053414516494194025;0.0021331007347363613;0.0026860704931020744;0.003045443773723414
0.004263202407372567;0.00431204684763992;-0.002508388184487589;0.0027879233351644707
0.003742098446266372;0.006556648005576019;-0.008387803930052878;-9.549074756549598e-05
0.004200750619328321;0.008701401394469774;-0.01429995284850772;-0.005392659469319442
0.005712650266478351;0.010125865849096825;-0.018641088148557004;-0.011767447872502326
0.007976547894784242;0.009706814405387091;-0.01940041697362434;-0.016985040309778824
0.010478410764958252;0.006319834051525391;-0.015624103530855945;-0.018502886527894512
0.012689826632811773;-0.0003067465058695945;-0.008707464737209536;-0.014496464686843364
0.014168530509720292;-0.009021657614096762;-0.002115726910380633;-0.005098735490038577
0.014597969052501127;-0.017532555201721065;0.0006905402204018133;0.006882587281574768
0.013890642129088861;-0.02346284771069553;-0.0014020780728818652;0.016652944120063514
0.012322896260040064;-0.025437199946258916;-0.006499551046381616;0.019675489206308266
0.010484637522605533;-0.023423985324333294;-0.011190157894437882;0.014356864125410188
0.008948605431808046;-0.018247734175036823;-0.012822336581693131;0.0033753722580106347
0.007894674871240187;-0.010910381454435037;-0.010802847254435049;-0.00747489195169082
0.007022229035858818;-0.002376673765434664;-0.006260338948442448;-0.012434666398836136
0.0058074441723581305;0.00619509063226081;-0.0007927186204747944;-0.009062142611225345
0.003863145335983964;0.013347144689389159;0.004482716273249254;0.0003749716661318498
0.0011455444375273406;0.017706043049778027;0.008914379941694741;0.010265148592016696
-0.0020700200384540135;0.018570484932551996;0.01167543984819922;0.014959635505454831
-0.005372768465185009;0.016140713000958123;0.011424258951524867;0.01205514746583855
-0.008414500240267664;0.01123430620013658;0.006891620324052836;0.0037158371094282096
-0.010976923061246768;0.004888983272895304;-0.0018906084274962008;-0.004747472580181085
-0.012888493154239622;-0.0017400973886088538;-0.012746713130230552;-0.008190855003916411
-0.013947837958449092;-0.007298535733867795;-0.021867610321824073;-0.004827332912721413
-0.01401897126527072;-0.010405652777780964;-0.025678040535375684;0.0026877188377194042
-0.013249609370598912;-0.010226921559420864;-0.022834773231825655;0.008974879267700745
-0.01217692872018891;-0.007068308277418689;-0.014824499402096009;0.009398109483401767
-0.011558593146216595;-0.0024826739822189766;-0.004782304372865049;0.003113055354780244
-0.012017482499098836;0.001296637383632439;0.004337665383969885;-0.00624355004803775
-0.01374953882026025;0.002364896760916218;0.010831626311364398;-0.01270164730594685
-0.016479845844255162;0.00011188830753610529;0.014191359740100986;-0.011621517140729806
-0.019647921614141656;-0.004395195670071331;0.014553585514506317;-0.0025927936613820922
-0.022644368993304353;-0.00892139334180752;0.012310651923985814;0.01021676357216974
-0.024940719481919567;-0.011242481833699147;0.00803970068280021;0.020461409844002878
-0.026114355766324912;-0.010281710378596815;0.002607792130670816;0.02328067882585067
-0.025877309414256765;-0.006529403554996327;-0.002734875822695999;0.0179712545389832
-0.024148199553553722;-0.0016193336178997781;-0.006475049735678004;0.00806514679746372
-0.021084549839315684;0.0025330428698524194;-0.007289133857174299;-0.0010872341626798775
-0.01701360872873527;0.004534260389906113;-0.0046827032644142135;-0.005549049859696518
-0.012328320958597996;0.003989115799403085;0.000573624540204529;-0.0048155562806313805
-0.00744553317408293;0.00156016919320633;0.006575052803376058;-0.0015747169945152604
-0.0028161104329225382;-0.0014126409115114058;0.011030546947755631;0.00037720583224872597
0.001094360137190317;-0.0036035427183918507;0.012276141451489853;-0.001333257497250412
0.00388334477813929;-0.004351174950012165;0.009996598082121428;-0.006169807282251992
0.0053127645630522535;-0.0038950318793337887;0.005285365322961569;-0.011045967869960423
0.00540217268578869;-0.0030982534853244725;9.915141544902883e-05;-0.012276540258274458
0.004484170388286971;-0.0028807234618737554;-0.0035593479317547515;-0.007963141589396488
0.0031598082258078365;-0.0037103460932847686;-0.004399285293276613;0.0006162704641748592
0.002110819073661628;-0.005385843841199294;-0.0022995782619454953;0.009490071472396368
0.0018326460524919982;-0.007125755425455042;0.0016864574864383192;0.014125277244813952
0.0024346075885009395;-0.007846524588269038;0.005775189380097811;0.011986482968656528
0.0036106641827000152;-0.006541993584062373;0.008154866677117107;0.0040093458856706185
0.004771621908322749;-0.0027275724569574816;0.007691124544173165;-0.005888424009193002
0.005261586119217482;0.003171557128109913;0.0044367689074280925;-0.012948983764356853
0.004579146805835736;0.009737124045413397;-0.0002314272426852644;-0.01409218006516777
0.002538266528751888;0.014960796567040682;-0.004045132060367934;-0.00938579762968424
-0.0006766042497173464;0.017015698914373264;-0.004876037309930375;-0.0017458736153888716
-0.004561489793140845;0.015009705427564421;-0.0019585981711471643;0.004794135660732677
-0.008403114455763201;0.009347730046200774;0.003475245842576181;0.007158567897819994
-0.011403804857906236;0.001581182151609012;0.008753264203807707;0.004549171647729671
-0.012817005924669214;-0.006130613495626715;0.011320161810300272;-0.0014764407355707379
-0.012099844696556509;-0.011714870563578518;0.010260940812239964;-0.007921137301168049
-0.009054048370012538;-0.013799502242378027;0.006684263734179025;-0.011663599176146592
-0.0039078288501170535;-0.012070578368671652;0.002740597087955768;-0.01068009428992998
0.0026832571203492814;-0.007303872335151298;0.00010983023432340313;-0.0048845877586802715
0.009720433008566577;-0.0010784558780303935;-0.000893379326200681;0.0036569261279528736
0.016045825920054983;0.004788109756269183;-0.0010567598096155274;0.011362344712395063
0.02061943648958552;0.00892200910609812;-0.001264725552304472;0.014593836570115998
0.0227991600712975;0.010833573365210986;-0.001676664499041924;0.011431432746863387
0.02248529064887954;0.010798365940226932;-0.0016872767052392606;0.0028396667134970694
0.020066254634178382;0.009287625360746125;-0.0004863844111236264;-0.007594339059461656
0.016231822496109154;0.00647341110060159;0.0023837554214437623;-0.015408252264285336
0.011760347757071361;0.002265163810578059;0.0068153790666974304;-0.017554736421785885
0.007334402180208898;-0.0031679741057790427;0.012139964901866477;-0.01384795733759066
0.003413286746820607;-0.008886767409509087;0.017148085339141462;-0.006727665200453298
0.00020909420912795798;-0.013198979334718633;0.020248161246629127;0.00034817699813709333
-0.0022261419563832747;-0.014315514071476127;0.02005154182118681;0.004733134623732512
-0.003887301412439997;-0.011260720913548024;0.016266934754176045;0.005578532225487804
-0.0047747053321730805;-0.004453924410423162;0.010202317251449817;0.003692964379964948
-0.004930155507112231;0.00436739368187291;0.004207928514603865;0.0007285261407578976
-0.004483175764000422;0.012765030350137568;0.0002498890300933873;-0.0016847271545583859
-0.0036416165161427374;0.018421410939121245;-0.0012996338574186132;-0.0025326226497963183
-0.0025987133401634828;0.019909947796062862;-0.0016210694272035739;-0.001705070819122872
-0.001404369812077443;0.017229697093048408;-0.0021925702958378386;4.2082396638519996e-05
7.183242991939796e-05;0.011847736744392821;-0.0034412361234671526;0.0015307671535625164
0.002010619597733396;0.006053484574701046;-0.0044598038308500875;0.001901538027762941
0.0044470937869167;0.0018070161327873818;-0.003932350439001503;0.0012002445339306493
0.007170973000316662;-0.0003070975410990631;-0.001346482767190731;0.00031572865784689614
0.009746600406187132;-0.001346636763535856;0.0025571854394435723;0.00023961498447090738
0.01158015645604008;-0.0032532918129178794;0.006332306004541408;0.0012110644910809719
0.012042212751448666;-0.007466117619431956;0.008734078250625905;0.0024527196857541227
0.010697782906958069;-0.013729482205406178;0.009221118038114304;0.0027489063670839194
0.007557310936678646;-0.019862660793579616;0.007857915909409999;0.0014475551666421336
0.0031531415600710663;-0.022747512470397246;0.004990234298110833;-0.000886140797507161
-0.0016256384571054138;-0.020055693042441203;0.0010938209344291286;-0.002714692041505799
-0.005799637130821782;-0.011687115229857232;-0.003156242679521862;-0.002578788627316514
-0.008513538940876138;8.847410928901975e-06;-0.006825804079379563;-0.00023902466319973534
-0.009192523517313278;0.011357602690776715;-0.008912400971867284;0.0029436761668566514
-0.007686351856666611;0.01907237265662622;-0.008816746160091923;0.004755464177889978
-0.004345848380352961;0.02154853989523146;-0.0068183150542929635;0.003581452779496266
7.286020933523108e-05;0.019181704842048827;-0.004131199908359509;-0.0004033810695484499
0.004668620360783795;0.013788440474828783;-0.0023479330563130865;-0.005167027276352414
0.008677283546664248;0.007604690914779546;-0.0025610225333850467;-0.008006209764638962
0.011630382626986496;0.0024126119340182194;-0.004764857136462733;-0.007221390272311829
0.013358148331655413;-0.0008557979658329521;-0.007967743818931025;-0.00314791815992421
0.013913467198661596;-0.0020521756740829104;-0.010895995984662801;0.00209586015681497
0.013510256095306596;-0.001542459547050406;-0.012721221926561145;0.005838005239722058
0.012498317800940573;4.7787310640697235e-05;-0.013283187522021046;0.006177076438533364
0.011322585826756245;0.002018184250102309;-0.012761584360301729;0.002704911450623552
0.010416606629603692;0.0037071902743318792;-0.011234477846476723;-0.003466153137049923
0.010049277318006181;0.004524135634918228;-0.008624985906960049;-0.010075843729577426
0.01020951612293403;0.003956820346842984;-0.005127410396950517;-0.01428846936312486
0.010614050785540343;0.0016821968121573225;-0.0016598581563936885;-0.013561817443035574
0.010849441806894948;-0.0021902828594515156;0.00029654983799087717;-0.006880732537319208
0.010573821395654742;-0.006924207499200284;-0.00037835746217019;0.004101609481051931
0.009685676466743526;-0.011264808596755415;-0.0034797352412077385;0.014994345954654762
0.008398258400551542;-0.013916505876791717;-0.007469981269208554;0.02038499512626265
0.007166979358241206;-0.01414514216499365;-0.010512454929535146;0.016812377282510657
0.006447386661496685;-0.0121032080566839;-0.011480399981172607;0.005175228071005227
0.0063967788404467535;-0.008665525022808283;-0.009996041561706161;-0.00925417080180844
0.006746717641181945;-0.00495277126107636;-0.005870194094972574;-0.019497782410051366
0.0069556694856950955;-0.0019011143422270568;0.0009140476525996593;-0.0206367944640507
0.006496435047038065;-6.255199090335854e-05;0.009340101066098623;-0.012384823451548944
0.005059239254494131;0.00041409145559215575;0.016644954799086294;0.000945644629025401
0.002606178540096476;-0.00028609544626212214;0.01899984667269428;0.012858456326476836
-0.0006636721074542558;-0.0017729242636108236;0.013598001760834331;0.018014750066778665
-0.004398044515881005;-0.0036091416050141353;0.0007255938361437491;0.014797071761865087
-0.008198272195703552;-0.00541553965060255;-0.015830791169881366;0.005936420311705096
-0.011684874322893214;-0.0068724012367485455;-0.030462196343299948;-0.0030487430755960646
-0.014496674615433575;-0.007691168028764759;-0.038387244345757195;-0.006871124476142395
-0.016307826979422003;-0.007670249461695831;-0.037631904981704545;-0.003451188870939857
-0.016937447529418816;-0.00680166693764675;-0.02938427987136909;0.004800947058743268
-0.01647106679052352;-0.005253997852513535;-0.016868332265941328;0.012290132173819865
-0.015243305287437836;-0.0031708915283776345;-0.0036245033058946658;0.01356854020493403
-0.013670745941358576;-0.0004973783027762687;0.007777299388650779;0.0068033102500870204
-0.012080455624889935;0.002901055085892527;0.016033943728962663;-0.004802439865229591
-0.010647172009284646;0.00688784310753703;0.020679159912299266;-0.014683888764241235
-0.009412268545436333;0.010880675769176801;0.021693397230493003;-0.016786263479477773
-0.00831314633032512;0.01413199044586508;0.01956920790917291;-0.009273439806810111
-0.007224150420702512;0.01620673764941695;0.015491841335113611;0.004248694657987974
-0.0060567549129751045;0.017114406150686795;0.011103366178761826;0.016781980165944285
-0.004903174534372958;0.01692408400900173;0.007861257425003475;0.02199283627710576
-0.004110394624382401;0.015299334330286803;0.006476590513596728;0.01774645829465648
-0.004180137254376294;0.011535389368909575;0.0067659938656985325;0.006965172735035752
-0.005526621324310063;0.005218807375738762;0.007840317195997148;-0.004537066931498847
-0.00824864912701175;-0.002976867288369912;0.008443110749934212;-0.01162242674170034
-0.012055270170014341;-0.01105871342588706;0.007393563277068506;-0.012451637316136138
-0.016356777395205038;-0.01638868147987754;0.004089437023069825;-0.00872691055602375
-0.020432986292022087;-0.01694720811645953;-0.0011341643952755937;-0.003837697837179754
-0.023603151874225077;-0.012397229653240489;-0.007001877608005071;-0.0004628401597756365
-0.025382078587656867;-0.004267096607856641;-0.011671917287390633;0.000755183615728065
-0.025590942415243255;0.004783207048978151;-0.01336813058326997;0.0008783695378674297
-0.02433417233386513;0.01203534253351342;-0.011114647286188727;0.0013394829471310502
-0.02182486323253384;0.015551462927154985;-0.005317677778375762;0.002750086336297208
-0.0182138160786118;0.014647601814322925;0.002169376030441074;0.004553443682262285
-0.013594217071470701;0.010060055635048136;0.008696813010155744;0.005501345963256433
-0.00815239032868905;0.003691781016447014;0.01193666282800298;0.004512570781293577
-0.002283637586692227;-0.0021424301545286345;0.010883081263889307;0.0013993919685555826
0.003429640419915733;-0.005661013094311823;0.006223796232735369;-0.002917444067131092
0.008328414814516351;-0.006212328464601886;-5.715680295800874e-05;-0.006796873610917431
0.011799544475186335;-0.004248737444591936;-0.0055916892368715115;-0.008625250107885658
0.013395010571773228;-0.0008601851219361119;-0.008594465302947683;-0.007523978501644498
0.012945119538139068;0.002742108568717036;-0.008472498976513419;-0.0037286133001899454
0.010619312215084057;0.005551562107828077;-0.005870778723787807;0.001445378160422483
0.0068879916191299274;0.006939935302232364;-0.002192181207909542;0.006020520165766137
0.002409130844067961;0.006802830635357666;0.0011366095081921438;0.008073583799625188
-0.00208742883398074;0.005624579646484108;0.0032724166755040518;0.006549467610947461
-0.005883898121248255;0.004273144961898441;0.0041659683917334225;0.0018265961727606322
-0.008358671519681065;0.003522214485712072;0.004340479888479861;-0.0042999909807642355
-0.009105557391322051;0.0036087657561893645;0.004408669950725077;-0.00929136672577181
-0.00806853060010469;0.004128168505168979;0.004613484894478622;-0.010921080520938027
-0.005624104285804362;0.004257754081962043;0.004682592947210369;-0.008252114849903755
-0.0025341668909200296;0.003137224717157474;0.0041427943506572775;-0.0021205244541520687
0.0002659220773859327;0.00033033675110770433;0.002930352478647625;0.005087382442585421
0.0019856887236980223;-0.0037419029028548673;0.0018047779988828673;0.010336040502220223
0.0022635762317078515;-0.007741510961086138;0.0020749706712669042;0.011229747448413685
0.001292529729685704;-0.010004930098616367;0.004648200296707767;0.0071524115535395675
-0.00023908914774273894;-0.009510605115716199;0.009051925185391527;-0.0003305947660705445
-0.0013524485988269906;-0.006515837271950981;0.0132581526010082;-0.008087818939691146
-0.0010906598351681125;-0.002398479578716956;0.014631315169074911;-0.012792661848774431
0.0011265325455062833;0.0011120698295192305;0.011480426732456162;-0.012390751810444751
0.0052534001476995966;0.002742998854051527;0.004189340038667059;-0.007005620377363563
0.010629105007946386;0.002091184340947292;-0.004837776540145011;0.001081600129175188
0.016248827227886148;-0.0004184033729124234;-0.012357656170098907;0.008388235834113288
0.021116435076940242;-0.003861254693224698;-0.01583762958651578;0.011776257630928681
0.024489939378302454;-0.007243054923017689;-0.014500062385974656;0.009922461295866195
0.025970920584767954;-0.009859813766385868;-0.009386790722177766;0.0039677898740708
0.02550435488051134;-0.011426085333684298;-0.002571576546341559;-0.0030582234344802015
0.02335511392353666;-0.011929415925908505;0.0038645544267369787;-0.007787780338715349
0.02006258608342278;-0.011369028575271969;0.008430814844575496;-0.00820435477598229
0.016333705825221333;-0.00961872289045547;0.010214345662953641;-0.004534823038566944
0.012865179333487423;-0.006539279595580074;0.008685368033862946;0.0010948560037717626
0.010156630266167685;-0.0022645709930014654;0.003867958797786018;0.005913065809114795
0.008399964793069188;0.0025576337612570905;-0.0031172090562123795;0.007857513794260664
0.0074767703391112085;0.006785165523961308;-0.009802136210719297;0.006346685001993902
0.007040409186085498;0.00912395769758375;-0.013116986565543713;0.0022825163908949484
0.00666130678436655;0.00866396128045533;-0.011054207379626469;-0.0025036448089690837
0.006021162407046993;0.005371181603762775;-0.004213695310514446;-0.0060489143793620295
0.005091829645095639;0.00029774305771204505;0.004041769797361269;-0.007030186499323699
0.004182574527389532;-0.00466072519790255;0.009263535926356531;-0.005263605904198502
0.003793909650686774;-0.007482512550429499;0.008537876490993083;-0.0017219701586398952
0.0043599605134888395;-0.006979123457050334;0.002357197904214251;0.0019761066850866754
0.006033561836183174;-0.003514856570549288;-0.005553741249750872;0.004368430875782786
0.008583199178241619;0.000999847644197251;-0.010401763323604062;0.004811829635713029
0.011372707571006075;0.003974107944694763;-0.009107509236748993;0.0036560374809356524
0.013447045366450429;0.0034729581369031095;-0.001973752460352566;0.0018768656791781464
0.013824641029052594;-0.0006870007067576317;0.007704603631585823;0.0004046393632381969
0.011953567874232613;-0.006688653912233372;0.015681991872424417;-0.00047140698376452986
0.008034750619670399;-0.011464724365244506;0.019051543608638834;-0.001252543648785185
0.002938574645283174;-0.01209322079055068;0.017384524847039118;-0.0027638448263927833
-0.0022132187341969713;-0.007190978362954027;0.012254718641702097;-0.005297422892946948
-0.006479727468190251;0.0023283585228748315;0.0058045042300925885;-0.007975536857275825
-0.009331412471306304;0.013492221979363303;-0.0004893057391478624;-0.008956283352605838
-0.010686392321315748;0.022436386628703613;-0.00609076201854624;-0.0065694187374675216
-0.010825041645794405;0.02600700593109627;-0.010855461409234962;-0.0006908694318225298
-0.010222608406256868;0.023061756153061656;-0.014423682019633285;0.006690297766819775
-0.009356235911546868;0.014845275506016413;-0.016196839090227073;0.012281599858403982
-0.008570537297152655;0.004291176474001473;-0.015842175004865167;0.013268965459151669
-0.008045432601600478;-0.005308392467385928;-0.013714019271599697;0.008963927924203209
-0.007839221188540958;-0.011534486083398859;-0.010701650185894685;0.0012817541965927683
-0.007945400588650958;-0.013448828812393567;-0.007632062800877867;-0.006232619344418031
-0.008316927566384854;-0.011520929040226013;-0.004792349140344037;-0.010227280667619083
-0.008858801897100045;-0.007144291436058193;-0.0019759872820945008;-0.009162645493512582
-0.009426776933026721;-0.002035221170920701;0.0010597382822998356;-0.003882481436988585
-0.009855316002553316;0.002307890530706139;0.004169736972164256;0.003046075659488243
-0.009995481253962369;0.004979106858268076;0.006765562299181531;0.008720024475531118
-0.00973421800256249;0.00579235805337122;0.008119926932171971;0.011207186409148483
-0.00899535434451496;0.005141070922843734;0.007783012004909054;0.010160720164020748
-0.007744266272447366;0.003683039067637627;0.005843134278881408;0.006608877944745386
-0.00600945144431223;0.0020292390501358477;0.0028937502962172188;0.0022144491427231764
-0.003907674097860169;0.0005809116066932107;-0.00024597348936438227;-0.0015285573330380844
-0.0016399676066073449;-0.00047262487783328186;-0.002869161104371344;-0.003786190031662359
0.0005621709555975006;-0.0010860652053713235;-0.004587957131900612;-0.00444056514315831
0.002519180274952557;-0.0013074238368069536;-0.0053459878891101665;-0.0038425877363895636
0.0041604669977487905;-0.0012615917338066461;-0.005314167870286902;-0.0025082044261099286
0.0055153311324076006;-0.0011288178676303728;-0.004788911784038202;-0.0009363285240677191
0.006647345756408705;-0.0010837256122893124;-0.004133324712016949;0.00043354491421640734
0.007583628869518888;-0.0012153133637847298;-0.003696483199750198;0.001221131179356252
0.008288064048249597;-0.0014900687072476305;-0.0036430097468037603;0.0011591474365465098
0.008688434954364114;-0.0017947672968846016;-0.003755192216722713;0.00020676589130127056
0.008730493442524254;-0.002022367149527589;-0.003411182736805423;-0.0013644445613743396
0.008422158968608724;-0.002121486770576107;-0.0019105053102925539;-0.003011529608593353
0.007840021915369453;-0.0020721330017876437;0.0009586449851168478;-0.004112669598789205
0.007087768836291373;-0.0018410313444184897;0.0045391266439518945;-0.004237195728947766
0.006228077955215913;-0.0014020458710923072;0.00753696778360904;-0.003359803827819754
0.005242939024223849;-0.0008266173362740088;0.008819857099571069;-0.0018892930161785201
0.004067894494977925;-0.0003415038825329452;0.008165739963666223;-0.0004517682344223465
0.00267958507704669;-0.00025238694793829183;0.006270809769858191;0.0004954804360103303
0.0011543455042143144;-0.000760646051386938;0.003949924163085507;0.0009824533796035546
-0.0003622215011204437;-0.0018185252645011151;0.0012670249607326881;0.00149164912690554
-0.001734798037526691;-0.0031313802698859465;-0.002504549912855494;0.0024855201096971244
-0.0028658971282068406;-0.0042671349745935835;-0.007927226349935965;0.003791754577821271
-0.0036450582684336348;-0.004766077980036759;-0.014267269745099124;0.004388147339045144
-0.003919773083912283;-0.004234287668564956;-0.0192914450111741;0.0029483760218328267
-0.0035779527901022984;-0.002493689715295417;-0.020363852632718036;-0.001060805100231159
-0.0026779687625818433;0.00021080620085127605;-0.016102362426095584;-0.006490515047081007
-0.0014810952978142995;0.0031148842998791233;-0.007381843418169753;-0.010639188489458383
-0.0003448062783378637;0.005161160108884663;0.003010158585820086;-0.010627601855100791
0.0004343794276967068;0.005560665452525713;0.011801018050881426;-0.005360190166310522
0.0007403043884695069;0.004375259258543711;0.01681048801694495;0.003204243139911714
0.0006884545936058245;0.0026322576062148043;0.017721487618867018;0.010602961765862628
0.0005712077979766783;0.0017113217441174571;0.015699672962437426;0.012337111917529777
0.0006517189035029675;0.0023392841050082673;0.012386106472485595;0.006920534037318911
0.0008803264953273745;0.003990368260853575;0.009174425590632345;-0.002619643952599247
0.0007621070294318239;0.0052398119037308346;0.007117731132052827;-0.01019171140175576
-0.0004477530678294018;0.00479894931801273;0.006920522800268099;-0.010445190211952674
-0.0033203356707610264;0.0024090050085050084;0.008469220463146583;-0.0025272479910995365
-0.007899489252430263;-0.0010167208792567057;0.010306036079276682;0.008828384065174458
-0.013618499809664337;-0.003999128853236204;0.009991759765401531;0.01587683074820923
-0.019460303562968264;-0.005385272887160575;0.0055655269499300915;0.012703246784254418
-0.024257715465339297;-0.004939889134622169;-0.0028834588079105104;-0.0006686621817648504
-0.02706913041351917;-0.0032778525743221093;-0.012814143504559533;-0.017619716505399324
-0.027508003296094912;-0.0013068013300742047;-0.02037816075817203;-0.028382308200208376
-0.02581542016998992;0.00024202256007875062;-0.02231167621691462;-0.02568305415116671
-0.022609644924442132;0.0008503311469564257;-0.01742560262394697;-0.009274087441262664
-0.018547469351527644;0.00010845876953617786;-0.007075945148201877;0.013358482507347932
-0.014180064992837409;-0.0020873894697644446;0.005404116500422408;0.030675402889784015
-0.010000103572584362;-0.0051563849879304275;0.016033958993409075;0.033255277644396834
-0.006458932789513942;-0.007839225297668598;0.021717808855385295;0.01906924759289235
-0.003842743266162849;-0.008825270108883764;0.021227981281661583;-0.005175589994229807
-0.0021288059940230038;-0.007530996042088843;0.01525914543617328;-0.027484993782323924
-0.000998198565221452;-0.0043409555606182286;0.00587074906619363;-0.03688341368453988
-2.68451856183505e-05;-0.00016260859754252917;-0.004175360271230664;-0.029028753174460433
0.0010956862146012838;0.0041666662152884;-0.01206741527077508;-0.008147727773874831
0.002468848103793105;0.00804640780682721;-0.015676168246842592;0.015500870640216729
0.003997887744281751;0.010898553636053123;-0.01419293237648298;0.031010696540426992
0.005423189199906385;0.012077303792264495;-0.008324524041112343;0.032097403647638155
0.0063462543765198725;0.011161144795930016;4.7411044520921255e-05;0.01962320152422366
0.0063390457371585;0.008335754046512218;0.008504977159967668;0.00043255704707479136
0.005155711370359793;0.004453306829037642;0.014756217301347845;-0.016464989714293242
0.002910228287140189;0.0007175183539780483;0.01719945814155852;-0.024197785085891543
6.193072597484603e-05;-0.0017509123726272484;0.01534593050451068;-0.020795523804501937
-0.002795033246942113;-0.002270430981745064;0.01001109734896164;-0.009406881885765477
-0.005183268344358817;-0.0008491029763001018;0.003144208329326637;0.003780266040649671
-0.00686891343332962;0.0017004373602008678;-0.002768604871966587;0.01269694969600006
-0.007819308130029635;0.003913103142046106;-0.005609461183591501;0.014087899211865611
-0.008070927322409912;0.0041802971996488135;-0.004509512970961759;0.008606481321087748
-0.007613149458855684;0.0014717572061325023;-0.00029559641088451697;2.553743240822649e-05
-0.006341229861041959;-0.0040840365760165765;0.004761712733698658;-0.0068666575652821344
-0.004088730520040357;-0.011075195890832258;0.007884338787144582;-0.00861794008476247
-0.0007394408574665783;-0.01720045309727744;0.007074115368270418;-0.004636583117379295
0.003615000805155721;-0.0200284954638122;0.002145279719505653;0.002753942340401794
0.00856559011646443;-0.017895612283748537;-0.005097584835118472;0.009664364199936656
0.013415186772232027;-0.010659282613826713;-0.011694475693951871;0.012654306818454504
0.017342848911280496;4.064113100184722e-05;-0.014924485804125061;0.010395912386300877
0.019615881857632952;0.011233238653697145;-0.013504563278331036;0.004214136360461203
0.01976762369235976;0.01962053014961555;-0.00804070036729804;-0.0026884339119969377
0.017709677104527994;0.022664290266709932;-0.0006544052490668134;-0.00689731988497033
0.013776816832376209;0.01934068635656557;0.005917513850328841;-0.006511840454994518
0.008700674699485676;0.010432314146184445;0.00933865222710379;-0.0020585737521308925
0.0034899362120477838;-0.0016105337157259437;0.008467948685387677;0.0038986565527377036
-0.0007993731851921747;-0.013263265914690854;0.0037348798453385903;0.008243127621560445
-0.0033459950431882937;-0.02100079017415145;-0.002992764653294317;0.009017764134589781
-0.003760983781882301;-0.02258869931406295;-0.009062608646320946;0.0063488438842248
-0.002112858485277579;-0.017987321620335884;-0.012102269682231041;0.002084404207617746
0.0011548483856281067;-0.009336676705388213;-0.011153015914825598;-0.001499314236317536
0.005298222134243594;4.063630867890292e-06;-0.0072992834839575365;-0.003019879163523067
0.009355108853258827;0.0068942534780448384;-0.003242122689915056;-0.002564188745019109
0.012364550121259595;0.009669883933177432;-0.0017818081574871145;-0.001337301752752574
0.013748052534669769;0.008664998426786188;-0.004006864327507852;-0.000759814860519786
0.013642806616811526;0.00577572872971754;-0.00842026990530243;-0.0016042780228763631
0.01290171911821854;0.00331993006200479;-0.011746641293429939;-0.0036238582955343854
0.012681979439388808;0.002786924224726833;-0.011021868283144068;-0.005786768545421354
0.013832170567705557;0.0040768151192045275;-0.005564403371798811;-0.006910986924169122
0.016394590436182643;0.005568894792241867;0.002626517484818436;-0.006337600406470088
0.019456882497366382;0.005009591052477354;0.01035192747671951;-0.004285191848185031
0.0214625501633485;0.0008539501955501763;0.015335667276952522;-0.0016783289392555858
0.020917203495487067;-0.00659499171821582;0.017215818486553;0.00045821680760347114
0.017149083730799156;-0.014937586887019766;0.016714166436433385;0.0016395027433420124
0.010631053506073017;-0.020619850972634336;0.014039271364804462;0.0021335640420786163
0.002657714001656976;-0.0206785479698805;0.008317582323528009;0.002579759462806625
-0.005299495187742651;-0.014342228645273927;-0.0011841361148052436;0.0032962116321451447
-0.012053693399433425;-0.003545399494875405;-0.013156434453014862;0.0038255679791030423
-0.016815190450743853;0.007952709240812834;-0.023713422677191603;0.003135278013722716
-0.019171130297383966;0.01630187292637858;-0.02826435643126351;0.00043141413145312874
-0.0191340873578833;0.019142476264680703;-0.02463435152150258;-0.0039483370360511045
-0.01720167690447254;0.01626469141923958;-0.014907883099818721;-0.008283898046286623
-0.014254911434897665;0.00925716176420531;-0.004302149052296066;-0.010238570069671587
-0.011257639861192978;0.0006254594785318443;0.002228929179998505;-0.008265772423711227
-0.008913350237204238;-0.007061976711831336;0.0030907388861809437;-0.002692056763900198
-0.007490381587079104;-0.011759252154060608;0.0005488644819269885;0.004348729428369118
-0.00689301282288838;-0.012322141140582906;-0.0015064239993368017;0.010115466994171636
-0.006857672952196369;-0.008754218136485577;-0.000536737158647174;0.012728380148418938
-0.007092123489471429;-0.002220645381024031;0.0032339915898611637;0.01190756664377101
-0.007304581618973252;0.005315346955503344;0.007695185338018978;0.008645884205719058
-0.007209369385198807;0.011780942621268707;0.010822962831416807;0.004313845598662307
-0.006578500190978972;0.01570946894762684;0.011956750033407086;-1.6271724373383122e-05
-0.00530796956633078;0.01663413925570185;0.011556826063351974;-0.003647218119454892
-0.003445177825428301;0.01499596905935327;0.010090564103226113;-0.005982418812253027
-0.001175665634778848;0.011692497806853726;0.007341803731788496;-0.006410064280202378
0.001214870046520129;0.00760191235665014;0.002833379462304415;-0.004590979542698506
0.003406275346848436;0.003385588556920326;-0.0031199543608659655;-0.000920010861414915
0.0051238594143515484;-0.00040348851473758255;-0.008862840002240394;0.0033164820461396988
0.006187510417411116;-0.003174633045627557;-0.012054005201702203;0.006375511894654016
0.00651488780223994;-0.004403756660706112;-0.011126205349101794;0.00690973534944445
0.006122804371209978;-0.003967787432870774;-0.006413778316424883;0.0047044762347906895
0.005155786424797765;-0.002368666208765985;-6.784672168107029e-05;0.0008013586908949194
0.0038925699793537403;-0.0005492517983179886;0.005163454720357163;-0.0030831093174923277
0.002665571268880379;0.0006144762846887716;0.007404334760221042;-0.005463012327261448
0.0017188739780436594;0.0007586282233547099;0.006427144427033142;-0.005751298316798773
0.0011141512774942423;0.00010985038909674477;0.0034022155073638806;-0.00435297607947583
0.0007598179464345695;-0.0007817063271322322;1.2711480423737965e-06;-0.0022515659535085903
0.0005268274538171932;-0.001406237005655296;-0.002471351784431281;-0.0004256664094285215
0.0003509577784156364;-0.001525583581233246;-0.0034617681277823095;0.000573071443261433
0.0002550562123150683;-0.001201394660766805;-0.0030440807237301416;0.0007323564557290747
0.00029736854616137156;-0.0006837235158888589;-0.0015783502981050802;0.0004235594623052696
0.0004964207254787159;-0.00026320777907631393;0.0005451793417890554;0.00011798623582041431
0.0007844739786574232;-0.00015805831577577354;0.0029578311747914445;0.00012018136496253432
0.00101723930365159;-0.00045695449132304847;0.005252508415326762;0.0004176661275162809
0.0010326813119861577;-0.0011079303891819122;0.006975557572415689;0.0006906242288115057
0.0007211715466958359;-0.001936594895565109;0.007731312025640807;0.0004718887660454632
6.674397138888255e-05;-0.0026783237631226426;0.007313948408255067;-0.0006114999308813147
-0.000846808970059211;-0.0030112713204248085;0.005766534382253511;-0.0026376244618648136
-0.0018392634341057258;-0.002595726002943078;0.003382249653075959;-0.005339508731376281
-0.0026382065763020514;-0.0011597375454126865;0.0007223240587147751;-0.008193240519792765
-0.0029209084321280346;0.001335002897738151;-0.0013791667966769098;-0.010500942736431774
-0.0024276760696317194;0.004508311198081937;-0.0019931238336761375;-0.011375317339622791
-0.001105225323628515;0.007530376856877022;-0.0005714250433831432;-0.00978270484009875
0.0008291007647543572;0.009383392189828671;0.00248276565641598;-0.004970109324320637
0.002971617822674519;0.00933778832523892;0.005675891515749847;0.002641849935730761
0.004908605015045011;0.007351151049429894;0.007091971958538056;0.010647848755366628
0.0063608479584439095;0.004104313317564666;0.005534173428115216;0.014947368362604007
0.0072313928502664325;0.0006318928659873597;0.0012571975407018184;0.011742781037771525
0.00756767283749156;-0.002186618490689995;-0.004223201134834075;0.0004594379872798244
0.00746225943141738;-0.003889330229203026;-0.00888576564119723;-0.014525057039950644
0.006938298794230147;-0.004318480253209735;-0.010922616231453717;-0.025241537214937944
0.005914153357638639;-0.0034266286954702553;-0.00930537340019529;-0.024449016069933008
0.004301069269332307;-0.0013543237097927237;-0.004293589269808337;-0.010415053503350992
0.002156401914291326;0.0013004689790649243;0.0024070909994339373;0.011096755866024613
-0.0002437554093955147;0.0034445507786191668;0.00827621564284811;0.029313791126595778
-0.0024765725067085933;0.0039096435922641335;0.011245314076088087;0.034263815344059485
-0.004151973766854521;0.0020893625158226086;0.010740053840032992;0.02258343312346885
-0.005093715408219444;-0.0016671476245403091;0.007683528249348603;-0.00014888450246680214
-0.005390194580084174;-0.006188364068139738;0.0035399768465475146;-0.022107097649718632
-0.005261014785499265;-0.010057715168668177;-0.0006428758979170547;-0.03159670247593038
-0.004857858911964015;-0.012263774806290196;-0.00437548843155843;-0.023548444044796092
-0.004195619338441138;-0.012520100625104459;-0.007236763554950345;-0.0023562342837986174
-0.0032595189568451303;-0.011105003705671425;-0.008547002091198515;0.02062299827624387
-0.002128426655928291;-0.008439474745155974;-0.007603020011962165;0.03342844844454463
-0.0009557386343306075;-0.0048090941240740296;-0.004214766837835716;0.029984842541207722
0.0001641011618847171;-0.00045352130982143123;0.0008892142248736307;0.013029763349518046
0.0012864687390791388;0.004163373641282844;0.00605346122903773;-0.007969243541606849
0.002558766562447273;0.008297992856496999;0.009196500195091451;-0.022359491790521286
0.004051832641695744;0.011220290301242244;0.008723738818419199;-0.023927982745630686
0.005621039625959764;0.012562980361330621;0.004420317002555176;-0.013561083932203215
0.006919702210211072;0.012378416110690621;-0.002257732176449418;0.0021003270033044174
0.007560037681948959;0.010908942038742483;-0.008768254604686531;0.014769384519869366
0.007297388393329364;0.008361147252026767;-0.01267625801484702;0.01887316614188767
0.0061189035651731186;0.004894671173618377;-0.012838915795876761;0.013891037179404802
0.004219667569834824;0.0007859284403957691;-0.009965495266027673;0.0037814275491804936
0.0019191639743821806;-0.003411350757867092;-0.006222483439768629;-0.005745519850351444
-0.0004399542674354318;-0.006871963852406518;-0.004028033125470701;-0.010352595817366108
-0.0025920256759485645;-0.008736838194950825;-0.004653175254094795;-0.008942662120745551
-0.004411749158129145;-0.008495136253708114;-0.007450191173453352;-0.0035599560644952676
-0.0058937868883891026;-0.006290618384629902;-0.010245989154872346;0.0022652383315052167
-0.007057092178367267;-0.002952017954497727;-0.010718630023691224;0.005611721088808163
-0.007863864211083689;0.0002796940024224723;-0.007872498252778788;0.005542284256901521
-0.008238099786048269;0.002189290832233557;-0.0026046398555706414;0.0031457363231916233
-0.008154398680488935;0.0020094056115755265;0.0030287494205909126;0.00043986579588736025
-0.007676912349995567;-0.0003042361452476496;0.007276563385316151;-0.001045570615426264
-0.00688889296064977;-0.004012160834149752;0.009736017990159765;-0.0010941689274443444
-0.005797365360164712;-0.007776677797244139;0.011147434725518246;-0.0006112807278751067
-0.004335200671343842;-0.010087374556266399;0.012158743006466861;-0.0007084852837651901
-0.002466755864660123;-0.009837313053404049;0.012205405979733666;-0.0018049331834709777
-0.00029212024938361715;-0.006852245566284155;0.009630393129984162;-0.003379914385771008
0.001933330287063333;-0.002105552113171054;0.0031111134911657795;-0.0044593498579864445
0.003858036778097887;0.0025975123395200533;-0.006768841786866773;-0.0043553475744485875
0.0051254460003363955;0.005423317300432389;-0.017238421489175097;-0.0030559326040692533
0.005464142346151402;0.005371490777667701;-0.024773225337255646;-0.0010541814564875849
0.004760493320637996;0.0026254797612981808;-0.02720513635057475;0.0010797015465082796
0.0031054728151887717;-0.0017800087054442363;-0.02484427138470285;0.002932412330209955
0.0008115763263993149;-0.006545312297574234;-0.019772082263893414;0.004167662441799682
-0.001609013712592315;-0.010416490475202609;-0.014020703486752936;0.004429869716452756
-0.0035218774035661177;-0.012213488371399893;-0.00823917106184386;0.0035518175893968986
-0.0043163738752711464;-0.010997498424810839;-0.0018897633149012583;0.001975029903964219
-0.0036044885354248823;-0.006565361095975908;0.005419480287426356;0.0008917835699565626
-0.0014026734710840412;9.914578231625483e-05;0.01283128487279032;0.0017053928957283218
0.001808630989884571;0.006966088922467551;0.01839262192913903;0.004986503855987538
0.005207192135519926;0.011833609701433795;0.020292562543345778;0.009667678737450402
0.00788708791970584;0.013456796446360648;0.01811950245754578;0.013226964762397871
0.009144764474321982;0.012162939093229816;0.01318017860813184;0.012980561495744494
0.008702775789635022;0.009517859543535989;0.007751152063083543;0.007763396968212106
0.0068100149178891255;0.007308087031500197;0.003895047893015952;-0.0011270820446247377
0.004160126209312465;0.0065485571773814255;0.0026134687039286904;-0.01042110140471742
0.0016065146018797466;0.007074314937335254;0.0037013141020074665;-0.01650933922909802
-0.00023543581183180129;0.007790277609525011;0.006176262859025817;-0.017169347092089723
-0.0012983683940459613;0.0073011419626102456;0.008899928038019488;-0.01240605513340279
-0.00209676007270541;0.004591271976354441;0.0110151450489653;-0.004161259139827432
-0.0034504068193519106;-0.00047264434167517766;0.012042091134934657;0.004650525492787644
-0.006053072169791804;-0.006956410560207995;0.011773458017980054;0.011162031356931335
-0.010123772369345606;-0.013084024341157244;0.010216936791226903;0.013312378883507519
-0.015292912831795132;-0.016866511905439443;0.007631982641630975;0.010358666275628392
-0.020715126043884004;-0.01691407861653386;0.004493505642314287;0.0031879584863796742
-0.02532185560052352;-0.013022928410544744;0.0013170713084113951;-0.005738330108978666
-0.02814636370121158;-0.0062103263796904765;-0.001479698907119701;-0.013072558957656773
-0.02863722189710928;0.0017456095535793457;-0.0035353727184779258;-0.015848189711520844
-0.026805947043066502;0.008885790068700728;-0.00444168367364358;-0.012774106451692486
-0.023108023451031696;0.013499001663527698;-0.0037990258436827852;-0.0048750129996028655
-0.018170490893939052;0.014452662253928853;-0.0014649548700492918;0.0048375907746897664
-0.012596568593939681;0.011504079008092267;0.0021924769519869407;0.012514519012919098
-0.00693567215704222;0.005413065624835302;0.006262215269110295;0.015002684094391844
-0.0017105080804068694;-0.0023358598037022554;0.009552151637558338;0.011184184466643026
0.002609232659647852;-0.010044058235662252;0.011009615267699231;0.00253461583899787
0.005669489613208985;-0.0161831203486954;0.01006742249392125;-0.007435368823998514
0.007271173071533477;-0.01953802230762509;0.006779319334629663;-0.014683749958915271
0.007392628417052005;-0.019314132450206793;0.001785811707539375;-0.01641025749345198
0.006225426121254082;-0.015361621690788316;-0.0037854390215280986;-0.012254108012880417
0.004183965192542402;-0.008362008904515803;-0.008476825602403915;-0.004344496151723513
0.0018121811293982217;0.00028483963654545063;-0.010816939635738937;0.0038028307964943016
-0.0004013696231377545;0.008889259164999738;-0.0098394644938398;0.00896436896909803
-0.002174366274604023;0.01594950423345833;-0.005613654501558791;0.009589362014013733
-0.0034384347323526895;0.020421173380680176;0.0005840211409178077;0.006207803929582884
-0.004232871055737818;0.021770092326928538;0.0066977024223609915;0.0007980958003707898
-0.004605283788361561;0.019966543244658692;0.010768967249604588;-0.004339841983646192
-0.004588826808464215;0.015492384347476044;0.011777601904950178;-0.007486527160560896
-0.004224923858030266;0.009281413830543943;0.009958200295427645;-0.00782493716308218
-0.0035756483907562094;0.0025282828848462177;0.006457783174597088;-0.005363284607427572
-0.0027111062795605323;-0.003579984996030523;0.002651542926766733;-0.0008480235310038413
-0.0016854750387735732;-0.008113348743175382;-0.00039971003475495944;0.00421748070015928
-0.000513543175598478;-0.010567767724392453;-0.0021287600790285068;0.007744641149065431
0.000845541710462981;-0.010917133788639675;-0.0024402139948830935;0.007770234761173096
0.0024905474214505937;-0.009527355218711361;-0.0017170068692892852;0.0036014281801475417
0.004556071560455941;-0.006962884556800768;-0.0007999703166974227;-0.003311051280476531
0.007152654032735441;-0.003788899029050135;-0.0006855063418661029;-0.009630272521133335
0.010271292211151839;-0.000491272446961854;-0.0019069177752382373;-0.011752876963702351
0.013692519389357205;0.002467619313291277;-0.003978584386526808;-0.007972292437603591
0.016966406735139147;0.004597335296785616;-0.005411645193157859;0.00024362004490512777
0.01951020960494766;0.0054884953429098346;-0.004502273280828354;0.008845811820104051
0.020807120341207408;0.005053285658614187;-0.0005542993591011753;0.013414104072806165
0.020617131276039223;0.003687855538742973;0.005251201233469395;0.011624496872805616
0.019083305885077985;0.0021816320165046277;0.01010537098749337;0.00444932126422351
0.016670903828300287;0.0013890759902216035;0.01102214288419676;-0.004564205718324712
0.013977910683292858;0.0018296998440948734;0.0066355939925534565;-0.01131434759291189
0.011520388498970153;0.0034184269380926557;-0.0019052103973764341;-0.01307572051883024
0.009589454162841139;0.005482624392769633;-0.011623629726459148;-0.009267468392030402
0.008226183574854773;0.007088666054279802;-0.019477614189210936;-0.0010893021499823459
0.007293339103733801;0.007493449896409469;-0.023820506433463808;0.00909739722452143
0.006575330570168476;0.006413617572870303;-0.02451047292938828;0.01803027833460037
0.005862055053643491;0.003936735472452417;-0.021988383340669816;0.02186988373210282
0.005023493339088065;0.00021852596208070396;-0.016640138987306683;0.01748375618637326
0.004054772599209699;-0.004655410967249869;-0.009161416802642394;0.004654207548024759
0.0030305428382867493;-0.010374215123621936;-0.0011665613006830169;-0.012361020303306736
0.002001493269332226;-0.015879206007793713;0.005128139711302666;-0.025819573820505634
0.0009785546855166005;-0.019258579804659264;0.008137861721266279;-0.028301084269628064
5.054293421521896e-05;-0.018521814482811705;0.007881148037665786;-0.017237654173476072
-0.0005153961099713206;-0.012920857775899713;0.005774833592685612;0.002897679647635847
-0.000342299807054857;-0.0038534063948069933;0.0035257374684126005;0.02245723457497096
0.0008270009214893621;0.00542553760254722;0.0020969315809804467;0.03161105441565234
0.0028582083078826713;0.01122468313419148;0.0014066831969467345;0.025588923957452218
0.005095253543729716;0.011149009016377635;0.0007005148495409845;0.0072258620577098
0.0065718837196536;0.005177181069418728;-0.0007986162380769897;-0.01455017914147631
0.006549799598716495;-0.004406745496032695;-0.00328959133906657;-0.029419852956110975
0.0049982925443540415;-0.014061518192601047;-0.006150859463216728;-0.03096087926301989
0.0025854080840742614;-0.02044826307969491;-0.008345253369418588;-0.019621939574162653
0.0001950297658537088;-0.021660128799194954;-0.009296202366248707;-0.0018907867658054566
-0.0015919289864978565;-0.01773634346755954;-0.009434997290003659;0.013548930076735575
-0.0026825433451027167;-0.010338559042387032;-0.009762947095486942;0.020254672611373082
-0.003321950082912446;-0.0019057306347483754;-0.010782580467805248;0.01668505080980683
-0.0038235816274153874;0.005230734329536926;-0.011897698309636457;0.006116965349284739
-0.004363410197762583;0.009501654627962501;-0.011956096936975842;-0.005569770532571021
-0.00491980354113665;0.01047514029076777;-0.010455181084752163;-0.012846110874175453
-0.005353962319736962;0.00885779501377168;-0.008236353262113855;-0.01291636829955748
-0.005545524964849515;0.005994374300970484;-0.0069085430155463486;-0.006692482416313158
-0.005466166658904427;0.0030493352776998672;-0.0073675367533462405;0.0019359464639428993
-0.0051418670491916695;0.0004310546236601224;-0.008652182605578014;0.00821695853544508
-0.0045703081528598016;-0.0021090277714624884;-0.008269186312471987;0.009068939459177453
-0.003703702756814466;-0.0048804793995980145;-0.004016245762510532;0.004704443454847187
-0.002526890460303067;-0.007752062168599989;0.003984778881476692;-0.0016388364767367914
-0.0011419872218830177;-0.010117793313619198;0.012738078575852171;-0.005787268142507098
0.00024371258549669303;-0.01120276710965895;0.017971654846984573;-0.005295063604660419
0.001413306353292945;-0.010384422383800999;0.016845458173100566;-0.0009688258174837121
0.0022026442271248963;-0.007401563111942498;0.00981557126917962;0.00380197830067519
0.002467688007987612;-0.0025155253507694905;0.0003512281616404937;0.005504820562456331
0.0020459733188031505;0.003384583982433964;-0.007163031571954429;0.0030549629087477208
0.0008336806859495159;0.00888709354783873;-0.009765077074022905;-0.0014043276757197286
-0.0010540853664997704;0.01247015796065666;-0.007012314295185805;-0.004062738501387796
-0.0032071316638062762;0.013096962716564757;-0.0005176918120659769;-0.002241615334316455
-0.005022614435670483;0.010711863596421825;0.007286271291571555;0.0035911983327919818
-0.005912675064404156;0.006364711164646505;0.014148914160386864;0.010009571818552235
-0.005500467616282509;0.0018515374671339512;0.018355067605770416;0.012857153832568436
-0.0037555064879922634;-0.000986128653823547;0.01873651059464745;0.009957918735119968
-0.0010424997790225658;-0.00097488344939524;0.014859536124733286;0.002488008328251156
0.001963192356278935;0.0019684491283076576;0.007483511224350469;-0.005816869372340017
0.004490664434206673;0.006846029392837679;-0.0011949256985787228;-0.010951492161509683
0.005913902275128106;0.01198937188137959;-0.008080759476111263;-0.010859926706946353
0.0058955021611978315;0.015685972442202222;-0.01050963165176401;-0.006272786997388608
0.004413094760068443;0.016744420195237034;-0.007661910585748842;7.583300315335424e-05
0.0017392973333372748;0.014801368701665256;-0.0011247538098840297;0.005091072642021201
-0.0015792280772531648;0.010363631525669251;0.005862305673342894;0.006778565170746647
-0.0047837273986168095;0.0046568534223082325;0.010097249787471398;0.004888046320327664
-0.007060394903975596;-0.0007069714098114164;0.010050024219017416;0.0007071225189620659
-0.007764701284219514;-0.004226780273672526;0.006494615949479106;-0.003654839676335367
-0.006616857776790321;-0.005029573650496563;0.0018299033090611592;-0.0061167284800370154
-0.003794885928216952;-0.003185786813817236;-0.0014350845666527287;-0.005372144055403729
9.011980364557346e-05;0.000324429845606229;-0.0020999176615836774;-0.001402461888379746
0.004132669963470716;0.004011111313427805;-0.000756712100060658;0.004370673299645692
0.007374274485249708;0.006524471841809701;0.0009093214988172698;0.009450516630110924
0.009088559793961816;0.007272614123039534;0.0014707288742533992;0.011216821382529198
0.009000310794106663;0.006636437712659247;0.0007851922700055909;0.008216926454060637
0.0073463318185570965;0.005599646114255069;-8.152085605883524e-06;0.001146359310134724
0.004762076491342438;0.005019676821524272;0.0005522168707950537;-0.007205716989299346
0.0020447607936627224;0.005043316141788606;0.0031021385935939096;-0.01323728722800297
-0.0001248994748584062;0.005059196131652869;0.006971218427581385;-0.014388994982522536
-0.001405568410025394;0.0041832528941607;0.01067197091762327;-0.010469443745501957
-0.001871255277166465;0.0019217542741513445;0.012908201130433046;-0.0036728831795307575
-0.0019034068061903136;-0.0014118886937827186;0.013297347020069678;0.002670260591192688
-0.001959231118382683;-0.004750125282794527;0.012301021752636535;0.005862011998125234
-0.0023464620309130665;-0.006735752895630907;0.010525515331385462;0.005154522638824817
-0.003116560913484101;-0.006343612903175892;0.008041890414448286;0.0019428312429800826
-0.004103528925626854;-0.0033549376428331046;0.004334879465100229;-0.0012122426461617065
-0.005051402238814563;0.001529311615043411;-0.0010293326658540644;-0.002139431939780743
-0.005733030128479026;0.006961382078207989;-0.007547783619052006;-0.00029935140123197175
-0.005990876959370909;0.011446581510661072;-0.013500236370718916;0.0029738798828669597
-0.005721531266055359;0.013841553646074747;-0.016617429382024172;0.00533224424716786
-0.004886532733712712;0.013678875201164781;-0.015346284900671687;0.004847967646447539
-0.003571774546235721;0.011230282601886856;-0.009859921338654137;0.0011942188767982418
-0.002014485580690026;0.007294081596712366;-0.002086105437390677;-0.004080004771079089
-0.000531188651201328;0.002816579288790013;0.0052841158038678645;-0.008322699820476655
0.0006047107115224127;-0.0014174629274529623;0.010134503873956507;-0.009189718810193476
0.0012419495214065466;-0.0048492916014545315;0.011767971106501744;-0.005947941212878145
0.0013653366260215154;-0.0070362036220362805;0.01085064243097361;4.4860828903819106e-05
0.0010832590262323887;-0.007611383175774468;0.008666247802904273;0.005978178897529303
0.0006019855122219824;-0.006457171385142782;0.0062595505372968485;0.009019306734840941
0.00016633989617277368;-0.003956031495979546;0.004003747612095065;0.0077632036893863325
-2.4216753619812974e-05;-0.0010232826388708333;0.0017632020663056007;0.002926562013505608
0.0001296168134258608;0.001213565638858044;-0.0006179179739061201;-0.003069011007121102
0.0006401042013216384;0.0019014685097289662;-0.0029836354962329836;-0.007381115191411231
0.0014919877591414942;0.0008072767407535038;-0.00496530161562355;-0.00819133908934473
0.0026920637511314415;-0.0016184416272134311;-0.006332695998121252;-0.005531439935125151
0.004269895784301053;-0.00442187852950305;-0.007179430727914883;-0.0010846925689149188
0.006225982806424011;-0.00650967543206257;-0.007725371519400452;0.0028464619601030277
0.008444791444041547;-0.0071105746144547;-0.007908576919389789;0.004576351279928825
0.01060467536310134;-0.006135465114760139;-0.007157976250979401;0.00381798075039926
0.012141569199757108;-0.004226059016056403;-0.004646549021514352;0.00167650074217955
0.012337418138435382;-0.002476308801894666;1.5338864362384125e-05;-6.046503926428806e-05
0.010557607483346177;-0.001979639544472407;0.006086101870133281;5.202633156888715e-05
0.006550050249990323;-0.0033442514012162836;0.011604582301152714;0.002275085974425765
0.0006299350654740751;-0.006310484996102099;0.014207768815427815;0.00546030589310714
-0.006384305961598723;-0.009705609862260498;0.01248146046663615;0.007621933899021968
-0.013450682167913348;-0.011927490228725137;0.006959685804191834;0.0070750403471876305
-0.01961886535708475;-0.011782551413840207;5.06450318430653e-05;0.003503021912086341
-0.024217300635343973;-0.00913559695634813;-0.005107397680533973;-0.0017482832192490581
-0.026889830976450133;-0.004919436489129834;-0.006198339715203311;-0.00639333560193269
-0.0275557152572992;-0.0005651509032569386;-0.0028719929368943744;-0.008480282671167504
-0.02635135684221522;0.002674893386943769;0.003070371180486348;-0.007381567282240226
-0.023572153985870533;0.004101867334370406;0.008556580758832732;-0.003945127745255235
-0.019624239025443718;0.0035880941423804364;0.010795723581073054;0.00014225006111346934
-0.01498013675476299;0.001412688887441486;0.008695905970358672;0.0032991363216438472
-0.010112481718032657;-0.0019263381085730374;0.0033313975025675946;0.004767515754924788
-0.005411565178040002;-0.0058430370813398495;-0.002823382137924603;0.004784058452281246
-0.001143638018486632;-0.009689331175273621;-0.007397964413723792;0.004192068100555359
0.0025181101630527467;-0.01269928432061346;-0.009382897682725544;0.0037505880660412827
0.005442809998029913;-0.01398671632720844;-0.00933518842321998;0.0035368496488670667
0.007546014635645574;-0.012728916299455911;-0.008516717205819872;0.0028046054853587475
0.008840012707815577;-0.008523875153589447;-0.007750691162321174;0.0004591121859893369
0.009437157614656338;-0.0017641532860635002;-0.006910692526298662;-0.004013161354566738
0.009444711510630328;0.00618985867438979;-0.005349334018918095;-0.009664634546202727
0.00882535573062944;0.01323023474195783;-0.002819152172245832;-0.013931963408452385
0.0073827471021830375;0.01715716250428568;-0.00010370289568235056;-0.01365271916932676
0.004933197286306597;0.016549716777219434;0.001226665854420029;-0.007008900334136281
0.001533264766949573;0.011430761977358136;-9.308062934172543e-05;0.004674236720199375
-0.0024175951384315217;0.003335325075675465;-0.0038949011973173323;0.016665359878699694
-0.006250357665839908;-0.005322854858431648;-0.00850034610085437;0.022811357925312782
-0.009216206787787793;-0.01227299999909739;-0.011913391955208564;0.018985771365226344
-0.010730139599987691;-0.01620945747902842;-0.013169751685768996;0.005912652737900075
-0.010588816698706947;-0.01698327856967656;-0.012542861706069369;-0.010651195885366253
-0.009033912501411641;-0.015232325298342928;-0.010625160943273954;-0.02275222098523524
-0.006597146660154497;-0.011881974984888006;-0.007538293869134733;-0.024455131120765708
-0.0038347350244761235;-0.00785360274633684;-0.0032202506472866523;-0.014919812964731794
-0.0011294062992673124;-0.003969575987894553;0.0016394395202065563;0.0013518226204140736
0.001362596488474078;-0.0008660952254162472;0.0052626459953867815;0.016984081512908703
0.003650695864538924;0.001142630138454257;0.005697454482958841;0.025344820144076068
0.005783295856841964;0.0021140072920144996;0.0023345097171445107;0.023457422968626226
0.007714234322654494;0.0023319535995561616;-0.0033106511772385285;0.01301981122600358
0.009258287099832991;0.00205362200463548;-0.00832963862465145;-0.0006853950194595343
0.010180402429513681;0.0013356333110579903;-0.010200305698814527;-0.011379788808252954
0.01032000391144422;3.818853204863917e-05;-0.008300552372113522;-0.014740876632962547
0.009613062890673537;-0.002021308502553563;-0.004054030833400899;-0.010409950517221605
0.008025886217338235;-0.0048347178943053395;0.0003605624980828581;-0.002049682950736088
0.005549703584763559;-0.007981902040288329;0.0036930759322050047;0.004727606631417997
0.00232574575241752;-0.010579678771944736;0.00624982309462003;0.005614311846871514
-0.0012208031798036684;-0.01154455259364213;0.00883194315782755;0.00024511314300842946
-0.0044197991257544054;-0.01010479962145554;0.010998656446922956;-0.007479245733897214
-0.006607183615516305;-0.006262899772616776;0.01060030761034693;-0.011800432725083932
-0.007425632359191303;-0.000923081658717855;0.005467181048452411;-0.008879256524700074
-0.006953142526030157;0.004361582832283472;-0.004088462179894673;0.0004950008223426059
-0.0055949999242789865;0.007885837094491498;-0.014397873338724108;0.011178549277470974
-0.003877695584159853;0.008388125544128119;-0.020360220600508405;0.016895462147616145
-0.002285203411489062;0.005608465160349304;-0.018856569029960704;0.01427529966331699
-0.0011246201716268052;0.0005889859303048141;-0.010960098931501367;0.004933265252084226
-0.000390358197980547;-0.004529801265556004;-0.0011789799863509446;-0.0057581645261051695
0.0002644921212442539;-0.007265177993204591;0.005658847152825534;-0.012163202074113496
0.0013471923269293415;-0.0058143638477605175;0.007477083561714937;-0.011641768166719779
0.0032323634906927337;0.0001195122533479308;0.005777614929051377;-0.0055584317063928
0.005934981513011835;0.009036959112015392;0.003914641019704506;0.002192898299022708
0.009013463776348376;0.017986336184882074;0.004432710785253983;0.007777333951103814
0.011629588809444943;0.02350067143572278;0.007514864325457502;0.009345527086891913
0.012848512250609545;0.02297258950912324;0.011402108971131569;0.007330674387432026
0.012127133630300255;0.016026117190476696;0.014019153929667221;0.003407064871070408
0.00966851448535384;0.005110307267805345;0.014310157384517661;-0.0008001003720349561
0.006341187880610004;-0.0053286244438876425;0.01239342934715786;-0.004311376375657143
0.0032471395620286823;-0.010894898964780951;0.00885104639111144;-0.006594003350996371
0.001305348657179459;-0.009349970767919796;0.004101558197599893;-0.007195070565636772
0.0010730999219408946;-0.0015037533977560818;-0.0015828890750189777;-0.00581298105097234
0.0027078604966080232;0.009486380601658843;-0.007643944451162248;-0.00276342626973098
0.005906127762020066;0.01973713919963901;-0.012977434651784863;0.0007589797175808291
0.009862367772834228;0.026171130000592582;-0.016169799363661707;0.0031188294537136956
0.013423588920928462;0.02732924968218319;-0.016082702708106317;0.00322855074229454
0.01547499447335954;0.023391400870871114;-0.012410121031693085;0.001365814752142163
0.01536638955594763;0.01567850838185761;-0.005928573346045494;-0.0008859056286700287
0.013143587176897906;0.006003877075306812;0.0016370305565004495;-0.001664170169125768
0.009493126149736025;-0.003819856692070322;0.008104045636796873;-0.00015771009275614
0.005467558088626613;-0.012187536816756014;0.011602165399855514;0.00272491396747856
0.002129788812420392;-0.017736805436281932;0.011384699466902952;0.004881853063949088
0.000253147215472726;-0.019461796715894993;0.008229102548055546;0.004426269919823266
0.00016184832813579986;-0.01700855387999258;0.004047396825229517;0.0010408793077271103
0.001713854356018078;-0.010974300273117642;0.0008192988024910098;-0.0036461865964644313
0.004375834341563107;-0.0029366810052303596;-0.0005109353429536065;-0.006984317964473113
0.007357958215270544;0.004926253339265909;-0.0004515790031084856;-0.006995852221227989
0.009808799779619827;0.010568014522177795;-0.0004186644822702856;-0.003733973064301538
0.011045315487041274;0.012879650953343208;-0.001615689252352885;0.0006808009450063045
0.010737983671182089;0.012105892438940133;-0.0041191789274908856;0.0034428397504221477
0.008971185127586;0.009535511310936263;-0.006751525069630291;0.002899739843649445
0.006165788636860932;0.006636834838187991;-0.007726418663476499;-0.00046747059219316223
0.0029156850992538633;0.0042428438066482235;-0.005614722413158541;-0.004548935785487161
-0.00019524586959699305;0.0023140436315909193;-0.00015760340034902254;-0.007095717449041992
-0.0027437373697197652;0.00033638540902228514;0.007371309096537661;-0.0070707713226700174
-0.004543360727433133;-0.0020209755541120682;0.014423523217800917;-0.005023051389532894
-0.00562133737854947;-0.004480003912247503;0.01809475027811772;-0.002453458107245469
-0.006118540328223174;-0.00624428556837276;0.016461735837245046;-0.0007686776098176027
-0.006180426988830779;-0.006515617995108145;0.009700497234405607;-0.0005022898523469091
-0.0058926435407433;-0.005048186103135439;0.0002354689188792466;-0.001165079049105392
-0.005264656481420015;-0.0023415051653266623;-0.008341956649451391;-0.001690212438544485
-0.00425092868602683;0.0006361516990895273;-0.013022292231722628;-0.0011528777705183575
-0.002815638344304716;0.002950072310538591;-0.01274310397479709;0.0006576507364017479
-0.0010263525014811144;0.004063598082876107;-0.008563477760297651;0.0031130447960244834
0.0008869144450372456;0.0038890452792111874;-0.0026469198146211108;0.005093736077930474
0.0025677511176567017;0.002641141413617147;0.0031389111947894865;0.005589886116550552
0.003651907375925502;0.0007235913574999782;0.007986907354648243;0.004238263958759489
0.003886947073203783;-0.0012726458249177216;0.011842701700027821;0.0015315334746709916
0.0031766367355649345;-0.00260784472511846;0.014506758858583267;-0.0014013796376233457
0.0015487263376040988;-0.002637921152457213;0.015112815487322238;-0.0033434844370768342
-0.0008819922301750095;-0.0011865658542944482;0.012566480135756466;-0.0036011527899538123
-0.0038955178212335758;0.0012704730937392373;0.00660105245144213;-0.002349482048341831
-0.0071287178127145984;0.003822537126919607;-0.0015268033766854935;-0.000489496020703577
-0.01011204552601376;0.005586788179933749;-0.009422632791693022;0.0009206581807866391
-0.01240470365042126;0.006057718615681922;-0.01480358819499621;0.0012988738993785403
-0.013734920466664222;0.005160426677183161;-0.0166308012194824;0.0008084183042564678
-0.014045024116070602;0.003114032279468319;-0.015280510831499367;0.00010427852505764244
-0.013444326457954894;0.0002999928354200349;-0.011801478112351329;-0.00019161548109228432
-0.012142537764544513;-0.0027830580266345467;-0.00706538368929004;0.00015844701530785558
-0.010408274748275041;-0.00553946469400166;-0.0015536428266210783;0.0010717371643042613
-0.008543866198543172;-0.0073795210160434626;0.004199013904075863;0.002457005737572789
-0.006850192417211908;-0.007919346306162962;0.009134244591116303;0.0043717801506964115
-0.005564695472798021;-0.007139579871840838;0.011807215381693955;0.006781775975684679
-0.004780609186067431;-0.005344584511369438;0.011167247670218296;0.009107120613495813
-0.0043895020899140805;-0.002946482310270136;0.007382406239259838;0.01004881516946832
-0.0040995806113669426;-0.0002812081328464292;0.0020075682758395625;0.008061620839944857
-0.0035470142912538724;0.0023872551400529567;-0.0026908815690570467;0.0023368332031088886
-0.002460504702292899;0.004739699402187837;-0.004801780999704397;-0.006307058395440845
-0.0007987091073420082;0.006340150513432205;-0.003586115498284109;-0.01527138131761298
0.0012166719361061348;0.0067435820611558;0.0002959535684546193;-0.02102326062560305
0.003192994768326436;0.005719203478578313;0.005137401883928063;-0.020678440312899574
0.004732475366849013;0.0034534733575815784;0.008944267751315146;-0.0136423857402797
0.005596740036685277;0.0006011245703472558;0.010291834531569738;-0.0024357383450804067
0.005819977131814563;-0.0018908116702992847;0.00881870337802751;0.008007093943292862
0.0057256351050896225;-0.0031436686708223647;0.0050674468399970534;0.012607357168009873
0.0057901675846800905;-0.002711012776804453;-5.2203317234311806e-05;0.008994750809887217
0.006364576539047171;-0.0007494708549062023;-0.005524333202929367;-0.000748827160776847
0.007404204147292533;0.0020328935217565946;-0.01000100346257466;-0.010782443144585022
0.008398525296153042;0.004531134146995894;-0.011723369813076747;-0.014549691067929053
0.00854989731443899;0.005449403619663349;-0.009283831002414124;-0.00856831593889042
0.007082741636275327;0.003653105047702804;-0.0029128003331015543;0.005215199288949411
0.0035400230619645028;-0.0013077813944707827;0.004931771339855679;0.01996927046640889
-0.002019635461638159;-0.008753807378543697;0.010540296199745685;0.0273302957096949
-0.008990334096941648;-0.016892863804023463;0.011006723830710625;0.021962215795524962
-0.016379616816379297;-0.023438235193215036;0.005877564698418892;0.004968038381466425
-0.023075482231394415;-0.026528305115147845;-0.002733583757978564;-0.01586670928222481
-0.02808620702878567;-0.025424347981925045;-0.011414804236641846;-0.02961740697907152
-0.030721356375609337;-0.0206580592912425;-0.01707234600136247;-0.028110045608036257
-0.03074453660344572;-0.013697686069032412;-0.017986250016023855;-0.010981976361259973
-0.028424681351554102;-0.0063992373995953615;-0.014022900235897041;0.01335071599356829
-0.02436616593880927;-0.0004171806756879133;-0.006256344617417444;0.03192158768402068
-0.019190684552216335;0.003304942615268398;0.0034798717747793594;0.0344411853030344
-0.01333004757649261;0.0047195672280902325;0.012765396130879375;0.019214461256523752
-0.007071263743978291;0.004371468427759802;0.01875032024519025;-0.005854366258295313
-0.0007197472420487345;0.002878496714877026;0.018865035277816543;-0.027721939855211458
0.0053282196722217925;0.0006868686805797292;0.012053411406641063;-0.035396101067788656
0.010643274072135805;-0.001794988343448129;-0.0003538243210172353;-0.025649521795942428
0.014845000366068038;-0.0040243562207553495;-0.014950447063447638;-0.004141413585286062
0.01763809394225863;-0.005378631623963195;-0.027601806035401504;0.01829845540773421
0.018827544527889126;-0.005372910709576201;-0.03491463545128844;0.0316537168762805
0.018342812123878473;-0.0038735226627233527;-0.03506313990673249;0.03141628041283374
0.016260067323245697;-0.0011934928195669217;-0.027886895391540125;0.019734947008256728
0.01281954246299653;0.0020314540732825417;-0.014683672635547743;0.003165968142161585
0.008443547245622072;0.005181691660998386;0.0019089860117406604;-0.011066534581103087
0.0037063045422309347;0.007956274017104957;0.018029147740903518;-0.018168009362615638
-0.0008099463195740419;0.010338753460305378;0.029239566009660812;-0.017051629614002514
-0.004720011974385447;0.01225676044353569;0.03206182100060438;-0.009831788385059088
-0.007929992971861408;0.013314667813693384;0.025833718516979614;-0.0003046327078833463
-0.010521341700289172;0.01291304983668064;0.013532350407391818;0.007734141374935201
-0.012529748910061467;0.01066653452606763;0.0005819400232766508;0.011766291091486957
-0.013815342165402119;0.00675048350448605;-0.007869533849472187;0.011141235891588221
-0.014106378098861158;0.0019180752174129435;-0.009485923458373841;0.006910602540513303
-0.013135436148660456;-0.00275438648076232;-0.0054971539146378414;0.0010725560560605747
-0.010750132004266721;-0.006172048069902038;0.0005861919262019123;-0.004361105029008397
-0.006960925309896273;-0.007443610674313177;0.005175031172842754;-0.007991792005622365
-0.0019617048315326213;-0.006048453125789815;0.006253401119850783;-0.009141320025124529
0.0038410541271798417;-0.002022478333356185;0.0037674690276529718;-0.0076607970530311095
0.009801014409494213;0.0038548915763362;-0.0009597618238509877;-0.003836984811738893
0.015064993129960017;0.010021554527375777;-0.006067246521651098;0.0014644664224449798
0.01872902270230351;0.014424193602572931;-0.009787921083055602;0.006678783083313099
0.020103907503652853;0.015173358551962052;-0.010898852431000042;0.009837155800782444
0.018968154555569525;0.011320556813001217;-0.009149743490420298;0.009380881041895448
0.01566552605931211;0.003338222263321112;-0.005518646467379236;0.00510460751155953
0.011002882091033313;-0.006984776974189944;-0.001890965330959533;-0.0014380956814630083
0.006017105099659714;-0.017152709134276738;-4.881527401493561e-05;-0.007507026016466107
0.0017185785251601958;-0.02472139843179836;-0.0005277881941012396;-0.010528691452071845
-0.0011108099261581802;-0.02787135149255041;-0.0022410179350670074;-0.009435195757965845
-0.002045722106840955;-0.025712338454933426;-0.0032800287480337378;-0.005135365849100391
-0.0010924932121835968;-0.01847089875409639;-0.002314284180974892;0.00014826647390565653
0.001292051065744022;-0.007652696023832484;0.0005502449149494508;0.0041664494843497895
0.00429655248456974;0.004060399435766016;0.004151296101283565;0.005694411867625111
0.0070013485680038385;0.013518763585800389;0.007472894867958007;0.004799085099098287
0.008692122596163403;0.018285987230413935;0.010476626748055762;0.002415136498299524
0.00908314145294349;0.017603157951861795;0.013748440026621721;-0.00028994666280252794
0.008362565549206526;0.012528500530573689;0.017375725542549365;-0.0023946886475093875
0.007089775303829017;0.0052832554010103375;0.020271176771833734;-0.0034793873057745975
0.005998021561114265;-0.0016747912518490732;0.02070438973933978;-0.0036881621017202616
0.005730742593916429;-0.006380029731225769;0.017618607297450375;-0.0035581956520158993
0.006586681819393732;-0.007782993059097443;0.011598499077438344;-0.0036229021163953932
0.008401483503295006;-0.005984416477421554;0.004700280982943296;-0.003997362590534783
0.010609398228383521;-0.0022744086535611482;-0.000690908193884861;-0.004259862388299627
0.012400220550342797;0.0012387717994599436;-0.0031227463231603696;-0.003757481361358625
0.012915607979424691;0.0025193838200670464;-0.00266220885200006;-0.002126680941683954
0.011527305515868195;0.0006850495276673081;-0.0006018365780356088;0.00034536770796149717
0.008150928071647611;-0.003378001129541254;0.0013758494537032347;0.002768205858549614
0.003360997228412388;-0.007355014789469798;0.0020763308252850377;0.004094724244894765
-0.0018541089423850467;-0.008703562681896123;0.0013304319642725888;0.003735906733082249
-0.006523453769892701;-0.00603786662680634;-1.3396380886713454e-05;0.001993894375653638
-0.009976081115724426;0.00013832593446907795;-0.0006536177366873131;-4.493691964748657e-06
-0.01186137708855682;0.007784485158971357;0.00027264177172863445;-0.0009493706602465392
-0.012068908639668344;0.014501847808208882;0.0024425350714851832;-0.0002449442328529637
-0.01069812856081543;0.0187751506799421;0.004277944287429655;0.001434513253232395
-0.00804947472299021;0.020536397407176152;0.003775366706680576;0.002397741701925166
-0.004558916946613062;0.020793956998028388;-0.00014775573885552232;0.0009646073347822766
-0.0006944726000732806;0.020661180927057054;-0.006660639727098012;-0.0032861550298519606
0.003117156028791308;0.020458759903994032;-0.013185934136225609;-0.008818156563816472
0.006519251238614812;0.019483287400355237;-0.016802816433227428;-0.012562504297825494
0.009235557525050958;0.01657713171189817;-0.015979661581520147;-0.011496649568246484
0.011068167671907114;0.011074188000812328;-0.011345841516362264;-0.004672544225654436
0.011884979679564487;0.003437108157074565;-0.004991023728071784;0.005565521107733864
0.011631638884819691;-0.0048344244802639;0.0009407936399296859;0.014278115830777056
0.010379174650036776;-0.011871607354357916;0.005186587047041589;0.01654492420549891
0.008340242880434317;-0.016140549647145622;0.0074294675831470995;0.010547712512177286
0.00579425418673626;-0.01676761739174862;0.007934227277941878;-0.000928851470747544
0.0029762326328015985;-0.013531073076726482;0.007194645725831298;-0.01173419782191134
3.454504625249436e-05;-0.006840604467773364;0.0056085896787080765;-0.01571370761904415
-0.0029267956941403314;0.0021494898632167607;0.003159851044000257;-0.010230746002580844
-0.00578708859075047;0.01149853301666703;-0.0006035639983567305;0.0021981364005311077
-0.008369904086391005;0.018808143244632522;-0.0060315331677874085;0.015087837373024472
-0.010435810424505818;0.021966504844238927;-0.012572052361280485;0.021369667758010497
-0.011739247662159407;0.019991310583099723;-0.018476855878474165;0.01721672647001202
-0.012151285181145843;0.013473666611445908;-0.02150653213271169;0.004304983866594119
-0.011747216929571697;0.004304900384787865;-0.020244673595371073;-0.010786385486646684
-0.010756253587513554;-0.005157373931092298;-0.015012681151795335;-0.01993460906302506
-0.009426265668440851;-0.01294085248521273;-0.0077139679938749185;-0.01796284220772386
-0.007955670685866544;-0.017855650593710935;-0.0008323933662591753;-0.005770772080046509
-0.006531786035647331;-0.019403397173164614;0.003700973467091366;0.009872137786246703
-0.005354961922062362;-0.01753951570841696;0.005218847420195504;0.020008858000847327
-0.004553523825939844;-0.012649832204584158;0.004369979034723027;0.0186424256290232
-0.0040605744306240876;-0.005779852379124052;0.0025317165799299437;0.0062979035477428195
-0.003598234603741873;0.0012569682613393653;0.0009316560398522916;-0.010184367572511737
-0.002812100435980973;0.006320804917340891;4.8054471634066516e-05;-0.021529203842365098
-0.0014556812490751202;0.00785165995856242;-0.00037944703735123917;-0.021289884360056507
0.0005031880428678249;0.005592437970825994;-0.000901426222536089;-0.009437235996309018
0.0028928917316442693;0.0005939469210360177;-0.0018718083437615101;0.007745834132352831
0.005419129955553292;-0.005381355346809239;-0.0031920113259828443;0.021297793488356156
0.007766594573454605;-0.010559287037475166;-0.0043968778292429655;0.02453431208411488
0.009698880547134362;-0.013642998967981679;-0.005049390552839431;0.01646017177858301
0.011123969392614586;-0.01406246450073557;-0.005152233136945398;0.001854297457602833
0.012077383930484681;-0.012010723872195043;-0.005151212122332849;-0.01170914434106258
0.012622765519165633;-0.008283610685003627;-0.005424330899085648;-0.017984820529009415
0.01275388830116786;-0.004007660108881231;-0.005704719269313819;-0.015037742702772394
0.01239773863250953;-0.00035187609434758063;-0.005074279861123674;-0.005672886622438075
0.011517141663719378;0.0017611758028292681;-0.002700848741452602;0.00460716199371894
0.010191747016909256;0.0019183322868630101;0.0012460349534893847;0.010737897803790915
0.008570256551869706;0.00031050055569238486;0.005371829342917448;0.010521659674574652
0.0067347452207440145;-0.002462445116381853;0.007898098956998697;0.00519704431668474
0.004616161577588022;-0.005766556341629484;0.007976153825653384;-0.0017822809697217632
0.002030756814412879;-0.009193699108198701;0.006320663021672954;-0.006739976106554372
-0.0012097068793947758;-0.012493810739294045;0.004497770926336971;-0.007404007232253148
-0.0051735250118847866;-0.01524373696791866;0.003420260555084994;-0.003608777652556045
-0.009695724495468521;-0.01657881489251373;0.0024380531703562065;0.0028701505201256
-0.014330766714884948;-0.015358994270266853;-1.4192550894943486e-05;0.009098255875792194
-0.018441003821269286;-0.010833503582699388;-0.0046675333336768;0.01219602548726014
-0.021393965806203934;-0.0033607360407993327;-0.01012346892592555;0.01069698148139752
-0.02275739079336716;0.005465897879100929;-0.013277587438849802;0.005448349084392478
-0.022430909761865497;0.013494829911465712;-0.011307568370254895;-0.000627005592951666
-0.020704647120188106;0.018964832516562957;-0.0037709391798186466;-0.004057053702917444
-0.018178077894839287;0.02097954902470009;0.00679451238516155;-0.002897060855460542
-0.015483464074259358;0.019398940780785343;0.016279014028196162;0.0019119760244440123
-0.012953872236259734;0.014717685453710985;0.021406229111007542;0.006878095628424821
-0.010507565086356195;0.00823769774888512;0.021372620570675238;0.007984437996383766
-0.007850300551286068;0.002034236557448774;0.017622877898776732;0.003298444110780661
-0.004802705714115808;-0.0018265324813635888;0.01221211238129743;-0.005496275221371838
-0.0014799493324946635;-0.0024637065580450715;0.006291495912671838;-0.013818410261529607
0.0017651912172254472;-0.0007745779361218447;-7.76631095693092e-05;-0.016919974722756703
0.004514365000588584;0.0011246862745583897;-0.006925133372926114;-0.012937262647210717
0.006414555884459039;0.0012638814583836265;-0.013366565942277918;-0.004198211976024594
0.007223491763519581;-0.000945572238962789;-0.017626787415447487;0.004162699712537176
0.006819201195096909;-0.004429302020183648;-0.018095691369344257;0.007391015349871322
0.005218906421019475;-0.007246031144369971;-0.014469528137611539;0.003975885148786869
0.002605943844786136;-0.007811439849040379;-0.00798376143551555;-0.0036622695806760933
-0.0006643212396543007;-0.005698990716905089;-0.0006072597574180677;-0.010942736614524742
-0.004114061915892191;-0.001648850456434428;0.006036357894623715;-0.013965800241394852
-0.007257244763968412;0.002966632844747537;0.011177483676635642;-0.011510974790835729
-0.009726748512576582;0.00676111259711626;0.014661816035092394;-0.005158932805302641
-0.01133062405075142;0.008767019538326567;0.01643844985120351;0.002088791963274683
-0.012016394733429856;0.008647725405577114;0.016340261074667427;0.007513984800131527
-0.011815942773673944;0.006709581347035683;0.014320008617704693;0.009718271910280855
-0.010842932707177497;0.0037090242681834793;0.0108509532665256;0.008720012558525326
-0.0093209055572794;0.000516900075634328;0.007053983610947149;0.005449590123537189
-0.007560565888168822;-0.0021786349660551873;0.004312587192688185;0.0011741455142190412
-0.005852605919537016;-0.003965823648398984;0.0035086815000187144;-0.002810625560150296
-0.004336522919500869;-0.00461823678695559;0.004343523901506041;-0.005261511819311949
-0.0029469857506849526;-0.003992190071141141;0.005284612962017324;-0.005146467768370757
-0.0014920668526203903;-0.0020517404554932597;0.004363770226124806;-0.002085371681419439
0.00018060608033920023;0.0009992549972705;0.000462223330438263;0.0031309672868137716
0.0020478307939883695;0.004612315451075136;-0.005732510163910808;0.008456557586564514
0.0039034660490456716;0.007934104606431102;-0.011820741678324266;0.01129681529402683
0.005468489363773486;0.010005108954397851;-0.014914552510667315;0.009804146345973555
0.006512645825893506;0.010034631761969658;-0.013290928635421242;0.004038961999060421
0.006903975940685832;0.007638584242093694;-0.007404454793648964;-0.003786706360571394
0.006599626764986731;0.0029687858483984533;0.00042684030829521195;-0.010269005075375771
0.005634474637469902;-0.0032632348344526917;0.007405891523296351;-0.012510785668539484
0.004126102137169149;-0.009831129944533216;0.011681981099246523;-0.0095887169489982
0.002279256083305861;-0.015122341163235712;0.012853662421898211;-0.0029297825847325602
0.00037458449800491537;-0.017452760777156753;0.011448201871121482;0.004564023199834904
-0.001268612524137047;-0.015646181409418397;0.008154952282731035;0.010004501549727918
-0.0023560880820947144;-0.009718892430060177;0.003639260399123382;0.011691644569106832
-0.0026821093719482884;-0.001220602873278756;-0.0010562929351841741;0.009453016085531753
-0.0021638070106480547;0.007172983363322296;-0.004309898570228304;0.004303287993579897
-0.0008524516606774278;0.012728917813794139;-0.004575579524298864;-0.002086318687775077
0.0010714280236332834;0.013796204062880929;-0.0015981967300657445;-0.007814463527358456
0.0033550442118024403;0.010403347242678324;0.002896889346257692;-0.011142893838575576
0.005796522255798405;0.004112441309376369;0.005890886434128077;-0.010997444328415014
0.008343638111385585;-0.0026813878609985523;0.004876090562620306;-0.007440826844525369
0.011052970755942202;-0.007693219850774589;-0.0004595611734962235;-0.0017537591663762573
0.013928774969303967;-0.009623390781679076;-0.007870811817699169;0.00406400948152046
0.01678233212552008;-0.008629142104090952;-0.013753725074313656;0.008119338229186876
0.019205883786139466;-0.006134761736290075;-0.015095308914265361;0.009277141639956315
0.020648750746898866;-0.004033933235832033;-0.010986850716281575;0.007331265062036583
0.020573818320199937;-0.003694815165987146;-0.002918638168828849;0.0028068701582598626
0.018686999210473006;-0.005277588545252041;0.006131787140836344;-0.0032627792095032454
0.015141389543288461;-0.007681102500405929;0.013135412273064353;-0.009375557956545776
0.01054094432598745;-0.009120271081072922;0.016111065242664993;-0.013547708913536181
0.00570428256832167;-0.008035166222186965;0.014439522550881802;-0.013641700928941408
0.0013792310009057855;-0.0038695797706687477;0.008638580585166696;-0.008325106137105612
-0.0018911942654389312;0.00264592205258904;0.00014286929981333256;0.001629710829570233
-0.0037639455644311553;0.009770604225674395;-0.008831769470978872;0.012704156351987851
-0.004091181353777257;0.015396000271963623;-0.015792125283730276;0.019695750004039208
-0.0029740027004853463;0.017814872300889042;-0.018945641131722184;0.01843143051072739
-0.0008205717054259068;0.01643057238999898;-0.017937376493596762;0.008535983686205624
0.0016776043789370671;0.012145836473850452;-0.013660042939812721;-0.00580529631155084
0.003711278417312335;0.007069079740178501;-0.007441154960864708;-0.017859533281299723
0.004626640397738542;0.003457812650513692;-0.0004978647091382776;-0.021913588444486636
0.004154831324242776;0.002468248583749966;0.006008932371141276;-0.01617491101125811
0.002461452302213364;0.0035942416998936814;0.010816965028201914;-0.0034469300960885633
2.8833344002529973e-05;0.005169516900792794;0.012825019478800465;0.01046196678285446
-0.002527296063638666;0.005455486585118076;0.011634547811231471;0.01951407385295087
-0.004640487881555521;0.0034977938664931775;0.0077749553420037466;0.020067091607524255
-0.0059399593948658265;-0.0006788183984891409;0.0023302428770142158;0.012323607011584867
-0.006312752990600701;-0.006366443989623851;-0.003632940656531333;0.00010391223676233416
-0.0058664228916904;-0.012539730961221802;-0.009277811553699765;-0.010948472246427523
-0.004843769479826411;-0.018074803376461755;-0.013857750721580159;-0.015989804658141406
-0.0035439859211384905;-0.0219033745209789;-0.016685347439423365;-0.013254422672416206
-0.002253920961681596;-0.023203758657709503;-0.017378249621995866;-0.004861092555291363
-0.001179128766916188;-0.021558865473215155;-0.016041788700263737;0.004354230147518026
-0.0003905230957403218;-0.017006915108202465;-0.013135166305175028;0.0094620809315856
0.00018870436426223858;-0.01006698530352466;-0.009241250097708115;0.008104050186706813
0.0007444159882127192;-0.0017951444848420342;-0.005012680121967791;0.001668916496245186
0.0014863425167866604;0.006282405868004926;-0.0011684348129783995;-0.005687900268410965
0.0025502519500233815;0.012517513310630687;0.001698414575688587;-0.009565679194498166
0.003943353387379672;0.015653617314586074;0.003367338891823874;-0.007860527430929949
0.005557950570819263;0.015215666857669768;0.003943073177877456;-0.0018130827808880002
0.007216661669011601;0.011614351782756674;0.0035018758270238203;0.00501194547804786
0.008700905659991149;0.005997509029539408;0.0018515853929430342;0.009048196389405924
0.009764248121288456;-6.735800362476821e-05;-0.0012219402717290834;0.00875384677629603
0.010167846624109269;-0.005011591146295713;-0.005351986331583044;0.005077049930102055
0.009751524829753392;-0.007682217375895966;-0.009216174498779464;0.0003284012924797401
0.008506076412755992;-0.007618826188991162;-0.010923631244602161;-0.0034807426589835736
0.006592300910493009;-0.00511146673579168;-0.009105711707085221;-0.005632920518489536
0.004278289912080137;-0.001079763885756182;-0.003964781549880776;-0.006558068139470656
0.0018249523983024391;0.003139769373640876;0.0026175188681377263;-0.00697317991522073
-0.0005984802629509635;0.006082955999157559;0.008157107361303114;-0.007128209278133701
-0.0028971788276672752;0.006566402697874554;0.011069220105013215;-0.006675195731763151
-0.004950261813329799;0.004155404626041401;0.011414674371317182;-0.005080499483907538
-0.006539294555162073;-0.0005482967722966375;0.01036587946708444;-0.0021576881646170627
-0.007396082231451067;-0.006037557617790719;0.008988233295851758;0.0016342752405836608
-0.007328239924793192;-0.010427575315924325;0.007419380289295773;0.005252782632154791
-0.0063032944117563305;-0.012095008597896213;0.005013583411816273;0.007459093793217939
-0.004452266613395094;-0.01015132917205343;0.0011369025567854057;0.007399853097059029
-0.002062735916032855;-0.004674491210190185;-0.004120559674691114;0.0051287303343776295
0.00040418180034145103;0.003273991576381452;-0.009783936560975655;0.0017384872489023052
0.002349532876636794;0.011870684233954255;-0.014334572958638443;-0.0010834829331466433
0.00318284417675288;0.01900232639883427;-0.01624588894266489;-0.0019048797739623549
0.002503737590399084;0.0228549745558328;-0.014495197582781602;-0.0003279241675347377
0.0002151423969409335;0.022416290333376415;-0.008985022586304172;0.0027603595912063044
-0.003426823263102469;0.01778225761617416;-0.0008093390511271864;0.005615723247641772
-0.007791845177469066;0.010220259371070316;0.007793621577174616;0.006532910750842092
-0.011952776376843345;0.0018750351289670646;0.01398070302447893;0.004769536693982874
-0.014937960031893788;-0.004934009230040687;0.015353787092150099;0.0010064705154809227
-0.016059256860741764;-0.008549224370881467;0.011186148481211425;-0.0029487664962349006
-0.015109135224301162;-0.008455257419580194;0.0031231320692048548;-0.005083419689851665
-0.012353265992157395;-0.0051944216018974115;-0.005312644963258062;-0.0042081141587253
-0.008420994441910046;1.7278118610895116e-05;-0.010392945878467178;-0.0005424867465233561
-0.0041777821906468825;0.005646349997892101;-0.010083701711999363;0.0043758980133448335
-0.000539832891762161;0.010168159871263849;-0.004925083210273213;0.008334409992733372
0.0018024100516993247;0.012486203241341223;0.0026175330735783886;0.009352393504655864
0.0026422164637301903;0.012319831605466906;0.009694050908077732;0.006545190182157146
0.0023202923155091594;0.010265537336309114;0.014355303789763988;0.0006165200143991459
0.0015375387242198171;0.007427783910489289;0.015905503504785586;-0.0063138617665238475
0.001030849558758174;0.004824283701954047;0.014498574273415195;-0.011579046555673213
0.0012815827156334194;0.002901747341936671;0.010641500472888516;-0.013153740673645456
0.002366015847609826;0.0014350277112230205;0.005090343302452035;-0.010561187819783456
0.003977849922364265;-0.00011676557512767264;-0.0009583945983254251;-0.0050443456899904775
0.005595085183008835;-0.0020347118247589723;-0.005876744621348281;0.0010635391078426821
0.006712964483275338;-0.00400732481619766;-0.008121573971118456;0.005444334879951894
0.0070366103705504866;-0.005339041470039651;-0.007012936715421848;0.006822925347378007
0.006555474234257503;-0.005506257007893795;-0.0031922373689088693;0.005398847212961769
0.005491056998073425;-0.004551496527038737;0.0016363438661256922;0.002497050334792455
0.0041669336872962644;-0.0030079045902975782;0.005552715575603269;-0.00028087411623811204
0.0028707909408206248;-0.0015020686784354624;0.0073130447240946144;-0.0018600026618536723
0.0017683374367265868;-0.00040322326570058667;0.006769648534344048;-0.0020294198697797406
0.0008940444267663503;0.0002581613770579076;0.004690333863985199;-0.0012574383321359837
0.00019727836631077813;0.0006421536504661936;0.002232197665017345;-0.00023416742711600565
-0.00040204054326956675;0.0008972154718883582;0.00042805511119486223;0.000536241055935844
-0.000979111656033795;0.0010513389442179776;-0.00010692530224886843;0.0009000687614781406
-0.0015908719884521725;0.0010400526308777629;0.0007546292626947052;0.0009717725143719052
-0.002268525173121931;0.0008222603121661421;0.0027077862645927655;0.0009310361216913325
-0.0030090366772418807;0.0004909586490098048;0.005124630429907485;0.0008500637983933586
-0.0037712014984116987;0.00029465212180002076;0.007216256821187853;0.0006448475720122501
-0.004482206842195229;0.0005372093379753567;0.008264670555575197;0.00015682417617741753
-0.005051823198372421;0.001398840981834631;0.007881285818293993;-0.0006978454937385768
-0.005388443902787434;0.002781882827967042;0.006173732820901158;-0.001801580691985339
-0.005417420937794236;0.004288166533334007;0.0037036179024234088;-0.0028078098419097495
-0.0051047866807276705;0.005362790291379648;0.0012237545962736024;-0.003244303140456194
-0.004481889999121672;0.005531648261632859;-0.000671837145465716;-0.002716646997743661
-0.003658556900208428;0.004596467720051401;-0.001783013322044894;-0.0011234754636002724
-0.0028126158643022483;0.0026845131378161733;-0.0022921839728175008;0.0012252726295768834
-0.002148643716644354;0.00015647584497454015;-0.002535635431395938;0.0036560138911700684
-0.0018282908340798705;-0.0025296549733786053;-0.002721107525981179;0.0053319385763877895
-0.0018959588523224252;-0.004898014235624964;-0.0027781601583425344;0.0055273515357956195
-0.0022470575698937127;-0.00646944675965192;-0.0024311451119037866;0.003890357418533093
-0.002677438447738599;-0.006804556954244146;-0.0014285637316356014;0.0006364134705801463
-0.003000354821812006;-0.00567159981897738;0.00025067772831975947;-0.0033776606554981876
-0.0031674195827435265;-0.0033124938088507985;0.002367919096346829;-0.006770211582020529
-0.0033322142263701197;-0.0006178081328177252;0.004561800980701636;-0.008003941779584753
-0.003830437867727737;0.0010320678516484313;0.0064869375093465536;-0.005983637844663147
-0.005069552228795099;0.000344641558338986;0.007821051255238406;-0.0007112178121928552
-0.007337290959704021;-0.003120707544676212;0.008207265871608225;0.0063162420879483575
-0.010596793246775598;-0.008483346699855041;0.007317715340161979;0.012324081460804914
-0.01439430366481868;-0.013767898860403508;0.0050725842000564755;0.014279353375051918
-0.01796414251046353;-0.016795846548163785;0.0018049646517087027;0.010456999331544035
-0.020484568358975525;-0.016238770541225356;-0.0018114340205536918;0.001768135836540314
-0.02134659332747044;-0.012214136760222013;-0.004973189305452613;-0.00811895766642935
-0.0203162347229854;-0.006145105520529026;-0.006879552621741776;-0.014310202679741611
-0.017545087881717533;-9.942312308550785e-05;-0.006780516423154973;-0.013257394366246096
-0.01345351393511542;0.003949130521601659;-0.004137601380573497;-0.004918419405670603
-0.008562350025628586;0.004652801967844741;0.0010099646143739204;0.006869222990363819
-0.0033630921905276963;0.0016026085265044754;0.0076513461277459985;0.01618019331478879
0.001729987051429841;-0.004517123945842482;0.01370472760281804;0.01806168286445314
0.006375951285052961;-0.011979126686895993;0.01646959524006114;0.011179256259116026
0.010310527811835087;-0.01839380379217109;0.013661132036822956;-0.0014553118532871713
0.01337627157385712;-0.02146978291100993;0.004700899826409857;-0.014085058758473821
0.015547366309796097;-0.019964680027432735;-0.008413655106052131;-0.021168576923608098
0.01691489100567272;-0.014353219543434595;-0.021390260975606597;-0.019949329915759203
0.017637314497436333;-0.006710598135291306;-0.029336941734921948;-0.011271351888750931
0.01788125082766362;0.0002642995125691886;-0.029230602376965033;0.0014246298198255052
0.01775988770135824;0.004541376198248463;-0.021666439027402236;0.013834779456019328
0.017276940043827058;0.005569742688799624;-0.010481866556497028;0.022093402736834133
0.016333537099425702;0.0041717398298860755;-0.0003387815128297194;0.023400854299835433
0.014856923639218233;0.0017432691862062164;0.005887993833436418;0.016578080165291463
0.012971739735315768;-0.0005886881852998431;0.007971460860125687;0.0029341619175421055
0.011008829143892047;-0.002289290114478123;0.007253866442372803;-0.013179551423476998
0.009278933025898495;-0.003185617254041053;0.0050432584861233535;-0.025278602233999414
0.007824926509073316;-0.00315159236192237;0.001836067948376375;-0.027475249704832328
0.0064107638649625424;-0.002124020504160445;-0.002385518095361728;-0.017828260964310005
0.004732356271299138;-0.00034380720490641346;-0.007365060409013653;-0.00014036457977165275
0.0026270234843294776;0.0015907016570144402;-0.012051030797467253;0.017362960369620796
0.0001496692331047343;0.0030167893731818437;-0.014838625123527424;0.026109501450237448
-0.0024426797361610853;0.003591716566108048;-0.014522028625345056;0.0217906601147843
-0.0047415502123658035;0.0034348861607375334;-0.011298507393036871;0.006829645244441319
-0.0062831000616391285;0.0029533721686110783;-0.006934439622188394;-0.010785536727140492
-0.006688110053538545;0.0025473822699904982;-0.0036959925110711515;-0.02174641648975741
-0.005785727518850406;0.0024361969066248545;-0.0026914126142353425;-0.020440151420861908
-0.003666960918046076;0.0026785446175424344;-0.0030030175900989772;-0.007955947736859781
-0.0006733470897324533;0.00327902293247773;-0.002505733415852706;0.008609601502455176
0.002654603350682303;0.004244923774195076;0.0002105241422898803;0.020159376266837274
0.005674561327539778;0.005554490129972096;0.004469537329965772;0.02064316894105815
0.0077901658512102;0.007065478891907619;0.007891870768128082;0.01029118586946537
0.00860344434505988;0.00841807062150348;0.008215025728201044;-0.0047581928601763655
0.008000692962921819;0.009053264501221835;0.005090563777347243;-0.016120381055933716
0.006144072433114188;0.008469299628894906;0.000490573738165808;-0.017895208291281293
0.003397430678314256;0.006610279542849493;-0.002611265127812957;-0.009716625079543835
0.000227000754589064;0.004029071877672737;-0.0024106492462801932;0.003479795423921186
-0.0028984400992122486;0.0015845375345885256;0.0002830767161897109;0.014538590406556699
-0.005591281319064892;-0.00012374239769622354;0.002557694796143019;0.017993355381098263
-0.007597513778416211;-0.0011066992261609726;0.0016437161454115044;0.012584116846172045
-0.008815368650588153;-0.0018485835859354213;-0.002848090171164596;0.0012970918640066438
-0.009293434291641908;-0.002847305246324719;-0.008574869539304983;-0.010609418507754185
-0.00921290661510061;-0.004216031392151272;-0.012304295866908347;-0.018201345194551105
-0.00882569396137508;-0.005575798430307234;-0.012355735752595636;-0.01881223131856434
-0.008324045830787156;-0.006212952444483591;-0.0095648919269514;-0.012781727731261065
-0.00770436444139768;-0.005379551813497551;-0.0060817420960484056;-0.0030321695180734764
-0.006758338004582926;-0.0026372693250250887;-0.003255279115198876;0.006247693409232551
-0.005230903151585709;0.0018346334049902;-0.000566942702339203;0.011392989522889061
-0.003012223456705754;0.007042250995443335;0.0035198136942618825;0.010854523348772228
-0.00022502810424210743;0.011211118287760209;0.009689700432280977;0.005820243905866993
0.00278554602714874;0.012245478745115385;0.01659033889600549;-0.0005352175785100816
0.005515116646178617;0.008672820799166342;0.021326490927910786;-0.004825187603491159
0.0074575336081975216;0.0006980677726473772;0.021204609339827096;-0.005261829958800236
0.008351729973113953;-0.009341830276579014;0.01539956105680436;-0.002467232419857384
0.008333150104996542;-0.01761073120708395;0.005449322219657685;0.0011425377124589815
0.0078083496608443844;-0.020322768316456352;-0.005544927578392342;0.0029643368498730276
0.007144554505279268;-0.015469532401950674;-0.014318701730789788;0.0018006384543438297
0.006468369037510033;-0.0038670441133436344;-0.018621687950485646;-0.0015093397887822055
0.005723118117646329;0.011007679393139982;-0.017756825119844024;-0.004743336215801664
0.004836862541203296;0.024343371203881962;-0.012515854346833458;-0.005765103781161433
0.0037872465428588744;0.031883358853143993;-0.00473341471959556;-0.0038646932876508
0.0025529753794508283;0.03152835380689526;0.003334236789182126;-0.00014957863002160299
0.00110009218910217;0.02399281250074239;0.00964100369276025;0.003207259459439585
-0.0005265862390008963;0.01232777014180743;0.012863762084766757;0.004334735853578841
-0.002099350006135236;0.0006051503425656193;0.012712168470415789;0.0027665975553730995
-0.003216799863459299;-0.007634947194662297;0.009954489258117526;-0.00036636345676437695
-0.0034536354971514286;-0.010534278112083607;0.006076179111342289;-0.0030829346661305694
-0.002577522502467854;-0.008286803880948053;0.002621636722212693;-0.0037230630748663956
-0.0007212050949763348;-0.002756294494990241;0.0005223273846704693;-0.0018820975749830949
0.0015918940517474164;0.0033842728721670537;-0.000161478247218708;0.0013435329355387681
0.003610646898851024;0.007692067770535144;0.0001069793608676811;0.0039015033940939486
0.004642066890726841;0.008852125257114674;0.0009844655208534488;0.0038876900004164894
0.004312201033082562;0.007052837970671268;0.0025797473242681972;0.0006940149133526727
0.002680067643180578;0.003626025338742668;0.005158920552282922;-0.004457181997835104
0.0001855734723754596;0.0001895922820128028;0.008529745213526504;-0.009036519114393134
-0.002515263589720852;-0.002138005068208545;0.011715750103622097;-0.010606651320582841
-0.004765383274113412;-0.003019237389132058;0.013269207167087646;-0.008261856945462068
-0.0061065059304966675;-0.002686068048632787;0.012057741628869585;-0.0031692984640265226
-0.006387736941618796;-0.001565835549436316;0.008010929750145921;0.0021338908367554794
-0.005745018952615177;-4.6714919977268065e-05;0.0023340211350714357;0.005211606813350933
-0.004492671506237992;0.0015543964425611876;-0.0029599123681175233;0.005048460941813298
-0.00299843007966531;0.0029297121839918943;-0.005936555696820525;0.0024726490186519462
-0.0015762963842850266;0.003732164927021743;-0.005581471325495504;-0.00047132127225962833
-0.000409994732041986;0.003596848024285171;-0.0022089841278515507;-0.0017529957551728442
0.0004644007665266921;0.002261044497943222;0.0027131590548172832;-0.00047587715109908955
0.0011044454858845;-0.00024878422256211045;0.007221675753535676;0.0026824488850197407
0.0015787219349382765;-0.0034849730903885497;0.009694010023625103;0.005882797177678988
0.001915545939955435;-0.006637242854188781;0.009457678750893678;0.007135806496149663
0.0021013477657747127;-0.008813592579577008;0.0068674256758882585;0.005388691693306146
0.0021069751180228477;-0.009419794729330919;0.0028774135458030027;0.0011489169921291096
0.0019183321416880025;-0.008411599161963821;-0.0015276814064993827;-0.003674912527114026
0.0015630196539269268;-0.006254278431715782;-0.005658766307200106;-0.0066786733862987885
0.0011284282690557478;-0.0036433600130733436;-0.009110621069588598;-0.006210456891538883
0.0007586877144196234;-0.0012097337974730238;-0.011570939341834261;-0.0023256761197818494
0.0006215207404575469;0.0006246214643822126;-0.012631530985995768;0.0031165388528291015
0.0008610096962321669;0.0016463457242507252;-0.011736771873206178;0.007351297378614954
0.001564686222675952;0.001794807753967815;-0.00840263956631801;0.008153924145412475
0.0027477756009579558;0.0011211579554193814;-0.0027074593029926737;0.005045612281582662
0.004335304865392683;-0.00020525834207107713;0.004258051763127792;-0.00041390364688249735
0.006146394681970179;-0.001863275453746703;0.010447161050447892;-0.005435607735442703
0.007915641638540206;-0.00339170665090586;0.01359621248728493;-0.007503504931230922
0.009366837502391168;-0.004297238395383851;0.012294011403839403;-0.00574173861868783
0.010302908669746973;-0.004214593977975161;0.006728261898081306;-0.001339464558410363
0.01065520716105379;-0.003021356328764255;-0.001354464777553131;0.00322676915402733
0.010466004292442101;-0.0008674804017714705;-0.00941210271766022;0.005657034691151303
0.009826841177322644;0.0018312618459793576;-0.015087243204384981;0.005028476107506859
0.00882322140034692;0.004402511434265608;-0.016865084904781915;0.002025285730931801
0.0075291079171373315;0.00600795781729517;-0.014241120949869282;-0.0017943269860400566
0.006053005035607293;0.005917915230991833;-0.007669966636016913;-0.005032473665941602
0.004577915889196012;0.0038997707711902765;0.0013766851962462702;-0.007017625300503751
0.003319055275574131;0.00044838618327569594;0.01036128136354176;-0.00765491218060437
0.0023998777908288294;-0.0033761467618665026;0.016173687695208338;-0.006976067546317802
0.001760299354078212;-0.006435184830892978;0.01640127389623001;-0.004964336225699007
0.001213085052141616;-0.007979406452827404;0.010739215793974995;-0.0017900947049482774
0.00061319793417565;-0.007800545154036934;0.0014210199239193199;0.0019168773410389234
-3.355399725016429e-05;-0.006072398721208059;-0.007889268831598292;0.0051833168776950446
-0.0006362711385555208;-0.0031151967974668107;-0.014098290965674382;0.007204917297959425
-0.0011714939611636923;0.0007103541322140595;-0.016149737656307964;0.0078213611580796
-0.0017421837966243945;0.004954437507930842;-0.014923242769922154;0.007493326544258425
-0.0024839794651450313;0.009016955903272414;-0.011845203224089254;0.006751811995023651
-0.0034195730941623953;0.01225780280240462;-0.007574616472864488;0.005591186090585464
-0.004381924463222976;0.01430163212345344;-0.0019713009659829994;0.0033920417063891383
-0.005054699838880923;0.015270152556490826;0.004736368182885519;-0.0004319046602754347
-0.005123862054747103;0.015587706640317856;0.010897907564517797;-0.005475333407622459
-0.00447507014333754;0.015390817585275465;0.013787401495675042;-0.009849280132990591
-0.0032928161742541615;0.01412896907925811;0.011311472720230788;-0.01075352206051727
-0.0019525092218010975;0.010948523456236096;0.0036714226195073666;-0.006042859118067905
-0.0007991365891531854;0.005677141036217091;-0.006457842193911095;0.004029095760587058
-4.041110608162697e-05;-0.0005526762105125147;-0.015350535334452808;0.016038065939395267
0.0001718714462603754;-0.005822552243868;-0.02012055918449454;0.02441102995722172
-0.0003522710558601474;-0.008785752919682241;-0.01986750734338908;0.024130619579032973
-0.0017901375780768908;-0.009656183790404794;-0.015609119400529359;0.013818837536086592
-0.004191150508790791;-0.009868004084956562;-0.009269868586437352;-0.002781012999915646
-0.007455322912075701;-0.010679376475484975;-0.0024846618753784685;-0.018247353660969492
-0.011390087387027004;-0.012016884627790152;0.003913566070079525;-0.025321244822593847
-0.01571470100622129;-0.0126047964679083;0.00942693425925405;-0.02089241338848149
-0.019989659217632565;-0.011163177644847555;0.01310942231278125;-0.0076464767407864965
-0.0235917816240922;-0.007523925838791801;0.013507319180532842;0.007596513881209632
-0.025846235501042848;-0.002769533605919426;0.009657699985002726;0.017686028415843928
-0.026291403712092563;0.0015019901598249427;0.0023235222654112773;0.01875318284852087
-0.02491046774245591;0.0040046138690705176;-0.005792881087937029;0.011736381655917718
-0.022139515641347418;0.004091950663561484;-0.011296832694557153;0.001317563164981881
-0.018622146389544854;0.0016586405407059066;-0.011938633394119186;-0.006890687369458706
-0.014900318226207087;-0.002965879098003903;-0.0077130627984908036;-0.00933198382927558
-0.011273874297274052;-0.008962443093524858;-0.0006479686560245443;-0.006129768201545588
-0.007878818599313156;-0.015002952268913025;0.006290256459568211;-0.000592825946183435
-0.00483906970187685;-0.019475482623724782;0.010442803714694585;0.002976566365707617
-0.002330204218004934;-0.02093740031524616;0.010399572987266802;0.0018525993048189367
-0.0005169726241388141;-0.018637969763961787;0.006429152748479604;-0.003597154219318876
0.0005635496919173596;-0.01291286581385576;0.00028078848398228916;-0.01021661135529806
0.0010700204444277666;-0.005220800299888112;-0.005581788083440477;-0.01392781651215128
0.0013029217238524182;0.0023261924024475596;-0.008979386350345125;-0.012062018905382875
0.0015369451990962346;0.007789853466894096;-0.008812946693825338;-0.004863321247954975
0.0018464362618393747;0.010147301123507745;-0.005389240124861334;0.004613378995149917
0.002052963641080328;0.009536944653063371;-0.00024203700475326922;0.012102154418473142
0.0018328215132013411;0.00694445430020135;0.004460208048478205;0.014335321097331514
0.0009086756979726533;0.003606830554172771;0.006751852334384839;0.010676355227661085
-0.0007879704058277631;0.0005071423422038456;0.005678619896963673;0.0033197643265081866
-0.0030614050274136;-0.001826333671750596;0.0017378524338553867;-0.003997744806914786
-0.005521353013645213;-0.0032538189645891927;-0.0032926736116991704;-0.008005124187094778
-0.007734754273697613;-0.003867855229480692;-0.007107872065828046;-0.007510505779329219
-0.009376819666351864;-0.0038810918011214293;-0.007876793706769657;-0.0038148413132767208
-0.01030977957913496;-0.003578549968194583;-0.0050258291398506474;0.00019274132010235377
-0.01056979088762615;-0.003289734399872955;0.0005367303034166093;0.0017246768631895189
-0.010283633777319924;-0.0033241052748754544;0.006804673839198496;-0.0003048842285469458
-0.009551028692315283;-0.0038439744563059366;0.01145933904727935;-0.004589893257991862
-0.008345698998957353;-0.0047245053319082166;0.012750999652893958;-0.008066397304489818
-0.00650091545011979;-0.0055111862829441294;0.010180381811744662;-0.007647673943599656
-0.0038044454155275395;-0.0055561118958665475;0.00472098611523724;-0.0021973165169739857
-0.0001463039856021715;-0.004299467624419578;-0.0015764589854570816;0.006408545875247843
0.004375899876458855;-0.0015424942780587435;-0.006517000122829494;0.013920257225874163
0.0094443151858766;0.0024429811599122144;-0.008811035443801513;0.015917028105582594
0.014575427689936636;0.006963715205019255;-0.008604595706029521;0.010436197224929849
0.019185755711608497;0.010979648136910694;-0.00706496463145863;-0.0005281328412590173
0.022648779641131527;0.013187815692243305;-0.005246146547665614;-0.011704962877518552
0.024377092485647962;0.012301432945073423;-0.003101579488049172;-0.017232451867565664
0.023964915275394377;0.007625151763202138;0.0004484676506437337;-0.013935744279324034
0.021365191013961636;-0.00033547193427858375;0.006259178029509199;-0.0032962275918491015
0.017015040181622854;-0.009702539843335448;0.0134565218722022;0.00913022342308543
0.011816521168161929;-0.017755672799774375;0.01908693572602144;0.016624454203686724
0.006930676631606861;-0.021986480132731294;0.019614397621170176;0.014946231241943398
0.0034407693160025364;-0.021166527979345876;0.013471645528948176;0.004667606561768009
0.002038005675328458;-0.015879908136276155;0.0027403518370151658;-0.009084060080104787
0.002874273738514131;-0.00825713655037112;-0.007637329770952417;-0.019282249290221015
0.005592255369416374;-0.0010878069706112196;-0.012866575651109257;-0.020593910346789566
0.00944959583822164;0.0032395539560246935;-0.011337449804791894;-0.012077389788512652
0.013509213859714781;0.0035772319875102456;-0.005310715989449725;0.0022720832351375646
0.0169153549380421;0.000430103735217185;0.0011985743831416488;0.015362500577845765
0.019173756065408137;-0.00418778707981723;0.005438363858530685;0.020457536524532322
0.020262852771479926;-0.007544830590585905;0.007351801667124485;0.014674883048516931
0.02049899160618384;-0.007501653887937453;0.008566994389640776;0.0006696532015855671
0.02024800801310088;-0.0037715902611603256;0.010241943626707802;-0.014654955812590714
0.019645520045675734;0.0017067597276018147;0.011781400438595126;-0.02386319313798312
0.018478802934662572;0.005761851000595112;0.011360280047933246;-0.0229362871908706
0.01632319473629762;0.00590615874232783;0.0075471620443681295;-0.013078273128312482
0.01286408022383625;0.0019874917322012355;0.0005821564635678924;0.00048008731361265123
0.008171602949815044;-0.0035315312482115187;-0.007559036674349989;0.011593644060842706
0.0027386842619703026;-0.0068961765313567;-0.01408827684163477;0.01623338130818364
-0.0026886576817755354;-0.0051860109591911905;-0.016550587455701773;0.013904704742985264
-0.007327858584456304;0.0020553091260716192;-0.013698019030467556;0.007120928157667526
-0.010527299973498284;0.012644189642463062;-0.006032953338959572;-0.00033442820291688436
-0.01189716153281319;0.023018499744522285;0.004036810090696264;-0.00522667513432154
-0.011417540726970269;0.030012798908606336;0.01273932818976029;-0.005953921531020624
-0.009468933352733251;0.03207804972887363;0.016360760333061785;-0.0027255044056424937
-0.006714427896264611;0.02950349418912596;0.013085296633004204;0.0028574985956962436
-0.003849166677662945;0.02391159719281721;0.00420112730666176;0.008460765173576884
-0.0013495816054844333;0.017499933687296215;-0.006265774513279341;0.011771427748631118
0.0006226945797750829;0.01228843758675903;-0.013530561017086837;0.011308934190760761
0.002124234275828678;0.009470272147465339;-0.014539798605410471;0.007077857983667168
0.003250950007994459;0.009043313737485344;-0.009391933476691473;0.0006661090315204743
0.004022391214496485;0.00995499994909982;-0.000846074629073769;-0.00543002048189577
0.00438016093569785;0.010760627592919026;0.007518026352575264;-0.008974467626616358
0.004240556082513437;0.010415535515921611;0.013101846535958748;-0.008999320402884712
0.0035227717837995123;0.00870221221408173;0.015022639896909926;-0.0060909748463981285
0.0021478510203013883;0.006096600090708385;0.013741402251750584;-0.001869473452775856
6.847026066689603e-05;0.0033114421059301617;0.010239633090881647;0.0019412176632832474
-0.00264662452667122;0.000914537744029989;0.00539392720242023;0.004287007937597772
-0.005747340018453988;-0.0007824533787500257;-0.00022358168051786465;0.005032438249802801
-0.008849859391364867;-0.0016629498453738995;-0.006231432625286824;0.004681332754317235
-0.01158489364304223;-0.001753737993710257;-0.01219541008632486;0.003858385190774664
-0.013728750984382344;-0.0012327105375214765;-0.01738364311426994;0.002912215641917376
-0.015224134774039413;-0.00042453452097494706;-0.02064397803196788;0.0018502789760114185
-0.01610913488927858;0.00028286124007032124;-0.020576210534677432;0.0005687928517033237
-0.016437550954744803;0.0005972068540648007;-0.016101010996707858;-0.000839405079870273
-0.01625149417025823;0.0004676717293895423;-0.0072362527607469085;-0.001936389524307202
-0.015612606254443424;8.287376966612961e-05;0.004413302363458569;-0.0020691660856220206
-0.014649140132218637;-0.0003124853053760956;0.01592608859148341;-0.000732465978199654
-0.013550341855097072;-0.0006043103993085811;0.024121970415174672;0.0020135256171157504
-0.01247524291827583;-0.000766539802349998;0.02685804749619861;0.005313574460739534
-0.011434287892205313;-0.0006104248673569849;0.023799776893164176;0.007678223739956484
-0.010252250757107947;0.0003501921011762547;0.01629758972649414;0.007558563374215903
-0.008658225860968377;0.002633170202629422;0.006637260508775876;0.004123007742886095
-0.006439968083778891;0.0062288687105734345;-0.0027753826743054993;-0.002108494298661063
-0.00356160017248308;0.010193426035241291;-0.009974641505016802;-0.009090258590440877
-0.00019005894452536564;0.012800828976703581;-0.013824927026617332;-0.013740353981371984
0.003362241219762789;0.012294489402204246;-0.014377220185592817;-0.013134451176597669
0.00673273064319517;0.007849515326350547;-0.012957353263484104;-0.006142294509852895
0.00958982441534061;0.00013637574201752232;-0.011566908058478157;0.005237075422882376
0.01168637404487582;-0.008928788562959826;-0.011713888024735565;0.015929572364608152
0.012909673405960713;-0.017099802354279693;-0.01351656402851576;0.019907293174360935
0.0133086591897633;-0.02272690266511192;-0.015783930860210214;0.013683973239643384
0.013024617371324832;-0.025087910750290147;-0.016839476151768246;-0.0009411035194718567
0.012144582421441107;-0.02413495849426094;-0.015345012640502902;-0.017060228842315266
0.010644026228548509;-0.020195886592714433;-0.01079157294163815;-0.026151327030434914
0.008516039341147242;-0.014002291712694384;-0.003775675332014429;-0.02294280231610758
0.005944306413099237;-0.006831106722162395;0.003976195323086702;-0.008608997875072216
0.0033178570927600076;-0.0003373388545835478;0.010112137726842805;0.009734841987432503
0.001079658461387038;0.003980174735095564;0.012673936314603155;0.02290589405777166
-0.00045170578698748283;0.0053448028033178255;0.011052270463409583;0.02455039476509975
-0.001191114898643647;0.003953519196100485;0.006182603719017153;0.014308252705500865
-0.0012973947731608493;0.0007999026953766593;-0.0001082786158614935;-0.0023159455343290925
-0.0010641757043903452;-0.0028278637147270964;-0.005965846625155471;-0.017053150697937287
-0.0007300893713313466;-0.005924521321526322;-0.009953845682292144;-0.023125336278556362
-0.0003490882090770144;-0.008113229901862735;-0.011138574538459766;-0.018428777267956505
0.0001662059912477045;-0.009570892598920641;-0.009234584318842868;-0.006165344698393426
0.0008853113689131967;-0.010627102305438015;-0.004852043028718808;0.0071508364270036415
0.001746824255449649;-0.01137186191907485;0.0005368923744389065;0.015100569534941679
0.0025784746874450435;-0.011589693346878493;0.005116359496474478;0.014412406742794329
0.0032030164161753875;-0.0110363229582561;0.007475726539916543;0.006230641428557709
0.003534298770488435;-0.009743377624358906;0.007170287755863854;-0.004837312471239714
0.0036063186385312126;-0.008034062093830511;0.0048110523639144556;-0.013222923861129745
0.0035343399121528568;-0.00628535296178337;0.0016206469868624502;-0.015123072063610172
0.0034444763102553025;-0.004746198039528051;-0.0012938139697297123;-0.010160618100042599
0.0034163001390291902;-0.0035799732169293544;-0.0034069071336963203;-0.0012926801833371615
0.003465887702894098;-0.0029841116434235183;-0.004598387871441075;0.006851699510427307
0.0035763223144195727;-0.003173156775823613;-0.004620638549605659;0.01029918375806841
0.0037631645195256762;-0.004199416133053319;-0.0029466257626879133;0.007584407153057245
0.004126180212327378;-0.005761545489487755;0.0006564477436921019;0.00030150854647367347
0.004815472579671601;-0.007190269774377733;0.005336179389582805;-0.007823194313531555
0.0058970690995121654;-0.007695495489216691;0.009034859200544759;-0.01284567288154872
0.0072144320070345;-0.006748759609203832;0.00942729228092586;-0.012558607919548336
0.008372759151145819;-0.004344331842373516;0.005385875332582599;-0.007476969282739956
0.008865814045235057;-0.0009856933864077818;-0.002085777440840798;-0.00032158459198796855
0.00825000746050454;0.0025513926543970942;-0.010187017266092025;0.005657992647920964
0.006281914621341793;0.005530565049329635;-0.01572838902073953;0.008458827565049181
0.0030163518079066812;0.007504060611200904;-0.016660395676671547;0.008114971372255097
-0.0011280122097926276;0.008412424764753446;-0.012805465097644825;0.00613203343621497
-0.005386534680967442;0.008536681415195153;-0.00557105974474957;0.004126747169749261
-0.008805256021061416;0.00838544987950126;0.0029018146621440284;0.00271913224115419
-0.010513404767352042;0.00856718378781637;0.010538646520137331;0.0014436919812000086
-0.010023535042959147;0.009578285199897597;0.015779865309625964;-0.0003653110849277353
-0.00746346434793107;0.011437907740660714;0.01776081550025303;-0.0025049268160115385
-0.00364248987489271;0.013349472738142599;0.016397941927661315;-0.003593368087444849
0.0001360749939998445;0.013819289292886719;0.012391405748757411;-0.0019105308297464047
0.0024975370928970557;0.011466861148720569;0.007024054769086258;0.0031024733544957805
0.002462691961596667;0.006110541371979191;0.0017302104910072267;0.009782223520440026
-0.0002766967270582613;-0.0007473883289040973;-0.0023551652159489807;0.014578927320153862
-0.005338975169102413;-0.006568148903773031;-0.004595715540776169;0.013884688873507457
-0.011769652786095448;-0.009154686898497579;-0.004796713543439712;0.006389998700678955
-0.018204793651798643;-0.007739562821848476;-0.003125349174657045;-0.005558862118693772
-0.023143739792768785;-0.0030825542575520647;-0.000127743032272263;-0.01671213784305483
-0.025373859517844675;0.003211285021951653;0.003269440780249005;-0.02157118042994513
-0.024383476835485994;0.00939511093856285;0.0059227696716537695;-0.01740054207507637
-0.020519527744545806;0.013868906368002386;0.0068340081390157485;-0.005790944195331961
-0.014827035659122854;0.015301676473975569;0.005584566331180198;0.00806110037168221
-0.00870383849779973;0.012993733635516204;0.0025855859046516184;0.017865110640236777
-0.0035157505803922115;0.007377388106753834;-0.0010925561262704257;0.019232088285494033
-0.0002523809851517815;0.0001261409525661692;-0.004313733968861389;0.011746446447424808
0.0006993742107416452;-0.0064365098874019045;-0.006545570477427578;-0.0008483858665829316
-0.0004131739597560195;-0.010350164737284525;-0.008059325113492118;-0.01249433272932604
-0.0028718799952464767;-0.010832738586631783;-0.00939327182249367;-0.017843119774779044
-0.005756639785604077;-0.008436934445466289;-0.010485833631529069;-0.014894067287657952
-0.008222674489440404;-0.004561859188603572;-0.010291523302873556;-0.0057918459998339234
-0.009729173345482841;-0.0007233092369812228;-0.007335868336572346;0.004621599603565892
-0.010165164401802906;0.0020058461827693118;-0.000859304317155901;0.011553534158964093
-0.009809675472658205;0.0032419795356348246;0.008308000928584624;0.012639210774106055
-0.009133827646922471;0.0032681150381524116;0.01780296708763693;0.008684047205093373
-0.008566968482565506;0.002780994985448922;0.024713339436882944;0.002642393304186791
-0.008361452332140163;0.00246923062033102;0.026899016096898074;-0.0022686472298985615
-0.008579893911555468;0.002634923719947648;0.02391758116413599;-0.0041421134538504635
-0.009139311236021352;0.00310989450121535;0.017100778477478887;-0.002929165661470758
-0.009860776496493475;0.0034845327783575445;0.008824025015998195;1.0265959803165718e-05
-0.01051534611888927;0.0034089127849718367;0.0014496865399529434;0.0028300125059359826
-0.010858287509516545;0.002740542957997632;-0.003463181611717768;0.004027312741276359
-0.01064094943523339;0.0015247210466879568;-0.005383002537589889;0.002893993528581258
-0.009617659137601941;-7.504999808604927e-05;-0.004615477246473704;-0.00037639458035072825
-0.007579539048662141;-0.0018175844382435108;-0.0020612244683894144;-0.004760918190874688
-0.004414812895825129;-0.003408838816679575;0.0009193640394975037;-0.008604734118212623
-0.0001642573460886352;-0.004560155358004649;0.0027279914419219855;-0.010062496580043014
0.004944420033892995;-0.005091631540519254;0.002084160466518052;-0.007865225111958817
0.0104786331132305;-0.005020998153858171;-0.0012114658578605184;-0.0021787230752041576
0.015816677643781522;-0.004543266294635285;-0.005846271473422013;0.004997890437601907
0.020239306274540788;-0.003880078188419012;-0.009405839133832826;0.010393444619652996
0.023101227019009806;-0.0031279680444387826;-0.009593919087805394;0.010973147498142578
0.024012519423138604;-0.002284406771155784;-0.005587458027091038;0.005701020869560433
0.022939459539363306;-0.0014602139013648954;0.0013847857868456983;-0.0035091882184970446
0.020189256689522636;-0.0010479375064607803;0.008715749600135457;-0.012427502688688698
0.01630653462873377;-0.0015929513489239837;0.013933515156738303;-0.016584076516380022
0.011931796600186161;-0.0033743498833811486;0.015979577005501996;-0.013664349362047388
0.007670419592829367;-0.005998358002649859;0.015351509604252012;-0.004796473351239767
0.004013679772745843;-0.008350737052363291;0.013145138388452299;0.006017582606836011
0.00132823133981493;-0.009010828263969943;0.009940114652938715;0.013906915062136834
-0.00011590124838183573;-0.006914941446552663;0.005542763586039866;0.01537290763104019
-0.00014672780237509376;-0.0019203625776865515;-0.00024262341925146734;0.009676115574242614
0.0012265394522068206;0.004969440655123767;-0.006637399059357776;-0.001000732049355654
0.0036854394930978746;0.011770378855019071;-0.011772822671453529;-0.012361591390318867
0.00656882487568848;0.016060386799824914;-0.013758740802206947;-0.01941695609835703
0.009060217187513634;0.015876404641584612;-0.012147391930560447;-0.018304176223631063
0.010540971858447613;0.010738638322280433;-0.00847496287532956;-0.008184088862927583
0.010867689541605798;0.002227167863334149;-0.005218983232827795;0.007592687298679437
0.010378686279961642;-0.006483294730941094;-0.003956569636771016;0.022147496781078788
0.009679767938521995;-0.012128303014697694;-0.004351431931695294;0.02801653066160158
0.009383443992182505;-0.013071368524410166;-0.004794793340219262;0.02124627832068922
0.009857111154617682;-0.010104359486647325;-0.0038928066033340606;0.00418239821913918
0.01096943668789807;-0.00578581094700987;-0.0013961800215093144;-0.015150680392355714
0.011993725604975976;-0.0028053858310298136;0.0019037966578562963;-0.027083401990742724
0.01190846816982217;-0.0024750733503887535;0.004726569634126992;-0.025489026585720526
0.010018762070588239;-0.004206609994044968;0.005711922951646417;-0.011115736585625901
0.006427415025455747;-0.006084053949395684;0.0037302636962747372;0.00879486383091924
0.001967532757356971;-0.006020541211536485;-0.0016377852144938186;0.024304762363113176
-0.0022801595232721465;-0.002844111906030336;-0.00957300010435443;0.027885152893079506
-0.005440344590147995;0.0031249399588306934;-0.0179564562457069;0.018166867873022022
-0.007013939322945652;0.010168494463004125;-0.024120507948157777;0.0004680408007504772
-0.006866347522114646;0.01588219198251053;-0.026075191593186962;-0.016100713477693075
-0.00520305985757471;0.018213199351798704;-0.023378293987849973;-0.023405668371444463
-0.002541019516586461;0.016343186671927166;-0.017108746255181613;-0.018427461004685806
0.0004020712859559135;0.010998127014469866;-0.009163512333912329;-0.0046181259205685535
0.0029101995827928843;0.0040889482187266716;-0.0014791116337734094;0.01017832137654898
0.004485689663286806;-0.0020852806502201487;0.004458360930137827;0.018079830609945897
0.0049814531303666925;-0.0057159863556243366;0.007804679024709379;0.015431597610673762
0.004588623205441599;-0.0061300092258821486;0.008350794742329368;0.0046517433245037145
0.0036931625492919408;-0.003959269694857625;0.006412363322384004;-0.007354186810909424
0.0026855117157582897;-0.0007285481199186476;0.0027113043261630747;-0.013272117112432123
0.0018262666865006734;0.001959402450385477;-0.001732431155330789;-0.009574945908145139
0.0012211733740026141;0.0031754763627117543;-0.005783476736040067;0.001577184180728299
0.0008742193121508208;0.002910357694534436;-0.008462437057339576;0.013745565385826108
0.0007433086285863116;0.001751547290832365;-0.009160680096897285;0.01998145896111281
0.0007676632485549433;0.00033439930699661344;-0.007691609004169378;0.016692925939576456
0.0009026597408844437;-0.0009991676511930403;-0.004286992212870697;0.005443040048300359
0.0011722803063485047;-0.0021682860000366015;0.0003007546896234396;-0.008146860738938342
0.001666669705148582;-0.00313123121365047;0.00468533756506084;-0.01753923328182235
0.0024339070579522063;-0.0037549628991525117;0.007068039966761015;-0.01861857391759543
0.003351143489764518;-0.003857951491757727;0.0059838354932459994;-0.011500464723817121
0.004110441756497649;-0.0033070356851415835;0.0012570504804699561;-7.687489557333435e-05
0.004329792017446827;-0.0020723610300291714;-0.0055132078441183655;0.010215887417782555
0.003685538976196132;-0.00026297171654112654;-0.011446057140228397;0.015107338911275386
0.0020127126344352954;0.0018343994166447487;-0.013715928988606461;0.013312114540186222
-0.0005963302549712817;0.0037697927094070614;-0.010980596256804689;0.0066923433142008
-0.0037151972996627342;0.00505860632302364;-0.004072175806866822;-0.00108982566029408
-0.006634891876778608;0.0054059662897287695;0.004380332444652783;-0.006549511627987026
-0.008580638230261707;0.004925451370796399;0.011112175042735912;-0.00792368214238631
-0.008968945795568103;0.004202639656099076;0.013553287267988504;-0.005601991957608654
-0.0075524407182879965;0.004075208658657694;0.010757487920203524;-0.0014293547835362735
-0.004439080876782484;0.0051560047638592385;0.0036486571558601256;0.002538588712066479
-7.101963163668643e-05;0.007379405250870539;-0.005376094344619267;0.005040274505906555
0.004810367699385275;0.009950839644628381;-0.013254032496891601;0.005883883156899852
0.009273165218876559;0.011788869468516573;-0.01720054437037546;0.005556419230251901
0.012405440406323217;0.012090070263153183;-0.015553307684170632;0.004615328806251557
0.013559468922382346;0.010565856796320567;-0.008330857831033942;0.0033080706024217546
0.012534433875688087;0.0073204888066270915;0.002640765350151939;0.001580005555082741
0.009645481791830446;0.002716712100636943;0.014118861484933637;-0.000656209042200582
0.005653456212740435;-0.00256253850372952;0.02233931020158903;-0.003231637787192703
0.0015462101622554052;-0.007457767906546581;0.0242645899503949;-0.005615781201143874
-0.0017641304919815057;-0.010776444473419654;0.018826211560679228;-0.007076569363701614
-0.0036855061337353226;-0.011686205874546414;0.007591434060968908;-0.00703001161508606
-0.004033206212265036;-0.010103203434835714;-0.005672656397370725;-0.005382426784514011
-0.0030010999723651217;-0.006735699140376293;-0.016551654350380727;-0.0026597790701275905
-0.001117128677989704;-0.0028435816535558093;-0.021901273591600462;0.00016685363189411357
0.0008029638151169534;0.00013978065154577495;-0.021000295028932584;0.002088287814081268
0.0017808419688872894;0.0010478317224578639;-0.015298748202026027;0.0025120995890470462
0.0009230001281284755;-0.0006233761282546732;-0.007153140408994263;0.0015480434838254272
-0.002276837721285829;-0.00452573191419888;0.0014214212372024204;-6.0700627888730265e-05
-0.007716565144842973;-0.009544252367934117;0.00923946787174237;-0.0014024159757038193
-0.014664233500196812;-0.014114566689164759;0.015701746857338165;-0.002008501583653945
-0.021961385981435287;-0.016722571854208907;0.02032296322475188;-0.002128520432456682
-0.028352706407790616;-0.016462300105289256;0.022481542905163417;-0.0023732185521730727
-0.03279017095990591;-0.01335453793618369;0.021567376543607956;-0.003019286458861184
-0.034629249558458766;-0.008183970133555811;0.017441837524445006;-0.003648966187645061
-0.03372086823135722;-0.0020253590737027848;0.010890767360533972;-0.003467998409710771
-0.030396977202858073;0.00407032406291513;0.0036591377596713274;-0.0019621901235218936
-0.02532743698640176;0.009039782922484887;-0.0021015931257975296;0.0006887125545925216
-0.01929689755344543;0.011761989173528284;-0.004698156015346643;0.0036598457607148866
-0.013024377022131117;0.011364080767749243;-0.0035757706386110102;0.005825216770506079
-0.007095587351164672;0.007712810672046904;0.0005055620410711285;0.006196210842423067
-0.0019631491292240863;0.00161717483177537;0.005792668969929503;0.0043571290926930715
0.00205664669281109;-0.005431871673054419;0.010158004317352328;0.0007695040096200933
0.004797145745197487;-0.01172428205027259;0.011790456506937571;-0.003269599072123604
0.006236385641863191;-0.015696496599440505;0.009778788506198201;-0.006150273364267269
0.006484181730371123;-0.016173763811043115;0.0044497279189959354;-0.006794512508685901
0.005793040962604887;-0.0126347475214931;-0.002642133460513843;-0.005353346569519577
0.004565254543337031;-0.005511777848097802;-0.00911228943453489;-0.0032297196477562426
0.0032740785691575103;0.003698709986292762;-0.012476493128989961;-0.002229003704233791
0.0022793383264291998;0.012749849138766924;-0.011064317708828816;-0.0032389062304084984
0.0016498541378705592;0.01933782295174441;-0.004865310408706304;-0.005336695043832352
0.0011476000407614566;0.021851373061762432;0.00409655259334429;-0.006157003848606014
0.00041397181960004523;0.019832144847166163;0.01231864281507947;-0.0035744117559441315
-0.0007666507159759995;0.01399970296127636;0.016364077302085098;0.0023248831216816433
-0.002306255558621793;0.00590940254285682;0.014627842676746161;0.008562426770946254
-0.0038458129958371962;-0.00257604315978977;0.00811892266462911;0.010819445952419769
-0.0049451834379061746;-0.009785107645066618;-0.00027331073385407275;0.00650660942872837
-0.005319019561243279;-0.01453028826165956;-0.007342368513631862;-0.0028285433604970885
-0.004980372511481992;-0.016186798238758838;-0.010847261360528543;-0.011817686196506675
-0.004193899028024138;-0.0147187430449077;-0.01006316511115924;-0.014485068655067119
-0.0032730702711976285;-0.010743198333574278;-0.005828607976017063;-0.008289963365577656
-0.0023743746199274846;-0.005485983956605451;-0.00026500960558791805;0.0038508763330541837
-0.0014160964577125865;-0.00045502962802717906;0.003967052416405168;0.01507104998926914
-0.00014120054508444068;0.003078044500168977;0.0048605349064933575;0.018676508274202072
0.0017133064221592949;0.004486435490886467;0.0021482885624901104;0.012257068150210009
0.004206530159914636;0.003876226727846986;-0.002510925295142064;-0.00074879191362852
0.007066180622514521;0.0018870755620627568;-0.006501262259402113;-0.01295924586727222
0.009756420501083602;-0.0006282272895441393;-0.007726263378320666;-0.017306488329409925
0.011702404398556457;-0.002905700615380647;-0.005628752026452182;-0.0111762559575812
0.012493321071095883;-0.004473389604313841;-0.0012800663561639504;0.0020113360308584615
0.011945199999783426;-0.00519588683937662;0.0033485737495681143;0.01476523156856121
0.01008134630452938;-0.005151722259583996;0.0065234371807643505;0.019902464443591308
0.007142444106728797;-0.004461395763308063;0.007633022578650379;0.014726205890788553
0.0036209001832109;-0.003232819066816836;0.007138587070215455;0.002499079734902618
0.00021000734594081217;-0.0016201290371351208;0.005637338376636855;-0.009606971245444986
-0.0023883292307530697;0.000182882900437237;0.003068647766375266;-0.014746417766009733
-0.003711534650883212;0.002049149792661076;-0.0009453306863640184;-0.010272531029704485
-0.003689055324508942;0.0038929477067539027;-0.005902378505750205;0.0009274353626520214
-0.0026214596534577493;0.005396307987685082;-0.00975468332512603;0.012265892705896068
-0.0010275026183680627;0.005788501747638083;-0.009817214305363349;0.017302740335706942
0.0005447596850285277;0.004081870607105484;-0.004799989197203066;0.013341943081930768
0.0016766785252753339;-0.00024258820758489384;0.0036790542498389266;0.0026972679213048438
0.0021921354472775045;-0.006559542205518059;0.011542877550936609;-0.008992248635780962
0.002216006219729869;-0.012958852462760172;0.014615570368272794;-0.016158688471367658
0.0021435991148148897;-0.01686330218532086;0.011260051304026514;-0.016209638301652993
0.00249908374508928;-0.016196935515379957;0.003365516217636601;-0.010325627133411007
0.0037088267106944487;-0.010550553845259877;-0.004964078502842889;-0.0021042093021285094
0.005840898725363963;-0.00169842763050512;-0.009953729152553412;0.004699800328758043
0.008409604305674312;0.0069199144717733176;-0.010135524439200027;0.007887626617713911
0.010442712751647274;0.011619389922462383;-0.006640088914957513;0.007271516205001319
0.010942482512955994;0.010170284409627089;-0.0020231781401424172;0.004074832748200697
0.009506402359801436;0.0029759372678531118;0.0012600729203604416;-3.9876774356546084e-05
0.006605620711082164;-0.006894016364507956;0.0017689609425505784;-0.0036859031449002723
0.0032941722501774098;-0.014948035747092806;-0.0007642078731989239;-0.005956602621195724
0.0006562261561171241;-0.017268412799711415;-0.005590503613346607;-0.006300378152952767
-0.0005720366049395948;-0.012241083558582083;-0.011111667867267779;-0.004467750124093613
-0.00010568428167988836;-0.0011154166815380106;-0.015201049061850507;-0.0007450054111971948
0.0018999559847822209;0.012766978854926229;-0.01590680431927008;0.0037640386955912547
0.00489680163720273;0.02544016358427419;-0.012387939180995296;0.007298244442790445
0.008087880232721278;0.033630713791814926;-0.005544362558220658;0.008238089645582564
0.010666074239593561;0.035484152983000325;0.0021817248443184727;0.00611782379325213
0.012033545737693658;0.03077115527065106;0.007890667166543122;0.0020799499389245056
0.011924218965610568;0.020793959632806724;0.009633100195412997;-0.001692305036524497
0.010453093315727979;0.008059048570875712;0.007286305541845721;-0.0032837453901906717
0.008109764516514057;-0.004319899929407934;0.0024133003853413575;-0.0022234867460803496
0.005646257971993275;-0.013424347148435432;-0.002639627879947712;0.00029729107959022014
0.0038457290579582944;-0.017317694122382127;-0.005758967664781542;0.002307076720479824
0.0032768143483817274;-0.015541098636586018;-0.005770524803242836;0.002389349766739254
0.0041561744557405515;-0.009140442697612614;-0.002773260790871091;0.0005538018308897331
0.00632833756897239;-0.0002551349595452453;0.001898024894563467;-0.0018872689710623901
0.009300018705116403;0.00854874708268671;0.006153399290139854;-0.003288616696246997
0.012320684866743663;0.015032206103301315;0.00803588027821095;-0.0028288293883372215
0.014555696128075044;0.017970626387232427;0.006672207398192761;-0.001096956855475332
0.015340796353663453;0.01751020332892841;0.002730986675119219;0.00030919986000810647
0.014408483284684687;0.014927417904063617;-0.0019443607011534623;-5.595089218301679e-05
0.01196340699907179;0.011846029423877767;-0.005287369570315847;-0.0023818751715586222
0.008567246361477238;0.009361276282592562;-0.00591872296947801;-0.005396573292035711
0.0048974622667035785;0.007595547223502852;-0.0035419535982285574;-0.007238999001750991
0.0015047188612873287;0.005910208912276995;0.0011836434584144339;-0.006758504960572974
-0.001317091019600464;0.003579435304079199;0.006979062550192094;-0.004288333855808508
-0.0035113774374875735;0.00046537495539464806;0.012223286400926486;-0.0013765657799772225
-0.00514703744071684;-0.002743001418149725;0.015202643925133251;0.0002744347358876595
-0.006311848641321017;-0.004878849469250111;0.01455149636108343;-8.591222670698017e-05
-0.007066124489864619;-0.005005837610426972;0.009906068793750713;-0.0017901323136958447
-0.007434902351198159;-0.0030207784089696112;0.0023876739546043043;-0.0031655689766673066
-0.007394939576583167;0.0002377943982507092;-0.005577189060543101;-0.0025669979747900825
-0.0068681168935863495;0.003417715824241019;-0.01120421500774031;0.0005592793621103137
-0.00577384565881644;0.005310966818603685;-0.012608412627616718;0.005203256834968076
-0.004139815453853054;0.005337554475976828;-0.009625609946081663;0.009221274255481379
-0.0021875794253529987;0.003641170284157657;-0.0036834190308385937;0.010455742276634126
-0.0003139922991817592;0.0008832769770067958;0.0031369772393816113;0.007920365774930323
0.0010244615110928505;-0.002013593051920814;0.009113961472353167;0.002386739970830801
0.001452429522491445;-0.004042212917071284;0.013262919026325315;-0.00394604343244182
0.000775020542135486;-0.004318409006347626;0.015024353600930997;-0.008506373282382696
-0.0009871894499571586;-0.0024411858697428084;0.013876294556298964;-0.00956353355359091
-0.003612015777506677;0.0011575154721195765;0.009493860973268235;-0.0069847154940887255
-0.006715774054449545;0.005226216081646481;0.002393555188546645;-0.002186497674628386
-0.00982031709452448;0.008209011972227814;-0.005682453639695723;0.0026468283940700634
-0.012456677643577767;0.008975293135296871;-0.012298352928023358;0.005639085946226627
-0.01427796691362173;0.007285175465471393;-0.015587197957310398;0.006020798018155246
-0.01512197140417373;0.0037382367663941073;-0.015299470455142246;0.00426433754243314
-0.014994957576718372;-0.000641420780156679;-0.012778380791052221;0.0015830763997265133
-0.014007460355707503;-0.004825498167789838;-0.009856957548974307;-0.0008006747037405281
-0.01231795154002473;-0.007984246180121701;-0.007533524172199496;-0.00213871575327386
-0.010129804582433573;-0.00953777964304794;-0.00542778056545228;-0.0021833650050664924
-0.00775111886423596;-0.009262980609404114;-0.002364555955054656;-0.0009342423773852322
-0.005661367098711524;-0.00750876662601431;0.002441337034208805;0.0015487121666239924
-0.0044822107072933865;-0.0052887493202597845;0.008506150288003134;0.005073859484273716
-0.004797441620222583;-0.003962270815809005;0.014078121975350098;0.009081356997921168
-0.006889553867168967;-0.004525233881490136;0.016940163556309267;0.012500644263274666
-0.010543916834989153;-0.006929076734606507;0.015501415743590513;0.013913283018476691
-0.015037612158038852;-0.009932296990565588;0.009617495123670999;0.012047311210509113
-0.019316692199062922;-0.011669455404278566;0.0007728073779208615;0.0064388759540043245
-0.022280186395645604;-0.01064652167439986;-0.008427945587950188;-0.0020267011514196924
-0.023085892316603254;-0.006587748934879878;-0.015183497621046357;-0.011011480402827598
-0.02140818599698546;-0.000660394990626251;-0.017440085920263516;-0.017261776402128257
-0.01754677545310412;0.005013622083264962;-0.014611541492284786;-0.017739416920767265
-0.012289617670067761;0.008279819214258423;-0.007945688061947174;-0.011039251251747912
-0.006578652308526755;0.007866093501630334;-0.00029713811760573593;0.0014228796468459483
-0.0011918337717065732;0.003879962379234128;0.004901037251943903;0.015140949775430521
0.00338971438512511;-0.00234997006922539;0.005145419616611843;0.023825034158838812
0.006962406890790114;-0.008993453375062787;-1.866635680553469e-05;0.02230350158603835
0.009534101648399712;-0.014526549378520043;-0.008896389650894143;0.009791146806738425
0.011219023265738376;-0.01809525368420339;-0.018362951657530054;-0.008645171422364257
0.012087637060940336;-0.019351035955272277;-0.024853877781403903;-0.024001930044904755
0.012082778881805168;-0.01819702984480325;-0.025448075195449296;-0.02807195980013077
0.0111057540698175;-0.01484453506580558;-0.01903638703910208;-0.01828174929337952
0.00918371899587816;-0.01004958550817098;-0.007111891761568717;0.0004867837637861155
0.006528939818431055;-0.005083399800892735;0.006563756005678581;0.018427585807733158
0.0034319852853601732;-0.0012527455601296076;0.017572451389176878;0.02626522020154367
9.858166000198833e-05;0.0007277808188342884;0.022866157051714252;0.02037042408165842
-0.0034324826178109866;0.00102157292694949;0.021946880302182482;0.004547840569974027
-0.007219949702652168;0.0003907383732295546;0.016636775124816938;-0.012416514920316733
-0.011220341244388523;-0.00041080999596370695;0.00992353851594341;-0.021850757960098534
-0.015090164536131115;-0.0010945055541181415;0.00464267867968089;-0.019891232651325093
-0.01817614680450866;-0.0018395417556470132;0.0023362607496979857;-0.00913836279494177
-0.019762119001204576;-0.0029239002373381215;0.0025328388421106667;0.0034174407920167103
-0.019415352301788574;-0.0043281820718545656;0.0029992360724533677;0.010666898762244472
-0.01716965969455608;-0.005630915669517088;0.001203869469744247;0.009212564871527768
-0.013421202168165468;-0.006270956785779918;-0.0038465589354138826;0.000707230303893898
-0.008661829827070207;-0.005956093098349789;-0.010821037063871672;-0.009639168719799768
-0.003287792386218538;-0.0048563077887058366;-0.01696102281773362;-0.016105518334240506
0.0023972433872851877;-0.0033998380286450573;-0.01985525848749737;-0.015262466017743725
0.008065064615217951;-0.00187957789440901;-0.018652626281272205;-0.0073330335068705396
0.01328279374913997;-0.000279714041707285;-0.013973981055890218;0.004168836266941082
0.017545273876637756;0.001511341256147434;-0.007006978286806779;0.014157119450209402
0.02040658363315291;0.0033702750918984726;0.0011688161306442069;0.018307626585045842
0.021653232102978186;0.004869987702894796;0.009474136665640459;0.015033005509101062
0.021420154869310554;0.0055184399257605715;0.016333657756599833;0.006185915570463234
0.02014036301914569;0.005014675109076324;0.019663116284452754;-0.003893471177530531
0.01832663966522338;0.0033022037507118595;0.017800085757791115;-0.010538336727824666
0.016341345288277766;0.000519905388988837;0.010881838125598927;-0.011015809321104015
0.014318070560606041;-0.002948910859120292;0.0014900371305062812;-0.005706735729233152
0.012236034273588884;-0.0063731842105993605;-0.0063234487623826845;0.002377071468806007
0.01003418015261764;-0.00877431394296823;-0.009283293194627128;0.009367968619092854
0.007700992014938863;-0.009326853199923942;-0.006858914065050656;0.012511348033461211
0.005343005511694532;-0.0078040413975027124;-0.001396227388020431;0.01121161948597745
0.003208978142454586;-0.004720090478205105;0.0037436638217026325;0.006744904687426467
0.0016272233354930822;-0.0010799358340297777;0.0065529803747453215;0.0011337834503756556
0.0008779999934537331;0.002071685994834992;0.00739888217879352;-0.003899729899150761
0.0010838822031882665;0.004064680169101502;0.008064410703126189;-0.007326725133208885
0.0021898267878944413;0.004862135655356133;0.009812305417885189;-0.008677371314329106
0.00404649801328619;0.005117919654363011;0.012126445418726988;-0.007889532996073916
0.0065214348521892;0.005965269327915727;0.013055179922362771;-0.005406291896233198
0.009507944809871993;0.00849261366255445;0.010737180251361653;-0.0022844822583831656
0.01280356707610159;0.013041645421645584;0.004888742060686071;7.003106216365773e-05
0.015999995970359993;0.01867203351470417;-0.0027404182000034323;0.0005568387078419798
0.018503802363290644;0.023166405382740674;-0.009138459237524793;-0.0009840395614182007
0.0196366441723476;0.023742699461357524;-0.011532297409556483;-0.003610643106046094
0.018759889188720957;0.018305624091068694;-0.008819376948552622;-0.005738216011874818
0.015499948847200826;0.006744367428235142;-0.002225054984756956;-0.005987209673542541
0.010067309633466744;-0.00840116396157635;0.0051385711884648745;-0.003951976451901092
0.0034086980203978457;-0.022464706174420295;0.009656637016739262;-0.00043322576876860804
-0.003047987034017529;-0.030390267218569543;0.00896055988978875;0.003041067207978323
-0.007935755356429508;-0.028949611854599426;0.0031959115121166694;0.005136007692365338
-0.010415908462526567;-0.01828078379034224;-0.004972306707078833;0.005462368089661129
-0.010357188081137484;-0.001881317414380365;-0.01179702500404263;0.004622996551311887
-0.008281954650025174;0.014950197455032264;-0.01454405997218628;0.0035381493445380066
-0.005193757066199966;0.027368624875804208;-0.012861104958378061;0.00262988734111852
-0.002303984023593284;0.032762387698428534;-0.008489261814465354;0.0015707588708081847
-0.0006618457200769465;0.03129134279112808;-0.0036549522582892823;-0.0002023977665614764
-0.0007970792148779455;0.02519004549358215;0.0005073457372581768;-0.002701349634861701
-0.0025500979638080575;0.01742546524393837;0.004264297530845602;-0.005058583227151075
-0.005194406969117628;0.01041106274372291;0.008217011548658944;-0.005969898702419817
-0.007799576933711991;0.005264587899625293;0.011950949992504411;-0.004560879225446403
-0.009641445524862095;0.001788568139642263;0.013736134532726728;-0.001035432591691765
-0.010434111903624395;-0.0009458830277975904;0.011651882712505028;0.00330564699489673
-0.01028224514389449;-0.003773977278528208;0.005211051323467538;0.006652753409823768
-0.009455511506154334;-0.00683925802645064;-0.0038960218127492333;0.0075561106250575955
-0.00819032933827107;-0.00956075987814483;-0.012581753118878809;0.005651312549747586
-0.006634933315991082;-0.011132578214395398;-0.018090558046789513;0.0018763251896533797
-0.004892492555288647;-0.01114582140837111;-0.019402547582712395;-0.001970466418204693
-0.003063136255379093;-0.009870942174324859;-0.01736952433156021;-0.004138555228108949
-0.0012500419840745923;-0.008049646308363792;-0.013676254132194364;-0.0038143726215307066
0.00044652679364632535;-0.0064148404311422085;-0.009561884196724027;-0.0014873239562650676
0.0019303240534888537;-0.005305379703367087;-0.005241175433659765;0.0014068672322368023
0.0031147438052677263;-0.004617924515463288;-0.0002796645797540667;0.0033328192815931306
0.003944755534416555;-0.004049883157676566;0.005542942768473227;0.003481069400426698
0.004428916793146253;-0.003361589029543488;0.011584785202528008;0.002106243858657306
0.004650767558922651;-0.0024417707003941925;0.01635845129786158;0.0002330767869150587
0.004723235174452631;-0.0012362222107671818;0.018227826026137612;-0.0010353115117683752
0.004696244789649053;0.00024955928821207075;0.016414294593327626;-0.0011701034757075042
0.004498913697525925;0.001829647653654111;0.011690712587484206;-0.00045974451063326727
0.003995267761607112;0.0030933632450964818;0.006185873684965819;0.00027354003591222763
0.003121760979684757;0.0035939149837207816;0.00220460887381069;0.00030240070383202015
0.001973340490422225;0.003147747623840782;0.000716789768027439;-0.00043455166034899037
0.0007483137727031805;0.001963909593615047;0.0006282066452284535;-0.0012383252070540308
-0.00038640814413653894;0.0004878210099636782;-0.00044090794336726434;-0.0011616465948685892
-0.001370346616273665;-0.0008698756609311682;-0.004281522886518545;0.00021413234634694783
-0.0022148328638166618;-0.0018743378894008566;-0.010511086795968355;0.0023520132304277303
-0.002941828862518303;-0.0024196324747775967;-0.0165481562217659;0.00406793337267123
-0.0035797650235493083;-0.002433617783045706;-0.019218107880762465;0.0043647252717922596
-0.004188779768254627;-0.0018786435897255407;-0.01677689126284125;0.003130161118681021
-0.004846502764291224;-0.0008487336997153223;-0.009869838660535063;0.0011493286050906443
-0.005605960064573847;0.0003665002129251205;-0.00087669616264544;-0.0005352744929852797
-0.006483013500803077;0.0013906829384868352;0.007631124132108892;-0.0013472246525736394
-0.0074595757958163585;0.002044236768332054;0.014051052138619166;-0.0013888637322324318
-0.008444977886934204;0.0025938378209384803;0.01780896543882281;-0.0010385453963873952
-0.009224363688828124;0.003685907367547701;0.01866322766383209;-0.00039569158698172683
-0.009489031331361189;0.005919516258732445;0.016206921853402077;0.0008207202604489736
-0.008945242319973097;0.009374844522884623;0.010198738230241729;0.002736673207845153
-0.007386463085574168;0.013476718306488581;0.0014526311174006745;0.004612824196947038
-0.0046936192817313635;0.017258399664599976;-0.007660870869918701;0.0047399987538568
-0.0008726380329299941;0.019767902872132103;-0.013877909123630653;0.0013662497144590361
0.0038193793865289793;0.020324414060705842;-0.014700685613914256;-0.00577028573980078
0.0088030499261147;0.01854116709967387;-0.009964900904498317;-0.014431739863474872
0.01331780777420807;0.01427697803290715;-0.0021374899905877;-0.020452372644386603
0.016711329302913806;0.00773900184586757;0.005000660778766105;-0.019989062044686475
0.018657139301415028;-0.00026790858953302664;0.008482883455096749;-0.012227207476866108
0.01918078511442833;-0.008255187534353333;0.00766278075752257;-0.0006043838630353788
0.018563135848477005;-0.014433363945723261;0.004105772362381982;0.008713743359509472
0.017225045558015926;-0.017456490533864617;0.0001432945645321731;0.010505792072733704
0.015606467687844308;-0.017013516364326044;-0.002607790235391548;0.003979639522970467
0.014025598957538516;-0.013847664015770684;-0.0036779474165560882;-0.006403838659508336
0.012573713225821287;-0.009305054310443914;-0.003246140214123729;-0.013525299362496303
0.01112567181200869;-0.004840766351537445;-0.0016274281878570333;-0.012053170702461008
0.009467205734126315;-0.001709953132597418;0.0007299121211072533;-0.0019110624686824451
0.007460448083714478;-0.0007246331726443485;0.003072440157359764;0.011449938958855618
0.005162401404797753;-0.0019593935804971823;0.00450999679789816;0.020177428989828484
0.0028428408455245203;-0.004572011203085858;0.004477099382535806;0.018673986927347015
0.0008864973495442441;-0.007024429375877278;0.0030183410563900384;0.007039919758538561
-0.0003827659564877626;-0.007756180670794053;0.0006967331807132164;-0.008711056660726486
-0.0008735524138161056;-0.006008711461162586;-0.0016107987475241406;-0.019847068276722005
-0.0008205678625072131;-0.002331951906380135;-0.002846220474729328;-0.019779521303452095
-0.0007704631553637882;0.0015801229233424715;-0.002064443772222677;-0.007849651221081866
-0.0014523667344801521;0.0037485227200642905;0.0009611012685721493;0.010149747899973987
-0.003538247019850371;0.0030610172929472663;0.0052631948186021476;0.02504371700841683
-0.00735857004369971;1.253637708887752e-05;0.008955471870515036;0.029174896018852557
-0.012712652037802964;-0.003526273105978976;0.010264521918573037;0.020367175386410852
-0.01889086723327097;-0.0054036689721736276;0.008629029256534892;0.00287931558257881
-0.02489791223679393;-0.004359353093182088;0.005088743463829584;-0.014915394222208953
-0.02975808018749118;-0.0005033424534727812;0.001668377730108893;-0.024715921814409177
-0.03277776369342021;0.004993531435299865;0.00011321179718754266;-0.022231421920227992
-0.03368580783997124;0.010518576726589703;0.0007967399216113957;-0.009048349040935351
-0.03261449668893075;0.014509777471765076;0.0025712255322143827;0.008373190332310687
-0.02994849101249324;0.015780930732585102;0.003656757050995994;0.02197484866293249
-0.026143215002334498;0.013831043278067796;0.002845853559875457;0.02591598711148266
-0.021607724938791196;0.009096877727775303;0.00012569220683901857;0.019048762516053492
-0.016661840190699426;0.002884071688853024;-0.003572450594986328;0.005049598617187527
-0.01153828297326365;-0.0031286472995879604;-0.00708674664871238;-0.009594181440045889
-0.006436078970279271;-0.007533914689001517;-0.009598857497710717;-0.01867645077426961
-0.0016227035696292852;-0.00961720625458531;-0.010745120757487871;-0.01901887746893982
0.0024999254700351628;-0.009444627471382635;-0.010375414778220113;-0.01162624761202679
0.005467627301784885;-0.0077165941642220355;-0.008370061778384794;-0.0007689931889164367
0.00694226978187019;-0.005477788064463693;-0.004833915478059109;0.008407565192106359
0.0068610793237171746;-0.003741720101232477;-0.0005041852372855205;0.012398739132514484
0.005422967359258738;-0.0031406127433024076;0.0031867182796229856;0.010689492465485975
0.002962816713031246;-0.00374412036865288;0.004732048517928394;0.005404710699223587
-0.00012663203149531493;-0.005112965748673506;0.0034864518224990287;-0.00030656629548742715
-0.0033637022645920385;-0.006508362908666765;0.00010285096059937152;-0.004080006146718871
-0.006153134939685615;-0.007113715291628621;-0.003992836153090732;-0.005288802924322974
-0.00790522087408915;-0.006234443403026262;-0.007702324737762253;-0.004756770649341575
-0.008277287896440116;-0.0035704367950422622;-0.010973909696857291;-0.003703838892706241
-0.007370035027696935;0.00044389705721392664;-0.014409624720482322;-0.0028196223284589145
-0.005721630651251339;0.004497466557197547;-0.0179677277482089;-0.002065807375270134
-0.004079283219171459;0.006765617228387978;-0.019944891595179922;-0.0011087561708413667
-0.003074837671985788;0.005732171440097111;-0.01750781313216201;0.0001908854686525567
-0.002976533713887455;0.0010007085523446695;-0.008869633760043948;0.0016890099758084221
-0.0036059298832536637;-0.006403668772870328;0.004406300691656292;0.00322857762415954
-0.004402345097994377;-0.014353584077191988;0.017080416126083273;0.004862673505641473
-0.004596893164796638;-0.020310618177369923;0.02277537201517905;0.006707810735959913
-0.0034774423345422904;-0.02211356067005867;0.018002372136606323;0.00853397935503175
-0.0006807594034247694;-0.01870718105720979;0.004836578074149668;0.009547364291280724
0.003622053415341797;-0.010640281960818447;-0.009897898165678091;0.008715795892394514
0.008751465482499316;-9.119702418382569e-05;-0.01861469349176532;0.005489993597936812
0.013729787879346388;0.00973153763401205;-0.017456057731589057;0.00036030851627395343
0.017547740728025125;0.015692923571343054;-0.008203310160953345;-0.0052395489080765715
0.01938483125602416;0.0159047569557561;0.0035879533499939605;-0.009662020487629083
0.01877952760393216;0.010413225069574854;0.01263098131563034;-0.011877183214628348
0.01577765652526193;0.001105403597788461;0.017021720572371776;-0.011810487734049968
0.011004486629183899;-0.009015188804667534;0.01828098472908153;-0.010032383874900859
0.005538093896421979;-0.016828713085880305;0.018768162942743173;-0.007182116519237484
0.0005625221794087968;-0.020093965448066044;0.018962621802005412;-0.0036693462957576796
-0.0030194115917080407;-0.018186177951651537;0.01700699649068005;0.00012121266667318968
-0.004780510870112388;-0.012265994904132289;0.010801225664478704;0.0034148991461411034
-0.004721678550789004;-0.004714362617425254;0.00062541616409258;0.004998395849071594
-0.0031336402429343302;0.0019224988426635255;-0.010207604128563943;0.003860454245000405
-0.0005015670689247845;0.005914246685703124;-0.017370534651656014;0.00017383973495444584
0.002575975353446196;0.006779277277490858;-0.018512711266634188;-0.00424526453095952
0.0055380465729610385;0.005110784937325638;-0.014719571763727528;-0.006655587143870019
0.008050113402391942;0.002114528117548061;-0.009346221957650553;-0.005047508544405977
0.010095016503334584;-0.0007855825170674685;-0.005377428161455244;0.00037134287898025526
0.011891460247144395;-0.0022181247104938098;-0.003546507156674473;0.007028490975792972
0.01370642132478749;-0.0012444193667767388;-0.002532945386493749;0.01144073191415147
0.01567469416824524;0.0020519196806296908;-0.000661023520647139;0.011349694729444476
0.01767603134904154;0.006159053942252444;0.0025858613196535884;0.0070915674443547076
0.019283574986757982;0.008533589628939426;0.006403428127615129;0.0012895487171543495
0.019838338023874306;0.00692406868032623;0.00961649382354435;-0.0028679079615920363
0.018699606140145618;0.0008988862593633203;0.011603148468735352;-0.00357326045822805
0.015582681587107867;-0.007503461241274655;0.012380011317275213;-0.0013388051576489124
0.0107643374206783;-0.014560319739915006;0.012043637439477822;0.0015413914441214137
0.0050131739650098464;-0.016669894329177388;0.010361411860199227;0.002534228271699371
-0.0006717577054203641;-0.012121007687569631;0.0069925890231459;0.0004281722113597968
-0.005328257963907691;-0.0018882501299342966;0.002077268883753464;-0.003962743770304315
-0.008230534328871218;0.010843749965660662;-0.0034384446482159446;-0.008281438246216051
-0.009054844943380656;0.02205977221233281;-0.008086917517824725;-0.009977649808546624
-0.007987817790315878;0.0284870152692429;-0.010568069353841568;-0.007750416135007877
-0.005675437105252601;0.028687495179021114;-0.010351225433563878;-0.002282908632390522
-0.002983023137857886;0.023303570457850867;-0.007829154861041797;0.004094434328546318
-0.0006839496045076898;0.01450241969332325;-0.004006690054759645;0.008566358786180598
0.0007561333324532824;0.005001569438689096;2.9991112392420524e-06;0.009177590682980605
0.001215264091681221;-0.002836180871359345;0.0033289800393562076;0.005705218271793493
0.0008108516952758591;-0.0075235844264858655;0.005382667988613713;-0.00030432370951255673
-0.00023304137496011148;-0.008572065386539105;0.005738580236529117;-0.006293448396801855
-0.0016582716079270449;-0.006369311133305785;0.004150607535851071;-0.009862896831039135
-0.0031869122319240543;-0.0019197799274513739;0.0008089303397804033;-0.00979726749214034
-0.004540785237915859;0.003503171188005519;-0.0034037173279784865;-0.0064743349006228055
-0.005494914946371927;0.008690565655228969;-0.007018013653144578;-0.0015178029133872935
-0.005919301365316549;0.012682416109596643;-0.008535982022541739;0.0030437193870961475
-0.005765705269201433;0.014800266522236656;-0.0071321555356496594;0.0056306687392872114
-0.005035684784887016;0.0146776546027317;-0.0030625637348104195;0.00559622479126862
-0.0037929949942561198;0.012381385760581669;0.0024285011251219536;0.0032609925355597163
-0.0022018515703325536;0.008505389478865514;0.007593627108715869;-0.00033589601522547265
-0.0005045137937183239;0.004060375592697681;0.010784082670406774;-0.0037971516750836707
0.0010899633487616172;0.0001705933104242064;0.01093733540950614;-0.005807903329187618
0.0025214871024436766;-0.0022432607848873122;0.007877457352543938;-0.005659276461121939
0.003891906140887959;-0.002673495153342322;0.002454594503215446;-0.003674768254963488
0.005354848304615707;-0.0011500250456966167;-0.0035297712462779834;-0.0011775104849281028
0.006963464951405505;0.0016833095780477386;-0.007803427176915247;0.0002163122201296838
0.008588335783911613;0.00461830444296172;-0.008586378841986975;-0.0003121383949286426
0.009963874435323547;0.006201012653966158;-0.005636656261650664;-0.00207757828883436
0.010826800134273843;0.005327255623938286;-0.0005838458274332302;-0.0032709906395910547
0.0110485529357765;0.0018369241915833026;0.00392304001224787;-0.002363746868276065
0.010681812749099047;-0.003316085562625124;0.005768943822075513;0.00048121344680064946
0.009909354087247977;-0.008493451114594347;0.00452495898810568;0.0032483457635564005
0.008933786241551245;-0.012101055293559157;0.0015074552193535735;0.0035229869426090196
0.007863125566828206;-0.01311534186031518;-0.001058273200801423;0.0005418835994832252
0.006654341018753102;-0.011213074151636936;-0.001185050612459554;-0.0038137344079715242
0.00515905821199194;-0.006721019531517733;0.0018283864540925797;-0.00601788598448158
0.0032469048490520198;-0.0005956556517813296;0.006783339920179987;-0.0033415238636789924
0.0009198491667841503;0.005673787625228619;0.010862089215981767;0.003920646381137227
-0.001650225951730073;0.01043741073309488;0.01099085920221286;0.012061742764545892
-0.004165310055959331;0.012456246035764347;0.005656769054876937;0.015914299366635642
-0.006302201876481954;0.011348127068874562;-0.004029588084572982;0.012126567318245633
-0.007836348529426919;0.0076555118049331005;-0.01483085837296652;0.0017277202473811577
-0.008723965658930796;0.002545274360765318;-0.02306419310265447;-0.00987869824219811
-0.00908208337833343;-0.0026700367552530686;-0.026219278655054766;-0.015869392540137535
-0.009092161692297733;-0.006975567675348443;-0.023586572425893636;-0.012272047640639239
-0.008925947858624337;-0.009887432953822965;-0.016029231113453175;-0.0007776753144708676
-0.008741111554025164;-0.011371085626283741;-0.0055376495536726645;0.011958119413843674
-0.008686794172173771;-0.011511165680482171;0.00518632726513075;0.018310406299868385
-0.008850801798262031;-0.010236969312761302;0.01329617428748724;0.014477825477527656
-0.009174811980295959;-0.007431404630896099;0.016609028156781936;0.0029126887856094005
-0.00942590915126336;-0.003361532629523843;0.014451235663607882;-0.009241386028187533
-0.009270611085239683;0.0010728181633238314;0.008156161398096919;-0.014649455797179696
-0.008409405135264567;0.004656968615553638;0.000760187444197971;-0.010270201977811899
-0.0066885680694175826;0.006511906317672785;-0.004339967683535972;0.000980586265318298
-0.0041451860054409;0.006486171680271481;-0.005269226080071002;0.01227085066113267
-0.001002577429118004;0.00500225805534077;-0.0028319600834707357;0.01711856758922167
0.0023617084301347647;0.002601133041718418;9.99711209055648e-05;0.013107648566613473
0.005488980129815557;-0.0003834475004403645;0.0006685314285476479;0.002842359675158419
0.007962803653976985;-0.0038054074490270155;-0.00199080977064288;-0.008096208390062639
0.009533874270086716;-0.007451991254241929;-0.006384299664060672;-0.014507933156313213
0.01015999696746228;-0.010845292695922375;-0.010073315047144722;-0.014069977700631522
0.009923659871878139;-0.013334133328189517;-0.01159261007771768;-0.007840617569243761
0.008902449480006918;-0.014451274572805638;-0.011302466332438546;0.000906226486420392
0.007125039714876329;-0.014235326288920625;-0.01063742709917598;0.00845262810263822
0.004651966599338686;-0.013206988630541358;-0.010617819206472657;0.01211270489820017
0.0016681522179700014;-0.012001823695384987;-0.011026786773762131;0.011037394377764182
-0.001534613974284705;-0.010971263642087186;-0.01089534928229096;0.006322506938120928
-0.004653440403102411;-0.010047335930143656;-0.009645674045866342;0.00046628234563300815
-0.007417804235888792;-0.00889801476977011;-0.007671396908419346;-0.003722390832618238
-0.009543637228365359;-0.007177719243018183;-0.0057923106487159925;-0.004422424060639794
-0.010702121566812356;-0.004663749872571842;-0.004199652418433794;-0.0016864832609212778
-0.010596296694623442;-0.0012342794529161562;-0.0020369436248383645;0.0026606835757460143
-0.009108772764144115;0.0031567938647692182;0.0018590422741180616;0.00616257824352104
-0.006415521135740439;0.008325975473243792;0.00768395146781406;0.007242970891317949
-0.00300305812135461;0.013579544893939782;0.014054286581175312;0.006080687050185671
0.0004205875713855678;0.01763354583673743;0.01870704113418721;0.004231667137189939
0.003109611106310861;0.0190249541260933;0.019995889442574917;0.00328365570746349
0.004507643074595337;0.016896851783888306;0.01794254567505625;0.0035542585047215044
0.00441913101297155;0.011628956091879002;0.013987622482292553;0.0038182952645101154
0.0030460726914641875;0.00480635466473936;0.009748913230991921;0.002291823460348849
0.0008967181123800418;-0.00149709862930687;0.005955843764024462;-0.0018297667109311532
-0.0013645292315701387;-0.00564321181773126;0.002479387657873017;-0.007424430327358026
-0.0030636067794037347;-0.0070047403222503095;-0.0007396163665523652;-0.01185807335315314
-0.003646143260981837;-0.005963076829741582;-0.002959617627765503;-0.01256784796605259
-0.0028094641312321742;-0.0035006990327302095;-0.002986487656223784;-0.008760564913906267
-0.0006272238678384045;-0.0007419262257571013;-0.0003647685731212365;-0.002074462686923412
0.002409575587459171;0.0013473883826334043;0.0037391907475433778;0.004230140521457772
0.005510599261464888;0.0021854231867723534;0.006944188644869048;0.007024138334344258
0.007834901913326425;0.0018538972648550452;0.007207149280512929;0.004952501962835791
0.008750311966507668;0.0012395082386880867;0.004307717953900895;-0.000917309644649953
0.008009533173089818;0.0016583921898188179;5.3634208178158226e-05;-0.007714369666190901
0.005824862796491586;0.003982509879052541;-0.002934197961504613;-0.012285426780760547
0.002829264179172188;0.007898702919048001;-0.002908552810837978;-0.012822113256331816
-0.00011234129604811216;0.011972331367621599;2.7081518812662e-07;-0.009712426116792005
-0.0022097628255442143;0.014512943177998444;0.004009015340427142;-0.0051191461252371884
-0.003020666838337994;0.014551329405864203;0.006875069594132505;-0.0015363610523055507
-0.002539322128638676;0.01222387717053066;0.007278650757684483;-0.00024189458027803486
-0.0011040623634143599;0.008432509866838706;0.005572236143723689;-0.0006438175162678032
0.0007430303737979573;0.004173697031208866;0.00349538530248051;-0.000897468953926445
0.002348318518230929;1.5525007050680834e-05;0.003062864010467989;0.0006965355229483958
0.0030252495121513073;-0.004017573533659774;0.005261862760423602;0.00445887698398472
0.002198801168750069;-0.0081453585851114;0.009273775577854063;0.008997961884303294
-0.0003954560919753087;-0.012317693732875837;0.012714917926084434;0.011906908599124851
-0.0045693543860113985;-0.01584265889725949;0.012897834362952035;0.011065924213989917
-0.00969071494274247;-0.017501024293231818;0.00845189473286429;0.005879373375095242
-0.014830938252716653;-0.01619017408433361;0.00027033590143492493;-0.0021611535515286447
-0.01898397697555525;-0.01169264896952808;-0.00884084986128135;-0.009932185030250557
-0.02131346481921658;-0.004981648378276242;-0.015508883842525556;-0.014063068302913553
-0.02137924823613467;0.0021742819076858277;-0.0172590212481584;-0.012629432546776
-0.019237281000098142;0.007973109714069965;-0.01340623435057715;-0.006225511972297214
-0.015342586101680824;0.011194122425849785;-0.00517927300329684;0.0022435312338694373
-0.010343187908699926;0.011465266022361444;0.004810754330882594;0.008959071212403701
-0.004927191421522544;0.009264482110124123;0.013530133703964616;0.011017179773386343
0.0002353943720242265;0.005701440244624356;0.01856357537433962;0.00776578292020518
0.00454560992403838;0.0020849242739599317;0.018804013082555575;0.0010461836536153528
0.007573502461808346;-0.0005587589321349444;0.01450962250935598;-0.005720009685982797
0.009134213043834752;-0.0017596506788538392;0.006845170926283652;-0.009138972270189578
0.009267474702400132;-0.0015838087442999113;-0.002626350597801621;-0.007416843009755055
0.008148498355665364;-0.00044136403279502155;-0.01209607538664708;-0.0012285876747468343
0.0060198788399399425;0.0011340517399075546;-0.019393048021477174;0.006486211242784409
0.0031782128261115977;0.002676166373380856;-0.02214153017948582;0.011781874512480245
-3.735132868016621e-05;0.003919302582225348;-0.01860316838401448;0.011577561762533996
-0.003306090659269113;0.0048323758038237305;-0.008915657873030535;0.005319258343697858
-0.006405980445071254;0.005527702822920592;0.004197961353552369;-0.004482262772508725
-0.009235922198597422;0.006071535978166823;0.016094763692778704;-0.013307428772448253
-0.011753637796035868;0.0063022576175694595;0.022221338874176495;-0.01686005273562318
-0.01388523321732449;0.005823066531204337;0.02039355485710882;-0.013283310953303021
-0.015481329198116352;0.004258616139804341;0.011914458291762858;-0.004104641166089371
-0.016347974070654775;0.001631631727737001;0.0007746743527840764;0.0066086974219512476
-0.016328994158144643;-0.001456961145452429;-0.008548632301148842;0.014353145715846229
-0.015391091346681292;-0.004056663668683006;-0.013238657970051708;0.016323272768308594
-0.013660014400640725;-0.005392264796852268;-0.012922542976327975;0.012431450144726068
-0.011376830731009447;-0.005304673934749513;-0.008924811982297965;0.004857283334874094
-0.008788006486328933;-0.004269803792082975;-0.0029900445129637638;-0.0033077582759554708
-0.006030870790977712;-0.0030019049343735916;0.003349967150251674;-0.009369698333482843
-0.0030939972752027363;-0.0019892961056223474;0.008506991011481415;-0.011703911828807593
0.00010592311620972505;-0.0013354417537859288;0.010486790540813116;-0.0098663940913382
0.0035740829556111433;-0.0009800013637996975;0.007424037862554489;-0.004541017783807224
0.007124483422026788;-0.0010276494688723507;-0.0010108310839641696;0.002514467868330663
0.010389314773900515;-0.0018165609175985443;-0.012503382873134282;0.008752083837121533
0.012935623925263982;-0.0036186806285889188;-0.02260504216958304;0.01162421724842632
0.014400825879047218;-0.006271758650415638;-0.026998712165842806;0.009753610666065858
0.014579591380787352;-0.009172439771766024;-0.024081714602074443;0.0038480798251122094
0.013462071580545855;-0.011697194875587054;-0.015911090194843106;-0.003374141687935655
0.011251534716181955;-0.01361945749746729;-0.006716293008864016;-0.008455809292469052
0.008359243352323941;-0.015054900721194366;-0.00010442992916216527;-0.00903300369292158
0.005338932659849756;-0.015986437327322946;0.0029155895179629634;-0.005091239259729193
0.002745997269871844;-0.015915339747690507;0.0037605834593190082;0.0011678036396292899
0.0009846199883451593;-0.014085292015482979;0.004462430220552863;0.006700983227409915
0.00024233208627355232;-0.010142364927971829;0.005942409481796631;0.009266751453831518
0.0005308793925066657;-0.004655899495053255;0.00768987801451706;0.008328361865143654
0.0017409259595240858;0.0009418446534360878;0.00872132879202267;0.0048970199395658755
0.0036263842129590435;0.004936411763561624;0.008662304810929434;0.0007321990285601223
0.005758534746588955;0.006030296922279281;0.007996707016947564;-0.002485399181790131
0.007577377815450174;0.003835541973295105;0.007491134449696943;-0.0036981608812439747
0.008606847447658364;-0.000912686179227577;0.007475178647396436;-0.0027506636415548717
0.00873342024237199;-0.006420788724760291;0.007552938492727721;-0.00045025493467921204
0.008336211258563724;-0.010281307475480405;0.006823119147644298;0.0016744676857862971
0.008137315178868738;-0.010370206877707448;0.004393626395827754;0.0019710482574692356
0.008847299504685869;-0.0059542118135645855;-8.53026350962807e-06;-0.0005671910453013694
0.01080045746115668;0.0015948190307229558;-0.005530996736059852;-0.0057161959130716715
0.013742115072015813;0.00907034547663163;-0.010149056263028746;-0.011886258251129852
0.01686929758972233;0.0127554678575611;-0.011451899601952817;-0.016483318042758724
0.019160883230290356;0.010189535203226272;-0.008171181330222077;-0.016721601630559503
0.019863387132426552;0.0014560536623237357;-0.0015645103625423198;-0.010840578201531682
0.018820025319513902;-0.010678363790660166;0.0046177416531525805;0.0005496412716413695
0.016418755819749626;-0.021857647731931138;0.006094675585846843;0.013761700834546827
0.013277268343774549;-0.027951656813476777;0.0008266192837135703;0.022930298270169867
0.009975233264638353;-0.026732858492641093;-0.0095047809758414;0.022762027951936294
0.006954702828053857;-0.018612841995772702;-0.020461146179192154;0.011895969259905595
0.004455993670185709;-0.006129499440626553;-0.02733544901142781;-0.005399166059932765
0.0024201881240553604;0.00740833492041109;-0.027253079633402958;-0.020810570731717135
0.0005083130721760818;0.019249997089503715;-0.019895992745814776;-0.026330337031633323
-0.0016521559178118883;0.02783958792753684;-0.007211477662717641;-0.018844203072507372
-0.004150611611044929;0.032743719943477544;0.007268518739114639;-0.0020876796294933583
-0.006668195139608057;0.034260476066323105;0.019397319582796557;0.015318950618312515
-0.008628970268501518;0.032998187949177464;0.025749331966680496;0.0246050547002439
-0.009502368358299072;0.029521055229404028;0.024943174079764468;0.021557951096054385
-0.009069160413124226;0.02419287922985631;0.01818586294823299;0.008555398564137028
-0.007510493521973256;0.0173573681752433;0.008602447924961816;-0.007055724392755157
-0.005283897868611717;0.00970798552018421;-0.0002617021007031278;-0.017129721972318157
-0.0028875407225543667;0.00241394835295033;-0.005896915696989279;-0.017031713705847516
-0.0006865420586342742;-0.0032449549271879397;-0.007590319369203702;-0.007780335527137278
0.0011084482912565876;-0.006442928304670511;-0.006304642588909394;0.004941529838492077
0.002377757978800995;-0.00705361616192085;-0.0038250775134771675;0.014121630998758882
0.003064951860218747;-0.005446976410627709;-0.0016402321087464694;0.015150960090217644
0.0032177042460520625;-0.002198812036547793;-0.0002483994081667238;0.007982414804890765
0.0030299258888873675;0.0019579174536376366;0.0006867654114296206;-0.0032547061347519197
0.0028064271749378045;0.00605219297046396;0.0016104320951747858;-0.012719574756897252
0.002834207684694133;0.00899263405547243;0.0025093077779536196;-0.01590028139704115
0.0032256790203124904;0.009943781584850797;0.0029687923113408104;-0.011650532068730379
0.0038438811679705706;0.008671321903585232;0.0026681354391504663;-0.002392163803449906
0.004376365856524979;0.005584956460929814;0.0017586910008029416;0.0073658443950781775
0.004510618697012544;0.0015177175403182778;0.0007778439326111504;0.013321798148108828
0.004088985212626619;-0.0025289726786892506;0.00021471367084863126;0.013361298025294361
0.0031586477055103807;-0.005554307010296121;9.3898729056229e-05;0.00831637498048362
0.0019233348501642618;-0.006711841685558024;-0.00011893888897310236;0.0012260766842602296
0.0006497837926597642;-0.00552739013824498;-0.0011876999735887116;-0.004401896263534625
-0.0004286416396089632;-0.0021138276537496095;-0.0034953061944918654;-0.00634951702149654
-0.0011872656720079387;0.002763515813224698;-0.0065322629685900715;-0.004585151750692561
-0.001645719743384915;0.007840604181616122;-0.00892683836527039;-0.000950968947924574
-0.0019509759736413817;0.011685949815944882;-0.009176793386040724;0.0020885851775886413
-0.002310467856801812;0.0131167797982289;-0.006702047097580018;0.0029266374294995385
-0.0029021850247033187;0.011576901597376715;-0.0024428323814596423;0.0016880461169141714
-0.0038070267135693254;0.007330317721749045;0.001588922395596626;-3.1457128602292275e-05
-0.0049918040423897895;0.0013882776058536887;0.003630242341276356;-0.00039971814330260434
-0.0063239482320771945;-0.0047724509627816115;0.0034073092817495155;0.001279758281699665
-0.007582493972706095;-0.009569701650849288;0.0022729256017627883;0.004018228241305541
-0.008471568307083286;-0.011677741483659297;0.002037107053041958;0.005801051618839997
-0.008678091563815188;-0.01037705474067509;0.003380222247708558;0.004979132578043767
-0.007984176592361981;-0.0058446006047900186;0.005167698577198147;0.0014074708414912231
-0.006378581698936187;0.0007470514422965351;0.0053052017104589485;-0.003430805058697903
-0.004086155618878838;0.007462907043394436;0.002494126184195211;-0.007324824449054427
-0.0014841714052690903;0.012182417620957522;-0.002549839007550762;-0.008593678192359759
0.0010396236103680267;0.013329414703838438;-0.007456436093364792;-0.006907049791340358
0.0031965364078314993;0.010441840508950648;-0.009887691804624222;-0.0032831716666959373
0.004834704089551626;0.004323173279207777;-0.009191677577669338;0.0005719718314523547
0.005934575402466817;-0.0032797532805145914;-0.006690476283608183;0.0031161051244396657
0.006596391342780975;-0.010295593206990543;-0.004422261074134538;0.0035879427317474324
0.007014576633865697;-0.014947869093942209;-0.0034511131237416224;0.0022059821102298456
0.007418952908230011;-0.0161622624715107;-0.0031843477242422488;-9.22612679378189e-06
0.007981302769994465;-0.013761091101513526;-0.002227358624214561;-0.0016573980691712714
0.008708177493804632;-0.00855209342802009;3.744267890937106e-05;-0.0015161728824716943
0.00936742219316676;-0.002275407389680353;0.002584428232572561;0.0008652506634214104
0.009520256886214957;0.0028272497152384835;0.003413390767028044;0.004734644067351834
0.008694904504995157;0.0049224631673228025;0.0012376442687235185;0.008195196308420928
0.006627537545189529;0.003563029598921325;-0.0032491304067314955;0.008990997316267213
0.0034189195277502743;-1.3898002793363864e-05;-0.0076403230957265336;0.005799633622367219
-0.0004887438462122252;-0.0036374637460823817;-0.00940726966768185;-0.0007293756804907636
-0.004477319888034307;-0.005533434655051232;-0.007503115973470838;-0.008007515431212359
-0.007951710377700486;-0.0052956521052457345;-0.002780690551338143;-0.01276565185970044
-0.010491499191599767;-0.0038762522048658636;0.002884090140949609;-0.012796615890651153
-0.011926010211639712;-0.0027117471535942567;0.007874150933643107;-0.008093275423619175
-0.01232342155706614;-0.002658800129583206;0.011513293653825729;-0.0007575762628588423
-0.011899770602176486;-0.0034552283766589153;0.013839845556906172;0.0061355413928035115
-0.010894020551845567;-0.003992534342813851;0.014976394986751752;0.01000449374946045
-0.009488152409014591;-0.0031311024170760982;0.014820565798435558;0.009819104873025643
-0.007827781075004162;-0.0005057349939290085;0.01330242077820581;0.006353124115965978
-0.00612560254853676;0.0031239577093535543;0.010826504538894676;0.0016682165079597519
-0.004760738980798153;0.0061207202471204245;0.008332819963041681;-0.0018506121434293762
-0.004271762938925807;0.0066874811276948845;0.0067753079796003;-0.002530829029730824
-0.0052003635260838045;0.0037606540076099153;0.006382282764390846;-0.00018497754206197404
-0.00785010796982892;-0.002313714642016205;0.006346532935880594;0.003690672235429062
-0.012098769208340793;-0.009704415354755046;0.00531040955412029;0.00652171027285701
-0.017368618586640953;-0.015777726914202202;0.0023480260380796575;0.005990440091495948
-0.022753305460642175;-0.01826240174378315;-0.0023026968594786973;0.0015170950942594444
-0.02724124210625665;-0.016256253917486814;-0.0072844000842054646;-0.005053283716236252
-0.02998501972417699;-0.010503037413656421;-0.01081914545766035;-0.010237149379503924
-0.030541229006137545;-0.002899589776212196;-0.011540940970475302;-0.010903965165271706
-0.02895053319609619;0.004301080824720165;-0.009052335398784559;-0.006241879152377977
-0.025601204946802528;0.0091450580759368;-0.004080385455184809;0.001621469315470513
-0.021008583134464985;0.01042303059283983;0.0017500939812151077;0.008747698600059018
-0.015694202853057688;0.007974201494878003;0.006464601251019226;0.011536625463578844
-0.01017861959772734;0.0027224488099447932;0.008458777514384144;0.008627801353829723
-0.004961919304293346;-0.003707743634723861;0.007118362407938759;0.0015456536610404358
-0.00043629998246598364;-0.00963877035275905;0.003046182286059573;-0.006162772321334779
0.0031907631587096007;-0.0138736779660589;-0.0022255866485977657;-0.01075274456396002
0.005883862184310291;-0.015883246780640854;-0.0068851095360729815;-0.0100923741168774
0.007700335559437107;-0.01569710745795371;-0.009531797916822791;-0.004593117122856105
0.008720335736896536;-0.01368567817866199;-0.009614585849800402;0.0030781463775515576
0.009022090169176156;-0.010377800594618389;-0.007454633056500317;0.00924885880396192
0.008681035126530448;-0.006352193367056257;-0.0038651610452209518;0.010841675477573814
0.0077635573432657335;-0.0021749583054469245;0.000382895719069582;0.006683133503248634
0.006316558463950555;0.0016341324366740512;0.004839981537091582;-0.0019417236410432543
0.00437988574955806;0.004600205518302499;0.00916802782957809;-0.011692147894849167
0.002040978697216963;0.006287886588074637;0.012688153421140786;-0.01844780873453237
-0.0004942087035561535;0.006372340213036976;0.01424664458651563;-0.019043708988835676
-0.0028838416180902975;0.004813823261024348;0.012713713631395175;-0.012760616360597199
-0.004731043706323458;0.002028076127632072;0.007824373305073665;-0.0018451109321739661
-0.005711433088365889;-0.0011134716839972525;0.0006953830883647335;0.009283126675277644
-0.0056395529993947275;-0.0035249893915980713;-0.006452164432653364;0.01584764020606863
-0.004440721007275832;-0.004303493171711407;-0.011258799223789672;0.014754851229165934
-0.002115978698107656;-0.003105139528766116;-0.012291896872279818;0.005964351526265121
0.0012129109718447605;-0.0003423971532665448;-0.009584324571904633;-0.0073625373020615135
0.005225101116233114;0.0028842715213627406;-0.004424785358543441;-0.019971484200625892
0.009421972904894075;0.005156581831043789;0.0013308111457705325;-0.026493392449005677
0.013289267640038814;0.005364465616899348;0.005983362771942268;-0.023643374617410104
0.016474364824655082;0.003325515056365465;0.008486525006165957;-0.011846524307060033
0.018830327119014046;-5.14932897468985e-05;0.008646817949292951;0.004492389032091999
0.020341546229002402;-0.0033097743095536285;0.006991820396742885;0.0185213357248232
0.021070925044929353;-0.005374088137152548;0.004355129216544108;0.02394700953699192
0.021170896981849673;-0.006154885338263656;0.0014570399401730156;0.018241036226718216
0.020840228266599918;-0.00637229849819348;-0.0012028094947239218;0.004323942572671555
0.020167958552806023;-0.006826836763621578;-0.0031896654833003172;-0.010446927071276377
0.019020279581580223;-0.007763992007417475;-0.004121672844024447;-0.01779854132816367
0.017150547585901645;-0.008771596005045993;-0.00401385482518326;-0.012937574819818883
0.01446728340914924;-0.009118659847211235;-0.003590932815189201;0.0025396109747878874
0.011207311341186438;-0.00814874096428809;-0.0039663048768000045;0.02103462311489901
0.00787491846932879;-0.0054849069448099745;-0.005684264221154409;0.032725872610187855
0.005043930303238257;-0.001116157185679439;-0.007952757276571753;0.03086055152768186
0.003179401238047711;0.00447149508192555;-0.008943172575685505;0.0156561781628524
0.0025245661170101986;0.010164835209398666;-0.007081486325471701;-0.005503765803983434
0.0030353381642282584;0.014362260245945797;-0.002281519221892495;-0.021925296491704334
0.004386500454375423;0.015571980154908191;0.003841932943594173;-0.02550169529017885
0.006084254831726947;0.013286837868262768;0.008802455518227156;-0.015269207541089177
0.007646001273476357;0.008594416318420508;0.010483411430258641;0.0021429488939452837
0.008753539675337417;0.00397142348624989;0.008203494830939524;0.01649112660658665
0.009320335672814208;0.0021408425029449236;0.0031838406710609076;0.019901306953474904
0.009477074664087749;0.004511767474438782;-0.0019294356281474242;0.011225217459618311
0.009482570853133525;0.010149211343847497;-0.004429852579438207;-0.0037364780429684484
0.00953200275326361;0.016040057566439708;-0.003077489516390416;-0.016010381888238223
0.009498363850126838;0.018619437917129947;0.0011596044783497123;-0.018738474123717912
0.00881742985408666;0.015670936264491557;0.005588683947773788;-0.01083386071916654
0.006743508620524627;0.007510678884566161;0.007212132470095521;0.00290351132534382
0.0028817306070894316;-0.0031116038850704025;0.004358635892088987;0.01491776242113708
-0.0024315549727322687;-0.012231900600899402;-0.0023190296678736416;0.019192764933410728
-0.008213542411400224;-0.016367461510604888;-0.010112828901770383;0.014233829422178957
-0.013252986461710534;-0.01391747725308937;-0.01574772116957187;0.0033099227269381523
-0.01651715307947144;-0.005689790362358376;-0.01719896448807894;-0.007777884475543242
-0.017401386452034675;0.0055928290779524645;-0.014649578056214977;-0.013893788371006046
-0.015885655420185302;0.01647702527161337;-0.009972119308399165;-0.012993838396198774
-0.012600132107790547;0.02406596626772992;-0.005177258723116238;-0.006676115388249243
-0.008682210095205237;0.026891322929824497;-0.0010377347038534924;0.0011903865906006258
-0.005397235187265185;0.02511974204797841;0.0030558783473520978;0.006790179935909119
-0.003689634565898388;0.020128636618918123;0.007961070981863081;0.00824127143949246
-0.0038844741831043452;0.013718882780042164;0.013387556493141408;0.006058296381410093
-0.00564337920754601;0.007366862677768109;0.017478392785045458;0.002194505185961575
-0.008138658139524668;0.0018723812843864862;0.01778864599000895;-0.0014875774918318347
-0.01034632554388588;-0.0024912688727472153;0.012908427154479327;-0.004237545622826739
-0.01136148345454864;-0.0055596255419120095;0.0034538087266765506;-0.00633884353058185
-0.010653649246262116;-0.007019753849692131;-0.008267958917305508;-0.008194998944356536
-0.008191462570810158;-0.006580118504286141;-0.0194719524720369;-0.009466685454902328
-0.004408990017295629;-0.004408892745506903;-0.027922013657986574;-0.009055597006177623
-5.581403614560493e-05;-0.001392274722370791;-0.03213963745516881;-0.005979310037141199
0.003995213097545721;0.001089177186066066;-0.031102423418918813;-0.00040073972967861674
0.006938042020281486;0.00174010304314921;-0.024197294181748735;0.0060660752502535295
0.008205024894013238;-0.00011106837456824838;-0.01178477079057364;0.011069144986212335
0.007595486343832512;-0.004294411438306092;0.004074060582865274;0.012756684311341126
0.005330875288863002;-0.009877540660768097;0.01958945231657204;0.010693058712367151
0.002018643310397427;-0.01537560964586856;0.03039124665899422;0.005918457903712918
-0.0014851451397677221;-0.019035083166851707;0.033431008703224956;0.0002635664791521875
-0.004302642467856558;-0.01926114495525914;0.028512103398308203;-0.004522721010007065
-0.005783475443371842;-0.015185962555423465;0.018403795174488292;-0.007308429794136122
-0.005680124903890763;-0.007183101085663805;0.007376798443250225;-0.007650208452000673
-0.004195890357034722;0.002956523145561867;-0.0009392554946725978;-0.0056517212426888536
-0.001908722485759631;0.012403347651696778;-0.005025611339758888;-0.0019015744071331916
0.00040831196862129083;0.018246240981447667;-0.005439777782921721;0.002477775682773201
0.0020299161631773285;0.0187085684327299;-0.0035783078615806564;0.005915916638056302
0.0024984672349425397;0.013973278337337858;-0.0004076188013057647;0.006865821012326185
0.0017283726081741397;0.006066006594314186;0.0038077682376171577;0.004579167103226842
-2.4625778839555056e-05;-0.0021422490702344994;0.008763282656651139;-0.00029263429565611017
-0.002272794278186988;-0.008166436695488721;0.013279009723520961;-0.0057955484902791985
-0.004431624953350557;-0.010693133490533408;0.015344203222632661;-0.009560098047531515
-0.005976059130275305;-0.00967085826021647;0.013214013797457748;-0.009998290341238962
-0.006604338996797802;-0.005908818894147467;0.006778907075940697;-0.00709241653278994
-0.006324828251542369;-0.0005830461197457067;-0.0019045950645756335;-0.0023248765752455856
-0.005376068836419861;0.005054370123280283;-0.009467648469496675;0.0021592287083398143
-0.004026366749115694;0.009762773183824769;-0.012990625773454476;0.004626491435413601
-0.002430353956452099;0.012430384056713772;-0.01152740245866951;0.004465704852974246
-0.0006579741712428573;0.012372672561117414;-0.00643168992605807;0.0022415192865616307
0.001178608791167488;0.009649490265870454;-0.0003644948733621541;-0.0007706142746417191
0.002856736574664411;0.00509792808409353;0.00429044624155822;-0.0032032964919897376
0.004096221174249712;6.984638291312833e-06;0.006573861287964012;-0.00407937457554659
0.004676470484921199;-0.004329515402359809;0.007010708125060171;-0.003058489890569933
0.004533104177317052;-0.006921309531395864;0.006701684898645618;-0.0004619428240216863
0.003785732089542761;-0.007222862305346946;0.006195195406596166;0.0028814583343473596
0.0026899234962134166;-0.005237724785797463;0.0049766073119291675;0.005905455380644379
0.00154143425024319;-0.0016191804458734298;0.0019456332949461235;0.007618257915227842
0.0005849459071829271;0.0023884949318984405;-0.003458511591826357;0.007406766126468932
-2.8730948214418555e-05;0.00531532374058724;-0.010334641502646829;0.005294043483023516
-0.00023394600686394484;0.006033872725870515;-0.016381652586785398;0.002052005061938725
-2.215910143387503e-05;0.0042084661695425615;-0.019049361461053214;-0.0009887679830717618
0.000574558191554269;0.00037177238653844126;-0.017036667164608166;-0.0024964328045540196
0.0014801962179073213;-0.004357217725902611;-0.011055446790020969;-0.0018535837483493575
0.0025591043645195027;-0.008716026000045013;-0.003306651620566347;0.0004120952241314843
0.003606552216938506;-0.011704164284695647;0.003881968310511898;0.0028529494747065003
0.004377811829134569;-0.012812049726370872;0.009192558581316354;0.003945785825361963
0.0046771120440951865;-0.011991662606972337;0.012439818582702742;0.003045658551656518
0.004472918353215615;-0.00942209451551695;0.01378613667965279;0.0007655591775450141
0.003955907833402877;-0.005299104243527198;0.0129228547208009;-0.001567283136899755
0.0034837789024453965;0.00012556778056088019;0.009091531108097796;-0.00302810019334319
0.0034486424444446803;0.00628249157824537;0.0020361433242274134;-0.0038829659881878826
0.004152070123219321;0.012073487663593563;-0.006943181427053231;-0.005287854462247097
0.005725645910389969;0.01597130977968872;-0.014947937578003017;-0.007987426823303301
0.008077558084964258;0.01647451324664019;-0.01889327436042955;-0.011039951889873159
0.010871980818420007;0.01273815890764358;-0.017582768770516646;-0.011833163704774802
0.013597398084973168;0.005069355015221625;-0.012828004113914127;-0.007831124019812582
0.015738578004198416;-0.005007375020011784;-0.008492882856435695;0.000970150688453868
0.016965539924879557;-0.015197785122733093;-0.008013891077944207;0.010886612536732669
0.017215261679770034;-0.023173599621803664;-0.012274217451322834;0.016157908473499023
0.016609988902483608;-0.027216822109434255;-0.019272347292398455;0.012753113460654303
0.015283127114793823;-0.026538367058563394;-0.02537434062127135;0.0017420493581421735
0.013279616451760755;-0.021328897418402278;-0.02698548150407467;-0.01055252364365545
0.010641940499653842;-0.012705693838681835;-0.021908289561911112;-0.016221206467335304
0.007588671377916026;-0.002532393433907816;-0.010282423901213485;-0.010963539829200812
0.0045676777335081605;0.007044928967494239;0.005121381901092362;0.0027753042527002445
0.0020910158545804046;0.014259991227118227;0.019756026534941913;0.016991071021582253
0.00046899358869963316;0.01817927467936814;0.029301227141298142;0.022958023647365666
-0.0003888541498979555;0.01866301635802884;0.031767166626847115;0.016647659454778904
-0.0010173785101417158;0.016025520231580225;0.02823351501079382;0.0013452883131296453
-0.0022496557835111355;0.010801812190959867;0.021682912198695524;-0.01414182539064218
-0.0048962504415761676;0.0037649248155839465;0.01490991561630561;-0.020630391187585445
-0.00937963427678293;-0.00399838958271178;0.009102162176739415;-0.014023744500094412
-0.015523343771353773;-0.011163537495392943;0.0038900362758435476;0.0021520970439806945
-0.02259269019273484;-0.016392464399020656;-0.0015779257640325312;0.018685066568236878
-0.029510864809219637;-0.018594188991376274;-0.007540962148556548;0.02598409382145973
-0.035126166434370436;-0.01719620878733807;-0.013247825703152855;0.019626142623170653
-0.0384773970202342;-0.012444167104916247;-0.017374727704768014;0.0028581035566570775
-0.03903219522135364;-0.005590103721517404;-0.018756541882650274;-0.015365942246074713
-0.03681856779974269;0.0013041519726033706;-0.01683847144176005;-0.025503507046874242
-0.03236594731972649;0.006054648299821564;-0.011673334718779594;-0.022610595858076725
-0.026484062403741432;0.007261363292483423;-0.0037996824947556865;-0.008751796277866413
-0.020016071533809195;0.004915341660600572;0.005645505661831045;0.008410898417384939
-0.013680749842885068;0.00031457615036923215;0.014720048457840511;0.019840614129304924
-0.008010847052919979;-0.004662024827287851;0.020890776577752346;0.01986484927112429
-0.003333434569302055;-0.008440102934677535;0.021917129927470535;0.009015746649872407
0.00023826755834423325;-0.010259114172988793;0.016998068813077163;-0.006449087342359841
0.002791620433728833;-0.010136653442788466;0.007430626067965932;-0.018053008489122117
0.004562106342893158;-0.008535220376136368;-0.003700402945488475;-0.01971156591132196
0.005836856879679723;-0.006072402592410276;-0.012688856490467847;-0.010919289130457805
0.006829212695004403;-0.003400949307025319;-0.01664675112259756;0.0031888124430568578
0.007565486313310041;-0.001155446725458322;-0.014530610203494677;0.01483675740215684
0.007840435533989117;0.00017644228927196808;-0.007350695361519832;0.01792921659279798
0.007283566767603135;0.00046124761690105576;0.0023699989496682875;0.011274838987899301
0.005535438354837218;3.2417900628194606e-05;0.011513731394342934;-0.0010366980062253754
0.002472355249752837;-0.00047712529510272384;0.017328352153420993;-0.012190744171767352
-0.001631983827314969;-0.0005224217886086565;0.018259767419236073;-0.01654304946844245
-0.006107321033293493;6.549835234810339e-05;0.014478074433889503;-0.01257747150484938
-0.01006324638517853;0.0011304050525531742;0.007805974445034957;-0.003342668863083473
-0.012657347356470875;0.0024702597462271797;0.0008905339208973521;0.0056503898002682055
-0.0133370652810717;0.004028476150341298;-0.004048540273843017;0.00964693699654409
-0.011974002474944064;0.005807721909332617;-0.006131506590389741;0.007074342138755416
-0.008869635128366355;0.007606049105200348;-0.005806868310730017;-5.256871928178338e-05
-0.004649117572555971;0.008863745024932607;-0.004064532204083335;-0.007645180787182842
-7.596741209009165e-05;0.008836060126059189;-0.00163369085584147;-0.011813619992014867
0.004157078102974112;0.00702297888599987;0.001176239422733606;-0.010601970719815085
0.007587619443133255;0.003556410138697664;0.004031747326573077;-0.004549142875082442
0.010045008014117736;-0.0007181806413352662;0.0061634502793260024;0.003805282639998626
0.011619614713964384;-0.004499741781721943;0.006541138383696921;0.011025620126131215
0.012578616335649443;-0.006483183641089588;0.004564470583976768;0.01409510083167553
0.013266395289155998;-0.005830920793485399;0.0006632365267233745;0.011610911508033651
0.01401095852684814;-0.002524231391045732;-0.0037592191749816683;0.004483022380456401
0.015031394375623302;0.0025222531122241387;-0.007054420116719112;-0.00424742418928276
0.0163343257428065;0.007652625483110035;-0.008183180568856991;-0.010615592572806918
0.01763477248304586;0.010966653827435202;-0.00707808968691741;-0.01160376897629187
0.01838753635032067;0.011045250346636809;-0.004353880060355386;-0.006788339614850662
0.017973350939302243;0.007687528246429122;-0.0007496284372827626;0.0012521931490565394
0.015969832539308827;0.0022582190413396133;0.003179795961998026;0.008224362351564428
0.012372551234901412;-0.002727441389834009;0.006974020661988744;0.01049133963664986
0.007661371639998702;-0.004741770853290377;0.010079422064607836;0.007085800355571055
0.0026747053752055852;-0.002533023640684172;0.011888473219763551;9.072055878075772e-05
-0.001674336376841758;0.003181327473488985;0.01196530747846712;-0.00674575376882167
-0.004731374113799793;0.010002781746273448;0.010194071723274257;-0.01012213097166227
-0.006329625576737296;0.014931582028030787;0.006776896405124904;-0.008715496501959168
-0.00678158784319604;0.015691679716214876;0.002256194977394399;-0.0034930604504232045
-0.006611452024092316;0.011738580921716759;-0.002360425946239859;0.0030063139053113797
-0.006192051997400918;0.004550175193655568;-0.005616925972703874;0.007871491797635705
-0.005559324992857159;-0.0029622401418195185;-0.006095258222819085;0.009013089468471633
-0.00452331925555263;-0.007749122347822712;-0.0032871952465305166;0.005982576831567912
-0.0029120642200454547;-0.0080791742696146;0.0017956998315380123;0.00011874373159021333
-0.0007379274628345903;-0.0044258099741161065;0.006940148866122107;-0.006075578406594153
0.0017303078556156616;0.0007514319620377742;0.00993302856507209;-0.010059291629474078
0.003948343989507293;0.004303773055256775;0.009819391727493767;-0.010333986148655551
0.005226161781433704;0.004106931622277923;0.007295966087031087;-0.0069831654304644015
0.005065639120885277;0.00023657903461594628;0.004002115278682116;-0.0015112218944875581
0.003486090780749093;-0.005069260690204316;0.0013239183846893694;0.003835757298102805
0.0010323717939009847;-0.008629638645453061;-0.00036742969830913925;0.006959401914513444
-0.001530794401418844;-0.008012403425823132;-0.0015695368038290576;0.006726480986648066
-0.0035347307173185685;-0.002768000132390689;-0.0028881846826416214;0.0034463803094045733
-0.00452430042848726;0.00540371675714495;-0.004400005674994095;-0.0012314729103685203
-0.0042616994677716945;0.013554070003075295;-0.005662154120801374;-0.005051700390469787
-0.0027689080089754407;0.018902369164599836;-0.00624774708105268;-0.006230558333205641
-0.000379055510955231;0.01999478868032242;-0.006229332534565253;-0.0043314563875274294
0.0023397834741669447;0.017054308274786288;-0.006162750931093282;-0.0004542656807203093
0.004803855050095258;0.011503809212079701;-0.006625631073084068;0.0033775481496996595
0.006628324227644595;0.0051186504031490105;-0.007729222858076349;0.005317922884328468
0.007694704994536434;-0.0006612240327955849;-0.008987513541998319;0.004711620630681614
0.008076823154027156;-0.005037669464411198;-0.009619276327227125;0.0024537506488422445
0.007938855050031073;-0.007866539318434469;-0.009045813102194702;0.0004363096596908516
0.007483457432739322;-0.009491770390749747;-0.007218398257923763;0.00034348358693692756
0.0069293229803529775;-0.010421844261338138;-0.004554311912671794;0.0025150879777113134
0.006469017128951109;-0.01093292401468013;-0.0016085787006651048;0.0056342207987787486
0.006212466865011593;-0.010839646233107517;0.0011624214452615304;0.007496332953302573
0.006163458709551874;-0.00962874828830423;0.0033621998356497254;0.006395353064973272
0.006251099958070908;-0.006873677514095209;0.0045354184158910805;0.0022318466938578622
0.006389976924225223;-0.0026358396010572153;0.004262885843658163;-0.0033772482038748708
0.006528500504363165;0.0023954300685169938;0.0024637152881398067;-0.008035106087172377
0.00666189386582355;0.0070803393316375045;-0.00041050009898899674;-0.009891904770370618
0.006807504273023026;0.010224044643285536;-0.003548165902812781;-0.008494091347325995
0.006958061135261894;0.011015778975903836;-0.006215872413272584;-0.004731747177838192
0.00704015006901191;0.009324857970575457;-0.008077141996133791;-0.00015653869424027343
0.006903623052625905;0.00572533338673096;-0.009097767503449984;0.0037281739578173003
0.0063574959327515525;0.0012502182209853882;-0.00915193991568544;0.005837256134573019
0.005252930393144226;-0.0029863717089490312;-0.007796550029014793;0.005601690648841414
0.003584508271900959;-0.006110223818626747;-0.004605122270383211;0.0030542344860926465
0.001547022034013992;-0.007639818903829003;8.746149651975532e-05;-0.0010151378008451861
-0.0005100678874212313;-0.007499314124027536;0.004748969901883971;-0.005066351702134412
-0.0022240987251600348;-0.00599513794288133;0.007214164018401221;-0.007285008466851905
-0.0033716879754082498;-0.0037962486919504886;0.006126832555943969;-0.006498050086764899
-0.003925657004309508;-0.0018287908313630776;0.0021893191384084634;-0.0030141636403469736
-0.003978060527676045;-0.0009768990583824552;-0.001959310709822949;0.001290705875592677
-0.0036073602212733954;-0.0016525326344125385;-0.0034295412773226197;0.003920769189454699
-0.002822206678720929;-0.0035035801427313116;-0.00121677669292563;0.0032714307640278684
-0.001626674185916322;-0.0055217671042065925;0.0028692226928443763;-0.0003030173151115112
-0.00010202883865259955;-0.006533256623065226;0.005373586893279502;-0.00469899285590446
0.0016214268446425792;-0.005755088065718148;0.0037559472766720966;-0.007494998964231254
0.003467607470152755;-0.0031005176897691963;-0.0015657683881876168;-0.007564515465444031
0.0054129069552903255;0.0007939781069927932;-0.007324042964384067;-0.005589346113754317
0.007291821108164543;0.004646175898728349;-0.009681722525003253;-0.0030361137294907504
0.008582797855379016;0.0066834990530161;-0.007021240740978047;-0.0005030437246573388
0.00845417294905081;0.005110398496535542;-0.0011831652661667335;0.002960497687165173
0.006131903847023468;-0.0009736310165297901;0.0037454911915557718;0.008670885582283338
0.001340771512960795;-0.010610811205713553;0.004180204158883595;0.01609384013094981
-0.0054788372223620475;-0.02081704730019334;-0.0007252830868787043;0.02173112695606017
-0.013262609643312316;-0.02770000847493491;-0.008937288461921709;0.020766998625021658
-0.02063027952070561;-0.028336204023904035;-0.017232621416317432;0.010868859220944863
-0.026301666557647593;-0.022174238793209906;-0.02293508444029976;-0.0047365094914248364
-0.029490891345061946;-0.011097121922934302;-0.02435026925146858;-0.017859475521222305
-0.030080304788746234;0.0016609083211046444;-0.020353362800626003;-0.019976471230140493
-0.028466481943060833;0.012846663253966977;-0.010466492839346324;-0.008012253137471675
-0.02523793796785838;0.020067281998600296;0.004241147674289321;0.012802541971017323
-0.02096083510897947;0.022138933739068067;0.020516200114129888;0.03124446020663449
-0.016153278772459565;0.019146019676726515;0.03368370703935525;0.03638197936991196
-0.011311052047493985;0.012330145880272387;0.039627722593066836;0.02405157598807576
-0.00687676805507571;0.0037594192487390367;0.03663366498246374;-0.00038421828367981437
-0.003180177224386291;-0.00423214603999707;0.025934006998245326;-0.02470589918574861
-0.0003982160198880994;-0.009701795189311902;0.010966892484394126;-0.03649616975656666
0.0014600386346152806;-0.01163052739924697;-0.003919079990392712;-0.030021543905137744
0.002529320247301269;-0.010119474043669441;-0.01479581013655167;-0.009374394233033287
0.003004510702316734;-0.006152548944481083;-0.019303385771918664;0.013942059991517484
0.0030339156043135028;-0.0010389086312110254;-0.017259013695049574;0.02753286519305301
0.0026672617220580876;0.0041403927778448195;-0.010393818777652225;0.024889573994282564
0.0018938290396751545;0.008741031050826298;-0.001424198952416726;0.00854119326789568
0.0007286841647230482;0.012368634658912735;0.006931625397672642;-0.012003847385024623
-0.0007338591655289143;0.014620459815587671;0.012628371594876833;-0.02595075517049821
-0.0023488906932834304;0.015110839046102583;0.01470813733882823;-0.027011712922961763
-0.00399769834014232;0.013752069058957291;0.013471784153900136;-0.016120179259847885
-0.0056262467170018265;0.010932998652571378;0.010198928708355025;-2.0223751561202767e-05
-0.007206214299301041;0.007360402110661918;0.006372011861305235;0.012938118428349733
-0.008669346528192892;0.0037050300443285797;0.0028356364989817876;0.017193235328659205
-0.009883129976714089;0.00036368590309181285;-0.0004918484374123027;0.012254670646054993
-0.01067330411702927;-0.0025114967315143922;-0.00412809077397489;0.0020451297706576567
-0.010853023166829527;-0.0048137814855282336;-0.008179186702647882;-0.007816949397921326
-0.010242836959408691;-0.006318897988415317;-0.011880127787117604;-0.01296538022222309
-0.00871028878418982;-0.0066990709165095684;-0.013940463028182679;-0.011940828468885084
-0.006251832417859919;-0.0057041368996002;-0.013401575051054144;-0.006148056571692951
-0.0030835058273243785;-0.0033919696448397453;-0.010274620044621157;0.001324252832607306
0.00033414862213466506;-0.00028208046659786374;-0.005467955802789393;0.007211122305718944
0.0033886791486591713;0.0026609705504760093;-0.00017313704115595014;0.009341241111529747
0.005505570753577346;0.004272014479286536;0.004700542330128129;0.007366233515076069
0.006344428667953743;0.0036223429569395586;0.008637613447397465;0.002765245209537098
0.005895004566503563;0.00046702165501406976;0.011291360093494289;-0.0019204576226102231
0.004432688498137108;-0.004548146736567558;0.01235600925859319;-0.004377879625439056
0.002393543676828703;-0.010051160404393486;0.01177033668507966;-0.00375049595171487
0.00026499720385970375;-0.014377538965509369;0.009978392757033886;-0.001091507669321576
-0.0014707863488816807;-0.01604373547988933;0.007768075959712818;0.0013377141965535558
-0.0023781362023446015;-0.014127435300550679;0.005645311858127197;0.0015774390110200127
-0.0021406041750678282;-0.008569343909584614;0.0033321227103184923;-0.0006942248218169167
-0.0006615880891302821;-0.00037633839710200215;3.355398656479573e-05;-0.003958754231862662
0.0018675781885027208;0.008437757083458872;-0.004590248904629077;-0.005966424201588335
0.005000197278249757;0.01531744950119161;-0.00961995069548158;-0.0053519978075173965
0.008170238738808795;0.017953657351334706;-0.013130443201401994;-0.002568925553798607
0.010857004363026172;0.015124013961183375;-0.013466113279899918;0.000504654677998616
0.012713678816744671;0.00730235951341084;-0.010496326085407973;0.001934167408160836
0.013666608840720098;-0.003218617020925966;-0.005742713657020041;0.0010596367996496263
0.013984172178450587;-0.012906818377668845;-0.0012600091031744652;-0.0010983320761737913
0.01423008112768058;-0.018231076750104405;0.0017507181921361853;-0.0025499421039088532
0.015039293910240094;-0.017104452349836236;0.003475316387441898;-0.001654978055096569
0.016810237261557934;-0.009879397139925411;0.0048941722795605306;0.0017548436920070672
0.019476447606046866;0.0005900730677782049;0.006711637048904772;0.006087925171433532
0.02243090127345739;0.009968632296910774;0.008692914447532235;0.008725234151409987
0.024620495121250304;0.014259816917872523;0.009857728709208246;0.00744521722983771
0.02486328847720828;0.011655777584485534;0.009296159187851843;0.0018253211590049552
0.02236364699440469;0.0034426605275318153;0.006919232461946948;-0.0062028820148927995
0.017173035497103716;-0.0065990879329310545;0.003562816793613972;-0.013130258240959746
0.010262238096193104;-0.014007702174066015;0.00043536833911963217;-0.015684853533536172
0.0031256000308279;-0.015674811767155114;-0.00158130460805469;-0.012631456935976169
-0.0028091700963778646;-0.0110512980131906;-0.002270080095310507;-0.005430441021649767
-0.0066132456748513495;-0.0020515950405779414;-0.001979978290710809;0.0026186427799516432
-0.00799986541047475;0.008067983999970474;-0.0013479353018367285;0.008157244039978896
-0.007262223876700203;0.01616303254592394;-0.0010291994085992642;0.009408759155594923
-0.005106533233970229;0.020328211711583968;-0.001434815639975525;0.0068388762621840096
-0.002417698733149927;0.020326501120732993;-0.002513276293847091;0.0026205027388009738
-2.20198705841225e-06;0.017288436876461696;-0.003752542043121401;-0.0006809694760961893
0.0016085415952081959;0.012943461053435102;-0.004494406176014838;-0.001438629640123235
0.0022305814052387247;0.008802102843458639;-0.004377756556125704;0.0003626293187446309
0.001974542691867561;0.005653488765774124;-0.003575322521861284;0.003329003314217906
0.0011147940413338052;0.0035222883508786076;-0.0026230408288374927;0.005474070514823837
-5.244767283230466e-05;0.0019824117220480077;-0.0019551590990280767;0.005189219375734027
-0.001302413537224225;0.0005774842173379637;-0.0015227578826527296;0.001995516206910768
-0.0025032057883706544;-0.0008980909710328854;-0.0008593629248532011;-0.0031363985246046465
-0.003583950721059857;-0.0023701790335713077;0.0004031778545784005;-0.008027516864503656
-0.004483325728977988;-0.003644174308488224;0.002007953381119248;-0.01014559904483294
-0.005107257903792673;-0.0045893548553031585;0.0030549596683127735;-0.00787420907611896
-0.005318848866954901;-0.005220063435253079;0.002580789816114476;-0.001600908995999731
-0.004968066946634506;-0.005652409572178346;0.00028112565175212554;0.006120261557090148
-0.0039464817615341595;-0.005994959071639799;-0.0031941105279817686;0.011658756440306233
-0.002249974689958793;-0.006242908986182341;-0.006564559564382945;0.012180615211170958
-3.709541147241452e-05;-0.00622337754078288;-0.008593519033190932;0.007242970305551291
0.002350658956364673;-0.005644041165554143;-0.008658853825771286;-0.0008731111528382046
0.004454182760067461;-0.004286798221680834;-0.006906324532790586;-0.008338752005397252
0.005845529762666297;-0.002255078644719579;-0.003988840331719887;-0.011792026451424515
0.006280300509918893;-3.133566700219036e-05;-0.0006636387889675552;-0.01002211563789002
0.0057568723641837315;0.0017873168796877763;0.002448213688300745;-0.004394735388110537
0.004451341300744029;0.0028615649739897053;0.004842889665522215;0.0021098907236004765
0.002592417757947434;0.0032276466076207122;0.006026831913518699;0.006565050718953533
0.0003890919535379402;0.0030747669875787788;0.0055761091725367515;0.007474160793605548
-0.0019368099661915767;0.002471391690529988;0.003404237183915968;0.005175540541817637
-0.004093128793330288;0.0013466282572235193;-1.0706596251095376e-05;0.001265699635671026
-0.005759449558636772;-0.0003061367796490274;-0.0037110903973786055;-0.002426070496939521
-0.0067288745477280445;-0.002292525484023282;-0.0066495275619917445;-0.004679148984523215
-0.00700593692353599;-0.004308133481481728;-0.008118767929624291;-0.005188005384772256
-0.006747363444943654;-0.006112566056363545;-0.007972045408488117;-0.004358445591504063
-0.006105991459666128;-0.007562209255397254;-0.006584713247837656;-0.00285619567950985
-0.005143731293135152;-0.008491149667960399;-0.004649840245111344;-0.0012095672270395089
-0.0038908720960032683;-0.008640056191976343;-0.002895707506683597;0.0003409308754259335
-0.00245428015920614;-0.0077826719585323886;-0.0017841520528156648;0.0017366581543800288
-0.0010300975062838165;-0.005951293722303069;-0.001304425017096445;0.002900784980234031
0.0001920852965630531;-0.003505114753021598;-0.0010257277518220366;0.0036543476871175808
0.0011191253526758567;-0.000918278155361846;-0.0004424478230807755;0.0038302886818664308
0.0017552513756619447;0.0015345271940433345;0.0006192400859437933;0.003467413782569963
0.0021391785549462064;0.0038804444278359024;0.0018921841039958294;0.002877190946354807
0.0022770681842125343;0.006225828116227452;0.003006840007198189;0.002477163314607877
0.002106568854230878;0.008444107123363345;0.004002691967441547;0.0024907600444512715
0.001523995557575395;0.010130909900403646;0.005473351948311586;0.002754781214758228
0.0004851446025316022;0.010910584857219064;0.00803222955416921;0.0028220810045695636
-0.0008967363517593429;0.010780633186461263;0.011420788927363265;0.002314688589505634
-0.0023728504745048106;0.01011785956066543;0.014089576191385839;0.001251544798475376
-0.003702838711606732;0.00934057435157445;0.013894928242765427;6.27613055647401e-05
-0.004776865192150297;0.008596389736613252;0.009646723862234507;-0.000736780831408608
-0.005599902669401979;0.007788848276114857;0.0023392837131295976;-0.0009249127407433995
-0.006189207893128061;0.006863807653277223;-0.005083515175023127;-0.0006648230458446624
-0.006507732826437023;0.006019959920563532;-0.009473660640991463;-0.00027854361355229753
-0.006456940218434695;0.005635188540369388;-0.009486335188378122;-6.069145772927982e-06
-0.0058710619106253975;0.005998814669375424;-0.006297998068922883;-4.604867192565701e-05
-0.004530781568288995;0.007078865126197358;-0.002497894284833552;-0.0007926926846179991
-0.0023000719808785827;0.008457560231984055;-6.482209610346512e-05;-0.0028359201700517162
0.0006168841692284474;0.009406553165444084;0.0009981752678981067;-0.006415669031113474
0.0035087067000898722;0.009032818476912856;0.0023700134923151316;-0.010611832431181297
0.0053086275496376486;0.006517754381358474;0.005731991233506632;-0.013096645492900164
0.005050329819615231;0.0015082197026807785;0.011031971651175265;-0.011158945021629669
0.002353392523913551;-0.005451784127989606;0.01610535044164157;-0.003766232790815969
-0.002356446787155625;-0.012789865001099927;0.018014497629987327;0.00672419223992991
-0.00798020302110442;-0.018378137004645266;0.015034913673776447;0.014896382670575187
-0.013109588729412187;-0.020498342546808875;0.007699325594304095;0.015184734770436378
-0.016454861088342446;-0.018707656296686817;-0.0017275063338213026;0.005851737834275487
-0.017225403597770295;-0.013987165718865189;-0.010563090165348055;-0.00881632610544391
-0.015354481420387485;-0.00813619302502445;-0.016698532646300085;-0.02018443935660013
-0.011447115638336178;-0.00298835601800909;-0.01896696886856895;-0.020290666748081953
-0.006463450419647735;5.372688155427167e-05;-0.017244050991121484;-0.007153149489451647
-0.001352085897065029;0.000245058704120279;-0.012454166809210973;0.013212350419752524
0.0031547745044471272;-0.0022705651959308705;-0.006305257588911602;0.029688907798599975
0.006584598488581864;-0.006399576411313501;-0.0007095127829316369;0.03237496006094468
0.008727448383238514;-0.010531647243622592;0.002814153717934662;0.018592354299907805
0.009636824962320068;-0.01329951130124307;0.0034679078139019377;-0.005093138372305422
0.009584208336162242;-0.014100227367694129;0.0012800530763288937;-0.026229126091760174
0.008959408364910947;-0.013078710279701434;-0.002824451033670056;-0.03341468406783553
0.008149493826652563;-0.010779765629104139;-0.007112625442639155;-0.02281419599472229
0.0074100000872891715;-0.007801543635989157;-0.009646074141594595;-0.0003904143481331792
0.006747792451583981;-0.004565013226737716;-0.009277075027503115;0.021481592103171333
0.005887291561699752;-0.0011792476750745863;-0.0062363718225382945;0.0309885235166583
0.00439127533828183;0.002516121827288304;-0.0017251462101527905;0.02332885457385248
0.001908884779749992;0.0066175405343541676;0.003065182214648227;0.0030021150530798223
-0.0015877396225098311;0.01071808124786642;0.007569105363445736;-0.019081519681407328
-0.005729335919973076;0.013840432400743988;0.011697905958162043;-0.031680618040313066
-0.009878884365312882;0.014954180467200966;0.015275138094730778;-0.02896944916572417
-0.013366421420333549;0.013643293135428981;0.017617037803407704;-0.013039913672492217
-0.015689419104530974;0.010292980778278114;0.017630436921267832;0.007756963378166882
-0.016605044734860363;0.005694766835237417;0.014477451673172744;0.02340228149731261
-0.01611693189103834;0.0005504712576580095;0.008399774165316194;0.02719160157457385
-0.01439520377299429;-0.004651617371883758;0.0009886414666352222;0.01860354037638636
-0.0116865367995668;-0.009378596810320428;-0.005516927578404624;0.0028817656034645315
-0.008263947236875034;-0.012794961665699748;-0.009524669762319318;-0.012020330867695621
-0.004420473086370791;-0.013881759252538919;-0.010987270820212093;-0.019324455662470118
-0.00047760485506335954;-0.011942004233770608;-0.011109701086407265;-0.016336244634721782
0.0032069606734794523;-0.007109690626911203;-0.011039694697894065;-0.005296382788451099
0.00623505587489484;-0.00045435481249629834;-0.01067093029335701;0.008013942276571807
0.008191648657206594;0.006373157161846686;-0.008702163592489017;0.01721992427358474
0.00872888466921312;0.011668086461735314;-0.004020942603952131;0.018459731232628448
0.0076976716927825255;0.014069198096512915;0.0027716782765633105;0.01210889981227942
0.0052544538377487324;0.012756084272688132;0.009125952294379803;0.002237815065543997
0.001866072705372734;0.007583533922947033;0.011980425244955104;-0.005847918071615604
-0.0018031382582399124;-0.0007321489091927052;0.009817904568028706;-0.008532006955041463
-0.005067620692544683;-0.010477487447816009;0.003696296653470368;-0.0055773258012544995
-0.007380707638575554;-0.019121509224134494;-0.003610456020239313;0.0003082631506448023
-0.008423120115068636;-0.02397839918902585;-0.009651886919784585;0.005542471741483519
-0.008116676315733243;-0.023211449798109886;-0.013765634312971942;0.007868595662674125
-0.006606285807270825;-0.016724835650023844;-0.01670969280192625;0.007257155426727127
-0.004243860683349257;-0.006407235433316331;-0.01891022337318917;0.00517950645167911
-0.001549340288990993;0.004507420906137196;-0.01914736815979045;0.0031381257910710297
0.0008940734391310939;0.012653111598324293;-0.015187971682467251;0.0017040750871496191
0.0026018005389294285;0.015691362355194957;-0.006033231874558521;0.0006283784796007063
0.003363286665454753;0.01298210685137112;0.006240937977115193;-0.0004258327955875468
0.0033863565953188633;0.0057210382068621154;0.016947261053912113;-0.0013937042497146454
0.003319443276632651;-0.0033806483595037453;0.021522087756906533;-0.00195534056611539
0.00403582447732106;-0.010893445643173879;0.0184937331736476;-0.0019687021426701167
0.006219086131782836;-0.0138813494897378;0.010367983147108276;-0.0016066618046683483
0.010000001200681763;-0.011156040031755876;0.001796267042054296;-0.0010576540675390745
0.014855685636410713;-0.003985501302215777;-0.0034755972700017124;-0.00020672731625582822
0.01973628726878435;0.004237109083463449;-0.004591855211093603;0.00123291542005812
0.023294553204512607;0.009451979957686258;-0.003269575820101055;0.003160100098312721
0.024223785131306155;0.008968767390244365;-0.0018235761499418891;0.0046491795247969045
0.02172906332590239;0.002991026408003136;-0.001330090414952427;0.004215011127483173
0.015941718418430943;-0.005365641241833082;-0.0012772404676143975;0.0007911265756375102
0.007964215960561882;-0.011693429310676661;-0.0005725617365969616;-0.005257197363449925
-0.0005386129927009781;-0.012640120391541937;0.0012691287560318359;-0.01193014874829595
-0.00793106255353364;-0.0076250696930752785;0.0037472426667272043;-0.0164825256161891
-0.013035763989626184;0.0010099908879953397;0.005866138747494376;-0.01686168360055138
-0.015304026092216358;0.009370228122282288;0.006855223630954856;-0.012764662139971619
-0.014848565768910577;0.01398695407502369;0.006506630061837127;-0.0057063635963893215
-0.012402342927721624;0.013306662746944104;0.005038588416774685;0.0018168516636439106
-0.009115628612539171;0.008086465016358856;0.0028123808463104845;0.0074715134175443905
-0.0061564148926254265;0.0007705641676962397;0.00020294673356521044;0.009911616054192697
-0.004292559617553352;-0.005676103965773134;-0.0023904121453564445;0.009010050394578339
-0.003697308010324298;-0.00892204524907007;-0.004590295877112988;0.005621841292362008
-0.004033616287871927;-0.007971563467085087;-0.006195806479522389;0.0011544219976547918
-0.00468291243616216;-0.0032443132252608056;-0.007256870530567769;-0.0028774268873272297
-0.004986989286028355;0.00381253969941788;-0.007898048993928954;-0.0052606767189284035
-0.0044526184618860236;0.011273008236078552;-0.008005897388735913;-0.005419485727002148
-0.002873201320641748;0.017247461414870102;-0.007117282564157476;-0.0035848182636038384
-0.0003249625285808645;0.02033226820463523;-0.004736965581461718;-0.0006928758130063619
0.0029143799646350684;0.019954605180828037;-0.0009172337646876518;0.002000802744237343
0.006424423319600838;0.016479951070763423;0.0034123024743191593;0.0034417086910421713
0.009673024689720429;0.011009764359172253;0.006794035450217827;0.003175941656033685
0.012109858109748146;0.005000625710392988;0.008144915656966682;0.001438434642608698
0.01334276893281361;-9.663168130969672e-05;0.0075127886192670875;-0.0010533773032875074
0.013280285281290044;-0.0031392503285159836;0.006006426953252118;-0.003410606695233361
0.012128769175373241;-0.003600867243134428;0.004924429801008189;-0.004827682942393628
0.010273906162328279;-0.0018077764103693569;0.0048259782310123645;-0.004786569196846741
0.008158407217773524;0.001122853166131409;0.005279608606984355;-0.003264266512274196
0.006204855542710571;0.003736494152970593;0.0053657446007991496;-0.0008456266111521356
0.0047486712278933035;0.004874994839807757;0.004418330092847195;0.0014553884878415657
0.003961341987613173;0.004127771408244254;0.0024523916176681726;0.0026874563773295473
0.0038081522623814924;0.0018743394458154822;8.677723360415608e-05;0.0024863669161259137
0.0040857563476135676;-0.0010248319707496095;-0.00186466260472967;0.001257089041180986
0.004519410716229822;-0.00363316482286013;-0.0028157066858276875;-0.00012528471706969497
0.004856715506449493;-0.00520777238211247;-0.0026088043983428593;-0.0008774800879190977
0.004920066796571058;-0.005295321431555528;-0.0014666114082088207;-0.0007494122555136233
0.004626611438896596;-0.003759049736575382;0.000171449510247563;-8.345802396671006e-05
0.003995303070575157;-0.0008054850365287546;0.0017964598417898586;0.0005043824128651471
0.0031410423079706127;0.0030300485978368825;0.0029320211572195862;0.0005836178611766968
0.002245333720185378;0.006991991081223792;0.003214737614633297;0.00018957519566007992
0.0015062405705237023;0.010282383603145073;0.0024607687945705143;-0.0002611097260741245
0.001086703122751017;0.012238981748644968;0.0007134623913468025;-0.0003282896552425444
0.0010754616581987553;0.012467513266128348;-0.0017314319399338615;0.00012331114625842228
0.0014576421625245594;0.010909805102268773;-0.004340815203845242;0.0008824797983725064
0.002094401462570641;0.007835411191406889;-0.0064344143486141595;0.001628028937333154
0.0027354175440085417;0.003762035584039215;-0.007376406471193997;0.0021976619597279725
0.0030940544714325386;-0.0006511731172417478;-0.006850458581380598;0.0026361651825350238
0.0029751011234063415;-0.004680820017191572;-0.005115214760084552;0.0029745605680101955
0.0023883107931448756;-0.007579053501308716;-0.003050787705964047;0.0029407948475909406
0.0015678182579113896;-0.00864474695704681;-0.0018282344476618952;0.0019073499608512708
0.0008747588646722031;-0.0074200132079085615;-0.0022441266910927216;-0.0007518711333758887
0.0006432337976140109;-0.004009967972747319;-0.004077094552239346;-0.005023353219267248
0.001061140495803496;0.0006674060898572253;-0.00598009976789549;-0.009750472166441593
0.002134687939428922;0.005001477774274648;-0.006179731095441697;-0.012759614950424922
0.0037194907911405175;0.0073077242929416265;-0.0036735197674608124;-0.011839427975940526
0.005568436593759628;0.006671814569252062;0.0008990905689493799;-0.006226656919408944
0.007365341436409623;0.003456163993351455;0.005489435567766647;0.002294626797622671
0.008764122705688502;-0.0009309989882019193;0.007966205545578964;0.00966350707918951
0.00947131988168174;-0.0048400035387025486;0.007561700902583453;0.01152550500408362
0.009344666600591486;-0.007131679207603368;0.0052991956715736505;0.0060669426951372105
0.008408615937696555;-0.007380665860201014;0.003118936368657138;-0.0041468718799916445
0.006744166153934953;-0.00563951845494149;0.0024181851919216867;-0.012957934081990348
0.004359045055746644;-0.002264668754516987;0.003034837511211034;-0.014049444777775767
0.0011882121279723024;0.0019739950766675387;0.0033455776219522846;-0.005099817480215384
-0.0027559756704420876;0.005826115744034649;0.0014619512099353876;0.010089061036406027
-0.007216657074633602;0.007925473861003896;-0.003238817041166668;0.023179683414106242
-0.011664404844633804;0.007465348298724696;-0.009387083795979459;0.025966473820072392
-0.015460998353805488;0.004640475744101546;-0.014379949887236853;0.015431706732604782
-0.018123274566894304;0.0004775710828782554;-0.016145447912336453;-0.00392636517132342
-0.019510123131285743;-0.0037908083268452294;-0.014469467227198092;-0.02211232428339504
-0.019811484129487154;-0.007312692585577797;-0.010708335307521648;-0.02906321081846864
-0.019382680642024665;-0.009770973492235721;-0.006219388130489851;-0.020426535291876744
-0.018579512833350506;-0.01108753962113726;-0.0011471047240863784;-0.0002452269798447299
-0.01769526517529134;-0.010998252186950434;0.00522262702503665;0.02114914703514768
-0.01695947691709542;-0.008919475886393156;0.013049972388104717;0.0328504320326851
-0.016498793563093483;-0.00431954581647213;0.0209950973000119;0.029320909631277713
-0.016238464697778437;0.002615183440411669;0.026615079694503576;0.013105455022440291
-0.015843109824120512;0.01057547521472714;0.027716124678530202;-0.007059003048680527
-0.01481877846236685;0.01744651619413931;0.023652666951566693;-0.02128785200743389
-0.012770875244445859;0.02123553604596756;0.015731750534224726;-0.023634609136316185
-0.009646999334223406;0.020954913952798374;0.006474961606721798;-0.014517442239480776
-0.0057840599154110614;0.016870508411650748;-0.0017559793123617714;0.0003618147461485225
-0.0017505113090574382;0.010111550725754145;-0.0078011016279397214;0.013503969206521235
0.0018729112372360053;0.002100580541261434;-0.011754142750821919;0.019386731253897126
0.0046471699698217555;-0.0057905549296655085;-0.014230931484581388;0.016647648613062463
0.006342408937644584;-0.012320519381986557;-0.015622289042866808;0.007944763645952079
0.006949118790193589;-0.016432687264512913;-0.0158816129562866;-0.0019479498013325763
0.006645005542441933;-0.01747913390162392;-0.014785863585292209;-0.00857265672095901
0.005713360946715274;-0.015529279391952285;-0.012256591822029345;-0.009628051269086453
0.004429859714435197;-0.011481115011146636;-0.008449694345299996;-0.005630715864002006
0.0029641712867535795;-0.006807059383649253;-0.003656754100334727;0.00066648107882911
0.0013438881919519926;-0.0030488584736408915;0.0017483547978814583;0.0057572814107136475
-0.0004977467900125004;-0.0013176593160043812;0.007186904774067373;0.007110521836492608
-0.002604821833675153;-0.001981874030402141;0.011720188332923417;0.004352556090371485
-0.0048663805194313885;-0.004601139311169243;0.014156784921052653;-0.0006836976852739817
-0.006947721407719207;-0.008094602052146968;0.0135428459706999;-0.005071973246758502
-0.008343898453239703;-0.011077978431813173;0.009777868393194748;-0.006452632040568839
-0.008545303616656437;-0.012253991165619265;0.003873325066990186;-0.004299594717039637
-0.007232910278661337;-0.01075776159956266;-0.002440379167648039;-8.873610868515082e-05
-0.004406471154855816;-0.00643008719760307;-0.007548473827508692;0.003664612256440179
-0.00040794682466124073;7.792384339032792e-06;-0.010631984072249369;0.004854210523266138
0.004136345544394474;0.006996676863664828;-0.011713954958428193;0.0028538328554124815
0.008438421168960352;0.012521540236914366;-0.011130215894560905;-0.0013038596090916535
0.011743732548093815;0.01476628475208715;-0.008980746854167153;-0.005570302520703278
0.013558321970749956;0.01277320138568191;-0.005139357156185952;-0.007896051325333607
0.013798474185125581;0.006826724504745036;0.00013925790653858272;-0.007144967822784264
0.012778149037428365;-0.001589197278383949;0.005654326271478426;-0.003590300395290131
0.01104544427187174;-0.010268926025227797;0.009503672419854803;0.0011793905539162282
0.009142639582766718;-0.01706762975880797;0.010210853009581874;0.004957877071368949
0.007386254277471089;-0.020691695191266086;0.007863209409093887;0.0059894999509985695
0.005773520100153307;-0.021091813401448573;0.0041669198505793256;0.003923859620318644
0.004072311509960244;-0.019208580408301573;0.0011867700916254836;0.00010160644969648567
0.002024426852563794;-0.016270941595378386;-0.0002484516852694751;-0.0031319195203017717
-0.0004940750965427126;-0.013189065948752791;-0.0010758140885848276;-0.0038305355971931
-0.0034433002734551403;-0.010395436714119568;-0.0028832611651036914;-0.0017388364447769196
-0.00666071403158398;-0.007995450204626255;-0.006001573058402526;0.0014681169285143468
-0.00987208805328853;-0.0058957750055857825;-0.008508094269396714;0.0032969652849445955
-0.01267559369847766;-0.00382575580778977;-0.007257875993378583;0.00216851079733003
-0.014582218328843686;-0.0014400579448266017;-0.00035972170488357037;-0.0015061480273274351
-0.015135142725514935;0.0013727285188108057;0.010830524737796488;-0.005696697811444427
-0.014045402247486212;0.0041840438217005315;0.02187342446832575;-0.008246512131483108
-0.011296300433809803;0.006109858711589849;0.027591083809111783;-0.008332103770904093
-0.007206642531119865;0.0063674317714398215;0.024976585952026224;-0.006799588723067496
-0.002411377566501773;0.004875145007479807;0.014713439547146798;-0.005182452561696804
0.002292398421147071;0.002381989590384317;0.00048651481494915277;-0.004262839079200295
0.006189939887121121;4.61631726460283e-05;-0.013119902441580737;-0.003414316343221376
0.008843339030755114;-0.0012004195606913478;-0.02254580806271618;-0.0013091624600314589
0.010136002656615305;-0.0011027909560841042;-0.025962245881845956;0.002591657644604395
0.010197613154163504;-0.00011075821691049605;-0.02297292317171467;0.0070532544857758
0.009301068241832893;0.0010243257812087721;-0.014265006742251002;0.009533413917041648
0.007765740088921265;0.0018255381526614371;-0.001759424104997452;0.007916930432877936
0.005846050148738135;0.0024216580750113835;0.01120185833405989;0.002275489667263491
0.0036337641048975245;0.0033717510462628747;0.02053020058073138;-0.004741777021145916
0.001074056333075592;0.005142004565831861;0.023100138441320847;-0.00934028508461101
-0.00186405252105423;0.0076980491211248656;0.018486640814472044;-0.008922533779007496
-0.004988479130869758;0.010530744696280249;0.00934478098067481;-0.0037189900321178775
-0.007849578304042546;0.012992415258111288;-5.4964905427139755e-05;0.0033909352847802552
-0.009920196418343054;0.014577292632376239;-0.006201969861235087;0.008655190384277341
-0.0108362655569902;0.014953286531535742;-0.007969280283010586;0.009560896262665009
-0.010514095970302383;0.013864136188320355;-0.006434829242964622;0.005968352013433586
-0.009114789088049703;0.011120598606717316;-0.0033219954569379284;-0.00020359023875616032
-0.006952652023803694;0.006755130053747845;0.00044699688814776043;-0.00621996177441804
-0.004417201453499532;0.0012269562634079137;0.004844697472404433;-0.009772484401072545
-0.0018966653776380784;-0.004506294939808321;0.009557357770056956;-0.009636799338976305
0.0003207680781403837;-0.009159447590747284;0.012842124662797456;-0.005799174499972089
0.002145482767979093;-0.011482071723821683;0.011818821636272566;0.0005736922185547597
0.0037255957410332868;-0.010641732767391311;0.004371973034670437;0.007198062221102661
0.0053734653833143135;-0.006493248985307043;-0.008707719366578725;0.011095626207281438
0.0073853247124626206;0.0002705685652392038;-0.023202686512736805;0.009719828680140779
0.009843910407089294;0.008073692908301603;-0.03333179538935696;0.0025186801273152297
0.012522899984363511;0.014645534574411695;-0.03494371094561789;-0.008050273836594684
0.014944462388712823;0.01761876282976369;-0.0279021709922523;-0.017086773148125206
0.01654148934764967;0.015455201852127445;-0.015974475319014025;-0.01955775918314315
0.016836356489583423;0.008252193155233263;-0.004238078154205286;-0.013243901981715399
0.015584188550301173;-0.002091766273344719;0.004113225171624089;-0.00046681881168325894
0.012872636617377791;-0.012520692863373088;0.009118878533694176;0.012807135525236124
0.00915430998666657;-0.01993616586456771;0.012635356545319453;0.020276205354547504
0.005147046969413452;-0.02220000234184483;0.015695934282940416;0.019023541374147225
0.0015833229193976586;-0.018647943667027156;0.017204507888951805;0.011134643196580056
-0.00107203757896885;-0.010142589283606973;0.01506653145789295;0.002093850332757253
-0.002754233112769331;0.0011503486894861113;0.008492149620749357;-0.0028746159264622932
-0.003719762435714481;0.012228491650500677;-0.0007471216236241201;-0.00198101918564675
-0.004358958034406724;0.020017705299342818;-0.009197991110825506;0.002463435647295999
-0.005016813538114339;0.022319734335937386;-0.013930574945103821;0.0060452405379151485
-0.005848538608069439;0.018598504344379492;-0.014286812683472079;0.00533912701551125
-0.0067224019719243555;0.010229619619869313;-0.011953272164489328;7.417775624476995e-05
-0.0072440088123105284;3.14959962618269e-05;-0.009531927880372406;-0.006789564459227251
-0.006941704930818924;-0.008801998527704991;-0.008773697226589668;-0.01091207822558745
-0.005512112836046222;-0.013959761067605289;-0.009603060534415979;-0.009198421081558201
-0.002981019216014764;-0.014894213028968328;-0.010382782109116457;-0.0017387228215758528
0.00024674059981553536;-0.01285995757122062;-0.009146987892441531;0.008010123713693489
0.003404267693341974;-0.010060845121782035;-0.004992902789559001;0.014955676393418108
0.005502065597908774;-0.008370990524494663;0.0012904872770152338;0.015113973576456562
0.005694736896902287;-0.008350807094112619;0.007707551614496333;0.007847771326172027
0.0037643322568417436;-0.00908506755630938;0.012157367897961823;-0.0036872665632733874
0.00035184367382614696;-0.008850553392999267;0.013348593786803874;-0.014141101068219674
-0.0033198629602373387;-0.006141419060809048;0.011121303774188008;-0.018667794372778934
-0.006040608926336066;-0.0004919884099879115;0.006263464022173715;-0.015238487850595447
-0.0070741451704304775;0.00719333873424424;7.977887544994688e-05;-0.005458358966279544
-0.006264385112420307;0.014840626442336146;-0.006048532848717425;0.006349661109606608
-0.003933797750814435;0.019906624782239167;-0.010927442434452291;0.015216417486853233
-0.0007667239372114237;0.020438563481249217;-0.013626425748157306;0.017734083308582116
0.0023352773945497273;0.01607662980106252;-0.013579747065764893;0.013401294415200148
0.00451416142642128;0.008412388553832846;-0.010867785277253697;0.0045694454045850695
0.005277106407492762;0.00037336606499096105;-0.00646688723496478;-0.004839742855085801
0.004693084537132176;-0.005097927014487655;-0.0020458401508294216;-0.011126905532792341
0.003319506239566971;-0.00633058037729731;0.0008154832851178266;-0.01228900740933331
0.0018805988835314607;-0.0034925129601434;0.001556149362469116;-0.008607854765599355
0.0008853026630813627;0.0017334022750891903;0.00102958954944008;-0.002223028575710489
0.00042176006657949986;0.007022652362884746;0.0009900040369728003;0.003991198560697674
0.0002410692851574565;0.010343198469794064;0.0029383041958759926;0.007644704059090058
3.02652222061233e-05;0.010628572612983169;0.007080130233325052;0.007600264817257028
-0.0003410579034212924;0.00805509966333225;0.012094231610940701;0.004106137645379294
-0.0007490128031849182;0.003867365265507644;0.015853699657055347;-0.0015089100224556806
-0.0009145160557429511;-0.00019963956261850665;0.016610671836098764;-0.00727749267696605
-0.0005674450118304356;-0.0026492515303153503;0.013905563093425824;-0.011072272584410646
0.00043114658852214804;-0.0027443576015468633;0.008729170659415817;-0.011215051028604553
0.0020456159716065675;-0.0006356337395660828;0.002980445913683734;-0.007200144589455792
0.004071361906113715;0.002808481477190349;-0.0013778576798671655;-0.00019230841501653208
0.006160234147705443;0.00629247696002756;-0.003031658845721507;0.007168990550055839
0.00787457177409409;0.008444648989885114;-0.0016544995739350174;0.01181060623482323
0.00877739274315709;0.008237711518496792;0.0021288711156366704;0.011695418245330836
0.008535148603262856;0.005394966029684365;0.007004208594735188;0.006914741402266279
0.007015600322834116;0.0005692317932701607;0.011310028468331089;-0.0002932041603371041
0.004383727475828257;-0.004879416321863619;0.01343662282433993;-0.006692493238780072
0.0011588581999273835;-0.009422263782012122;0.012341067161523646;-0.009726616920165968
-0.0018562372475511516;-0.01188635497520857;0.008113192199674902;-0.008727948301132406
-0.00380930260174142;-0.01169715233941054;0.002229510139224693;-0.004967376611303245
-0.004100004811590048;-0.0088751687163805;-0.0029526998638389973;-0.0006195903931875618
-0.002601484786008311;-0.003994284681828705;-0.00542778199382218;0.00259330801817065
0.00028257293623440714;0.0018227010029071955;-0.004738562138975346;0.004178670272267482
0.003736801247386388;0.007035269825339524;-0.00219507259133501;0.004649280330677361
0.006796610598966339;0.01014310490689961;0.00013237500103924378;0.004637330337482551
0.00866355082550034;0.01037331532555355;0.0008845117447095277;0.004180594006274362
0.00893739410559806;0.008129983451807191;0.00019071147389529872;0.002820834481675559
0.007675754127975147;0.004777413556806102;-0.0007806635968818095;0.0003623950272066914
0.005301592552752388;0.0018446875929516706;-0.0009626375969605093;-0.00253974068933604
0.002434127834941711;0.00020549544417826452;-0.00018935371111958142;-0.004641701266459934
-0.00030410919321966265;-0.00024427082319191854;0.0009128750366424639;-0.005043652342749469
-0.0024654835082580776;-0.0002911471891598532;0.0016485811076056036;-0.003938697046346659
-0.0038767045743334262;-0.0007648859999138128;0.0018279925134831116;-0.0024835940384358482
-0.004606339004023612;-0.001992218225995616;0.0016946704737434953;-0.0018790931636523565
-0.00483154919022344;-0.003665025824200717;0.0014134775720308277;-0.002411410267338893
-0.004705969240878597;-0.005133142028758373;0.0007748015316573293;-0.0032201547045052395
-0.004303373320652167;-0.005842971786974886;-0.0005261077433157111;-0.00297312011483216
-0.0036330805507465143;-0.005596113117317583;-0.0023692027800230747;-0.0009383920819036369
-0.0026880102009421906;-0.00450967127377439;-0.004058077906869763;0.002340587469646937
-0.001499453759862128;-0.0028109123038275114;-0.004740147683582206;0.005269924621773317
-0.00017877787655064882;-0.000685178067743019;-0.0040242947337021835;0.0061981778229136
0.001080299012840842;0.001704493597919451;-0.0022533578889567902;0.00451554500838687
0.0020493301479002266;0.004082033244614367;-0.00023858017168454888;0.0011295847865468419
0.002538367415486101;0.005979901535031502;0.0012446510629522502;-0.001999532192255565
0.002454792728710782;0.006854478181415114;0.0017536662096396532;-0.0029874967389542603
0.0018187762669384937;0.006356096731270502;0.0011246829936322842;-0.0011402179961612227
0.0007247703522095457;0.004546370527732688;-0.0006809392805353317;0.0026078436401696567
-0.0007322463148313088;0.0018709064821441916;-0.0035104863195467126;0.006180744818956263
-0.002504927259819526;-0.0010848956633545252;-0.006753084611200873;0.007475614297824205
-0.004554998014185532;-0.0038264662191514766;-0.009278748877094055;0.005472433453682404
-0.006752880653798677;-0.006003424149078402;-0.009930308824395374;0.0007603526710520878
-0.008832164788597436;-0.007374896562167692;-0.008355956348017115;-0.004756208631461399
-0.01048008485995252;-0.0078586146190555;-0.005450088064338851;-0.008803497424385942
-0.011498299966073619;-0.007642246516175546;-0.002815901171048324;-0.009863219893041003
-0.011881509525735655;-0.0071630916015815406;-0.0015152236757057093;-0.007885598426299057
-0.011742051577395659;-0.006858803509415837;-0.0011617329323592059;-0.00417444362228987
-0.011168738529098441;-0.006849612912414875;-0.00025455109804934604;-0.0005148993675921051
-0.01017026431393431;-0.006844924990305136;0.0024284731394215884;0.0018681581194102204
-0.008744259805153786;-0.006407003633536046;0.006550461832549046;0.0028210804771479736
-0.006959398133457357;-0.005368163946070477;0.010182647352415584;0.002964208486090165
-0.004937718359805013;-0.0040163089817053296;0.011090748340828953;0.0029331891017848545
-0.002777725677882383;-0.002856695262399157;0.008272608606269733;0.002831786398502708
-0.0005412868567370586;-0.0021617256878660586;0.002517067926933976;0.0023322739077146445
0.0016802562254144063;-0.0017317389404890235;-0.004297945792999484;0.0012556246077747085
0.0037296770210670876;-0.0010909836452153922;-0.010350504259871772;1.6272116922481353e-05
0.005440009207438027;7.773215321437448e-05;-0.014451710063743595;-0.0005637140566224606
0.006715252168837072;0.0016899910486535901;-0.01583541158007258;3.580434659908767e-05
0.007547773212710942;0.0034309267249511637;-0.013811926959148286;0.0014463118067132663
0.00797346753277508;0.005098283814769291;-0.007991177099779208;0.0025561832146173647
0.008010503691251397;0.0066657661866400195;0.0009714300527771741;0.0023848466372127374
0.007596903255409206;0.007941892792972239;0.010895239239490867;0.001011266950394983
0.0065436102680991376;0.008222178918033363;0.01860964704610532;-0.00025719702074035575
0.004566145071057711;0.006454865254362152;0.02142655331299512;0.0002592320911310361
0.0014326324799643552;0.0019875632931283397;0.018609964512570257;0.0032801344204024152
-0.0028522973166208512;-0.004645781881219159;0.011797694252211052;0.007734630033025266
-0.007970883393460646;-0.011606992603776286;0.004070332402128368;0.011123891735776506
-0.013370562889249763;-0.01653398031296141;-0.0016986672346193154;0.010962361402330638
-0.018403417705332287;-0.017723934092183775;-0.004167292818627596;0.006421070715687642
-0.022426928823424293;-0.014915666747700543;-0.003806635108361662;-0.0009062937188451466
-0.024879401175414987;-0.009231225682973227;-0.0021544846175086197;-0.007687239116627228
-0.025384973519704715;-0.002484838690442693;-0.0006669802753506008;-0.010644277650996539
-0.02385821388432197;0.003593229139598121;7.08858199221942e-05;-0.008394606870646996
-0.02052721837600403;0.007836354920827815;0.0003681374856393203;-0.0022402895339191323
-0.01585942825867634;0.009787906058024511;0.0008319945205578143;0.004521988379584489
-0.0104407464235077;0.009619763514929637;0.0016834123373632868;0.008335285084295882
-0.00485291664360205;0.00789904195339598;0.002490970212114715;0.0071932991010769404
0.0004186519626859838;0.005303163337107539;0.0024705342035996757;0.0015998559546072993
0.005013635548450057;0.0024186090606954608;0.0011026229786195397;-0.005737306918304118
0.00866739433535319;-0.0003387433958582131;-0.0013558199624734782;-0.011231260900423356
0.011181248178446106;-0.002744622294282231;-0.0038122973468234793;-0.01207510803972396
0.01243918387211303;-0.004739229240657341;-0.004840897202357744;-0.00751656388135059
0.012455971574608673;-0.006296891549173365;-0.003526047612208804;0.0007203220763370002
0.011409039641592643;-0.007220302110850125;-0.00014867200139637152;0.009013655955577744
0.00962609050436724;-0.007019569013495769;0.0037679250966516182;0.013261867774084644
0.007530659773811239;-0.005051280633735934;0.006148872936819676;0.010681982605236727
0.00555930248546199;-0.0009517498804091721;0.0054360582919732395;0.0013031908543850073
0.004067202676412159;0.004836242959448258;0.0014853639156481157;-0.011553137778264543
0.0032504156028345913;0.010815736014790973;-0.004186901843138211;-0.02224498702209957
0.003122630857069708;0.014764143137626176;-0.00907243530992822;-0.025113398118535902
0.0035623953985992073;0.014610404476042109;-0.011048797552350817;-0.017307895193204963
0.004395003377246935;0.009466827186929476;-0.00962641246679611;-0.0008142371855836615
0.005452117529398978;0.00024488543719325835;-0.00610989202790984;0.01759000391025929
0.006598061542087523;-0.010556956884952383;-0.0025753447529221953;0.0289598984026449
0.007752312038057126;-0.019826395973351302;-0.000589281060931479;0.02659093886375062
0.008899056910736294;-0.025009739940481446;-0.0005916185491646269;0.010106746871915595
0.010037077757177831;-0.024846277140405954;-0.002002161818721678;-0.013313195907078286
0.011095395719841515;-0.019452501391153346;-0.003622172460493374;-0.03193008156962718
0.011922370094337406;-0.010025569086035364;-0.004167196606025612;-0.035552699934688764
0.012377939965561248;0.0014954295475525662;-0.0029561802530921454;-0.02140975734959073
0.01241376064876267;0.012747127150527619;-0.00044181654852633247;0.0038287440202874187
0.012051466566439564;0.0213583750385013;0.001978786621365683;0.02734555471986571
0.011321756210646758;0.025481698337065543;0.002968328912091997;0.0370201506696171
0.010247523787450344;0.0242707952598282;0.00233015976353907;0.027935584983982423
0.008838846779424621;0.0180959689609517;0.0011806889597333883;0.004940375164337436
0.0070583054819566065;0.00840348227779276;0.001020410218383632;-0.020033665398190483
0.004826315727339529;-0.002711063961460701;0.002555559185794538;-0.03431740748795103
0.0021278150148301544;-0.013029451836646846;0.005215380042854521;-0.031043275097952894
-0.0008702846417296063;-0.0206446857321802;0.007488490313538456;-0.01241911507917778
-0.0038210015660771804;-0.024198499826591592;0.007645039169958943;0.011858580485634953
-0.006303588498386495;-0.02296286855315559;0.0045741731174109655;0.02995093644236507
-0.007921721289814247;-0.016939568419062488;-0.0014146743927503003;0.03389711825931914
-0.00835339351389585;-0.007095585911608746;-0.008299224653885242;0.023104642600168267
-0.007401855894851844;0.0044750983726814485;-0.013077367154290786;0.0038117312298776387
-0.005081747764578344;0.014891886888129079;-0.013317213957976191;-0.014647094947158748
-0.0017087220357626738;0.021434510196166493;-0.008531610676053009;-0.024467360148566243
0.0020936169680810628;0.022613241411685813;-0.0004456776498770702;-0.022627026299468708
0.005556926780415396;0.01872574707844354;0.007959625525135107;-0.011594456140948223
0.00806513392838006;0.011665758150819687;0.01393272207381055;0.0024086313225915048
0.009379693723933822;0.0041769731995075395;0.016022024750480306;0.012589977337920302
0.009622232184877682;-0.0011536283408315974;0.014211299077115769;0.014767502973527176
0.009087722861208698;-0.002900084717190507;0.009347799616904824;0.009114718804643067
0.008075214891379736;-0.0014361261796001733;0.002534455975534921;-0.00034052079695362253
0.006775622534082776;0.0012211367415086891;-0.0050609776622954974;-0.00814145221720305
0.00515679008369224;0.0024755814611131894;-0.012105926778292777;-0.010387758931903399
0.002914542184446285;0.0006236147237124135;-0.017150450417985158;-0.0066545750737108215
-0.00036560876066956164;-0.004137715765312023;-0.019017728784980908;0.00010490465815570871
-0.0048829093798668614;-0.009779899649183852;-0.017280079351473254;0.0054774554420186335
-0.010382024023977043;-0.013510327935430364;-0.012434990642945372;0.006191132147800621
-0.016168260136823254;-0.013177565084526083;-0.0056698580919862735;0.0019613301736611266
-0.0213129962410638;-0.00827222056577032;0.001581574388771188;-0.004424099490207359
-0.024905336423521655;-0.0001212939339417608;0.008023144901420252;-0.00881359531760112
-0.026285181052911045;0.008716151682306428;0.012704360887660101;-0.008190829716820168
-0.025226476042586602;0.015571840526929493;0.015082852243989813;-0.0024669043271454945
-0.021998565094577205;0.018846356415723554;0.014992386470889026;0.005515641294652273
-0.017261555631484026;0.018663469471897207;0.012567251372277754;0.011717697637869728
-0.011859902305350186;0.016571532038878307;0.008217872956701915;0.01322095164728272
-0.006622797361857002;0.01441732388577609;0.002712851595587975;0.009681283520385857
-0.0022177689138211075;0.013143672419320861;-0.0027512221074758795;0.003171869974116397
0.0009479139530473524;0.012343550868827385;-0.006742578326466111;-0.0032329005588037467
0.002763282921925117;0.010786975831238632;-0.008180343397278338;-0.007098326446311952
0.0033664937242303505;0.007403199091561013;-0.0070563226264796445;-0.00757171480450917
0.0030545770130882585;0.002005427696295778;-0.004695772932220714;-0.005341807216277985
0.002221599593896148;-0.00458967358180604;-0.0031221435702906944;-0.0019289125349150925
0.0013280092532814084;-0.010949645131506652;-0.003773788095799117;0.001162610880914912
0.0008359633155018693;-0.015623303919568881;-0.006445907535140566;0.003019395523611578
0.001086000962868376;-0.01765239245789962;-0.009288652841708775;0.0034784452148049036
0.002176006418963889;-0.016817053604837533;-0.009962498416635747;0.002962116183326048
0.003917417956869818;-0.013622796793611778;-0.007216596712212828;0.0021660350673230223
0.0058919223417536176;-0.009133520393456536;-0.0018408688363230532;0.0017174865907984328
0.0075859901609697765;-0.004653278604393843;0.003672691295649236;0.001854971161172242
0.008554813145620361;-0.0012094293198906974;0.00659229838866253;0.0022376122092966633
0.008553735780185714;0.0009684918068579095;0.005594009927446466;0.0020784329321645967
0.007600212118354454;0.002531435882129033;0.0015214816469288045;0.0006571391979163862
0.00597733937478501;0.004425761649804249;-0.0031632273002636002;-0.002084495144043358
0.004186739547442738;0.007004511007198464;-0.005772856058875156;-0.00534284117012087
0.0028158500266994646;0.009549855659063435;-0.0047428277782595105;-0.00785123215647214
0.002316169712947441;0.010615724698952474;-0.0002480226928735567;-0.008582854161296649
0.002800244308638688;0.008935952821943144;0.006068898206075049;-0.007252888060376722
0.004003008230730643;0.004264958992078135;0.011941806007148285;-0.0043708466483104325
0.005438180785316085;-0.0023319365747343705;0.015420499396145699;-0.0009735615233878729
0.006631338071536982;-0.008841380871027217;0.015569531567716241;0.0017322612486718031
0.007281145613475313;-0.01312870592647332;0.012762836649911567;0.002751420366114473
0.007297872187848535;-0.013864309144951998;0.008456442057035208;0.00172340144907521
0.006773460104904516;-0.01110722770025861;0.004439513746802275;-0.0007526926434237832
0.005943444921221364;-0.006233977050126208;0.0018945003402204362;-0.0032050648716278295
0.00513105682130732;-0.0012682483544549914;0.000857212982957167;-0.003965525159473771
0.004639394715526387;0.00197445451155203;0.0004831776353512719;-0.0021686835079121956
0.004629828401864242;0.0024694884362480157;-6.340414452013436e-05;0.001560814946786351
0.005082940212060403;0.00012497425135653557;-0.0008082867875869261;0.005286722809535152
0.005866695388042938;-0.004355883798316021;-0.0009466602293736495;0.006826748096296836
0.006815368038335148;-0.009668845968949145;0.0003216485198439367;0.005094624119458394
0.007731351147696001;-0.014151415059802414;0.002784083806901919;0.0008371254788269508
0.00835732759109754;-0.016226053969703717;0.004960665741900154;-0.003763801780473266
0.008429536970459237;-0.015002197916275923;0.0049712066302460495;-0.006380958152267561
0.00781522257243508;-0.010664687763381546;0.0019355139870151318;-0.005864280265319408
0.00660684646771353;-0.0043152585228287445;-0.003228015176661867;-0.002751858201626136
0.005072151667664512;0.002616055411018621;-0.008331068861527064;0.0012655789963035235
0.0035086280997957495;0.008930085192206432;-0.011392756534331508;0.00445681829874198
0.00213238800300049;0.013850534594866175;-0.01184754452964241;0.0059664643185751995
0.001056768141010304;0.016901307439366044;-0.010506312164144023;0.006001334610571701
0.00030975390946363365;0.017772701190138674;-0.008424021752079057;0.005310723448138669
-0.00015514988616043145;0.016393160041359642;-0.0057933223814218065;0.004467933735407041
-0.0004329117922952857;0.013124027637125002;-0.0019105125465156735;0.00353419214880998
-0.0006109834588867305;0.008804689043519451;0.003742209810115136;0.0023058511251487644
-0.0007293454769189721;0.004505904330289544;0.01028419370844335;0.0008231389778419568
-0.0007940267880816408;0.0011503305633346428;0.015269054677454652;-0.0004051505114268965
-0.0008103193172153524;-0.0007220076390913677;0.015933550333088613;-0.0007278573394562907
-0.0007852793885240819;-0.0009491256368133394;0.011069122887168742;4.190782161578557e-05
-0.0007022814699702186;0.0003511262834930595;0.0021329174311700855;0.0013032433326455339
-0.0005017875071132934;0.0028078994167263873;-0.007292377333681086;0.001963876127317373
-8.557520846060471e-05;0.005772912229030362;-0.01338241183999832;0.0011699604613893656
0.0006494694146964128;0.008402326231460372;-0.014049864970659494;-0.001067864150190095
0.0017384699176871226;0.009909856550726426;-0.009776764613003423;-0.003803217594470852
0.0030551101479100386;0.009849341021488578;-0.0029130496540564826;-0.00568266833838705
0.004270839531127609;0.008246011014920474;0.00390849653766861;-0.005721492169211906
0.0049447678627798555;0.005572768375562962;0.009059979316628117;-0.0038487160048960747
0.004732363173775887;0.0026839040710909777;0.012060117028003858;-0.000931556629987493
0.003585000845274204;0.0006967074335151087;0.012714547144243412;0.0016779173731663844
0.0017943243658492254;0.0006663528740816875;0.010298415079701424;0.0027817217288152634
-0.0001498200619401889;0.0030257748263902234;0.003824241145559908;0.0018375477806003928
-0.0017802182196975894;0.007096824078570452;-0.006598840804149434;-0.0008400321001523561
-0.002815989904633883;0.011134000366678599;-0.01855666826951742;-0.004157551201392866
-0.003226311625816769;0.013056490389559883;-0.027726022156737487;-0.006537937583294421
-0.003246719323694959;0.01145838137198321;-0.030051616428081945;-0.006450205889413072
-0.0033825592003652034;0.006219890708915072;-0.024214272582713952;-0.0031612469089590694
-0.0043291437626439165;-0.0016230347857704326;-0.012521876629415904;0.002578568746962913
-0.00671742469729004;-0.010489533216041302;0.00037117207236991417;0.008479121057718343
-0.01076301870610463;-0.018788604253256225;0.00992662528298445;0.01165842862732689
-0.01608005532981374;-0.025059609594678504;0.013839693748049981;0.010256362609858493
-0.021836178387543592;-0.027907008475758253;0.012767635524580486;0.004741223226748681
-0.027114961080300454;-0.026180866137828468;0.009426310202629557;-0.002003226424238743
-0.031196030989100742;-0.01955804035576752;0.006647216480117031;-0.006034830924295126
-0.03363483006054013;-0.009115736532227886;0.005649519942411471;-0.00455103332972396
-0.03424078469561234;0.002677754530631095;0.00567444701550568;0.0022596679603185494
-0.033044070322151765;0.012690097028758656;0.005097067652982683;0.010916021069974205
-0.0302396223634207;0.018173689179756695;0.00300222866000508;0.016323131039699155
-0.026116480277099497;0.017640919995228294;-6.032369891887573e-05;0.014632642174968158
-0.021033074259396628;0.011300368491292075;-0.002679674295913814;0.005632560865143148
-0.01543127812468935;0.0009686463788470538;-0.003939148972375745;-0.00682160694222928
-0.009801290651855485;-0.01053826331308827;-0.004302736308078703;-0.016722795758010313
-0.004575224243161292;-0.020345087306576144;-0.005273115195724888;-0.019183251012492148
-4.57132204907171e-05;-0.02636761980853996;-0.008145420604880462;-0.013206032530778986
0.003612366928394185;-0.02766655943802169;-0.012845886734744264;-0.002295299513921703
0.006272978238714711;-0.024285772066404223;-0.017645690832071508;0.007538963132984252
0.007862983673826963;-0.016988853314845984;-0.019923082018737326;0.01123889319385017
0.00846271032690276;-0.007248349151950939;-0.017581391918995694;0.007515933066862759
0.008375254057804383;0.0027332614216967256;-0.010325408847190371;-0.0006811713162579696
0.008020201146927175;0.010514043128611856;2.146576510678481e-05;-0.008207147600375657
0.0076850813721295545;0.014423019254635652;0.010363701909219952;-0.010836326546294983
0.007351632306681026;0.01431586263173581;0.017724362553140784;-0.0074880237944394655
0.0067631690032893136;0.011384266039047897;0.020339815924784673;-0.0003695038323636269
0.005659491876376087;0.007241047273975564;0.01809583455286454;0.006730960153849133
0.003971198244972459;0.0030947942883941776;0.012410723991648553;0.010686516387278161
0.0018646713055449043;-0.0004927499754736815;0.005705360257934607;0.010407675142190669
-0.00032002106761915;-0.003402202118381718;0.0005200293673091167;0.006779544165907589
-0.002169892978424102;-0.005664848875807483;-0.0014988680985965014;0.0016179754083355989
-0.003317353226531899;-0.00727199924781406;-0.00027069179298755484;-0.0034400143066277097
-0.0035566246065936676;-0.00809026738865975;0.0028117558591670374;-0.007476237714976012
-0.002901944322511681;-0.007878970267307751;0.005716847250978044;-0.010190484949669018
-0.0015435396093267527;-0.006450953266043107;0.006831200386644602;-0.011466986682696242
0.00026649052952833587;-0.003931888633936076;0.0056388950529861395;-0.011009655403412887
0.002314512379259017;-0.0009072204631983954;0.0028010777757548743;-0.00835011772354526
0.0044617757562653544;0.001740573732250042;-0.00021874435963845255;-0.003294602806883768
0.006631280053118114;0.003242670651294997;-0.0017991680746731525;0.003463687859075273
0.008778792543122511;0.003314855373604901;-0.0009345860264661539;0.010092103807353982
0.010866315950550482;0.002253186746369511;0.0021370976900465318;0.014135439578260712
0.012845113637965618;0.000748476195502285;0.005840421718755675;0.013695583007971942
0.014640174980802145;-0.00042919350149917636;0.007902720096765792;0.008612361997752649
0.01611208689230389;-0.0007196164204292745;0.006514283839261163;0.0008442156979629842
0.017002324698591084;6.012339200079257e-05;0.0014251851569316019;-0.00631454470358032
0.016929428501538925;0.001705127060729212;-0.005679223466183101;-0.00980784218966276
0.01549826312132401;0.00374441616980535;-0.011847727030835404;-0.008306263209197478
0.01248933535153246;0.005616848617488706;-0.014292635409171844;-0.0028014957148631866
0.008021289315777783;0.006810140716582045;-0.011791245264175349;0.003941708133057736
0.0026035985939219185;0.006922467599884017;-0.00525540297370653;0.008688327411279492
-0.0029399984416815833;0.005694320249737428;0.0028101577999186723;0.009122149139128864
-0.0076582519956626535;0.0030897925870688042;0.009557173346806785;0.004794262071423598
-0.010719412422151162;-0.0005913073345730706;0.0130044831833777;-0.002634286501543393
-0.011628252434733342;-0.004698381893982583;0.012626428303177523;-0.009951093922562547
-0.010310210495052272;-0.008371182459444466;0.009179381285400422;-0.013664407005569127
-0.00702155054177398;-0.01073841631462432;0.004033497221930772;-0.011586990636161686
-0.0021719362236143976;-0.011082307788498825;-0.00154093720265279;-0.004032585277728534
0.003778879368146275;-0.009003132277382074;-0.00674816738638577;0.006061346806290262
0.010290274490705398;-0.00461830292846892;-0.011147195938828396;0.014308135968511949
0.016687972925138725;0.0012696823343942888;-0.014189377241396775;0.01686844129500488
0.022198664471831248;0.0071419964689701755;-0.01484788459391916;0.012301365461509589
0.026042792962498455;0.010992245914833694;-0.011818993978174975;0.002330217097199335
0.027550333406660698;0.010943187282946729;-0.004414945867663446;-0.008894935777033892
0.026353833535035703;0.006176542778599866;0.006344031601480063;-0.01671692328478882
0.02261400127521251;-0.0022918380796367274;0.0173401537297435;-0.018148953431443758
0.017044157134156305;-0.011623401922041173;0.024340613806409787;-0.013219114609623725
0.010615646217426108;-0.018201344867978277;0.024113292540080437;-0.004794394510372279
0.004182745426263452;-0.019241843800270934;0.016432322480519172;0.002997417885282563
-0.0016528809664857753;-0.01405539986362417;0.004501607201203538;0.006871859398801725
-0.006444217533214873;-0.004258243504464276;-0.006738488916700368;0.005892658403539252
-0.009839420522401898;0.007059370871210179;-0.013420003926015686;0.0016463728603871115
-0.011698686345286586;0.01660642109020895;-0.014742357222526634;-0.0028812831791760404
-0.01222951866027552;0.021957612791283918;-0.012782949227753098;-0.005019498222078825
-0.011923088724495887;0.022135600772887558;-0.01044347990379282;-0.003759678989130888
-0.011292873900206333;0.017741212030349868;-0.009252295977853334;-4.874569021156624e-05
-0.010633576935017494;0.01066475336027367;-0.00866731953691956;0.004026187434740401
-0.009990968957948891;0.003354797168267826;-0.007136547713867242;0.006571902401249047
-0.0093056874838406;-0.0021631032834459087;-0.003762855073761314;0.006887027092455882
-0.008539704804696265;-0.005006133742025309;0.000846378689423983;0.005565986458910121
-0.007686118445265705;-0.005452772892610091;0.005045695757651121;0.0038084043365919115
-0.006744135792728502;-0.004347402853457112;0.007311366888205878;0.0025559521686524893
-0.005753134251305749;-0.0024271524875839356;0.007128097422192944;0.0020657671797027354
-0.004841464188780323;-3.8241871168524426e-05;0.005139041916914047;0.002058322277140283
-0.004193915463464742;0.002722634534776734;0.0027289766348655587;0.0021253717426866054
-0.003946040509864898;0.005736664543683458;0.0014115567042011638;0.0020153775128524264
-0.004099201802517909;0.008741353050687755;0.002242210704716548;0.001662592991673752
-0.004507351207286671;0.011404903373365716;0.005346255771450731;0.0010844732691376137
-0.004915551390806087;0.013447505384367297;0.009704349952553405;0.00032557891514612216
-0.005028967295726313;0.014654969976996399;0.013418349511847524;-0.000509778097090066
-0.004605830447730501;0.01479726379691776;0.01452568588950062;-0.001235867968881779
-0.0035387760105656313;0.013633617513984233;0.012025772173954695;-0.0016666567116016236
-0.00187363071034531;0.011124064773047795;0.006479826595391189;-0.0017578259853059974
0.00023207985742490508;0.007673345135780025;-0.00027176788910037597;-0.0016651129683245963
0.0025534268861568685;0.004072883697503318;-0.006105432827370296;-0.0016292391580629397
0.004812581228428976;0.001076330806432277;-0.009618232614734386;-0.0017690487278564414
0.006695494266158742;-0.0010273815189609035;-0.01050300189992947;-0.001963676786722892
0.007910859305697961;-0.0024473912339858968;-0.009248538510577093;-0.001920409770728445
0.008279672701781805;-0.0035568581512325963;-0.006624410808155725;-0.0013688413763644413
0.007808524980119574;-0.004553224777014659;-0.0033873677273284627;-0.0002666114758698028
0.006712684732542229;-0.005358310888090001;-0.00025065674766863884;0.0010473956813472141
0.005377398987755807;-0.005704576813261264;0.002128576866619884;0.0018018612405802973
0.004253263340029576;-0.005274836759289035;0.0033150425526409727;0.0009648081132156783
0.003701170406644414;-0.003876452427829759;0.0033236287406124406;-0.0022438903935690984
0.0038505034114456574;-0.0016541033413101545;0.002668349233255729;-0.007616735341886298
0.0045608412631202985;0.0007895753265541525;0.0020700776082025543;-0.01346102115434235
0.005519483430657963;0.002566320325993304;0.001927690266164772;-0.016904862855424238
0.006398348771431895;0.0029814407489283756;0.001964084526785038;-0.015202554944121772
0.006961714436123203;0.002012201961631674;0.0014748451459009701;-0.0075242656248827155
0.007109550871065008;0.0003687030032918304;7.752784396623557e-05;0.0038817866983856535
0.006917518698462008;-0.0009896514622601757;-0.0017660782959690751;0.014212804201258521
0.006659400554924813;-0.001531250650704283;-0.0030328498057687007;0.01843608671570353
0.006700609760098861;-0.0014584667239034787;-0.0029174674005626286;0.01419723188442618
0.007247561053806962;-0.0013970472573002126;-0.0013051400680106002;0.003456710316962933
0.008135967892044276;-0.0017910667514608577;0.0013541931329307257;-0.00830332751366776
0.00884865227845991;-0.0025436251361682593;0.004338432008589281;-0.014937735147892123
0.008747893191844141;-0.003135118308160068;0.006704333000460763;-0.012943755688962805
0.007358835441640773;-0.003035675242338752;0.00727282279034015;-0.0033644980242074577
0.0045736030691893165;-0.002081645664495676;0.004981673604522615;0.008733087251045865
0.0007196617767368654;-0.0005888634404893762;-0.00038882052045570887;0.016924928917803176
-0.003539769270075463;0.0008235093195855048;-0.007706797698027052;0.016877675605409558
-0.007450559502803433;0.0015431091991864776;-0.014801789434671626;0.00878878752425272
-0.010427656092580204;0.001201390783170264;-0.019506269979324666;-0.0025685315853451614
-0.012174531314803524;-0.0002708059681293254;-0.02065411580569679;-0.01042364212862796
-0.01263805691960482;-0.0027230604072527457;-0.018379334624747803;-0.009949555252795974
-0.011921882159141996;-0.005850009017577468;-0.013738447681404604;-0.0012964529070601542
-0.010262233739200651;-0.009127294195576924;-0.00808271133693335;0.01026912573958542
-0.008026171451754875;-0.011711466890409068;-0.002523126373497021;0.0174310348221153
-0.005631732448339182;-0.012576445707792571;0.002310921333489685;0.015315459487036042
-0.003390995021217862;-0.011004024188048342;0.006124855858051978;0.004577490499048945
-0.0013984556138551486;-0.007106998996728074;0.008608334299925219;-0.008919910796914269
0.0004296697638922051;-0.0018750016438622524;0.0092902807380316;-0.017644587543306237
0.002200707887733484;0.0033602273165373423;0.007772989171406092;-0.0169152395583198
0.003920425020819887;0.0075737462978355;0.004058177376409473;-0.007597512745762722
0.005498862870941229;0.010301023722319936;-0.0013706560739131799;0.004624510778237057
0.006845341153196806;0.011464922230867054;-0.007646776506109708;0.01281270652663357
0.007932906515079842;0.01111220029897918;-0.013531294227569768;0.012830948062939199
0.008766927720320266;0.0093064071049606;-0.017372126922998693;0.005404846547790001
0.00928984426562154;0.006153168199898063;-0.017381773022656675;-0.004807514084851268
0.009295704239663404;0.0018416976221679456;-0.012434361696626345;-0.012177305170619424
0.008411042674608637;-0.0033227008861962007;-0.003033538120595987;-0.013126165336840613
0.006165930873131231;-0.008856051026099997;0.00827070414200916;-0.00761730541727794
0.0021491206191208566;-0.014025172948423805;0.01756854543598864;0.0012983989256587789
-0.0037925018289401632;-0.017878198729090296;0.02126870818651986;0.009259552052488042
-0.011381680461540445;-0.01946292735559651;0.017903214866375115;0.012675954453902571
-0.019841147359491367;-0.018189688200987465;0.0089295030727563;0.010252004671109498
-0.02797534603361203;-0.014164678383684466;-0.0020274578600512835;0.0034451580009503035
-0.034420181203602275;-0.008280774169492303;-0.010976379388588491;-0.004297084681828634
-0.03802011175270896;-0.0019603664423054716;-0.015209691229076833;-0.009269301208474974
-0.03817827381934999;0.003327960912001106;-0.013944966632645543;-0.009434013228958038
-0.03496887718692101;0.006513038411784665;-0.0080536292936675;-0.00545152191104481
-0.02896724269199945;0.00717091550559131;0.00046446493240753946;-0.00012017454289482867
-0.021015231883239675;0.0056021791456945655;0.008884116550246103;0.0034336706866390488
-0.012143875629065253;0.002719000223185011;0.01424874679747088;0.003625738206076308
-0.003589270731824259;-0.0003513960496061639;0.014273357532554966;0.0011848236575560654
0.0033326286024059964;-0.002828851458982134;0.00844664125684801;-0.001531736767444195
0.00755073469407608;-0.004608615639026889;-0.0014278991430599535;-0.00211939085097396
0.008574529895914182;-0.006074604370191406;-0.011878231382356455;0.00039609820236350405
0.006648311676772842;-0.0075713115560562105;-0.019391311016443057;0.004991394022032914
0.00268671271228417;-0.008988704512350284;-0.0220313669871352;0.009207352159791099
-0.00196662569210857;-0.009762183909170401;-0.020033333498572076;0.010469278458345157
-0.005909808581838519;-0.009215813063657177;-0.015093187601948116;0.007477429623966404
-0.008076600151514084;-0.006930590489789481;-0.009005520229187752;0.0009984280961355485
-0.007990091988527992;-0.002892655361808222;-0.0027301615552424367;-0.006320611271024788
-0.005798592538543505;0.002519476972838361;0.003472556470574927;-0.011060020681549366
-0.0021678979248683397;0.008484288812152341;0.0092027320927086;-0.010602994860819817
0.0018831137109198667;0.013659546224309507;0.01341973712398358;-0.0045001527584888675
0.005219044020774374;0.01646999456004939;0.014965854726689268;0.005044587498903625
0.006913015365633986;0.015927366857540023;0.01367732967537408;0.013948856993661898
0.006547206757165983;0.012411044061079048;0.010907364400604618;0.018095795885444958
0.004326197553264575;0.007579529631720201;0.008793750941728023;0.015382274019732743
0.0009629891998541469;0.0033287789842234043;0.008833315834342175;0.006801734576793871
-0.0025692503989085255;0.000645888982087911;0.010945587222560102;-0.004127485368714894
-0.005319213102426941;-0.0007356051078430943;0.013671677794440904;-0.013212527937311121
-0.006612884158841668;-0.0017486352287078139;0.015167860213322401;-0.0175265684890316
-0.006208628644379571;-0.0030775650622778526;0.014178825710961438;-0.016361021986288526
-0.004278671395759837;-0.004618775788406003;0.010463182320979775;-0.010955114157082429
-0.0012441135240088027;-0.005605478787936582;0.00471036236963175;-0.0035553301784962805
0.0024033560043348386;-0.005200005105847387;-0.0017487255727816969;0.003489050304380609
0.006190444185549825;-0.0031124844670321894;-0.007275987367390934;0.008272123863459718
0.009680952786313422;0.00013475877744286;-0.010346706645614746;0.00961959546989474
0.012494774201407939;0.003408574918870703;-0.0100701443078573;0.007319390590051368
0.014345533800109975;0.005451523251804321;-0.00661109480573628;0.0022918692542797624
0.01506833307098513;0.005353371365327931;-0.001192016516227907;-0.0035316244783950733
0.014628500131841707;0.002820527559582854;0.004445890322136846;-0.007830777165832024
0.013131820484656585;-0.0017430405397740093;0.008824330403430482;-0.008905263888026444
0.01084070657293651;-0.007256196024291797;0.011216412987677858;-0.006565619942902413
0.008163601209186622;-0.012099814756170089;0.011541377447034071;-0.002292546114209694
0.005581176974553926;-0.014501481266239543;0.009901415716072186;0.001577742074345002
0.0035204750624180116;-0.013201491717336275;0.006334236958584672;0.0032189335767376574
0.002245537234114833;-0.008156363382130674;0.001135169243541953;0.0023523299222791183
0.0018270609601442375;-0.0008340959560045712;-0.0045324513334641355;0.00025420724186525477
0.0021741682885922527;0.006200178461850888;-0.00848854509348329;-0.0012368453789968154
0.0030605287065643212;0.010275190895967084;-0.008368548026270286;-0.0009709065126414266
0.0041360378994163265;0.009697758004835803;-0.0031073474758822016;0.0008536514412664968
0.00499689575714982;0.00445939168091687;0.005978500423476471;0.002951525967473238
0.005347185968093762;-0.0036431100386215185;0.0154343770438168;0.003812716425415459
0.005160580932805969;-0.011473661222290123;0.021219923997725026;0.0025514897081992285
0.004722220391962668;-0.015551929455353445;0.020620450330171763;-0.0007155692101516724
0.004533656813806148;-0.013410190353326714;0.013427791780604624;-0.0050486481724543565
0.0051315171111535685;-0.004842709294375741;0.0019260760147484946;-0.00919205380314644
0.006836178732671468;0.007646141009120987;-0.010074390349389247;-0.01205564749576642
0.009473857641448724;0.019626065602723914;-0.01864453230248701;-0.012916994668102885
0.012269109583668116;0.026513604160444577;-0.02115728700150258;-0.011367874692534074
0.014125183209339462;0.02553911266878065;-0.01732560200589628;-0.007290928920012308
0.014198876856917746;0.01702045153294149;-0.009349308771188758;-0.0011328752852888474
0.012339267803257547;0.004333599232719757;-0.0008305106343902836;0.005658203457632049
0.009066243708550895;-0.007509461020289138;0.005121921696540551;0.010624647508483569
0.005224669061401611;-0.014082941461312322;0.007387623663327091;0.011254268628769984
0.0016738366360793816;-0.013446693400014115;0.006891805187875733;0.006639525975825663
-0.0008685902472443052;-0.006699213728867786;0.005375499561503441;-0.0013327735019136749
-0.0019696814786526544;0.0030084587834554115;0.004050621017652898;-0.008461740388607239
-0.0016561743626138613;0.012211178282687215;0.003131510241702034;-0.010446287092948234
-0.00045124613509673315;0.01850942407358616;0.002212650666839857;-0.005523228655518278
0.0008508414743382361;0.020998982207547926;0.0008018665252961297;0.004213860242219983
0.001560218681350721;0.019926654868786007;-0.0014365593076594281;0.013756930625959575
0.0013884853866129295;0.016103452115840418;-0.004609455942284808;0.01791162148283867
0.0005203060148414021;0.010467480624364017;-0.008450881631421403;0.014234095547808495
-0.0005445801918059834;0.003900147852929023;-0.012200250483650366;0.0044776052498617935
-0.001274202755728268;-0.0027719652120501053;-0.014794115902406067;-0.006274737021240584
-0.0013553548211797139;-0.008706660584755528;-0.015360913119146169;-0.012324895203038711
-0.0007890148433154558;-0.013033625357301187;-0.013616755682457909;-0.010475434950027547
0.00018110412764025356;-0.01498977798381492;-0.0098857965152256;-0.001866620744361701
0.0012153175792974469;-0.014165813594158761;-0.004920064551090908;0.008537651472853848
0.0020034355189871324;-0.01069213899855237;0.00022024397883578525;0.014653615912803388
0.0023416399027380726;-0.005223234904449467;0.004272408127516259;0.012728947970779154
0.00217924661172442;0.0012261168048929329;0.006026588892688756;0.003557073495679348
0.0016355477975380289;0.007442233914421944;0.004698017094030646;-0.00788742751523774
0.0009553372955618713;0.01217031665739657;0.00028548419537698826;-0.015214450049000343
0.0003878841432044347;0.014402109268579155;-0.006143713797900721;-0.01417784403014802
4.147120829357734e-05;0.01375505203026999;-0.012411010755451337;-0.005009314968025715
-0.0001811145418766291;0.010644114048053273;-0.01579187021789093;0.007727483414269895
-0.0005026484188640571;0.006043602797811458;-0.014274665523578077;0.01762300360126795
-0.0011076830934595785;0.0010222173801608975;-0.007864793994531088;0.019840257912756752
-0.0020327607839959283;-0.0035918527392378254;0.0010581595147713344;0.013562832763659645
-0.0031844835979960777;-0.0072673044339707825;0.008770315500480906;0.002154558052238987
-0.004423138658331594;-0.009662048718150325;0.012093500158500803;-0.008901528009995491
-0.005597152856302324;-0.010524767745068638;0.010026463148446851;-0.014906972552757285
-0.006504600378295572;-0.00970572497297227;0.004146081605539538;-0.01400846009216261
-0.006878915818485985;-0.007288723395667753;-0.002431618543032552;-0.00754317166613397
-0.006486866556665085;-0.0037487554504639833;-0.006835134484391009;0.001073185764788978
-0.005287558464947127;4.203630703651996e-05;-0.007831815234842028;0.008052755852656288
-0.0035071430378938962;0.003058510906451042;-0.0060541116258891504;0.010738355569045054
-0.0015544228630459834;0.004500557872002301;-0.0031428925871614653;0.008465618747732124
0.0001568126826994768;0.004083496733734598;-0.0005962249527781905;0.002649575660774048
0.0013639301991361385;0.00213167929402751;0.0008455955438269948;-0.003867919907518629
0.002029720105624506;-0.0005110504468023024;0.0010445644757597875;-0.008017950113798413
0.0023256575485148295;-0.002749521867895152;3.6137071892322657e-06;-0.007849798749401131
0.0025264009476725826;-0.0036497671940396536;-0.002271973560621602;-0.0034499295852743928
0.002849892795525134;-0.0028017298422208423;-0.005445950406502005;0.0030743265572041557
0.0033344959151266934;-0.00040213079015652203;-0.008511863689910212;0.008649915039443486
0.003833020406736217;0.00292734290681391;-0.010006162478082711;0.010843682047000975
0.004099520745029798;0.006339994685427618;-0.00882661575427821;0.009126688984737947
0.003876183535338234;0.008848529474422297;-0.00505399277249345;0.005015604658831354
0.002944581540133797;0.009455875100043714;-4.3033269160514236e-05;0.0009699676608421817
0.0011856541478919014;0.007519921933634403;0.004364225220196281;-0.0012340472633186356
-0.0013325032599352732;0.0032067820801137455;0.006889909904759176;-0.0015320347728472183
-0.004299044184733252;-0.002365061787672019;0.0073457267776168775;-0.0012976584250469403
-0.007200045913976497;-0.00750116352637404;0.006398430425491728;-0.0020308143852729122
-0.009440146889522182;-0.01062932437958894;0.0049974449379396125;-0.004041929157478361
-0.01047939529841602;-0.010916181216987338;0.0039590271668583235;-0.006122460477540058
-0.009941502058899465;-0.008501217320135514;0.00378195104521393;-0.00640489167449751
-0.007700999819352234;-0.004300266830555429;0.004504320277543122;-0.003761585540233029
-0.003962918530125618;0.00042622034356542404;0.005590070112298641;0.0012202715374583257
0.0006951587740634939;0.00447857816035533;0.006106301541552382;0.006330554836096675
0.005373271723642275;0.006991353732649483;0.005353690403507785;0.008877127973515685
0.009006589420066456;0.007601068255282691;0.0036172211749781933;0.007239356849810582
0.010587819589354279;0.006460449393310538;0.002332386480504315;0.0019298768502688433
0.009400195729328188;0.004015575092673133;0.003266958046241634;-0.004527814023437202
0.005222965219954007;0.0006895298296417766;0.007163367162523756;-0.008969074145633976
-0.00154325752905765;-0.003198542626620276;0.012869037468601668;-0.009473444126887042
-0.009912621481596875;-0.0071853851952423265;0.017699216294592073;-0.006556936525973248
-0.018547103350545227;-0.010423453447279516;0.018856752519118378;-0.002781298600900146
-0.02609202480544881;-0.011848403568612794;0.014979621179478987;-0.0009519833641301221
-0.03144917594228552;-0.010730158592312118;0.006897762849105486;-0.0021397723433473213
-0.03391943026381941;-0.007158309841501923;-0.002702692747488852;-0.0049475663816211934
-0.03327480240174083;-0.0020712661255151265;-0.01041814232144247;-0.006536028043198741
-0.0297866185047884;0.0031223415442225627;-0.013543876954052032;-0.004635963144258333
-0.024133348046363336;0.007006706103006664;-0.01122115855972157;0.0008527409947245058
-0.01717011898651232;0.008528318419437308;-0.004835503925845819;0.007653766271663137
-0.00970419424597095;0.00730516819618241;0.002572125105935743;0.01231730054973298
-0.002417911906917052;0.003822342234622538;0.007686846953217785;0.012097879040279806
0.004101441469003927;-0.0007040735678985502;0.008462887747053957;0.0065272243488595765
0.0093636346802759;-0.0048514218783897705;0.005023350442545485;-0.0021175824074035833
0.01305087334090317;-0.007599250828434598;-0.0005988867024206368;-0.009767638046859026
0.015089280010789623;-0.008631038076485655;-0.005703109701756687;-0.012574467778479417
0.015650386138666258;-0.008219231821893722;-0.008344807102570777;-0.008994678137106553
0.015091629479898389;-0.00688846804274213;-0.008121501653454932;-0.0007860441479197137
0.013863953820019722;-0.005113580404731311;-0.006038674308083068;0.007743952292962625
0.012391150940526476;-0.0031742302835052454;-0.0037008651066825137;0.011928803872123282
0.010942758622874717;-0.0011415763045571758;-0.002289546568724787;0.009208710818402256
0.009570202170351058;0.001049543275179925;-0.0018543506598073909;0.0005216474682945395
0.008159989140015242;0.003427784394949086;-0.0013714281347036855;-0.010110653909449725
0.006562117705052987;0.005741687455896448;0.00039568286878819027;-0.017516898526353443
0.004691119135890587;0.007353338552265382;0.003799801613177665;-0.017803297141881308
0.002552318363272025;0.007499865031636877;0.0077808506059477735;-0.010182372675819264
0.00023379834438339695;0.005835794764152179;0.010328989665436196;0.002460917438576438
-0.002090211408670494;0.0028160397256240836;0.009692689905693006;0.01447848401627644
-0.004150508838606602;-0.0004658730452461939;0.005558775591740598;0.019706624856203437
-0.005599925392973942;-0.0029076713589430985;-0.0006190953821742541;0.01442541345465253
-0.0060847608099656465;-0.003994413394233307;-0.006385231848719538;-0.00024410312065754764
-0.005379352899170387;-0.003891222221761208;-0.00956849615339358;-0.01802155338701471
-0.003528344012523301;-0.003048305487516433;-0.009270761098392328;-0.029960480868069808
-0.0008867651450488494;-0.0017833216808529426;-0.006163789972768022;-0.028894371437016994
0.0019902023557608057;-0.00022663796365831392;-0.0021085152769520134;-0.01360024475373043
0.004526831359570214;0.0014594104904406327;0.0007838445951532435;0.009767891049454087
0.006263934309681669;0.002938940338398621;0.0013332564567734113;0.03017553034449117
0.006924624232486848;0.003794327935690255;3.821532783937043e-05;0.03717627749697014
0.006437163658954168;0.003715769522475942;-0.001291602224080977;0.026566012870753008
0.0049261737131455876;0.0026132596180816646;-0.000976969802286322;0.003075321520374945
0.0026721482363300246;0.0006021174864884953;0.0010864423973993142;-0.021647508626054062
5.8580160665945485e-05;-0.0020974766955634046;0.003311408924062873;-0.03499447820834711
-0.002479647804411328;-0.0052604517160795596;0.003814828406898319;-0.03018303959025075
-0.004521478516871111;-0.008637461158098842;0.001982921208272048;-0.010006200788914003
-0.005743333997407931;-0.011771605353616191;-0.0012514021831637652;0.01474864025234283
-0.005981507289502725;-0.013819525684679819;-0.004440959085768953;0.03137496147354734
-0.005227668535189833;-0.013696135258304536;-0.006756793836466681;0.03222335223826186
-0.003572036374072228;-0.010680159748672207;-0.008197195224736909;0.01845488040470124
-0.0011683285514045624;-0.005130381938219602;-0.00888999779110625;-0.0014258033482585767
0.0017338290085204937;0.0013397371055552114;-0.008319488866200075;-0.016919971902226986
0.004743502596882838;0.006527502972321016;-0.005403314017257057;-0.021237531632693974
0.0073674031753367475;0.008710532222792906;0.0003544995994051735;-0.014133711334244051
0.009154629573972794;0.007378262171749691;0.00754508920347644;-0.0008745919068085889
0.009872676353882797;0.0032764916020475363;0.01282812033487878;0.011324101367151387
0.009617143111651535;-0.00204579162382479;0.01274948474880731;0.017016248457169002
0.008792007533039757;-0.006838133119174305;0.006210153746687099;0.01459031402823725
0.007962130955431468;-0.009706256378307163;-0.004443502377428589;0.006208423612530654
0.007644080725806541;-0.010077290424057857;-0.014708947892232252;-0.0037551492397708353
0.008097339049614983;-0.008485105271661242;-0.020634798112674928;-0.010802377637394998
0.009141021839032362;-0.006469419981828873;-0.020882975876615768;-0.012143517802234422
0.010081960805071143;-0.005932025619571515;-0.016745829128532657;-0.007751236313339251
0.009920885456242949;-0.008101652376662436;-0.010470281569118351;-0.0002941608146303482
0.007850929773827772;-0.01261669761721055;-0.003537435327954461;0.006119758266729309
0.0037400471641727356;-0.017347305055942692;0.0036848374192715995;0.007982833912518021
-0.0017768718854076783;-0.01928684460823528;0.010952919584508126;0.004299010372895781
-0.007623491354728009;-0.016196022165551403;0.017138477954962365;-0.0027152002863802594
-0.012697466368486562;-0.008043016196575282;0.020424200362006772;-0.008761119796362682
-0.01609328068689988;0.002765936616082174;0.019610727185971333;-0.009990329517209613
-0.01716387318206848;0.012602915522043835;0.01523826014271203;-0.005446666970614265
-0.015608217647717257;0.018487883560023895;0.009346934851565767;0.002258248255614486
-0.011630673030507544;0.019393007815989512;0.004011741542296735;0.008598724122717394
-0.006021905703724961;0.016275691649171763;-3.090687484088481e-05;0.0100051499527088
-5.616163232274873e-06;0.011104146273159733;-0.003451468491748554;0.005981218961951463
0.00512666821704744;0.005743012471163721;-0.0071322489027117264;-0.0008502280232275953
0.008395541753039075;0.0013718068336162593;-0.010932177590984318;-0.006560537974345237
0.009333729228020832;-0.0015298241391828006;-0.013614910617960907;-0.008223750411373125
0.007985441532280696;-0.002968932431912321;-0.013963070945042422;-0.0053232124609464805
0.004826544684962399;-0.003217354783599901;-0.01193781502802987;0.00031953295733560194
0.00067861298390034;-0.0025830606466473957;-0.008737716072981553;0.005759783200607593
-0.0034326032657078192;-0.0011952809871224725;-0.005720545261127461;0.008486912473117917
-0.006504810783630655;0.0010651915608839424;-0.0032504553873584307;0.007562408915521488
-0.007783153127934861;0.004403902755745729;-0.0005776635591599085;0.003915296135858085
-0.006891071822993573;0.008783780443513462;0.0031387527365724813;-0.00022980547312256424
-0.003899119930999034;0.013598496373458061;0.007625502462378167;-0.002487918517908478
0.0006239834922036386;0.017586700696747018;0.01125971606074022;-0.0015081442039172421
0.005658483969751566;0.019227212766700627;0.012137150290205788;0.002304061687834444
0.00998288344773203;0.017574950646617092;0.009636554971665934;0.006904282870629611
0.012563064101290017;0.013009707303415394;0.005168592532695516;0.009584881519378691
0.012877968534990016;0.007241706361156944;0.0014208392738803669;0.008368080610775111
0.01103185302625925;0.0024611358306297418;0.0006411214054680334;0.0030600337857494466
0.007653527272254784;0.00022092077049691366;0.0032229958709257835;-0.004642919025774719
0.0036683691195068873;0.0007936922431187742;0.007522857120471839;-0.012009161918568503
2.7308551450787815e-05;0.003301231816627531;0.010915038605694738;-0.01651896358149604
-0.0025440713720778943;0.00638195530053165;0.011343300900121098;-0.016820366209794855
-0.003714747535046234;0.008919823907748507;0.008428802072282004;-0.013053267158817678
-0.003576138939836388;0.010429302678342795;0.003542735531934919;-0.006616057102110535
-0.0025167422712821137;0.010962257315175958;-0.0010795386622456328;0.0003765442557437827
-0.001022834074147902;0.010736464073659312;-0.0035485263223993496;0.005748986916255648
0.00047015541538560145;0.009856775194291165;-0.003148091730931016;0.007927193714118704
0.0016214870382152066;0.008334003535338209;-0.0004435364423368642;0.006499057268900887
0.0021793653944563026;0.006267526623856487;0.003200652886649936;0.0024797371558594734
0.0019959861327539523;0.003935459456086974;0.006294858972926272;-0.0019614722785608277
0.0010598898615866092;0.001726594090765912;0.007735896646888159;-0.00440460291757077
-0.0004999559904945857;3.551887996242669e-05;0.0070594335742137125;-0.003415456155913461
-0.002448563833510727;-0.0008013162876845659;0.004520439010683296;0.0005558030537486012
-0.004489116756950188;-0.0005822137049815649;0.0010319733955501376;0.005258326649603938
-0.006302346016489184;0.000617389246947826;-0.002133299810060432;0.007816240902771885
-0.007596193608713231;0.002314581620755227;-0.0038928867673256005;0.0063956620921129075
-0.008171638155114442;0.0036658488634947967;-0.003892303368819813;0.0013784305100461957
-0.007976941962616687;0.0037649138935863724;-0.002640499289661217;-0.004711296074330548
-0.007117769224134722;0.002058707383778501;-0.0011152090407321627;-0.008549466165155322
-0.005821478112258398;-0.001359472516982838;-0.00013407330204335657;-0.007863328574011307
-0.00437670309027312;-0.005722106629729826;5.345075457604733e-05;-0.0027049299646926435
-0.0030629061981071307;-0.009799416262380616;-0.0002760614552643096;0.004585064835491363
-0.002076168819678207;-0.012266997502551858;-0.0006728115941527656;0.010647867310955239
-0.0014697919036453745;-0.012159115536084762;-0.0008379871929994988;0.012825213995044885
-0.0011413737872319363;-0.009275602898052357;-0.0006831379989649404;0.010378167569420517
-0.0008812184647364095;-0.004323748615113371;-0.00017335030940153332;0.004653098219378841
-0.0004582077106372246;0.0013275033549960933;0.0007854694104971449;-0.0017471863480164915
0.0003003743751101877;0.006147279879118484;0.0021966444619398715;-0.006259679529921454
0.001461811571973517;0.008926449660266613;0.003618990688801874;-0.007461234507722266
0.002975609639833722;0.00907867364406802;0.003968885727761129;-0.005510616254581809
0.004690349736869559;0.006742475768526011;0.001876639578825489;-0.0018570410083941955
0.006391942674874562;0.0026955278621433047;-0.003367686917688391;0.0015232269329412294
0.007844169256225827;-0.0019214680590653795;-0.010825835738180613;0.0029880391836607004
0.008813130891668328;-0.00600125022616014;-0.017742961656709518;0.0018986840167141282
0.00908837823159318;-0.008819669063547681;-0.02068199818030187;-0.0010876491336391139
0.008536495711901048;-0.010187116506046593;-0.01750267494062974;-0.004237370930720716
0.007185998858969562;-0.010367060514203502;-0.008948499041972398;-0.005500520676421856
0.005280696449656766;-0.009831647395825876;0.0013366320172108702;-0.0035915414596249034
0.0032453826617428985;-0.008974448786050292;0.008594108140563515;0.001108581794296514
0.001583905387431967;-0.007914073306958293;0.009548049628626874;0.006404383390209945
0.0007698907613780631;-0.006485307737419933;0.004207148425147431;0.00917698788234113
0.0011490922373239329;-0.004417314177597189;-0.004253335655598416;0.007028518893216023
0.0028319980188130827;-0.0016062524883704219;-0.01140201093132006;-0.00012350940634779447
0.005591209474968386;0.0016374485915420978;-0.014002034760577872;-0.009441942010636062
0.008843901556534424;0.004496639196040708;-0.011512665163531383;-0.016138042162581717
0.011791958589436267;0.005859159393158453;-0.005889870710268806;-0.015834299890938038
0.013687933955884975;0.004870556566344916;-5.99979183537814e-05;-0.007264567267777931
0.014091707268906168;0.0015486193362360993;0.0037828456048332047;0.006269856567214995
0.01299047907329789;-0.003040975621680596;0.0049116415674358635;0.0179518000745476
0.010751768181245111;-0.0073059138396670085;0.00354688547570128;0.02096449550767194
0.007948380766662776;-0.010014108267583527;-7.7918873395911e-06;0.012677912778907178
0.005115136351830707;-0.01086424928342537;-0.0053316017422144965;-0.003220893447687572
0.0025449539637275695;-0.010357763473030907;-0.01093674408333437;-0.018396901602575122
0.00026173266057869025;-0.009241964974393491;-0.013921647602052846;-0.0245806712979037
-0.001812839815465647;-0.008081146738027074;-0.011503701776461412;-0.01841186385155811
-0.0036713477539363974;-0.007195083066552942;-0.0035944984165691986;-0.0033600448929383612
-0.005191597384095605;-0.006781553572017212;0.006054894246856906;0.012372033317757115
-0.006251377799903028;-0.006971472333219382;0.01175398125638339;0.02051733117365001
-0.006837116368184239;-0.0077463123901997475;0.009731788206535408;0.0171858230033086
-0.007059179856776423;-0.008807985748935519;0.000933121730095828;0.004727236276692586
-0.007097846349860885;-0.009563995351749264;-0.009508543323870244;-0.009738875070132498
-0.007120729273121966;-0.009343812898219337;-0.015634703204262836;-0.018179778080761023
-0.007192332167061636;-0.007761248967595537;-0.014261249659240647;-0.01587322416584331
-0.007227095411563238;-0.004948667335776893;-0.006440627504310458;-0.0038507854309792586
-0.007056881403964889;-0.0014529239236291348;0.003764184571684135;0.011705980762438336
-0.006594277945735922;0.002132472675105682;0.012044275224126282;0.02280018857087529
-0.005944546929205694;0.005498333408359825;0.01626783318432725;0.023877130162182694
-0.005335061066444107;0.008648089328874108;0.017046200482433875;0.01468239915693638
-0.004919428157186767;0.011623963483226583;0.016281888368997303;0.00021784760042873694
-0.004658156077021186;0.014212231974792464;0.015083153899315993;-0.012049336456065596
-0.004387941672731406;0.015936703533820727;0.012858920079848658;-0.01612407019915859
-0.003977411962013163;0.016369160868455877;0.008262153573542432;-0.010510175857720962
-0.003402646526928955;0.015472454764695682;0.0009806678184790271;0.0011629303277203961
-0.002720384521493291;0.013655627692550408;-0.007284369891822379;0.012199767217553118
-0.00204786632229602;0.011466856497480875;-0.013485294869003133;0.016519913795824195
-0.0016047235197404776;0.00914860844199989;-0.014991543080953138;0.011985392154373062
-0.0017394228783708977;0.006409535871480449;-0.011168917836892845;0.0014912476814689702
-0.0028487668563311227;0.002634620923967323;-0.0037757264739903353;-0.008844603682566602
-0.005217533855937719;-0.002558078899251445;0.003980579374369122;-0.013341857769292757
-0.008895780078594947;-0.008768294380604572;0.009119087089612031;-0.01009319178062794
-0.013686491181264346;-0.014653588528375516;0.010350725695673331;-0.0019844420983614088
-0.01920343089961062;-0.01833319074248773;0.00851656151076262;0.005226637281554882
-0.024916451312532062;-0.018206336039110104;0.005745629571598583;0.0066275054052907754
-0.030170237994306577;-0.013754012891491056;0.003918340808239536;0.0013310582399206127
-0.03423900023276411;-0.005856884966924727;0.00355131709490039;-0.006984435814275874
-0.03644803414037256;0.003527065821875111;0.003857768193944978;-0.012565144853546999
-0.03629808281847784;0.012066431114610835;0.003734432207453231;-0.011407753508304034
-0.03352292467074221;0.017769410121395646;0.0027235508425088304;-0.00386360679636732
-0.02810653562468596;0.019530784160578525;0.0011792543510370935;0.005587934120989733
-0.020324840382042735;0.01744922771434253;-0.0003610756927056352;0.011108938286910933
-0.010798174233992042;0.012753297829213866;-0.001928142835702947;0.009027460575652523
-0.00047521943092960724;0.00721220281448048;-0.004239646418272485;1.859296346609777e-05
0.009490538970246248;0.002267715615432594;-0.00798796115147526;-0.011262208093741633
0.01793628336081918;-0.001549999543493613;-0.012860528475322501;-0.018781424948301928
0.023898686910101278;-0.00452665482662599;-0.017183444945935517;-0.018406638422684325
0.02679433023904956;-0.007173526301978634;-0.018659134484508427;-0.010035925342490981
0.026542572254719378;-0.00971151286277232;-0.015800083713096002;0.0024673130486652975
0.023599555145135245;-0.011974709766158989;-0.009032137678167722;0.013324923026218015
0.018869981984342005;-0.013582559862739691;-0.0006111578142535598;0.017706702273499512
0.013489212598935839;-0.014081366138585948;0.0066259456772777385;0.013983655339341273
0.008535490874130868;-0.01302170910750186;0.010792093016158293;0.00437122642700704
0.004789952621405585;-0.010135144719684946;0.011726493473503536;-0.00624384643055752
0.002631410451427236;-0.005628984622531168;0.01060274381074646;-0.01268306239858044
0.002050682426943097;-0.0003798321001458022;0.00880563593316661;-0.011943425890069886
0.0027138902557588738;0.004221815203131927;0.006963576179544724;-0.00462468710997563
0.004048271484587234;0.006825839703607697;0.0048236969273772684;0.005349436454212156
0.005377780968744581;0.0068267556656513035;0.001980763742948252;0.012644965747517152
0.0061133607371710655;0.004752717004634378;-0.0012142842351231975;0.013237470585805659
0.005943198128485568;0.0019927608050535972;-0.00338755408000418;0.006603308642785378
0.004948398773446121;-9.295604998871998e-06;-0.0028174203657531714;-0.003877266770804397
0.0035932180606088487;-0.0005430174598063824;0.001357005936876456;-0.01269250072974943
0.0025753349570636274;0.00011314078460822606;0.00817918348682058;-0.015213842972526469
0.0025688834015470405;0.0010622800180922157;0.014874140879583693;-0.010176193765959074
0.003946763386100145;0.0014692962798851226;0.01802603787492866;-0.000186451254615347
0.006594056578565427;0.0011082623667879362;0.015423632308014888;0.009881954470969059
0.009898751934221307;0.00048045424051468375;0.007506097309655851;0.015475207679775636
0.012940214581719825;0.0004617424715793702;-0.0025596232789204;0.014415330556735504
0.01480938161176121;0.0016733228743900292;-0.010366464061743848;0.007521206913612585
0.014922204699786303;0.003941787037379247;-0.012548491984073358;-0.002153993260911243
0.013185424642462027;0.0062298043430131;-0.008537557212454942;-0.010791260492250937
0.009959118961017399;0.007153015337689645;-0.0007620147929958587;-0.015250550326334591
0.005872400242131949;0.0057795867245710635;0.006767333134878435;-0.014062597563213307
0.0016101704672926989;0.00220478508421981;0.010562208783262961;-0.007807313127483866
-0.002226547536603688;-0.002425173300265951;0.009228779799474205;0.0011755094519455384
-0.00516081822252147;-0.006409180037911788;0.003770858283355695;0.009679454600407308
-0.0068395930433786676;-0.008226667203024614;-0.0032635477499213064;0.014832869052725428
-0.007068165710513577;-0.007173420122573153;-0.009077594762597483;0.015132036589507049
-0.005886412936193262;-0.003643561336554947;-0.011633316520374366;0.010893412954906605
-0.003621881656976959;0.0010283896850813176;-0.01008601355104828;0.003995694427755377
-0.0008484542097730129;0.005077834967082894;-0.004820321683858652;-0.0029123531062764
0.001771809271037535;0.006984787549310543;0.002639881230051494;-0.007404665769824073
0.00371796718147656;0.006092175376158646;0.00984534092999177;-0.008136514404283101
0.004803099640850651;0.0029268712730831556;0.014011934058979466;-0.005301311885655408
0.00521679798272595;-0.0009906120287056627;0.013089088486459883;-0.0005108304480869495
0.005392751124398753;-0.0038765638560790488;0.006902277021911123;0.003911056630025722
0.0057957291039064445;-0.004646201679973202;-0.0023874984949767207;0.0059681417486209445
0.006736013586268806;-0.003549390253251329;-0.011038267962469246;0.004880418735249592
0.008225558816765928;-0.0020487904040624692;-0.015505518479626706;0.001356422292364799
0.009862176477993964;-0.0019898642183194767;-0.014314713565604183;-0.0028829119779722663
0.010844497167311095;-0.004550194199924348;-0.008859852796472093;-0.006030116761557469
0.010270742754448366;-0.009517401729267197;-0.0025140795167473244;-0.007041467718306261
0.007650286400515266;-0.015208758542973844;0.0014445551579598185;-0.005978556243320384
0.0032632325349059516;-0.019069055021558416;0.0017071557959092009;-0.0037114672860380955
-0.0019416761307280473;-0.01874952614566691;-0.0006493646569096243;-0.0012136236318326646
-0.006811061640371654;-0.013249142854859787;-0.0033453498662442947;0.0010608960617262434
-0.010429192279965327;-0.0035660655529551393;-0.004630400006263095;0.0032581049277020215
-0.012300504357278082;0.007564424328441288;-0.0042390674853792125;0.005601469769780909
-0.01234398649667709;0.01681066785641793;-0.0030357427180724766;0.007731569369109998
-0.010851076955271686;0.021677511540187617;-0.0019065671766224283;0.008576006580814234
-0.008416902913689761;0.0214461421745056;-0.0009563476163091047;0.0070202812513723584
-0.005770739687773085;0.01718779849906036;0.0003477005888103127;0.002920465377753086
-0.003523007507889847;0.011005890110594042;0.0023556519947426097;-0.002401048042970457
-0.00197170457093724;0.005016792619470917;0.004605168612212258;-0.006694245873537809
-0.0010971880526300676;0.0005664243242230722;0.006033007606776778;-0.008068791027264922
-0.0007174812438513139;-0.002036800015102569;0.0058797615888042404;-0.0061540752562413556
-0.0006448482963557796;-0.0032589595756419907;0.00446689190453864;-0.0023233196366693244
-0.0007257498858026954;-0.0037870634056368815;0.0030731181276523805;0.001182680798590149
-0.0008029205819496886;-0.004059536928328514;0.002903101229597935;0.0026378351503174467
-0.0007139959750561147;-0.004148990990254417;0.003979460694612049;0.0017840721542944158
-0.00035413564488007875;-0.003967047345498152;0.004943625400505962;-0.0002524286839496265
0.0002818081138702424;-0.0035230091323890035;0.004031499541381982;-0.0019328315253438644
0.001136477667008988;-0.0029905992981210084;0.0004756718014756157;-0.002390648453703851
0.0021494738833034406;-0.0025573178244661303;-0.004824005452256952;-0.001835188657947393
0.003258740080498351;-0.0022297050654925548;-0.00990771506122566;-0.001069994798523103
0.004364222883854507;-0.0017972935647231226;-0.013081506486674577;-0.0006333512361574379
0.005331005235482363;-0.0010173524802760694;-0.013824197865983004;-0.0003192897874703722
0.0060363697966300854;0.00013062483073281465;-0.012607141480644268;0.0005405199950441373
0.00639698460086672;0.0013852844585699933;-0.009999135333606024;0.0023183091582276464
0.0063625857328305675;0.0024484833062753905;-0.0060469031728458775;0.0045417715568789015
0.005929697485692934;0.0032987386685484213;-0.0005569633943120629;0.006066448805833862
0.0051835615829703766;0.004193862047586175;0.006055561093593651;0.005880630029617967
0.004295736741278538;0.0053015559806647225;0.012307374175613398;0.003917525058100097
0.003439205936163439;0.006348925118661055;0.016216917694388884;0.0012149085163638826
0.0026913870417766455;0.0067118526252644;0.016562652017683744;-0.0007299303096380927
0.002015977597637381;0.005922879833609942;0.013757692108902255;-0.0009396400843496742
0.00132957617475837;0.0041609019160612675;0.00952465148819088;0.000414664500960531
0.0005952922851894727;0.0023054537572976576;0.0056071079036406875;0.002104873520821975
-0.0001043423537925685;0.0015043987796809783;0.0026138230031790164;0.002521879526381137
-0.0005447298969487543;0.0025425285979561204;-4.543466953048454e-05;0.0005190103094609683
-0.0004225384919012802;0.005365350224825394;-0.00314771021689796;-0.003949807439001726
0.00048540664961304735;0.008966549046892256;-0.006511665175907846;-0.009596900493321096
0.0021434262361728967;0.011689422847268838;-0.008778803899242012;-0.01407813686660934
0.004193117205650259;0.011886565307775177;-0.008394826114309183;-0.01484614442706218
0.006074213236032649;0.00873060752431332;-0.004987556164916213;-0.010456041642900865
0.007258524445917627;0.0027774781075245833;8.741844940889117e-05;-0.0017870451714360827
0.007458507215090485;-0.004123653813009678;0.004534739135191276;0.007702291633446167
0.006725350650319556;-0.009641722094483022;0.006520778469863203;0.013334164886501151
0.005417732731549909;-0.012065018207436206;0.005549423610792266;0.011828748708310856
0.004044400819031058;-0.011018112033082497;0.0024066419761842443;0.003643810250027239
0.0030289533109925148;-0.007396807987960206;-0.001386291463211141;-0.00673149667730854
0.0025199116438247996;-0.002716273599694089;-0.004147516789174556;-0.013092622733761529
0.002361831556313832;0.0015679499715046314;-0.004609108816964097;-0.011187922072675117
0.002225659106634047;0.004386501733347125;-0.0025118624521159876;-0.0014557963374685467
0.0017928264034358264;0.005100429607345046;0.0011046160553924813;0.010937360172219579
0.0008858954048126623;0.0035409884124491626;0.004303883710644538;0.018868558746000127
-0.0005039414978301709;0.0001379452692136988;0.005250335488834577;0.017267425529137962
-0.0022809356429240512;-0.004052863201561606;0.003173030752907066;0.0061021307956673045
-0.004331867931120429;-0.007639578302925956;-0.0013233596429692261;-0.009328566796382644
-0.006550928675687791;-0.009441230749317556;-0.00666514470981832;-0.02102561100375322
-0.008788422748124119;-0.008943333950736541;-0.01100565540180906;-0.02252531866843917
-0.010807127530042317;-0.006352245624871537;-0.012846325251471582;-0.012516549478848319
-0.012322350742752473;-0.002278644143587935;-0.011537522253500583;0.004164107993855188
-0.013089156904606698;0.002641928183424375;-0.007572958500646718;0.01883514843960925
-0.012946569788816318;0.007913120176913514;-0.0023546737007167718;0.023462729079095353
-0.011814356788248858;0.01306115706560806;0.0026399364875624273;0.014990030670670606
-0.00972562382322105;0.017359905999384688;0.006720530841870912;-0.0028214569182953954
-0.006930109649265819;0.01965484429273106;0.01015706846128607;-0.021059536918094732
-0.003985859207926648;0.018586655139904686;0.013532293430039885;-0.03003115655725511
-0.001715335720809166;0.013283460547996229;0.016798629438449928;-0.02418433901791787
-0.0009753795997690725;0.004139690188817229;0.018760651526733018;-0.005161528324390753
-0.0023263878879700582;-0.006910403436452849;0.017477553040386715;0.01861773747263291
-0.005782650424051934;-0.016916666150299197;0.011527599452190253;0.035854171316832495
-0.010776267079815646;-0.02301657277394502;0.0013391627078461021;0.03798713838157094
-0.016313020640702596;-0.02357468383372082;-0.01050468787060902;0.023695930092134002
-0.021223539870576315;-0.018780770529155708;-0.020372562804523184;-0.0002056679893655835
-0.024456543541142354;-0.010409966158959356;-0.025327336907422067;-0.022156954758989208
-0.02536174981691391;-0.0009778895083323914;-0.024323358572709328;-0.03180834614697499
-0.023843758555811976;0.007115526712530858;-0.018290567000582902;-0.02529903627213407
-0.020312630483087752;0.012077248749635002;-0.00935169133703718;-0.006964724187475991
-0.015512279878843564;0.012967034948623285;0.00020648142594671028;0.013323975540830197
-0.010344560600292749;0.009900109900744171;0.008636227364302283;0.025535789446259127
-0.005690438528920813;0.00406522292470367;0.014851793455919197;0.024571766346304733
-0.0021903233533189293;-0.002681540733063394;0.01813738233653796;0.012458424074517516
-5.5580053871439265e-05;-0.008512583611614617;0.017849031199807377;-0.0032945328341438796
0.0009574180429045798;-0.012174657154942209;0.01344760285065513;-0.014069256939040896
0.0013856431423498294;-0.013111250508941259;0.00491319566837328;-0.014773767215426349
0.0018208845557772522;-0.011275105996772878;-0.006743922647800817;-0.006239447373645674
0.00271385598342082;-0.006941064882583056;-0.019312180123445374;0.005773307361462785
0.004249571922737511;-0.0007217349573805065;-0.029782467210658387;0.014161148460536413
0.006271398536292498;0.006287785455931888;-0.035179852313062664;0.014444804030868664
0.008274779423843602;0.012510189894015566;-0.03346853369109174;0.006883725672562826
0.009532262355431916;0.01622434476957015;-0.024258219798541758;-0.004205508222069918
0.009347934036138275;0.016139827592884036;-0.009195434437709153;-0.013179812278243231
0.007329743364799256;0.011907364764786123;0.008090056686952772;-0.016078726275504298
0.003549601812111883;0.004327759640676958;0.022716870686884452;-0.012301594765374235
-0.0014531587379289445;-0.004807914466524594;0.030072169693542483;-0.00436687087260307
-0.006788302304466149;-0.013206528072671241;0.027745183615117394;0.0037395042117649826
-0.01139576174940169;-0.01876670261506124;0.016933369336444258;0.00856981095061722
-0.014248106479166658;-0.020237287959578555;0.002283747532728238;0.00861490435487954
-0.014551997425608006;-0.017557829129535543;-0.01014388820618343;0.004628235283236639
-0.011944579342503469;-0.011771054140510362;-0.01586710135111684;-0.0010549189132418478
-0.006652200155584891;-0.0046607450322688;-0.014155300687960056;-0.00575868613148904
0.0004923595844652818;0.0016968959012364684;-0.007964144972991671;-0.007685385847831202
0.008271404415308867;0.005484078128810771;-0.0016761950405376432;-0.006595246377701206
0.015476986655425424;0.005813086490117568;0.0017264763299581801;-0.0036655843900667414
0.021239816172203423;0.0031795265651583943;0.002046073361550395;-0.0006388770047946141
0.025100114484870987;-0.0007949971985921357;0.001047031367739713;0.0012007906494370937
0.026876930633330368;-0.004325260430918586;0.0004806413293525113;0.0015449618668139163
0.026554851048229456;-0.006466851467656975;0.0007300296451800964;0.0008041041222469347
0.024299241690812105;-0.007451477155644987;0.0009630429742207976;-0.0005135117296428315
0.02050091934467511;-0.008212205146374288;0.0002484712796315079;-0.0021168812705733703
0.01571686829786826;-0.009537128470283424;-0.0015401729482300112;-0.003717674304862763
0.010525940627262123;-0.011450109745727704;-0.0037031070483285527;-0.0047059862991162835
0.0054209419017238955;-0.013173774831574609;-0.0053191374255366014;-0.0042565995806010766
0.0007896738803946765;-0.013610296397480764;-0.0057802995364739495;-0.0019052364210430254
-0.0030638021389656745;-0.011952161994571126;-0.004862416962320576;0.0019103043266510554
-0.005903097974148853;-0.008032650965261257;-0.0025031670098187076;0.005875361562163248
-0.00755225811240453;-0.0023317671773206076;0.001308493468896536;0.00844981530523437
-0.007916318180316677;0.0041582398992757175;0.0063575142745011136;0.008713410892452365
-0.007055630922199857;0.01005594815757605;0.011937268788853077;0.0068559492464695055
-0.005260264588910676;0.01382998941177596;0.016820363945743287;0.004028922867522222
-0.003006342347020789;0.014337210154553609;0.01959428791829851;0.0016735646413353338
-0.0007611447532181703;0.011502640612900355;0.019195530707369277;0.000727976564296326
0.0012362781295920198;0.006636907124247884;0.015373349623647217;0.0011611952157311724
0.00305206764797568;0.001993328628193613;0.008911529984510282;0.002080005071003488
0.004950366190204235;-0.00031019143279213793;0.001529509957624603;0.0023262270494378654
0.007200835075903729;0.0005931033637618672;-0.004579817466906534;0.0012038685558509443
0.009909106316894897;0.003809354737751122;-0.007510502181683654;-0.0011026782671229893
0.012890072789626828;0.0070710794159955645;-0.006436122414885992;-0.0036730292484589383
0.0155868295719057;0.007842797195819304;-0.002043025625842287;-0.005458346406636129
0.017141356821970422;0.004633421110727484;0.003679777395871252;-0.0059575390050920825
0.016735242416981475;-0.0021007733899320044;0.008257977971618551;-0.005522299443321981
0.01407247897264458;-0.009939043898815298;0.00977705438807957;-0.005074156400742773
0.009626668801107836;-0.01546967092767619;0.007641163872916705;-0.005377634769412306
0.004423414505040263;-0.015856639214159123;0.0027101771158017157;-0.0063356796752711
-0.0004310589095302052;-0.010225226367813733;-0.003167625488731599;-0.006858483275520716
-0.004084241331278772;-0.00012963996632974978;-0.00794827478859409;-0.005545916292045245
-0.006019447614547459;0.011133777184528746;-0.010178141861682088;-0.0018206255374634721
-0.006064410152040988;0.019957227138175188;-0.009492617992789866;0.003308249968644703
-0.004444326749540863;0.023841537957322755;-0.006633017630419407;0.0075402011608370805
-0.001783555255647328;0.022198453049825356;-0.0029815808512668298;0.008596839459905744
0.0010548040741442158;0.016343036584883258;0.00011434260203873264;0.005711990729128051
0.0032437237400247624;0.008814345526251348;0.001840722223211627;0.0002575693737646591
0.004241241630268394;0.002317804798020186;0.0020206247668302832;-0.004948253066959826
0.003914897781506872;-0.0013025579364783855;0.0009078963867340722;-0.0072153762680906295
0.002522627156689292;-0.0016058146146012914;-0.001072105445735881;-0.00547439925826818
0.0005846084260425766;0.0006222803179731287;-0.0034391817023945353;-0.0008477952562702058
-0.0012955981416452283;0.0040457374330652674;-0.0056258046060014685;0.003952631390911697
-0.0026041199896585363;0.007447406213577169;-0.006923649970126906;0.0060336599306336156
-0.0030452198984414675;0.010014200267846522;-0.0065496984850569725;0.003832516798139004
-0.0026023880784020984;0.01124939225689174;-0.003920061435016359;-0.0019619346009935286
-0.0015167820818474175;0.01080901278529774;0.0008904270141365966;-0.008537998727215697
-0.00017767553729754667;0.008535099617132594;0.00674832080644131;-0.012227000436485363
0.0010461454332402393;0.004688309469149253;0.011559419053823692;-0.010489303443168507
0.0019560617041884287;0.00012368511261856715;0.013099651345862995;-0.0036546016176704256
0.0025756964386871224;-0.003860385228917677;0.01017998777407864;0.0047689426685555165
0.003096527331856314;-0.0060237927311996295;0.0033300178985575537;0.009821576853029033
0.003762711473924501;-0.00574897819908936;-0.005416061877760402;0.008119069159923291
0.004728969577249469;-0.0032709888354904588;-0.013283090567807217;0.000254079883150994
0.005930877096969499;0.0005685151709776303;-0.01756763383190266;-0.009236761449259279
0.007060040927019288;0.004761963547601751;-0.016448604604582157;-0.014557492832157135
0.0077082314925624425;0.008381293281024998;-0.009839809935852213;-0.012313509585514875
0.007596203249436505;0.010590658667994022;0.00017303046198213805;-0.003739555193123633
0.006713167927836761;0.010715264491995587;0.009966945560535952;0.005968764693116077
0.005276171926507897;0.008513038906948033;0.01606819004055283;0.010805845445718654
0.0035620759947132263;0.004427799435991144;0.016922395667977767;0.007664430108663289
0.0017397071135713447;-0.00047620436750976875;0.013540617256736907;-0.0016151028938896739
-0.00017778690918587693;-0.0049207763969157095;0.008601771150268058;-0.011110626004115054
-0.0022276335181429527;-0.007901054486442275;0.004727153701346229;-0.014202657488504928
-0.004344867259625971;-0.008964498774096049;0.0030813002156645066;-0.007590377447754313
-0.0063222817293910345;-0.008169934369791505;0.0029993680041987786;0.006434308593805048
-0.007918854055759726;-0.005824030436420964;0.0027075984139852986;0.02091942687625471
-0.008988602840750287;-0.002226807915701529;0.0007619254963285614;0.027994406761315597
-0.009507889741652092;0.002330598413260029;-0.0026198293727067606;0.02332163482825499
-0.00953226351133197;0.007261413130908601;-0.005361918780131804;0.008680154507870115
-0.009196085506695269;0.011377610128216585;-0.004851068724529722;-0.008826563028546805
-0.008777591810570017;0.01306711924062931;7.754140622321676e-05;-0.02048363940056144
-0.00872089975116649;0.01107665477833816;0.007976602961053118;-0.020526961186755333
-0.009512182506030743;0.005391539430086052;0.015331621772427709;-0.009114201268910499
-0.011452813216925645;-0.0024910798620696117;0.018454922584781312;0.007815120697808708
-0.014482812534127209;-0.01013522754059631;0.015480518394532801;0.02168302608665761
-0.018157200670251342;-0.015207378821333746;0.0072097050649248436;0.025769442203794325
-0.021759490099927902;-0.016372144924440987;-0.00359462380091823;0.018669135183359224
-0.02450016369515921;-0.013636007652627728;-0.01375613917918738;0.004813627003288957
-0.025757541133430997;-0.00812518486220683;-0.020909630783474232;-0.008213198849378277
-0.025270919803168142;-0.0015735334028169092;-0.02380006756379523;-0.013967199789511983
-0.023168126203903013;0.004184458721496675;-0.021994256470493186;-0.010548799481669074
-0.019825264593691334;0.007612777705704378;-0.015739459257373415;-0.0012650693391412415
-0.015705645875319224;0.007804306860028921;-0.006283259600611395;0.0076454063283092075
-0.01129749788136256;0.004709783085491645;0.00377332984197541;0.01078260761392064
-0.0071028690862995686;-0.0008882211366901278;0.010845831749674682;0.006660259284751866
-0.0035619606227952974;-0.007721049614960545;0.011765314313067573;-0.0016302603209126596
-0.0009082438366690646;-0.01449946070494386;0.0055808516885586116;-0.008473205172899336
0.0009307836039354376;-0.02016921591886298;-0.005484834150237203;-0.009229597400406301
0.0022947869535206713;-0.02384219007577564;-0.016834623129575708;-0.003076428892408534
0.00363205217203888;-0.024657925796594087;-0.023786399604227418;0.006509098284856527
0.005305514050641975;-0.021927830294002228;-0.023968521745521706;0.013864157780775054
0.007434850223460697;-0.015594065138036049;-0.01826159880160029;0.014509911619199109
0.009814829428824171;-0.006641422260209409;-0.009727724855282326;0.007723185187658863
0.011940397938224956;0.002946735786138972;-0.0014621330744058725;-0.0031426244181181847
0.013152821826324901;0.010765884203683794;0.004946944773396414;-0.012610898801921212
0.012863250281761645;0.014796941001240547;0.009347943543662822;-0.016050266251390746
0.010750202556038674;0.014025240345438368;0.01182860204045808;-0.01199602697424551
0.006853460234536349;0.00864499830185202;0.011797516581659147;-0.0027167185463760905
0.0015856092145860794;-9.233729679328551e-05;0.008327487630829015;0.007064762360856548
-0.004285916662610561;-0.010187937697852959;0.0014401549801567764;0.012528226875874937
-0.009715839405780422;-0.01926996004143388;-0.006964636058445852;0.011048517223712286
-0.013590942538251532;-0.025107085506300735;-0.013618570711196714;0.0033926354396373623
-0.015046513255851122;-0.026267122101689775;-0.01569505170576035;-0.00670865897864261
-0.013740498905892086;-0.022665130596277252;-0.012601129820251012;-0.014412194084877601
-0.009945077753564208;-0.01566284476567101;-0.006345349555303604;-0.016149862481980755
-0.0044262001165648185;-0.007584018730794673;-0.00016432519405744998;-0.01138412818913405
0.0018144179279024038;-0.0007839607261025448;0.0035917015829212483;-0.002854073621655911
0.0078054577789464135;0.003333608814554193;0.004791518668567875;0.004865438254407688
0.012767161965864348;0.004793560756086378;0.005157346812565681;0.007844270741923867
0.016162871407073925;0.004674828544042039;0.006587446177524569;0.005004333086989108
0.017741883302449947;0.00415324665533589;0.009549979149661058;-0.0013179128570834158
0.017621490488695567;0.003680971063809414;0.012754581028603098;-0.006915383199955035
0.016292982721781805;0.002838931988549816;0.014177996653480695;-0.008376725010414988
0.014419038004030629;0.0008330875032387478;0.012532844489343498;-0.005073994265099818
0.012501525026522112;-0.0027780869609365043;0.008149278142230989;0.0007792847072553037
0.01067573963080785;-0.007547378187315251;0.002797837229836938;0.00582145456401715
0.008782715271849418;-0.012051637760408589;-0.0013323074112000244;0.007681384901821178
0.006614974051259947;-0.01433663738800164;-0.002832259087344504;0.0061823399501322275
0.004128607892957759;-0.012761759307192371;-0.0017178841698387748;0.003035862544249314
0.0015192272725756699;-0.006855017614585495;0.0008427536558984096;0.00044805496631326934
-0.0008271885369258321;0.0023043138256483154;0.0034528460020501377;-0.0003349129277272182
-0.002478581434111516;0.012401905007452719;0.005329295972720628;0.00041276005104713947
-0.0031546862364694923;0.020706483771385113;0.006440389638367814;0.0014905964459131142
-0.002875993418681344;0.024990778887539932;0.0069798311961073445;0.001922045103916755
-0.001935445324536435;0.02425809074188346;0.006840425644875934;0.0016885965946846664
-0.0006732232448133611;0.01911716048259731;0.005676579203372216;0.0015022840659448821
0.0007727356203003611;0.011664463898607138;0.003455060542943544;0.0019334747054764955
0.0025095839307006417;0.004770528187452992;0.0008549636901200405;0.0027450403529763316
0.004698624709733384;0.0009036214160505894;-0.0009651954395909832;0.0030351522561480495
0.007343572188978782;0.00097837451150212;-0.0010978972111998263;0.0020296399941246153
0.010225662635055867;0.003875260022550442;0.0004680068062450295;-0.00019813966487944773
0.012924988597770502;0.007000540590729056;0.002787075206297557;-0.0026926754713979023
0.014842303519732597;0.007663403060575575;0.004514906541522431;-0.004272297475762096
0.0153140964014108;0.004550153828782794;0.0046750331470163855;-0.004351644135008684
0.013905639056341545;-0.0014904229264744084;0.0031272401050475374;-0.003338336503020578
0.010707265453280511;-0.007769674678877054;0.0004977285765140785;-0.002341780036274916
0.006357713142061602;-0.01104368094633651;-0.002268559963177397;-0.0023863236943624543
0.0017695079315576054;-0.009119891449224956;-0.004360419799299216;-0.003654443994322246
-0.0022033938611828903;-0.001960915231261636;-0.0053076676891926425;-0.005303269357365726
-0.0049631052773593315;0.008276896735274342;-0.004975475954203878;-0.006024893113231265
-0.006250657313353405;0.018242824749154618;-0.0035073666703709346;-0.004967708919255905
-0.006189604577101093;0.024860715845106147;-0.0012899864323809506;-0.0023363858017447442
-0.005256473647994162;0.026535822044986467;0.0010876296033342147;0.0007731573453443579
-0.0041103394938468586;0.023598888189751536;0.0029009348506107897;0.00314681730701728
-0.0033311332127278093;0.01789397139946055;0.0033906322128407153;0.00421938687696515
-0.0032158123529312196;0.011790940634945318;0.0019551623437680074;0.004275631079892638
-0.0037344167276025866;0.007129875481890745;-0.0015183457763441842;0.00400799801377403
-0.004624858492385192;0.00459914654056375;-0.006319721894082406;0.00385079669644756
-0.005539521124684714;0.003779144652334206;-0.010901309061469104;0.0036412932043470053
-0.006177202289217523;0.0036864545815550633;-0.013413495213153354;0.0028533706935464313
-0.006372555374872622;0.003407219267438994;-0.012621769251260238;0.0011745216966639253
-0.006124599907731053;0.0024747298875760107;-0.008652834331966484;-0.0010683859808201205
-0.00555439386938981;0.0009052737113094234;-0.0030225901380271404;-0.0029890167330598673
-0.004821548304995047;-0.0009787961883185809;0.002136284584803926;-0.003670346742747063
-0.004060971703812364;-0.002755068283495851;0.0051636548144063255;-0.002745220426746441
-0.0033718555342149956;-0.0040253663358749995;0.005597695793726986;-0.0006185778280930301
-0.0028311600506724147;-0.004465385098724496;0.004160219242075594;0.001792285900713734
-0.0024912080381807016;-0.003885890004063279;0.002152097973579165;0.003578047176808911
-0.0023611201750729865;-0.0023588580412078988;0.0007452893888525374;0.004242592572540761
-0.0023976875829003173;-0.0003242218767461296;0.0005763207848476162;0.0037545152762050345
-0.0025136332739491424;0.0014943796902866654;0.0016973606064992041;0.002312763439280872
-0.0025916742409402903;0.002413451128830454;0.0036856847552174197;0.00011051491710147121
-0.002500316843988429;0.002161268594341763;0.005742283607838939;-0.0026669069453622413
-0.0021156614763363675;0.00102644540752088;0.00680805877206555;-0.005632036042207587
-0.001344538859110841;-0.0003128473506583298;0.005840836002135623;-0.008029637544560113
-0.000143070402715576;-0.0011506274817985633;0.0022899002090357354;-0.00887129573931319
0.0014621543133053199;-0.001100105250297467;-0.0034263861791532877;-0.007395726077144201
0.003348951012944035;-0.00026841703381485826;-0.009765621431162544;-0.0036138042492812627
0.005293036883372071;0.0008198800131795041;-0.014454724746588007;0.001420389076978289
0.007000391007626212;0.0015195415871197863;-0.015371251302276462;0.0058694005258197604
0.00817066485230494;0.001410613118790679;-0.011539613971246452;0.007882375749943292
0.00857411030087383;0.000476274906837623;-0.0037192413370425556;0.006535969774375518
0.008128747330163867;-0.0009638186182791907;0.005790837781924314;0.002425780527888253
0.006946599409975225;-0.0024413260574837896;0.014087972637351315;-0.0025058445130975463
0.0053041295913923816;-0.003488158304227791;0.018860240310012443;-0.005915992883493225
0.0035368107966314995;-0.0037268680015304883;0.01922358278499286;-0.006302908226278905
0.0019276246582384284;-0.0029850286599157126;0.015842966609679036;-0.0038244154030746564
0.0006611443079718516;-0.001441811963005113;0.010388297575982728;-0.00018279809865958207
-0.000159495642119637;0.0003172572201672114;0.004671691878822838;0.0023884972806427775
-0.0004914662091241456;0.0014620374969846206;-8.838696489360554e-05;0.002461377932825713
-0.0003620786472673966;0.0012691320333963782;-0.0035364809020401464;0.00028546151725093385
0.00011447660887736948;-0.0005282361643993157;-0.005940456903350378;-0.002352240881593495
0.0007570409771099709;-0.003605506199749692;-0.007711055347606869;-0.0032464308029712245
0.0013798497341890356;-0.007182518315785753;-0.009014983469052258;-0.0012176418234060337
0.0018556040749495729;-0.010293795860337034;-0.009641308946977392;0.0030342373513783404
0.002135676853813153;-0.01203728124389696;-0.009122882001754882;0.007247386979061769
0.0022285358738039405;-0.011779511961489188;-0.00706295703513829;0.008918191246073234
0.002173467802623385;-0.009356553192540149;-0.0035227876782804556;0.00681558165790771
0.002033632003789771;-0.005213972107922411;0.0007989429505846332;0.0017671850146898037
0.0018953322868893929;-0.0003541441123856451;0.004783767045593749;-0.0037600724020219827
0.0018494828873740134;0.003958801707637604;0.00738582872712512;-0.007042529591141422
0.0019553283800821273;0.0066375722513899015;0.008046303347017895;-0.006624675263425016
0.0022111106034554515;0.007170438300800541;0.006776874933848034;-0.0030823490127510817
0.00255264822568846;0.005798894386139552;0.003977948692379569;0.0013918915027433428
0.002874504712726246;0.003373516589279714;0.00026180632710477833;0.004266424805225544
0.003050914390164129;0.0009424922818341735;-0.003564428012187809;0.004035048306270004
0.002950928893205658;-0.0007133779167455247;-0.006492504113173471;0.0009420248096616584
0.002476154291854315;-0.0013452166964351786;-0.007537887406728979;-0.003253296378554121
0.0016409066697571856;-0.0011791039313816174;-0.006232440472657885;-0.0062971644055174565
0.000646862709761507;-0.0006391532172435498;-0.0030707550949375553;-0.006678218534679203
-0.0001415161835887558;-9.802486770327105e-05;0.0005375275035502929;-0.004393796286036527
-0.0003567583931219896;0.00015484809802897257;0.0029785819087078894;-0.0008205240163631296
0.00015539636738171034;-0.00023184266524619654;0.003421979058254364;0.002216366595013269
0.0011918633410000095;-0.0017470152515114477;0.0023340516647570144;0.003594264108972829
0.002197489508390399;-0.004814325897584026;0.0010366771945382826;0.003517530965412827
0.0024189131023810693;-0.009380438583692691;0.0006094101182468456;0.0031753015660734543
0.0011596964816849521;-0.01461738686843112;0.0010342584112433336;0.0036499052311983918
-0.0019449426974286357;-0.01902850094777078;0.0013324520156802718;0.004873151320376032
-0.006748902243109657;-0.020970334521112768;0.0006030310250712491;0.0054901791936474926
-0.012602771406427724;-0.019341843632842054;-0.000977503020210973;0.003901974769728642
-0.018541157343282908;-0.014108411128017377;-0.0021737321341222414;-0.0001708647763335973
-0.023562721867641547;-0.006412237660392454;-0.0017653858766110428;-0.004860574019127285
-0.02690815733843927;0.0017800168631899318;0.0003285395152050959;-0.006988470764489814
-0.028234738107587715;0.00831726848540148;0.0029296563472159588;-0.004279600230584253
-0.027580193404578717;0.011529111319336786;0.0045432220775175;0.002557185822121539
-0.025133916136848972;0.010746722638306094;0.0044327664930376535;0.009572320095406815
-0.02104192646964341;0.006571517942076337;0.0028706411385298496;0.011679908303675289
-0.01546570065197411;0.0006882095569252356;0.00047772836233404375;0.0059932810584228495
-0.008815251098976348;-0.004916954279090367;-0.0025906828717813563;-0.005743481353751217
-0.0018482055517824694;-0.008986155696998009;-0.006820088197331499;-0.01741427546274214
0.004525076559189966;-0.01149080073572725;-0.0127438144954094;-0.021715892089626977
0.009566048302453048;-0.013151460467254758;-0.020078046143086774;-0.01462541607489124
0.012905499243625643;-0.014424197362839534;-0.027231049693040132;0.0015584345704870272
0.014552989365090816;-0.014914018839206396;-0.03164037893211686;0.018772047734477226
0.01482097128788744;-0.013742889756731776;-0.030937225362942834;0.02747130604165119
0.014200660602704297;-0.010445612736859506;-0.024232948690276996;0.022315550342093777
0.013140439815557866;-0.005447460971902061;-0.012515626921182908;0.0056918879343591695
0.011802127919966222;0.00033023582652885785;0.0020697832769044117;-0.013361931160320872
0.010013253718451652;0.006193573096612022;0.0171362152631578;-0.024344112022005576
0.007486912691467959;0.011865709980121045;0.03026277215070424;-0.021378918041779056
0.004100836277477607;0.017020847983980004;0.0387977314729059;-0.006450400168954033
1.1382040300428141e-05;0.020864036692331046;0.040264751805820204;0.012037142772004421
-0.0043994491731667975;0.02235382680476342;0.03361124309033648;0.024220506869289324
-0.008640123207625439;0.020879903649148625;0.02030133007470716;0.024164670147666927
-0.012250952265071995;0.016732195051078504;0.0041113370615091845;0.012680558704089864
-0.014936056583156828;0.010968389071628538;-0.010386692960618685;-0.003699749259434015
-0.01658612439237005;0.004864694871459869;-0.019574435118832362;-0.016676025430155728
-0.017164279951296182;-0.0005906121236969064;-0.021801820816844807;-0.020649595740902846
-0.016594992663712782;-0.004865408066742496;-0.017608648937593775;-0.015226413590745102
-0.014799091967504376;-0.007732522257063864;-0.009477424228886349;-0.004624894057354009
-0.011836183373431827;-0.009016681930203396;-0.0010497309181901754;0.005233363008420001
-0.008004062013824467;-0.00849372095681337;0.0043434655572514354;0.009982521784971752
-0.003815100773584897;-0.006076790615216442;0.005280516072398585;0.008633537261446942
0.00012646239215308028;-0.002154814178071109;0.002885379859397081;0.0033273737367249213
0.0032899454612891838;0.0022744143097735586;-6.694364513124408e-05;-0.0023790105625748205
0.005354545259305825;0.0059068228906876425;-0.0009993941555593942;-0.005512154491591536
0.006237594897244507;0.0076784447875177155;0.00092006816581277;-0.004985165140343257
0.006012205191999994;0.007134232842138776;0.0044942819890605844;-0.0018012708164335397
0.004824342541669492;0.004441526216578018;0.007518749905812688;0.0017226981938922353
0.002906547068820915;0.000241989674914071;0.008293087097214375;0.003268785353443042
0.0006439148555848591;-0.004429317966759806;0.006525124653439772;0.0017699743833814521
-0.001427879011435638;-0.008196775933969619;0.0030388772215001886;-0.001984527436061925
-0.0027293861682604536;-0.009604506485877403;-0.0012853035484202784;-0.00575115348431082
-0.0027835820877653494;-0.0077068143636367294;-0.006218207434044662;-0.007127059765670493
-0.0013440340410947175;-0.0027408811226132005;-0.011786057057747112;-0.005073368117929334
0.0015008045747320526;0.0036590800350643203;-0.017192294420635374;-0.0007286037566119708
0.005263723501914323;0.009045753276943538;-0.020303748975574316;0.0031435399004878725
0.009100315645011686;0.011248468854638143;-0.018556082633452656;0.003912457455570999
0.012025266933616451;0.009278075042640223;-0.010835329873458263;0.0009712929842791284
0.013290905862675083;0.0036140308689962316;0.0011317596131910806;-0.003614341819366164
0.012765439639421608;-0.004043439517095745;0.013152570294976108;-0.006340324449318093
0.011058418877486216;-0.011294685762893102;0.020673878583081954;-0.004662017061435053
0.00926933334511454;-0.015740795252090586;0.021230823955998946;0.001100385769243201
0.008508499052855879;-0.015843346788744623;0.015589997108909832;0.007735988591085161
0.009466876245316964;-0.011689190171630405;0.0069476498435325435;0.01109140993944386
0.0121828248332639;-0.00516452147313702;-0.0010564807108653504;0.008729081362216146
0.0159980622985195;0.000766904323030457;-0.006082728501100538;0.0015530646380327048
0.01970836251720131;0.0034164550713791505;-0.007631684035497465;-0.006645621935748474
0.02195440898568576;0.0016567279190411125;-0.006448458590599162;-0.01141760941313911
0.021753760908314577;-0.0035133958676768777;-0.003565130758829428;-0.010249402202523631
0.018878470234212266;-0.009390845882474639;0.00026013228165806265;-0.003947933189610876
0.013856357163307449;-0.0127814780955856;0.004476648743058644;0.003937763784518493
0.007694936961075556;-0.01143641044460634;0.008378773622573889;0.009188926605851522
0.0015932900994473068;-0.005013281441167156;0.010962954451612647;0.009202379406310978
-0.0032631218724640055;0.004885248606831856;0.011240845061253862;0.004234046735254515
-0.005922515764458397;0.01551981958563969;0.008792339536421202;-0.0029401342012586127
-0.0059264484433665;0.024172169248821006;0.004102099348226144;-0.008580756811627746
-0.003466984186956873;0.029088127454503745;-0.0016300539346594109;-0.009822341639588882
0.0006741133572981137;0.02984265139853279;-0.007101099662851957;-0.005884376002285431
0.00535478279790004;0.027073491285658103;-0.01147088437795489;0.001758944301183903
0.009351429031387488;0.021869715741453907;-0.01441016500414452;0.010105364470654654
0.011624608302532152;0.015283194318756792;-0.01560495115273147;0.015812949072826633
0.011550954205784014;0.008239405785103184;-0.014280686896656524;0.01642615176962046
0.00907319077837531;0.0017012615177552435;-0.00943864610272254;0.011301386994641683
0.00470221164060022;-0.0032773666187191188;-0.0008764197521613978;0.0019206743501444903
-0.0006470902602187679;-0.005796243371988319;0.009794613847253714;-0.008608375489503665
-0.005931493419420884;-0.0055220047038768115;0.019169679565906626;-0.016727531649892633
-0.01026769316781504;-0.002980523438114779;0.02347324364602375;-0.019751295578623467
-0.01312588316088658;0.0005097116799380023;0.020655693025267964;-0.016750940449937007
-0.014355357286981195;0.003313344021389526;0.011779983840311727;-0.008743621277389955
-0.014063295070737327;0.0041668277130484455;0.0006607984884592778;0.0017111197670817485
-0.012469944837456885;0.002709055914877114;-0.008118307577664017;0.011312606778364213
-0.009857804927169936;-0.00046503335037172084;-0.01155735615882689;0.01705280415978933
-0.006608248017645529;-0.004241265247251601;-0.009485272791871446;0.017236355919871812
-0.0032211862447223834;-0.007567833406804335;-0.004076053003106077;0.01211458164260736
-0.0002478903784762336;-0.009756283603926684;0.0017382518610285337;0.0038067681972361617
0.0018342957704601502;-0.010409181145675708;0.005708498108483367;-0.004535304501922539
0.002731590706844743;-0.009292687699377028;0.006772962015969103;-0.009993354733217616
0.0023822211776977145;-0.006467226560186517;0.004821373144573018;-0.011023722309036386
0.0009473457572706481;-0.0025668517123292114;0.00042176624963203007;-0.007966577242873949
-0.0012282667605636823;0.0011849164788012233;-0.005174951761982564;-0.002715857088924984
-0.003674719085683107;0.0034375789352031347;-0.010131752399684162;0.0022578721704075277
-0.005888267504929551;0.0033949644600584704;-0.012687379044499784;0.00503551087822003
-0.007454400137264828;0.0012114009032532429;-0.012164009561465055;0.004975453325658758
-0.008157721918009246;-0.0021804420281421235;-0.009459805501264913;0.0027230344253456537
-0.008020082115707974;-0.005638050219735872;-0.006399916008548648;-0.0003861993278284586
-0.007244308400631766;-0.008336571933199807;-0.004320654552439007;-0.0030743187156490343
-0.0060924005153880426;-0.009932887591854681;-0.0030591667321082498;-0.004556004097166066
-0.004765486812051909;-0.010381400964521177;-0.0012673466757328852;-0.004533133302278889
-0.003357526108171948;-0.009689869506338914;0.002186340570583512;-0.003008181643635962
-0.0019023602215902276;-0.007897786766800129;0.006969362896504791;-0.0002550031823265509
-0.00045105060037487946;-0.005271104078396652;0.011326792418750202;0.0030041263283985056
0.0009105643283092413;-0.002421874051735676;0.013385266999997574;0.005520650385050626
0.0021228815597677296;-0.00011397087739146224;0.012546659556121475;0.005895345695413678
0.0032130510733497605;0.001133406569182909;0.009755504665621707;0.0033951642406906727
0.004265029785178672;0.001290596542392386;0.0065152030914438245;-0.0013121302363402931
0.005309627327359944;0.0007046457918298223;0.0036736153555224356;-0.006189760342968733
0.006246036390320259;-0.00021591134401507123;0.001093216483163834;-0.00884588120203093
0.006876898104727452;-0.0011955778331722254;-0.0016477417270199907;-0.007951488114353467
0.007009437788416268;-0.0020265215933919036;-0.004375304184112364;-0.004060405379385428
0.006521528298634614;-0.0023979152676615657;-0.006184197330298867;0.0007898115641884276
0.005376433339730749;-0.0018631182990151453;-0.006159990587077573;0.004411193981429095
0.0036393239822376648;-3.1662372488690835e-05;-0.004249145270864561;0.005769212164932895
0.0014941074791006107;0.0031358560965150974;-0.001472438804397936;0.00537466952967471
-0.0007955291171331686;0.0071525856618438145;0.0007156922084317672;0.004599719976078053
-0.0029705994975167014;0.011121434790935934;0.001408475975226019;0.004520235131340078
-0.004822836921584608;0.014120080039885562;0.0008047502434059728;0.005154940032415428
-0.00618084347717309;0.015602980014300665;-5.9359497790368684e-05;0.005604869663231729
-0.006915957011356393;0.015531815160705153;-0.00014345044464431195;0.004899857816357399
-0.007008678837962155;0.014196507339609948;0.0008849940041919392;0.0028483842683843207
-0.0065944670608830795;0.011968313925162058;0.0025826449466433083;0.0002356975756817439
-0.005907185611976324;0.009212065566552708;0.004242326739001103;-0.001735020268281598
-0.0051700428378804635;0.006331131046540719;0.005451802137201863;-0.00227551558994756
-0.004544742815804083;0.0037697344364268095;0.006236098278182091;-0.0014850843766738787
-0.004151836320378552;0.0019086050186539526;0.006785563039362381;-0.00017961226153741057
-0.004076151658627655;0.0009589183969329961;0.007120547260856406;0.0007088685616446156
-0.004315562822577037;0.0009464602657957485;0.00700434484832343;0.0006972826260617307
-0.004738009793647222;0.0017392269622303446;0.006144891916575974;-7.394383955598562e-05
-0.00511828612059491;0.0030445878117855473;0.004491022193059556;-0.001094850072402818
-0.005232072310124789;0.004418230342059527;0.002375357603865262;-0.001922269078118845
-0.00492813908839341;0.005370790679806454;0.0003817880974768316;-0.0024705863737156425
-0.004143931585286448;0.005542732908113001;-0.0009889030482425607;-0.002968300208213342
-0.0028938280008182836;0.00482197605404044;-0.0016449496433944388;-0.003644837861927034
-0.001261666109219664;0.00333250901184453;-0.0020017587372613546;-0.004410627835427356
0.0006060043131761754;0.0013291299799746753;-0.002753573246849607;-0.00479752254918286
0.0025218977029762947;-0.0009226310904586712;-0.004412693673938785;-0.0042369576079177755
0.004295730336378213;-0.0032015159876294694;-0.00687853972484235;-0.002508161304221133
0.005774051890866951;-0.005266160753598559;-0.009336735755531442;-4.481719628639206e-05
0.006867519293409392;-0.0067311437295720184;-0.010623004252314161;0.002159773324703776
0.007556590382849463;-0.0070847155006724515;-0.009874744605965402;0.003069175054506465
0.007869138686526748;-0.005989631778404657;-0.007054088189349197;0.002265065190939643
0.007823280386289945;-0.0037101155331023174;-0.002977145151932873;0.000321539561366419
0.007343740785868247;-0.0012906431419063146;0.0011693600952506025;-0.0014098084678399927
0.006199001459666319;-0.0002427435529334293;0.004454153071621951;-0.0015438706913923311
0.004034331703298317;-0.0018386687668277397;0.006503197650928619;0.0004741141887463627
0.0005378655219844992;-0.00636288208521083;0.007311643098488334;0.003893860125157446
-0.004327160323296642;-0.012719411030329617;0.006841807285414506;0.0068939677359715
-0.010170586324650508;-0.018672393893202414;0.004860600646885243;0.00748722805760432
-0.016210773300725508;-0.02172047028748923;0.0012143872342691108;0.0046985022443046965
-0.02147892567001599;-0.020230427115167014;-0.0037034171298046133;-0.0006050331297310612
-0.025091405456502975;-0.014223240655463706;-0.00874145016226738;-0.0058079490200983646
-0.02648780508302017;-0.005373269167417545;-0.012291796308290982;-0.0077493500820804955
-0.025545789778816774;0.003727605373977643;-0.012988910799206546;-0.004559636969057756
-0.022515768662896896;0.010596006223965284;-0.010432568275754003;0.0028912384968194137
-0.017829663078636343;0.013724174095824868;-0.005518689754386921;0.010923712511626939
-0.011944330818159689;0.013032514048955182;-0.00012189172757997315;0.014650933332905234
-0.00532400853004468;0.009746217774303725;0.0037985925280185234;0.010602291246668203
0.0014998148061761986;0.00565482096979417;0.005214339767534012;-0.0009538649176677126
0.007916345458468017;0.0020904348219524453;0.004513711686083082;-0.015366638620653001
0.013312858430646097;-0.000698555105024046;0.0030521079495951188;-0.02534772768788598
0.017198980298795807;-0.003313899202111199;0.002029137554501913;-0.02460755508906375
0.019324990325039718;-0.006346850013690652;0.0015740993169479469;-0.011675952278542968
0.01975180744932901;-0.00964424871094053;0.0008170428405804375;0.00830975992538755
0.018838488700496488;-0.012305063209267579;-0.0011820008966272502;0.025394707795811055
0.01713517198143356;-0.013344712009701987;-0.004552755791837434;0.029891187855482747
0.015192452134569425;-0.012389276876938075;-0.00844413708422338;0.018236385755718183
0.013335800906893921;-0.009808383856150666;-0.011401291687210892;-0.00405832654925545
0.011528969364332503;-0.006313211972073497;-0.011878409524213134;-0.024793608468029037
0.00946022284922921;-0.0025488484519319596;-0.008841685500431668;-0.03191167054529849
0.006821045378851097;0.000963859893636903;-0.0024615684696993375;-0.020742735758312602
0.0035619584503639207;0.003706696854938848;0.005540537368821941;0.0029206689106971726
-4.996418299420189e-05;0.0051851047079346235;0.0124180452464674;0.025967180258065378
-0.003548841092366903;0.005123890988565558;0.015722198924542737;0.03546529634618725
-0.0064481510764318115;0.0036362139168831637;0.014627221994264392;0.026012825372541088
-0.008410045539281116;0.0012163805321760057;0.010333740378631384;0.0026489207233386636
-0.009351817999460596;-0.0014384120831497438;0.005274859751388831;-0.02220487825394248
-0.00941592097911033;-0.0036767485246916613;0.0017167109254823453;-0.03578377683168386
-0.008808257321761846;-0.005086673582579168;0.0006143941707555741;-0.031821566574709824
-0.007644075430403719;-0.005537538036559052;0.001224886999804563;-0.01341743609192403
-0.00594280313837945;-0.005052496645729811;0.0016352107743810836;0.009275009544698698
-0.003760087668104157;-0.003623719516773647;0.00010409287086814654;0.024786449924301613
-0.0013134717096160288;-0.001190332135197347;-0.0034747355217915293;0.026183296324766563
0.001032903456211142;0.00209614875279623;-0.007180120543755721;0.01408368994129748
0.002936623820924009;0.005533882772281836;-0.008370931833256512;-0.004357623998607485
0.0042623951374275906;0.007899419627272605;-0.00584742488075583;-0.01956243381995812
0.00510517073848603;0.00799785349108533;-0.001080025294557877;-0.02439039617417139
0.005623245062273783;0.005333298700702913;0.002641831511019448;-0.017336522686104847
0.0058629459434592305;0.000353533631451608;0.0025825636287405145;-0.0027475986458311975
0.005758908083052084;-0.005824590124128452;-0.001388548739680332;0.01174493782248569
0.00528002366821593;-0.011831533159094127;-0.006706006655082719;0.019159434545945795
0.0045446933808979;-0.016281326254725007;-0.010084384959713881;0.016537728341109312
0.0038047337099441324;-0.017920044152321863;-0.010000764296252221;0.006140034253998813
0.003337624386172104;-0.015958394953263608;-0.0076589369912208475;-0.006098735077008659
0.0033268130428109766;-0.010553354157248677;-0.005647332258339857;-0.01396596864155471
0.00378086424512579;-0.0030215807508389976;-0.005488702271734336;-0.014273625441780841
0.004509940748599691;0.004538661644113478;-0.0062620351051674485;-0.008189098266829764
0.005150235205820913;0.010033470183649501;-0.0055164094811145075;3.086562987045353e-05
0.005240635022009303;0.012071921858778568;-0.0016474779155144696;0.005901181744627831
0.004399855242259467;0.01028392073684079;0.004367238899490831;0.0072539633699983215
0.0025891871301534433;0.005330660758912606;0.009377344383148774;0.004961562998202343
0.00027641419327429945;-0.0012519119261174085;0.010270222837610194;0.001685724626241627
-0.0016939674238183656;-0.007440891304978773;0.00620885268859578;-0.00021454368776445423
-0.002467222698636647;-0.011454193176375171;-0.0007734881387243999;-0.0001349728124583241
-0.001523225777697784;-0.012586989464869454;-0.007141754332256281;0.0007777468266709207
0.0011579868634563895;-0.011575351181088224;-0.01010590232821264;0.000831171972100012
0.005072979299719876;-0.010095339339347946;-0.00917676885950339;-0.0007983900382318967
0.009276783526761567;-0.00966679506198941;-0.006074833223458691;-0.0034402197358595894
0.012628711881066141;-0.010694895237795772;-0.0032266823575494118;-0.005448240694687771
0.014189342987821572;-0.012238844918992627;-0.0020242850502283903;-0.005393609349772165
0.013562530730392321;-0.012584737249730676;-0.0020859105073364158;-0.0030198791070582113
0.010961488292412593;-0.010236621197188524;-0.0019448912175799842;0.0006868835128828598
0.007017214729797024;-0.004745285245536566;-0.0005084930398416413;0.004222201319068599
0.002541567551471975;0.0030604081048011245;0.0019404360693358296;0.006422084753072706
-0.0016303082450932747;0.011483240196040856;0.004039331672134439;0.006862114256643437
-0.004777693011037667;0.01870758765584801;0.004685219089048067;0.00573256407572884
-0.006456963096311281;0.023516938168623328;0.0042100149662019914;0.0035590189916191225
-0.006592065159606952;0.025718243314064245;0.004221845454143056;0.0011047871200080125
-0.005410519107587623;0.026096720088543596;0.006069713739376959;-0.0005912413541676245
-0.0033122803956254776;0.025822898657992713;0.009209882740155544;-0.00038652877098889715
-0.0008071526647565853;0.02556605292104103;0.011056433495566863;0.002362338052814266
0.0014968810322515652;0.024976999567210632;0.0087709491521238;0.007031318098323752
0.002983619109257362;0.02308263060537351;0.0017435752916603283;0.011477288958028025
0.003222622339819128;0.01932422164464107;-0.0072808344037968474;0.012853832546951712
0.0021332144677716196;0.014284112809038001;-0.013547304556299452;0.009278500498215303
-2.03978250437777e-06;0.009412237554377945;-0.013257322459610674;0.0012887598792007805
-0.002650899695719643;0.0060125198380162745;-0.006016608161860872;-0.008074209252587953
-0.005185207401223472;0.00437505066437184;0.004917670764973489;-0.014805805231155478
-0.0070444424046003295;0.00371568452198452;0.014608504492055282;-0.016143681237538572
-0.00790273796825399;0.002873829975230546;0.019193680415043664;-0.011996417750264724
-0.007770573614444767;0.0011873323051355288;0.017685089604852787;-0.004755975024152217
-0.006945444854440082;-0.0010658750957511338;0.011917697377541116;0.0022189629990706857
-0.005830844685323023;-0.0029065365401800586;0.005031561680015896;0.006382365206557685
-0.004747945933090584;-0.0033554289300224247;-0.00033199740374657166;0.007001493549920069
-0.003840680922170682;-0.002096455958384771;-0.003064108431135893;0.004995098619569502
-0.0030780500103429944;0.00032410907801473226;-0.003531936451259799;0.001983444358416763
-0.0023127870046443936;0.002826646942698105;-0.002833757268634339;-0.0007015786176576156
-0.0013684726477390511;0.004376052588621913;-0.002039836527791252;-0.0024698159282000934
-0.00012938529312015397;0.004441624475849183;-0.0018450100288038178;-0.003315399164563969
0.0014041576577761394;0.0031180293122185427;-0.002582591225909327;-0.003396731846524165
0.003116009389156209;0.0009154502043692918;-0.004282306516311546;-0.0027716411894058114
0.004814007281312416;-0.001576894745568458;-0.00659122467510675;-0.0014590772879433862
0.006277224809762055;-0.003897069912538581;-0.008703154199904457;0.0003244870657750291
0.007294620358922443;-0.005697658808960649;-0.009568376599795746;0.002056570517348405
0.007702779220465019;-0.006676322360183808;-0.008420188207694058;0.003103307701078756
0.007432085171857287;-0.006650051616567339;-0.005295480493963099;0.0031028455963365517
0.00654487236716785;-0.005738744154274626;-0.0011223786613822019;0.0022240412900624645
0.005227707843418978;-0.004427485234755854;0.0027654136171985015;0.0010610664035828347
0.0037195231145476333;-0.0033737491261872413;0.005379970103086328;0.0002187762805738331
0.002208847722799966;-0.0030754019751608372;0.006564108860402021;-9.915067658860683e-05
0.0007668192742031481;-0.003625772267946755;0.006873121511558436;-0.00018881234821551665
-0.000636414864249155;-0.00468524958241973;0.0069742869682766695;-0.0005681324698244307
-0.0020394552706651855;-0.005642933140726515;0.007044107717623284;-0.001544644111738202
-0.0033795159359928865;-0.0058570493677114165;0.006628524168723102;-0.0029540940498828617
-0.004442172364328194;-0.004866109478137432;0.005061590253991409;-0.004244279419592451
-0.00492390659523587;-0.0025213680874893465;0.002112521414008109;-0.004809508552786189
-0.004588241690132885;0.0009369930350959304;-0.0016191932997451873;-0.004316480734403041
-0.003425031768579185;0.004822296919410472;-0.004836306711681312;-0.002815613250889327
-0.0017250439655104176;0.008010722274603178;-0.006124307840909878;-0.0006286309525010813
-4.7733968626452727e-05;0.009158507929704875;-0.004651762547705256;0.0018319745826105625
0.0008998531295109887;0.007194496825149223;-0.0006243301919211899;0.0041494776594933405
0.0004601456911125469;0.0019169764485805036;0.004741335375843135;0.005866769436883654
-0.0017398043465548683;-0.005649363097226494;0.009725884772527539;0.00644515607939957
-0.005615453835501775;-0.013408633557184472;0.012843306059785408;0.005373872659807135
-0.010610369902152429;-0.01887454016402435;0.013399925781847013;0.0024762280944586735
-0.015835999958827795;-0.02010745091050793;0.01158972812288968;-0.0017466394696928963
-0.020290178356571948;-0.016473971274752724;0.008199637770083463;-0.0060468481957412544
-0.02310506712172881;-0.008877809300539852;0.004256109730280723;-0.008852083705722422
-0.02378366555084059;0.0005681571057976736;0.000819377201134886;-0.009014172544123218
-0.022318113437072337;0.009186685174757288;-0.001158255783705156;-0.00639010618067989
-0.01909794377101226;0.014492807634126166;-0.0010557940445028043;-0.0018845804436420554
-0.014683725955427973;0.01498468737742972;0.0011367758194804586;0.002974624509901155
-0.009630583148374665;0.010745167211487975;0.00465887386054333;0.006604624116722468
-0.004438934743498668;0.0034386635121851465;0.008127369399343507;0.007852089119986633
0.00044643707884409217;-0.00443309725526654;0.010043935971379215;0.006331392328609631
0.004665695591550183;-0.01057276537866804;0.009460865195663007;0.002571783274775971
0.007980321651829016;-0.013600085640961058;0.006425799254700764;-0.0021093738773237318
0.010272321034308602;-0.013194188523266316;0.0019388039121869952;-0.0060321272419128335
0.011518844491757219;-0.00986339509331206;-0.002524722414331614;-0.007767158621518535
0.011776350937675926;-0.004628645314191123;-0.005642401015461196;-0.006721037723457245
0.011165819823149402;0.0012670385559122544;-0.006731077355863802;-0.0034345866705362163
0.009828536013828569;0.006652409635469574;-0.005920741063931664;0.0006200454374722323
0.00786717224409158;0.010715507025682311;-0.004003013555670855;0.003740560206457906
0.005329398742603623;0.013157257110391778;-0.002050523983346593;0.004848903459472703
0.0022578294124346895;0.014092766712372945;-0.0009227596050672749;0.003974309478595738
-0.001237797157970839;0.013762890873358956;-0.000796698597295337;0.0020636525998780604
-0.0049432128660164;0.012284123423564608;-0.0009772379655786;0.000296716520008327
-0.008550009347776845;0.009625580744096755;-0.0002793455150484857;-0.0005905600479641867
-0.011697527175380166;0.005798124005955579;0.002042761171419619;-0.0005461848818187038
-0.014038041833363137;0.0010776338031489477;0.005400782030916485;4.604510688314039e-05
-0.01531587810098066;-0.003915117901361093;0.00783373082201968;0.0007882484664042351
-0.01542387297820816;-0.00834121637345006;0.007147528102331232;0.001488593203647593
-0.014395901258404096;-0.0114135700655548;0.002574425311818324;0.00208183773185572
-0.012339504266644352;-0.012668038270824855;-0.004325727380053896;0.0024780334421597413
-0.009363037890979893;-0.012091675284377722;-0.010388900636731986;0.002602243743979821
-0.0055561969886475625;-0.010043369045570447;-0.012830357154434896;0.0025956400970892834
-0.0010426184710663534;-0.007027251145576624;-0.011065886023946455;0.0028542552379703864
0.00393489325477919;-0.00346914551582892;-0.006988842708395264;0.003655183119144495
0.008978816229783646;0.00037652370190667116;-0.003496562181998624;0.004567083761298702
0.013610391905314646;0.004366708207583651;-0.0024198959731793657;0.004241527499321332
0.017412206452065454;0.00829847377807069;-0.003411280165345024;0.0010782377088584666
0.02011979024409121;0.011672233943133244;-0.004509238362140295;-0.005385044339937645
0.021592441406245822;0.01349901582566081;-0.0038159546105592697;-0.01324288392182295
0.02173327427304435;0.012397089660168649;-0.0010357012454626665;-0.01828058387373504
0.020483984020186915;0.0072003444727147614;0.002120701350957261;-0.015877196573613042
0.017912028919671207;-0.0020747517902546817;0.002875752018138445;-0.004090815436301193
0.014281374276910038;-0.013557113627402315;-0.0009022204615683104;0.013916588520750662
0.010029580744378581;-0.023861093043076962;-0.009281454986936676;0.03015542427922182
0.005699067336920356;-0.029515197674884242;-0.020069717169686918;0.03547977631539424
0.001874550157649425;-0.02867327603833717;-0.029823388080422248;0.0249820239380737
-0.0009277538038416021;-0.021996288354712498;-0.03513273670473472;0.001727229329796127
-0.002454866111472022;-0.012201130524695717;-0.03344866040479714;-0.02398010223305846
-0.0028662053048957455;-0.0027341198598678524;-0.02365849451293765;-0.03981951876699106
-0.002663086735167831;0.003556881790374536;-0.006852021403110525;-0.038165952106929475
-0.0024004770445543084;0.005232650115523299;0.013120665175184704;-0.02022813645557405
-0.0023671847907892206;0.0025472214420324975;0.030321453991738103;0.004800338356783326
-0.002441898614464311;-0.002700885017383328;0.038961823617325454;0.024867650824354725
-0.0022141872995401885;-0.007821645837491186;0.03612117645828057;0.031337916227481055
-0.0012824092723208052;-0.01038566942263246;0.023211514648941337;0.022961176281234043
0.0004755875773151115;-0.009444415204694514;0.005258052831195584;0.0057008154443087
0.0028003993464975965;-0.006074293866591931;-0.011460539418307523;-0.01104903264930087
0.005105708202178034;-0.0027761444046401607;-0.02201532131093898;-0.01952234813740335
0.006643648659456871;-0.0019928325992946633;-0.0244921517033199;-0.017192842328097476
0.006785031506172739;-0.00459303297577338;-0.020230759074566985;-0.0072842050786272655
0.005336037861749917;-0.009206564928265212;-0.01271410523032625;0.0036763684839681123
0.0026664544817140102;-0.012832969816530829;-0.005643371744557151;0.009655560934530858
-0.0004778854013735344;-0.012436823988868336;-0.0011718411680633717;0.008200607946023059
-0.003304958085849542;-0.006634385689012029;0.0007146403711187355;0.0013180732844614363
-0.005192268391867779;0.00352701291719381;0.0014110010872128002;-0.0061218377107390065
-0.00576908548227002;0.015119293610616424;0.0022443050514886985;-0.009413619524782972
-0.004996478396191893;0.02476229093845074;0.003508299941903104;-0.006718167691913995
-0.003229940985132126;0.030014317019028403;0.004579934230556133;7.767327979152316e-05
-0.001122169328230068;0.030068188666080246;0.004765801479007209;0.0067646668754006494
0.0006429946674798764;0.02568105883763462;0.004028345674931362;0.009524103860752135
0.0016191594174328862;0.018615526672584187;0.003023345511636445;0.0071922838437678
0.0017252556910382758;0.010901752957363817;0.0025391724929723744;0.0016766718144827961
0.001217738097750538;0.00418375259642319;0.0028683717973148758;-0.0035725358831575943
0.0005528731499321345;-0.0006407930200447739;0.0036014032852683645;-0.005838395406675548
0.0001825044873012587;-0.0034156043826730413;0.0039532926146324246;-0.004619274049402532
0.00033868715914145864;-0.00445990254710337;0.0033443917858482545;-0.0015195785274299592
0.0008937074919784869;-0.004240735157172929;0.0018170405418746229;0.001106314211186746
0.0013829953669263774;-0.00317106192888994;2.5970322583078407e-05;0.0017145623404961167
0.0012131650660343028;-0.001617250893393711;-0.0011529896828593232;0.0003766856305751497
-3.475777000376317e-05;-2.200050472788003e-05;-0.0011038565367054458;-0.001518079180746344
-0.0023722885856839733;0.0010767449979518808;0.00026627383533429574;-0.0023261158367841508
-0.005367753425365437;0.001260179283562291;0.0025597996353751607;-0.0012507809782518137
-0.008308595390454986;0.0005465933536783159;0.005059014587030224;0.001178798950524601
-0.01045184565202458;-0.00047660920656473956;0.0068865305771661865;0.00347449764174884
-0.011231645248941663;-0.0008748014657297185;0.007186706895577519;0.004114821306689304
-0.010360464686088835;0.00016822642295694014;0.0054201450593713354;0.002462357240003811
-0.007855694378229656;0.002913571127403927;0.0017136013527725713;-0.0008309946048058845
-0.0040496240302234175;0.006877521499520245;-0.002966910939614191;-0.004120429422286128
0.00042954117502158086;0.010954982010141261;-0.00703473940358221;-0.005589344585503921
0.004773575757768967;0.013797857323652348;-0.008888625461108444;-0.004185394093572861
0.008211346775408461;0.014309042422174593;-0.007653610618046854;-0.00023226686792528352
0.010227004741766058;0.012066132491398394;-0.003676805973295318;0.004587131262107844
0.010678512131924469;0.007506523200224433;0.0015427336516441238;0.007936818546968174
0.0098015797436772;0.0018021304774890918;0.006038540573664062;0.007974334098624419
0.008130258219168454;-0.0035204504995130378;0.008346832832836118;0.00440142238512701
0.006351925183883944;-0.007067828657877575;0.008217341849323934;-0.0012012031402652645
0.005118743478110024;-0.008001281796703785;0.006651416281568516;-0.006078366803865214
0.004867697549687839;-0.006256652235754444;0.0052413687890658376;-0.007762557262815618
0.005697963491174262;-0.0025297004165039795;0.005171589463856942;-0.005483768401139875
0.007323547664562501;0.001922371408349836;0.006450930412228848;-0.0006678621139001911
0.009118198073425714;0.005636447840159253;0.007899194944493875;0.0038305863766350287
0.010284313010975762;0.007453205407154706;0.008002359058720182;0.005363838005100337
0.010134627333155432;0.007022466181472309;0.006075027721177014;0.003060967815315896
0.00837756818990989;0.004957583486982666;0.002803338936570315;-0.0016095874748970683
0.005249570746626155;0.0024375270134852954;-0.00028631062427327144;-0.005679328467213707
0.0014142121394354632;0.0005042443062894998;-0.0019427800724039627;-0.006480641481854893
-0.002309076817517086;-0.0004405612667412495;-0.0019497158493935421;-0.003329327766398926
-0.00523785258538465;-0.0006491185251105682;-0.0010247496787406795;0.001995115936087018
-0.0070156039462751195;-0.0006637968634908813;-0.00011348694879309263;0.006335491926879561
-0.007650583656653916;-0.0008913872587566432;0.0002849144184506425;0.0071353370115625585
-0.007423162235140998;-0.0013728481329091545;0.00028667491177542643;0.004005021994561452
-0.006720846617969146;-0.0018339678568913386;0.0002755228282160986;-0.0011401630364553592
-0.00588605946992969;-0.00193577597438907;0.0004161001760399031;-0.005368924779280843
-0.005147788377973472;-0.0015400795223240156;0.0004455386753427183;-0.006492627187858518
-0.004642212240992435;-0.0008093537364688547;-0.00011188500994033061;-0.0041571154556344254
-0.00446322861031626;-8.408023278161227e-05;-0.0014888489476006011;0.0002473328622678635
-0.004681096258121978;0.00034938604403485826;-0.0033306550281677373;0.004561480781592531
-0.005314617985916697;0.00040845800732160393;-0.004739515731603084;0.00700188781597227
-0.006284901479489951;0.0001782889903037521;-0.0047267955921219676;0.006857292099018027
-0.007390664435078149;-0.00023413657101629292;-0.0028427817130066493;0.0045296224234914135
-0.00833378952818457;-0.0007907557010090105;0.0003682711981317139;0.0011154280621249024
-0.008796710994165355;-0.0014874526753041624;0.003414578512163915;-0.0021314518517548853
-0.008537948788871319;-0.0022749039660864964;0.004503065744822922;-0.0042247769882597964
-0.007452440306011547;-0.003035264017987434;0.0024770601840112382;-0.004693097070215083
-0.0055642804617285335;-0.0036149414566804716;-0.002541131962598076;-0.0036571260321350886
-0.0029744566015391456;-0.003870179730901139;-0.009208710249934403;-0.0017360158813113518
0.00017403593715365704;-0.0037301054167712885;-0.015604517989023736;0.00021357298030249346
0.003675182314121204;-0.003281688365089423;-0.019964530235955305;0.0014508005735722447
0.0072136639660186665;-0.002800472087354745;-0.021111246267684698;0.001646019395836907
0.010364316574948046;-0.0026453244836670345;-0.018565817363539548;0.0009824276094483229
0.012679212466790128;-0.0030639097800019667;-0.012598219868047354;3.338968428746438e-05
0.013833196212967771;-0.004052610554406598;-0.004355188227002626;-0.0005154593339616829
0.013739106769351339;-0.005359866150866995;0.0041392365784995505;-0.0001960407861610386
0.01254617906643685;-0.006613043981679072;0.01044998300567187;0.0009758320287786166
0.010521355991343207;-0.007497253664940825;0.01267748721146742;0.002433367367557879
0.007920862572977696;-0.007892777768958652;0.01037927050787662;0.00328679959466211
0.004964049099268376;-0.007875521574124283;0.004795605151744001;0.0027905895898671343
0.0018956255778764365;-0.00758036862562156;-0.0018505217008530795;0.0008087341719720195
-0.0009852917406537392;-0.007079355397371538;-0.0075039355493795295;-0.00202729190132364
-0.0033975405144957005;-0.00642573301909783;-0.011070624279918097;-0.004619358761172827
-0.005176877574767222;-0.005802656668265475;-0.012399019768354561;-0.00600380338112318
-0.006286732119637106;-0.0055467935905881395;-0.011715038878257313;-0.005853448837626751
-0.006739478978117083;-0.005932446517546633;-0.009195502295065897;-0.0045348198599728115
-0.006541489217713183;-0.006886757858677301;-0.005093842558559497;-0.0027167451747238816
-0.0057382879357485575;-0.00793253219983899;-0.0001676389760502101;-0.000874144244781064
-0.004495627983267412;-0.008467226239373281;0.004218787475361777;0.0009210270785132175
-0.0030985796986565655;-0.008164960993465104;0.006649229246405882;0.0028122298457400243
-0.001854798658082822;-0.007156881414496827;0.006522262268522865;0.004808413294119652
-0.0009971960904814094;-0.005841188850157794;0.004505013853732621;0.006603594370390527
-0.0006505920373478562;-0.004505040140429257;0.00215861973690771;0.00769230020759668
-0.0008324920207659662;-0.0030857130750443183;0.0010060679161830166;0.007621863863934073
-0.0014464946941767842;-0.0012399091743507068;0.0017265495453778605;0.006130102843370571
-0.002277799582459202;0.0013920913052307398;0.003982853804180731;0.003093672084332428
-0.003009465128829803;0.004969212011677379;0.006849689428655324;-0.001517674148995877
-0.0032621677893586703;0.009389179152965539;0.00938786346117587;-0.007409855344786054
-0.0026802623534914975;0.014278225142533477;0.010915583146041227;-0.013465153978322777
-0.0010766841903105554;0.018911616365557698;0.010913375724465471;-0.017457608273318884
0.0014468254140377818;0.022177501618463553;0.008923247782175578;-0.01666391920662016
0.004525979347262415;0.022842309075865336;0.004852252555882123;-0.00954485181219642
0.007689973975452423;0.020134739849294484;-0.00041343650753653005;0.0023992852576730085
0.010487900220387847;0.014239783592116771;-0.004820003769446682;0.014247324318068038
0.012489069819871088;0.00624143156499078;-0.006037954057381584;0.019815324688523903
0.013228856918008248;-0.0024309689588796;-0.0030305245748131035;0.01549513359702933
0.012223178228046123;-0.010475735309643394;0.0030533619276745883;0.0031409240889447047
0.009097825949740103;-0.016706613189542932;0.009561439501335827;-0.010440449278417016
0.003787914176648639;-0.019853601845426942;0.013997224835851993;-0.017492759924720422
-0.0032949264636815104;-0.018787107126733003;0.015218353008552689;-0.014226311983110739
-0.011237272500234947;-0.01325262751292991;0.013415199942389879;-0.003257259963501964
-0.018791104346215837;-0.004476386989547177;0.009376866974420504;0.008101393007486015
-0.024697435581221505;0.005051394201760891;0.004009554406193361;0.012514324360793121
-0.02805565008330813;0.01260005385024479;-0.0015941852652651093;0.007230646997510414
-0.028571114406170932;0.016299219154417812;-0.0060707839884229274;-0.004185080293114601
-0.02653792543095369;0.015620039714769426;-0.008154103186520585;-0.01399553266725939
-0.022581327595966396;0.01119608237636827;-0.00721394350886583;-0.015070456183972458
-0.017372336534407857;0.00440418756811932;-0.0034389851947451452;-0.0054835361234745255
-0.011514851204117129;-0.0030098622147609966;0.002307038041393798;0.009957831594933984
-0.005589959474849266;-0.009270267973229985;0.008598319261318313;0.022385491965875245
-0.00018029129534485042;-0.012907890432100666;0.013561422741573426;0.024221149886921818
0.0042321104259636765;-0.013049177302683082;0.01532302878810861;0.013864587261496128
0.007421200593116309;-0.009639034920413504;0.012771691174737696;-0.003277898625196234
0.009480618617413113;-0.0035433797117599263;0.006183374240013543;-0.018054073806705775
0.010724660658248184;0.0036465706742128154;-0.002685142879452306;-0.022943109119906765
0.011476048886821577;0.01016919965193758;-0.011118865662711329;-0.016132137973235445
0.011870140261619503;0.014713247456574418;-0.016421161401749026;-0.0019903124378443235
0.01179353993866797;0.01671229130310559;-0.016957945290671995;0.011890836755932775
0.010977111079393077;0.01624266645048656;-0.012749312428765803;0.0189406309873773
0.009168880693582146;0.013764504411241515;-0.005324952804143458;0.016661648319295185
0.006294053296425453;0.009927293197058094;0.0029497777250613567;0.00716458685253236
0.0025391017150529385;0.005479779427801254;0.009639657334559853;-0.004555238611617066
-0.0016708383357327333;0.001216693997219859;0.012851370680900089;-0.01329417928875604
-0.0057911473735165475;-0.0021123328254163704;0.011698398617705963;-0.015854528271431117
-0.009315557787287215;-0.003960404380856502;0.006629381566656752;-0.011983270824919099
-0.011899362791874145;-0.004162620279156515;-0.0005511725409852333;-0.003988019429551188
-0.013406979974305249;-0.0030369390525138307;-0.00720790714011516;0.004515700579413899
-0.01388677597662455;-0.0013103030029612394;-0.010929788142652018;0.010136752997908633
-0.013496111184221825;0.0001577300195685592;-0.010672897972412686;0.011016947495310856
-0.012403501940525391;0.0007499700330914905;-0.007308197583261333;0.007520349481951689
-0.010706286325425658;0.0003451656325729477;-0.003096000543574393;0.0020024223042882736
-0.00840933694650222;-0.0007078143140504753;-0.00026709693629206664;-0.002382921539196369
-0.005481183445611543;-0.0018222733509552379;0.0003821350788234439;-0.0033725856270082205
-0.001952076162021934;-0.002406751501971357;-0.0001699328657875519;-0.0008622023520356622
0.002001513431345959;-0.0020101517654951473;-0.00021622933037378865;0.003085385286430944
0.006016854775661181;-0.0004634225900395621;0.0010457280341698953;0.005590899624326164
0.00955806997640325;0.001919673434641192;0.002671402154517813;0.004834119038592304
0.01199607162086089;0.00422135342798667;0.002715512627727228;0.001219186974399937
0.012761976006624827;0.005128909610204848;1.3915656638323732e-05;-0.00292770207526166
0.011531574115474367;0.00352451093059184;-0.004510293120094354;-0.004892871387738869
0.008356290072935856;-0.0008563122277605118;-0.008232400227733134;-0.0033200570443701945
0.003687510917908256;-0.007125367773135456;-0.008748154227184954;0.0009303518030183071
-0.0016843259702992723;-0.013471920852441688;-0.005815737490335264;0.005282520323183644
-0.006735918501613252;-0.017769938147220818;-0.0016518625868281779;0.006935601770839927
-0.010371358735364575;-0.01830291095731282;0.0007721869490035791;0.004448561676699323
-0.011660021191409548;-0.014395409074466502;9.143680182480613e-05;-0.0014292143532285905
-0.010106732920625767;-0.006778035690805881;-0.00238129433294804;-0.00804369280148916
-0.005841014671183592;0.0024654779345910038;-0.0037786025444453246;-0.012027578565869224
0.0003701963737711332;0.010448354766656124;-0.002090295823821199;-0.01084700514422025
0.007309466080704601;0.01448380300316659;0.0020974379185912267;-0.004097850370562076
0.013650409878628736;0.013281751011910273;0.00594608180921675;0.005982434586445359
0.0183433006380719;0.007766554289739031;0.006524128005697593;0.01517606657414555
0.020889552893737465;0.000845643358774683;0.0030753435937208805;0.01911240656426542
0.02139630133235731;-0.004034414091596051;-0.002327316432027363;0.015540296444829793
0.02041442068407459;-0.0048202629654860475;-0.006111600975034876;0.005746730774758863
0.018622936361343087;-0.0020643970075484947;-0.005421139867162419;-0.005917283080884089
0.016450414534427985;0.001390537752410492;0.0002978616915175811;-0.014285103639005295
0.013830206582675262;0.0020959107806312544;0.009157370952358275;-0.016079342735511024
0.010332465508934949;-0.0019303605210185552;0.01791149906758359;-0.01148411229235487
0.005651170732782496;-0.009908248325194035;0.023416596640368;-0.003788428321318648
4.1243543804674825e-05;-0.018484705196250995;0.023709431650001368;0.0025502083042455844
-0.005686660209447138;-0.023324210688346947;0.018463609766791244;0.0043242228544315515
-0.010554956778386642;-0.021282346123617582;0.00897484868183302;0.0012434232962890836
-0.013803129328212501;-0.012019166185051135;-0.0021852835357035042;-0.0040087967928002345
-0.01502689018655236;0.0017918037214369631;-0.011877510794868073;-0.007413526539673764
-0.014156300851736508;0.015702896874972287;-0.0174367752865064;-0.0060816690309199685
-0.011429287284129303;0.02543103924035712;-0.017704564094990258;-9.863709932284464e-05
-0.007369679498781448;0.028494036546583175;-0.013499789521120024;0.00740409208915632
-0.0027000690142649146;0.02489221136648185;-0.007182395854870387;0.012032770215747259
0.0018162464323541747;0.016742239769050458;-0.0014842731992930713;0.010721542113567732
0.005541885170266604;0.007185626843510477;0.001760879761199148;0.003609955734080498
0.008081481020369327;-0.0009014629717099466;0.002283713405484859;-0.005887568282464605
0.009322437529267907;-0.005858766013941543;0.001115924572017838;-0.012886629950806836
0.009403806018577309;-0.007513201185631502;-0.0003274617048023402;-0.013715556884236084
0.008636542271367332;-0.006783767887787214;-0.001153270905558549;-0.007963062169657394
0.007404905497206136;-0.004962512173113833;-0.001331191920063993;0.001276369341262557
0.0060717030572003975;-0.0031177333971423916;-0.0013998967293577026;0.0091005945161224
0.004908365038103087;-0.001870118794808115;-0.0018779346965403405;0.011484510032402638
0.004076256870247293;-0.0014699437602049316;-0.002813199878587085;0.007450977203597008
0.0036645238319955036;-0.0019424839770325296;-0.003759831073068452;-0.0004760579661495647
0.0037381010022604316;-0.003160772107105555;-0.004183305597445277;-0.0077703550344537225
0.004331545278978503;-0.004867134065583005;-0.003940728675230616;-0.010475387545058801
0.005386259784693255;-0.006709118464638352;-0.003362392818952735;-0.007361376478083053
0.006712555818225306;-0.008299405800035903;-0.0028371332118591313;-0.0004624347875378717
0.00805552766803674;-0.009270751039655271;-0.0023622837214551887;0.006220965770728933
0.009231903114043451;-0.009309491878909303;-0.0015932352439718964;0.009023891722460493
0.010205379236586369;-0.008183472396216878;-0.0003800874176957494;0.006591763012180249
0.011021117871382265;-0.005811262717123961;0.0007746892304226614;0.00045100997702028417
0.01168116457437879;-0.0023947810453323402;0.0008587763841515584;-0.006053350143098114
0.012103970355441288;0.001480907992836848;-0.0009500310809340294;-0.009710343785201657
0.012189671407896776;0.0049572706650596625;-0.004584375879143649;-0.009058746839537772
0.011878638772693276;0.007267515463722098;-0.008968248149100942;-0.004788579276886832
0.01112298332172967;0.00814689802732246;-0.012579497724805362;0.0010348201281967838
0.009831158348993396;0.007980316562648693;-0.014213204562765484;0.00614279743787003
0.007899407287015716;0.007569111082574313;-0.013328258224214294;0.008835819444927463
0.005342648544137525;0.007696567418228236;-0.009849840539899955;0.00817203234100877
0.002409707647275612;0.008789983697959882;-0.003913267054042977;0.003988609392621861
-0.00043993987389994425;0.010820172118917643;0.003932110502282343;-0.0028211386752233845
-0.002711498612711385;0.013342803696447336;0.012167417244723684;-0.009937269359757597
-0.004099598687295441;0.015549003552157128;0.018130437235280846;-0.013863970981804145
-0.004617170444899619;0.01638465472802372;0.01886992481544845;-0.011356210645323677
-0.0045349503549441195;0.01491242622641039;0.012853501585549218;-0.0016396100448658698
-0.0041673782872362645;0.010864616271572801;0.001450167991098451;0.011995533588074491
-0.003662803853735527;0.00499057486177409;-0.011123948287234635;0.022836338027199986
-0.0029568221728847833;-0.001171528250554151;-0.019827182303315323;0.02406276897075187
-0.001919235614299361;-0.006001720266633251;-0.02157687295759166;0.013135695284559726
-0.0005783980693462118;-0.00847684281044022;-0.01668654637291218;-0.005701360657497249
0.000756559946626655;-0.008404899778856475;-0.007937330230573504;-0.022997477475282233
0.0015920087894773845;-0.006236259982456166;0.0015712495028597814;-0.029266319855200798
0.0015086664844811276;-0.002746442991049117;0.009781371183964186;-0.020657436358767697
0.00037919834239229623;0.0011911008505372982;0.015508880308776337;-0.0014810241716359269
-0.0016172403105520902;0.004698944362647102;0.017760174890597513;0.01809360104057409
-0.004155096517114222;0.006907252821893649;0.01582474004846637;0.027778454500710544
-0.00695360752810091;0.00700284286186434;0.010157915064464897;0.022905688204098787
-0.009897513474729731;0.004441594982816279;0.0028538115470199106;0.0068765067866031655
-0.01305138072798968;-0.0007190275498879992;-0.003227573661920484;-0.010955219252076402
-0.016552312459284447;-0.007614557356116528;-0.006201835063069122;-0.020668820933521036
-0.020425182253981513;-0.01471649089136556;-0.006341535146223417;-0.017377259045944476
-0.02445333280384575;-0.020292863531805885;-0.00572176609192973;-0.0038732289947696055
-0.028205105671942343;-0.022932552122394166;-0.006586793144053923;0.011233750286314497
-0.031164228250159503;-0.021881233914114385;-0.009589791292724952;0.018832643956505486
-0.03285127884980545;-0.017136679612152827;-0.013127371707878137;0.014847071320899087
-0.032915433986660456;-0.009435511515417062;-0.014292608283063722;0.002510534808749554
-0.031222735002539068;-0.00022786317142006895;-0.01084643277559374;-0.009991736791479067
-0.02789463882883567;0.008467672220233756;-0.002812126551370495;-0.014791123155472163
-0.02324490233504583;0.014520964601036487;0.0074195827888113835;-0.009030452516762178
-0.01768395006372103;0.016426850461814357;0.016418575533922754;0.0037756053874531204
-0.011698663790614173;0.013932361513908033;0.021445569226993078;0.01615696146780654
-0.005882166569193558;0.008101629095308904;0.02151988109350608;0.021122201505766082
-0.0008847142793455225;0.0007731516445054953;0.01741035499986861;0.015945946766098736
0.0027612277496586505;-0.006156114725712185;0.010820873912128924;0.0032989688885958273
0.00483695457812659;-0.011175574276376499;0.003418508065751078;-0.010601401474327405
0.005512260757796681;-0.013302296217841974;-0.003671536994418847;-0.019456339349221103
0.005249388931572601;-0.012167943802972167;-0.009703888825653291;-0.019921457212708063
0.0045925919585282984;-0.008164336497929024;-0.013843979092512941;-0.012765803941564664
0.003938236969933627;-0.002477771653122379;-0.014981588688157767;-0.0019506828614292257
0.003372490406288876;0.003204586229747707;-0.012125858922639005;0.007550001999385285
0.0026497317192820426;0.007292117635993716;-0.005168208595883257;0.01199605835508239
0.0013460586701394043;0.008891255837360586;0.004520702919704382;0.01024108071698332
-0.0008705028010107188;0.008054148129184292;0.014161982455993661;0.003828573128013418
-0.004004068563550902;0.005544419197908074;0.020473537354557435;-0.003964834952439324
-0.007668378049241976;0.0023237703260119975;0.021077405741617546;-0.009589007638815936
-0.011210927779697262;-0.000866138183092789;0.015690679525599757;-0.010617316923763442
-0.0139209680660725;-0.0035939605911921688;0.006392055390088572;-0.0066627258669305816
-0.015215740514512046;-0.005581072848758699;-0.0032782304740910225;0.00047517125006830215
-0.01476840988117209;-0.006573778384213689;-0.009946465457196196;0.007556687961096259
-0.01258219684529382;-0.006450816750682526;-0.01186233477970927;0.011338233276066673
-0.009005827216926332;-0.005494136380770379;-0.00940668756162541;0.010107526106983494
-0.004671565762476244;-0.004501625336625944;-0.004511924992685806;0.004570639967764664
-0.0003523854183888537;-0.004474620222066321;0.00047598223576340734;-0.002420667335752925
0.0032279073453868137;-0.006005416289494613;0.0037630890970196443;-0.007266988499840069
0.005572723172444139;-0.00883993334128929;0.004511406214996823;-0.0075051811996733895
0.006530948437450443;-0.01196225380324299;0.0027924392948027532;-0.003188683275786089
0.006333030157102965;-0.014060944036532144;-0.0006045309609153069;0.003065611218505028
0.005531726740404458;-0.013988147338585069;-0.0044027568171781635;0.00750071898091525
0.004842241774127145;-0.011047362767759177;-0.007234047997091597;0.007370926901468921
0.004913729662990794;-0.005217355560173945;-0.008215038771456736;0.0025797457948831203
0.0061128683023241185;0.0026290223089612103;-0.0073613660789358295;-0.00419829481679972
0.008409288246818159;0.010660069661762481;-0.005434324147645012;-0.009047043520368486
0.011404854203214574;0.016416146731267924;-0.0032768198320650707;-0.009127022957464084
0.014479307400093162;0.01766870779643159;-0.0012040063597940373;-0.004399093612192619
0.016982456671306753;0.013583736607527935;0.0010096133083186468;0.002330149826644556
0.018410047419893678;0.005501756182724516;0.0035679876270583977;0.007121890835476828
0.018534647359973358;-0.0034043800219510654;0.006129363917714774;0.007305382437975699
0.017475578762666834;-0.009632863899644486;0.00794855767002011;0.0029793830396803206
0.015670794366275474;-0.011125518848630656;0.00861749979447477;-0.0033467777730132034
0.013718674723861403;-0.008174080594218973;0.008601977197577916;-0.008558402621732493
0.012138799302067401;-0.0029923943333193723;0.008862898462781526;-0.010770233283383017
0.011192682026311341;0.0016063265488282584;0.009765814522126834;-0.009979899234253787
0.01088512108072313;0.003573840870930772;0.010319608782612448;-0.007439487516399714
0.011122296776953252;0.0023814889144589;0.008682744243684253;-0.004572071883697049
0.011874759591441207;-0.001024088782251457;0.0037919195834703796;-0.002281430949547283
0.013213942988343075;-0.0048918706278519575;-0.00321387754574923;-0.0008712749084920001
0.015219397857540336;-0.00761918095035996;-0.009197504586734335;-0.00025504589402980285
0.017833115455400218;-0.008562950080826262;-0.010978146177960543;-0.00011081825922385628
0.02071566073915366;-0.008302589227945254;-0.007586478115847613;6.59982918129431e-05
0.023158239819537914;-0.008180034742309938;-0.0010502900192335446;0.0008412072058042462
0.024178029307963766;-0.009350915788507093;0.004850093995348086;0.0025487236907709254
0.022889695820061815;-0.011889330555687465;0.006868574149278385;0.004966838894710903
0.018988248009533283;-0.014474511814224836;0.004040026443419967;0.007253918670797398
0.0129729595816593;-0.014880751927277216;-0.002099957856261698;0.008319556926845368
0.005927207717364658;-0.011075090479593822;-0.008694883442554435;0.0074894349287573546
-0.0009267225058884896;-0.0023846313362399394;-0.013210044603934558;0.005029718967160686
-0.006554097420315105;0.009912697139013927;-0.014543502311647126;0.0020890516368071814
-0.010225766213747921;0.022969159218472816;-0.013151255494931725;-1.7401964482419353e-05
-0.011571088768159068;0.03355463769675268;-0.01035102956670302;-0.0007306585025661345
-0.010659742727706555;0.039360154448147174;-0.007315819222697083;-0.0006597612040633101
-0.00804855482827658;0.03968223756630242;-0.004340076453181075;-0.0010709690514133334
-0.004687511059965982;0.035267530228285104;-0.0008193898822151984;-0.002768680020704191
-0.0016508591992897377;0.027700124905749298;0.0040014020698694395;-0.00523495103495624
0.00022853758529007109;0.01884432070125342;0.010004962577510174;-0.006782556534059219
0.0006420220880529892;0.01050007137035738;0.015725887446485592;-0.005763368104784076
-0.00015980812641645312;0.004104599805576516;0.018936060445208094;-0.0020517041859062475
-0.0015673595804324909;0.00038795730991384147;0.017959351820193356;0.0023504003997275027
-0.0028697208636693327;-0.000833082213470838;0.012745997347382302;0.004301563306857495
-0.003436176004328002;-0.00046847601396448674;0.00495195694040351;0.0016852611738155442
-0.002848597933890586;0.0004218057464641197;-0.002915715960609149;-0.0047303535483387725
-0.0010371768120600155;0.0012358685598154466;-0.008657082418822369;-0.01124891025615249
0.0016479186300768247;0.0019984775541053244;-0.011238500358443766;-0.013336163310489545
0.004534786935459397;0.002944310846549357;-0.01101299390346572;-0.008613052862123468
0.006879912357413784;0.003921927616839929;-0.009221116128413927;0.0012281179283566122
0.008129914480987236;0.0042442799086033454;-0.007072186780541056;0.010985317011357075
0.008060418030206927;0.003174708296638182;-0.005069993812953553;0.01485943521538186
0.006749085138070681;0.0005631462951021875;-0.003128894316538741;0.010069713742686948
0.004443457223669808;-0.003002198909313058;-0.001317874001673894;-0.001069251377706759
0.001448058216669287;-0.0066269860928221715;-0.0003678455593402019;-0.012104350448627852
-0.0018894509457828606;-0.009647607643344259;-0.0012209897498794014;-0.016144519201898008
-0.0051540020128584335;-0.011789936175440259;-0.00397289398037172;-0.010174182138144356
-0.007929264964560076;-0.012931102029641376;-0.007402835640153857;0.0027887849842227514
-0.009960542481619325;-0.01281738424306582;-0.009746071457326509;0.015247327897668821
-0.011259957330828001;-0.011065597725526193;-0.009980573068394314;0.019666986650918327
-0.012025988561646288;-0.007496535501002847;-0.008373284851725908;0.013059152836672725
-0.012435578873438201;-0.002555584822786504;-0.0059039244210260045;-0.0011580217114216449
-0.012491684684467503;0.002584770833835858;-0.003276792527231432;-0.01512039773978048
-0.012053191009703037;0.006487579165772649;-0.0004244617973754525;-0.02099988616425957
-0.011007164491540617;0.008222456794929544;0.003162169767136866;-0.015300005179690011
-0.00941830840593502;0.007818057041784099;0.007608787461738028;-0.0005940602566702418
-0.007525008283188457;0.006045578899964606;0.012048773322369236;0.01605053802281269
-0.005611248676031174;0.003826467348142685;0.014829048747136545;0.02688548544081141
-0.0038903367977363586;0.0018008573163738068;0.014491882347751773;0.02736607847436983
-0.002482452181411251;0.00025910028290143325;0.010807615141178752;0.01808335205915631
-0.001451114296646089;-0.0007369433760809901;0.005062303038987484;0.003948338438349393
-0.0008276519697608432;-0.001239962481695371;-0.0005907011889613131;-0.008619201325834925
-0.0006036935110948684;-0.0013367455164657333;-0.004229020441510511;-0.014828164241939982
-0.0007218955090837494;-0.0010609373489346861;-0.005013333003054358;-0.0134388422382846
-0.0010953180970779501;-0.0003365733530335659;-0.0033644725669565046;-0.0067757810293502556
-0.0016517913495056283;0.0009529216402751969;-0.00047949558832621373;0.0008914283035804704
-0.002367602474623415;0.0027559424267740015;0.0024446012838878067;0.005643085365489345
-0.0032543188057191255;0.004645312936604179;0.004797220342714719;0.005740173600972986
-0.004299808972090849;0.005819308192425946;0.0066391646997911065;0.0021746996496307077
-0.005407580319040241;0.005405923835912902;0.008311969568688396;-0.0022164070230997787
-0.006382019550309339;0.0029529448164136206;0.009890479637057923;-0.004529009803273212
-0.006968056409112812;-0.0011653884956625638;0.010881254099797252;-0.003485497988705581
-0.006919185462117073;-0.005686589129183359;0.010387481005545367;-0.00011190507427941491
-0.006071520651722141;-0.008852981616095004;0.007632888597341949;0.0029998689975036918
-0.004418631790743791;-0.009148896666291612;0.0025178883407183314;0.0034276563831914858
-0.0021709745162353635;-0.006063264260827187;-0.004086537948619901;0.0005788701986819604
0.00024293829962678914;-0.0004707514674510461;-0.010429887639080551;-0.0038206753814929344
0.0022667082570134492;0.005629431765931006;-0.01435480804006755;-0.006773079810113167
0.003375807098718758;0.009921591912321429;-0.014087249931778572;-0.005925803403539907
0.0032424421403797286;0.010707959626480452;-0.009149212830474648;-0.0011147121868879519
0.0018530987559711213;0.0075158512293651124;-0.0009655875452955465;0.005432231482802744
-0.0004421941375434245;0.001187521148193327;0.007359611056456881;0.010311700906029897
-0.002972827350257966;-0.006436697238352778;0.012294600492889822;0.010821559138711597
-0.004917952881589522;-0.013049149117294838;0.01167258180551131;0.006432559437288798
-0.005588773438571782;-0.01653351762412707;0.005986451544882263;-0.0008928224629545571
-0.0047155409456967135;-0.01569397956095535;-0.0017479219859688926;-0.00762348602600709
-0.002602629731745845;-0.01083739112588733;-0.007646545314352375;-0.010317944076699899
-7.855849756650654e-05;-0.00385974315449702;-0.009181091232853416;-0.007241880749126166
0.0017489567933541596;0.002393703038877797;-0.006571871979098826;0.0007418910175004671
0.0018638497901172276;0.005371439652000089;-0.0024392160657443944;0.010376284350806567
-0.000284694751283802;0.004099389702501095;6.539641205590548e-05;0.01727819971429793
-0.004558567801047188;-0.00029165822014428505;-0.0006073134439253634;0.01786192822480235
-0.010152997391312221;-0.005251942310866144;-0.003451303114632817;0.011159534717508645
-0.01583690512638276;-0.008326789711827062;-0.005743807735179096;-0.0003785207314914444
-0.020303078583718652;-0.008484065811162208;-0.005043406183355018;-0.011716649432149194
-0.022526596752053513;-0.006429992504715929;-0.000953127007089332;-0.017514286781270712
-0.0220434274918877;-0.0038907729675331207;0.004547742847364001;-0.014792823017909816
-0.019047713691384433;-0.002515101475924072;0.00841810921257087;-0.004591766081681154
-0.014258466089614978;-0.003102611379913233;0.008616597010120143;0.008316084456224719
-0.008640376839290717;-0.005428309699161129;0.00549457601215838;0.017594511002803685
-0.0031288306462311168;-0.00853319675471889;0.0015357534081235653;0.01840026891071782
0.0015622692203573765;-0.01124350320767132;-0.00042467671517172883;0.009852974793191522
0.005046794224560588;-0.012692358830705778;0.0007299983717667613;-0.004375561246883291
0.007278129093008503;-0.012617475160029708;0.003570938370521034;-0.017798410017318193
0.008458257458459816;-0.011309786364813501;0.005222804247133135;-0.024382139455739287
0.008894726490469577;-0.009306572480961011;0.003596674584618319;-0.02159577124311473
0.008887523329611818;-0.007066218215025395;-0.0009569877710262093;-0.011531585683096238
0.008675991490546677;-0.004820575922632384;-0.005841650110853585;0.00047877596167346907
0.008408707996463767;-0.002642006798877098;-0.008066786485252182;0.008842911120400523
0.00810243197851709;-0.0005941084467249247;-0.00633284164945384;0.010515848686877832
0.0076189724705192086;0.0012130526603444667;-0.001870226151419319;0.006140266294134016
0.006716784409213382;0.0026955181685014203;0.002413699056486828;-0.0008605176816912331
0.005173734648242285;0.0038588246660506633;0.003750799837524872;-0.006423727134541331
0.002906295679234748;0.0047665087505453195;0.001087298581839501;-0.007891790704917067
2.7019454875906856e-05;0.005492095170779756;-0.004434671068303745;-0.0049883598684459535
-0.003156684647053888;0.006114733214541221;-0.010182275564842885;0.00045947926945530025
-0.006191347354200707;0.006678627600431232;-0.013375745678073628;0.005628470466109292
-0.008577673167755323;0.007075095901649884;-0.012329680614041133;0.008014371640521137
-0.009893160367313842;0.006991147215315216;-0.00708889088313939;0.006439629908581261
-0.009881070409690981;0.006073061575876521;0.0006657272949765901;0.0014779069086680982
-0.008491604156567;0.004214004923946005;0.008298460386125512;-0.004749941215651824
-0.005894413856940669;0.0017097311346444333;0.01321024722792771;-0.00932756067527
-0.002443097329574739;-0.0008329437183962406;0.013806636576017252;-0.009697297898266666
0.0014373768358405695;-0.0026950432095760864;0.010133887474784352;-0.004913304587680286
0.005380826081380192;-0.0031877123918686158;0.0039477613929387876;0.0035716363816500193
0.009118825246714679;-0.0017813146801080879;-0.0019292066363205064;0.012197277289806463
0.012427793218771617;0.0016469034485191816;-0.004861745900566904;0.016806229284338062
0.015104791380513644;0.006521628008010558;-0.0037349240124497974;0.014730837504238288
0.017033277302415387;0.011531484024553174;0.00041022761061653725;0.006317473549144865
0.01824426620185871;0.015029982505413176;0.004893531486057144;-0.005038810814416866
0.01886472670318918;0.015697548889456413;0.006816033669833115;-0.014461642428927968
0.01899260194522508;0.013073644690395243;0.004589658251066111;-0.01796001084192396
0.018629893031742978;0.007704181106040596;-0.001272724167661577;-0.014324531028423232
0.01772727904345408;0.0009342397675361742;-0.008535938290665599;-0.005551064976505105
0.01627340505460525;-0.005480381909607721;-0.014529875723444104;0.004352335618494425
0.014344094067071694;-0.009833979425171037;-0.017490701915794063;0.011393039600332541
0.012091289034515187;-0.01098766443995542;-0.017072929922106267;0.013281546227827937
0.0097050740371157;-0.008842401593489492;-0.013849888382072194;0.009996604976300064
0.00738532643398772;-0.004492317956201401;-0.008502505047621452;0.00327461347132035
0.005322465061111257;0.00016668996185025003;-0.0015957103664858195;-0.00434238156557732
0.003655590025986591;0.003245675202177758;0.005896633073899808;-0.010324670320032215
0.002418365725797315;0.0036591588586098764;0.012102659015163128;-0.012731986554445235
0.0015603960927303205;0.0015286398447148786;0.014700923940432797;-0.010723763923725805
0.0010856643816510327;-0.001913570193829081;0.01228173661876271;-0.004985337762427302
0.0011792579653238956;-0.0048268764391602055;0.005560480004143476;0.0022805997570374006
0.002151815837678149;-0.005524450365755973;-0.002673109819845865;0.00811137412157277
0.004219101454955849;-0.003288322209642162;-0.008981979588765267;0.010110432253952311
0.007290302846724422;0.001101240019760464;-0.011076877686982737;0.007637952823788314
0.010876420822431565;0.005494416445127254;-0.008730990956362967;0.002113605158404452
0.014130426338450268;0.007281356691186303;-0.0033673177464462758;-0.003790018971467947
0.016048413205728376;0.004751373418748883;0.003058205493448531;-0.007571470620344252
0.01583387179539729;-0.0017928401046948329;0.008878793261111337;-0.008090482408685208
0.013252119058663706;-0.00986586190148457;0.012808801588401633;-0.005885714973098288
0.008720616086904956;-0.015834087575924152;0.01372141247529712;-0.0025646132109159135
0.0030900465735139667;-0.01669621045170966;0.010793699591284138;0.00023716326618029016
-0.0026632717616940104;-0.011607427727379957;0.004146800622183623;0.0016471015050050848
-0.0076341482120404714;-0.00224678230929526;-0.0046440587521667225;0.0016997083786922187
-0.011108611058152966;0.008117231292839654;-0.012904656898468292;0.0009387420043287229
-0.012720708196994246;0.016189954612044557;-0.018094305802169485;-8.581629221502093e-05
-0.012596289893619238;0.01992840308335067;-0.019069049026034558;-0.0010502667306969602
-0.011317898992361361;0.019013352361966822;-0.01641253452772241;-0.0017714914495716018
-0.009665228603802943;0.014566706225263248;-0.011641897022632604;-0.002028805271773017
-0.008283715941999784;0.008482963389567635;-0.0060292510056699;-0.0015252069994124047
-0.00748095655370848;0.002727921482074517;-3.1545329768787984e-05;-3.5756621807572535e-05
-0.007226238649128455;-0.0012056701848908587;0.00629097280311855;0.002362239087226116
-0.007274238131827857;-0.0026027933500050514;0.012388845044659563;0.00510862820216628
-0.007284851168334088;-0.001535940919009641;0.016800658669922766;0.007135118742601133
-0.006890436572097262;0.001394889061956304;0.017721016157133875;0.007099524402418127
-0.005765840021914809;0.005399909740469431;0.01423508468226232;0.003954059923260284
-0.0037582877260521072;0.009659522643658274;0.0072847167008786165;-0.00225674415129227
-0.0010286729563358593;0.013254209477155415;-0.0004728829262044729;-0.00979096938961113
0.0019270627632108513;0.015115870593683769;-0.0059860249743823105;-0.015414751334001999
0.004451113126426945;0.014288948922654747;-0.007462191814193006;-0.015761079073403253
0.00600891208087786;0.010453260039199894;-0.005186612707488848;-0.009393678420132822
0.006408339767592194;0.004298339686768925;-0.0009937909825588698;0.0016832485584935505
0.005836899569493943;-0.002630843589830495;0.003027701892159174;0.012391169421865696
0.0047309961422843955;-0.008572344371315361;0.005549273759983778;0.017103413820370898
0.003557399015865729;-0.012220359855076647;0.006226025996017087;0.01303536274337332
0.0025913118402754536;-0.013004467901192822;0.0054098518418544735;0.002291947831954095
0.0017871848109665225;-0.010974859380299597;0.0037961336554721936;-0.008991065915257048
0.0008283588576536007;-0.006645777144675213;0.0020945694464533466;-0.014110740651649658
-0.0006558933722134941;-0.0010027200874776017;0.0006696935864532643;-0.009804942334391824
-0.00283965724195194;0.0045342733600761895;-0.0006634922389059867;0.0016872451106363295
-0.005568372021677611;0.00846482372114603;-0.0024189744838244917;0.01383152260514464
-0.00840558736263913;0.009772248895514596;-0.0048883621079098775;0.019586953742215814
-0.01081192254682989;0.008300016359546615;-0.007739707989352309;0.015535055255806552
-0.012348706681200361;0.004699330959916655;-0.010146268157485953;0.0039120050710164216
-0.01279944913676358;5.8428451569036826e-05;-0.011309816623577837;-0.008666488647125803
-0.012172771257877187;-0.00451508803010992;-0.010889037858144924;-0.01507110567388007
-0.010640373264794157;-0.008173112943509848;-0.009053636072292922;-0.0118570485878749
-0.008479755267627079;-0.010421927103610546;-0.006333533676654087;-0.001288146332923597
-0.006026457247398003;-0.011060824157281324;-0.0034832261153836907;0.01004716870147559
-0.00359808836377054;-0.010050074451238513;-0.001280273133248013;0.015192242336528787
-0.001399969631417174;-0.007470346536205726;-0.00015341221455222512;0.010948906452816685
0.000507643682980319;-0.0036859545900489463;0.00013422726287447832;-0.00029473902689722167
0.002116417986170933;0.00043460775287190435;0.0004281522440365853;-0.012044253530648382
0.0032960578493805666;0.003578910170226986;0.001746362457589443;-0.017477283208879188
0.003688574694720567;0.004467848386318284;0.004706039666170915;-0.013248589120607474
0.0028042696156305447;0.0024763440461060176;0.009038276248073594;-0.0012254593767869876
0.00029502295333010847;-0.002004267058474053;0.013419619223865503;0.012639512228232855
-0.0037916160173572097;-0.0076436472268730776;0.015888697859307487;0.02151510750148222
-0.008970619218042706;-0.012648621445570416;0.014843001274121916;0.021166701844002968
-0.014489189496826649;-0.015479554213022332;0.010087370968083452;0.01188201369241238
-0.01954368917828264;-0.015486032381121695;0.0032107016308510817;-0.0019972434871708823
-0.023421348421001267;-0.013063837821992642;-0.0030477293222511666;-0.014425774219952992
-0.025586548773874052;-0.009232557522919372;-0.006187369676701122;-0.02047374617112329
-0.02576991075602913;-0.005017461464282575;-0.005393168822611378;-0.0182319663560296
-0.02404591420994053;-0.0011270917433573269;-0.0021524028602607046;-0.00918147982499765
-0.02083909512242743;0.0019819471889065774;0.0005560792205339688;0.00275081483241684
-0.016825013927411224;0.003950743004071271;0.00018391493237515479;0.012835305391515969
-0.012736919448584854;0.004515685135244083;-0.0036305592354524195;0.017310360695263764
-0.00913709360235538;0.003609255736730526;-0.008807996637587601;0.014807079854093182
-0.006259194781810821;0.0014329084136749607;-0.01233269605435178;0.00692761570310245
-0.0040094381048478575;-0.001509715255630527;-0.012375714179534252;-0.0024277068087029175
-0.002108825331344221;-0.004418859678306376;-0.00937357946432973;-0.00888504647149591
-0.0002705951641509462;-0.006333135306433935;-0.005288185841441076;-0.009731386475593153
0.0016768231710523292;-0.006407696104517648;-0.0018413455749122633;-0.005156247240641001
0.003741192266362758;-0.004170310263721699;0.0006748805440753736;0.0021262636716193497
0.005768942302510452;0.00037611579156496337;0.0031015551724254105;0.008569057726329142
0.007470910760936201;0.006713425772819588;0.006168765793484648;0.011681245379613268
0.008467573016118776;0.013712287848155537;0.009603236835213946;0.010984167218273657
0.008383664737251304;0.019623937881894777;0.012323307759623717;0.007647861430135521
0.007007279547996257;0.022460978296393812;0.013325881184782704;0.0033488652964763273
0.004451937380618321;0.02079989517013169;0.01233482175196203;-0.0007063272872886054
0.0012156003877579003;0.0145662851154911;0.009692164208801195;-0.004021200890749103
-0.001912751898523183;0.005225657037464478;0.005786490865632142;-0.00646154071450545
-0.00405547245475278;-0.004795113530542919;0.0007595238521218729;-0.007867459727169665
-0.004476456795344651;-0.013073008035037597;-0.0051042922842463164;-0.007998933584567942
-0.002776632919552433;-0.01797577002573065;-0.010728669033393609;-0.006766859773710105
0.0009811737165040127;-0.018981213285030843;-0.014212159035681881;-0.00446215108843191
0.006245635652218194;-0.01659192723913033;-0.013788432113429323;-0.0017468397461521256
0.012081820090969921;-0.012006110105920275;-0.009139803085846507;0.000615149205867749
0.017421406827118204;-0.006632540797554366;-0.0019199018740517619;0.0020934731020546475
0.021391573849579505;-0.0015705271726664317;0.005075194488730009;0.0025432722732411177
0.023567322414516863;0.0026922797869949637;0.009501430339724446;0.002094348785169142
0.024011063568303594;0.006167736403292993;0.010637913580802374;0.0009323487288857957
0.023105517417635082;0.00895269455461633;0.009388620433238225;-0.0008114042464678308
0.02131560678241381;0.010859894303464531;0.007324027505024936;-0.002984019828797388
0.019011656534568946;0.01135958721612791;0.005603056954221614;-0.005248753296269251
0.01639334695426864;0.00983684574712324;0.004539523035824496;-0.007020355737550573
0.013498570929469987;0.005988347201265999;0.0039537129532745225;-0.007635433356272715
0.010288291949320079;0.00015325002453481462;0.0037824192437367343;-0.006714762352403346
0.0067822012179405795;-0.006577239683558893;0.004260805459708066;-0.004460897150776341
0.003162897626210382;-0.012558663329555941;0.00548423908214205;-0.0016056885764421057
-0.00023211616378265287;-0.016090601992112482;0.006854720085311646;0.00101413788882255
-0.0030147026163861485;-0.016057268784618245;0.007138072186885571;0.0029240155473193273
-0.004855450000719965;-0.012427269864161716;0.0053331517010924995;0.004114879348259209
-0.005546049569611958;-0.006337382487126695;0.0017159023481402274;0.004701648181849067
-0.005038217951978279;0.00032714093146715017;-0.0019422252944898025;0.004500658739788381
-0.003481457231790283;0.005673953297307649;-0.003424720781637658;0.0030121004260587328
-0.0012283570044819862;0.008502415481913269;-0.0017155416769342423;-7.254519028051372e-05
0.0012411416528841414;0.008636207144805105;0.0021151703393133318;-0.004252099167195939
0.003484170017733625;0.0068145314878032895;0.005627065888387179;-0.008083112000609618
0.0052800598871809564;0.004312466343956026;0.006806449966647836;-0.009774823998400088
0.00670965849442646;0.002484553941132467;0.0054557240819651165;-0.008179514512278193
0.008048452518543409;0.002273417818366314;0.0030527783884090067;-0.003535139902525403
0.009534883983015538;0.0036891181152102284;0.0013325748742790407;0.002513584791096907
0.011155142630080049;0.005489468517632061;0.0009293244241971889;0.007620628730255279
0.01253722609894564;0.00548892401357762;0.0012107497346850627;0.009780121136711721
0.012998664136811576;0.0016774862654217026;0.001212782463514085;0.00820332126734357
0.01178785404250526;-0.006321857669315398;0.0005875313545259909;0.003643679460959778
0.008462933569391026;-0.016422142163204114;-0.0003523339481917815;-0.00198503823311179
0.0031827809373660616;-0.024624904116687808;-0.0013439840181644546;-0.006525715132881673
-0.0033049698986948534;-0.026837086740541943;-0.002677219369771971;-0.008550972073481699
-0.009940010230808259;-0.02093087270837167;-0.004807385554312747;-0.007864065830626493
-0.015656207891565486;-0.007831920504931362;-0.007452943447767653;-0.005309411263304492
-0.019581899287906976;0.008901693338266936;-0.009234045432886404;-0.002121872562015739
-0.021188063680865104;0.0245906630158705;-0.0084369016287327;0.0007275962571103318
-0.020429125568213427;0.035140518241982846;-0.004336179638851393;0.002846224156732003
-0.017778324160913375;0.03825037234142449;0.0020873623272822887;0.004330145957029243
-0.014063080031327705;0.03388587274992743;0.008634916996512379;0.005439661101087737
-0.010172629661681268;0.02404556543330551;0.01312615156850236;0.006298161373665378
-0.006803105137274494;0.011951734035118327;0.014415198766823503;0.006800425342651286
-0.004327135638348229;0.0009511717932815018;0.012574557645345562;0.006712228057003755
-0.0027688447438437088;-0.006437559418452305;0.008380293368734242;0.005778002530548522
-0.0018526562378341795;-0.008993453475417084;0.0027072361447107508;0.003720818509263689
-0.001127558098500476;-0.006785889071802127;-0.0036562447071948278;0.00026572168670225497
-0.00015421992226304952;-0.0009605063195961997;-0.009768975910796457;-0.004572684535723239
0.0013144905477206399;0.006481627241219105;-0.014338556505481981;-0.009949741214553881
0.0032507336731668235;0.012995045518103982;-0.016058042499731043;-0.013855702199511022
0.005402570288135586;0.016109028223156133;-0.014445960269019299;-0.013622967888158085
0.007423558912410859;0.01432954382473082;-0.010471622037037375;-0.007464566479227364
0.00898831896226419;0.007876515670043594;-0.006184040273650818;0.0037024453008218396
0.009859604256558779;-0.001308803118863182;-0.003447533766453883;0.015609144031990966
0.009942684018486208;-0.010420133907127921;-0.0028445647845659968;0.022266820652537274
0.009328982051562282;-0.016984823698862138;-0.00363681201771907;0.01940676784282347
0.008253969443953721;-0.019636887991949428;-0.00457500029418212;0.007564028529037802
0.006945147761097;-0.018144943937591584;-0.004722363388052703;-0.007549811564303103
0.005479462701657436;-0.01305635250608402;-0.003863103297989177;-0.017997895720181317
0.0037820185591412956;-0.00548208849762487;-0.0025865921601190027;-0.018161555575066664
0.001748163095343129;0.002910781223673197;-0.0020727800044879983;-0.008008376963020926
-0.0006280464435612588;0.010054945160671458;-0.0034576633762897695;0.006933303190374265
-0.003192641092671432;0.014018299419307824;-0.006985012772009471;0.01878022278524806
-0.005651854294747455;0.01370405309686139;-0.011584316563746207;0.02166888741889082
-0.0076722020299829444;0.009275327681632762;-0.015374275465195892;0.014772938850486177
-0.009017717311752426;0.002048319181840444;-0.01682267482311616;0.0024074819164922943
-0.00963146384758547;-0.0060540928907627444;-0.015621620340929862;-0.008623648505275501
-0.009611721687597255;-0.013178200310408521;-0.012559777602422538;-0.012824637996360994
-0.009137601452415135;-0.01802721813680626;-0.008665476927540447;-0.008845322013087768
-0.008421281959625595;-0.019988900862666588;-0.004566201125779263;0.00010391469784133393
-0.00768837158395431;-0.01896416709202247;-0.0005884025507950103;0.00833603302695717
-0.00714137694696217;-0.015172613072483788;0.00283305456820804;0.010969452918535683
-0.006896822952628245;-0.009204599772855109;0.005162355271985185;0.006509602177170754
-0.006926053329240049;-0.002255136105879749;0.0062592463655013805;-0.002652363643869736
-0.007029091795968911;0.0038953441232099035;0.006726598062631444;-0.011894149569611129
-0.006869174121725456;0.007479316236717367;0.007536927940356041;-0.01698423030747289
-0.0060898082881149585;0.007630668221484108;0.009067149443190436;-0.01610398868412604
-0.004480052318962116;0.00484143495024676;0.01031846966537154;-0.010323918648891034
-0.0020876876261978184;0.0005868240335124571;0.00915208705712124;-0.002609472548936456
0.0007998047421148859;-0.0035457316542946353;0.003686227618860195;0.0038503177946724106
0.003786709779869398;-0.006548693345439203;-0.00601243150699271;0.007062258089963125
0.006516134760559314;-0.008129827465240212;-0.01727964940015875;0.006792114422948381
0.00874403502734891;-0.008394825289022719;-0.02593747172829372;0.004209697442454385
0.010325340940304312;-0.007444885937240006;-0.028476747215197253;0.0010274936671112174
0.011169531439242073;-0.0052518017660647025;-0.023843741603111868;-0.0013163703874483322
0.011226306747711426;-0.0019169225916672319;-0.013690280885044787;-0.002091994812639375
0.010504988526839924;0.0019827024449487534;-0.0011582569429391986;-0.0013067039973963853
0.009095540199063192;0.005419856330308606;0.01072579796842439;0.0005096007127907407
0.007174017604127371;0.007411992239082467;0.019949613204028036;0.0025989578647793864
0.004989716816487866;0.007554352733714552;0.02544775253562343;0.004252807866555286
0.002830563084627063;0.00611072228298932;0.02666323294927471;0.005008747282641308
0.0009808444625417456;0.0036745999445681196;0.023455182507856706;0.004722400695587741
-0.00029973253584759295;0.0008312884243873293;0.016470454696055292;0.0035315291889265687
-0.0007804032241188777;-0.0018762504968280198;0.007440806578071689;0.001788534279566903
-0.00029096488094521175;-0.0038120901812226235;-0.0011979539522565194;4.512053800302817e-06
0.0012057758270570093;-0.004280460910947507;-0.007350259432189433;-0.0012527585116433467
0.003550862649199178;-0.002841435924856667;-0.010229376047551862;-0.001581448720349765
0.006389347352265568;0.0003387843500940077;-0.010450636904801915;-0.0010188103869749902
0.009235066434846633;0.0044406037195145855;-0.009190113344406982;-0.00013901032635839686
0.011566768357766872;0.008312567998342228;-0.007165600741073633;0.00020364852999425965
0.012928646632493967;0.010916404730056286;-0.00428162859777844;-0.0005941328630170706
0.013026229459454093;0.01162543743836458;-0.00011772834150947095;-0.0024277493671224005
0.011814916260971572;0.010315011326419278;0.005263884684043177;-0.00447725631652472
0.00956089845077937;0.007345176683535964;0.010862385659386103;-0.005720283196887874
0.006824218620294074;0.00351177472069772;0.01494648291834471;-0.005615804646871384
0.004323529624264517;-7.097206416120515e-05;0.015790807776561333;-0.004449081362122455
0.002713721800282146;-0.0022285812820044986;0.012545666746942147;-0.003090792493439032
0.0023692176142701775;-0.0021121665516872046;0.005806544650779143;-0.0023718358709360642
0.00324912613763342;0.00040368799045551243;-0.0024209605021733535;-0.002524840952077017
0.004875089431809917;0.004485023761870018;-0.009402323548148643;-0.003054323916530897
0.006449309620359409;0.008479468315364657;-0.012713598653993182;-0.0031110016270324194
0.007125231444762559;0.010572077359236761;-0.011153680210812271;-0.0021336831410364338
0.006342242729118024;0.00973943787374467;-0.005157652891759364;-0.0003188218191337493
0.004040792671482061;0.006378707554287057;0.0033780556823500953;0.001443621983636683
0.0006391958732141242;0.0020720104013417693;0.0117743503260737;0.0021354577598384997
-0.0031666017762978344;-0.0013888948198996554;0.017557851205152415;0.0012512795522175173
-0.006628878992396505;-0.0029846664866983227;0.01937019317115535;-0.0009257858926986045
-0.00911952580261783;-0.0027809890259403638;0.01733267496466605;-0.0035207242101662644
-0.010256738334008001;-0.001502414250669247;0.012692599177281884;-0.005518980805458016
-0.009985171963705733;0.000147916848370629;0.007055710621042397;-0.006190742052319596
-0.008565786937409071;0.0018690058878467802;0.001757314781978467;-0.005328003300273525
-0.006474182957895451;0.003649951162531822;-0.0022764312375119587;-0.003254735421730786
-0.004286060460268839;0.005383433788053006;-0.004331338449695539;-0.0006198739253779347
-0.002616376007090508;0.006573200526236296;-0.0038681208459441694;0.001953443655318339
-0.002084248913707914;0.006373888600274364;-0.0009194251543188022;0.004182076620948947
-0.0032287560685972526;0.0039601495780375445;0.0034067440596928433;0.006175744566646079
-0.0063532822628183045;-0.0009712547281075447;0.006978947776411232;0.008131631795233617
-0.01135904804422029;-0.007831715346589498;0.0075606987263558195;0.009856016050992705
-0.017667641313709615;-0.015119621222102041;0.004123679561885495;0.0105443379515726
-0.024303564786874954;-0.020837584942541777;-0.0024187641402471467;0.009184480147034503
-0.03012608802870389;-0.023242362221759162;-0.009711946316161206;0.005470206163226865
-0.03412206844159739;-0.02159468700607941;-0.015374507906359407;0.0005346163264866181
-0.03565207558699502;-0.016496308830326982;-0.018227169280219245;-0.0032864652258018223
-0.034568732209251524;-0.009628204052543759;-0.01841837542015028;-0.003786476070299378
-0.03116986957857254;-0.0030738685616731737;-0.01654534863435695;-0.00047105563929973046
-0.026024079909967565;0.0014229955857416204;-0.012755580708575168;0.00482855657842973
-0.019785107710359084;0.0030040895093956985;-0.0067492360872425505;0.008899112811144689
-0.013094204048948085;0.001885629286400476;0.0013195873557447799;0.009096756685365281
-0.00655174638909144;-0.0008851547476337065;0.009956841254768851;0.0050142998745667956
-0.0006728284732716664;-0.0039729482281751554;0.016439262909829316;-0.0012488017214581858
0.004188749290858076;-0.006267318485269425;0.01809129746763089;-0.006382539306052123
0.007878014908062274;-0.0071331055658845005;0.013944364098304048;-0.007856755346501956
0.010398077159751527;-0.0064396864927103075;0.005635452537721283;-0.0053153936680572665
0.011839320745086288;-0.004502425933986502;-0.0031812687371408615;-0.0005536717670963244
0.012335043431757882;-0.0019522605245277315;-0.008718193154807645;0.00376605908024766
0.012030386302248855;0.0005052107894111759;-0.009143938449020887;0.005730223643033517
0.01102731457672393;0.002373849615902887;-0.005523529997967748;0.005095751807106459
0.009333865656676306;0.0035304256135945218;-0.0009397202316380703;0.0030428704763482244
0.006896546326871735;0.004164874661047074;0.0016144904965105537;0.0010821453973114258
0.0037334691494939464;0.004564235639926089;0.0010996808675327692;-2.760564924913375e-05
7.037651948280399e-05;0.004914976631872297;-0.0012013394332560598;-0.0005830500651811206
-0.0036458687548038557;0.00523789192855792;-0.0029306653640743816;-0.00135253381021538
-0.006883238865147606;0.005412964510139598;-0.0024855309351985463;-0.00270567334881624
-0.009218224020903885;0.005185502101808114;-4.6718004341228476e-05;-0.004229421180798467
-0.010464076001094877;0.00415328805916681;0.0028903116876964853;-0.0051225252605782475
-0.010669465775762093;0.0018706047056235168;0.004956361089809795;-0.004970418179383518
-0.01001183833645003;-0.0018418952621248564;0.006014513685522287;-0.004175940864877134
-0.008671557901274145;-0.006528241111356111;0.006949018326721847;-0.0036082347622272545
-0.006771767311764451;-0.011004798016449314;0.008361444076201601;-0.003721721530648507
-0.004400283912299339;-0.0137657519492067;0.00946853967836182;-0.003947201018772233
-0.001654436148504135;-0.013706870135261999;0.008401718790539154;-0.0030346983875569533
0.0013458158179588259;-0.010676500918652547;0.0038219394378358395;-0.000210313410491447
0.004459047166510079;-0.005494362277235722;-0.003544168394961154;0.003815243723316087
0.0075012673848873;0.00048548151081884844;-0.010899265214540594;0.0069616077514752924
0.010234881829951966;0.005910315355682448;-0.01507129105256821;0.007101812562558765
0.012421533375144452;0.009768253874840725;-0.01462010180184372;0.0036546691519164574
0.013898870279936098;0.01145549952135973;-0.010697690728430515;-0.0017631058189023013
0.0145899934175161;0.010688772449961883;-0.005998801124118703;-0.006159435941683412
0.014455779663698163;0.007483358046688596;-0.002658277102560132;-0.006948361106009489
0.013488340113809895;0.0023232443056014664;-0.000789466410433062;-0.0035171353756771216
0.01176512886762019;-0.003650061389839335;0.001173849193808019;0.0024397997061239864
0.009481834741364822;-0.008785306672318307;0.004686763976575175;0.007990844792163955
0.006926581220818781;-0.011511143000079518;0.009459884209434189;0.010650739139975322
0.004439806606622868;-0.011020063062910364;0.013450164637776154;0.009532391526849612
0.002375751893945182;-0.007574557614547543;0.014481388443300791;0.0053638290490363
0.0010284246936981991;-0.002290548230937426;0.012043959191312159;-0.00029590793425797403
0.0005265965732069068;0.003359178059568642;0.007716118675153866;-0.005833237997612488
0.0007723809502439312;0.00800518167939867;0.003916509977387889;-0.009875513835105936
0.0014965901479235908;0.010693997101777453;0.0021151262121232133;-0.011311025695756365
0.00243606358666372;0.011104817652170623;0.0019759397421074175;-0.009514345214109347
0.003532151174360837;0.00966507707906097;0.00200827569797568;-0.004867038569234109
0.00497529959441321;0.007442558187603479;0.0010366313331597683;0.0009234081410710285
0.007016855424164835;0.005721873663176369;-0.0007605316874938399;0.005297068344179205
0.009699733653293822;0.0053472573521139415;-0.0019828313116309884;0.006120029382135017
0.012735932597996213;0.006129908129633064;-0.001059665840561657;0.0030316657046950283
0.015570794466389266;0.006749453835632582;0.0026276576915133213;-0.0021244729262420692
0.01751205386445857;0.005417417662100839;0.00826713686502315;-0.006260396365037338
0.017881567870003123;0.0010646630223455455;0.01394989274996526;-0.006921586853910863
0.016250850007908824;-0.005671912939723653;0.017514764363812708;-0.0039001743219671814
0.012703968406919244;-0.012388781528801601;0.017424193743953625;0.0005355808786538363
0.007909044370879238;-0.015961081148641965;0.013287132272557985;0.0030729231009891914
0.00288053887840522;-0.014158151166375983;0.00590749400072267;0.0016223072242887411
-0.0014016076939318207;-0.006896851079090039;-0.0030145844111584183;-0.0030657853912257867
-0.004251389781331279;0.003588119866061266;-0.011354645389900485;-0.007637959931606367
-0.005344085014108586;0.013704083298479983;-0.0171299267070051;-0.008247515361332081
-0.0047142008941001914;0.020021154811328785;-0.01906017010347108;-0.0032013196722647883
-0.0027619691695573985;0.020620478686897845;-0.01690121436625189;0.005690736491546465
-0.00019905014846296787;0.015755041576296012;-0.011405593899478603;0.01404952561590904
0.0021434839252560105;0.007645601302245858;-0.004041748730239796;0.017519324618324394
0.0035946475642862365;-0.000433840817270444;0.0033000253663157913;0.014268465241800627
0.0038748055064137853;-0.005376461737228059;0.008600808979003238;0.005819910574182774
0.0031732690660611364;-0.005310996948559318;0.010171289211567227;-0.004131034866801316
0.002045199753840767;-0.00019025717960222173;0.007296467988749301;-0.01190963332740259
0.0011673025833415615;0.008243783962653383;0.0007574942602443973;-0.015521699636111101
0.001047606951433189;0.01707618820525112;-0.007241608257469208;-0.014822782694320122
0.0018210389945396777;0.023198431233722436;-0.013966894043134512;-0.010505200773798132
0.0032334825003319948;0.02433203983708139;-0.017481055554839555;-0.003169362320460784
0.00480886064815272;0.01977558534780984;-0.017500577589805555;0.006452688157478436
0.0060848027321381394;0.010616703127265203;-0.015115509790874209;0.01634016563700319
0.0067939131846001454;-0.0007011836143863599;-0.011731538926240601;0.02258687075641779
0.006938532329511099;-0.011302630665157019;-0.008340643111648031;0.02080060471963478
0.006744947401316706;-0.01886327085099042;-0.005658583260895373;0.009226391486014349
0.006494521894524673;-0.022182149257400748;-0.004444693937512304;-0.008689493653987976
0.0063162043185062385;-0.02120363817358505;-0.005145167074130773;-0.02484557322925504
0.006114277645611696;-0.016753404867906715;-0.0071459075000029635;-0.030585660239799483
0.005706523867105598;-0.010272659784659964;-0.008736275120695393;-0.02196181377495556
0.005028830823686235;-0.0035330534919988882;-0.008203513260740439;-0.002596978697905103
0.00420767245045609;0.001801965895016658;-0.005181943954281445;0.017929865702133167
0.0034639041368562;0.004683393234920211;-0.0010089149859075198;0.029272260312745758
0.002955982675212071;0.004968131278128462;0.0022757308727180355;0.02592033717983591
0.002671599288430585;0.003309662889377263;0.003438144632242083;0.009982203307832584
0.002425367737870565;0.000735135675865124;0.002827223600952376;-0.01023534048877774
0.0019709675590248196;-0.001820781609576026;0.0019096038697062445;-0.02480261630617404
0.0011521404074821833;-0.003802152072375263;0.0020730593613960424;-0.027271111707512175
-4.1375874622667926e-05;-0.005095925468921044;0.0036012144075909702;-0.01762096118430376
-0.001558383862955343;-0.005937185014433961;0.005460014748913091;-0.0017093621093557704
-0.0033882800875194865;-0.006694893494856772;0.006003149878822488;0.012187438481140778
-0.005535467795735632;-0.007576604747928245;0.004085984469079385;0.01771370463545674
-0.007894479672372908;-0.008403004818704965;-0.00028151396583270814;0.01339440956420697
-0.010193641607337196;-0.008666211009415208;-0.006223079680719252;0.002863160423828044
-0.012094000546093435;-0.007903400614695901;-0.012774217409151205;-0.007511247787016405
-0.01334805467124007;-0.006113119397017978;-0.01922320537953429;-0.012171729974648531
-0.013878446683909406;-0.003864191670269818;-0.024694992571000215;-0.009176885302037271
-0.013752969220477355;-0.0019988416843921687;-0.027681455193773703;-0.000848340622615447
-0.013127901826887655;-0.0011434910951974324;-0.026403513176131942;0.007937179310079123
-0.012208661435137685;-0.0013536813865104047;-0.019971130599650968;0.012699917363201155
-0.011218184690943744;-0.0021136574680346116;-0.009355205386941134;0.011778937679235907
-0.010354421114854772;-0.0026636523761295224;0.0027589797362057356;0.006867033572125842
-0.00973567597487616;-0.002374192795567344;0.013214870835535322;0.0015514904049946387
-0.00934493326517017;-0.0008774049213289333;0.019817039002888927;-0.0010155524919908418
-0.009010931672222416;0.0020133010677196076;0.022011297814566008;0.00017730363147105087
-0.008482988514694034;0.006278075960889256;0.020597596355287642;0.003780920016432816
-0.007596026691731756;0.011417473331767281;0.016988205885555344;0.007184688691279484
-0.006407052284355252;0.01624543992214691;0.012632609189159972;0.008082013135058738
-0.005165865600961065;0.019174453297225506;0.008777808915706635;0.005618884053254009
-0.004127992505790007;0.018967507324489225;0.006295919097568729;0.0006772860860861553
-0.003372129765962404;0.015428321987641175;0.0053734829725523145;-0.004660261962706718
-0.002762860165662814;0.009520108922020582;0.005283751573834004;-0.008126446460599618
-0.002043968566585516;0.0028842249364469425;0.004660232012477343;-0.008327733103068191
-0.0009561533836639283;-0.0028503381601875225;0.002324380846724084;-0.005408492072316945
0.0006808852817963419;-0.006548900966855764;-0.0018587959726512075;-0.0009937509174411207
0.0029073030292051535;-0.007700606782270642;-0.006765676538072488;0.002623541807358597
0.005566436777220387;-0.006348313633714213;-0.010620070333601909;0.0036742728472782715
0.00828518375319997;-0.003046235999388534;-0.01196735079446102;0.0018410327376420814
0.010542660226820417;0.0011296801885013886;-0.010358445070147333;-0.0016115844579616047
0.011826592551351649;0.004724276791912964;-0.006400801776715103;-0.004587205350453537
0.0118016370275144;0.006344346693542308;-0.0013241444140204657;-0.005352135283477521
0.010405350447794516;0.005233303921428845;0.0035397433641743267;-0.003479315402661668
0.007859988542822636;0.0016262178327249152;0.007096870112478931;-1.8117400526829594e-05
0.0046425496834780885;-0.0033268623771022265;0.008676273442873902;0.00316062047496647
0.0014216609424259094;-0.008008649843429597;0.00820710205417632;0.0044294630410525735
-0.0010794807823910745;-0.010945068024382712;0.006384657103370759;0.0032687533356752906
-0.00230352095621912;-0.01135082783162116;0.004600187991122883;0.00048118294625103464
-0.0020934798985447916;-0.009409781912932904;0.0044069554947255615;-0.0022983605694225414
-0.0008387083253829327;-0.006186360479044901;0.006610334132030586;-0.003481209648723109
0.0005506543369745044;-0.0032085055250397915;0.01048990550386449;-0.0023334927211708925
0.0008865333882533114;-0.0018408925954897437;0.013828574019896006;0.000635128511474646
-0.0008674978746360121;-0.0026116342431157973;0.014060494470166272;0.003842753461280756
-0.005137423827736817;-0.004792387238328807;0.010010997852024367;0.005332048348150813
-0.011479363959058101;-0.006617526343255865;0.002998228519805367;0.003784892368740885
-0.018656334417625327;-0.006234856136827529;-0.003697829723487476;-0.0006012361419426375
-0.02501235477058884;-0.00287525668854804;-0.00677620713750427;-0.005983725749422428
-0.02900240782750253;0.0025888381699571347;-0.004888760377185882;-0.009792978015685298
-0.029704464385552028;0.008109902374111173;0.0007298616669971942;-0.010225225595483334
-0.02710939278384562;0.011570217738150868;0.007253843893634431;-0.007267047702550274
-0.022039155965258024;0.011754131020232966;0.012004128036458832;-0.0025258454911832626
-0.015754457896827195;0.008723794626707977;0.013740707130713743;0.0018914575709482063
-0.009501448673756867;0.003627817622794414;0.012867243018662777;0.004538244341499765
-0.004208132974594423;-0.0018327580921521796;0.010713284925688817;0.005083630706328276
-0.0003627122282444688;-0.006061511682726567;0.008521235359347398;0.003999437773200028
0.0019846889566979137;-0.00810376811702025;0.006736611687869223;0.0019508909643281243
0.003128674883935616;-0.007856425437609046;0.004920696561327536;-0.0005776846066536753
0.003543786884752462;-0.005929143252794429;0.0022913494828532086;-0.0032196355310411882
0.00370794748224542;-0.0033091192172353488;-0.0014327949150545287;-0.005435930916212099
0.003980151829585379;-0.0010057738645395452;-0.005478358380876913;-0.006403946937513103
0.004545553153823345;0.00022003585594445696;-0.008253603974894056;-0.0053270971232554695
0.0053996357890442855;2.8800816130913917e-05;-0.008301155944511432;-0.0020118895355867436
0.0063577563812852;-0.0013869526243339785;-0.005288472592315784;0.0027311864410105337
0.007108368864077725;-0.003285813336135839;-0.00032545076002393937;0.007228241038894401
0.007320841844665097;-0.004586543017991369;0.004560384829127988;0.009625317336402203
0.006773410239561162;-0.004338733653122065;0.007413275634238857;0.008775678788625431
0.005441360482445679;-0.0022189136395943956;0.00725179029491367;0.00486875994900373
0.003511903356374303;0.0012860919373812966;0.004447809564530435;-0.0005606566313472072
0.0013312761344207054;0.005119468120976138;0.0004142045230611175;-0.0053168880128535625
-0.0006957734373022623;0.008133866513387296;-0.003190458881679279;-0.007605615174385233
-0.002225319926615394;0.009532185754239492;-0.005253847111584418;-0.006886784506460726
-0.0030701009327293548;0.009080932804344386;-0.00555966163708714;-0.004031748409521772
-0.003237086854817526;0.007054396089418427;-0.004574917833712527;-0.0007441433007865708
-0.0028970108277671667;0.004014010441179241;-0.002912941178504255;0.0013727507240875706
-0.0022904776965117137;0.0006054977844028766;-0.0009053078791227846;0.0016071187225398236
-0.0015971525241222776;-0.002518125872099815;0.0013893534430006213;0.00043606921343351476
-0.000843116930563967;-0.004715741983990947;0.003776136736901294;-0.0007868001746843126
6.874230201258722e-05;-0.005462435397265171;0.005513991266298887;-0.0006141169828155428
0.0012131171031048156;-0.0045526583791533;0.005382675216632694;0.0016005415937442858
0.0025069810423561994;-0.00224749621087365;0.002372895279581969;0.00515808609712748
0.0037112274029943507;0.0007759134626136089;-0.0034168133118042177;0.008195988695045626
0.004569316821096684;0.0036371442861979756;-0.010393534347818357;0.008640739598746863
0.004962543818774995;0.0054684120661517175;-0.01599266889683017;0.0054845581101980794
0.004960437518393017;0.0055467494148198505;-0.017839452204465603;-0.00038262675208520727
0.004746453375585434;0.0034144965509156342;-0.014860585028974182;-0.006391838589215532
0.004495862715807195;-0.0009162325657271914;-0.007766595614632215;-0.009551204433437174
0.004293110085666218;-0.006733014406169524;0.001240874276977941;-0.00805827613342219
0.004124812528503038;-0.012562611931946048;0.009294650148335026;-0.002345156439259019
0.003943337963668155;-0.016445289263993933;0.013855371400225967;0.005018819420925776
0.0037657767284897826;-0.01656011022494966;0.01359457983831302;0.010485643980559504
0.0037277427727210053;-0.01205233074137779;0.008959504402270469;0.011161529015448321
0.0040148263257555735;-0.0037435423735370445;0.00215182879371561;0.00620232856932897
0.004708955895917208;0.005729089248322801;-0.0037361967529013457;-0.0025943118178690114
0.005702792219462138;0.012704113426194251;-0.00630703244772971;-0.011335165962408304
0.006786748888521576;0.014095704329133724;-0.0053703096802039645;-0.015721481389038432
0.00783670295703401;0.009026733608400778;-0.0032172994307611918;-0.013344450189948
0.00893512940290928;-0.0005389953390482785;-0.0031008332547603898;-0.00542710437803889
0.0103439291420568;-0.010704507797143324;-0.006825161678258178;0.00332004997550901
0.012378912714245063;-0.01766635053186032;-0.013338015227332608;0.007229482649850338
0.015243670144740602;-0.01968342024917259;-0.019456031247111226;0.003389185849838914
0.018813217631855537;-0.01778329684595005;-0.02195271091372716;-0.005986430667459364
0.022416574821935053;-0.014798726504398228;-0.019247551530923734;-0.014516920924825953
0.024845320335554387;-0.013454350292340109;-0.011763966732088333;-0.015605882629826288
0.024794124936862394;-0.014784432792161049;-0.0013999530791262576;-0.006785862050821085
0.02155988461131133;-0.0177154083769724;0.00908010017311094;0.008455929079214832
0.015478406285000544;-0.01975180371806786;0.016562445517352406;0.02253304244926377
0.0077495444605094705;-0.01820985073343389;0.018372775375712923;0.02806189219551204
-0.00015701148133103355;-0.011487165562847066;0.013443569867096286;0.021985273349413786
-0.007038999008259469;2.9335577832096288e-05;0.003259821610844097;0.0072053579459068415
-0.012181353451738118;0.0138328333860899;-0.008314361993628578;-0.009026252464794323
-0.015333299219592042;0.026181231149871906;-0.016612361880645708;-0.018924711387667013
-0.016607126037015002;0.033668257654356736;-0.018368786160436613;-0.018090155930680165
-0.016375712608018934;0.03463321684128213;-0.013266872879805556;-0.007552082903226422
-0.01517749632855025;0.02966951556286801;-0.003971907099004939;0.006933035574870716
-0.013606991109597956;0.0211459688389033;0.005338920864781168;0.017828254270267754
-0.012160035822468907;0.012187117367607728;0.01115570397865412;0.01952859539964624
-0.011063363646285436;0.005580157764023099;0.012287419868411156;0.011095119657234413
-0.010201299406300041;0.0028800200600451772;0.009999181921882271;-0.003284318170297165
-0.009224713500428304;0.003961222700592057;0.006687962344365786;-0.016368818204874507
-0.0077845941422207444;0.007274073644003634;0.004199649444745719;-0.021489428398003926
-0.005726782426954292;0.010742661434618711;0.0029587184315625573;-0.015925923081549404
-0.0031306115166121118;0.01276259083599414;0.00222555929814462;-0.002324004037986983
-0.00022370891536936096;0.012705772123393322;0.0009821316864526443;0.01260163664615498
0.002705040348131139;0.0108177289393625;-0.0012277024733420262;0.02146665387678147
0.005339902148599991;0.007822416563645133;-0.003938283387370119;0.01998713564292616
0.007381811534788;0.004543712592341635;-0.006022911808219797;0.009132547030895628
0.008650291238251472;0.0016556090974702846;-0.006403990623485331;-0.005484359472336094
0.009174719801883266;-0.00041683815611307103;-0.004755496428589097;-0.016616983197153053
0.009168411233099194;-0.0014640541160424823;-0.0017180628731734077;-0.019144211377495838
0.00888264473582773;-0.0014292048724986477;0.0015162625402486492;-0.012586317586340256
0.008447920145696475;-0.00043661683938427505;0.003943188655634035;-0.001101646091377533
0.007810915502208298;0.0011068885741196892;0.005277346944727117;0.008961682587279725
0.006796332687116427;0.0025114774421848216;0.005901079804590752;0.012599716812191337
0.005245720334959793;0.0030360905363352522;0.006298152844981555;0.008837935973651706
0.0031518687464849133;0.0022458097382278995;0.006435216580096144;0.001080164983757014
0.0007205805052317807;0.0002253801099590753;0.005604290569514328;-0.005083567931656581
-0.0016632423179130144;-0.002487696555808576;0.0029343840272613225;-0.005346074237217893
-0.0035400381998287422;-0.005111981445762874;-0.0017133240251792628;0.0006439566805691073
-0.004501346517893322;-0.006774510610432319;-0.00716840961240312;0.009057497242507944
-0.0042974199723246195;-0.006626150597494456;-0.011316284894666065;0.014275289349470345
-0.0029141315723337767;-0.00409069836579236;-0.012309276170266874;0.012411532376317097
-0.000613397062590016;0.0007492813052982047;-0.009738123549760613;0.003759425875530605
0.0020893897597879544;0.006900724455843212;-0.004831796696252914;-0.0073628402019738585
0.004534985979207365;0.01262668650551544;0.00044168132112752277;-0.015214300333232624
0.0060898542506397325;0.016040516340723884;0.004596307329510253;-0.01598348787491331
0.006310461920183137;0.01585413836860172;0.007212637666412811;-0.009803176412722206
0.005060179488054255;0.011928969997337587;0.008574891330005916;-0.0003364218203767879
0.0025657726711489155;0.005385268905774096;0.008900473581116257;0.007542805979042698
-0.0006128691065903267;-0.0017889351125160533;0.008002407087932513;0.010380282246186132
-0.0037221794864036113;-0.007479512279578841;0.005717923320647989;0.007585114004069654
-0.006018903699894503;-0.010212470763173302;0.0025883724441310755;0.0011680034403858746
-0.0069492420309865185;-0.009602618218514172;-8.213698522118514e-05;-0.005678961006736066
-0.006264731189811318;-0.006348185559328208;-0.0011098494586054659;-0.010151232325592981
-0.004094275069609594;-0.0018928173358897227;-0.0005819995532714082;-0.01081423402725171
-0.00095491095281309;0.0020579208058018384;-0.0001326840371050453;-0.007845893968250013
0.0023703572590197796;0.004079232663156028;-0.0018230387144955033;-0.0027381451864459203
0.005099100967146532;0.003543303922486944;-0.006362321085352819;0.002341464760875721
0.00673690910481608;0.0008817388489466588;-0.012138345347020721;0.00538553699304091
0.007216671430425455;-0.0026194262573906186;-0.015975346240650154;0.005341628505573591
0.006826740512043552;-0.005429348969400969;-0.015153144491898715;0.0025128548239787664
0.006010546580099979;-0.006476854177588445;-0.009210664913905294;-0.0016681347624098242
0.0051673604892462695;-0.005619050648184121;-0.00024316955511033563;-0.005368538434037668
0.004528425405932841;-0.003649391008047264;0.008426086809461669;-0.007172172869980738
0.004121043168585475;-0.0018106405035171267;0.014133386067358176;-0.006578191554612383
0.003808438245673122;-0.0010764890627787732;0.01597683392667503;-0.004019106988446709
0.00337423874368386;-0.0016660617784408744;0.014574445260701169;-0.0004985182522552464
0.002611321314278043;-0.003093666285916797;0.011032603986550888;0.002892128410565973
0.0014026735533305612;-0.004622347454901846;0.006150561118971668;0.00531277509443919
-0.00020060755139881235;-0.005694558445716336;0.00040926679206564753;0.006264360114923169
-0.0019444880270451752;-0.006044813727735084;-0.0055546150317832745;0.005545995798756635
-0.003457609473020907;-0.005591408599172022;-0.010687616024887265;0.0032823052145782463
-0.004462713350281766;-0.00440675207884074;-0.013833246113644414;7.052679834034366e-05
-0.004990727795430212;-0.0028735356178012854;-0.014339724539976003;-0.0029478782621776903
-0.005438354151693396;-0.0018083848892874355;-0.012394628857703425;-0.004354351287693467
-0.006409026279055509;-0.002249646746223312;-0.008824589015078143;-0.0030984689843241296
-0.008417289423315037;-0.004859005987121101;-0.004608252753448263;0.0007913052781453498
-0.011619982836050377;-0.009279107504876774;-0.0005331190808162109;0.005928104007062307
-0.015721099762313985;-0.0139839286542466;0.0028293568061999136;0.01005216000041235
-0.020081115841628562;-0.01689796866915602;0.005010864420156423;0.011164364952636787
-0.023928466786428737;-0.016469600686334646;0.0056752997396153585;0.008711349964662102
-0.02655327853327541;-0.01248843426666867;0.00487343745947722;0.004054118898699939
-0.027458075608931327;-0.006140186999880651;0.0033193710565356605;-0.00019932095738521522
-0.026481148203653562;0.0006094377613008311;0.002342952764569488;-0.001693157170315968
-0.02384219576971756;0.0058168621532634955;0.0033280808830224696;0.00024158093544332762
-0.020046907431710177;0.008177577993136615;0.0068492905047161734;0.0041025204075339945
-0.01569808308428299;0.007390590025181428;0.01206250468335857;0.006979188523800873
-0.011333986539578997;0.004250663817471992;0.016856490904016034;0.0061543750027526585
-0.007350038442648774;0.0003286343249227791;0.018801494695725472;0.0007133593333991946
-0.0039798186763519644;-0.002763572057320078;0.016376683323054964;-0.0076813980232032526
-0.0013126111577527082;-0.0041478846827297374;0.009752568730705305;-0.015332940185859205
0.0006627107236316833;-0.003988489366546128;0.0007105008228468192;-0.018233704749928033
0.002023351394076755;-0.0031611171990962327;-0.008172282180889988;-0.014193796290614322
0.0029184055927761257;-0.0025718735417197603;-0.01458391872265717;-0.004272844218537442
0.0035793459842821426;-0.0025969638620403565;-0.017278683352963373;0.0073478140383751766
0.004263449129019133;-0.0029482320753256588;-0.0162971991666092;0.015167959070041486
0.005119376648587786;-0.0029525003044819334;-0.012571312968566591;0.015061900242962303
0.0060573773735688435;-0.0020060223422640865;-0.007229052998538252;0.006510609718845509
0.006727884169945576;6.103760531770676e-05;-0.001128659460074106;-0.0068600266917238535
0.00664736693979686;0.002865406806767981;0.005061845099268438;-0.018855154515622165
0.005421997421549866;0.005621534008709523;0.010479209686665845;-0.02372118791754212
0.002962641985004647;0.007476614511801937;0.013956745225207323;-0.019116856240534448
-0.0004169121036501276;0.007857182080603072;0.01447797835463776;-0.007486332843811896
-0.004067556716845414;0.006645287685662136;0.011824984073697904;0.005045864934840258
-0.007202609633967844;0.004123605740876191;0.006806889656271904;0.011902879832620982
-0.009140774944931554;0.0008067860640531718;0.000923455962988612;0.009757592971398827
-0.009508903524514157;-0.00267371520874325;-0.00411753910376953;0.0005262863445749253
-0.008333060828079253;-0.005615427560813349;-0.006732347225577763;-0.009677111087309656
-0.00597673179352952;-0.007361099581548599;-0.005887830473893114;-0.014093209364282983
-0.0029583977855365895;-0.007543495945632676;-0.0018228641522913497;-0.00927067325156165
0.00024516073542915694;-0.006289119856102903;0.0034715032676808466;0.0028751835699410157
0.00330707750215308;-0.0041721531535664925;0.006858765660645155;0.016010123457763644
0.006042463757754418;-0.0019365700317843582;0.005782943482006936;0.02276326112217799
0.008329212166593302;-0.00020138592183455143;-2.4061438878707687e-05;0.018748518624819768
0.010036147826979851;0.0006824547186635388;-0.008224013937754692;0.005148107641855189
0.011027733954481906;0.0006152214787108215;-0.015253511071119049;-0.011555097101400416
0.01124537685121464;-0.0003515638671446604;-0.018351004589645722;-0.02275770640221018
0.010772186523607;-0.0021013701624059784;-0.016805096866755367;-0.02234055583508338
0.00978678284479287;-0.004422256142795175;-0.01181396608176002;-0.010224849225574583
0.008440016206570526;-0.006838738958772382;-0.005382003836608452;0.007276818646951415
0.006796237038247434;-0.008478540301859499;0.0008660976510820526;0.020770422621465716
0.004916165587682982;-0.00824636689624849;0.006209554615500653;0.022999536818094954
0.0029923116453225065;-0.005366352521299125;0.010484163611638649;0.012916350891522842
0.0013770223784546234;3.0390608664383257e-05;0.013393458286843614;-0.0038351304804770596
0.00044046045940015187;0.006735030736658387;0.014340514456209045;-0.01822828690855341
0.0003575206096024996;0.012860972058884474;0.013024670331567918;-0.022873823110816
0.0009930164998069632;0.016533437385641298;0.010062853614381204;-0.015829953482631717
0.001970796078844696;0.01648733744352817;0.006776542574117986;-0.0012138634419756166
0.002874979832644991;0.012432361886956046;0.00420527951877876;0.013427831620193767
0.0034705512573638022;0.005212016545180619;0.0022409656870178716;0.021243650403777025
0.0038352776019463025;-0.0033072582382771944;-0.00032910902845679064;0.01932399409585371
0.004319682876097436;-0.01074416197284265;-0.00484729323474262;0.009531235385964093
0.005344644582389896;-0.015041371697864096;-0.01155392048486156;-0.0030342429766217647
0.007170585729874337;-0.01530502244391299;-0.018979533062018883;-0.012706762743549338
0.009756661824013501;-0.012239507465596444;-0.024465720893336936;-0.015672940487613356
0.012693354789285401;-0.007901981284401869;-0.02553476741825685;-0.011254930630344665
0.01518451754358441;-0.004771984531344142;-0.021176713334369716;-0.001804659615540057
0.016191289799184338;-0.004496197490237928;-0.012228651701623348;0.008559784883097624
0.014830304812408542;-0.0069454238902790155;-0.0008095119795205111;0.015787585988781935
0.010857855961373987;-0.010152216724183384;0.010577762327554306;0.017527093300264203
0.004906930989614991;-0.011236548087046867;0.019702983514093064;0.01389791133711602
-0.0016805020543392112;-0.007855017929314577;0.02490240481877264;0.007142119325873668
-0.007286218893739282;0.0005858479945651336;0.02520382639898932;0.00038799345058012464
-0.010484030962183033;0.012563562969908699;0.02044273121598048;-0.0038516157980820398
-0.010419504745718802;0.02507382643354684;0.011338034386076773;-0.004699664585156777
-0.0070508213991084786;0.034902057147420534;-0.0005631255771234025;-0.002965237113213241
-0.001188242057096988;0.039851089935746;-0.01307573351822494;-0.0003081700097961339
0.005709882202252826;0.03932191160030525;-0.02366072024337421;0.0018545746948490647
0.01193930422891832;0.03409307670136956;-0.02981799392940854;0.0029682224253959233
0.016026042701598006;0.02564152674394682;-0.029671540452748214;0.0031926742255972023
0.01712264111888037;0.015523505192933594;-0.022760863015142508;0.002822715081863929
0.015195445775012454;0.005108207662273229;-0.010755299036060127;0.0018815542560372224
0.010959191255108601;-0.004404709068028603;0.0025264150078773274;0.00021443370637180953
0.005616386507899974;-0.011925783415755497;0.01231126753455244;-0.0020986810050361046
0.0005086526880388835;-0.016537155128083174;0.015040063596848759;-0.004462838514009375
-0.0032145500970029457;-0.017671061018588945;0.010317070987215661;-0.005917702189201647
-0.004829250330323608;-0.015299339789076246;0.0012383924987451154;-0.005631469773030651
-0.004142413692676547;-0.010030236523431952;-0.0073447543924236615;-0.0033944791114084273
-0.0014921165349000044;-0.0030706969817724736;-0.011593819472267885;0.00018800395745321072
0.0023343844672524833;0.003965930034919507;-0.01063442582014696;0.0038676458194254557
0.006276641026780409;0.009448385203555336;-0.006393333625266178;0.006166299261421208
0.009273865112540108;0.012265380382841168;-0.0016075032794995656;0.005897619924103385
0.010566436545723427;0.01225262067893518;0.002307805764528516;0.00271044673008666
0.00990106463755135;0.01018736676503825;0.00584670698913302;-0.0025266387336852587
0.00754200407117303;0.007293237944260197;0.010186504029239178;-0.007833091740642945
0.004093181013815453;0.004558330179628373;0.015411383583204898;-0.010927867058038119
0.00024192909449368167;0.0023014640964331024;0.019799400674649307;-0.010464535390184306
-0.0034364102422659213;0.0002521789067421336;0.020795447559290428;-0.006939184401766991
-0.0065479841525557395;-0.0019394180380948012;0.016868912814386586;-0.0025578451688241122
-0.008866635096713643;-0.004175997979837924;0.008746397231205376;2.4575393149287876e-05
-0.01031406352943052;-0.005828298686058149;-0.000930115548844059;-0.0006173074043693447
-0.01095163181506942;-0.00619645647295196;-0.009142971366476987;-0.0036858157119878947
-0.010941374624835238;-0.005136402751760757;-0.013961788943127018;-0.006598737372788109
-0.010458619612757201;-0.003310868741443813;-0.014951766129429403;-0.006663681273783598
-0.009610505007804792;-0.0018437783084738638;-0.012614437677646282;-0.002894071173900408
-0.00842956104326365;-0.0016497045658921243;-0.007688861401920064;0.0032735024723658146
-0.006945006023774119;-0.002936368703081615;-0.000967757735170214;0.008839378317147577
-0.005265019259164658;-0.005168385926935836;0.006435880853776011;0.011068390136923841
-0.003599877595705357;-0.007382616541436863;0.012922150659405149;0.009064738427763026
-0.0022069747004163478;-0.00857070504284974;0.016742603995946327;0.004135275333606638
-0.0012940756091211446;-0.00798890053135505;0.016726655162064195;-0.0011456513483350302
-0.0009419848954530471;-0.005408712971557905;0.01291125782481387;-0.00443932635685654
-0.0010909135895613533;-0.0012640992424376657;0.006644887672176255;-0.004760809456258873
-0.0015891389686842811;0.0034362561652490193;7.928949803386441e-05;-0.0026740222218039804
-0.002263827657678559;0.007457873790502372;-0.004692025577313158;0.00032191266621861515
-0.002969464278540706;0.009782743623108171;-0.006419028863112322;0.002684100763979921
-0.0035945144597096168;0.009924287181089689;-0.00503779591432891;0.003475050730170486
-0.0040416292478993865;0.008014476269810677;-0.0014755263712205309;0.0025499658606119506
-0.004217192001223344;0.004702250619532305;0.002866453006103663;0.0003826942293520588
-0.004049615231078455;0.0009422673794202304;0.00662665162250795;-0.0022303836598148987
-0.0035157125028136564;-0.002272710833445226;0.00880929674737155;-0.004418767531377499
-0.002643163606607826;-0.004178727891282611;0.008926958589012286;-0.005420014630318654
-0.0014910284862919851;-0.0044197714218573;0.007027120420391782;-0.004761078091790946
-0.00013625230118364238;-0.003077792132896194;0.0036328603079873473;-0.002462583594580414
0.001326652105382831;-0.0005785375330023743;-0.000393641865295097;0.000820994808674208
0.002794738329791838;0.0024495005384440756;-0.004035185061257862;0.0038754402771678555
0.004185002482156687;0.005318531969001542;-0.006315457190747972;0.005304610494718001
0.005458335624643686;0.007431820156765065;-0.006493668403118406;0.004138763294302641
0.006608672793988545;0.008425225906341111;-0.004241431370765317;0.00042295004138413495
0.00761186489998635;0.0082290247810764;0.00024776607411192055;-0.004551275895924142
0.008351638612415852;0.006997463704275304;0.006260969342971393;-0.008613793174042206
0.008552945891600877;0.004953353051975472;0.012679777970677755;-0.009643434756556915
0.007774511393229836;0.0022655027053357915;0.018185766935613454;-0.0066648094766175265
0.005523310730166392;-0.0009487075605513309;0.02152768588166318;-0.0005258752101639546
0.0014954559872277717;-0.004491669783439734;0.021778041079382096;0.006301731265905767
-0.004175661205189601;-0.00792502528092025;0.01849372106957428;0.01082548883621446
-0.010848308495362922;-0.010549624976688113;0.011778878946192122;0.01105944759386206
-0.017554121051619246;-0.011642562661542873;0.002338251240591198;0.0071881380664761425
-0.023307320755810573;-0.01086635352030598;-0.008440297900475683;0.0016470756775141414
-0.02734635496455136;-0.008560801333248002;-0.018496249990389558;-0.002100959782381486
-0.029238018297927562;-0.005647944055150807;-0.025396368394527632;-0.0015469799969896028
-0.028899232620528646;-0.0031756688950549785;-0.026999462438374523;0.003270472347735032
-0.02657039650327241;-0.0018324002505221413;-0.022326815461315982;0.009615176419095777
-0.022722805378632978;-0.0017506204563040634;-0.01224733332888063;0.013537122513773724
-0.017929290533456904;-0.0026155415760711867;0.0005020204786103216;0.012125023022057917
-0.012774064290929336;-0.0038886160611432707;0.012187678122789017;0.005193324539582889
-0.007812551551632184;-0.005017274321012002;0.019506238293770645;-0.0045449202524604085
-0.0035171336638812898;-0.005601483981816066;0.02078607921908951;-0.012864596112712335
-0.00018854774826935006;-0.005470685199165549;0.016311686714869995;-0.016156004266593922
0.0021007328412318755;-0.0046431752028367945;0.007776839419248654;-0.013127185178901437
0.0034745044979227154;-0.0032529672254117217;-0.002525167571127754;-0.005267909422382269
0.0041583314023312355;-0.0015476405448712628;-0.012196903252532788;0.003975971392037032
0.00438569184481484;7.556137864457176e-05;-0.018913713065492044;0.01075961713066431
0.004335390543513385;0.0011266970287691748;-0.020723786058532916;0.012407212228948002
0.004100529543390617;0.001235556059569905;-0.016768096035081996;0.008420686068793948
0.0036953841581581232;0.0004196392359309714;-0.008153682090965488;0.0006013843734990051
0.0031074786455073363;-0.0008088401959082287;0.0017644253469425368;-0.007757327402657345
0.002368034450100192;-0.0016713974174331866;0.008393497144161665;-0.01329782280197129
0.0015858381065524394;-0.001630664255645212;0.008159859739153022;-0.014029068026953546
0.0009174583499726802;-0.0008440962899065531;0.000840191697064228;-0.010093530536585484
0.0005039976988924084;-0.0001774810669870335;-0.009771971444235573;-0.003511603517358417
0.00042473985148245056;-0.000690722100845786;-0.017768052902743633;0.0029274969145826374
0.0006930765153121383;-0.0029343045385066303;-0.018629742721801058;0.006997974084554883
0.0012914075387809362;-0.006538857072207903;-0.012001674042753402;0.00784435611358156
0.0022243077037177694;-0.010320978332006249;-0.0017664434263781148;0.005867082563229549
0.0035551809240638756;-0.01276933804590156;0.006623410858284164;0.001957488984372404
0.0053932870033246896;-0.012636335915305765;0.009605828985991159;-0.003145653759758858
0.007826218161534025;-0.009436320716850032;0.007327946679717246;-0.008771248173026134
0.010823632549779768;-0.0037416150613769315;0.002766021665157346;-0.013675496233207452
0.01415036388281275;0.0028284545731133265;-0.0008806167030213479;-0.015708282509163642
0.01733610984762426;0.008026542269533853;-0.002442154123047828;-0.012569531111377822
0.019755278433706027;0.00977038003096104;-0.003074570251315784;-0.0035616277138377137
0.020833207746536797;0.007027181509522895;-0.004620998707066907;0.008830243519739354
0.020303169331502217;0.00032952238680481014;-0.007665299167439797;0.019101242985699103
0.01835589006212597;-0.008437562762210339;-0.011099776792574899;0.021314549845155878
0.015542699695815027;-0.016909816035189332;-0.013417158186390575;0.012908766776442876
0.012457733900051875;-0.023219914914831316;-0.01410419083825722;-0.002911345446027437
0.009428058257974953;-0.02645619641419517;-0.013592652492783965;-0.018285419212804882
0.0064563331458516926;-0.026468002234597016;-0.012126923545552042;-0.02496313917050237
0.0034206109158030663;-0.023410277589227247;-0.00923356685399291;-0.019024882328536857
0.00029985828829551383;-0.01750287930741752;-0.004604100728335022;-0.0030392830098902456
-0.002764719391185514;-0.009177640264677114;0.0006879624363049869;0.015506068068296476
-0.005539851772495633;0.0005780805261537123;0.004296972606594053;0.028251418446853537
-0.007773633992103657;0.010071140478057688;0.004326674919265866;0.030027511849125048
-0.009244030937228942;0.01723618627696507;0.0011439978247521547;0.020948926112953202
-0.009828512160226958;0.02038363344593176;-0.002548700921430763;0.005918392360836109
-0.009561673055967461;0.01895416130573551;-0.0036668358714314307;-0.00787792060581895
-0.008583409931883966;0.01383283483122313;-0.0011164064877301444;-0.014309995265500232
-0.006998808901298761;0.007046828214154262;0.0033891310242556588;-0.011135305195910307
-0.0048151648255585775;0.0010296968770327753;0.006652059544849442;-0.0010721497206583163
-0.0020375171796779895;-0.0021889056172001704;0.006343693440108665;0.009573756357772037
0.0012045243921144874;-0.0016181170380820192;0.0026743557976519013;0.014276354710163868
0.0046347696468018425;0.0022981542867251577;-0.001704062709994013;0.009964445330813346
0.007864457431353599;0.007616087663634774;-0.0034291373187815967;-0.0011287183944190206
0.010384387920158835;0.011421116516457138;-0.00058618789025502;-0.012691462905689014
0.011585586423293987;0.011089026030107425;0.006157011572528271;-0.018048379451597728
0.010953692579684435;0.005816518036147499;0.014057678673615117;-0.014172660819989006
0.008379408010941078;-0.0025769176457674558;0.019847988506785482;-0.003531948485176865
0.004312133651099333;-0.010317927414675621;0.021211635152461716;0.007421279540989872
-0.00040795565144072503;-0.013556788459187537;0.01751827338013746;0.012223236742758487
-0.004878236555517936;-0.010317125898286775;0.009822425638148445;0.008340757985370437
-0.008344845871043031;-0.0013825579607218634;0.00037921171105986324;-0.0014294574617585473
-0.010247937872993284;0.010248750664578386;-0.008143487397073006;-0.010918868718787871
-0.010269902066331023;0.020855622639955544;-0.013564095516371982;-0.014480707824575096
-0.008461712846734097;0.027548441589542783;-0.014875146060326251;-0.010261400815285633
-0.005310780965555754;0.02916672416331676;-0.012415846857741884;-0.0009590300633678465
-0.0016211366813992725;0.026293929427430026;-0.007489712310173263;0.008071608023278571
0.0017340232652092859;0.02063638069743906;-0.0016989908578964822;0.01198385902627142
0.0040396877701720756;0.014190847962752091;0.003624487795115051;0.009024272698703867
0.00488149639715896;0.008527352155546402;0.007670962670893676;0.0012630747593771795
0.0042175172189510505;0.004387691634172181;0.010119920474192586;-0.006726650709591398
0.0023791021920209973;0.0017267688445406608;0.010985365907530483;-0.010429645746882432
-1.9724078363393516e-05;0.00014028476298927713;0.010465253739783369;-0.007827536032182357
-0.002247118728358059;-0.0006446863168805271;0.00882927716431069;-0.00045589886384049164
-0.0036303047785552992;-0.0005824987821093449;0.006331314372051866;0.007464321464360302
-0.0036914805040681445;0.0004891726910932024;0.0031625280241048227;0.011355384016672307
-0.0022398351813485754;0.0024888658545969985;-0.0004909829651519105;0.008822288509327736
0.0005621982080527792;0.00487982450951043;-0.004276672518348457;0.001028662181637933
0.004184630401350802;0.006759441911919629;-0.007536152821938101;-0.007856582630513979
0.007833026470467805;0.00718500964783245;-0.009409955936706772;-0.012880689498164602
0.010678698172043066;0.0055536063381326555;-0.009223969649926589;-0.011021667104822358
0.012121180391488911;0.0018777057122726366;-0.006912415469939609;-0.002916139089355957
0.011964199449444962;-0.003124703128504935;-0.003157038720438071;0.007370770734262367
0.010456309335597769;-0.008159737756655246;0.000856655863673928;0.014444184367564806
0.008209925442566855;-0.011705515636054306;0.003912938988411521;0.014436927074388532
0.006026655915855383;-0.012505711451536254;0.005244226091517857;0.007086739380265463
0.004668932480701106;-0.010042222044456404;0.004816680906929835;-0.004101073212502143
0.004639300257248424;-0.004776969975536456;0.0032651321805912507;-0.013689330841200926
0.00602351855013649;0.001958544381121237;0.0014533710046614164;-0.017113924629914117
0.008429443560415889;0.008366547324024948;-9.502499341663258e-05;-0.012928285841242355
0.011048484388540626;0.012726406318382713;-0.0014295091636619013;-0.003369773856946666
0.01286132124419925;0.013965577820302257;-0.0027635881113139316;0.0068825018986675155
0.01295505997729037;0.01211999793201393;-0.003731261156760919;0.01300677697084939
0.01083909930135201;0.008408412427554225;-0.0031263913630284134;0.01227482609872533
0.00662550365429917;0.004704259830624373;0.0003366828795036013;0.005229305468320243
0.0010015106504549039;0.002595712247309269;0.006659028732627788;-0.004703740848648655
-0.004990795995813463;0.0026036062262614268;0.013736560702240714;-0.01294162320375783
-0.010286845539772415;0.004044943788370287;0.018003701742856405;-0.015919638836767454
-0.014119617220062167;0.005558437710484652;0.01640451683077782;-0.012627654639936928
-0.016193598347690425;0.005889522917728592;0.00846198856775386;-0.004825277737282005
-0.016642218660382024;0.004470993949265792;-0.0030496418374773276;0.004029918795200329
-0.01582662208499255;0.0015684984959519989;-0.013446577724489706;0.010495887490667705
-0.01413081143742818;-0.0019648256246687706;-0.018685820129989986;0.01263209445300208
-0.011878822149626423;-0.005122668354462241;-0.01746331575352706;0.010599729696845599
-0.009372636343232252;-0.00714308876853107;-0.011541216041924676;0.006211699721085082
-0.0069513532660049615;-0.00771717801723142;-0.00423082452879058;0.0017932108047918438
-0.004979528625597689;-0.006966692451016967;0.001774609911622564;-0.0009755884935613852
-0.003753887568017678;-0.00525190936937539;0.005654353428591593;-0.0016338186819854312
-0.0033973544738921005;-0.0029627483830545628;0.008072247817922044;-0.000751124607241973
-0.0038261886497885115;-0.0004611696519318981;0.00976169541217017;0.0007168384074144051
-0.004811032779845248;0.0018053950016211683;0.01043618957671821;0.0020110790160117677
-0.006065444027261978;0.003210949893990365;0.00895280972514992;0.002752992798992841
-0.007287798006745531;0.003097287058447218;0.0044876809039409785;0.002783978561398254
-0.008165312736235367;0.0011462601371803663;-0.002416321074203448;0.001990016253762778
-0.008407113360659893;-0.002303812936161391;-0.009922617033127438;0.00036575856029292717
-0.007826997884209395;-0.006295660477145632;-0.01604690602304495;-0.0017573951769655747
-0.006419256158237211;-0.009675633617144437;-0.019856212169059917;-0.003633481429572171
-0.004369115589561007;-0.011630448277076589;-0.021683139400295166;-0.004389759119748419
-0.001998832512124173;-0.011986078594225322;-0.022243313943405077;-0.0035492929820242847
0.00031404874396072634;-0.011109998893760811;-0.021540533113437746;-0.0013923268976410883
0.002221995823664897;-0.009570270521913138;-0.01861580063192163;0.0011627250221300954
0.0034910915672550433;-0.007865072743011124;-0.012434745421122634;0.0031095016767453336
0.004074892664409446;-0.006376180574861297;-0.0032054606477636993;0.0039390256161372286
0.004150872453153645;-0.005400328654791666;0.006995926382759668;0.003831727402223713
0.004074357231845604;-0.005057091808547208;0.014936771431080824;0.0033451642966570126
0.004220697976139934;-0.005139071459237979;0.017943655034420577;0.0028955195781073064
0.004757033172103522;-0.005180274578154062;0.015540067288349411;0.002478790437996118
0.005468463429157674;-0.004839265398573793;0.009902205874626637;0.0018365531857352554
0.005769193469815951;-0.004305352404483579;0.004720712194113897;0.0008673473974730409
0.0049261813460067415;-0.004306470594250021;0.003045540520134124;-0.00012844788730808444
0.0023882777582172592;-0.005605010265708882;0.005415629716144082;-0.0006426184427968704
-0.0019504849455622213;-0.00832466919079385;0.009546281494000145;-0.0004900326358169405
-0.00767805840997945;-0.011641595878545788;0.011909740289870213;-0.0002335260875168494
-0.013981185191974936;-0.01412964270924827;0.01017793482502798;-0.0010145835892198028
-0.01984734679692331;-0.014555579791148672;0.004760362721899953;-0.0036846882998628006
-0.02426881965922005;-0.012570611111497878;-0.0016514061160148854;-0.007777813444115291
-0.026462547025343324;-0.008848720307545417;-0.00602577102324267;-0.011239224568845905
-0.026105260736624607;-0.00468988104388848;-0.006853200680758808;-0.01142175812527643
-0.023446421249044735;-0.0014626079651588269;-0.004691544039941789;-0.0068625703699244514
-0.019158566261508303;-0.00016554675907931048;-0.001349643873159552;0.001374204644426329
-0.014017022734717575;-0.0010990453346138122;0.0013924295634125015;0.009818936167437271
-0.008672103935519945;-0.0036422351717364833;0.0025665081609974423;0.014294755954644307
-0.003635392986685826;-0.006369006214384212;0.002007861764698258;0.012296181190683781
0.0006540916694194727;-0.007685092500488755;-1.4904683964484931e-05;0.004633793814535814
0.0038517150334220307;-0.006711390552267062;-0.0029493347860461935;-0.004761679457428076
0.005806934451900703;-0.0037943851293380463;-0.005789737980138631;-0.010924902964489343
0.00661663767593195;-0.00023371831948950373;-0.007050093515904176;-0.010663760350428058
0.006576157799026382;0.002584871166961183;-0.005341249559394623;-0.004377516425718254
0.0060762813114213785;0.004006891808095701;-0.00039070608840304866;0.004245494634359822
0.005495186472133705;0.004309533727367913;0.0063051962158435;0.010436045889235022
0.00508588533579188;0.004271769204296271;0.011965044034045738;0.011064312305557265
0.004875118900291448;0.004620572941619082;0.014063518553712915;0.006239155547186956
0.0046456975437424676;0.005809152032013096;0.011893594543823865;-0.0010532206193689944
0.004056050371552479;0.008056339338033838;0.006962362099444421;-0.006870245806822913
0.0028407789946091736;0.011283353881490975;0.0019205680762998873;-0.008527440135659804
0.0009589131882581281;0.014896517280220995;-0.0011215592222107015;-0.005836814197966986
-0.0013903433914692618;0.01776950162207387;-0.001668066562585394;-0.0008352996474629167
-0.003848341874178558;0.01866590248894791;-0.0007161490809845562;0.003607611263852065
-0.005989891736097773;0.016879038463074446;0.00022790992117193866;0.0053594971239294895
-0.007387121300730071;0.01264363986674891;0.00023512769668445162;0.003880899460878009
-0.0076609068990419376;0.007074484121021006;-0.00047585739301311526;3.0515665876272336e-05
-0.006547982967135032;0.0017044693514409496;-0.0007265950326797916;-0.0048009031118870634
-0.0039768935885773505;-0.0021417507435378567;0.0007977684050002186;-0.009434371907552353
-0.0001083417592680886;-0.0038782162589679867;0.004497872993419526;-0.01296468769624848
0.004696036033311872;-0.003855062905964161;0.009170462995998968;-0.01433813671245962
0.009959437058845416;-0.0030913136084387213;0.012244006881755197;-0.012253345229756447
0.015173941695825872;-0.002656600590602647;0.011103581144539423;-0.005971590346949638
0.01985094684222863;-0.00307620679840956;0.004888114333145443;0.003371638358500172
0.02356855870929617;-0.004154622967481407;-0.0045096154128721495;0.012235751083625604
0.026053881438804594;-0.005294784822311683;-0.013218133764362868;0.015996946604244923
0.027253208948611995;-0.005983269067209148;-0.01755553989288795;0.011786335953562302
0.027288769971261607;-0.00602770928322628;-0.01597610186828866;0.0009564841274355846
0.026303376566973444;-0.005466460337123563;-0.00944326481353373;-0.010918563517991043
0.024342306876200377;-0.004409387555876892;-0.0003640831253683797;-0.01701342193613645
0.02139566711183785;-0.0030079379733402916;0.008724324184376915;-0.013480516551243599
0.01754813513487255;-0.0014633723896215144;0.015811841337890122;-0.002135723861513411
0.013087800682241926;7.548106935271326e-05;0.019445424892610925;0.01032052913765721
0.008492075699721022;0.0016473960425631817;0.018680804101769415;0.016237282893152818
0.004302692495355679;0.0034342891927553504;0.013306712020992024;0.011740554300368713
0.0009419745916383446;0.005494545857942522;0.0042000932486138945;-0.0006844235310087696
-0.0014460223349512594;0.007491732331857338;-0.006554859214075804;-0.013461710777914145
-0.0030296379189865366;0.008679670647202263;-0.01601361544632834;-0.018412512025381456
-0.00416694138810222;0.008214881391916234;-0.021228205466670345;-0.011790978665496962
-0.005202370458505503;0.005662045687677004;-0.020455454330288936;0.0032367005222589365
-0.006289047182423779;0.0014640235372976225;-0.014155307841847108;0.018264182844891175
-0.007302301778027958;-0.0029008166241860345;-0.004993356340361601;0.02453252519878465
-0.007876986201498066;-0.005362287770963149;0.0034008734475625985;0.018119387919243734
-0.007562572860096814;-0.0043461080669846336;0.008213383080582191;0.00230069502084384
-0.006034130353700169;3.812375496065904e-05;0.008680973593685873;-0.014322825975693426
-0.0032929684249271072;0.005664174239585653;0.006174544109939566;-0.022737849933937695
0.00019017282039783252;0.009419217452449235;0.003210007849776694;-0.018487682914653792
0.0034932696445295433;0.00900695514201275;0.0019215963011155546;-0.0038593025626841434
0.00554426044540866;0.004279341296888927;0.0028265522030045723;0.013713938341726427
0.005617421187438591;-0.0027221564775040752;0.004699224499353022;0.025787636324228987
0.003683903832003916;-0.008862282027786281;0.005693824371374506;0.02709408468008958
0.00036208955969007067;-0.011371056683328933;0.004838591308956652;0.017663690952200942
-0.003416271048573886;-0.008930125329813743;0.002669458758921584;0.002208686219072596
-0.006725123655860793;-0.0020466361064057368;0.0005199529708144655;-0.01245755901182527
-0.008834796036504687;0.007254147250455598;-0.0008481592738419045;-0.02052768697515601
-0.009367657135019672;0.016193269030457563;-0.0020322032981525784;-0.019521205666278494
-0.008443231320358957;0.022177422640402965;-0.004457081421563385;-0.011005690633082542
-0.006675206751760137;0.023626249261546637;-0.008941517020539455;0.0004570346925335237
-0.004932767063166562;0.020423925370370133;-0.014611445921115587;0.009603957724290754
-0.003982441612127658;0.013827353915060547;-0.01916571357569929;0.012914996654898004
-0.004209157168698939;0.005864867573250176;-0.02035454533475428;0.010053269602100207
-0.005516863504097204;-0.001506393333368726;-0.017497044608556948;0.0036616831379091604
-0.007398026130221704;-0.0070871097793508645;-0.011849682369431114;-0.0022788301980259835
-0.009129318615453037;-0.010636302059752576;-0.005609379923703723;-0.0046031671218614845
-0.010037271866647744;-0.012524234360893928;-0.00042096685478350797;-0.002490966247503979
-0.009743939895283368;-0.013131208461509973;0.003431809852255536;0.0023665790000176675
-0.008296130761666501;-0.012468978846924987;0.006641660781201048;0.006917561274934544
-0.006132313080102752;-0.01030063186555605;0.009815871498926963;0.00846434937781867
-0.003913218516733967;-0.006587162446047342;0.01273371918573676;0.005981977387365143
-0.0022910376978954004;-0.0018310011585863663;0.01449288893249422;0.0004596913015441988
-0.0017045416352027747;0.0029442891271494387;0.014265674646463763;-0.005694090137893417
-0.0022647664906378998;0.006502535857226777;0.011922540273773936;-0.009751461347186111
-0.003745709321620566;0.00779209901206601;0.008048977160968728;-0.009816207963057785
-0.005647938701986501;0.0063193275606268215;0.0035056676068716598;-0.0056768202033498525
-0.0072976900093152;0.002414574195780479;-0.0009659541182276921;0.0009601174283147872
-0.007974140420438394;-0.0027739060438464326;-0.004776664385614061;0.0070865494899221134
-0.007076983721202091;-0.007660982292182424;-0.007315247481415251;0.009746512909071607
-0.004323599516401283;-0.01079955046449111;-0.007980295492198336;0.007542100145081164
8.764845342310765e-05;-0.011317377058833691;-0.0065927183561410516;0.0014701449149966664
0.005445753036589439;-0.009102800135343791;-0.003861924712592087;-0.005473916597238519
0.010689157978273725;-0.004839667900759395;-0.0013430939352922066;-0.009825496844658468
0.014722568690347418;0.00014886165170288602;-0.0006321128642004625;-0.009533539756366834
0.016759219720011844;0.00440006173364582;-0.002207478112920272;-0.005121846631642021
0.01655086296125116;0.00697939181666809;-0.004823656175505448;0.0006207102565744222
0.014432857836559848;0.007802538830960674;-0.00614408450166217;0.004298648791118944
0.011190657332321375;0.007341852431020451;-0.004354879071032966;0.003898058466295064
0.007803891819241932;0.006029593586306214;0.00040976252895704314;-0.00014015108739460951
0.005144458895691259;0.003908074924414731;0.00598467745418921;-0.005356952364438798
0.003718840621565097;0.0007778896523208964;0.009577352473002397;-0.008813288529082947
0.0035544384628384217;-0.0033632517106144573;0.009628306774224731;-0.00870596867833757
0.004290605244874568;-0.007994092975810484;0.006739021412816931;-0.005146005594837804
0.005424567368019059;-0.012096789503328684;0.003033118530124409;0.00018837268814667958
0.006559124850842018;-0.014495059930956811;0.0005481500074095949;0.0051185336576001364
0.007510263435875424;-0.01431602587380116;-5.9774793222167394e-05;0.008004282769350397
0.008254360484898554;-0.011387445716773305;0.0004201528133961066;0.008200633089741978
0.008814540960543868;-0.006398881812706206;0.0008021845558153201;0.00591504687167346
0.00920438068214871;-0.0007016281745737764;0.0006686605031083361;0.0018655318624008308
0.009456685272799796;0.0042075215278437675;0.0006115739583388656;-0.0028952756793806586
0.009656836321187074;0.007255041298925866;0.0013658753340200992;-0.0070110871723356024
0.009895802217201067;0.00809861633364544;0.0026975336041908152;-0.009024159503338059
0.01016711266078889;0.007056740713018207;0.0031887391818315536;-0.007934442927429486
0.010313361407360305;0.004808451275062071;0.0012750628050549656;-0.003872024689530829
0.010074001600088648;0.0021137316870399755;-0.0032636943761462627;0.0016505760293870097
0.00918280933862082;-0.0003092048611286921;-0.008651891385999812;0.006281379553296126
0.007451610713676873;-0.001799557883427876;-0.011999788863968382;0.008009922347284157
0.004836359109425492;-0.0018046566347310023;-0.011198400231200244;0.006312081769478921
0.0014895577010642863;-4.82084349976535e-05;-0.006458524189168324;0.002498650743752804
-0.0022445037919218563;0.0032587461478407547;-0.00032207485904839524;-0.0010327295482343538
-0.005922387503609268;0.0073588759545287945;0.0039301713966502835;-0.0022234319233793874
-0.009123108122942947;0.01118156545037554;0.004366449780946848;-0.0005526642992962907
-0.011510019494237987;0.01377565066877789;0.0015023232135543978;0.002774876042182461
-0.012836651335212614;0.014647586706685142;-0.002318226606674855;0.005742323987184015
-0.012974598907405889;0.013793534808144126;-0.004681746239379784;0.006848992270998645
-0.011975503977073643;0.01152953964589351;-0.004633741098874586;0.005913448786925821
-0.010082690945464047;0.00837926859321394;-0.0029196351722886632;0.0038706209486385605
-0.007648793433931667;0.005071873264224373;-0.000964949487109322;0.0018664431267172382
-0.005034710981156843;0.002456429824519723;0.0004378218564245238;0.00043564660426194927
-0.0025769220881365867;0.0012155234200131732;0.001673705651607926;-0.0006161139870698146
-0.0006119079841213167;0.0015189626347085299;0.003734435270724497;-0.0016305591332664827
0.0005023065405572892;0.0028353569723311347;0.007084377845049582;-0.0023992282778249195
0.0003903631977944892;0.003994634662029349;0.010925831766185676;-0.0020402600495093215
-0.0012985152398440434;0.003522893714609795;0.013477293211138;0.0003042524262521514
-0.004770465722876388;0.00027434433948051655;0.013064364441062314;0.004395077190879988
-0.009896875572302346;-0.005785820100344406;0.009191652158074654;0.008330753629094181
-0.016082876682098145;-0.013131179071719927;0.0027968725289149983;0.0091920585549893
-0.0223385027538399;-0.019090630475723867;-0.0044666418039786965;0.004810522348669108
-0.02754454725431548;-0.02112737388840965;-0.011302385610250171;-0.004356245884932966
-0.030764865119680688;-0.018241879420956196;-0.017266134420990835;-0.014645737103653255
-0.03147037661666805;-0.011560111508977277;-0.022229611299707144;-0.02069327772610309
-0.029621525787105165;-0.003735912051363642;-0.025360612938832745;-0.0184116258284104
-0.02560407947983412;0.0023832366982934564;-0.024792140005682205;-0.007649615584756078
-0.020064704965148363;0.004992143055020904;-0.01864846675117154;0.007253836502298312
-0.013745194959340425;0.003862412250961188;-0.006809120924186853;0.019510227288137755
-0.007376361965287955;8.214303666889985e-05;0.008058737670009896;0.02339044575906398
-0.0016011507646215414;-0.004677207568225514;0.02124240480198596;0.017211822995982232
0.0031041091844718083;-0.008885315332371206;0.028196437312710022;0.004148737085079907
0.006467957262317369;-0.011534188317581138;0.02681565759696911;-0.009520335733965487
0.008385816509597226;-0.012178397477709624;0.01836729611446109;-0.01768576616066958
0.008863095538624133;-0.010839483042017711;0.006669406186400577;-0.017390507445241142
0.008020750244429097;-0.007892089882629263;-0.003815257660070962;-0.010001337158758674
0.006146457844352215;-0.00391043599382669;-0.009860750164317875;-0.00012276381578389922
0.003687929580435486;0.0005139253985303038;-0.010482501245299274;0.006997217510076796
0.0011325577932604941;0.004885421817868049;-0.006796070584165033;0.008136499881060326
-0.0011558328270144715;0.008782977480922641;-0.0010391016867038567;0.0035002299880620854
-0.0030229474316193767;0.01175164707271582;0.0045824513934703;-0.003736682437649685
-0.004491486945958384;0.013239341865367129;0.00861385771845843;-0.00933187928929176
-0.005665891737251806;0.012705884268600674;0.010439968735622779;-0.010209830697873488
-0.006640417220530138;0.009914049033437965;0.009976309820966187;-0.005897581983063961
-0.007432938045322136;0.005236972543021853;0.007344470416343839;0.0013972798522357537
-0.007951074499776787;-0.00026349590698701217;0.0028005131463955998;0.007917188542966623
-0.008011717008492089;-0.0051188333680911805;-0.003038433768596899;0.010099457703725914
-0.007426095670784307;-0.008003644086981856;-0.00889124315874586;0.006238983122460112
-0.006112552947310859;-0.008292724806061606;-0.012856998198667945;-0.0025395635227420874
-0.004155278902182109;-0.006332684405615373;-0.013130088038689692;-0.01244829878946686
-0.0017529636778856762;-0.003242251669994187;-0.009182222246005982;-0.018505645617561094
0.0009073553839844342;-0.0003054303083166678;-0.0025732553692635824;-0.016954908762262126
0.0037507333295980464;0.001676048696492515;0.00348392780223142;-0.007598318240201325
0.006816785430128636;0.00262082161209334;0.005804375456732167;0.005402237268997099
0.010163976352411874;0.002873297457857086;0.003102734755146957;0.015243286702514678
0.013719986295428652;0.002740337226856489;-0.003163997648179593;0.016216558985326632
0.017154472111495737;0.0023264677774520585;-0.009427234545937972;0.007352784133950413
0.019878241831670834;0.0017016270454567057;-0.01174753616232433;-0.0064819321830939
0.021220060737871072;0.001017410458979678;-0.007929558796479762;-0.017059090988931644
0.020694221620534924;0.00033816014634277975;0.0009689239013869945;-0.017575460280685993
0.01819919285644822;-0.0005709466404316379;0.010783834927650525;-0.006918597307571227
0.014066445595730325;-0.002133325619651523;0.016363737236843128;0.009271097147875662
0.008985635225304829;-0.00454164108306694;0.014533893536999087;0.021594727983411454
0.003844016277386605;-0.007423841926423099;0.005902579945571507;0.022381124692530195
-0.0005003843933548207;-0.009940299988835192;-0.0057314497505295955;0.010486229872757368
-0.0034430830326957684;-0.011280582191808311;-0.015730757464643235;-0.007605207016809039
-0.00474046687605164;-0.01120890078200657;-0.020863296727763252;-0.021339688838779614
-0.004466966921711715;-0.010277508463741904;-0.020141604839682806;-0.022387376137014307
-0.002929777735842258;-0.0095364414606796;-0.014436358094822422;-0.009810908566443259
-0.0006437848156944702;-0.009854065725770581;-0.005700237899482203;0.009237959009794376
0.0017030881120857785;-0.011217253300678765;0.003763727704751285;0.023824546729607505
0.0034497812979299124;-0.012498261480983366;0.011921070375893805;0.025804782551078556
0.0043042517515835405;-0.011969297435694323;0.017373253983140775;0.014497820378030902
0.004561242579609539;-0.008303694696347829;0.019394398038772586;-0.003325142969273878
0.00496001372687907;-0.0013996100300073602;0.017872388148912694;-0.017798876466113684
0.006256269335905035;0.0074211011389199374;0.013406906650065114;-0.021731351851869116
0.008812489820195028;0.015751871053074133;0.007403095656105443;-0.014328440966061437
0.012422389079072376;0.020734225969628914;0.0017424439960849172;-0.00095768164617306
0.016363280838492034;0.01994607737698522;-0.002068499882687894;0.010522429727681729
0.01960096304963216;0.012467810375284088;-0.0037933841939647916;0.014405377284660554
0.021119775574547382;-0.000332862782833583;-0.004686491889968261;0.0099425179228614
0.020305757229869513;-0.014900023326659063;-0.006676153248410914;0.0009092754050591864
0.017196174273696085;-0.026638464955718394;-0.010905744234261158;-0.007295685405112617
0.012436984655837695;-0.031621951669332814;-0.01664589377804572;-0.010839748357267967
0.006990504329093885;-0.028057865639031836;-0.021481097356556355;-0.009005481665807103
0.0017904379194088277;-0.016899560129241247;-0.02275262554502332;-0.003637276465942686
-0.002498833029496492;-0.0014458563698310767;-0.019223381686701308;0.002549088458279357
-0.005589621240925231;0.013842407934949206;-0.011754179156682185;0.007431428285499668
-0.0075624036516977276;0.0248687086678766;-0.0026222247871319515;0.010003326341871848
-0.008734729752552906;0.02926125821679094;0.005826354250941278;0.010130980054747888
-0.00942729898902739;0.027093864866650053;0.012137800947241614;0.008134456407068058
-0.009740529697463876;0.020666050548983274;0.015803262378025578;0.004613183476630851
-0.009497107942077412;0.01338256688042826;0.016746588156815186;0.0005112633729746216
-0.008400364254003184;0.008213217315632706;0.015018637458784677;-0.0028941328736105014
-0.006277381166193381;0.006511020430392853;0.01107534046032547;-0.004359629375720224
-0.003218148194116394;0.007796177217323589;0.006209431453551196;-0.00330812334715209
0.00043735433359198985;0.010462951566384847;0.002357869857821846;-0.0002744764848869441
0.004161834942577159;0.01275889799264222;0.0010711927624540807;0.0032618531941177617
0.007287597050099767;0.013384538259716503;0.002391454727063768;0.005638884091229106
0.009101326681325692;0.011602100999585781;0.004689928854482573;0.005874480589572756
0.009044474888090607;0.007208490438405241;0.005726012740157106;0.004054171923533439
0.006941560498992686;0.0006598969313017324;0.0040848734294210275;0.001051665889233057
0.0031164101538378487;-0.0067833269135375305;-0.00011990416039813311;-0.002107885015828628
-0.001665541069632577;-0.013232575932728764;-0.005622670887295315;-0.004734609211685297
-0.006392419171740885;-0.016774362158346;-0.010867685129394736;-0.006530873677027957
-0.010063606177099126;-0.016231963157991778;-0.014578623476020134;-0.007334690820360583
-0.01193115962254914;-0.011664253843577175;-0.015839812194957767;-0.006883611169811339
-0.011662253033084775;-0.004339936432770129;-0.014068709126957464;-0.0048476260599904005
-0.009401480695559407;0.003740447896608852;-0.009227163979793057;-0.0011325866728501455
-0.005741319279718162;0.010479307872518903;-0.002142418273605569;0.0037523832320604006
-0.0015961186169752188;0.014257886982992098;0.005523096730121703;0.008546556861202944
0.0020323537285719265;0.01440430795862764;0.011900835418567034;0.011524914902074294
0.004355194456829348;0.011453678548337036;0.01579920101578063;0.011227101729846863
0.005043459433495162;0.006980334743095322;0.017164152773872097;0.007318005418130244
0.004299328806270304;0.00293384808908011;0.01677226326985488;0.001027778890733221
0.002717852025916916;0.0007689409029605124;0.015459080123763345;-0.005267075156422811
0.0010138369524661155;0.0008549248861146053;0.013526886552892824;-0.009217995744487855
-0.0002560868789287642;0.002488047277727756;0.010775310526406793;-0.009732847390329728
-0.0008568324146321495;0.004437789838409804;0.007062271889862559;-0.007443647479604402
-0.0008682241829273697;0.005634718575542087;0.0028587052621626523;-0.004123115780964931
-0.0005465476820355181;0.005593603231919656;-0.0007129861315984259;-0.0015065555936465958
-0.00016132037546487765;0.004433107147619956;-0.0024046118737036668;-0.0003453043987438806
9.621261797360793e-05;0.0026360003710783272;-0.0015378358874946593;-0.0002617835655349235
0.00011379863532146588;0.0007771922301495939;0.00159453899351149;-0.0003564171413833003
-0.00018097166297744748;-0.0006469770713453694;0.005847338841128098;-2.0002283879711956e-05
-0.0008392356831895283;-0.0012804861428166933;0.009758786451141688;0.0006476478102530647
-0.0018673106337448223;-0.0009185514170464604;0.012150089958562907;0.0010515298095127453
-0.0031865870376344262;0.0004733970354340809;0.012425819012950819;0.0007134784790732974
-0.004625269259056958;0.002710211217902533;0.010484341325005494;-0.00021295325131951744
-0.005968955965114883;0.0053355981697961056;0.006488081308476981;-0.0009292860192611969
-0.007043101076162171;0.007642847987444538;0.0008333228265994237;-0.0005244260568139082
-0.007768159561699284;0.00883961393551239;-0.005620027497592851;0.0013047582993780348
-0.00815809738313217;0.00833792330316658;-0.011386281210450764;0.0038749302350142493
-0.00828902723638667;0.0060206798847975244;-0.014655083959277592;0.005803955192516495
-0.008275270744123604;0.0023100221124991833;-0.014078505116229588;0.005818776453407399
-0.008250007126680066;-0.0019996602312257637;-0.009587358036336235;0.0035507516174045632
-0.008327813848627201;-0.00601798995388291;-0.002641636935978984;-0.00020996014106082332
-0.00856069079627797;-0.008989766625121989;0.004336594288895404;-0.003941798643199722
-0.008924406650881907;-0.010414674791926173;0.00905459795875698;-0.0061888955153128885
-0.009337195133258515;-0.010070534119154068;0.010340334717578495;-0.006228520989048685
-0.009676593618278644;-0.007985882973133613;0.008491054776882584;-0.004266115842341287
-0.009786060173232173;-0.004423299537219316;0.004852517268256817;-0.0011559661038758472
-0.009497819397477257;7.71561492145783e-05;0.0009839791414117307;0.002068499807931963
-0.008674899813274406;0.004641623038150269;-0.0020301875721121868;0.004528700739308481
-0.0072423014114394915;0.008155322847703745;-0.003778393830111905;0.0055868315245454206
-0.005198106500092446;0.009605728832012876;-0.004309822620682587;0.00484029654561343
-0.0026230915236919753;0.008524664344544707;-0.003858483965096472;0.002250783883857915
0.0003147479377005062;0.005223693963866754;-0.0027757020468945517;-0.0015825669650847973
0.0033882810775483826;0.0006678589055925754;-0.0016491126458942455;-0.005306101093413658
0.006369620028478805;-0.0039041158168295026;-0.0013388202681649114;-0.007204560306572861
0.009077816593925793;-0.007413736781415864;-0.0026691104569768376;-0.006101424987170653
0.011388635918495454;-0.009285330389606876;-0.005818310958471655;-0.0022559524168344084
0.013219019771808418;-0.00958980117425921;-0.009852146858351446;0.00245246370905469
0.014509952506388587;-0.008933969800792021;-0.012940191836573215;0.005403859580007076
0.015219593266969979;-0.008167194512097966;-0.013340146699227319;0.004803508058900777
0.015334524266118242;-0.008054045881286514;-0.010554467991596875;0.000955750343805386
0.014902246705795597;-0.009007372922992488;-0.005804585960851639;-0.0037186478311689694
0.01406373052237316;-0.01092119931586944;-0.001399494283651981;-0.0061315884853930715
0.013043645609834521;-0.013163341386068212;0.0006673418160246088;-0.004585848861801551
0.01207739927957112;-0.014776926804174126;2.826126534962574e-05;-8.094812373758396e-06
0.011308006107218604;-0.014854101075260608;-0.0017177117877988566;0.004605650818537236
0.010710217604983205;-0.012965461574378811;-0.0019709639240767947;0.006235801582006102
0.0100680699191542;-0.009476659349535073;0.0011292481536398643;0.003968149012531371
0.009001060450857004;-0.0055500325554256125;0.007345842657885243;-0.00033678950751309176
0.007052054315020182;-0.0027024892486959395;0.014303561283078957;-0.003410644744696979
0.0038674797271996612;-0.002027185616414358;0.018757135892705362;-0.0031079438274888853
-0.0005628808507334282;-0.0034647315499876726;0.018279538871574984;-0.0002730569862193195
-0.005752219014631496;-0.005629452848611525;0.012354649725437313;0.001602421121216471
-0.010808392770520201;-0.006495855978546259;0.0024195957526350286;-0.0010102582673051563
-0.01476626883139296;-0.004695566961215749;-0.008912376802575868;-0.008504233999439453
-0.016960205332980177;-0.0005709677815551625;-0.018869568493012318;-0.016843102922864145
-0.017220951185368642;0.0038977623694300707;-0.02529376988154319;-0.01955668973016018
-0.015840454608205788;0.00634805309929606;-0.027019340315268585;-0.012122220925651205
-0.013385384821197843;0.0055225478230217255;-0.02399828138800703;0.004181632684087555
-0.010458220958720286;0.0018994010366945287;-0.017359522436744938;0.021915030332000696
-0.007488517153740532;-0.0028025985729857035;-0.009357204843036641;0.031372142869284594
-0.004648565986080734;-0.006668750887069024;-0.0028198768361216912;0.0264848582770172
-0.0019467729535912084;-0.008438060757215576;0.0001599657547960745;0.008884002706396587
0.0005926900409643864;-0.007767736816279496;-0.00035452207800123136;-0.012652357524344827
0.0028477252431029494;-0.004988612693298383;-0.0020044528618690964;-0.0270870639109304
0.004670604032777575;-0.0007288548396552113;-0.001897099134237556;-0.0272642855573719
0.005975068448090076;0.004256110881101529;0.0009789019813876763;-0.01358137269466271
0.006719110289112281;0.00903681762275825;0.004860202755427058;0.006720226789433565
0.006848215760944876;0.012517761501285652;0.00678176953421252;0.023760937985648385
0.006303998459679323;0.013729867118925347;0.005283104189684627;0.030037195596637194
0.00506732643748283;0.01232560752541803;0.0018076346990984595;0.02364327946580973
0.0031515229259588295;0.0089119344999449;-0.000491754558991141;0.008495182805409784
0.0005651997654353318;0.004871348003959557;0.0005137199763618029;-0.008071793937006006
-0.0026692078737660997;0.0016650265585579165;0.004042258838223595;-0.018934067433012423
-0.0064290983039825686;3.957974517986427e-05;0.0069082144104200376;-0.02034481711785763
-0.010420073312744301;-0.00029077306319254584;0.005904326188685055;-0.013291241803337019
-0.01419803063034639;-0.00024062806325238703;0.00014864341053182103;-0.0025563138305156217
-0.017284575461479188;-0.0005749187024312832;-0.008272512208939667;0.005950551165862608
-0.01930372356741424;-0.0014237840950091362;-0.015653972339326788;0.008216712996829008
-0.02005941274450737;-0.002455022673962966;-0.018914749416076817;0.0039551341015341785
-0.01953189812548685;-0.0034104612689098163;-0.017147121591303927;-0.0036493539480678865
-0.01783848986086958;-0.00437591628976141;-0.01157794881203312;-0.009971820725651876
-0.01520463881585972;-0.0054981857039330655;-0.004365071339873377;-0.011481111713359948
-0.011935843063601447;-0.0065129037299564915;0.0025652019756509724;-0.007364993616601145
-0.008362253768604666;-0.0066769611103633785;0.007875149742643858;0.000461427985272395
-0.0047728453591360095;-0.005250208618827628;0.010652298018464072;0.00866775390368769
-0.0013816318899510952;-0.00207375064161792;0.010435147816251444;0.014194022379624992
0.0016675276344965701;0.002278793277922748;0.007583709623291693;0.015397531411936425
0.004283697106559873;0.0068333177054825545;0.0034623297484979083;0.012309413871803506
0.006411772504830277;0.010657564788990489;-4.3991054816131526e-05;0.0062427843785757015
0.008009659085736906;0.01306551104873716;-0.001468992511489247;-0.000820653538887792
0.009021510082671508;0.013572487023131692;-0.00044354831079784605;-0.006831427029332077
0.009362549033658853;0.011837057425463222;0.0023815846612169162;-0.010210135807488281
0.008935914341803956;0.00777890119140387;0.005971329116131389;-0.010246490715077912
0.0076945455389708615;0.001830273279877869;0.00945007064401432;-0.007213331959353219
0.005728889523606046;-0.004909985215553385;0.012126328090437765;-0.0021428953585221106
0.0033224449639428066;-0.010845302081702377;0.013220879812878318;0.0035694358135224375
0.0009253024513621472;-0.014391292683620358;0.011904383768381948;0.008471619416738237
-0.0009468246862498134;-0.014586330883851589;0.007921440999532648;0.01118388739042352
-0.0018403323754253157;-0.011468377489725444;0.002311935107499892;0.010550360339555758
-0.0014786051032744064;-0.006028268459290755;-0.0026615861403716367;0.006074237054668266
0.000159159142361192;0.00020387757497858182;-0.0047269755258717225;-0.0014439934211704624
0.002821021446148972;0.00572175142403845;-0.003185834243898272;-0.009615594472939096
0.006049897271427807;0.009535620842270985;0.0004624254825705536;-0.015108677229391954
0.00932325928498964;0.01145341731300641;0.003527626339996747;-0.015208107347511404
0.01220274807320337;0.012052317225562093;0.004110450020520974;-0.009465423189063373
0.01441994453658734;0.012278907324260699;0.0025522910740489336;-0.00031799923610248876
0.015877846566068943;0.01278321510506952;0.0011933057025807195;0.007917108348927624
0.01660351610404362;0.013350534328953308;0.002562156275471776;0.011251077062536205
0.016671943706373066;0.012859528426239674;0.007318683195218275;0.00821327072414081
0.016097195148781048;0.009901850878873441;0.013459564381289165;0.0007514100795745759
0.014760475496726143;0.0037641028602483978;0.017386899395510122;-0.006739115808037741
0.012507960025110506;-0.004770927582951874;0.016123025764892922;-0.009801368998818564
0.009399882005517108;-0.013309210449797108;0.009168802092772972;-0.006425867267005309
0.005853140363873206;-0.018664610437518592;-0.0012002842535191428;0.0017599133103180205
0.0024722123187961072;-0.018378028184579443;-0.011285615593378791;0.010356991300742956
-0.0002844940115633997;-0.012128236060494482;-0.01795139774688919;0.01464627312725996
-0.00227550438191577;-0.002065370289229164;-0.01992733416111709;0.01220620942164877
-0.0035926110316710216;0.008250210339974091;-0.017785083145767492;0.0042049070116866455
-0.004416652872387875;0.015586014916501348;-0.012995498532510778;-0.0053026584086029085
-0.004959611308131212;0.018308217713319454;-0.006982827457356183;-0.011597998472819221
-0.005428966220662062;0.016606945064281432;-0.0007655134921840712;-0.011781028532282403
-0.005937035100848291;0.011948839206005363;0.004886360197508506;-0.006178836781978167
-0.006426696421812437;0.006313893027812532;0.009225178879900934;0.0020158756366214356
-0.006710132074239432;0.0015166067058416722;0.011575232947793163;0.008577004749606185
-0.006583956108392285;-0.0013018965660929016;0.011634195181998848;0.010459006235500364
-0.0059084526378833805;-0.001902326682080915;0.009729264075851281;0.007184116968223229
-0.004614065928669016;-0.0008132566149307768;0.006729337007576561;0.0007649507857421759
-0.00269142360094438;0.0010603215457754781;0.003547582183034688;-0.005614726175164175
-0.00021057296956664902;0.0028495489025094282;0.000511253486994744;-0.009299313170669522
0.002651543718816842;0.003978595471117612;-0.002889813116609741;-0.009291628588823646
0.005615634678163878;0.004221017971061139;-0.007514087301115557;-0.006338261292281001
0.008340637846761034;0.0035979445106806302;-0.013533423097116385;-0.002181406729293356
0.010477118531979765;0.0022163792320662196;-0.019603014160697114;0.0014100586655781035
0.011722843753460931;0.00017181514595560662;-0.023031561715847918;0.003310438260701439
0.01188965461994729;-0.0024212316990262855;-0.02114400465028859;0.0032476251860908754
0.010975960816986952;-0.0053300992103638666;-0.01314206900290265;0.001680278761867512
0.00919950083090333;-0.008155906736831012;-0.0012100910917838812;-0.0004769781474936836
0.006939909888217004;-0.01039996036608817;0.010130914790807341;-0.002203937734853784
0.004602532288623817;-0.011616135501490791;0.016332277310058714;-0.0027790264445659487
0.0024907139243047537;-0.011568072099601126;0.01542260672921862;-0.0021124215478567467
0.0007758740856696621;-0.01030257726525154;0.009107252460342313;-0.0007835703247106314
-0.0004360716664126321;-0.00809855405802476;0.0015345418434745866;0.00031629303103508
-0.0010406254979738064;-0.005346364404985385;-0.0033763045967799402;0.0005359128583662586
-0.0009635483818447158;-0.002467832437859448;-0.004104582748517835;-0.00017569347516024027
-0.00025830491695975986;7.434946298509174e-05;-0.001751834246128236;-0.001352698977988246
0.0008436020558367706;0.0017581133923492047;0.0015245294776655707;-0.002431340734735549
0.002005964139813452;0.002110869404757179;0.0043459492282363335;-0.0031209785204243307
0.0029351517578057908;0.0009643440712979218;0.006681441820181434;-0.0034199681432489624
0.003474213772826204;-0.0013378534173629163;0.008906931432577129;-0.0033351688243516454
0.0035737663800231917;-0.0040284788892153926;0.01051202568523639;-0.0026606176233941506
0.003205024033501636;-0.00631199775194796;0.00987512856376214;-0.001105727940148567
0.0023353304664931345;-0.007763468398695672;0.005463307915195588;0.0013023383028990421
0.0009882941669793698;-0.008393147850980429;-0.002581272246961837;0.003940269682148911
-0.000707217740436891;-0.008357063465190589;-0.01193540445034543;0.005789074064303088
-0.002550952320729852;-0.0076390673401958015;-0.019214611339531704;0.006056895312636914
-0.004346822043482725;-0.006035524733967987;-0.021876370734502843;0.0047497408105848125
-0.005946302550632872;-0.003443188483778476;-0.019461943184165824;0.0026943785031130277
-0.007246696213681294;-0.00013403404434973924;-0.01337203127671607;0.0009483490245482466
-0.008168176146486746;0.0032939768759704374;-0.005606075229032815;6.0356387662410056e-05
-0.008628754881498222;0.006277521647134492;0.0023768679283705687;-0.00019197965660193154
-0.008553348544025357;0.008603131535699996;0.009857556977130597;-0.00034048758238337633
-0.007949536957534269;0.010334237498919804;0.016281381743032595;-0.000444864916234149
-0.006987269544203291;0.011446165493824946;0.0207545255528258;0.00022888334666074426
-0.005945527535704362;0.011662945443707214;0.022241119849391467;0.002585720825775878
-0.005001825247880541;0.010806965546747054;0.020267483483937154;0.006489514688271494
-0.004043653453128336;0.009334524151542015;0.015401898952980256;0.010022458632453499
-0.0027032757534623244;0.008381930638218583;0.00906553764634995;0.010144892660698413
-0.0006155537520653652;0.009052277346440523;0.002918637019903142;0.0046790669392787615
0.002285550408784556;0.01143725400017242;-0.0016704336358256383;-0.005597803620667833
0.005611374349665303;0.014200863594783134;-0.003912490499966337;-0.01634630001665642
0.008565651607384261;0.01512931269718553;-0.0038100609556399653;-0.021410120284377908
0.010159221056431909;0.012300697784777801;-0.002274393225526242;-0.016325694876393536
0.00951826031275422;0.005130730341692669;-0.0008285443873561884;-0.0016604175981356347
0.006205232538220142;-0.005249864242266664;-0.0008578083322226224;0.016131813320901054
0.00045083279131798176;-0.016360717865446562;-0.0029416664242835153;0.02753474857828268
-0.006840768201074901;-0.02521289343748621;-0.006735795264518544;0.02536245395740647
-0.014382832369741666;-0.02925799762481309;-0.011202926372577032;0.009523060220913813
-0.020941971800142647;-0.02715727466035014;-0.014782848205429827;-0.012143502128213314
-0.025640043957231733;-0.01921564855254439;-0.01563258654606127;-0.027918518847070854
-0.02801631372504857;-0.007380962780048689;-0.012345732190259855;-0.02888484589088223
-0.02797540078807107;0.005251812601121044;-0.004975506521265435;-0.014150933125343828
-0.02572313581771362;0.015329745542119045;0.004472933150001479;0.008577179162908932
-0.021671939260756667;0.020249745278278185;0.012703549781410787;0.027320622226309342
-0.016342944609671808;0.018978342163337446;0.016648577490828247;0.03236972915022533
-0.010349490378221403;0.01239068339021435;0.014879251052079035;0.021318920427743335
-0.004413970588785919;0.002892485988922366;0.008132432404418036;2.3887660999309382e-05
0.0007398428521127675;-0.00659904388719848;-0.001123203349487078;-0.020746526918024946
0.004626505260664327;-0.013791123252936896;-0.009723973489039063;-0.030999762387485016
0.0071677722741546376;-0.017648308331661314;-0.015055660942050172;-0.02652981522806108
0.008631137504243524;-0.018297967504913335;-0.016046426601673963;-0.010723747083677218
0.00940732609001359;-0.016476011318525042;-0.01339373203140272;0.007596333574538057
0.009806495267541042;-0.012987829803762499;-0.008879946219145037;0.01898265744066604
0.00996291248856894;-0.008506716396098048;-0.0042635729008482625;0.018222341408153576
0.009829152329499605;-0.0036686028858925884;-0.000485542193741073;0.0067553604753439874
0.009232945865332052;0.0008378427051997996;0.0024029700246430553;-0.00846499931514736
0.00798895432686094;0.004384496694399523;0.004723568666100797;-0.018896313373281248
0.006026165574486594;0.006605874945443147;0.006539276590379434;-0.018945033049197178
0.0034584799039942674;0.007464510749587116;0.007389649328491388;-0.008728649839434638
0.0005590708902260486;0.007148026361872879;0.006580533038202245;0.006287830829473012
-0.0023299820815258915;0.005949476499136043;0.0037954528338526553;0.018408699308874975
-0.004885418715692434;0.004226293422947744;-0.0004510323839219202;0.021767938866554027
-0.0068437698231541295;0.0023827710065610066;-0.0048591359382048754;0.015146700993152603
-0.008001711082961207;0.0008018353435791346;-0.00785905247029341;0.002190359163433434
-0.008213400898000317;-0.000249012751434963;-0.00830470058408587;-0.010829187292239664
-0.007413371448838831;-0.0006593880934943023;-0.006030047847877852;-0.018278451869264425
-0.005661610138827878;-0.00044523236134161846;-0.0020342107986958996;-0.017666173074856056
-0.003184075483317335;0.0002971232465842881;0.001860050772137373;-0.010262307615445214
-0.00037704044181947557;0.0014052292221434276;0.00386727437151364;0.00010827691325494437
0.0022466308775554588;0.002658969754760949;0.0032657895289648973;0.009125863126748209
0.0041679385028209805;0.0038196794163809357;0.000944555142536237;0.0137636935628549
0.005002817361558672;0.004667574559561732;-0.00100987113717335;0.013137840059675552
0.004635156177260653;0.0049947522252104855;-0.0005547081980772664;0.008357288542252055
0.0032894941108658955;0.0046006554910344895;0.002966570309997001;0.0017128934853917798
0.001479745598798586;0.0033674335834401993;0.00824579686090308;-0.004341307871628971
-0.00018061421053716624;0.0013880023306018143;0.01263241548771891;-0.008035921950011089
-0.001209624615952126;-0.0009682757961025899;0.013636220235409093;-0.008731353753475543
-0.001385326679502461;-0.0031204214129440335;0.01037098033210287;-0.0068943479365856115
-0.0007249870283166069;-0.0044367742117173885;0.003983399489452883;-0.003689690574987502
0.0006080738166255905;-0.0044167123327849365;-0.003184525059020925;-0.0003809379552692283
0.002376156944370236;-0.0028564745461331573;-0.008999016805540834;0.002185245960604245
0.004283058636769579;-8.13061456045177e-06;-0.012395505201069463;0.003744855930266857
0.0059627436205360144;0.0033052664505879457;-0.013137892306942199;0.004372180579641745
0.007017228574892926;0.005772919795151457;-0.010990782593277473;0.004095579773096537
0.007157174322869334;0.006024298839399505;-0.005430805836736668;0.0027949382695446937
0.00637376468989685;0.003299998265815952;0.003512082539926371;0.0005326714139064816
0.004994410366422365;-0.0020086484422642986;0.013991657884537163;-0.0020394996085698167
0.003578763385240552;-0.00831338760293618;0.022147013578728836;-0.003754565935452706
0.0027389933897512724;-0.01335292146708043;0.023758232477197824;-0.0036187575736074413
0.002942982949750996;-0.015078328020564432;0.01686445148508141;-0.0015884826461194498
0.004313150647306344;-0.012561561782856251;0.003383450584269266;0.0012741189509376972
0.006510613408998292;-0.006557110970428024;-0.011585774420298166;0.003447989701237311
0.008824766008181766;0.0005999466766237818;-0.022331001421343224;0.0038815586709978144
0.010429801724387573;0.005830257796056518;-0.025248130858660702;0.00251027664218658
0.010637132581501833;0.0065585226422643925;-0.020144812364880627;0.0001015904648822542
0.009064600910404825;0.0018181607494595696;-0.009688473775476113;-0.002316570586146607
0.005765504988824878;-0.007230523415272795;0.0023000377067344167;-0.004000063110505277
0.0012835503479108;-0.01754718115278337;0.012537767887815176;-0.004696862798902377
-0.0035020517989902133;-0.02520246889798977;0.019123194980806845;-0.004478128614317861
-0.007729917426649157;-0.026867495178327618;0.02147094507228663;-0.003410182194474917
-0.01085057713148126;-0.021222949614203488;0.019853938421846636;-0.001410282873317334
-0.012643598168265732;-0.009552360882889877;0.015068097033193992;0.0015243891833049993
-0.013058211355879605;0.0048528022447288394;0.008331518949865916;0.004910945394272095
-0.01214278404936717;0.018122254005088396;0.0011943639945290244;0.007657001874539614
-0.010130769907021109;0.027241679152518978;-0.004752578123537718;0.00849527546363074
-0.007495737673744414;0.030827184036684933;-0.008314558386869097;0.006752701553628431
-0.004814264889478448;0.029114437131259222;-0.009015909335354049;0.0028830314341774985
-0.0025092914075760344;0.023450221921517397;-0.007135933095966292;-0.0016655537344013125
-0.0006864010029700841;0.015654499210652983;-0.0035207969818891864;-0.005170364391386871
0.0008103786070716672;0.007489441066994375;0.0006775028485176156;-0.006450900899363338
0.0021854375685563853;0.0003125418222998221;0.004287045217915871;-0.005298533436334437
0.003491428526112436;-0.00508822044138973;0.0064460817964567905;-0.002383027286412529
0.004575997854087048;-0.008478306320631384;0.0068916871858520305;0.0011528622005333026
0.005192413209293838;-0.009982296596894463;0.005987490961076572;0.004112609479991625
0.005187717786411087;-0.00978377906714357;0.004358559939465258;0.0055249215805885385
0.004647564703111478;-0.007894734953580276;0.0023408441615232513;0.004790906857088265
0.0039147026911569155;-0.004191092775497642;-0.0002644749823753197;0.0017629716334192028
0.003472011872108929;0.0012353183306631776;-0.0037815225995911647;-0.0031905558739931993
0.0037494735722658694;0.007619399215570779;-0.007827074860350822;-0.009097217548972705
0.0049505107244045546;0.013348125446267371;-0.010863397473402129;-0.014294550156238078
0.0069758654251518976;0.01635809781845594;-0.010883130811910221;-0.016538338804890244
0.009456701717777564;0.015026980955482681;-0.007034508545827659;-0.013637197421927698
0.011851339533680342;0.009086149861242093;-0.0008625482007903511;-0.004741015331748469
0.013572431746289061;-2.5194316853371008e-05;0.004204847647098033;0.008271209151450857
0.014156180344158454;-0.009639794455515374;0.005008866457378989;0.020535391861482198
0.013451158501802365;-0.01693239366339283;0.0007000979437214845;0.02607254271015556
0.011694735781309298;-0.019968300507699138;-0.006970334439629451;0.0212730113478724
0.009350291948950288;-0.018178892608303646;-0.014985057205094838;0.0077631269098714034
0.006796144790001705;-0.01219070397758766;-0.02057859228631302;-0.007731826144073106
0.004141065210904828;-0.0034130650569066884;-0.021928500335942427;-0.016962818476994178
0.0013107993838351007;0.006240914042508302;-0.01821269010665987;-0.015037975479871948
-0.0017402251018276682;0.014583450899900065;-0.009685269827855966;-0.0033958343889487117
-0.004907473076902715;0.019637812609780994;0.0020439713980571848;0.011087143684906908
-0.007949977371046125;0.020340239098841358;0.013942462693371637;0.020216131974422038
-0.0105701198504696;0.016976877771009598;0.02221477711967822;0.019172860068343477
-0.012518253558949852;0.010966405550675797;0.023724784523097356;0.008993675645634842
-0.013684742950584593;0.004162364344124826;0.01755913251449471;-0.004392338517263386
-0.014106057595031744;-0.0017777484723610715;0.005802976430628365;-0.013709267078098917
-0.013873162903726102;-0.0056418275169019955;-0.0071178813932302595;-0.014303268869379155
-0.013046637248811246;-0.0067097528493229265;-0.01639798086666685;-0.006431911113792816
-0.011669219305159396;-0.004891411900082431;-0.019107507748552046;0.005103543820080774
-0.009831661730959444;-0.0008885087074509631;-0.015397052714020996;0.013562201079860985
-0.007687095796792727;0.003953836641482854;-0.00794885114927042;0.013725460495840504
-0.00538945960952406;0.008168967177230242;-0.00020223926426445778;0.004589971776150532
-0.0030233319721345324;0.010688300250912726;0.005339549296136725;-0.009959777038122463
-0.0005938799989911558;0.011024975044332945;0.007747777239163215;-0.022898835316094563
0.0019135041741492297;0.009214411733373833;0.00728618336871383;-0.027513934123556624
0.004451471320557852;0.005745984871404966;0.004714741892950657;-0.020910026264699413
0.006874576241232402;0.0014553074713874858;0.0008667445919890333;-0.005718313576256375
0.008977813994450313;-0.0027625254840621433;-0.0034234946168886157;0.011040085086937183
0.010568341062859074;-0.0062976520888126195;-0.007293899408434009;0.02148100995373754
0.011509702756817336;-0.00894252175258039;-0.009953195028323952;0.020946645788670143
0.01173624516946097;-0.010726595389456695;-0.010917527919412199;0.010417218241253258
0.011280592579886834;-0.011704497523514375;-0.010225451813666277;-0.004116628934287189
0.010314830427067382;-0.011899417535853045;-0.008438064446576469;-0.01497253347854407
0.009138219271508166;-0.011354166166343015;-0.006331290577369091;-0.016909979419800665
0.008060985804489407;-0.01013572822952221;-0.0043973887424926155;-0.009765734161322117
0.007238125797158532;-0.008279776593165564;-0.0024982948921752576;0.001813205023931474
0.006583528879984473;-0.005807193711687416;-1.8669587173367755e-05;0.01124139891846967
0.005845190981442907;-0.0028636956302590566;0.0034973974848198338;0.013714156431919589
0.004790225560027828;0.0001616240613284319;0.007714773598108587;0.00864694359999793
0.003369992554304808;0.002707087379160118;0.011449380323918247;-0.00042396427195661644
0.0017731732420134733;0.004286071258112637;0.013293247867187859;-0.008205018726269003
0.0003608777734933139;0.004740587696917064;0.012460768582249107;-0.010727242908718697
-0.0004698440240941402;0.004340453899566201;0.009230786815872558;-0.007331131245121701
-0.00043705446170455694;0.003688097188056921;0.004704757327465341;-0.0005790514961776814
0.0005124307932119321;0.003490025920838928;0.0001419879959409396;0.005542636895084464
0.0021626485607675714;0.004277449245671418;-0.003573252553866537;0.007850866103898617
0.00407136520026631;0.0061531374668267235;-0.0059774529988444736;0.005371264038052385
0.005681819080049401;0.0086662704877319;-0.006739027301786806;-0.0005714468223642694
0.0064679667968221095;0.01091200766529131;-0.005513898858322212;-0.007258737831006699
0.0060674255439873755;0.011848189313124901;-0.0022334170824043816;-0.011825783867716117
0.00437441972961116;0.010692426222159207;0.0024243480380236465;-0.012354385910037574
0.001594010440509634;0.007234692375590123;0.006946447599114734;-0.008569109990600595
-0.0017468089030954171;0.0019729880903796133;0.009562977030677057;-0.0019640723324571858
-0.004866392485877656;-0.003955589833903602;0.009169040586799378;0.004774743303760701
-0.0069038558903716605;-0.00906101860163568;0.005963382448983183;0.008930429403875156
-0.007175223623144953;-0.011962347185437419;0.0013894539513536913;0.009011901934793747
-0.005424761685678665;-0.01186108859652127;-0.0025824393303115604;0.0054683388323755865
-0.001970527832874894;-0.00882173275820194;-0.00441449776269809;0.00043863479110466737
0.0023279917590079;-0.0037689240416043657;-0.0036507966277876864;-0.0034028228216367667
0.006294695068489241;0.00179840772565601;-0.0008997806594227749;-0.004326192469272043
0.008794369952459264;0.0063666858092784225;0.0027564439300902643;-0.0025086010561063475
0.009091322308971944;0.009081094190632414;0.006415549230741808;0.0001578812474703661
0.007054823234895991;0.010097858170995963;0.00955447715256534;0.0013694896597583515
0.0031320083743786036;0.010240466402750278;0.011750817607966016;-5.160240917526494e-06
-0.0018516195624969634;0.010158109592551376;0.012417496677608069;-0.0031705345216050725
-0.0069286449774967765;0.009704792038101515;0.0109875397611976;-0.006021942678401269
-0.011188709933990144;0.008095821968229331;0.007416546061570844;-0.0066471418801977485
-0.013954942471554007;0.004694125114154879;0.002450159734857341;-0.004585599618414268
-0.014933081137653877;-0.00025569257193096447;-0.002700010907668109;-0.0009898302022951827
-0.014256815390310719;-0.005536069612443032;-0.0070300698100164314;0.0022914555823561064
-0.012386129163905002;-0.009561488640273884;-0.010150976804826482;0.003954138028729604
-0.009937700741379524;-0.011241426765872187;-0.012068049357346107;0.003951930089841405
-0.00756900396763574;-0.010542891647360445;-0.012611872959704456;0.0033164540432288675
-0.005941561277484205;-0.008449729761078077;-0.011172837873718111;0.0033468970835948595
-0.005672547064595636;-0.0064162945620103995;-0.007128325552594196;0.004757260645507492
-0.007181306759663104;-0.005661211272342281;-0.0006930787915026275;0.007258044097021961
-0.010465697356407774;-0.006624880405624642;0.006557522746265138;0.00970572379422048
-0.014979978203490254;-0.00877545101090666;0.012096968265156502;0.010677298150879961
-0.01976289923467324;-0.010845505217129445;0.013680501067372283;0.00922775529641582
-0.02377353541892922;-0.011451151576534464;0.010619621153185396;0.005535629689618255
-0.02623694932370366;-0.009821729651480907;0.004284206284188158;0.0010623684069207212
-0.026831593834473134;-0.0062240274985123625;-0.0024477608763457466;-0.002049303334838371
-0.02567492946568585;-0.0018171608008581246;-0.006505844693042632;-0.0021560718134495446
-0.023152246293286043;0.0019512157865673473;-0.0061149570656246315;0.0008320961681240781
-0.019696198906303697;0.004025195049223922;-0.0017742853447415227;0.005267600515487743
-0.01565955715688307;0.004136896241826681;0.0038294163399807744;0.008617345277878516
-0.011341312456805391;0.0027644841207771303;0.0070999494683707375;0.008823804788507274
-0.007065611405954725;0.0007295592400045058;0.005456962076712582;0.005379806313023725
-0.00317388489722388;-0.0012979639256529558;-0.0011568039807533527;-0.00042631267284196534
7.437679232650788e-05;-0.003073988289211613;-0.010146196220678548;-0.0061491524952114514
0.00258164015926443;-0.004702195431439086;-0.017662528936517916;-0.009345672657044047
0.004405682061458297;-0.006343761918009341;-0.02068496473292594;-0.00870218653967775
0.005695517156716716;-0.007974303615600819;-0.018494268967646513;-0.004630409136771586
0.006609785009789684;-0.009349988386851003;-0.012692014935485215;0.0009215653764875251
0.007222616445276231;-0.010148483234254404;-0.005900814002511264;0.005361631314556381
0.007447612910877272;-0.01011434206446958;-0.00011704716173828054;0.006655630114754216
0.007059261965518704;-0.009080353241310252;0.004140441299103441;0.004283392895444065
0.005842293639196575;-0.006927413320641669;0.007382606511973148;-0.0005260190202989912
0.0037723066260691774;-0.0036596232130265086;0.009975453686016605;-0.005435694397470734
0.0010872281220634565;0.0003714460246384948;0.011429287264834559;-0.008232775541974862
-0.0017845337180793896;0.004305524576840293;0.010846701843762394;-0.008014362457491538
-0.004349026291436245;0.00692343284161454;0.008029042272717973;-0.005649901362318619
-0.006135782178407051;0.007125715483409176;0.004040860021495418;-0.0031941862504060877
-0.006757388477263017;0.004486108478004313;0.0005482195723182301;-0.002548249278736657
-0.005992931053409448;-0.0004740892841678788;-0.001533116543755197;-0.004204676754482194
-0.0038836179584616354;-0.006493792605762023;-0.002820873745088888;-0.00692698757003068
-0.0007468565112655255;-0.012133280523845323;-0.00489502197862006;-0.008585132648905477
0.0029468586827831916;-0.01629423354418155;-0.008817691898456367;-0.0075466671659559096
0.006749688702991362;-0.01836521728423651;-0.01402448875473381;-0.003669436539776629
0.010322412204372388;-0.01802750160949777;-0.018519777952347244;0.0016850716371825268
0.013403123897339305;-0.015084329804243317;-0.02015236344156825;0.0064803577286067825
0.015760064897688327;-0.009614932249660821;-0.017908212037327013;0.009066247924614685
0.017205098722236533;-0.002343675364780768;-0.012320705968510457;0.008880382466469414
0.01763953728232586;0.005215015241649256;-0.0049444311621091265;0.0065318953492476675
0.017077341549999257;0.011156743325255737;0.002473537630808367;0.003365798349130449
0.01563581732141006;0.013978234207582351;0.00851180056458627;0.0007879946926993148
0.013508090531106362;0.01323665173771865;0.012224313949895586;-0.00037372920282186754
0.010928758310153731;0.009655678743444885;0.013267184187435433;-0.0002572391785626215
0.008147983865257787;0.004711232516580183;0.012149199185641987;8.855684435345987e-05
0.0054255052986501235;6.556591750496759e-05;0.010254340052588755;-0.0006829042203175476
0.0030326799589198206;-0.002855503972798761;0.009202672359862735;-0.00321210618857821
0.0012352551448297226;-0.0031367843925936283;0.009726600687004408;-0.0066485807856592975
0.0002398950104164249;-0.0006071841937012099;0.010958639330733821;-0.008858339836409828
0.00012157261025578303;0.004014082161001404;0.010965075524044488;-0.007851934872960735
0.0007933320238279456;0.00923829698772207;0.008325725440932751;-0.003601574170698629
0.0020724363857326654;0.013250624569791836;0.003447132598896324;0.0012714161745531166
0.0037947438274586647;0.014515599252769651;-0.001650659521891704;0.0029152311394191103
0.005852337127544706;0.012348659562274484;-0.004907625171309637;-0.0009050612945019961
0.00812310101262371;0.0073135330395773576;-0.00561554991115795;-0.008644868457259538
0.010408950788140296;0.0012329062193296096;-0.004373487327506335;-0.015394134386460331
0.012474924659335522;-0.0034267201248057363;-0.001990718690276681;-0.015882258343779175
0.014136623615962457;-0.004707205018430429;0.0012685436490312853;-0.008101684369625967
0.01530394148085493;-0.0022691934661843325;0.0053930942071320565;0.004934191481564682
0.015960982143798947;0.0022469260732348503;0.00989485321867065;0.016535759692921377
0.01609670388818374;0.005913624712843384;0.013616280576696529;0.0200280428219568
0.015607541253910156;0.005948376719579807;0.015277708202818499;0.012643413163551189
0.014254643017786133;0.0011563745606150313;0.014151221708394703;-0.0025914649859206645
0.01178179446510852;-0.007345693612382484;0.01031061623378153;-0.01808112833868917
0.008162420742712737;-0.01649154532442793;0.004538436000856319;-0.025483947983116786
0.0037711803592981943;-0.022561787097259128;-0.0018180720462981546;-0.02020361732807959
-0.0006902642127015403;-0.022805980472499897;-0.007099458095524488;-0.004102805282917731
-0.004454464570245705;-0.016583627846550833;-0.009842080880228449;0.015202912176137687
-0.0069318720855771395;-0.005473651680383146;-0.00930937388477909;0.028249750815844434
-0.007821548177096007;0.007549622496654296;-0.005702356995850283;0.028721798748435414
-0.007127566442672392;0.01925753227665358;-5.792163363857971e-05;0.01673248165883483
-0.0051448620196169305;0.027105571418055016;0.00599873459459556;-0.00140009725235637
-0.0024140151474002585;0.029876431740040378;0.010678017453966277;-0.01661553094870951
0.00038669834233869037;0.028006445321106965;0.012637358959531764;-0.02180369810062919
0.0026158639556828132;0.02333762315777082;0.011463393452905738;-0.015234446279759076
0.0038550830755683537;0.018185831875353255;0.007663693739741448;-0.0010400346056453217
0.004008813623203431;0.014208378218413515;0.002234608283748161;0.013333986913716232
0.0032580815636820146;0.011814383605853246;-0.0037752291370354817;0.02116738483706671
0.0019143622888227747;0.010401100214406732;-0.009409749903484562;0.019693768607099094
0.00028491101138623126;0.009056259334540406;-0.013719897342937836;0.010867479432135263
-0.0013777624949704533;0.007170600280676246;-0.01571315834720828;-0.0003692179875814595
-0.0028599742838837233;0.00466968917852571;-0.014569198990927868;-0.008958006171036228
-0.003978193554846143;0.001916569650739024;-0.0101422258657014;-0.012044617839483494
-0.004627595619232303;-0.00052562851646056;-0.003456699048500768;-0.00972655119228024
-0.004857257201750997;-0.0021440261697515694;0.0032986598385885404;-0.004244547897318189
-0.004883626413749302;-0.002695385646587786;0.007565005666583131;0.0015912502346842983
-0.004984530529651096;-0.002337249334542693;0.0076856776670657136;0.005764116413881425
-0.0053176108448119985;-0.0015754727833595784;0.003859964547123239;0.007591911367815438
-0.005788787551512006;-0.0010004951962423402;-0.0019076709006459512;0.007440332783759401
-0.0060735852956376605;-0.0009425020520870868;-0.006889737158085302;0.006055588563182106
-0.005778568211796284;-0.0012704628135374629;-0.009072156895445004;0.004029146469623162
-0.00463080566937523;-0.001475480871558999;-0.008040997568382514;0.0016462418862930707
-0.0025882050500785183;-0.0009671677478346401;-0.0048468830102584015;-0.0009427015052928423
0.00015228535226244499;0.0006258994349045506;-0.0011318717831423203;-0.0034474915965184713
0.0031983992031248457;0.0032857563033480207;0.0017554500367543352;-0.005287970779781332
0.006006699037485685;0.00653884856627023;0.0031553375057129544;-0.005717697600064406
0.007935673987010715;0.009455970928162725;0.0030538666511548402;-0.004211854463839912
0.008362498936318286;0.010804057971995547;0.0019036756852703314;-0.000902838063457546
0.006880578221469375;0.009457482016395038;0.00040038318080211897;0.0032596810976255495
0.0035023779069850458;0.004983604807414624;-0.0009095644805886309;0.006811891358243587
-0.0012535907955839177;-0.0019187341545504506;-0.0021234151750395194;0.008414109893854174
-0.0064637229358360665;-0.00946617534511663;-0.00413325326322554;0.007458059319759777
-0.011060309384345048;-0.015394685757092314;-0.008016448754842559;0.004315752741036754
-0.014139825981470242;-0.01784545255122988;-0.013877337416159726;0.00015779646294223157
-0.015186251520983997;-0.01609335792246046;-0.020034591217666733;-0.0034964426014320177
-0.014141479096379047;-0.010789105224090946;-0.023436542020823084;-0.005285657030421006
-0.011352868700231984;-0.0036690219160632584;-0.02132646665448043;-0.004446997505071214
-0.0074709021495784405;0.003074846918181265;-0.01311880135819178;-0.00112726568529451
-0.003332581432863111;0.007525375932607746;-0.001096511223509355;0.003533460380015183
0.00018727847642833486;0.008683447598117297;0.0107031443802348;0.0076831607518940154
0.002374498598772564;0.006823414663676782;0.018705022747056127;0.00944523420993271
0.002882744907778042;0.0033628229365769034;0.0215767998554475;0.00779653237335007
0.0018492333754597337;0.00022294869069896555;0.020431379536993963;0.0031734202477952445
-0.0001693001074426828;-0.0010632630780407716;0.017546017885699566;-0.002630905079037355
-0.0024276899131969753;-5.7758328040593074e-05;0.014706794105068918;-0.007323850637337737
-0.004264238852014457;0.0024493577859949433;0.01235067181151158;-0.009266111508480663
-0.0052693838486936265;0.004961617117056125;0.009893971204595982;-0.008240865705678599
-0.005303108963623496;0.006127580124150228;0.006697093339914475;-0.005402704338932319
-0.004422531203257361;0.005398887392793628;0.0027598828059168753;-0.0024855856818641778
-0.002804539295203362;0.0031492832206047113;-0.0013242416914481738;-0.0007860562239159413
-0.0006967536814988332;0.00028841789069980944;-0.004903377428547487;-0.0005348915269871491
0.0016167069463242625;-0.0023106127515976744;-0.007696318687175882;-0.0009900387436480138
0.0038498180155973507;-0.004204614335025548;-0.009760334689631485;-0.0011129584662633427
0.00574579326537057;-0.005398301338033627;-0.011135702481200696;-0.00033313680328746036
0.007096808446091135;-0.006071046510246478;-0.011582670691222239;0.0011048181288615267
0.0077584620673976775;-0.006304825046202387;-0.01067954754548956;0.002391109548515529
0.007671809625503393;-0.0060572864381292345;-0.008179113854617552;0.0027645434333919035
0.00688718063883493;-0.005349724939867424;-0.004299417846032672;0.0020414662777367473
0.005561922201758042;-0.004419499896370096;0.0002765535023888165;0.0007120660999023849
0.003914731717522964;-0.0036414431002997428;0.004651490825715206;-0.0004238503518865712
0.0021583474616273866;-0.003265130600792547;0.008004960655279815;-0.0008039981688192661
0.00045729665713870087;-0.0031867772616081254;0.009763351768534451;-0.00046580026992657257
-0.0010612147461337258;-0.0029433440199250903;0.009651361846677933;-7.075400636956386e-06
-0.0022635352139293687;-0.001954738413404249;0.007726983431996086;-0.00018525899436849056
-0.0029902854094864023;0.00011032664229603435;0.0044513129583277486;-0.0013902113636317672
-0.0031108584398132576;0.0030282613659032734;0.0007166092585963874;-0.0032772766699020045
-0.002646122840662075;0.005927392612067438;-0.0023055147293328886;-0.004772327523381792
-0.0018864109876956076;0.00748056311380524;-0.003552519932559372;-0.004510905246742332
-0.0014028979211624785;0.006363477181154805;-0.002580670590626283;-0.0015872462256354173
-0.0018916156106492641;0.0018651880247507577;6.3319388354576e-05;0.003694882734366033
-0.0038873527685533977;-0.005562058105708063;0.0028911863919175097;0.009486195897383769
-0.007485055882083924;-0.014106273449028808;0.004080437781029215;0.012826780517036802
-0.012234416029004927;-0.021012227439254145;0.0024624109153475833;0.010918918972004716
-0.01727981439200616;-0.023618387853816158;-0.001649454524712851;0.0028258927462993934
-0.021656817946706305;-0.020594048344105713;-0.006425933942132026;-0.009291083433732595
-0.024575735201197046;-0.012661042509939716;-0.00947914995851582;-0.02040556318426938
-0.025584971407987336;-0.002299002413517311;-0.009252025362335886;-0.024758997462727014
-0.024598423421842035;0.007368054076232782;-0.005873925042405632;-0.019113476631496113
-0.021802701725289638;0.013744467039377048;-0.0009062358843988204;-0.00523811469261649
-0.01750116372690673;0.015400736876624499;0.003716336991374897;0.01025278606676991
-0.012021794018545784;0.012200960102229513;0.006693384815041201;0.01916104345927494
-0.005775319692848886;0.005209988662158463;0.007728984622223658;0.016457077108167177
0.0006272821210265673;-0.0035748187331133795;0.007332591600084749;0.003624166037736505
0.00638825768261975;-0.011772581864571667;0.006367950449266708;-0.011769893946330047
0.010734379742464245;-0.01733214196796857;0.005477406454109035;-0.0203826763349302
0.013192150657302545;-0.019097900696046298;0.004525682172346394;-0.016808880521557577
0.01374191768588899;-0.017034665234882666;0.0025131350397926463;-0.0030880216007654728
0.012784788171605726;-0.012142212341147648;-0.0016896864426047674;0.012348374448870209
0.01097800185472892;-0.006161217375215844;-0.008156993082825092;0.01976949014305042
0.009011528204032405;-0.001108967729681937;-0.015238611577942963;0.014181782884211751
0.007381952336949804;0.0013281537158079714;-0.020119913805094106;-0.0014057109659962432
0.006250991579911772;0.0003780928744493913;-0.020377310446805286;-0.017559134425859536
0.005479152552738476;-0.0035581818337121793;-0.015474344650843509;-0.02402399429871315
0.004804069201160988;-0.009134403062388056;-0.007156694322935257;-0.016050559411089516
0.003998550535575312;-0.01457668245297314;0.0014944721358432693;0.00245965798054983
0.0028939510189626;-0.01813833741797208;0.007700782570683383;0.021046030206557754
0.001345996088580986;-0.018398593869026116;0.010293196994254492;0.028833662823383722
-0.0007111828201185108;-0.01460880767989874;0.00992987891397498;0.0209928855662438
-0.003126752323181296;-0.007146184837926378;0.00820465004243214;0.0015740148566842542
-0.005473191788876449;0.002290236931417635;0.006422387668829769;-0.018943904201324035
-0.007183851943241043;0.011159770896466125;0.005012747863392802;-0.02976612681912028
-0.007809718276638561;0.01711270190194794;0.0038431266091586867;-0.025777927159585257
-0.007187273879191949;0.018915378696493654;0.0027820998404378522;-0.009927101472272127
-0.005397981644510324;0.016720689824646126;0.0017998704846917777;0.009105660644007234
-0.0026227422821226555;0.011714352077309902;0.0006644890406855283;0.02214514801299733
0.0009066829175883821;0.00552032888883437;-0.0011478372861266945;0.024316607813100636
0.0048198746026907715;-0.0003431797198484938;-0.004012844044459716;0.016736841006568515
0.008565546964615839;-0.004838200033476347;-0.007579077868082882;0.004707824201590219
0.01156463633943351;-0.007526843274424183;-0.010731965295362213;-0.005819135472864533
0.013446786124559684;-0.008418265417337225;-0.012345536759674825;-0.011128384151924322
0.014128735596948534;-0.007708321361153184;-0.012244910488662969;-0.010646723384474732
0.013681342705958612;-0.0056631304401259675;-0.011384346000926441;-0.006112616899966619
0.01217702324439981;-0.0027246648116030143;-0.010847968456960996;-0.00010386894662918747
0.009695167050531597;0.0003614238829880772;-0.010506984848107841;0.005137299394596644
0.006455554840590992;0.002687791017845478;-0.00873399857738787;0.00827417577352049
0.0029279759408842054;0.0036637737784024123;-0.0037299983002516595;0.008989739370117641
-0.00019162460829968235;0.0035039715695258235;0.004519855773412058;0.007837605936041414
-0.002159905211635677;0.003219903014908709;0.013434043807665684;0.005859536932792014
-0.002458764103539171;0.003950772013455417;0.019171075090879647;0.003984685617070795
-0.0010170934473471244;0.006122002945100345;0.019308837149315076;0.002467532900056642
0.0017614515839443254;0.00916770485718063;0.014717836934883379;0.0008247409589667845
0.0051600999244431536;0.012021045381919693;0.00892370565731486;-0.0015091166494510173
0.008356565915214508;0.013833052560288018;0.005311284473696082;-0.004243253701393428
0.010582882724946743;0.014274874565809344;0.0044530038596032155;-0.005907986378899528
0.01127977597801444;0.013355485578455284;0.0038499342424987565;-0.004706033556774472
0.010275881695804985;0.01118497672989745;0.0003162135647547396;-8.037442638509548e-05
0.00788795340108243;0.007975549877523023;-0.007071553509099256;0.0062657599034459536
0.00482187006266964;0.004103566989045024;-0.015966544942176555;0.010926009832476897
0.0019027012760583415;-5.0777619649640754e-05;-0.02240315787480189;0.010769065022589527
-0.0002277770061887016;-0.004388759035937151;-0.023563684928633685;0.005030452268098856
-0.0013271777076139808;-0.009113268733703175;-0.019389786578253448;-0.003951147145475224
-0.0015976788284656433;-0.014304613186365746;-0.012018785782422051;-0.011888734328437928
-0.0015094828547450826;-0.01932758031901468;-0.003936273487131435;-0.014856211449496165
-0.0014953648957268966;-0.022594498011990836;0.0034201852416726217;-0.01133234844299874
-0.001759406316292981;-0.02206687962135202;0.0096486308273266;-0.0028468110318739066
-0.002335465611709622;-0.016361812910502583;0.014460175595720897;0.006966111630979926
-0.0032339979811236157;-0.005751779884363153;0.01710288065161751;0.014181152667833463
-0.004439347772925388;0.007693869753578062;0.01683108658143249;0.016214090471730558
-0.005780641638086458;0.020921152924783422;0.013885541708155712;0.012592156141402803
-0.006904888456136037;0.031061029969044036;0.009850716431561433;0.004805221067861472
-0.0074410406892071795;0.03628538651588255;0.006866965609651857;-0.004444812427237457
-0.007195750494684742;0.036095504060573345;0.006249986554548726;-0.012235828946263976
-0.00620667475920177;0.0311733227890657;0.007569034351433136;-0.016365329969907295
-0.00465527319664298;0.0230243439200556;0.008878422343615288;-0.01598177108849855
-0.0027534955425988564;0.013547275441601265;0.007976701309315881;-0.011713734803854563
-0.00068583738877607;0.004576655675585569;0.0038664608552087323;-0.005279829634775526
0.0013873499279604543;-0.0025275318015060104;-0.0025306760155930363;0.0012138628975118563
0.003297395640119833;-0.0071034647238623185;-0.008825141755120777;0.005981617604576194
0.004845728062173713;-0.009147599445576523;-0.012446118592318669;0.00803977411192711
0.005829003408347162;-0.009110363462002675;-0.01197727916243285;0.007372950653594796
0.006117195175828152;-0.007695965686819712;-0.007813811548738213;0.004796186264846343
0.005738387007751444;-0.005712182443373046;-0.0018545384418795273;0.0015767099671553128
0.0048977819031150935;-0.003899402182298964;0.0035173435729942567;-0.0010663183335456463
0.0038987114338699786;-0.002728367675848626;0.0065583172066468985;-0.0023994919243449098
0.00301090098200587;-0.002279892531790197;0.006803924358961587;-0.0023629679738382987
0.002372983980333556;-0.0023092955300123476;0.0049863957579782126;-0.0014404836625042763
0.0019835624295835817;-0.002457276354086609;0.002426085459120762;-0.0003192844817534134
0.0017636045605725357;-0.0024616972474280035;0.0003215709298765806;0.0004544178192508621
0.0016308419708178003;-0.0022495048442407115;-0.0007042888677060007;0.0006614654692868204
0.00154034098202652;-0.0018940353260694502;-0.0006807136563226035;0.00040010460413971
0.0014841629584921045;-0.0015085202882709702;-7.741305240687661e-05;-5.0911574383905884e-05
0.0014688328318502144;-0.0011623312067575008;0.0005191130342615576;-0.0003977972989323131
0.001492091626332306;-0.0008665417469017041;0.0006906427873998948;-0.00045684381835643905
0.0015307501677745456;-0.0006194840364537647;0.00035318173137376536;-0.00021462610561749236
0.001541224928000681;-0.00046487032503058235;-0.00021854803059636243;0.0001746182845402975
0.0014683816358510191;-0.0005103185929145538;-0.0005022040488537072;0.0004475026453725037
0.0012565280557769636;-0.0008808763910130996;4.854849318158562e-05;0.00033868041064360354
0.0008582838273771834;-0.0016252705978757759;0.001724468509456722;-0.0002861701435296058
0.00024329329955839117;-0.0026274964161031346;0.004332833006214855;-0.0013280879060365949
-0.0005844162804468474;-0.0035784516589377176;0.007155190167236832;-0.0024621068248169144
-0.0015574742220076526;-0.004027752677419699;0.009169142238820855;-0.0032947883889510483
-0.0025255766276901645;-0.0034956953022668557;0.009471863427434453;-0.0036035153733856248
-0.0032797513622804227;-0.0016208990991066416;0.007704940050708076;-0.0034865608453289597
-0.003623616997317152;0.0016586847955660064;0.004257076559345384;-0.0032744343017793815
-0.003445277052127874;0.005920421153868058;0.0001429543546161136;-0.0032304569310098387
-0.0027437080368532298;0.01019842104582399;-0.0033633198599663724;-0.0032771258321831163
-0.0016145146042175853;0.013216861312366488;-0.005151914089942955;-0.003013865189540304
-0.0002272148664187881;0.013890282016594514;-0.004589939521325983;-0.002053810827224484
0.0011991625387007428;0.01179890416063602;-0.0016580861685871824;-0.00040212234757108155
0.0024373466670150243;0.0073430001018773465;0.003060231093517692;0.0014532553830337934
0.0033044876410554015;0.0015652347898177487;0.008489942192021713;0.002806216705495022
0.003693663572333196;-0.004151931797200942;0.013272772116369546;0.0031229895243470953
0.00356594496912014;-0.008375761758652778;0.016087640303869628;0.002271394005993369
0.002928632360822963;-0.00994215731830444;0.016027300110329542;0.0004883042861983371
0.0018399773453454814;-0.008355933901846612;0.012895140830449708;-0.001790062177801858
0.00043874999733358323;-0.004119735274486165;0.00730984510933961;-0.004043830055944828
-0.0010488642449468881;0.001315293926630468;0.0005903611406324528;-0.005668149026645384
-0.002356911912305071;0.006100805411403063;-0.005583892619212203;-0.005982035505397664
-0.003256627357326948;0.00876036676014536;-0.009720989355021005;-0.004428974790030342
-0.0036122909577463716;0.008708444448322446;-0.011081647393867864;-0.0009732919072056939
-0.0033922870941585567;0.00628870278582522;-0.00989473095606881;0.0035749321193805908
-0.0026486155296710067;0.0024627971788221533;-0.007031696802940665;0.007655594001477142
-0.0014916771390284373;-0.0015879184509925324;-0.0034126734192279117;0.009587900780681353
-7.693561160219388e-05;-0.00479265848290131;0.0003586020571545998;0.008461371896103695
0.0014005171987126644;-0.006424363464927055;0.003913315504552298;0.00476823979530645
0.0027242650828529225;-0.006228841550752997;0.006808468135974296;0.00031945908205981285
0.0037073340068398955;-0.004422459208733483;0.008356986568380423;-0.0026386422575001203
0.004266271975537038;-0.0015533250854467325;0.007779814381979807;-0.0026784452645490127
0.004470824595917181;0.0017191079562518792;0.004598225493181302;-6.255452259318606e-05
0.004519387597771633;0.004823660248040029;-0.0009558831105298838;0.0033703717289785893
0.004638830049816174;0.007354822885317504;-0.007722771834650264;0.005304592871754813
0.004955451825684719;0.008992989158780617;-0.013713933203922996;0.0043720238037648
0.005389693448764032;0.009345721428198417;-0.01657160607938598;0.0010141461949825597
0.0056132738098836074;0.007880140789457932;-0.01438185279372589;-0.0027489977326212774
0.0051015719862477805;0.004107753480123877;-0.006707416558338974;-0.004503782636298431
0.0032973097604010017;-0.001964539075528711;0.004584491754842684;-0.0029142016061198947
-0.00014875561896950963;-0.009344259463482468;0.015380317389599095;0.0013150463793540205
-0.0051567836942390055;-0.015933994686747062;0.020738849099829905;0.005544779787799534
-0.01113352974918427;-0.019119955126800117;0.01731100928696734;0.00649889253091187
-0.01708341810974281;-0.0169977690819449;0.005430819583350945;0.0023070175249706518
-0.021872207869830334;-0.009617875046411756;-0.01064630681613019;-0.005742028973992341
-0.02454239650125045;0.0006262961163625803;-0.024831438874238453;-0.013019493147503955
-0.024586470321414113;0.00994891363854841;-0.03242501425653634;-0.01366989455019067
-0.02209561096619113;0.014999783853267936;-0.032323873077873426;-0.004327551807997048
-0.017709361470021542;0.014372313609985334;-0.026735398408370258;0.012726601169888161
-0.012362282619364036;0.008858999670843509;-0.01889710533321141;0.02943289540411772
-0.006949682264660353;0.0005892751678624422;-0.010900131773040887;0.03578091454304698
-0.0021015261519503102;-0.008064343914363269;-0.003313734326540043;0.02584059224264411
0.001822614873525226;-0.015145314355793341;0.0036596413298216396;0.002231210573011037
0.004580687195301496;-0.01934780851283961;0.009109827476273329;-0.024277813910487975
0.0059259947539297714;-0.02014718384746237;0.01153459346605566;-0.04035296303470485
0.005650275737289229;-0.017917624324524557;0.009898533977056801;-0.03767658718068417
0.0037489620553991876;-0.013825672310475259;0.00463028349304531;-0.01782492767379499
0.0005582047580797343;-0.00936540258993344;-0.0022754941706121857;0.00860703977265055
-0.0032534770615883658;-0.005766030859484498;-0.008208740424907927;0.028020911394636475
-0.006874342638408552;-0.0036578138177154437;-0.011365276373835715;0.031242706389400847
-0.009658888465344689;-0.0031188326476866523;-0.011670911216008193;0.018055300054632843
-0.011374609900047145;-0.0038959428208277303;-0.010531822285883903;-0.0034440620342826513
-0.01218703948968701;-0.005564562329806698;-0.009589602672892925;-0.021818355215661746
-0.012396236204298286;-0.007585109406561175;-0.009466610929180087;-0.02846347753187898
-0.012182368983229028;-0.009343808877141518;-0.009536300459572647;-0.021570118654085268
-0.0115790047706078;-0.010242138108865904;-0.008856582115477456;-0.006102804939494366
-0.01061424770482419;-0.009829165970912003;-0.007285494751695557;0.009599956972245367
-0.00940479456716299;-0.007936306948982213;-0.005602587812254294;0.01834550331408833
-0.008112798223114703;-0.004764534480796257;-0.004505672812826815;0.017317275735755505
-0.006851287984497243;-0.0008737654600347817;-0.003577933113314846;0.008695606014307578
-0.005632776436463771;0.0029557650837107336;-0.0014020369146133952;-0.002151626438159398
-0.004372193147767764;0.005964146668396801;0.003130906604272547;-0.009625569865605142
-0.0029257876459384473;0.007646106415692286;0.009436405733301758;-0.0104605821958932
-0.0011556306609467055;0.007849372980707533;0.015043560362231463;-0.004865292673311124
0.0010043078393312606;0.006726861321923757;0.0169607896606492;0.00398125480694066
0.0035089900008354333;0.004666894153980626;0.01374376496812026;0.011628891225950337
0.006191585503340653;0.0022698274617989093;0.006746049303186049;0.014432418343536996
0.00877316371454481;0.00026925824434291746;-0.0004942001361422842;0.011112598166134698
0.010909530763541946;-0.0007086108954369035;-0.004405562318562594;0.0031531705403402585
0.01229057327083853;-0.00045149274532198746;-0.0035608181567131493;-0.0060760809515354505
0.012750231997627768;0.0007066534552696993;0.0006365262670857253;-0.012979237465461584
0.01230581412310565;0.0020583563201871245;0.005146815491855678;-0.015341442402405809
0.011097810468412394;0.0028835644727212666;0.007430516431914037;-0.013119547207120972
0.00929654004366618;0.0027566060588961354;0.006998978329532509;-0.008096301326348842
0.007067460510515301;0.0016568752004722967;0.0053524469292866;-0.002681727356285283
0.0046155146302764094;-8.204396377781708e-05;0.004494739401321569;0.0014024895167962037
0.002242183710820654;-0.0018954426820787372;0.005274070474257244;0.003781347720700781
0.0003375459805841133;-0.0031666068181231462;0.006872293559600935;0.005096827627612886
-0.0007026825002564921;-0.0034710097636448238;0.007761504134385104;0.006046087841278909
-0.000582378759100989;-0.002785857721219331;0.007195036890899443;0.006589929616194687
0.0008106875515895605;-0.0014868821054779655;0.005869037330763024;0.005973410644093792
0.003343491956388703;-8.654445987614508e-05;0.005166181262527873;0.0035241357491126463
0.006613100553024739;0.0010964917389720112;0.005693357856461962;-0.0004742031123538545
0.010017157216509108;0.0020820206516827867;0.006476395406099372;-0.0046214535445604
0.012942340046829284;0.0031127627572259233;0.00560783813956441;-0.007142527050118279
0.014972468368867465;0.004418729407153635;0.0018839090437355406;-0.006958544053838447
0.01597520953009571;0.006020539005092707;-0.003907064189977256;-0.004271472995986928
0.01604734003113158;0.007591114442983782;-0.009154122003457834;-0.0003088853003557388
0.015420329482881908;0.00836218485976088;-0.011017449412007978;0.0034299223653438977
0.014386348151488832;0.007223875904491783;-0.008274933184938717;0.005812006339997651
0.013211061149820357;0.003218057906174869;-0.0020468601458425795;0.006280673774589894
0.012042600714077279;-0.0036807210236801807;0.005053595037288088;0.004776837633631679
0.010917670069932633;-0.01199862954131144;0.010538980934257041;0.0016692023925760923
0.009882687315211261;-0.018935532391121116;0.013159705706080943;-0.002194150452069766
0.009067542703256442;-0.021392003556776746;0.012881566143149678;-0.00548395067128851
0.00858284456363668;-0.017423229505279785;0.010129722345919046;-0.006722765379355016
0.00836446850976116;-0.007335428758741329;0.005199628682223306;-0.005027582497113078
0.008183469295553854;0.006280880448962039;-0.0015995129500431036;-0.0008781467680433169
0.0078141638198909;0.01967430863795705;-0.009316252590821637;0.0037716826454711025
0.007149128197410303;0.029526023938409113;-0.01603664589956162;0.006407927361034439
0.006161010558265115;0.03406412703171412;-0.019411564079231124;0.005446598764508704
0.004833014262356721;0.03324326639453764;-0.017788972223863258;0.0012633740173950028
0.003184315282521895;0.0282398985717056;-0.011182361318771757;-0.0040199883052364
0.001346409773940693;0.020785665635030644;-0.0014575055766916176;-0.007845020936500946
-0.0004357157389003792;0.012655855017086142;0.008327775720178187;-0.00866971901235591
-0.0019151944198457554;0.005343480722598239;0.01506899678044907;-0.006611020869226167
-0.0029815238847328727;-0.00014748285131405681;0.016790529510452686;-0.003026908081584046
-0.003713806944573029;-0.003405674200041818;0.0134511455132128;0.0004803601896768791
-0.0043127406669678445;-0.004580750307517531;0.007009038918320396;0.0029279739732042754
-0.0049650051827958884;-0.004204353816025905;0.0005348710898306324;0.004233424711969339
-0.005730543761212558;-0.002913554298663016;-0.0033461353291469095;0.004898138505995532
-0.006520808944256097;-0.0011859694438620403;-0.00383141001366821;0.005409393670383038
-0.007174674103856442;0.0007871111238109957;-0.002218920797645386;0.00577746282396446
-0.007571473327139241;0.003014220347830605;-0.0008222603891554703;0.005493657400438809
-0.007698445431416021;0.005447126923619056;-0.0012117066529519955;0.003922636941738009
-0.007634634666321631;0.0077362573031527744;-0.0030236127050229464;0.0008810463981771936
-0.00748172357674212;0.009219137136231681;-0.004261042019759541;-0.0029670160815976057
-0.007307405636399292;0.00920124424338705;-0.002931718172234577;-0.006192061879771718
-0.00715192058888486;0.007330490549991963;0.0011941429819226658;-0.007204011461104881
-0.007091465091031759;0.0037814049104465783;0.006092300679897528;-0.005113846953272243
-0.007283956789551792;-0.0008341256246587614;0.00870548143569029;-0.00037833141997627547
-0.007916747938041651;-0.005656710832060695;0.006983820738577928;0.0052101452624832
-0.009073221064814443;-0.009702999815033864;0.0012221498188470347;0.009300341323442325
-0.010638670589963312;-0.0119916976043444;-0.00621478253493208;0.01015474772274604
-0.012335732600754674;-0.011829585097314688;-0.012405317842477235;0.0075334680872440754
-0.013843683196809467;-0.009185449924153393;-0.015413204313119907;0.0027453357046208584
-0.014886644378858508;-0.0048502373449645425;-0.014874139646179684;-0.002138084780779082
-0.01524624368548771;-0.0001853916607011084;-0.011570328209680372;-0.005365661236043104
-0.014753260010348;0.003418524207676346;-0.006679821574346827;-0.006208736428811231
-0.013319573406887188;0.00505191805782531;-0.0013598417921153842;-0.004955511807740631
-0.011000732920878468;0.00450575124549723;0.003267105868212116;-0.0023995661205228136
-0.008025634524194306;0.0021637122863731894;0.006121516644366968;0.0006934146768499331
-0.004749016753141666;-0.0012679989662141193;0.006474033349081185;0.003783288324796547
-0.0015493302769647908;-0.0049872322289335105;0.004397473721843711;0.006423614549233295
0.0012614574443177724;-0.008202160323473193;0.0009164864028847192;0.008090483339874936
0.0034736221405824042;-0.010204295549967532;-0.0024158030171785084;0.008245965620478442
0.004978871876792279;-0.010525194260698213;-0.004317011405928616;0.00663827720562719
0.005773216181288332;-0.009152795740779955;-0.004423611178129913;0.00357948208523172
0.005967867320050685;-0.006627629095328867;-0.003347137583244127;-7.264517190649293e-05
0.005775443780723638;-0.003868804128843169;-0.0021286326241274425;-0.0032661762632666363
0.005450949322475974;-0.0017913838513092392;-0.0015188331241190755;-0.0052081929865229444
0.005210996360354805;-0.0009470848062929202;-0.001610371793096471;-0.0056236678765357855
0.005177782321739498;-0.0013824792997866283;-0.002027910632368673;-0.004706599987044115
0.00537118157769555;-0.0027385331065363488;-0.0024052258677251005;-0.0028925802895650634
0.005730302614681194;-0.004488598610031553;-0.0026515374383809668;-0.0006682190448639044
0.006132533285113194;-0.006190690254049647;-0.0027451105114420986;0.001479497449579464
0.006405020788955447;-0.007654554180385105;-0.0023040357372902933;0.003041463899435562
0.006354627734654809;-0.00894567671568837;-0.0005071056567544824;0.003524604979832125
0.005837443096493501;-0.010195114564974865;0.003290994913464895;0.002599063816504536
0.004846256214824367;-0.011301079141717187;0.0085864880794844;0.00026703558396345105
0.003555955397111072;-0.011745848172386652;0.013287495227266863;-0.003088027675361885
0.0022821189427936718;-0.010750374356019124;0.014527456217988392;-0.006827022827044479
0.001375768502626369;-0.007758049364626761;0.010512782363083392;-0.01026349524920302
0.0011277042876729824;-0.0029403737569015697;0.0021867863296161907;-0.012797979532407968
0.0017258095284004133;0.00265128883874375;-0.006685510925396743;-0.013906194001726003
0.003234278363057108;0.007408635385460269;-0.011451294553476769;-0.013075960589352557
0.005549255205835453;0.009754001291158982;-0.009454136959077986;-0.009903820952628798
0.008357236024166468;0.008689005323970824;-0.0018800887569302282;-0.00449303688430897
0.011173923342685532;0.004149106873586038;0.0068820640619179155;0.002013551685436302
0.01348142110488464;-0.002866023179072415;0.012025263000082578;0.0072958322460349705
0.014881223383160615;-0.010442850454766776;0.01123839867750761;0.008653488334323025
0.015171472059871322;-0.016252531701602003;0.005675052821686083;0.004667175513401326
0.01433707602510531;-0.018303514166549375;-0.0013918791484951879;-0.0032725022751970366
0.012497915110148795;-0.01564256060100219;-0.006739946727403657;-0.010947439245217822
0.00985415354912293;-0.008686631026893476;-0.008494673156621326;-0.013366997602456562
0.006652855933283597;0.00091969359434578;-0.0062348171391336075;-0.007872951397005687
0.0031909991686037416;0.010817055836936283;-0.0007416473925169086;0.003767566869601507
-0.00016472602707515995;0.018630892866898254;0.006056890191894623;0.015891911120038574
-0.0029970051606472434;0.022634964721416673;0.011353690819690686;0.022009188806739532
-0.0049306550068310894;0.022145007138988183;0.012498082740909702;0.0185916086481126
-0.005762244548792965;0.01754506883294037;0.008481136102856238;0.007256314149566647
-0.0055385658347567954;0.010069970098562957;0.0007924944334942994;-0.0059863185700016
-0.004521212410899652;0.001524563711171878;-0.007127054019152429;-0.013968120047015196
-0.0030602268316097833;-0.006039256597334777;-0.0115874850260354;-0.012261300519196088
-0.0014680734046250215;-0.01078208751102083;-0.010531743624086778;-0.0016452333582172788
3.016597336291672e-05;-0.011616070010915025;-0.00460999483036929;0.01216610995285028
0.0012770215096503865;-0.008523778955935446;0.003151242880771306;0.0214412867316884
0.0021621058139596715;-0.002421255003168227;0.00902526328771862;0.020510575134521526
0.002648568964529387;0.005273580784484498;0.01065654596521107;0.008855402306821513
0.0028215493666643994;0.012982418664889975;0.008131119889208737;-0.008468263899860556
0.002888497123182704;0.019120030325747925;0.003390430116725108;-0.023315658136097935
0.003086423639364558;0.022333346508530486;-0.001289092333376296;-0.0285241834687891
0.0035307968254017926;0.021954389835751518;-0.004451635334980736;-0.021469787313369352
0.004109621181980645;0.01833040212983152;-0.005632750667035184;-0.005347005739183129
0.00450886998905301;0.012645430829649754;-0.004896583359488341;0.012437018825296615
0.004357872356348367;0.006336338540615222;-0.002433451086708578;0.023940187722552176
0.0034032696193449776;0.0005773853568794696;0.0013660891235383137;0.024560570932600324
0.0016220382686239446;-0.003866430513183261;0.005460908386212306;0.015113374716452197
-0.0007645093613351282;-0.006531865970100347;0.007899840094791638;0.0010852893267700237
-0.003362638190107613;-0.007181861935579109;0.00638427488764697;-0.010411650677075942
-0.005716171342910438;-0.00587682323547777;-0.0003205816532507094;-0.01427378494333451
-0.00740506306759958;-0.003057467757974239;-0.011005554329075955;-0.009732898644446758
-0.008127240926855706;0.0005261535093916315;-0.021860589066287423;-0.00028762782518088054
-0.007802203178633394;0.004002461271512784;-0.028001506425300908;0.008558319311719824
-0.006699228391348519;0.006504220070193672;-0.025927242699444842;0.012414061185780612
-0.005492149964881774;0.007178888245171528;-0.015436064356088837;0.01022535164675338
-0.005114421527671465;0.005255095658790849;0.00016231181463794556;0.004410834880831409
-0.00641539297655221;0.000360559449309623;0.015609522023790777;-0.0010325440214325578
-0.009786491730183793;-0.006962276628808379;0.026053017736645517;-0.003185259456574121
-0.014960074910203614;-0.014915781076265311;0.02890226262557803;-0.001919576022642007
-0.021065959374315626;-0.020742341006670866;0.0243663969646412;0.0004069597418651925
-0.026890152264989038;-0.02178634072554663;0.014695500993879125;0.001008532422062961
-0.03122540959063625;-0.01685098651028799;0.002892422869913562;-0.0010574425237965764
-0.03321728874388189;-0.006997522861812644;-0.008210315761131556;-0.004157896936428372
-0.03260669221988655;0.004773952308525844;-0.016251173040339826;-0.005464844168342027
-0.02975482387512614;0.01474558953412679;-0.01949376394287244;-0.0033291338053000117
-0.025419526578109912;0.019874809107023245;-0.017318210939890836;0.0012240346617903455
-0.02042375213496241;0.01876043296574413;-0.010855824072755135;0.004989540456918797
-0.015417020889556717;0.011950947543224448;-0.0030306962356915048;0.00469340845929496
-0.010793700115627415;0.0015760628600124383;0.0025017244085776685;-0.0007020380635312005
-0.006692064203804649;-0.009521108775480845;0.003198406640737719;-0.008987582691682183
-0.003024087389438188;-0.0187278455415602;-0.0008112123459916809;-0.0156824836230288
0.0004300993477237782;-0.024262465642300057;-0.0065700143003826475;-0.016487025415757486
0.0038585668848052316;-0.025340678381367547;-0.009873868913168563;-0.009775731819912504
0.007277239239869254;-0.02211450789342564;-0.007737639342572978;0.002336982100839027
0.010502380110126027;-0.015579841460951122;-0.0001978959936515326;0.014931067346624369
0.013210779022772809;-0.007407523178786346;0.009725989294094475;0.022619734485912677
0.014998476302688689;0.0005007913721546384;0.01788992685872303;0.0220182655819489
0.015419679214719527;0.006715525117545425;0.021468332263748304;0.013178112601444617
0.014076761351226257;0.010807487910202538;0.02036310816049507;-0.0005288699630318291
0.010802442056126398;0.01323435573361326;0.016736493829272895;-0.013887756518598637
0.005853829232640725;0.014660898274619536;0.013210884727220677;-0.022016679011982922
-3.4755250075175156e-05;0.015308759606422086;0.011139939642988483;-0.022346145644274312
-0.0058303152177228285;0.014837112942840304;0.010064001020008692;-0.015550668204900628
-0.010544909165699877;0.012730809722999623;0.00846885180237154;-0.005014841335636512
-0.013554037976834224;0.00880538133379064;0.0051439855308341225;0.004862305477405541
-0.014714893548241964;0.003472731570394506;0.0002201741813222882;0.010622211016959508
-0.014259669434281344;-0.002341033629027349;-0.004724088304053798;0.011000787424294615
-0.012587009659437627;-0.00752021423448456;-0.007526771437219952;0.007033016293152057
-0.010087444926203058;-0.011132196007347567;-0.006775971282096836;0.0012317967094761368
-0.007045992968931718;-0.012676435745906323;-0.0028432494789889127;-0.0035785947199001244
-0.0036066065258970495;-0.01213502216661936;0.0020407254288051595;-0.005288118556549271
0.00019669632270962638;-0.009866523243461886;0.004848270253538729;-0.003178837546381889
0.004329789163934884;-0.0064476964407880494;0.003460229173282634;0.0018189688761955426
0.008619122087596975;-0.002544888953992646;-0.001973713216413782;0.007406517198056847
0.012690172666062986;0.0011620592730338234;-0.008928964413434704;0.01080722297839535
0.01605065754613347;0.004018305016057796;-0.01384727336700585;0.010057789940344397
0.01826918211161789;0.005430083301673305;-0.014164083737769015;0.005107988475637522
0.019122783138937165;0.004946441579631418;-0.009733757978273442;-0.001973864589637114
0.018625296872008767;0.0024119627927486733;-0.002736299239530084;-0.007988220928531114
0.01695594455194484;-0.0018508244831107617;0.00378950821263534;-0.010330931015618368
0.01437331430004625;-0.00693720998266457;0.007705816569592734;-0.008433231999033342
0.011175959718991046;-0.011453529211372666;0.008645809691926673;-0.00397439455839408
0.007708424238110266;-0.0138587837128892;0.007570349363652228;0.00029910335223655476
0.004374578476167541;-0.012982058297051567;0.005588546987345486;0.0023543624497149047
0.0016129199257026495;-0.008529362052170393;0.003082137306610474;0.0020313209244268186
-0.00019799330952138298;-0.0013544036959477687;-0.00022573265502228655;0.0008187173044877345
-0.000879256760190747;0.006667537316717482;-0.004475517740594355;0.0004987881514165108
-0.0005394515195457758;0.013179503266895192;-0.008956137809558767;0.0017103131722739481
0.0004758800328418284;0.016155239332000738;-0.012158776695013172;0.0034739929355675314
0.0017557998600915888;0.014715903750299757;-0.012618662292220294;0.0039680695802505545
0.003020813784794159;0.009600818099644368;-0.009909944966818431;0.001941551170277006
0.004249771690853025;0.002973474230190136;-0.005039115811620175;-0.0022480323162516716
0.005666237778772014;-0.0025027409279246974;5.701120972020799e-05;-0.006676959862744194
0.007563324337147038;-0.0049608438063181255;0.0035829612046625325;-0.008958396948518882
0.010048700923859025;-0.00432068025212546;0.004873234033321509;-0.007726720734184178
0.01285974751240474;-0.0023535117041581836;0.004709000218914478;-0.003571344507429243
0.015353721430580301;-0.00168039724966348;0.004695047930695389;0.0012258424965870735
0.016694501065738308;-0.004224482565539754;0.005955055438122378;0.004062575051853839
0.01619507207862442;-0.010029408002347692;0.007990672933671054;0.0036265795059901174
0.013678624233160323;-0.017131932470470363;0.008682608990719707;0.0006350219054979447
0.009636691957234633;-0.022494799702870622;0.00568009817010897;-0.0027963607072580103
0.0050561464525953285;-0.02342491644909955;-0.0017335239633122865;-0.004624659818907916
0.001031197263714226;-0.018764575281673544;-0.01174006687714993;-0.004075819705138755
-0.0015882832106174358;-0.009346811412278123;-0.02081522637533039;-0.001791795703193769
-0.0023656066625842424;0.0024260668411453423;-0.025723407938221365;0.0009357340279703761
-0.0012972761872075604;0.013588574987343328;-0.025254460561936046;0.00308089331018974
0.0012288052467440676;0.021650899964928045;-0.020536461334147986;0.004304390536094194
0.004522664763131179;0.025267919022042482;-0.013883525374264807;0.004797801743103401
0.007769527262507621;0.02449228897266811;-0.007234707718838855;0.004889095252560746
0.010282084823743407;0.02067025774831133;-0.0014195560154495145;0.004776399190663777
0.011712832371146443;0.015902049973875024;0.0033831594735788495;0.004525131847788982
0.012098319371423676;0.012100964340022372;0.006736759263104175;0.0042096109859824215
0.011725818753994035;0.010120112837978586;0.007676064002419226;0.003979288310264189
0.01093652227068071;0.009559327922998441;0.005459253082803463;0.003936675241731751
0.009974858077549345;0.00935712412933888;0.0006531790779912825;0.003937197539297819
0.008910347249669458;0.008623760538465091;-0.004558277263622461;0.0035512994650217867
0.007631734847714676;0.0070801310982580015;-0.007337249994023598;0.0023154638195144795
0.00593713597778508;0.004950372525424758;-0.005869011650471012;0.00012959768550534892
0.003708757228092159;0.0026419200071663117;-0.0006207084603332348;-0.0025186148861471316
0.00107148100021853;0.0005818402552129263;0.00568537133539284;-0.004741452527104116
-0.0015829124781366391;-0.0007523864924688602;0.009456717140573457;-0.005793657725818803
-0.003724504583265828;-0.0008401932061725742;0.008248860406515362;-0.005606037912071101
-0.004875607162114209;0.0006615528904027236;0.0022860361976150957;-0.00487478152493683
-0.004762110836126451;0.003574387732496501;-0.005449682488262744;-0.004539385909024551
-0.00339175283956437;0.007011360618548956;-0.010742341132975385;-0.004944486435775963
-0.0010628603025976298;0.009594324976762448;-0.010519416413511156;-0.005322703874878861
0.0017056005175385442;0.010069647047157041;-0.0047055878503428515;-0.004168969619778223
0.004319168321926456;0.007985219643767699;0.0036771840142123457;-0.0005098902432528734
0.00627373410272006;0.003959172256735039;0.01034480218177674;0.004742244971287097
0.007279231341000211;-0.0006718693924186734;0.012300715289269156;0.008598395152567643
0.007315010081388611;-0.004572880063509576;0.009308841084916121;0.007649263259313967
0.006588802709058383;-0.006989266746098128;0.0034563883019438136;0.0007794626307451181
0.00537054082495493;-0.007845634747076755;-0.002418557856118528;-0.009107319816467056
0.003783742505354459;-0.007460855721392509;-0.00605529820199374;-0.016106679409233098
0.0017471142749441162;-0.006251979235967971;-0.006279943369703571;-0.014897468661658631
-0.0008598463080302946;-0.0046407285334251125;-0.0030820536009567366;-0.004606494681328358
-0.0039840796801674525;-0.0030354386936985505;0.0023387993022782622;0.009854633677600387
-0.00735599710782262;-0.0017181833059692361;0.007731805329560601;0.020198106965782527
-0.010620699125099158;-0.0007245858817878706;0.01053415107961977;0.019588566019338796
-0.013489252852860395;8.826748077625658e-05;0.009090467883688896;0.006939478723283957
-0.01580332048628444;0.0008177771672653033;0.00365954048190036;-0.011955232766889543
-0.017508199835006462;0.001390882720035693;-0.003496169221778388;-0.027209785341308863
-0.0185744160369734;0.0016744895835034358;-0.009056638075838615;-0.030090922640817953
-0.018939858957191587;0.0016503698468993571;-0.010181744885574254;-0.017871565770501235
-0.018545283399097733;0.0014201377361041532;-0.005960277821213218;0.0044205352586109935
-0.01743838440416704;0.0010765250986448627;0.0020013446373146077;0.02642846036204347
-0.01582049850639224;0.0006752243414716296;0.010387380293415759;0.037804999590081684
-0.013961717621737387;0.00035162209381997756;0.01601224923137731;0.03354413965165349
-0.012057729605306294;0.0003431458476245248;0.01739936321204206;0.016400301666001874
-0.010154835944187743;0.0007912396133333869;0.015009798427382193;-0.004826092145673553
-0.008188188613035783;0.0015714748437114098;0.01027764802475705;-0.020030382411752475
-0.006080701758375746;0.002419907136632089;0.004532566545966915;-0.022899213840387313
-0.0038296264404117787;0.0032024724330081055;-0.001355635429148373;-0.013698475241301964
-0.0015559789202890758;0.003936632843711821;-0.006647816963383885;0.0015043148426090009
0.00046675785074326933;0.00447538405334291;-0.010328104978832827;0.014499541308916817
0.001811129310313252;0.0041983108260095214;-0.011180652190780686;0.019328619598195724
0.001971565001273447;0.0021148151387275723;-0.008452734869351618;0.015014685280884234
0.0005424795043232543;-0.0025427134165916816;-0.0026594878801896715;0.0053165260991833935
-0.0025709377035999744;-0.009562392704729715;0.00415949062162285;-0.004028992527473782
-0.007043317618534513;-0.017364772046754094;0.009125085455165678;-0.008722037958608963
-0.012206858481489401;-0.02337999994234125;0.009883179057757789;-0.007954074609700898
-0.01726754840013947;-0.02513316532504825;0.005868019376253956;-0.004124056021196768
-0.021520085058466247;-0.0214688440295772;-0.001294010196025303;-0.0007228895848787428
-0.024468362270369765;-0.013184968244141535;-0.008479531731351806;9.955772327562175e-05
-0.025863014034343438;-0.002726676464284694;-0.01251049625960666;-0.0012313168689234652
-0.025686274081630312;0.006789827889838381;-0.011653259647597683;-0.0023124996454821915
-0.024073811425081644;0.012646964514868471;-0.006445551671585205;-0.0006824891337350842
-0.021196774665068096;0.013311456673665454;0.0005959351919945972;0.004196974968754713
-0.017204215877162126;0.008863441832240755;0.006271481392714644;0.010179188189078581
-0.012286157917527228;0.0010041656543644502;0.008318477820532902;0.013485436551866176
-0.006772884587659195;-0.007504667945852845;0.006463480660418082;0.01106529868409257
-0.0011381496160952492;-0.013880905779840372;0.002318622332980398;0.002823533590260843
0.004104301104484642;-0.01636737837225685;-0.0017640603102490441;-0.007825515296835985
0.008504923764780271;-0.014773763835386438;-0.004092707107444977;-0.01564037206234822
0.011716250149926123;-0.010356581209232813;-0.004354164575857022;-0.016556697853283557
0.013501123405228478;-0.005221678186183306;-0.0032721529209535027;-0.010156673939675556
0.013756468949728517;-0.0015396718123830613;-0.0016855664237559256;-1.6425032741699942e-05
0.012538006842006021;-0.0008094292850986127;8.032972139359099e-05;0.008352139793324097
0.010069887614795891;-0.003332264856768124;0.002097916937524077;0.0107342012295891
0.006760325681758488;-0.008055569479187523;0.0042593372698412;0.006616408745797051
0.0032149247170281344;-0.012949600877116572;0.005874470020648226;-0.0007365970954779622
0.00018369286588503409;-0.01588676204810841;0.005882080259621028;-0.006523954720925335
-0.0015894666705328691;-0.015597031916240477;0.003586659003224302;-0.007442466922478107
-0.001563143577519372;-0.012121393495543135;-0.0006777432522997739;-0.003533454075806767
0.00042710212863225985;-0.006581437678730708;-0.005621528224721412;0.002228080448770977
0.004058363986640659;-0.0005896142474610138;-0.009844582171635575;0.006112166471249435
0.00853531202640756;0.004327590831399443;-0.012648329237218809;0.005982842844922878
0.01279527464707464;0.0071728138890514;-0.01396610829985674;0.002285941145107372
0.015859761664499906;0.007751003566047185;-0.013544395782533542;-0.002733757797369175
0.01716424821183534;0.0066767316090908324;-0.01044766152615722;-0.006719263487823004
0.016721146654307448;0.005087810497136662;-0.0037273936158419324;-0.008480203562484719
0.015089775007808151;0.004190603830901419;0.006142325198820924;-0.008166319610200187
0.013171783699518918;0.004802951731005356;0.01645665915090713;-0.006618806141161698
0.0118452614428615;0.0070122791904285876;0.023213327509208462;-0.004643079143528184
0.01155012110504485;0.010068455612821159;0.023481934274800602;-0.002687040331054722
0.012079982956402528;0.012642315378657069;0.017534978177787555;-0.000916493665701887
0.012764280573162015;0.013428755687698505;0.008982607321640622;0.0005867871777627365
0.01290866760132003;0.011780236559332288;0.0025714169039604577;0.001741486645274152
0.012139362477897372;0.00793733219869621;0.0011623322410006368;0.0025198612488421144
0.010440736415165804;0.0027200870828834565;0.004132820473486682;0.0029722762295794954
0.008001119412976803;-0.002971107748257128;0.008325359417018275;0.003104775809096564
0.005094827767686078;-0.008352179800816917;0.010586115160607399;0.0027316329764234637
0.0020591125514222526;-0.012550733619661001;0.00975243092625012;0.0015479793695712444
-0.0007324207793983443;-0.01441320863963646;0.006693957222409287;-0.0005244965459507178
-0.0029516076910558217;-0.01279081045128236;0.002884834858054614;-0.0030053721356140995
-0.004395737738087741;-0.007281444489788608;-0.0008308300191651792;-0.004934718890822879
-0.005015318651318645;0.001134882771190071;-0.004162996627723441;-0.005439677945444767
-0.004906317125443875;0.010164872201874273;-0.006468038933897201;-0.004364058195645888
-0.004292102630685082;0.017053429141413817;-0.006440478178994516;-0.0023849241250424006
-0.003488390431179585;0.019716127551482887;-0.003133737641721093;-0.00046238514362923237
-0.0028294358418559313;0.01751735364758486;0.002573395600338943;0.000903104603173161
-0.0025439146947993;0.011392598327329037;0.007719816728563633;0.0019221288345319454
-0.002623935517671737;0.003424717457215764;0.008895293601860544;0.003050088473315762
-0.002798194508877264;-0.0038584961265846584;0.004645920057240173;0.0042790095728455725
-0.0026728042849273673;-0.008280405221837846;-0.0033102456130895395;0.004913171298258319
-0.0019488511541722626;-0.008787572105375363;-0.011105165888263801;0.0040971104416379755
-0.0005761128896616906;-0.005965714182764427;-0.015222576225675388;0.0016459736235626577
0.0011888271655153958;-0.0019378950705653808;-0.014593963764122468;-0.001567580285147019
0.002804329152311929;0.0005440915535338843;-0.01081992231338802;-0.004041236260491588
0.003604319664344922;-0.0004838742933775901;-0.006571712251402777;-0.004588034658095704
0.0031158130641663465;-0.005008597055813392;-0.0035818568434131696;-0.0031053852611506835
0.001344446944556179;-0.010829622927917462;-0.0017626101358688396;-0.0006114132000662369
-0.0012161645153913865;-0.014594841521727834;9.589282753909115e-05;0.0014798908052271378
-0.0038448878489116198;-0.013575653669270254;0.00288867173492025;0.0023139529260299417
-0.005875456864725078;-0.007130745769205077;0.006275092683891432;0.0020606884504427644
-0.006831303986655153;0.0030135656277252977;0.008887448012014453;0.001548302640969582
-0.006479121762746507;0.013716512447587467;0.009337339886470064;0.0014200323828942386
-0.004905284882484705;0.021893518334511284;0.007214865407825407;0.0015757054671048955
-0.002555225041819904;0.02566454158639455;0.0034136863765429383;0.001381690365187418
-0.00010906872871664498;0.024764686819621774;-0.0004100437221991002;0.0004199804826250786
0.0017889781791934722;0.020277347269794105;-0.0028983336248730182;-0.0009327831722193611
0.002777786546789552;0.013978156552705961;-0.0038563385785552818;-0.0016405452768549226
0.002855887654607102;0.007608308531045285;-0.0042679896730548105;-0.0007872753611400497
0.002281539622020872;0.0023510919251816162;-0.0053849179415436455;0.0015949793152392389
0.0013952025881742373;-0.0013289808456722505;-0.00754645819379443;0.004295172584553798
0.0004706716432345696;-0.0035156439659120384;-0.009677444774748085;0.005520544084670574
-0.00034806398840686494;-0.004532959496824855;-0.009951929597346998;0.003986883959412703
-0.0010224368260718238;-0.0047140594675338645;-0.007199416797333823;-0.00018140622750120253
-0.001551612829707433;-0.0043483421962040815;-0.001969921720786503;-0.005339945273297094
-0.001930446731823511;-0.0037630821981966913;0.003644592132124479;-0.009129555563933384
-0.002173065462115903;-0.003397996963136593;0.007381321789996926;-0.009752194938449971
-0.0023594112739959714;-0.003724028814568543;0.008335403896086327;-0.0069535126477025914
-0.0026120002345684673;-0.004966586576539995;0.007416146170515762;-0.0021095586822555746
-0.00298063939411054;-0.006795855300582038;0.006328351420250848;0.002602622822284977
-0.003338195648743002;-0.008284584939505946;0.00591316841439584;0.005352250032521211
-0.0033986567094561296;-0.008299754583058027;0.005279911313140777;0.00536025253629619
-0.0028386403866159223;-0.00614049993388825;0.0025522161447034497;0.0028500150895539303
-0.0014209665304539376;-0.0020138659556630818;-0.003307985106242409;-0.001411484877049009
0.0009190157376410312;0.002937975189151434;-0.011140484019284783;-0.006376376898850711
0.004005238502832519;0.007068740299826661;-0.017984131680845113;-0.010576292992818198
0.007407891780981053;0.008930862478586727;-0.021081542115713052;-0.012046268282502917
0.010554977868518457;0.007939434923714194;-0.019849429439986653;-0.008967939430932012
0.012931545601193778;0.004633092157220601;-0.016062081657289926;-0.0010374095577020737
0.014235856813705773;0.00035743882142405574;-0.012098027529529029;0.009418832423501184
0.014426239646545594;-0.00339598588169049;-0.00895429482403427;0.01786376804718703
0.013689344761329459;-0.00553945059456352;-0.0058712312635216726;0.0198446374267194
0.012347314993779366;-0.005589575968748737;-0.0016800314275701022;0.013893782223132199
0.010700834959292329;-0.0036435275223781613;0.0036683532438025793;0.0029271241595734666
0.00888427469987335;-0.00032135234848071315;0.008842533855866268;-0.007134518056575019
0.006854481788771271;0.0033553923743899886;0.012165454144837856;-0.010845304946831839
0.004517271155703343;0.006284132597751009;0.012827387655638131;-0.0065727175373259655
0.0018571986461403454;0.00772754511424017;0.011237147790542001;0.002524933979967114
-0.0010319206262925267;0.007577301983407554;0.00842243907564294;0.01049487800239182
-0.003984079244755799;0.006233931923758552;0.005212043381972395;0.012205782755466809
-0.006790017543068109;0.0042647487609747846;0.0019199456534667817;0.0063087662475384216
-0.009204671174749834;0.0021754415512110306;-0.001402261819059642;-0.004134992503032567
-0.010963727996153564;0.0004090855861572502;-0.004576244151811213;-0.013540733658240076
-0.01182685264291958;-0.0006200827395336551;-0.007136380234500508;-0.01698789019397474
-0.011649720813932098;-0.000641107587620774;-0.008467133892542854;-0.012911506245563602
-0.01047073453742289;0.00030349497093195253;-0.008125934183539386;-0.0038811967962701158
-0.008553273671100184;0.0018534216784339844;-0.006119872433286004;0.0048896988898042
-0.006311238088998239;0.0035126035923560635;-0.0028884113478600103;0.00847290810738781
-0.0041308228267380185;0.004803740243951973;0.000978120709803924;0.004999316180712018
-0.0022080839450363096;0.0052601558249072995;0.004940946597227529;-0.003273915676935949
-0.0005238920996713909;0.004413019906877258;0.008439604102467134;-0.011241527470036556
0.0010268047869768967;0.0020126132901704705;0.01078281073975587;-0.013858460780508104
0.0024535075297732203;-0.0015956631415635569;0.011297935310048995;-0.009011363687030772
0.0035850398045225128;-0.005367764220918916;0.009642982522532631;0.0012729626858006564
0.004153595224360472;-0.008018581784506547;0.005978768722673714;0.01195336895509671
0.00397102444308338;-0.00876006196997554;0.000933296811332073;0.017790142642371148
0.0030486684017286872;-0.0077010843679208235;-0.00449545065866277;0.016234423755632797
0.0015936214978500122;-0.005608911128968227;-0.009082480447932008;0.008716613076208251
-6.676421520890256e-05;-0.0033289892033130262;-0.011701876041970285;-0.0003731325325066695
-0.0015618051764741388;-0.00137171532727415;-0.011785574970460578;-0.006297772100722177
-0.002545859857539252;0.00012175308338514961;-0.009571149068651951;-0.006559065885428668
-0.002780691441349272;0.0011919650178478973;-0.00587849257801552;-0.0020084290315305654
-0.0022240805061689074;0.0018901197647465202;-0.0015840445961159458;0.003981843786136893
-0.0010740712121814074;0.0022161517417842286;0.0027701506917817273;0.007654211422540278
0.00028268682183994087;0.002132292933581574;0.006953789478835632;0.0070307125798164845
0.0014204368021055185;0.0016078393273280549;0.010698415236321557;0.002893860968777192
0.0020581549198081905;0.0006859889624529412;0.013348883262611366;-0.0019107048175231887
0.002181586966567182;-0.0004343455138884372;0.013833378964724788;-0.00434475578661792
0.0020358804709659168;-0.0013490413176177709;0.011071703511111228;-0.0030330675230627324
0.001997016830316575;-0.0015083322518113257;0.004681143524074351;0.0009947792615423124
0.002400324580747601;-0.00042058983825255403;-0.004392354467710443;0.005016311822662613
0.0034143637475732964;0.0020648648410718936;-0.013769780459303622;0.006264238020091112
0.004996366551159751;0.00554119576322024;-0.020316074056418228;0.0035385816451420273
0.006908421171622223;0.009043560107521333;-0.021428380371529016;-0.00209218956976674
0.008761344843927382;0.011334476655742633;-0.016343887955880893;-0.007846082752274991
0.010073749415803517;0.011388705431953151;-0.006712530050577301;-0.01071044353067743
0.010351339792783533;0.008832943360853553;0.004043646852949901;-0.00905236374375107
0.00919996591933838;0.004088713384114821;0.012364218394562611;-0.003505481404196509
0.006482452309763273;-0.0018280936495111758;0.01622087719279376;0.003337599067801316
0.002483477098291085;-0.007656303023632338;0.015720964236426566;0.008273360387290873
-0.0020305834965220633;-0.012160458730391125;0.01229349325684624;0.009157020749526023
-0.005975724352721636;-0.014290694992438653;0.007262910812731925;0.005969795150792229
-0.008319939907863316;-0.013371207843116871;0.0011301886206971244;0.0006770916250488693
-0.008468429682361672;-0.009392727950510037;-0.005828527810613655;-0.004010949085150014
-0.0064547599265897425;-0.003263347995818159;-0.012381487983246899;-0.00617632874586606
-0.002882710043019319;0.0032384107831293133;-0.01602368754986086;-0.00555497662826553
0.0012729900160859994;0.007936062504088104;-0.014268364893082046;-0.0032557488243974077
0.00486995901441008;0.009012238045883492;-0.006715171220984183;-0.0006950821976573018
0.0067633067164337285;0.005683761729484723;0.003908622654280981;0.001379291322189389
0.005992829000711368;-0.00155710270648863;0.012872655973200822;0.003071476002171982
0.0020468853421367586;-0.011161974273408802;0.016118850770581967;0.004695823943155189
-0.004873370607491967;-0.02090777249612309;0.012587361466964028;0.0059473334515958804
-0.013785272524002948;-0.028244568655207813;0.0045407997523727395;0.0057221030254581955
-0.023175379397001677;-0.030791795280937263;-0.004220224683796586;0.002949143534627709
-0.031456611649496626;-0.027167836913799898;-0.010755613195620913;-0.0021232381937742323
-0.03737691404164081;-0.01781528387833437;-0.014148096375605868;-0.007364884091594715
-0.04022491566740329;-0.005124777875203469;-0.014785045687901576;-0.009719253644157865
-0.03984610556681111;0.0074448415475839805;-0.012832178886092043;-0.007215943084716849
-0.03653163000255745;0.01676111060533183;-0.007630253300028916;-0.0005416626743166437
-0.03084357121321974;0.021093605126886666;0.0012747580299113266;0.007114185088575947
-0.02347777610554831;0.02039159026280937;0.01248893451147439;0.011907806529904093
-0.015224190376170616;0.0158470938991401;0.02232021429401864;0.011608073124051562
-0.006942493578860678;0.009152717466249068;0.026389259942538667;0.006790972602707303
0.0005586941700394627;0.001913151523097082;0.02233134209007914;0.0002887565445210004
0.006690911155063814;-0.004537197188399372;0.011534394764449288;-0.004607334433314495
0.011149863236078902;-0.009067698389500861;-0.0014741842027971956;-0.005969370017313935
0.013843502973266763;-0.010835426562232598;-0.011555118871513736;-0.0040097281480245845
0.014818853581637722;-0.009649146048935466;-0.015599337217419929;-0.000557848808507305
0.01428244334622076;-0.006254303054046844;-0.013634643522001128;0.0021926872169460033
0.012629433477595653;-0.0021087358359396682;-0.008028065458647048;0.0028233775684934357
0.010345334558499378;0.0013223664016131502;-0.0016698755997154018;0.0011813922566657144
0.007802522008539774;0.0032639120847386383;0.003560158826936564;-0.0018271838427179963
0.005129531745156107;0.003840478074429975;0.007223656494437082;-0.004868729244629222
0.002276654107084203;0.0037281347010354174;0.009723664271841178;-0.006856693050792371
-0.0007923562586407098;0.0035810690996945114;0.011403743033543225;-0.007337809168988141
-0.003952242755636826;0.0036415013015832147;0.012085088938099144;-0.0064603264500820564
-0.006905718094513624;0.0037129119237574435;0.011262850733777306;-0.004670451762523928
-0.009281505725015507;0.0034079928860326738;0.008649752030570135;-0.0024304027298410165
-0.010762275765214609;0.002470935091335121;0.0045963604881856;-0.00015187956886568972
-0.01117617136870901;0.000996171322160114;0.00010998643957126353;0.001703182054379938
-0.010515106037916111;-0.0005692450728273375;-0.00351848158509464;0.0025779143167959386
-0.008885848398613956;-0.0016500313280310203;-0.005278993016251756;0.0020215847388563193
-0.006441276836712496;-0.0018610929947727457;-0.0049265498126914746;9.370791941689773e-05
-0.00333741236336246;-0.0012062208556775011;-0.0031224707283191563;-0.002338673342552715
0.0002768935464967589;-3.277078510988254e-05;-0.001085069487243141;-0.0037822623007470824
0.004249055382021635;0.0011867745270547024;0.000124091359254366;-0.002865724587713641
0.008390021320449031;0.002067396734405549;0.000249165990856241;0.0007240262555895995
0.01242907313108294;0.002403446481739042;-4.011611297044917e-05;0.005750470549354641
0.016001549484002252;0.002151413618945788;0.0003235659027343978;0.009810185935433499
0.01870712389897072;0.0013707619487700645;0.0019740802731924726;0.010492901308968664
0.020210833916490818;0.00016344595702648848;0.004542559839623158;0.006723665393171821
0.020323939518004434;-0.0013871533439864345;0.006760806615562717;-0.00046971205657978963
0.019041982440181543;-0.003262620960117968;0.007225829681780628;-0.008240547418346353
0.016559939458351963;-0.005466783148254718;0.005347943190228761;-0.013173111941305639
0.01326936878423748;-0.0078415379119456;0.0017958804167509908;-0.01288555516655291
0.009711600937720916;-0.009861563490438938;-0.0019478206817916302;-0.007175049392011312
0.006468585848954612;-0.010667931449262561;-0.004590738745648929;0.0018565656812552164
0.004017223134733661;-0.009469629368365906;-0.0057241733932803605;0.010715035347438803
0.0026185043133927456;-0.006106701570555497;-0.005612598984628041;0.015976028893291565
0.0023058416624877724;-0.0013530454619143035;-0.004422762871274955;0.015621964453191993
0.0029580958584084485;0.003336582336694269;-0.0018528458464994468;0.00974575458274089
0.004378617473091961;0.006543474643433532;0.0023031229880347863;0.00043054291549636357
0.006344737370884121;0.007628970723632605;0.007170619973429311;-0.00911132011848039
0.008669051488291711;0.0070394617813710455;0.010493802196102318;-0.015814471648435774
0.011279732509550385;0.0060000012618531265;0.00963782467836872;-0.01789278590147685
0.014226790183953524;0.005795504780122407;0.0033586726022810944;-0.015248801009628237
0.017547722312073293;0.007038918552015701;-0.006990416808099718;-0.009018714635300224
0.021087865030349633;0.009285322881483924;-0.017820308863396292;-0.0007875475017579374
0.02443506711000556;0.011152894174211073;-0.02503177377114832;0.007759889751015463
0.02699687444324414;0.010886112540844425;-0.02592897880268763;0.014573418755479324
0.02813529552259489;0.007139687257232437;-0.020275930363612717;0.017075666111521358
0.02732769573198924;-0.00029259136736789135;-0.010290323936230293;0.013031230558934981
0.024361500651444885;-0.010052968959554036;0.00019309734812347182;0.002390095382261887
0.019461207681366048;-0.019309184093836928;0.007282271340828433;-0.011343249347503635
0.013207787606368898;-0.02452439339237618;0.00895851008060889;-0.021894298356721957
0.006308074708518276;-0.022846926432844458;0.00626175519900395;-0.02333767555081916
-0.00055835671356885;-0.013574661692564398;0.00258977970160013;-0.013750161682392997
-0.00672751834177675;0.001183762144862526;0.001326607554543171;0.0031023263720469005
-0.011545487917773467;0.01719460588960651;0.003504205954460707;0.019352214092287146
-0.014539056053049367;0.02982570426087495;0.007264570775913514;0.027077780494494615
-0.01567903950282852;0.03587694709635394;0.009449856701851604;0.0224977509002098
-0.015483837902145093;0.034629747332117294;0.008003130094849329;0.00797857736379185
-0.014811798969358502;0.027765806853411172;0.0034039093647360652;-0.009219913288724443
-0.014437247623633511;0.018361323543898547;-0.0017096553061474332;-0.02075900835059363
-0.01468331332670428;0.009488652790939495;-0.004307863211103355;-0.02150874926489083
-0.015362186613369062;0.0030429704557900705;-0.0029828425897088407;-0.011976104093661467
-0.016045553360194816;-0.0007148239151380911;0.0010430770636922822;0.002360927338975934
-0.016425517069607577;-0.0027456776020409017;0.004674335795789244;0.014242740837764474
-0.01647701146493361;-0.0042632872391189175;0.005050842658451665;0.018413169416362635
-0.0163478646232283;-0.005854323658515547;0.0014445058397942238;0.013959671281895956
-0.01615132596719161;-0.007236119928245333;-0.004511763338168604;0.0042064628318548795
-0.01587094743729165;-0.00769016410173866;-0.010240603533022516;-0.005435668848854648
-0.01541876297643196;-0.00672706691031022;-0.013887570356504115;-0.01033825317324801
-0.014730320423617622;-0.0044904192301839976;-0.014930381275365837;-0.00881528083683336
-0.013788938086600184;-0.0017175865740643656;-0.01365763120725667;-0.0026545969487241044
-0.012588626295049116;0.0006192233899886271;-0.01043551019568985;0.004109705328148042
-0.011110379151298633;0.001747455641825149;-0.0055815524850578785;0.007505694051324792
-0.00934150862722579;0.001376268429624166;0.0001697319752825916;0.005795539516426932
-0.0073000095558323685;-0.0002863214115720946;0.005295165418306106;0.0003294133940356409
-0.005029824431938181;-0.0027151960289955464;0.007835735265471225;-0.005384270034759109
-0.0025897477554326287;-0.005277864441365113;0.006443038563026725;-0.0078081617576104745
-8.070758867350352e-05;-0.007365566631320515;0.0014158584941949786;-0.005415521372128968
0.002292853608287677;-0.008480519334699524;-0.005092790526334082;0.0005352050288683423
0.004196022344483688;-0.008364671583208964;-0.009983842205501659;0.006847844727584934
0.005240183430118206;-0.0071572359329835295;-0.01076799988750425;0.0102601162262642
0.005154947363203236;-0.005432223688261642;-0.006882429910740452;0.009219100148899336
0.003956192640203756;-0.0039808183946104985;-2.0968911814290992e-05;0.004584535277000328
0.001993789270364013;-0.003409478935111244;0.006720675619655285;-0.0010468945891926496
-0.0001584126152582727;-0.003815940919119553;0.010432714904929218;-0.0049075471148749
-0.0018989280726261384;-0.004764185773302494;0.009845167917785573;-0.005563346666821701
-0.0027672380119076875;-0.005549072751737671;0.005842685592204959;-0.003518363760899181
-0.002521350119882528;-0.005547107675569007;0.0007646454569714698;-0.0006577333956390458
-0.0011422138829008835;-0.004449294407491057;-0.003057573112851481;0.0010427872244775213
0.001180200575458276;-0.002327009878020751;-0.004583374262058569;0.0007039773024839104
0.004051666870339633;0.00039377949083674584;-0.004343679397127026;-0.0010847063909542687
0.006899122425238459;0.0030050001254832122;-0.003611191269627367;-0.002843945817006447
0.009069205882195055;0.004676721433655615;-0.003174936647428307;-0.0032497425258991913
0.010002818165750651;0.004721209593299831;-0.0027343047649040788;-0.0019267642720629096
0.009417078763176451;0.0028639510783507517;-0.0013979135235639914;0.0004483854382346361
0.007411426289357744;-0.0006137617791435264;0.0012078820772493787;0.0026461152520893404
0.004455016146198205;-0.004918101578068693;0.0042785694750075865;0.0035503086136128054
0.0012595890014480463;-0.008948134903077472;0.006276776824582073;0.0025992699669681466
-0.0014121417613369132;-0.011608684624317819;0.006129321043987885;-0.000102369541626164
-0.002919546756504158;-0.01213692747852366;0.0041196439002542965;-0.0038604250920353223
-0.0028494013848286235;-0.010322360459686335;0.0016616229449683806;-0.0075083057343468766
-0.001089657131162114;-0.006569141751164148;0.00011345615342693985;-0.009599892732250469
0.0020799567886094386;-0.0018332785142506224;-0.0003531278010833904;-0.00884564785819557
0.005941471102546507;0.0025789978987653525;-0.0008108761558458788;-0.0048144412772261605
0.009476429697804626;0.005423012663825378;-0.0024450616725894504;0.0014490539007053528
0.01171734995145866;0.006061079572919849;-0.005200786554727542;0.00747049124459868
0.012129830631591738;0.004833655816650979;-0.007463615025062423;0.010348002948867955
0.010781508673373212;0.002955786751333845;-0.007157286656571758;0.008298655410468222
0.008225644203807815;0.0019163238890911442;-0.0033765013660731476;0.0018140720748334642
0.005226780165032855;0.002666786759150699;0.002810558573028155;-0.0063480648011559615
0.00248838358722082;0.005058477830929801;0.009039613960139279;-0.012391123027688435
0.0004675365420822021;0.007923832067676283;0.013222879235382753;-0.013284776482322097
-0.0006790869683547431;0.009817818364654701;0.014747758643058767;-0.008255013967694477
-0.0010057773998610655;0.009918570311398889;0.014430221415257542;0.000749960981870103
-0.0006269652418873829;0.008411200005465342;0.013429887232733148;0.009874113807780773
0.0003546589121617527;0.006105203717147081;0.012152173784492626;0.015123642936505277
0.0017978205989906799;0.003707359347849869;0.010072339261314582;0.014274444234801984
0.0034522832153753343;0.0014305266953991986;0.006546774723576536;0.007971762676122335
0.004975240208780646;-0.0007916494565580523;0.0017759458940492432;-0.0005710903718361522
0.006027978767700896;-0.0028439754526616338;-0.0030325582662104563;-0.007188871650979844
0.006382233254078343;-0.004256490526090582;-0.006434540480628494;-0.008910890167517501
0.005994997462523268;-0.0044446595501246074;-0.007671074774305458;-0.005497317339762768
0.005040314477217801;-0.003051801645769136;-0.006921814531554713;0.0005110570872706915
0.003870204039273685;-0.00010888010269648295;-0.004846678357643901;0.0052890061844279275
0.0028729689879857818;0.00396022679781746;-0.002005762900748575;0.005932630813201479
0.0022623152194861987;0.008342206102180177;0.0013518067928102002;0.0021091044573986915
0.0019193250068298207;0.011865391888886606;0.0051123883700178365;-0.003816029968508683
0.0014106251214212784;0.013219669409394324;0.008977033314217548;-0.008248280951698455
0.00019117197778059617;0.01143905195050572;0.012211524414801951;-0.008521975654184267
-0.00212569987252224;0.006477553109346392;0.013634491628117001;-0.004410324826272119
-0.005577277953035441;-0.00048453206491101176;0.011982879673152223;0.0018919393202340414
-0.009818992799940503;-0.007323625339903094;0.006610894497099052;0.007177044425797522
-0.014234750089014526;-0.011833916328320742;-0.0018287591612569658;0.009053809779973356
-0.018116348586651117;-0.012723782015360485;-0.01119467489593269;0.007100026213355941
-0.020845304862525327;-0.01013848793078056;-0.018413650994086518;0.0027848547983199334
-0.02204001402503202;-0.005419405647757335;-0.020666212375269766;-0.0015886565019619784
-0.021627161637992675;-0.0003664952184021618;-0.016738527007587503;-0.0041383211123718145
-0.019796064000656043;0.0034687375862927066;-0.007838393930362099;-0.004151440454707775
-0.016863811772081735;0.00516250845685313;0.002742587600597181;-0.002140029802097335
-0.013155925004569607;0.004523655058364641;0.011110731409044573;0.0005790002313384046
-0.008975697006116869;0.0020481950604947954;0.014572844639180725;0.0025177911965014142
-0.004630047814656818;-0.001282045720588558;0.012701818748079605;0.002675530606145205
-0.0004418188987623192;-0.0043623199834341405;0.007167335098587947;0.0010015093628502364
0.0032680554144685916;-0.0063379662304319405;0.0006359831936189211;-0.0015650152852207282
0.006204898760602847;-0.006800068500493974;-0.004500571445140153;-0.0035472230360267297
0.008125488328475795;-0.005784120732973055;-0.00689732432200119;-0.003684305758538946
0.00887525900334069;-0.003677069615401559;-0.006338649780349052;-0.0016173008691634928
0.0084275215827248;-0.0010739149525984992;-0.0034215241525120082;0.0018485184297088227
0.006889034224399441;0.0014502416106768796;0.0007730583277972145;0.005074453875845777
0.004447319636720897;0.0035901107463307373;0.004897730305268893;0.006394408312081328
0.0012872833641334454;0.005371871663009555;0.0075960975673601975;0.004995540861698875
-0.0024462181370785274;0.006896422493995769;0.007927252825956958;0.0013757129259995345
-0.006589395623737933;0.00796268251153228;0.005810269602195586;-0.002896863467495215
-0.01085930108513729;0.007974196133589526;0.002138138339665392;-0.005969973766219259
-0.014833347964900396;0.006299393292847561;-0.0016754998634133937;-0.006584237964215741
-0.018053625750747898;0.002811198973148262;-0.0045464400668654165;-0.004614012549312974
-0.02016462619381504;-0.0018263264333111889;-0.006381051104018479;-0.0011033899965419037
-0.020967035884523377;-0.0063161570041744336;-0.007964506412402185;0.002142414351640617
-0.020380392444463595;-0.009216997505000954;-0.010055078042574382;0.0032699376838891078
-0.018406511012910094;-0.009533793512567775;-0.01236137237060587;0.0012309376249812739
-0.015155400178680346;-0.007192179448868281;-0.013306504526678286;-0.0034819619245279798
-0.01088721565272094;-0.003180970538184018;-0.010990545226468473;-0.008622604145808758
-0.005981405274401545;0.0008091200726633659;-0.004804704528815123;-0.010914026110449934
-0.000827075202765617;0.003192932450744651;0.003575368325702736;-0.007738515438999183
0.004267438670950781;0.0033237459736751773;0.010810033677337263;0.0009346827203796095
0.00906872494258715;0.0017682855816492176;0.01382037067792663;0.011719152459130973
0.013363344184089488;-0.00023209798755755096;0.01153392348209172;0.01911027235776924
0.016946717767508657;-0.0017236692644063316;0.00518239111695347;0.018579845536731334
0.019649440024886895;-0.0026542131664610306;-0.002735594603371691;0.00961497272687646
0.021318827391014355;-0.003674879420573006;-0.009709078758960177;-0.0034607049808653358
0.021756503938842008;-0.0054034969633570285;-0.013877671675383315;-0.013680166748795223
0.02072736771551098;-0.0078469159305627;-0.014212978674569195;-0.01539542919952259
0.018108505102738485;-0.010399737359112007;-0.01069557489625547;-0.007569524176463499
0.014081641801402835;-0.012250005127907007;-0.004576646823896207;0.005606261727009954
0.009201262187939797;-0.012770819576699505;0.0016822280807801617;0.01708344462235141
0.00426852779462143;-0.011693548114570095;0.005211768435434175;0.020836114411500867
8.150832739127993e-05;-0.009151587193584661;0.004153096607198806;0.01499927691141112
-0.0028038714574401113;-0.005708300359176047;-0.001114071610956738;0.002620261018521568
-0.0041880567594009925;-0.002315645244404956;-0.007885944916773963;-0.01017295014962983
-0.004191021047668306;-8.781918140400066e-05;-0.012500486971520352;-0.017414274461648657
-0.003145193297495339;9.875628481778185e-05;-0.012473556427624075;-0.016207032515442605
-0.00150266456524557;-0.0019643091602397997;-0.008069787178940434;-0.007924794900456085
0.0002687574224591711;-0.005528116179283957;-0.0021235588290114482;0.0027090858479907375
0.0018513915321571258;-0.008921757176947943;0.001966498299164916;0.010097254716664467
0.0032248216031106457;-0.010091543708055754;0.0026562788372118365;0.010600026428470322
0.004654500756047834;-0.00760916065998533;0.0011617260886139394;0.004359701109335953
0.006508920174112278;-0.0016770935861954665;0.0001660565729126611;-0.004838294525455902
0.008998797018497096;0.005585087600326313;0.0015633052190288297;-0.011662985455757117
0.011925440864877165;0.010939660280453045;0.00515516398204728;-0.012205936021877471
0.014569330351531313;0.011550285154073591;0.009123535700066649;-0.006172989260140358
0.015902084594276722;0.006405092320369036;0.01152023407223111;0.0029799869391968904
0.015108796344182298;-0.003043970557732817;0.011414964713214598;0.010079155973154957
0.012067465662553034;-0.013294811457503445;0.008966831351387648;0.011236754281309073
0.007406713787509462;-0.020140795875747908;0.0047427526282920775;0.0060285837079339846
0.002154141297840205;-0.020459506067010736;-0.000824000087115328;-0.002421093271798574
-0.00267301693184681;-0.013637883985284269;-0.007268490661431716;-0.009400768991225671
-0.006282680098804626;-0.001861678479750332;-0.013517290635749126;-0.01136200184382979
-0.008198112040742313;0.010927112319058133;-0.017727357420610868;-0.007818414978772588
-0.008372482908529339;0.020819912230309937;-0.01801095095630353;-0.0013417408009566245
-0.007265478131762124;0.0255038707496324;-0.013630905101440547;0.004221876231844111
-0.005699351117028548;0.024872190000694655;-0.005725004197359471;0.006129414938003836
-0.004488954564338109;0.02057833585502098;0.0030739887862700904;0.004236644347174283
-0.004070784111070275;0.014985835517419471;0.00992378326517514;0.0007837763448798224
-0.004349521994037794;0.01016450242012468;0.013103813030781855;-0.0012484264063944018
-0.004794882571582241;0.00735977277539701;0.012561839062347148;-9.889814373970312e-05
-0.004693948144104385;0.006934116854457964;0.009494493414276023;0.0036964751587246613
-0.003452754307452413;0.008539471084912726;0.005449811810110745;0.00769153067852748
-0.0008432499678573135;0.011363738268296762;0.0016174820265695135;0.00907332033191807
0.0029057162599517993;0.01443062690438642;-0.001339992877328148;0.006414462946833542
0.007198870956139907;0.01689678196486212;-0.0030393664675960794;0.0006169230977827116
0.011259803607678384;0.018220348448880076;-0.0031222334683679498;-0.005482152570878172
0.014304153726148537;0.01814441904556605;-0.0012901377160802938;-0.008637808293438024
0.0156780588838285;0.016572830734168587;0.0024389398650436277;-0.00704962801828587
0.015002930303494007;0.013478845129035757;0.00751659720028548;-0.001517797666553206
0.012329936222893316;0.008951679384685845;0.01282089789868484;0.004821094677178882
0.008222174018709042;0.0033692796326519224;0.016750229160645114;0.008169205335173258
0.0036570197835594323;-0.0024565662021583355;0.017503266252501908;0.006302646587914963
-0.00026957991138750706;-0.007363811580187213;0.013702147017745393;5.413666187924575e-05
-0.0027082004188923466;-0.010219431228722093;0.005268457095123667;-0.0069607707120208
-0.003299927270982444;-0.010420950159629638;-0.005997417470274943;-0.010353265379787556
-0.002208524884697583;-0.00821383164262501;-0.01674130334649989;-0.007562830233024561
-9.722644108003202e-07;-0.0046248888199873165;-0.023322380511960485;0.000525965889691338
0.002527923480591497;-0.0010340653178515986;-0.02337656282423184;0.009934442368737865
0.004559773861007698;0.0014387843559561097;-0.01682398275927258;0.015690519077058682
0.005478087408587218;0.0024611577181049634;-0.005821614168951713;0.014474721246875984
0.005042318682380674;0.002608201857745399;0.006233325428932929;0.006376770530561718
0.003420639835964143;0.002919337030022581;0.016077239597379216;-0.005152763283095667
0.0010817669548035746;0.00414452805765479;0.021661400470658346;-0.015108249538275444
-0.0013743144949856666;0.006223073200657057;0.022506407702782852;-0.01946531251433314
-0.0033885322594118957;0.008357630298599693;0.01932409216219053;-0.01699715527019702
-0.004603332234552688;0.0095561354380741;0.013333909110227067;-0.009449065324691234
-0.004971639816045392;0.009196623835849217;0.005821995740117772;-0.00027324198005281426
-0.004738732619842406;0.007263841840484651;-0.0018551954064661195;0.007083070362722435
-0.004279125699287352;0.004221386757504728;-0.0081247487960252;0.010411121588874549
-0.003885583722324229;0.0007133113714314628;-0.011397273874190197;0.009181405020584137
-0.0036489566960731822;-0.0026830479523131303;-0.010787829512927984;0.004393403373711525
-0.0034893074453054753;-0.005551225138933668;-0.006941111723134205;-0.001873358626115907
-0.003281928402922633;-0.007630282029112905;-0.0021800849303137905;-0.007104348689008769
-0.00296507150939914;-0.008822087127435672;0.0004932906170363002;-0.009188368189187406
-0.0025509540375132896;-0.009225030973618764;-0.0008785082170987264;-0.007277146141896024
-0.0020523126570369046;-0.009087385775794342;-0.0059233937394911245;-0.0022512617468203747
-0.0014121552483297084;-0.008634803885035704;-0.012069176790960472;0.0035971978383825716
-0.000522028067020949;-0.007924322864378438;-0.01602687533892587;0.007656898716818897
0.0006640730011338035;-0.006923775052029585;-0.015585334962478823;0.008340590209205558
0.0019944889741281228;-0.005795830851198451;-0.010556669098847114;0.005910554801924207
0.003055987711392473;-0.005113509817063929;-0.002467400215940687;0.002261446772054675
0.0032355137384355924;-0.005717048004240747;0.006464824736578148;-0.00024872021732486667
0.0019076035844008748;-0.008172845069364946;0.01418182997438728;-0.0002397515743294403
-0.0013136370317654938;-0.012149582208634203;0.019044093883419207;0.0018368123552673873
-0.006373566976322187;-0.01622668402594141;0.01979760761331154;0.0039656903566780465
-0.012727943281014798;-0.018460109342723633;0.015758656044191095;0.0038526808002861596
-0.019448563488383024;-0.017469106667456106;0.0073027683966343;0.0004920965547246164
-0.025418402790741906;-0.013298404812021403;-0.003761124848889366;-0.0049804873563446105
-0.029582412836254863;-0.0073989616672035605;-0.014428925257652523;-0.009787544837890213
-0.031230098988890672;-0.0017912060168177688;-0.0214989716427033;-0.011117073674519898
-0.03019728253738475;0.001878158487277747;-0.022943457205632064;-0.007805496482265193
-0.026853348180818477;0.0027863215355631173;-0.018850689586946922;-0.001047474989055245
-0.021898976352814566;0.0009186916247301752;-0.011234507310090344;0.006183455042954227
-0.016139698445200613;-0.0030652534429187767;-0.00276858627533359;0.010548373344654647
-0.010335666858277815;-0.00796069381321493;0.004634451085215605;0.009850327219023828
-0.005096405507922418;-0.012270799015187451;0.010359111456754954;0.004018559275247419
-0.0007952322841099718;-0.014646650703567807;0.014501443932284442;-0.004781499626006959
0.002440873944201697;-0.014374755016445914;0.016922733336503504;-0.012956320651616891
0.004636636952879442;-0.011680166907395465;0.01697002052469487;-0.016933376841977148
0.005862132098448814;-0.007648826150542086;0.014176433205021538;-0.014721864909277075
0.00623867088999995;-0.003726347528382413;0.00921626638131489;-0.006951847336342711
0.006041192861358997;-0.0010056804467501116;0.0040211095350952564;0.0031494043376930065
0.0057318097317337205;0.0002894349606983086;0.00068592546601847;0.011021290685627275
0.005800596400112779;0.0007836647898632594;-1.3004081252052903e-05;0.012840480111664181
0.006496038709112308;0.001379822757776644;0.0008276943114545061;0.007436215793868548
0.0076632144363350686;0.002514798834099371;0.0011546665545572388;-0.002940556905468497
0.008817566226239715;0.003789829183622834;-0.0004552667119682099;-0.013449910077341887
0.009379163280409887;0.004288468305407144;-0.0039086613781268926;-0.018789547146358117
0.008901084984878228;0.0033503779294338193;-0.007992891332521599;-0.015718474370511704
0.0072032645731360465;0.001168731352476551;-0.01137544108874119;-0.0048541949146394875
0.004429198540854082;-0.0012726295487375209;-0.013181041108696502;0.009224248181599767
0.0010490854063486905;-0.0028427369921008383;-0.012917353215976592;0.01992296597030464
-0.0022257071020986927;-0.0029427979483917887;-0.010289295345280385;0.021925634870626414
-0.0046464389415538316;-0.001683803452183461;-0.005322118686866094;0.014137646551572219
-0.005676901627465551;0.0004959427020839644;0.0013401202901542984;0.0005228364727698393
-0.005149974277557051;0.0032891254114357643;0.008300457109162883;-0.011794256711353611
-0.003264272083982097;0.006539131111203199;0.013639784433893569;-0.01620493923380241
-0.00047528581990154346;0.009867123528561653;0.015568136393314051;-0.010126052440596488
0.0026398984215442664;0.012448473357121367;0.013333717959613571;0.0035075789366624676
0.005512648739318428;0.0133201394984117;0.00785140240564475;0.017593666403819125
0.007689563324640512;0.012002765581700499;0.0014132509379123279;0.024455398526725028
0.008888011523868875;0.008875710681272969;-0.003584324779301055;0.019902786451081254
0.00900448173816293;0.004974810922261331;-0.006086862058889295;0.005630162462758518
0.008115228465936725;0.0013903780547623254;-0.006856510154325222;-0.0114602133934655
0.006475539705486931;-0.0012669742573145498;-0.007508556555736577;-0.02283959625430497
0.004471878328022161;-0.0029828165932696943;-0.00889320188653199;-0.02299485805811918
0.0025108246299201664;-0.004030902821472829;-0.010259327788683298;-0.012515604051008848
0.0009081401570724949;-0.004516715228716628;-0.009931925661590091;0.002234554138901524
-0.00015308036387331423;-0.004120818606287657;-0.006832794354232344;0.012755354428443742
-0.0006007395254379663;-0.0022635584724007164;-0.0014831434393251532;0.013243121715835483
-0.00043801537329587765;0.001353128482215957;0.0043122094764248145;0.0037685554544868473
0.0002757462615076291;0.0061945551151209996;0.008764612985873714;-0.009989388789230183
0.0014176906083978149;0.010839069307924809;0.011278263910964086;-0.020098657401952144
0.00277419081962915;0.01360004689966682;0.012492225510202383;-0.020718568450894977
0.0040387786395632095;0.013406131586846379;0.013125407035190212;-0.011023832849982283
0.004895194148913761;0.010303063677294416;0.012718752165355285;0.004643196554904199
0.005182229744778028;0.0053385145860843355;0.009634579790790883;0.01915598257170129
0.005039996312186147;7.966009580134469e-05;0.002551173403614452;0.026101187742881043
0.004909573258597179;-0.0039200634367821344;-0.0078221088369838;0.022679013129081948
0.0053475281545239;-0.005610302261073269;-0.018409385068546957;0.010805364356325014
0.006745578722278151;-0.0048824240606681335;-0.025231421286283758;-0.003915081591532034
0.009083785015994942;-0.002793433760225363;-0.025598527193994986;-0.01483084526536712
0.011800967545710446;-0.0012810808277602347;-0.019462725648211627;-0.017337358887787983
0.013864068100842555;-0.0022613270918431473;-0.00911346610166292;-0.010978829975678056
0.014121083780456749;-0.0064516898691996515;0.0023136804371527296;0.0005017859995625483
0.011850749538292802;-0.012610133650858701;0.012285787232467576;0.011186207249252202
0.007171798803014624;-0.017778617134767555;0.01937765082592538;0.01599977290480832
0.0010115362759450992;-0.018579512878227487;0.02293267996102484;0.013164158529908319
-0.00529602882063878;-0.012957296355117902;0.022644381119894273;0.004859922195148077
-0.010445396072750952;-0.0013986798390328544;0.01858574446085221;-0.00419085447374239
-0.013419413524573412;0.013115016747214882;0.011494685384692846;-0.009413426382046808
-0.013630684086987503;0.026426608832620577;0.002772677026241646;-0.008808945155067539
-0.01104361237459978;0.03501905762883149;-0.006003420957402208;-0.0037258219145387397
-0.006236703340524729;0.037318673073532635;-0.01368537313614231;0.0023732338118102676
-0.0003038174897944777;0.03390418610690821;-0.019743064705395316;0.00619197687105007
0.005422565090845473;0.026736321454801933;-0.02388904456240872;0.006391599561709603
0.00973280843743972;0.0180066545920871;-0.02552468659318444;0.0038865324785666423
0.011842177597793218;0.009275276127784494;-0.023632207772387025;0.0007651097549269294
0.011517127757313872;0.0012758660738602684;-0.017440364379108016;-0.00120512698531711
0.009015724949523523;-0.005711635789188302;-0.007497321882136262;-0.0014885028050134906
0.004947363500405999;-0.011387757666001032;0.0037647725412703974;-0.000714257433206598
0.00016148696308174924;-0.015284019639790081;0.01271110828421827;7.26473927583309e-05
-0.004336799020644984;-0.016968271552484097;0.016260898050095812;0.00021541454238199498
-0.007529401823512726;-0.016317842676430928;0.01361545670622035;-0.0001959524325341689
-0.008625538639677209;-0.013612358812000196;0.006716211195790241;-0.0005116682646742858
-0.007327612093662241;-0.009452129425952855;-0.0009434435889882074;-1.4875996524086664e-05
-0.003986567455489727;-0.004667323424318609;-0.006303129441097742;0.001592142861959539
0.00046207329836052234;-0.00027883702921888283;-0.008094305618514033;0.003910617358821963
0.004789211423548816;0.0026562919091709116;-0.006745574261656333;0.005887193349160793
0.007874844715254943;0.0034594368592690836;-0.0032796901299431283;0.0062360682328655385
0.009039499563721512;0.0022788970976424503;0.0015655528701702772;0.004149009432450077
0.00816863974931674;0.00010367961437596492;0.007218630988293112;-7.899561286700705e-05
0.005629563923679783;-0.0018193897489129022;0.012585206082425072;-0.005010282535806959
0.0020889621870510537;-0.002764344662135686;0.01586188050918833;-0.00879263531618417
-0.0016707649575741297;-0.002899909998438685;0.015352568599735335;-0.01021166339774785
-0.0049203362166290844;-0.002998875492590024;0.010663378049025144;-0.009283219005246222
-0.007146654671474518;-0.0037570526872007727;0.0031727736938891426;-0.006952889468218261
-0.008164062918995478;-0.005270451879590476;-0.004694436846928675;-0.004230873378658576
-0.008106701430620027;-0.00703982480618884;-0.010773677170257788;-0.0015476654290364255
-0.0073069773739321674;-0.00841878960553003;-0.013971149269776913;0.0011530530316279193
-0.00613892240585358;-0.009082085248533081;-0.014097214239670202;0.0037926763843819018
-0.0048987373310275546;-0.009132037209970276;-0.011240030358489344;0.005715494443790306
-0.0037514242482967575;-0.008825955990579216;-0.005554432884908819;0.005957493981090542
-0.0027499268118059855;-0.008249066827613893;0.0022763311981762496;0.004068238524628644
-0.0019100312032883661;-0.007253440509503012;0.010543113694956235;0.0007480595976137603
-0.0012818671229245311;-0.005678909481679218;0.01681287175574686;-0.0023638872023510832
-0.000948360995357833;-0.003606613271248239;0.01911825985154391;-0.0037090369172466824
-0.0009437772696468961;-0.0013989367200333976;0.01716518415129695;-0.0028629339606076384
-0.0011733198700146037;0.0005010852680880371;0.012507526519229423;-0.0007684537252621277
-0.0014320236980965054;0.0018107005269705856;0.007462347641894066;0.0010300006498432813
-0.0015284326584123695;0.0024668128004814178;0.003610314440171744;0.001502422543821825
-0.0013980503503634363;0.0024987728055805656;0.001064279153866219;0.0007150433538491595
-0.001090493620899921;0.0019206344940893496;-0.0010061829280878516;-0.000480772461395145
-0.0006599259847399787;0.0007997643762399613;-0.0032064858740543413;-0.0012457535242173612
-0.00010310073975161157;-0.0005797707315273453;-0.005215875186475665;-0.0013041222091719684
0.000586126480412981;-0.0016797336774767649;-0.006119398811531525;-0.000861275105552457
0.001336195639199408;-0.0019156968407174537;-0.0053243715181645725;-0.00012974241112824857
0.0020021247271688296;-0.0010029576986909318;-0.003121937291463019;0.0009674002403890771
0.0024428841695514464;0.0008230583037197652;-0.00039366921353988437;0.0025818019018151663
0.0025844578651924703;0.0029304546203717243;0.0021729837340978184;0.004433717152752483
0.002430336713562528;0.004722644834475322;0.004548761451204041;0.0055938318318447195
0.0020459444404572354;0.006045224746420003;0.007048075924203495;0.004943735870515194
0.0015422668526770768;0.007196399419090212;0.009572595006221221;0.002089798207780401
0.0010595939620606796;0.008525708785221067;0.011235804616218651;-0.0020098003757028846
0.0007490928430128757;0.010039999535567308;0.010875573466265857;-0.0053520939390436706
0.00074886863452511;0.011430471698082943;0.008085533257880268;-0.006070624966591493
0.0011442173943306236;0.012438245826999388;0.0038213354686810106;-0.0036948457025813776
0.0019149765807217822;0.013078143318290368;-6.381600553510185e-06;0.0004193493311958417
0.0029027366279672476;0.013452631534303408;-0.0016262325234290428;0.0038062296108176117
0.003837202557857608;0.01342947930956929;-0.00034287824261959376;0.004313023828010672
0.004426178886456765;0.012614806155723015;0.0032385440932277032;0.0014020402323031795
0.004464118105457471;0.010671168008006349;0.007612869316553426;-0.0033899112700033437
0.003896514800442571;0.007664694400942494;0.010971092781160227;-0.007149064483522069
0.0028169030700564766;0.004181998686585017;0.011706656108196522;-0.00721103312939038
0.0014334336742753068;0.0012038071542730237;0.008841716275566442;-0.0029305122956515667
4.963855813115145e-05;-0.00019788761033163598;0.0024387177490438287;0.003490552100454213
-0.0009537376479946886;0.0006854432504221756;-0.0061468315302007324;0.007886727993661777
-0.0011914318547495567;0.003692498860452863;-0.014487895637455445;0.006541339147726066
-0.0004124811270343744;0.007527927632052498;-0.019951281495790348;-0.0011424855530753335
0.0013733844699953955;0.010077001153397188;-0.020943358812117455;-0.011465911542308813
0.003882840668556722;0.009332812482776435;-0.017860741704357457;-0.017916244680592445
0.0066694588755493054;0.004486180323226096;-0.012998360787265758;-0.014925627035985408
0.009263368680669992;-0.0035039389964547055;-0.009165800840767525;-0.0018232633576923105
0.011255965905412882;-0.01226571938114418;-0.007782976839840464;0.01577195899613804
0.012330917401958534;-0.019121150810476516;-0.007944591564392721;0.02862764124355673
0.012262461277337293;-0.022306325202103024;-0.007300428637151012;0.029393670819024696
0.01087205078974929;-0.021594987395900843;-0.003970580846218443;0.01734566147023785
0.00798578014076457;-0.018003446307923266;0.0021178236056330576;-0.0010015257079981146
0.003504717318986338;-0.012905659743705073;0.009282674772386156;-0.015954403674468806
-0.0023982923102856815;-0.0072827601513394905;0.015049356753051387;-0.02059798477111551
-0.009124699308281775;-0.0015974577127019838;0.017133574586634965;-0.01460465332305453
-0.015704841438899893;0.003822507556890667;0.0140396448446117;-0.0035422192724369654
-0.021049344707281946;0.00839799559806338;0.005448356403058093;0.005381562081083793
-0.024280652698007776;0.011297414334653791;-0.007374812512432136;0.007881065911510278
-0.02502610160945073;0.011773335589770707;-0.021379802506447405;0.004504985754689328
-0.02353292572103861;0.009491791490332585;-0.03229869706772406;-0.0007641456729220072
-0.02050352323262973;0.0046374320317979344;-0.03615296088084289;-0.0036695332851098485
-0.01674749731224462;-0.002115610255176317;-0.03108396638194253;-0.0023763868902436465
-0.012905629809024937;-0.009647663470582444;-0.01849426060535504;0.0017330422757568104
-0.009394169198048703;-0.01653823878403063;-0.0027672210075526684;0.005275175157021411
-0.006482145680322724;-0.021405600706285808;0.01049205504512144;0.005120172509512284
-0.004337606621651008;-0.023300185063991584;0.016955967119290077;0.0003306531640255994
-0.002992325607694813;-0.021924629433911495;0.015493996815060083;-0.007218745487985644
-0.002293469618777487;-0.017631122204015772;0.008384051657267548;-0.013784826688057092
-0.0019243623793232542;-0.01128305026621108;-0.00023529655808381762;-0.015729146068280204
-0.0015188294518578137;-0.004031416268565663;-0.006571865179333874;-0.011491094708046651
-0.0008245359308267584;0.0029498384715148165;-0.008691268195423625;-0.002532916977762195
0.00017085345663652864;0.008658466644037051;-0.006706246756689614;0.007261524312571325
0.0012212680539326094;0.012339842870898421;-0.0019833791823220624;0.01347919225249848
0.001919612234417398;0.013551473418829885;0.003817836292133982;0.013425046739762062
0.0018589961244615803;0.012291906605964048;0.009239981819489353;0.007537686374167639
0.0007811770592065395;0.009067959357745608;0.012993427095832039;-0.0008338564440315882
-0.0013468072312644193;0.004736387298749724;0.013847509658436959;-0.007216463224949832
-0.0043338432972419285;0.00018010081389723727;0.01093187468564238;-0.008399410875376366
-0.007809326411709233;-0.003926873348635208;0.0044072410387174235;-0.004128267287763929
-0.011295703233093451;-0.007108052533361135;-0.004095458087629972;0.0027885130103922256
-0.01432451065842078;-0.008957703011913653;-0.011852576985176649;0.008015118036652974
-0.016574450587612068;-0.009169765660987006;-0.016219161290218536;0.008085376896614855
-0.017943134947217845;-0.007798985545047275;-0.01592159696011246;0.002421010396287348
-0.018478895978060773;-0.0055058673487866075;-0.011641735089981958;-0.006136876900020368
-0.018207162264567936;-0.003445290587023005;-0.005513760608226426;-0.012675205220527699
-0.016984548482686185;-0.0027194803845034727;0.00012153937740601737;-0.01282892200164789
-0.014512277770897726;-0.0037169484687795506;0.0038998439950493884;-0.005306939401436943
-0.010529781743060584;-0.00583716192306803;0.00585882251725276;0.007101518439428638
-0.0050636647152950826;-0.007828161894771266;0.006951814154569897;0.018715226014648853
0.0014454610175971116;-0.008453405525923977;0.008066192049866541;0.023811314923429343
0.008213102185407923;-0.006995913454423173;0.009219511454100332;0.019620242960291023
0.014302019630316532;-0.0034152713526176726;0.009456148509403633;0.007817950249928853
0.018818156534236283;0.001650807377657307;0.007552734948222212;-0.006300031427290845
0.021068484781595398;0.0069019907946238435;0.003148474914591087;-0.016500827693450053
0.020698218800889547;0.010587421297612715;-0.002465773231028271;-0.01870546633449894
0.017807772550562786;0.011114262734740737;-0.0066462887607552585;-0.012860198281451417
0.013003958083191445;0.007860373502468617;-0.006899379436965903;-0.0026558862046777336
0.007329894931665519;0.0016692910183346195;-0.0027237678278492186;0.006640046333100935
0.0020594149336993044;-0.005372283813791343;0.0036400156383626894;0.010932993342853243
-0.0015993994111919763;-0.010818758971449568;0.00843444105084982;0.009075000262270367
-0.0028127361821957244;-0.012941532722762673;0.008948274592559887;0.0028530912367480035
-0.0013553258033164408;-0.011433797593980043;0.005496413420880592;-0.004412329345463644
0.00231254486896997;-0.007441111263374814;0.0011141011340651192;-0.009548126829472366
0.007179754765202734;-0.0029815726704900576;-0.000955421275021243;-0.010623366974467844
0.012013770580163417;-2.1269837637904133e-05;2.9408156673545235e-05;-0.007342168499137505
0.015771900337391537;0.0004627397638420561;0.0017432754784259179;-0.0010329787309749645
0.017914513367043503;-0.0009985344609939903;0.0009674262121965243;0.005664714882787824
0.01847844120975641;-0.002683423137493971;-0.00329507820388057;0.009612234137052459
0.017924645440599067;-0.0028293349608029335;-0.008441575115255492;0.008492585746555268
0.01689561275670349;-0.0009412291422032738;-0.009898855567084083;0.002092881989169933
0.015959700497988918;0.0016819713457825922;-0.004591035581485772;-0.007279058089555152
0.015331849968858335;0.002642693817890838;0.006384921940781138;-0.01568043602024711
0.014681021113846298;-5.8766716021240244e-05;0.017932078678853065;-0.019375432190476594
0.013283328921560934;-0.006642933545216504;0.023933949813989608;-0.016696115328765755
0.010550940814775662;-0.015053486619558212;0.02097846180843739;-0.008918272117297366
0.006513306268559112;-0.02160246989734044;0.010299679183863455;0.00039976545160909816
0.0018063717170396587;-0.02250949990781119;-0.0032171366097147385;0.007355294569864498
-0.0027439361866752085;-0.01569721361258671;-0.014041609273225886;0.00983529324552032
-0.006483420279097441;-0.001991206109233948;-0.018886151744269934;0.00850565406086093
-0.009015217175179929;0.01497168454121173;-0.01777763972661284;0.005989002783856645
-0.010176105326855017;0.030205440000037054;-0.013100763486568742;0.004826472506191414
-0.010048949339748656;0.03951251574626706;-0.007697188708927867;0.0057073438737292054
-0.00892350308235069;0.041189818662047885;-0.003384161438163535;0.007206600231061449
-0.007138096986186572;0.03643666854201648;-0.0005878929013134358;0.007085792045243226
-0.004935802170377213;0.028354580375696246;0.0011525275540807077;0.004073742490093241
-0.002472443384186504;0.02022222476190063;0.002544493395929135;-0.0011739738173010602
8.27412296936186e-05;0.014049996709347494;0.004237736848706243;-0.006488758106783131
0.002497930677978068;0.01010360730116688;0.0067073552533128385;-0.00951925618303778
0.004514166235415179;0.007424805100458954;0.009973088359053833;-0.009031844091444603
0.005902950332808695;0.004833351731026845;0.013261284069765419;-0.005476693318106635
0.006520273556996856;0.0017521245850075657;0.015120923416463497;-0.0006887649495281677
0.006380411483132174;-0.0015625489683830011;0.014182056718703899;0.003000234794418408
0.005723144297129859;-0.004378370840006871;0.010067949870184983;0.003849020912777468
0.0049771667053172515;-0.006045106766591042;0.0038112169784221385;0.001584369439905871
0.004572369315627747;-0.006284786619371557;-0.0024278733304209945;-0.0023598762405548897
0.00470961965886419;-0.005094197952742557;-0.006171406735843039;-0.005509788532935488
0.005273068176060017;-0.002586907634646358;-0.005756218807978865;-0.005721030576472353
0.00595203926854075;0.0009126444664501722;-0.001418882687644792;-0.0025280080534787956
0.006457512460497447;0.0046631104781226064;0.00438990464347527;0.002374826188197197
0.006670983070755096;0.007564901743092257;0.008031913311430541;0.005922593792762255
0.0066542589685790856;0.008572480439609934;0.006683892889050862;0.005405964136060908
0.006544006689718113;0.007179431306600413;2.9108769409657493e-05;0.00023569498311820788
0.006404720193043106;0.003673794197172022;-0.009562502822273581;-0.007264172238838454
0.0061414172930692205;-0.0009443765126658114;-0.01841033903998677;-0.012687235519096094
0.0055455187166339875;-0.0053515644135414394;-0.023342257152077606;-0.011877307241487202
0.004437571230618604;-0.008452533285971772;-0.022807099559857262;-0.003649175213113126
0.002780709770456366;-0.009800872627165351;-0.017036168709969074;0.008813519330751257
0.0006842838792623825;-0.00959164960662356;-0.007675075065350405;0.019116167210268632
-0.001662480647902315;-0.008247514303509505;0.002771798324080188;0.021084165034521343
-0.004042707597564678;-0.006016516886590492;0.01159766365916296;0.012567231977649454
-0.0062221199700103124;-0.002996914845858245;0.016585910714455556;-0.0028181220935040233
-0.007951213679249168;0.0004920616513386308;0.01665158166187945;-0.01732415217401316
-0.008997425206415484;0.003710637171589066;0.01231251559778752;-0.02326304564477142
-0.00920311733035359;0.005793992434955389;0.005681495616700661;-0.017281539732347834
-0.0085297219588807;0.006273643332451676;-0.00036073808779754515;-0.002208961865669905
-0.007067509309048301;0.005319409399555557;-0.0036082824474182647;0.01453966355120547
-0.0050333223061184785;0.003540746015050843;-0.0036712688817793484;0.025000039541637237
-0.00276649726314848;0.0015950330129303988;-0.0019235242669698438;0.024768811516739105
-0.0006815923351310489;-8.992776819901609e-05;-0.0002956496822158116;0.0149084303058843
0.0008530579126153902;-0.0013519381188064439;9.747805620808401e-05;0.0008254398891381588
0.0016562211385212856;-0.002148946711716853;-0.0005540167050756301;-0.01087481993858619
0.001785611682913727;-0.0024055478108243288;-0.0013763166258764423;-0.015606912315172585
0.0014451696739277483;-0.00201811202935101;-0.001844662164053929;-0.012517122028604706
0.0008079550245234801;-0.001034491928592981;-0.002260421199695051;-0.004217462185925592
-0.00011072253625985327;0.00016451037608092444;-0.0032769625449952824;0.0049215452220433605
-0.001433358367119495;0.0009010296001171265;-0.0049871997994082075;0.010913260174238302
-0.003279244129121169;0.000501329210201509;-0.006514724080546095;0.01177915525502156
-0.0056188376653550825;-0.0013310051345191266;-0.006589030022200378;0.008071999763382104
-0.008216753997081624;-0.004322505806465884;-0.004652664528975069;0.0022171474616585678
-0.010668763746782649;-0.007700168835441928;-0.0015064643973086251;-0.002913403034101361
-0.012491239508672806;-0.010426287777688292;0.0011382983619101735;-0.005443741593481309
-0.013235385182135321;-0.0114749543427799;0.0018724009666550095;-0.005200710217238325
-0.012611693765839269;-0.01009910946285383;0.0005731652821118327;-0.003348537115594396
-0.0105947280761923;-0.006090027516598175;-0.0015840998884347436;-0.0012877644365586944
-0.007467303348302273;-7.708171557121012e-06;-0.002974907382695017;0.000356904804408673
-0.0037781886099293406;0.006745395330633759;-0.002489362365927686;0.001937058833404484
-0.00021719633188661968;0.01219968378611207;5.2857016274368537e-05;0.0040973339810885636
0.0025545199551575137;0.014477713906008606;0.004112189762717775;0.0068334865246985135
0.0040574923357554055;0.012561318107078563;0.008837620017744288;0.009111349315427968
0.004084430340462812;0.006756394352824488;0.013260420060432782;0.009401276473559624
0.0027294857073924066;-0.0013528606648816948;0.016280209878737104;0.006738678849040972
0.00037591237247186997;-0.00937344670356773;0.016783513932712102;0.0015151564039255633
-0.0023668637577742104;-0.01480492278098838;0.014115313407551991;-0.004563409838037071
-0.004795117866027228;-0.015805193343088608;0.008667124785152304;-0.009293876759777633
-0.006286685876320854;-0.011815753529536921;0.0020342496947588235;-0.01101004673711732
-0.006462536236759373;-0.0038100125650748357;-0.0035953310232615327;-0.009239468382226225
-0.005292155985230104;0.005944671186540223;-0.006554432599535764;-0.004749452520792228
-0.00311688049371732;0.014548617309204785;-0.006558077173777676;0.0008512338057033111
-0.000559300442770005;0.019416349574803805;-0.004644189835797755;0.005654194178705122
0.0016801196100950354;0.019250825716517456;-0.002230265544597044;0.007981131557605721
0.0030578764034972098;0.014582798675385535;-8.906652067764146e-05;0.006915218063043542
0.0033420257480395997;0.00746916189428479;0.001902986774093445;0.002774445731039897
0.002638042229627114;0.00045217208218218215;0.004145454966611227;-0.0027744068905157368
0.0013085394673281842;-0.004590905218147997;0.006504726221786147;-0.007280783626049188
-0.00017750576989659244;-0.007054009507253497;0.008095776426276622;-0.008669371995466534
-0.0014277940752273155;-0.007449364995991468;0.007873799872550904;-0.006387370800120276
-0.002268130892711268;-0.0067581347292736535;0.005548696405335883;-0.0017928744383556969
-0.002756977313104161;-0.005765221603998223;0.002017562639428389;0.0025482775766086517
-0.003062113046749767;-0.004760693979488874;-0.001134186770897379;0.004301052089152894
-0.0032935610649344857;-0.0036705563775385466;-0.0027103371620426347;0.002690213941170354
-0.003413179314718135;-0.002367758736132308;-0.0026731418252234546;-0.001086319368187934
-0.0032699858085386184;-0.0008601690913042517;-0.0019953314500299225;-0.004605799759966425
-0.0027189284763578327;0.0007285530358919733;-0.0017926483431409115;-0.00565545134031954
-0.0017330630569256285;0.0022409453278326506;-0.002470496870650117;-0.003489220429298455
-0.00043115446334572;0.003497564598156663;-0.003489372630335419;0.0007858625994201779
0.000987940308497343;0.004293233361842124;-0.0038400151252286;0.004847303775086931
0.0023340178646302653;0.004499294374539867;-0.002857553976737426;0.006437421091536208
0.003463549716454832;0.004214896957716023;-0.0008185310297199667;0.004616040945659566
0.004268758403162147;0.0037509034356180424;0.0010932408794090975;0.00033414468526258407
0.0046724193600716085;0.0033798151700818566;0.0014684401915567415;-0.004015751581237851
0.004653464483067058;0.003083976414654685;-0.0004173795620358146;-0.0058998224774632815
0.0042769470966591006;0.002566118827521688;-0.00406317794877647;-0.004110540794205037
0.0036961418071302246;0.001497736732658359;-0.007940589384447331;0.0004575894790629201
0.0031189801277836785;-0.0002511047258309396;-0.01032289181914866;0.005230065103243656
0.002745618977162651;-0.0025788323824607407;-0.010236683351342889;0.007374218469145852
0.002690763548620872;-0.005265336543755962;-0.007937146012410282;0.00542199587196219
0.0029216321100620506;-0.00807287977255717;-0.004615554017221321;0.00016628425184370143
0.003258890608285047;-0.010752570962648507;-0.0016092656169405138;-0.005698327497501092
0.0034692865436382544;-0.012992644401786591;0.00025788230777970013;-0.009022598222678115
0.0034128672083952464;-0.01437806995763481;0.0007991998624142264;-0.007943057667306885
0.0031426712722522547;-0.01441162715067694;0.00022629590554891073;-0.0029311517563329666
0.002872168693503561;-0.012659053622915138;-0.0009939920675836867;0.0034332897141747007
0.002835091059836806;-0.009050474001667176;-0.0020424281874093734;0.007814485814468855
0.0031502923199145205;-0.0041946604955974505;-0.0017518080431579094;0.00786935656042974
0.003766156041316566;0.0005853275630778642;0.0008995879334033752;0.0035096204932079543
0.0044587786125470895;0.0036468109509428647;0.005895596209452382;-0.002972023342673826
0.00484712003430248;0.0036814582573553977;0.011522106760766137;-0.008057013270113175
0.004466874048850632;0.0003010881441382594;0.014660369567765225;-0.00893240363212005
0.0029489394148878006;-0.005681738385711176;0.012216097654364317;-0.005158224712261217
0.00022227712247338468;-0.01238873272819106;0.0030062701773706088;0.0009954547862305648
-0.0034191979750064316;-0.017450355341292065;-0.01110458149696316;0.005904631053587367
-0.007439014591628567;-0.018870093993108517;-0.02568431130496884;0.006885086182476529
-0.011259478997887476;-0.0158037880529252;-0.03561137209637614;0.003906796581689494
-0.014409030568184763;-0.008872473696352695;-0.0372011606594016;-0.0005039430504226893
-0.016572314072937622;7.768199392278261e-05;-0.02946936575004975;-0.003115549273033978
-0.017561818819783605;0.008573857987606948;-0.014232820608940495;-0.002216364774875549
-0.017260439038146412;0.01427994407756977;0.0045872119484143044;0.0013631025611611565
-0.015618660040831867;0.01579377199541229;0.022052977817312712;0.00498356498311599
-0.012746992957510205;0.013187155223887203;0.033512795579542655;0.005988952773470731
-0.009003649684938083;0.00790344285314914;0.035962217388814534;0.003316013763605747
-0.004926816314305448;0.0020093173530132047;0.02909027392001354;-0.0020021808237906174
-0.0010224189257323924;-0.002675722240675006;0.015483431762069899;-0.007559604000007724
0.0024026683571236333;-0.005055961256211392;-0.00031520825823708415;-0.010909979976939266
0.0052261834457972235;-0.004820582538951156;-0.013555454543525913;-0.010688629475361854
0.007392213856117636;-0.002372551363434069;-0.02093228533294005;-0.007070937058690151
0.008851518133783657;0.0012658895713292158;-0.021340580498959847;-0.0015904086699307803
0.00959354544083215;0.004721134164356782;-0.015646057760209567;0.0034861790480438075
0.00966320467094242;0.0067832001860009174;-0.005994393395779797;0.006056372066519891
0.009087085798595332;0.006922001924788433;0.0048181898302755875;0.005111299435821862
0.007774645852200408;0.005428905578022054;0.013822726169998424;0.0012847190315398195
0.005525455604547704;0.00308839822934718;0.018442997864712384;-0.0033789707101404575
0.002188788580962793;0.0006944461126453138;0.017252645361312276;-0.0064623803496099115
-0.002122267095142023;-0.001196574074235121;0.010587991807194068;-0.006504341393845427
-0.006921966374358075;-0.0022046338031593638;0.0004897822500362231;-0.003845850435573593
-0.01143533764464904;-0.0020104513269066926;-0.01014886078387517;-0.000463639657382439
-0.014829709217590973;-0.0004386518709558823;-0.018692970597571506;0.0011594430062328766
-0.016474653745212633;0.0022679734354878844;-0.0234107751908167;-0.0004618278912858494
-0.01612176374954132;0.005240291530266998;-0.023461914565580364;-0.004741321802893969
-0.013942550460411445;0.007137535344642023;-0.01871384439689613;-0.00901366432919607
-0.010415003953248136;0.006731844114437304;-0.009910978272707104;-0.009776313712123674
-0.0061167101352998885;0.003618633005679647;0.0009509592509188764;-0.004750276750103112
-0.0015328412852186218;-0.0014414979297344068;0.010766143086595504;0.005276324895128019
0.0030386059030573648;-0.006822171709005949;0.016369353747394077;0.016099500521882817
0.0074737597217688695;-0.01077710436245938;0.01596730480174936;0.021964319780486175
0.011722617335275715;-0.012136779465600088;0.010016265517160144;0.018955614023034337
0.01565018401485742;-0.010576075491355275;0.0010927619854393552;0.007830387176663081
0.01890481505600867;-0.0064846749904543975;-0.00709625236017496;-0.0058499344963814145
0.020941993325596944;-0.0007737963800760733;-0.01120427066294154;-0.014754388068207617
0.021238770861532884;0.005178062241999278;-0.00970433267885079;-0.014207132841791988
0.019571199769478752;0.009625237835613847;-0.0035573738642163248;-0.005131151119022796
0.016176980822121934;0.010910731936839523;0.004408761563953149;0.006455868889225943
0.011715860452485434;0.008250329308005303;0.011047288009645008;0.013120928885763397
0.007049683230782842;0.0023771800090957107;0.014303675684309156;0.01059600140876556
0.002937533391218377;-0.004505086817955924;0.013661572312623221;0.00044888364689122995
-0.00020174876661958405;-0.009626295060431398;0.009790479266438995;-0.010821052373184476
-0.002320636012798071;-0.010981815489623148;0.004182080543858917;-0.01577925307046799
-0.0035786997773888858;-0.008305474396663914;-0.0009786781533074084;-0.010717452043742812
-0.004166959981601961;-0.0030861046517260274;-0.003334460342435913;0.0019707525752013164
-0.004281911872795521;0.0023481799024989126;-0.0016399597761131734;0.015258022014826662
-0.004192071755455043;0.006073560041129459;0.003043624790932726;0.021831423631834355
-0.004199683467437332;0.007399519834309532;0.0075648943449978835;0.018449424012219304
-0.004432192105643086;0.006896023943192652;0.008527716379328367;0.007536042832579848
-0.0046481058345582875;0.00579483909819143;0.00451544722404851;-0.004744011779392035
-0.004295137126161612;0.005260466539398229;-0.002893426199340059;-0.012318456094873784
-0.002833792961886415;0.005874598838084084;-0.009992302903081533;-0.012387555415720841
-9.617067146033973e-05;0.007361099415513935;-0.01309974461359964;-0.006287888487045801
0.0035428593878835874;0.008542713954970667;-0.010624007442242987;0.0019280362003193839
0.007220873047080383;0.007695373813938438;-0.0037959677680590893;0.007956637261689962
0.009819797714656128;0.003406188174161701;0.004240917935728513;0.009308132088056411
0.01035397614417672;-0.004361366056307891;0.010224119954131621;0.006082242928954454
0.008418464708808191;-0.013652796292230174;0.012254911052160032;0.0003924927835091472
0.0044320840584461925;-0.020939887648833866;0.010229002908494903;-0.004959743072879892
-0.0005408994937684032;-0.022591662546227832;0.00533564715660792;-0.007772909051035644
-0.005270198333200117;-0.0167001464588052;-0.0007257909449259414;-0.007194700839926532
-0.008788209690015527;-0.0042124388656297395;-0.006290090022376041;-0.0038464770689637076
-0.01057105222457152;0.01130797954897122;-0.009983225196816123;0.0005552923036009109
-0.010554962088872657;0.02512738825820639;-0.010940046650782962;0.003949807132335443
-0.0091023615942181;0.033192900097134694;-0.009116505414486486;0.004876486240040846
-0.006884945414381355;0.03353108160908139;-0.005500757329794041;0.0032316170726294324
-0.004635054972062321;0.026697614451528264;-0.001868890464597324;0.00033998201549762105
-0.0028609105072959083;0.01524847383759854;3.1311896394902945e-05;-0.0018560066985341683
-0.0016965643746431108;0.0026142362533747416;-0.0005043095392684647;-0.002062507560004708
-0.000959744486617093;-0.008035211385505673;-0.0026170518228518245;-0.0004954889342320207
-0.0003400452870673143;-0.014502925601206805;-0.004348724234303263;0.0013184543943038963
0.00041920798627757247;-0.01582103880239667;-0.0038866804666264493;0.0016865519546837217
0.0014233988600126364;-0.012263683011072616;-0.0007600655935261905;-1.4012444291355366e-05
0.0026045100843584412;-0.005219148421111923;0.0038527253642479083;-0.0029389350126440717
0.0037500749866760967;0.003162307791779885;0.007905108664231318;-0.005480389029980404
0.004587033827186204;0.010555941184719034;0.009764166888795556;-0.0064670537882462985
0.004896438965999591;0.015079054389702452;0.009069233679796859;-0.005906511012736716
0.004586127750991965;0.015700519336897853;0.006631969980272629;-0.0047510187905831554
0.0036979375797595807;0.01238854267197167;0.0036519787951085915;-0.003983205575267172
0.0024146294703734396;0.0060730526565899445;0.0010209548911352987;-0.003814571002596666
0.0010937275180128042;-0.00155165749678589;-0.0007879209045743618;-0.003597689851924078
0.00024107603374174535;-0.008439619141556996;-0.001451358217075773;-0.002420420039588694
0.00035089448796864393;-0.01279989452577178;-0.0006938067663889054;0.00014679591101953986
0.0016817425267257227;-0.013694635008156502;0.0014398496616659059;0.0036836890694721186
0.004106947002249631;-0.011353169257273412;0.004262926153227811;0.007091585535147033
0.007105107166772549;-0.007029879313900771;0.006522481931004128;0.009087328666436531
0.009874878185840465;-0.0024265841146307978;0.006975045898982162;0.0087109073667422
0.011549819803899158;0.0010708057873248043;0.005140402944621891;0.005697118862927283
0.011481954003164811;0.002928559699994184;0.0017215666234981638;0.0006991961320916688
0.009503440981077929;0.003463722684696798;-0.0016525261380006908;-0.004715543672640094
0.006033824111845769;0.003363660249289697;-0.0032670299249063;-0.008493419845861582
0.0019530799978264145;0.003116488066881176;-0.0022483226937280915;-0.008984485939437263
-0.001716578357490325;0.0027544272061929514;0.000988810601780099;-0.0058964148729070175
-0.0041703405997330885;0.0020198778360790283;0.005036140839829842;-0.0006401308438321296
-0.005050216801470302;0.0007327059215954773;0.008307498405049078;0.004312575317317826
-0.004454989580236604;-0.0009553053958126159;0.009824262982205598;0.006748444705488138
-0.0027754209407140178;-0.0025625218767605083;0.009495287811206897;0.005891835745095219
-0.00048439640237758194;-0.0034755432126870375;0.007813286971319503;0.002714816386027265
0.0020073749437528802;-0.003215317713346749;0.005275631144854511;-0.0007624823154467026
0.0044008314378008164;-0.001662876862348291;0.0019700682945668077;-0.0026810309918846986
0.006497123460015214;0.0008438643441635899;-0.002365075655339221;-0.0023003432800119453
0.008167228171672813;0.0035936974755873216;-0.007809591111320638;-0.00020347914109048408
0.009322052769289596;0.005737097709122303;-0.013631020733061239;0.002215229211408339
0.00989174853885596;0.006567267700734452;-0.01811314139724701;0.0035583932098608513
0.009829121150877532;0.005733416474732574;-0.01917918297857039;0.0030760710839017867
0.009141997557908073;0.0033333979339548216;-0.015574541143724835;0.0009049994992705169
0.007924559928830508;-0.0001042314178667012;-0.007864211000480273;-0.0021162790589937764
0.006343618756917446;-0.003734709067870527;0.0014965906850210613;-0.00488672397030329
0.004577133334751409;-0.006617338669640642;0.009198966974451092;-0.0064949999780702155
0.0027586679213932827;-0.008014422123738141;0.012687950927800434;-0.006500377459957204
0.0009812838763677374;-0.007648264270016554;0.01140358314252227;-0.004988367884393831
-0.0006508569229946765;-0.005768976971113696;0.0068972766896003386;-0.0024562734039600812
-0.001992678722658682;-0.003000380893085624;0.0017695746517826353;0.0003806206081668257
-0.0028999421621453162;-8.562864150196697e-05;-0.0018509119405181332;0.0027919187449826077
-0.003313129622208522;0.0023072063260774207;-0.003299546386246794;0.004202478278790646
-0.0033050417585585505;0.0036652135562053566;-0.0032891280167090865;0.004309974954063966
-0.003050901343730653;0.0036750048067275293;-0.0030034993302703477;0.0031522367301198835
-0.00275609163283395;0.00231624572117279;-0.003176181349501584;0.0011305279531518863
-0.002601300954435732;-4.892116579793689e-05;-0.0038159918357565095;-0.0010428179063712184
-0.0027225072238954606;-0.0027410378592012097;-0.004599564327982943;-0.002529929652984554
-0.0032059913521615938;-0.005031672728778827;-0.0054119779933352674;-0.0026781084444786
-0.00408770191756121;-0.0064658077490438995;-0.006498425310352851;-0.0013234146381218784
-0.0053570419204441964;-0.007011835421658477;-0.00811938887391607;0.0010937988356819754
-0.006950329565063467;-0.0069295185947143515;-0.010062932638703467;0.003688239079785914
-0.00872897107738246;-0.0064681626554959105;-0.01148802702608839;0.0054953859658243885
-0.010482253500994132;-0.005651070147486829;-0.011308559497267426;0.00587777260213389
-0.011987166290344386;-0.0043096172655585924;-0.008898927544556581;0.0047938860050835185
-0.013073959169499489;-0.002284321538600813;-0.004613283820065761;0.0027985280883212286
-0.013614602391044603;0.00040885141949797353;0.0002971048371092018;0.0007610489624206655
-0.013451779143737264;0.0035405278469722436;0.004356112051949629;-0.0005496157093526091
-0.01238940124216408;0.006707016683885596;0.006697539275091943;-0.0007831518336800735
-0.010315961430287315;0.00937918857523699;0.007530647663861897;-7.29001324978776e-05
-0.007382722019134075;0.010959309734281265;0.007921190491252752;0.0011549813251806602
-0.004089041294451681;0.010879687287000367;0.008965187801286136;0.0024926639078085887
-0.0011963684699268212;0.008754397616678865;0.010839159037829884;0.003769629184441464
0.0004976220154413257;0.004553643524977346;0.012412425821685261;0.005005464151401215
0.0004308034380723834;-0.0012472013692444537;0.01185674460735171;0.006113267378167517
-0.0015177219056232202;-0.00760360953423433;0.007988114327649346;0.006619575279697803
-0.004981113237608233;-0.01303780180028135;0.0014004588566702194;0.005750222285403102
-0.009231863058193472;-0.016092098663979464;-0.005546185145015369;0.002986833510093479
-0.013399764483103458;-0.01598873416644113;-0.009988458262837011;-0.001261172843406137
-0.01668049495430581;-0.013065909131747912;-0.010183351066739945;-0.005499316871599928
-0.018494681029492307;-0.008602417407423943;-0.006350520309246398;-0.007852351257103532
-0.018590022727924448;-0.004141082171868499;-0.0002801969589770851;-0.007253999050223481
-0.017061706264798488;-0.0008360238634840243;0.0058078065977580666;-0.004236665987180534
-0.01427967413290593;0.0007871496277763414;0.010276900362055794;-0.0006720253570611735
-0.010761663329616845;0.0007231603883301564;0.012409904391998504;0.0013925645041045964
-0.007037183785833881;-0.0006823865311389645;0.012140222539333946;0.0009871790364073471
-0.0035127968352003966;-0.002821943716894486;0.009630503873173395;-0.001292564425564184
-0.00036035474121274983;-0.004898691239123016;0.005098711786134532;-0.0038507695346051835
0.002501286828078682;-0.00608723507246835;-0.0010128087909748354;-0.005264482388808823
0.005282872901188945;-0.005807651677391018;-0.007718776560055506;-0.005218691378682942
0.008120260789432765;-0.0040272000335098024;-0.013368412302278474;-0.0045394644965746234
0.010922747326170587;-0.0013931011821345213;-0.016035566243016615;-0.004319916309819842
0.013360992095587696;0.0010035299996779662;-0.014431205945545455;-0.004837955878073971
0.014971920126909751;0.002209837585926736;-0.008810839737751998;-0.005178344695451095
0.015301125687003174;0.0019921393982848053;-0.0010797268571524185;-0.003963138691243096
0.014037573445530985;0.0009737875518869131;0.006174073295959895;-0.0006869423579381311
0.011143370508998645;0.00018498940969942932;0.011022611452940223;0.003453536062644643
0.006949560186616025;0.0003470476399709282;0.01290282143938999;0.00607327756392885
0.0021212731682087958;0.0014440341462309857;0.012382731837262162;0.005238767033375376
-0.0025597537636301163;0.0028889013729877107;0.010524329083766406;0.0010330997604863232
-0.006482426448904344;0.004059217107752198;0.008403103549007534;-0.00419600306518653
-0.009364014530942853;0.0046836576035736745;0.006817445916845564;-0.007206654738828018
-0.011195986074350973;0.004804045132978958;0.006010178984892035;-0.005983686476739259
-0.012076612016720195;0.004507109464834096;0.005503209301659741;-0.0011821858679974093
-0.012075892517055067;0.0037805740241569374;0.004320438423218978;0.004127145235889656
-0.011191004347175695;0.0025993435665451225;0.0015841251536697965;0.006343459096908982
-0.009369152254549302;0.0010680163303644595;-0.0029260462501084546;0.00371526573174704
-0.00656843683158466;-0.0005453372356627973;-0.008632136625569102;-0.0023225372742557413
-0.0028430452341922327;-0.0018699202532525378;-0.014373929224604483;-0.00783969220234588
0.0015772682643545336;-0.002526931558302756;-0.018655205205408604;-0.008847529064526944
0.006262906555899677;-0.0022775821757029966;-0.01988179161058178;-0.003977855366538987
0.010642634719437072;-0.0011916350149969212;-0.0168932808158246;0.004381956078175346
0.01412892208026202;0.00034683241491938427;-0.009783217755278866;0.011332210992141475
0.01626927623869706;0.0018853628528751286;-0.0003630208058952661;0.012376125771440188
0.016868388732095785;0.003151044961298648;0.008373682664899062;0.00621375645885564
0.016026616444094737;0.003977750354568593;0.013648748843413947;-0.004335285115371324
0.014077555723912637;0.004024605698539685;0.01431127181012253;-0.01385977269353219
0.011458957203724567;0.002784657240080872;0.011377707531473845;-0.017344973416656837
0.008577588705032797;8.423623565567199e-05;0.0073049257549632676;-0.012765568933669817
0.005729190608691354;-0.003414741109636289;0.004326169557665709;-0.0018636443551599258
0.0031048932333331584;-0.006351396290626315;0.0029189251206544467;0.011015156893944066
0.0008476408303808683;-0.007444516533024225;0.0016609617244663032;0.02104307176089597
-0.0009190493328521095;-0.006250782244282459;-0.001220579789402625;0.02478493847111535
-0.0021155803264211862;-0.0033001552202121605;-0.005862683984639321;0.021165611888769108
-0.002734966664125628;0.0003644997785134924;-0.010188562232007372;0.011546184827373223
-0.0028344792181435943;0.0037614668095616883;-0.011389043898842228;-0.0007904708550356466
-0.0024951831559852015;0.00629139893041435;-0.00822066319622961;-0.011604586149157404
-0.0017619787178370474;0.007806219938834072;-0.0021372007959209157;-0.01711580336545359
-0.0005984841202209627;0.008562120788216753;0.003657796568407264;-0.015564517037136905
0.0010653093791451464;0.009070354826772315;0.006374678446150917;-0.00812823520969224
0.0031834733614152988;0.009785518184192892;0.005299881422002496;0.0015530970282989164
0.005482499194614515;0.01069811147854668;0.0018717141268288376;0.009195842574510026
0.00750420959453209;0.011082796726446398;-0.0015732585630779466;0.01203183950153915
0.008729069860476609;0.009675198224092447;-0.0032561796663073293;0.009999901510770263
0.008674660106617962;0.005338544544800728;-0.0026505893455469796;0.005289294482103989
0.007030578509830186;-0.002038615914242353;-0.00028782697245881376;0.0006466202449697086
0.003890301504578316;-0.010910112859076513;0.002766067380859034;-0.0023593218221682364
-0.00010035504953052815;-0.018210904646173382;0.005209803768093716;-0.003955638017444432
-0.003922755655423224;-0.020468015736841826;0.005592940705397897;-0.005344565055900179
-0.0066329469705361;-0.015516019136146787;0.002634207680684303;-0.007202977790841178
-0.007732253347908524;-0.0039222679368225944;-0.004010344711923903;-0.008769961483635774
-0.007224978352497068;0.010806223519050686;-0.01298370654489625;-0.008294903590050591
-0.0054573719795489;0.023529581678387833;-0.02127217094773019;-0.004505292543299571
-0.00296308701186632;0.02968297787175548;-0.025425475235504265;0.002078797791777508
-0.0003778151152747052;0.027236083735726085;-0.02341058340645583;0.009043482186381398
0.0016866186073012713;0.017427022712584898;-0.015911912628463264;0.013316055498861931
0.0028627342499214954;0.004009166678605184;-0.006083963811713238;0.012887216244949045
0.0032142371437510657;-0.008464137881001121;0.0022163005067306544;0.007904449834764309
0.0032142347173086503;-0.016394103936317985;0.006543552913422548;0.0005476720362414489
0.0034886791968936817;-0.01818045709061771;0.00684956959484186;-0.006092204140335737
0.004465790524788517;-0.014356799755382751;0.004770547493918234;-0.009418677327643449
0.00612001861102596;-0.007104268289781077;0.0020243462257293816;-0.008348808155050378
0.007948097175140348;0.0005176887500592109;-0.0006475592362679422;-0.0036314143546901843
0.00920311139524612;0.005534279858834446;-0.003233924945567435;0.002528623297461805
0.009259123074949593;0.006138931976506206;-0.005471300991739156;0.0073754251893390676
0.00788485638661053;0.002465588300806493;-0.006383890494826432;0.00874919532873988
0.0052840445670491835;-0.0035266387864148455;-0.004955147571678274;0.0060047170472914
0.0019486631409667654;-0.009121865062017596;-0.0012398009784759755;0.00019545644831054574
-0.0015270019451284493;-0.012215745848162474;0.003309602515682819;-0.00659519554383057
-0.004583897713381679;-0.012145661726168579;0.006736801211759823;-0.012274920206120674
-0.006797366831530848;-0.009613089225329576;0.0079200919102638;-0.015391981119274072
-0.007955310800678688;-0.0059724155359420624;0.007210080106182954;-0.015167869302091366
-0.008084304232361549;-0.0024850987325357446;0.005953973358307416;-0.01134013632718181
-0.00739309553496018;2.388014224722259e-05;0.005476092260403467;-0.004333991259954841
-0.006157393739974019;0.0011151823498340228;0.00637253196718008;0.004311636837811902
-0.004605202303084527;0.0006098415853656686;0.008453349985848546;0.011915575164841687
-0.002859054814389311;-0.0013767508654752866;0.011022094526584102;0.015543781224166575
-0.0009728917620249537;-0.004326826304228361;0.01308845366260854;0.013541969293044593
0.0009528490154952853;-0.007371887337691659;0.01350196834840364;0.006699253097622144
0.0026799672182158435;-0.00957038657743194;0.011275370530080717;-0.0019192160840253093
0.0038779131062517433;-0.010242001755969045;0.006160655583278636;-0.008534314259284194
0.004290689444971451;-0.009148822369490519;-0.0008988729848919992;-0.010639948268792632
0.00387581301890261;-0.006456379621550959;-0.007935853531984342;-0.008133815642040774
0.002798927474611366;-0.002568711292183407;-0.01281296336287157;-0.0029653382731278876
0.0013223463001147196;0.0020005551446984917;-0.014229608825988983;0.0022618060167676813
-0.000297266634202713;0.006627414496701937;-0.012166724439170688;0.005676270400713008
-0.0018492138072213208;0.010528060185868923;-0.007511308794759436;0.006696216283080932
-0.0031696458465445866;0.012863553455409018;-0.001302720281501106;0.005705937294097628
-0.004129682046207776;0.013086678851412663;0.005663557294486175;0.0034181269489193993
-0.004623075630798258;0.011320989835718335;0.012556847483107057;0.0005207087422901402
-0.004573127315045738;0.008409660636884224;0.01799740195871355;-0.002252701348729398
-0.003965051396081765;0.0055115365948417505;0.02009533539128706;-0.003974010511717108
-0.0028686178180646585;0.0035473476910950425;0.01735913116037835;-0.0037138091968681283
-0.001413982100407005;0.0029236872625595673;0.009898806544154677;-0.001119279799603641
0.0002612109316884774;0.003630101823482504;-9.797914312094536e-05;0.003045144822449377
0.0020392934920087564;0.0054265652261765085;-0.009166028871006114;0.00692851498014878
0.0038061222840911732;0.007865194233980861;-0.014210128539062379;0.008368895356229318
0.005431183392594261;0.01022616281156181;-0.013954122038363518;0.006047260707548135
0.006788433577479097;0.01162080008147631;-0.00934224080154587;0.00035147088904184974
0.00780480608616254;0.011327185746841793;-0.002787067970754774;-0.0065881688495207326
0.00847746326460167;0.009154504382532406;0.0031446864494354613;-0.011784395691902755
0.008827871739348094;0.0055859410943268455;0.00681533796883207;-0.012806125577349026
0.008834797467576275;0.001605937690080837;0.00790506862188242;-0.00903650397368315
0.008423702394549967;-0.0016976032052645493;0.00713351653402974;-0.002113226019394899
0.0075403152097233824;-0.003552866825179578;0.005602916789148457;0.004767485930907072
0.006247445538532442;-0.0037470084115606072;0.0040782682859373445;0.008435917262523197
0.0047479756251367815;-0.0026173311068981046;0.0025231587271973594;0.007442728322484768
0.0032978245033461833;-0.000862767978200496;0.00018691059613721057;0.002902945871276984
0.002076659399309353;0.0006984656276273575;-0.0037136177594602705;-0.0020933827806848184
0.0011242275514310384;0.0013537741128486936;-0.009125072353565428;-0.004267974202552751
0.0003819010423414836;0.0007052715140851843;-0.014751207376834654;-0.002107530723015921
-0.00021886749117801127;-0.0011431153179429358;-0.01849145387823805;0.003229687447630198
-0.0006962015709827629;-0.003513253952358183;-0.01853622164208453;0.008609758326228172
-0.0009978765655797044;-0.0053257364055114284;-0.014475883425761782;0.010729345977438853
-0.0009973360139183087;-0.0055276226391083386;-0.0076907363267845145;0.007892046227588186
-0.0005155120294538183;-0.0035837878290300115;-0.000662845462537406;0.0007803580816422027
0.0005979936360533728;0.00023799639384769865;0.004427701048902458;-0.0080226210631949
0.002344340348107072;0.0049424776935734155;0.006871582916569371;-0.015290015448347684
0.004498673682497074;0.009199797024910155;0.0075140166868000804;-0.018437301752421403
0.006633361790102878;0.011849618380187098;0.007748414689977057;-0.016323235828187177
0.008208520739933849;0.012244125231990045;0.008330206121989812;-0.009515029460413861
0.008667871977710219;0.010267426514511109;0.009008773643591967;-0.0002003329094835264
0.007540003279542458;0.006133138174642597;0.00910638082406695;0.008261151516751893
0.0045818476870428644;0.0002494655887955404;0.008284236351942125;0.012371543403257131
-7.480324099144141e-05;-0.006658252688182957;0.0067615494608991265;0.010055879889496753
-0.005896584732919516;-0.013304639738622564;0.004974584382231393;0.0020345450423386634
-0.012096455758648329;-0.017891639476838028;0.003117819572746152;-0.008000571602223826
-0.017850900416674254;-0.018754619273311065;0.0008906210342176515;-0.014882905152809487
-0.022449941090979836;-0.015366462917824454;-0.0023917812747078276;-0.014591294749249728
-0.02536953794975881;-0.00892829638310476;-0.007214575748760804;-0.006621478672798113
-0.026327598406059586;-0.0019368045468274875;-0.013039709335030009;0.005356512122679354
-0.025319137019041454;0.00303954881240331;-0.017964246087257652;0.015225366864020009
-0.02258605786165986;0.004498327801028024;-0.019482051191724754;0.017806080414497532
-0.0185403732897967;0.002396865028503822;-0.016085322591620786;0.011965284348373479
-0.013695053385406069;-0.0021698458203999174;-0.008514880064403372;0.001413915219926085
-0.008606251930536062;-0.0076049903251289965;0.0004868723522309054;-0.007500075807310813
-0.003805851974966971;-0.01241705409802958;0.00782004323149907;-0.009712489938183265
0.00025634084075969096;-0.015590107430504799;0.01168695502924477;-0.0045472095686539616
0.00323272882015543;-0.01661971104697031;0.012010825090394112;0.004035944251315486
0.004883697382965168;-0.015334029703332338;0.009695274720524423;0.010172077254460987
0.005116722621743521;-0.011818773409969207;0.0057502355272526584;0.009932681179244875
0.004058435987158841;-0.0066194270608265415;0.0010103049168131326;0.003722999196285471
0.002086759906655529;-0.0009362736650291401;-0.0036441780085413166;-0.004236053617652049
-0.0002671402109485265;0.003670074784924517;-0.007065687328969214;-0.008778360115742411
-0.002543595393445107;0.006073748441410942;-0.008037315856276199;-0.006995866373833827
-0.004556832767513128;0.006237426402703852;-0.0059535336674163735;0.00019268254454016232
-0.006405807603169853;0.005106056683000876;-0.0015285858811320595;0.008825499079485257
-0.008291105874003753;0.003848752694725125;0.0032210734487734156;0.01430415976686145
-0.010301315339495578;0.00313675904212183;0.0060278846196601754;0.0138967602134758
-0.012315422078076928;0.0029850496234029855;0.005800900903978676;0.007975866903665247
-0.014039157154828747;0.0030815140142424506;0.003296465336747843;-0.00047474036892523777
-0.015117212920870019;0.0031514152296982776;0.0004933069563541056;-0.007545735282006172
-0.01526173390237968;0.003050413676151164;-0.0007825967874979338;-0.010272095763177893
-0.014349014898099264;0.002671084896616543;8.925276058009499e-05;-0.007863469517521619
-0.012454804792348827;0.0019174212806946011;0.002448305999909789;-0.0019032749605546635
-0.009832494954802255;0.0008121543639095403;0.005056457778138057;0.004511988680505036
-0.0068524087626384445;-0.00043580583290168587;0.00687660008445982;0.008361021091035861
-0.003905895165203565;-0.0015370098631862787;0.007406516057633787;0.008264230775187696
-0.0012865556947258031;-0.002300455067952439;0.006596305135151123;0.005116669388720739
0.000895564108779296;-0.002690096790146032;0.004687977637664582;0.0013390386785884036
0.0027056076861070692;-0.0027130423933156966;0.002167884181188544;-0.0007852669444042534
0.004293096601197294;-0.002282663684337541;-0.0002739370280368839;-0.0005556653681923503
0.005800322820876025;-0.0012237297354694384;-0.0019579998485957702;0.0009004432496433109
0.007320846541900684;0.0005375539261062598;-0.0025763115501195146;0.0017009777658246357
0.008868640323831136;0.002700007007063093;-0.0024022531034008144;0.0007665016387283408
0.010308082272199854;0.004430005808165963;-0.00203540379559258;-0.0013257736613073402
0.01129631055118312;0.0045369615736317375;-0.0017474110041136243;-0.0028490546849063493
0.011353810029114031;0.0020455201578731975;-0.0009921135897853221;-0.002396355322021902
0.010083318736015624;-0.0030972831136017913;0.001278818746289707;-0.00013095011691395862
0.007404619442404385;-0.00967817406164316;0.005466728184011954;0.002211421167310961
0.0036606287297496058;-0.015576944443597989;0.010229462341138628;0.002584018703577746
-0.000427386332883486;-0.018675821803283987;0.012642778240772132;0.00014220166787364555
-0.003907676019558165;-0.017769809194017546;0.00997215913324393;-0.004152144994274649
-0.005830293563388569;-0.012988726444164819;0.001928100856806595;-0.008185574481754701
-0.005529901932867324;-0.005652973003014078;-0.008455377993659271;-0.009977911180495716
-0.002838979257221004;0.0022033155499410722;-0.016301645499439108;-0.008664782337022194
0.0018906802142078514;0.008435220142876286;-0.017853252933443982;-0.004722431028870687
0.007948441274709225;0.011438592154595677;-0.012806490373986583;0.0003916372457140252
0.014477609723329435;0.01072963013346733;-0.004368037703922893;0.00481161442269611
0.02062519778764245;0.007200814754704094;0.002923830669362062;0.006870195799814238
0.02562409286457983;0.0028034262873309424;0.006030243033600815;0.005697787309023356
0.02887237365970237;-0.00036533441775918514;0.005014703929691022;0.0016470835676277104
0.030018385492799265;-0.001182170242075539;0.002550112575451488;-0.0037637846087453077
0.028982574630874763;-0.00012579413332181565;0.0018966147494439997;-0.008517064130776826
0.025907728849590334;0.001080791520905336;0.004726660984551308;-0.011061000130748174
0.02114050625194522;0.0006213788995265918;0.01004465528879804;-0.010995360303308756
0.015280454215585916;-0.0022253308802267853;0.014769102755430683;-0.009082051361325139
0.009160825052997635;-0.006594457309070388;0.015672005886767627;-0.006652487985359785
0.003657624884094685;-0.010490356313524263;0.011520765677933401;-0.004819674794747476
-0.0005461332657644158;-0.011879836526575266;0.003966849342076799;-0.0039189516053669445
-0.003046637700157672;-0.009778499558534989;-0.0035189322591337654;-0.0034187336490989328
-0.003675264278265077;-0.004732495210759434;-0.00793944713907975;-0.0023212145639892818
-0.002498544295584102;0.0015134446194429777;-0.008631238920245254;0.0001370175170093766
0.00010606322555615102;0.006911757004112511;-0.007375400340286819;0.003846291493550196
0.003454991026631968;0.010076903473459372;-0.006787295317511878;0.007654741936451463
0.006733041265804967;0.010860433641743087;-0.00829185393549684;0.009881652666983175
0.009237251989359076;0.010288817127290637;-0.01120592635333239;0.009305762221449338
0.010558816036971267;0.009910019997724043;-0.013476876091441522;0.006029944091908581
0.010662113706319384;0.01089682683584523;-0.01332138306192346;0.0015998342979079072
0.009847908760546458;0.013412058086176048;-0.010435255859869916;-0.0017941055008320033
0.008584340101710046;0.01659812873352244;-0.005974191282000431;-0.002560150197040073
0.007268103764833001;0.019157505123196177;-0.0015559109330173621;-0.0005954922158718135
0.006059348429407069;0.02010829083992453;0.0018215139860925584;0.0027228196938054207
0.004879675518378405;0.01921679351431056;0.004201006516254065;0.00538624926530415
0.0035317808959662187;0.0169019687379692;0.006286237798992526;0.005891902890988352
0.0018447923727819638;0.01383369691117212;0.00864408417837144;0.004023675735655692
-0.00021873337008769246;0.010621328450682525;0.011048287384457078;0.0008962905054512026
-0.0025304326404376916;0.007767123496072307;0.012369255615606709;-0.0017108000079303963
-0.0048571379774335725;0.005718915980771506;0.011111025062163922;-0.0023544996829280547
-0.006974734442834643;0.004789097997610318;0.006366719347801451;-0.0007284116569244202
-0.00873569026940367;0.004952619576799964;-0.0013239861366987399;0.002171841146158982
-0.010033197277191598;0.005755195499120557;-0.009806815748236084;0.004606933599098159
-0.010725722653311199;0.00649144118860787;-0.01611904648729975;0.005057266789071493
-0.010638111113840361;0.006560702361450422;-0.017944625085901608;0.00305301311443413
-0.009670361624616328;0.005745395565609207;-0.014848627092975528;-0.0005835226593484571
-0.007926624785000789;0.00421787335379056;-0.008429331118852563;-0.0042091319737499085
-0.005751843551126084;0.002313820630581552;-0.0012492026832288962;-0.0062651543911594835
-0.003636503698133849;0.00031426405098711164;0.004660510791681527;-0.006077268703822941
-0.002045075642136918;-0.001564237468470341;0.0085991554355943;-0.00407641409677413
-0.0012746084323697986;-0.0030451338842350734;0.010805280495973997;-0.0013580961107160722
-0.0014174684624359533;-0.0037960449922804914;0.011445363357873297;0.001042876795873708
-0.002401133814882858;-0.0036655837469331915;0.010071645204249904;0.0026162038933130387
-0.004011358338380393;-0.0029160027996027534;0.006102108762134694;0.0033058705768065724
-0.005865694124355863;-0.0021323305926053506;-0.0001910254171753951;0.003115111936322162
-0.007422738903224576;-0.0018127302084558266;-0.007249609266304967;0.001862705926312108
-0.008122222610018834;-0.0020117710030236814;-0.012917811760654834;-0.0006137581195273721
-0.007624501851334917;-0.002395940817765924;-0.015735581042869273;-0.003973419669572675
-0.0060071938232539816;-0.00269356751609862;-0.015712100528613094;-0.0070915015799524585
-0.003797934198467392;-0.0031501590378940555;-0.013918352927884093;-0.008356548807683259
-0.001827658703317477;-0.0045495604558672305;-0.011338025490351115;-0.006481295817024483
-0.0009741388068553989;-0.007675355683604247;-0.008080663411633902;-0.0013565704380508062
-0.0018911145680989543;-0.0125568094083055;-0.0036529170508781484;0.005604927404147466
-0.00479946728697607;-0.01809611372073523;0.0020537420679648502;0.011916989096658193
-0.009381217190483534;-0.022432672228950786;0.008025920219273536;0.015102602771802205
-0.014794399661394427;-0.02382619706917842;0.012306719759845567;0.013880807937686623
-0.019828375076653706;-0.021454776236457983;0.012981617822453783;0.008813054617411165
-0.02321103567882036;-0.015668554585535455;0.00934410175856362;0.0020101622979733272
-0.02401051609276128;-0.007723371263859687;0.002575530224779726;-0.003966851208059821
-0.021966478384086663;0.0006469100376241675;-0.004459948541645844;-0.007366713968308156
-0.01756341291599525;0.0075591129755104135;-0.008314489805896849;-0.00792023060262941
-0.011799689289065555;0.011290530420890954;-0.006554581369832565;-0.006602770673929697
-0.0058021524470003565;0.010769781524156188;0.0008528755063682554;-0.004790579768159176
-0.0005023347058219526;0.006151973214395235;0.011169846129340265;-0.003455543945747666
0.0035116522149738548;-0.0009709493082246959;0.019984283112809493;-0.002889178817606152
0.006001827608144721;-0.008081059937946203;0.02336614173285846;-0.002963843445018757
0.007043795695704391;-0.012798203620167047;0.019834318039050374;-0.003511098497661502
0.006990079217721948;-0.013881620249753266;0.010928727344675768;-0.004380893615378014
0.006383877916299044;-0.011585161879939854;0.000210140330029636;-0.0051639234922437405
0.005770416367254076;-0.00723682598392022;-0.008458191812729476;-0.004998469168147848
0.005459375717230967;-0.002427904919328553;-0.012367856204368161;-0.002875780856193775
0.005376503002436109;0.0016289289517720492;-0.01074052332808506;0.0016020266259865322
0.0050968938415489485;0.004298329761485153;-0.004826083031612581;0.007532367375959171
0.004037717975218524;0.005415256577469981;0.0026294161311776277;0.012687992167660277
0.0017205979334815836;0.005126156905692221;0.008462384923913486;0.014377388333834895
-0.001999469185323961;0.00377110854591966;0.010376897160455882;0.01085474019675325
-0.006839181522433148;0.001789558025355891;0.007850458441428535;0.0025637158939112023
-0.012174201764280428;-0.00034240953824868565;0.0021722213275947237;-0.007532943872595123
-0.01724246959920765;-0.0021495558419778586;-0.004368058732098008;-0.014955610228988009
-0.021332120157184498;-0.0032392464089599274;-0.009575648509102336;-0.015820400554304073
-0.023889679148003908;-0.0034510491890232505;-0.012100081093628647;-0.009106468752677623
-0.024584317402747396;-0.0029589653059900853;-0.011623693942416599;0.002260610591418426
-0.023358852731157242;-0.0021790312011581133;-0.008641159447199953;0.01244975795331977
-0.02042452069998877;-0.0014999590931395468;-0.004056313039877606;0.01568499497877357
-0.0161553952879459;-0.001057005487621952;0.0011568722180512292;0.009638754932907513
-0.010931304256852544;-0.0007518949052385863;0.006018196825635917;-0.0028007920977896196
-0.0050458694821799025;-0.0004513681523011729;0.009440092095784766;-0.014729541483306182
0.0012486836912496203;-9.673636457531005e-05;0.010377614569816276;-0.01897006612837792
0.007608752906349296;0.00038522689380373807;0.008377802290402735;-0.012251504765763852
0.013516534356335395;0.0011678011742351777;0.004064889104304316;0.0026861672162498194
0.018356928271814118;0.0023804186609750677;-0.0010139932496454243;0.018402987135203996
0.021628628298161222;0.003806670646900632;-0.005174403417915914;0.02679503340035855
0.02314179676737086;0.004721331169202621;-0.007429087802774369;0.02351626762746368
0.023066815736876186;0.004084256316232044;-0.007803121501145711;0.010223221058140731
0.021825389639989895;0.0010626173525130128;-0.007021931060646296;-0.006525547385911716
0.01991738846310528;-0.0043685729661564615;-0.005910825108294442;-0.018833613731283123
0.01777095799839909;-0.011109740419879693;-0.004969574095035586;-0.021357104669228185
0.015649739114446188;-0.017178095879672898;-0.0043304081044733085;-0.01358325292111493
0.013628334660394006;-0.020463937861871704;-0.003890207076657343;0.00030797933510158125
0.011638173129385159;-0.019621416223519116;-0.003289351532109396;0.013629842879960802
0.009557867667550426;-0.014644733176396346;-0.0018147165738196937;0.02031407728095448
0.0073057953537087284;-0.006902285605391939;0.0013009425885576284;0.017621743342585556
0.004903691151470196;0.0013288753919689024;0.006047954949679838;0.007289772969767289
0.0024928323667365326;0.00764186309471908;0.010961883642646195;-0.0054283777773277446
0.00031284270245098244;0.010349581793163904;0.013523550293150026;-0.014467320274261857
-0.0013040577276384607;0.009130765011763527;0.011712068285179032;-0.016110102992070142
-0.0019076788259884355;0.005223962052599813;0.005575861362457823;-0.010855121578597044
-0.000977670970752556;0.001018601747999602;-0.002595740529268749;-0.002788329620229716
0.001845880386898308;-0.0009585574001206806;-0.009769746826557449;0.003196811514867061
0.00643062390826099;0.0006134907788934613;-0.01405443350787372;0.004453520585727243
0.01195470247343297;0.004848877115924313;-0.015336038698576597;0.0018323550386900192
0.017005723031606794;0.008794363028617082;-0.014295861417692181;-0.001541754254493836
0.019962603550808835;0.008948061935406976;-0.011084685024625153;-0.002793069227059367
0.01953832480223617;0.0034056640096067317;-0.00526836830684743;-0.0011744552519975802
0.015292524109551212;-0.006698849473596305;0.002766912965107691;0.0018531548378262575
0.007878477132137856;-0.017424196876430813;0.010546306165129951;0.004007044734152549
-0.0011218193498622254;-0.023850404762979772;0.014184210585750028;0.003790428716408381
-0.009690732386789871;-0.022465525685438987;0.011030776066772916;0.0012674304032197926
-0.015936213059073633;-0.012784942724607895;0.0021673293820110295;-0.0022199257571047294
-0.01850966768234276;0.0025907793218877782;-0.007681607703983868;-0.004919680726587867
-0.016860208669234353;0.019281448889360408;-0.013198687900184847;-0.005497150861328982
-0.01138547756201311;0.032854073441721046;-0.012215539995688598;-0.003488230016656393
-0.0034239280154292275;0.04010572977727833;-0.007076774647969488;0.0005931749301521692
0.005053354467029835;0.03972045488886288;-0.0024455910768293957;0.005355993928873584
0.0120422786844126;0.032531454208347035;-0.0013777011092753733;0.008864304254335388
0.01613449613339881;0.021353487201124996;-0.0029664874637179536;0.009332921513255977
0.01685859383433667;0.010059206622268968;-0.0034556749446842464;0.006064969322225255
0.01462345393335283;0.0019746170103591954;0.0002836841504580095;7.751079641567684e-05
0.010397732358670373;-0.0015873686603849633;0.007897538810213264;-0.006187512027048265
0.005335808859304613;-0.0016843102677549042;0.015558079005782401;-0.010092647449172445
0.00047854895403917375;-0.0007387743137368777;0.018631112774548663;-0.010249929017779751
-0.0034434665124231365;-0.000878615929035037;0.014809187539851209;-0.007224822142763516
-0.006104159023322698;-0.002740785314921218;0.005450312924071142;-0.003049885875585366
-0.007558437826175392;-0.005426880886058254;-0.005527723112263302;7.8530481933229e-05
-0.008105971984043529;-0.0074312326656213535;-0.014029907880627064;0.0010434856103198466
-0.008107250569064348;-0.007758149809559085;-0.01766154018336402;0.00024445140918186035
-0.007843862393408597;-0.006481446656042415;-0.016141960082514034;-0.0009251530958409148
-0.007471543415141577;-0.004505180272785064;-0.010589620655159775;-0.0011087898714526234
-0.007048679177124949;-0.0028378834041669367;-0.0026453650317667327;0.00016013718699594241
-0.006591311924469613;-0.0019495737361714335;0.005938457260259289;0.002256126038242618
-0.006112126685387901;-0.0016155387307475594;0.01335028526361377;0.003936861943468545
-0.005625537896104207;-0.001231909299530684;0.017886206423387015;0.004145938118941026
-0.005131064191627833;-0.00028003330001723735;0.018451355425020896;0.002669822493161545
-0.004603465243436271;0.0013661304025241576;0.015124049318673992;0.00030055836370681497
-0.004004603625750237;0.0033854222937508087;0.009304033817638458;-0.0015841430570723203
-0.0033070949087450913;0.005149721367701811;0.003207054750706439;-0.0018201341830350688
-0.0025131482711529024;0.00597236232954501;-0.0010826765826842594;-0.0002033908699987665
-0.0016605610946720279;0.005385910556475749;-0.002488715529277888;0.002280984365057479
-0.0008154035274761602;0.0033600960931451933;-0.0012823805100158651;0.003959700770422093
-5.939652713620468e-05;0.00037643160458015773;0.0012375398601335212;0.0034691520884956918
0.0005145858684985849;-0.0026772882788082594;0.0034678607138714005;0.0006542343678571967
0.0008000430532961187;-0.004778818817809943;0.004205387148536587;-0.003224723004086996
0.0006898935848931155;-0.005152339292663453;0.0030361344891547378;-0.006152345004543885
0.00011845211579065239;-0.00362173410585373;0.0003667172765336105;-0.006501071923481485
-0.0008899721932842325;-0.0007329514423062443;-0.0027880499923313125;-0.003960153751563798
-0.002204471577934732;0.0024691250731376582;-0.005161101485345215;0.0002956133670416605
-0.0036179057098178285;0.004894865746043202;-0.005687456859953109;0.0042544112223026264
-0.004902367081626023;0.005832956673503378;-0.003957907853138254;0.006110909134312513
-0.005853642054049873;0.0051461801389420326;-0.00046073716002443827;0.005110894706307948
-0.0063091761075957575;0.003217302491046981;0.003572254290360043;0.0017957047611960213
-0.0061558955950521315;0.0007398646819328794;0.006676640610453712;-0.0023701161913442107
-0.005348776820974778;-0.0015351099943053002;0.007751886581194155;-0.005688809613711351
-0.0039356185525862555;-0.003017851013427109;0.0064327535770778085;-0.006867404092080631
-0.002063925126642596;-0.0034186389982972963;0.0031009276721543594;-0.005393494933937566
4.665725517352548e-05;-0.00279090181093179;-0.0013543596831196564;-0.001648355343647727
0.0021579174491930956;-0.001482924073795586;-0.005804917697175377;0.003170849861867197
0.004062202994210531;-7.32861921705279e-07;-0.009067142992118618;0.007325729346530371
0.005602783099308112;0.0012003982602840273;-0.01008735136556295;0.00907062112155556
0.006676891528067359;0.0019105246217459482;-0.0082587630855738;0.007389481400249212
0.007249590899524355;0.0022211246685431597;-0.0037917165349900805;0.002632958439808409
0.007372229548775834;0.0024058238886483486;0.0021665356522707806;-0.0033833136704177038
0.007165297546840702;0.0027221501410100795;0.007889166815730568;-0.008063465293962202
0.006752578052752567;0.0032529213343606206;0.01177593288558711;-0.009267476630035167
0.006192456347508892;0.0038369571628742364;0.012999499029366174;-0.006449867836841427
0.005468184692653516;0.004111059749972751;0.011713539689387768;-0.001028466558113246
0.0045524796353091515;0.0036938669757854634;0.008723878090081886;0.004282435272815856
0.0034988372776109324;0.0024722461853110512;0.004872097335535562;0.006855674948495687
0.002485980619792784;0.0008096168270410874;0.0005792324155849078;0.0055139439411608605
0.0017723634037347293;-0.0005496615969909491;-0.00413255018246246;0.0011295125091327321
0.0015798993028753583;-0.0009252872809440684;-0.009198391931266113;-0.0038483035214832368
0.001972917497186797;-0.00022414198351734856;-0.014027220330471137;-0.006632473361800463
0.0028024708516929723;0.000889370862280386;-0.017405052244415683;-0.005419775785853799
0.0037526297623772203;0.0013793944793835265;-0.01797436396093626;-0.0002132961234137575
0.004470876366590238;0.0005207899617796067;-0.015053800646556072;0.007054254544058633
0.0047182774566169395;-0.001638117942159255;-0.009241134055292486;0.013066016694365362
0.004471475870219752;-0.004353145654717419;-0.0023649989625755753;0.014314407266361
0.003934242237121917;-0.006688962070045635;0.0031818118137085733;0.008803156652237907
0.00343150379251674;-0.00802949462630377;0.005407855356573348;-0.0023838254973955818
0.0031988803918287212;-0.008208726704800141;0.003676621122214832;-0.014745300734189434
0.0031878484502196338;-0.007255078520582662;-0.0007739847058453629;-0.022011469828904857
0.00305967304090574;-0.005145715315020815;-0.0052921993580655755;-0.019334180865862034
0.0023987925093040987;-0.00192999806509354;-0.007275488876739179;-0.006369973926650404
0.0009729232469452327;0.0019073324385138154;-0.005695880758394295;0.011680731553241721
-0.0011402351475798607;0.005329403361836827;-0.0015213561180259924;0.026067126294208435
-0.0035822209998257965;0.007146500810079284;0.0031794760606749604;0.028790936981338944
-0.005837563308424139;0.006671661460273334;0.006521454796936683;0.017046819845540646
-0.007412454226755922;0.004111324723406388;0.007426653467557521;-0.004677491304614483
-0.008007652614563154;0.0003978831600190868;0.0055005013924005;-0.026273703020294456
-0.007579840196246157;-0.003384339332017376;0.0009133929197335497;-0.03693593346624096
-0.006260243308350506;-0.006557335686997169;-0.005325898384784575;-0.03087459977683807
-0.004240336053190502;-0.00902371510435471;-0.011289556859896114;-0.010613872271448534
-0.0017442279694212916;-0.010966560422505897;-0.014852225082128315;0.014160215854449362
0.0009253130195940193;-0.012325754720559079;-0.014801565437532504;0.03166449504162912
0.0033755765856465394;-0.01253689007400665;-0.011358168992863203;0.034129635164612135
0.00521746848056684;-0.010889959401513513;-0.005756028451104261;0.021525697388669638
0.006223875810694318;-0.007286006627536626;0.0005755050232749536;0.0010063002236414343
0.006432856295016844;-0.0026514882776757696;0.006537997623358789;-0.01725979848283372
0.006099306783520512;0.0014839087282727341;0.011373476610821824;-0.02530988166615502
0.005516993949235526;0.003882435868231237;0.014399968315227572;-0.02090831259005625
0.004835841341946604;0.004136480336535888;0.01489647526243616;-0.007882785353213288
0.003999363795411008;0.0024833120632404195;0.012406213313565322;0.0064484877671248065
0.0028450557682256398;-0.0006892357482879151;0.007274152966315442;0.01516429732541274
0.0012986009439838692;-0.005034870881776308;0.0008386931775879998;0.014960238178481928
-0.0004940037989367263;-0.010029140341633236;-0.005132484512630107;0.007266191948692321
-0.002216018433864203;-0.014752824389466906;-0.009462752954494181;-0.0030415461091957475
-0.003558190477294114;-0.018044304474459646;-0.012195496433507532;-0.010478460239252618
-0.004353767322608815;-0.018924443506700812;-0.014219730539092394;-0.011813634822681256
-0.004591619320145049;-0.01693938410156097;-0.016149644955704562;-0.00749141747440655
-0.004392519270399982;-0.012254022567618312;-0.017415130872141596;-0.0009149317121509808
-0.004032744796121272;-0.005613847926439738;-0.01638150829488826;0.003936615735977024
-0.003966857080060606;0.001684377240655187;-0.011463778964333841;0.005090950220628183
-0.004750856203516545;0.007870244921717279;-0.0023978777953954995;0.003719566191016623
-0.00684933805254391;0.011043419712651352;0.009253622748795669;0.0030512695712703857
-0.010400896824670623;0.009917877422236964;0.020653074190500248;0.0057488898291692386
-0.015052435568767605;0.004720356602086139;0.02884978730473209;0.011551733116627251
-0.019976034626214008;-0.0024173467821255665;0.031839609678430705;0.016948544448078213
-0.024115270613023283;-0.008149192023705282;0.029070336699831993;0.01735305008000923
-0.026557460410544007;-0.009503372793906013;0.021399511912636768;0.010455931355926264
-0.026836664690459366;-0.005375512313397016;0.010795919331817163;-0.0016221485693807352
-0.025047522035074744;0.0030486764589634802;-1.6091921937094432e-05;-0.013111895690559662
-0.0217704719341179;0.01303491738029876;-0.008077042727213863;-0.017992753243450146
-0.017848819929977822;0.02148685051771051;-0.011060329670393188;-0.013751849866970717
-0.014088852593454456;0.02589818055196069;-0.008311902913150496;-0.002988098657482942
-0.011014267602738803;0.024950884595148774;-0.0014458309565742154;0.008100640112698305
-0.008775796716183676;0.01886290345643302;0.006109714868714966;0.013266981943603904
-0.0071902913058667075;0.009369803619597257;0.010637386472337909;0.009626942295908731
-0.005831591592347034;-0.0008328834426073336;0.009990943565637107;-0.0009358326993955235
-0.004158572468141241;-0.009034429806184165;0.004691263934123782;-0.0129886478390654
-0.0016957184712028312;-0.013396953475950777;-0.0024752906063037865;-0.02054315930271255
0.001778127551613568;-0.013421438138263065;-0.008148050076631965;-0.020078954119787835
0.006117679841780238;-0.009924418562656565;-0.010311585033669262;-0.012017379519621002
0.010816922507415333;-0.004639991398353134;-0.009257737160444075;-0.0001253042551482937
0.015110662012293132;0.0004457485978847007;-0.00703687906010839;0.010505167758863745
0.018135621441748576;0.0038846655254687196;-0.005791999804179663;0.01572825815745159
0.01913403625545696;0.005344380389515499;-0.006110629377346377;0.013902299197246228
0.017682070821896177;0.005570842805062211;-0.0065716983058314;0.006280188501497847
0.013882324660793853;0.005682836064860691;-0.00484070288434306;-0.0037618172691993848
0.008413626529355598;0.006288958366115596;0.00047271006209820206;-0.012276085428857561
0.0023585431041162567;0.007094969855033435;0.00852810957594666;-0.01639448715962882
-0.0031482500909609337;0.0072580418400291224;0.016425661186798744;-0.015335243336499733
-0.0072801675817340625;0.006132708582328447;0.020715614219926053;-0.010361576215601723
-0.009705845447090156;0.003802687958669808;0.019319174887753737;-0.0038810433566296297
-0.010542552962888248;0.0010625080622825472;0.012752016249565415;0.001711558852202532
-0.010159080000698026;-0.0010281494813734332;0.003950334501581794;0.00489528948036711
-0.008959862835859473;-0.0016661543540452215;-0.0032533528323826504;0.005375191215651402
-0.007233174496127919;-0.0006373036099517798;-0.006209376235993282;0.003970771969078773
-0.005093615559163745;0.001639905639511567;-0.004904171812852642;0.002138219202680501
-0.0025328666423381106;0.004358794637726186;-0.0018566215128994683;0.0012429806573843042
0.0004430856916101875;0.006734089119261251;-0.00041711181771568933;0.001844054378369224
0.0036794151185924047;0.008311849251943533;-0.0024981265156969116;0.0033890273647574146
0.006844086968617254;0.00897484081793789;-0.007239023858598954;0.004571648152635997
0.009527590665864083;0.008727048616158757;-0.011541785560691811;0.004171871403231861
0.011391988798341874;0.007526685147944792;-0.012141740265254948;0.0018453071759087373
0.012266010113341469;0.005300725737994737;-0.007791203048714438;-0.0016311484406574769
0.012145185345202073;0.0020386672625168243;-5.7291033281024676e-05;-0.004778798800336084
0.011136512833208927;-0.0021557193183312402;0.007740595312669167;-0.0062163247668383026
0.009412329690216707;-0.0070120019645924965;0.012590643747680496;-0.005353684682575255
0.007200740344580283;-0.011942656263145038;0.013350947397946109;-0.002584838897144571
0.004792683866084531;-0.01588768169055209;0.010834406527030065;0.0010841275593370609
0.002530354579392138;-0.017458228248929154;0.006665809979884071;0.004637010559808564
0.0007609104166103881;-0.015556969996472745;0.0020911992195037795;0.007393138637016648
-0.00022528962401752392;-0.01017540110439388;-0.0022534624707236323;0.008896438908309854
-0.00023850287097531872;-0.0027308187386042323;-0.005707272017272522;0.008637217987617933
0.000786244319799449;0.004431320383823619;-0.007120093910272601;0.006099547945998704
0.0027584633012376026;0.009089198101305478;-0.005405596397720599;0.0013025667520213235
0.00541300452327091;0.010085877975605728;-0.000783414288876266;-0.004592981331039493
0.0083784544045358;0.007685349653464968;0.004560693517287555;-0.009331361911306938
0.011347564299732726;0.0033146300365546164;0.007338472310394826;-0.010573798604996335
0.014218645789949861;-0.0010614497745551378;0.005144017684684172;-0.007348694719462155
0.017058665502596257;-0.003671677562780518;-0.0019014462623921306;-0.0008889354528106121
0.019909897771462053;-0.003596859279876504;-0.011074690526410491;0.005870936572453477
0.022607305875962408;-0.00119905843928471;-0.018526105980868412;0.009899555409399347
0.02472144070906549;0.00187517334289483;-0.02119589588850032;0.00972021845735675
0.025618405719999567;0.0032813012324313397;-0.017991246729095942;0.006045449084537234
0.02462119676254224;0.001082859645710929;-0.009832067738834894;0.0010871884346884424
0.021287114241069993;-0.005060338050653144;0.0010083314110803366;-0.002877014624384323
0.015708059496136427;-0.013294934299732972;0.011641944432854115;-0.004709541750023025
0.008603607312180357;-0.020080544974576117;0.01915216173051184;-0.00470447138879871
0.0010852822702381516;-0.02173426600808645;0.021222494909721973;-0.003961510700690388
-0.005727509185535752;-0.016274795132866293;0.01695386773345354;-0.003417723870091297
-0.010951552387856087;-0.004550080560014585;0.007540656135466683;-0.0032292268947796063
-0.013988068287265915;0.009999513437373743;-0.003837858324528148;-0.002845589876152277
-0.014553363659646462;0.022813315484301835;-0.013206525549682178;-0.001598323094405677
-0.01279341571777745;0.030128534018118817;-0.017556090404765703;0.000696568458767612
-0.009357827829931152;0.03039201999256045;-0.01613984340199362;0.003529303168463172
-0.0052700212724210785;0.024565459303703473;-0.010512526584462755;0.005917606377124941
-0.0016046516319659758;0.015347495582047292;-0.0033708650694628003;0.006825421908088748
0.0008583941452387421;0.005873249601667822;0.0029428757423011227;0.005570365967970817
0.001822632254304131;-0.0014149435212671218;0.007279806487379282;0.002158250912709575
0.0014239000757719936;-0.005334184574783703;0.009490591494940241;-0.0024995624257600556
3.626241732267081e-06;-0.0059844378409076235;0.009668175275384563;-0.006656118610295229
-0.00210477909096803;-0.00441929636864349;0.0076669242442991125;-0.008304055557754153
-0.0046043098997721205;-0.0020994603714133966;0.0033398291116409446;-0.006226233523658857
-0.007101013835579403;-0.00025728249708446306;-0.002843738864136921;-0.001012927233581453
-0.009022575570977258;0.0005639503772983064;-0.00953293577617246;0.004752752831247405
-0.00975936713104693;0.0004990241137644665;-0.014946951303991993;0.007612198297906732
-0.008961972802922632;-0.00012598433191411635;-0.017700946402099717;0.005253854344738178
-0.006765891021852837;-0.0013257692768860398;-0.01737185067053534;-0.0017524807774483711
-0.003775953693189086;-0.0034942231434404785;-0.014496988274992084;-0.009774825167912341
-0.0008284953732740056;-0.0068481160010456215;-0.010156142768859358;-0.013921543724745248
0.0013203126055709917;-0.01079416935202408;-0.005443031467520216;-0.010962325071108194
0.00223488275734545;-0.013894921659848713;-0.0010936953436355805;-0.0015824353756514913
0.0019098376938931037;-0.014592688790989954;0.002533174712980419;0.009641859194877592
0.0007473481662935073;-0.012157723362978955;0.005174999336010068;0.016790738525024926
-0.0006012415138667291;-0.007127147684857354;0.006476040112694618;0.016162555144151696
-0.0015071963981240857;-0.0009581019729602593;0.006233784828581401;0.008538298828121226
-0.0016334471194989744;0.00473191854405636;0.004857227532861692;-0.0013242630623795013
-0.0010438126206827366;0.008740207983337479;0.0033883550491712092;-0.007611463194425005
-0.00010318456653412122;0.010418928060736505;0.0028050901049157923;-0.0069404266629736885
0.000733202386219824;0.009585053590530098;0.0031629290143682753;-0.000303033032236483
0.0011113160020034235;0.006478154050232162;0.0034532152677101417;0.0076382986442339006
0.0008866506246483392;0.0017849364706980717;0.002417247314777743;0.011427715417358323
0.00014278089799069443;-0.0034328699717834986;-0.0003953881475195306;0.008156946092691877
-0.0008624654968138686;-0.007985650900000472;-0.004289211492106535;-0.0006862114247705443
-0.0017918014970764204;-0.010884935891512144;-0.00803584182244589;-0.009988159251260304
-0.0023366353677788574;-0.011618228947947428;-0.010729072360362612;-0.014044671194799626
-0.002325000224355822;-0.010295554878477631;-0.01206543565301791;-0.01013630449051367
-0.001798550531015722;-0.007616797243353495;-0.011986284593029101;-0.00045381171509515863
-0.0009965997324460536;-0.004600497197410544;-0.010266353242863574;0.008965036419029
-0.00022114447942741522;-0.0021253653014178847;-0.006559079939302178;0.011828393718943925
0.0003363766920323118;-0.0005539240208713432;-0.0009231277066227087;0.005582628400262696
0.0006714246859944743;0.000258367669419215;0.005589946471115829;-0.0067431784823661495
0.0008934768584217059;0.0006023330341780628;0.010923618367803832;-0.01812477501086397
0.0010865857971395305;0.0006138671304276924;0.012927785535052435;-0.02164172533898142
0.0012260972484028191;0.0003452291354261894;0.010691976794412998;-0.014535640406340842
0.0011930052683047593;2.9561122355826087e-05;0.005174718730235892;0.0002576506959997106
0.0008343155863001449;0.00012164658891390432;-0.0014935462017986645;0.015919294713295232
1.3475593617217395e-05;0.0009982965066122292;-0.007387325575917454;0.025609123277966096
-0.0013480062857787974;0.0026063336009835205;-0.011575028653882198;0.02592947165831365
-0.0032186585167381086;0.004402225538302294;-0.013788526481305763;0.018053053253266973
-0.005415279484953088;0.005674353425481131;-0.013661260446177716;0.006294000359283852
-0.007611720027256742;0.0060419925841422965;-0.01059558952557712;-0.004502708323292737
-0.009408365110860973;0.005763985975221281;-0.004536502990934731;-0.011043363294420403
-0.01044384038708884;0.005576727646306989;0.0031540685618567394;-0.012309106310393798
-0.010524655645851205;0.006128330653706406;0.009820629777308363;-0.009164890533079739
-0.009728330093062273;0.0074429648114372705;0.012904501291971779;-0.003532374029641421
-0.008406380784217418;0.008865834321001532;0.011655981893954165;0.0023953269654012925
-0.00704344635599501;0.009533862234056972;0.007766551622946086;0.006767092936954191
-0.0060318326904437135;0.008972977115674487;0.004295289090960313;0.008518702098657759
-0.0054980053179528475;0.0073615422071591306;0.003626050033456746;0.00757797863022654
-0.005275203600716547;0.005329154127332123;0.005965345794485468;0.004712600601854699
-0.0049996173337846;0.003540020223383427;0.009421972717902103;0.0010512599693882586
-0.0042459395821643825;0.0024182554150687274;0.011444084955815075;-0.0024475373917504867
-0.0026563316420627346;0.002151019030397718;0.010440752832184087;-0.005240366170526675
-6.873439994361537e-05;0.0027973747788615994;0.00650299398557442;-0.007066438292543213
0.0033713957251156118;0.004266796251607248;0.0009976276058540354;-0.007692674435673505
0.0071907912010859484;0.006159076570939925;-0.0043916154549760575;-0.006875747906851429
0.010720050337545113;0.007675887954145934;-0.008434053805194323;-0.004613937625768202
0.013331058495312903;0.007779187529985768;-0.010594034709743952;-0.0014261528027382018
0.014649425024247799;0.005584543624475879;-0.010889718086719487;0.0016776866925025647
0.014643853873107012;0.0008337479469002333;-0.009677786160417133;0.003625190346140027
0.013591722288946265;-0.005796360941474241;-0.0075142250207017895;0.003862415031936657
0.011966655577154836;-0.012811056467163594;-0.00502062883037738;0.0026944332880964265
0.010274444465743595;-0.018500572686024702;-0.0026418103168890828;0.0011421916569337354
0.008862494314039626;-0.021697589023905187;-0.00037348596638621514;0.00038712721811192953
0.007773995190473212;-0.022175183646185224;0.0022316647768078892;0.001120129270624782
0.006730764818494113;-0.020468890673832715;0.005574868068459384;0.003138423357443363
0.005258542964060201;-0.01738315711283248;0.009346892158175569;0.005371867364112821
0.002889488993088621;-0.013584041811566699;0.012377482714865017;0.006312468202012646
-0.0006310852235744239;-0.009440828762367022;0.013327140793231388;0.004687492358273943
-0.005181569435815233;-0.005050850404688125;0.011685220219849423;0.00015130386757594399
-0.01020773166680868;-0.0003674055990871292;0.008165277543008182;-0.006299030359495546
-0.014848542900949759;0.004607157980589919;0.004190642158631082;-0.012501677586440784
-0.018227935811694372;0.009609654455430255;0.001020164388660269;-0.016002127463793852
-0.01975598882934037;0.013949078655740979;-0.0007534046710272377;-0.015258168682521217
-0.019275255715942467;0.01650832777116087;-0.0010931944231203704;-0.01048952069579193
-0.017030929338145075;0.01609274722165067;-0.00010403237300266784;-0.0036534257186430306
-0.013548963148554579;0.012101094632947552;0.002181763658994398;0.0024496454288399
-0.009483537040943716;0.005095436291189994;0.005538047102753039;0.005482627447483799
-0.0054566367773855136;-0.003230037679030427;0.009036543289569654;0.004657276362435967
-0.0019317874641037389;-0.010731068396742961;0.010943499396003068;0.0010624653632437836
0.0008306976284352041;-0.01569204602590747;0.00947776749377263;-0.0029516898318353185
0.0027453577934651676;-0.017369026174111197;0.004108395326010567;-0.005029702613547404
0.0038574126101914054;-0.015978358454942415;-0.0036108767881385282;-0.004035426638416996
0.004314844532442809;-0.012296691776116779;-0.010518654959451122;-0.0005831567720504821
0.004326428571474675;-0.007222605124525892;-0.013506469763039786;0.0033900199632166126
0.004069267855603327;-0.001546371184617576;-0.011256770908883862;0.0057343778698312545
0.0035813540970098395;0.004071383740914325;-0.004843839798769378;0.005241262112042833
0.0027327527446082364;0.009051882044283208;0.0031298613207481505;0.0022182752253429704
0.0013254061147458577;0.012881413834029893;0.010074066527265078;-0.0017691844489576914
-0.0007364095270998475;0.015137856752215953;0.014478851082118147;-0.004769700615366327
-0.0033253994454262165;0.015541240044307738;0.01598356940217535;-0.005417862212516056
-0.0061058697706862465;0.0140041844626861;0.014813436978686574;-0.00352019813454179
-0.008670004098155257;0.010651850548733214;0.011303320815381237;-3.522097716495308e-05
-0.01069165647710832;0.005815031555365795;0.005891857796516483;0.003454872067768757
-0.011989572762308961;4.835300274983106e-05;-0.0006079879541113146;0.00547480597883935
-0.012489080124278044;-0.005826904180345275;-0.006936377292430269;0.0052484158407796345
-0.012166903282100827;-0.010777453061921719;-0.011763282339502018;0.002932195831728703
-0.011045739745662031;-0.013810990479047318;-0.01428401932632081;-0.0005300702509656594
-0.00921183410564427;-0.014326963528740197;-0.014530047230020786;-0.003793675245153884
-0.006796019177843879;-0.012334602795294494;-0.013104572396339964;-0.0055772313456125015
-0.00392324310098068;-0.00840586576522552;-0.01056935773362494;-0.005102811786823197
-0.0006970588577226619;-0.0034182793960338543;-0.007026168799215559;-0.0024313340543457296
0.0027436077901780006;0.0017491228007788964;-0.002249437024685911;0.0014385076548797994
0.006145129571521664;0.006401255496852741;0.0037540288412383207;0.00486137362109525
0.009128083246862359;0.010022118316327948;0.010233315964880791;0.006244032002805244
0.011278714921827117;0.012162562722382373;0.015696478256667982;0.004880853183406186
0.012284537587225336;0.01239539122755544;0.018542674031119994;0.0014407435833002627
0.012027224142981711;0.010446265251301112;0.01795108958553056;-0.0022643437790198333
0.010598306280881561;0.006445473008425649;0.01438863885164692;-0.0041751883549151336
0.008259490993918065;0.0011206002792709562;0.009305474677790228;-0.003062681960819412
0.00537556826866478;-0.004251619466850615;0.004174955547856952;0.000821011619339205
0.0023365135101400575;-0.008187776016115799;-0.0004102072108936522;0.005863630422531512
-0.0005055613155074665;-0.009508426235315271;-0.0048295158514927335;0.00987103034830714
-0.0028624494292797055;-0.0077914830624778155;-0.009570750629510709;0.01104977478785292
-0.004519812071632987;-0.0035807849541663;-0.014118158188710182;0.008728357760294375
-0.005371631036461069;0.0017309440375406107;-0.01666400928020843;0.003586267789910453
-0.005465693370647484;0.006320131886966574;-0.015155025905493636;-0.0025950404787829094
-0.004994259662503066;0.008530492329339218;-0.009032578051650695;-0.007541915224191908
-0.004198779144771794;0.0074627483323823065;-0.00025224584021889886;-0.009320190955830332
-0.00323703169440275;0.0033616031510627265;0.00744880086602499;-0.00716800556800491
-0.002097795752623442;-0.0023570053032008465;0.010723870032376855;-0.0019647869625842047
-0.0006216711690130931;-0.007536575061404913;0.008695215628206679;0.0040346879761479605
0.001378999730581389;-0.010135191354791635;0.00339713078592037;0.008238119810328588
0.003965511433465165;-0.009219908657035493;-0.0016954138904931987;0.00901457200102778
0.006945453172405628;-0.005567633458554693;-0.003902224701603282;0.006459753781226287
0.009811993216101177;-0.0013914253843538217;-0.0027726832094102914;0.0021494507475364583
0.011824299453929358;0.000799963453685992;6.879764954066903e-05;-0.0019056024285302262
0.012304553251399404;-0.00040332425301563816;0.0022673659297042193;-0.004387220552190361
0.011043027089789619;-0.004483179689933698;0.0021927146918611054;-0.005195163023981233
0.00849470080261444;-0.00921306062971412;-0.00038169088818366297;-0.005139845323677186
0.005562962467525712;-0.0118163803782864;-0.004530475704940598;-0.005097952830596879
0.0031474458883920353;-0.010445923719171569;-0.00889531071419852;-0.005240211821254867
0.0018164740457063265;-0.0051627289256690355;-0.012308406287925703;-0.004893551493344579
0.0017415660392129872;0.0021529278537959725;-0.01407592493974113;-0.0031704856078063216
0.002750952999134026;0.008862637564048462;-0.013987659305105028;9.544262498981097e-05
0.004378429492328529;0.012880904199716893;-0.012185167240574188;0.0038730533462198085
0.005969398169268086;0.013459518495312383;-0.008988418453994484;0.006372959461898136
0.006919272628602076;0.011181455283269894;-0.004798884795845125;0.0061481704232760285
0.006942376622473749;0.007421727632539694;-0.00015087999796123815;0.0030830020169982197
0.006170590683729366;0.0036585389952597924;0.00420538618819977;-0.001419877370148242
0.0050019313872301414;0.0008886513856909323;0.007431803911546862;-0.005188398418237668
0.0038243548257078097;-0.0006918530684136969;0.009012495594716967;-0.006506229266056364
0.00282566508784119;-0.001614651713338817;0.009147214440112617;-0.0050766496935112605
0.002004917544541583;-0.0026743376316373255;0.008674174058651413;-0.0021488317253558114
0.0013200498045811543;-0.004315796203875218;0.008405728042830789;0.0002686655459748742
0.000799427180098027;-0.0062841447642241624;0.008341522167190996;0.0006297594243319415
0.0005135840170718663;-0.007805231960692524;0.007473339883704972;-0.001231139733668174
0.00047653887535989577;-0.008151743477046792;0.004504676312258228;-0.00402812128529589
0.0006158325622265245;-0.007134226258484564;-0.0009586888710605245;-0.005812919809414718
0.0008338460489399162;-0.005156183304910438;-0.007693710728927174;-0.005111125661550308
0.0010604173130568085;-0.0028737343633462994;-0.013292521304598546;-0.0017208667224760017
0.001241809378006807;-0.0007972805630309298;-0.01550039178948971;0.0032220042593011635
0.0013204917743961403;0.0008700310307957972;-0.013462121166890226;0.007818823917387545
0.0012505902951798252;0.002129218553348786;-0.007987027835694561;0.010228442307226972
0.0010114295444452457;0.0030225499972605816;-0.0007985486124292583;0.009366250702086892
0.0005857199967953342;0.003626322864511576;0.0064639819452635815;0.005303977723941613
-5.932154295669549e-05;0.004185232698926567;0.012685694906387896;-0.0006758575042102047
-0.0009474375064323429;0.005136772146006712;0.017041750026052804;-0.006397918603938149
-0.0020510163588539215;0.006857221765132949;0.018668019289067507;-0.009500153176533955
-0.0032728814228726384;0.00933399094971724;0.016836344397430317;-0.008413396520119637
-0.00444472512534127;0.012152146829800078;0.011589944220239953;-0.003262975571890061
-0.005316001101155898;0.014865278588749878;0.004181757689942066;0.0038169154060137124
-0.005551056735076883;0.01735311460804408;-0.0032484226279289362;0.009329450660827772
-0.004788222280201327;0.019741868660940763;-0.008607615940526624;0.00994080612857247
-0.0027825593348502955;0.02193029795512072;-0.010689711719662114;0.004276258690122548
0.0004294329146828505;0.023187323752111196;-0.009409954742379278;-0.005899339133947342
0.004462151226262193;0.022248737292339612;-0.005579928985397966;-0.015881297238096906
0.008681590368459563;0.017964077642500412;-0.0006851193578020091;-0.0198814558616535
0.012415233155205659;0.010152167504771414;0.003265697307168067;-0.014040451726427804
0.015139628707313798;0.00010484645834668186;0.004232275234042536;0.0007880399868508381
0.016583431470877725;-0.009713265097472203;0.0011091585246584875;0.01833576422990398
0.01677567312329575;-0.016722397469923874;-0.00547447188307031;0.029472911275155694
0.016037707016256328;-0.019409120419890222;-0.013265772748255761;0.02720711265692376
0.014850456592937092;-0.017858522960123833;-0.019345498653251934;0.011252259875895015
0.013611453727056053;-0.013377229926406806;-0.021251079960102007;-0.011004616161152631
0.012452667310750835;-0.007659987430821865;-0.01782610109537705;-0.028200836076664723
0.011262955493283253;-0.002164545032498984;-0.009751936388228038;-0.031322004235656
0.009850977354848866;0.002065694171994604;0.0004225029857386381;-0.018795910251615672
0.008079862892241916;0.004379291750254526;0.00913576299600163;0.0027244388243092325
0.005912427718364022;0.0045760780867496;0.013451723123210947;0.022208295951529584
0.0034211233949607753;0.00303127999936097;0.012521139154763704;0.030284539122521006
0.0007943046461201868;0.000672008453647911;0.007759538618221103;0.024002488559007537
-0.0016891736919969764;-0.0013235231371574196;0.0016157318942972075;0.007881520669324337
-0.00373433562349362;-0.0020209765372042974;-0.003992870680728909;-0.00899647235309289
-0.005135994056101285;-0.0011827288499301;-0.008344130936328888;-0.018030983945709345
-0.005893896337205931;0.0005764169861633422;-0.011459239061990324;-0.015500494984260626
-0.006302297155939015;0.0020615705232820847;-0.013349381741695738;-0.004057912429013579
-0.006942336468785003;0.002101206007089862;-0.013774894075098425;0.009239608745953462
-0.008513852145284953;0.00017675384143444857;-0.012557703357895099;0.017022593234984493
-0.011538706516896978;-0.00327117030105841;-0.009926697780851855;0.015440725602881622
-0.016078595612918595;-0.007043472268878452;-0.00648976884080479;0.005733899323520194
-0.02162887157972947;-0.009777562179477135;-0.002904323518128847;-0.0069699442436984005
-0.027253069628482934;-0.010577968212470151;0.0003814820224003461;-0.016571502011556778
-0.03189027795313332;-0.009317464426737487;0.0030868563434905947;-0.018916769846834543
-0.03469360745839287;-0.00650403877814467;0.004898847774990619;-0.01341150608442473
-0.03526279494979944;-0.0029338826086493775;0.0054374173546240774;-0.002886719011616587
-0.033681608899066004;0.000551418813142889;0.004516944947220479;0.007983933898277163
-0.030351814093560563;0.0031244333809553925;0.002479454327568456;0.014878902483946032
-0.02573087083710918;0.004068010999955225;0.0002186905845222747;0.015571647356908956
-0.02015418231084687;0.0030697863616727388;-0.0012608337402800112;0.010483136461612134
-0.013854610427961576;0.0005097189419268527;-0.0014889419825825;0.002056919114613876
-0.007120730945628118;-0.002618651487932468;-0.00087312442435419;-0.006461845111918806
-0.0004282960655075223;-0.0052100566594029145;-0.0003911877752424968;-0.01223740002968305
0.005571739313059756;-0.006631143962153822;-0.0007809311627164366;-0.01370046211530565
0.010200396699145279;-0.00697059777488176;-0.0018453296384953544;-0.010896804496625955
0.012942208573840536;-0.006808146745984417;-0.0024994715205062645;-0.005273901742434941
0.013580189270267926;-0.0067117651211395755;-0.001622493434160589;0.0009953870252268667
0.012217689723887745;-0.006855330029629792;0.0009411893150457442;0.005865871462293842
0.009211232772875663;-0.00701188349193661;0.004104313741351098;0.00809080340945051
0.005093737969305298;-0.0068273194860737395;0.006278272855985294;0.00747340270559771
0.0005276861572972012;-0.0060616533151419665;0.006509871396677582;0.0047020270739417495
-0.003759095873384496;-0.004621467570052099;0.005005807633765806;0.0009631710993221925
-0.007113233487462581;-0.002501209407059188;0.002635009250074104;-0.0024551216031935396
-0.009146955344864763;0.00016329947689677082;1.748972520793461e-05;-0.004485262688375566
-0.009877388353764768;0.0029291998382864593;-0.0028180967544501395;-0.004553863341655287
-0.009710402080300079;0.005000531708481701;-0.005879088450738041;-0.002797200434874883
-0.009250530695759268;0.005505864488798944;-0.008393273448399255;-9.335885904174656e-05
-0.009038204835534165;0.003995215411037601;-0.008686460836942817;0.0022252501626664877
-0.00936300255154623;0.0007687083761143154;-0.005106883247795671;0.0029536433685259877
-0.01021202269615191;-0.0032517358063464314;0.0025994559264845237;0.0016489096018559159
-0.01128493600212888;-0.006972832162650896;0.012530643568247004;-0.0010241341609869847
-0.012008028504275603;-0.009510308308036097;0.021172938899738366;-0.0034893332756267205
-0.011600595594994309;-0.0103061829018011;0.025034919206520373;-0.004000260835982067
-0.00929572043091654;-0.009131732185707273;0.02242947979583611;-0.0016078304325160627
-0.004693119342500323;-0.006169841065532567;0.014361442002997295;0.003175177264170729
0.0019364017901849194;-0.0021424560667507803;0.00401384781599749;0.008450084229126433
0.009589409009824136;0.0017294882786205417;-0.004861058501459675;0.011782577020819897
0.016776157585034857;0.004101829497661523;-0.009721882103295077;0.011394431542039394
0.021982645489802916;0.0041376479749505235;-0.010199526842906688;0.007059928928701204
0.024154286039978212;0.0020069392845618603;-0.0077943591071391;0.00025352588382286824
0.0230004266295858;-0.0011686151854137204;-0.004649295681552982;-0.006501333330013133
0.01902167109908045;-0.0039471501639303545;-0.002230814039255666;-0.010760855450729117
0.013304820128905718;-0.005315181401810535;-0.000711250424424644;-0.011235240141629351
0.007197622663451279;-0.00505874313786707;0.0006316238156454994;-0.00827370860880843
0.001958367284669151;-0.0036517837514995683;0.002386886237139789;-0.0034993122302468685
-0.0015361751695370269;-0.0018986747526884486;0.004257194170761989;0.001149253296340744
-0.0029382680002066936;-0.0005916656100075766;0.005284190898218035;0.0043037912419594425
-0.0024042922158172483;-0.00028593387925732975;0.00486853418490918;0.005447733308682293
-0.00046322451208689457;-0.00118679762583947;0.003605655762990427;0.004653235929195897
0.0021420102488402142;-0.003138831464412085;0.0030439530424680532;0.0022755862894796677
0.004633472421533376;-0.005697260362677532;0.004415428776178051;-0.0010564156066651363
0.006426518064108905;-0.008203970373105975;0.007365685860760546;-0.004329049861014788
0.00736125843416758;-0.009803784829480949;0.00982603617180263;-0.006320545387845816
0.0077856834960586575;-0.009488917003849889;0.009287654459163706;-0.006172948182311961
0.008369852616442928;-0.00638601567216759;0.00462235509196004;-0.003990116870480677
0.009736713571381166;-0.00036823908197822436;-0.0028329074300156285;-0.0009593106670736355
0.012157273746951887;0.007319393851489477;-0.00970143034934573;0.001185064249490739
0.015454551294568228;0.014033657285560082;-0.012299630474600998;0.0010816339203526773
0.0190413726402334;0.0166728468952372;-0.00868453584617805;-0.0014652002855350748
0.0220107063759824;0.013210064546139651;0.00016419035069388822;-0.005264706098479041
0.023357268951017637;0.003907193097437519;0.01072348718617129;-0.008270216109326078
0.022373472430477725;-0.008505462020466856;0.01867580440605539;-0.008666371313757274
0.019003719348465644;-0.01974141250327135;0.02103420788131611;-0.005936694089540411
0.013866655786988653;-0.025518051436292925;0.017420615386608173;-0.0012039365698311602
0.007943100073198817;-0.023157712503910598;0.009816403542660416;0.0034658665363982715
0.0022143788090478343;-0.012639255953972762;0.0011052784926059577;0.006339260282522664
-0.0025326255284603043;0.003323700591301251;-0.006501965549744604;0.006945230817762956
-0.005779155077589482;0.020233984591272663;-0.01209717785693598;0.0060479023728333674
-0.00734618627318354;0.03342275802270428;-0.015527545995161275;0.004855412817295353
-0.007435169998080953;0.039692364029153424;-0.01645498634707333;0.004184678152936251
-0.006528654473947496;0.03833968271514541;-0.014123334059564098;0.00414908680944958
-0.005163686510204515;0.031133765388460043;-0.008181192205226373;0.004396312993830203
-0.003729558846172453;0.021282460571273584;0.00025974371621600035;0.004528852525714451
-0.0024069045913041745;0.011946562814790744;0.008548378573333211;0.004336325010839951
-0.0012255855651434964;0.005101681983465924;0.01377215376291878;0.003748117071124772
-0.00015390423032274095;0.0012803242384542403;0.014487919699844476;0.0027009880673182123
0.0008293966184646709;0.00010101261032794506;0.011531333770983114;0.00115737497594145
0.001690508923790286;0.0009811147212784824;0.00726245920373581;-0.0007164932477324279
0.002339868723853565;0.0034485645789275664;0.0038603916549573318;-0.002446135483194112
0.002688369509600294;0.006965319884960211;0.0019837208230306038;-0.003426040004060952
0.0027294157444805772;0.010660688054337848;0.0007201150457162711;-0.003302217812522183
0.0025787062167878976;0.013396823378199417;-0.001316276663456351;-0.0022608608083356397
0.002426393257224836;0.01419081880115308;-0.0046841677815462725;-0.0009949195659453712
0.0024289200722842565;0.012650832759069744;-0.008557661130202171;-0.00036467881134871923
0.002626380282010886;0.009103387513651256;-0.011239507315472538;-0.000951899192529322
0.002954045220480597;0.004389509650819353;-0.011350475834049809;-0.0027397784856488436
0.0033286452840460656;-0.00047657585774506353;-0.008889191183323672;-0.005062392084950927
0.0037167565910144282;-0.004617633391830814;-0.0054253744739210285;-0.006841305889733632
0.004115981375940815;-0.007508291861302379;-0.003194406032880168;-0.007029121007323929
0.004476081864606712;-0.009058005224716784;-0.003581100372523977;-0.005098010395044762
0.004653725705657825;-0.009537354502900313;-0.006009567509128742;-0.0013507694967922089
0.004467660547079237;-0.009393707939134204;-0.00814387078162526;0.0031246335187751642
0.003831189958561029;-0.009039520575214075;-0.007453999659047278;0.006854739399018267
0.0028643963238970194;-0.008648208742337073;-0.0031423995813010877;0.008528112401752939
0.0018908167539859468;-0.007997729007852082;0.00299768227269457;0.007427988491010839
0.0013026630780570802;-0.00650632927510372;0.007565488430331573;0.0036207929193073332
0.001373963086062179;-0.0035872323952566764;0.007821884674591535;-0.0020538275861266193
0.002136804060664013;0.0008113214311378171;0.0036755342993289673;-0.008107332006670917
0.003383485085186979;0.005858007063708478;-0.0020858738081792534;-0.012656994287627394
0.0047650148222647985;0.009987052183775625;-0.005608505558371163;-0.013897974346079084
0.005909366816517608;0.011519188513939951;-0.004638949412863562;-0.010792969849099126
0.006510973642795916;0.009437632453251613;-0.00010758882625785363;-0.003774923765298831
0.006389701641662582;0.00392994627565452;0.0046349195840659115;0.004935919416368273
0.005522440243233896;-0.0035653182721902678;0.006373414096072049;0.011833789619050631
0.004023604922190151;-0.010860163118531455;0.004301645807799099;0.01358747840554814
0.0020472484822005436;-0.015901917537409466;0.00022083955259721863;0.0089492824898077
-0.00036579849201450766;-0.01764966191925293;-0.0032127141591291428;-2.9200322665691436e-05
-0.0033976878333497056;-0.01643800512736516;-0.004427552297827351;-0.008566768876289802
-0.007404622001119154;-0.013565263006550927;-0.0035107037284441587;-0.011584654292418874
-0.01269097861753938;-0.010385076235422987;-0.0014216450856258216;-0.006725386065650067
-0.019236248460360258;-0.007552818815103192;0.0010160257690165484;0.003940280790022647
-0.026547047844336844;-0.004922429501018947;0.003436053674066251;0.014767343292371258
-0.0337011798588294;-0.0020566881722994526;0.0056103004237694635;0.019635879097937556
-0.039548709565975414;0.0011534053025202449;0.007130092983079144;0.015499924119582082
-0.043025071452771485;0.004291644818713355;0.00752323128672023;0.0042289169599173644
-0.04349203915692862;0.006712231415417763;0.006625333727706321;-0.008350440804713692
-0.04092499783977467;0.007910065664310028;0.0047420631348988815;-0.01558729320600098
-0.03582022364322571;0.007610753687949322;0.002443238163568626;-0.013544140356506458
-0.028941975619769408;0.005710066047224596;0.00021300810486214795;-0.0031418312481389494
-0.02114678915122396;0.0023710651939896424;-0.0017837563180242732;0.010129594991467167
-0.013337963543928895;-0.0017572651194789242;-0.003689668633823108;0.018889859357202686
-0.006395868171120104;-0.005537319081769878;-0.005693177663314934;0.01774256421190538
-0.0009864918594776092;-0.007748599642006733;-0.007725009819005319;0.006370692902983993
0.0026447119921716544;-0.00771375065068932;-0.009424834353715345;-0.009951415302270363
0.004715721603766384;-0.005698094656551717;-0.0103869738650739;-0.022932757962577845
0.005731566869842171;-0.002724766604115945;-0.01034086994577999;-0.02563604228751923
0.006194577736883923;8.715606149557262e-05;-0.009082821168589742;-0.016233909683038672
0.006369263085341872;0.0021136700993713495;-0.006396538977484104;0.0009499768551058102
0.006211713059457968;0.003315734113240514;-0.002214543035725793;0.01769568197086942
0.005465894594573068;0.00394272667157598;0.003086622259810205;0.026191491405192238
0.0038543930229066785;0.0042464146665585;0.008531147476263953;0.02301907576467386
0.0012711874763136214;0.004382662845167149;0.0126445892185808;0.010662882877688015
-0.0021057353862672878;0.004407363955310756;0.013794649329947919;-0.00415147023093952
-0.005832077092534771;0.004282883395557827;0.010768564447368737;-0.014164227722876208
-0.00933622715551826;0.003916588299100435;0.0034875509193848173;-0.015193177237509027
-0.012110491353420582;0.003228989913103357;-0.0064987195878204625;-0.00782504890145134
-0.013866477664446365;0.0021806486386971627;-0.016180507558218954;0.0034071570917333254
-0.014594874809517204;0.0007253568901097062;-0.022063368217247498;0.012631653501663348
-0.014515477632961227;-0.001241758546700284;-0.021610307508921334;0.015545913182670082
-0.013942044413364387;-0.0038465552814340945;-0.01447174352142327;0.011218686193074034
-0.01311668005369631;-0.007093806601124974;-0.002844456348254348;0.0021196195370793776
-0.012086472695231146;-0.010700318102640898;0.00929505514221877;-0.007365992547340621
-0.010681588690029416;-0.014006487708336391;0.017768517478817802;-0.013061887878482647
-0.008603154460150761;-0.01602902198600735;0.01985971872149873;-0.012782945098950855
-0.005575878790022548;-0.01567247272628885;0.015296285422042153;-0.007088457039803526
-0.0015044727630387738;-0.012091508389427779;0.006147698951950378;0.0011852064739795326
0.0034156405444730714;-0.00514723631859901;-0.004183465165929211;0.008290231772536138
0.008679794699085332;0.004206009607286799;-0.012292761510913424;0.011176103679619931
0.013583768975789782;0.01386229883512406;-0.01584251733075176;0.008674819979107046
0.01743395679559235;0.021034393399597735;-0.014086141272058914;0.0018524565179590064
0.019750366429865645;0.02319164389216174;-0.00789829988045898;-0.006527846096652427
0.020364656516934348;0.019082431207959646;0.0005169627478543965;-0.013172380404331814
0.019418165689394563;0.00932720407901291;0.008179088428680094;-0.01558953242637519
0.017327147550524252;-0.0037216259436024047;0.012186865974428676;-0.013064361437362438
0.014735482732586418;-0.016752107910527222;0.010799279345567535;-0.006881560669403289
0.012417572334302115;-0.02652767138518184;0.004377022506333708;0.0002838928282627838
0.011115849387295942;-0.030818625213326997;-0.004404689132320487;0.005543239646121714
0.01134614091232015;-0.02900393661178051;-0.011543852553683759;0.007051879733571536
0.013216857566262995;-0.022249390933066816;-0.013725479868352708;0.00481629544966469
0.016322473182708668;-0.013228086324242359;-0.010297805070128995;0.0006510663802592909
0.01980606799537947;-0.0053210689114503084;-0.0038080055387016455;-0.002783901661292808
0.022648555015354895;-0.0013133486632436846;0.001514908834973968;-0.003456401459048991
0.024086029017869885;-0.002015817489596463;0.002437680949180391;-0.0011296276901846516
0.02392113507105885;-0.005688914320084705;-0.001279177955384285;0.0025525738832001517
0.022552192046937855;-0.008917470934512478;-0.006870744594721239;0.005186717748596218
0.02074314612246204;-0.008606686715913985;-0.010330681591682319;0.005180965567472882
0.019277210156650015;-0.0038778626171169384;-0.00862229019588119;0.0026719645003797227
0.018607435713684898;0.003359276816151628;-0.0010790564547408655;-0.0007698735262152761
0.01860053059112791;0.00952940937565241;0.010454727064709892;-0.003264817271910365
0.01854043062695638;0.011516863240532504;0.022461746568967166;-0.003712559445032424
0.017510539603678592;0.008501162009392391;0.03102650081481717;-0.0022374452890732478
0.014972183486032192;0.0024381691729726688;0.033118441831573545;5.916879583720723e-05
0.011101240178669715;-0.0030044162276715424;0.02761503630739078;0.0017686060574789804
0.006625590817878996;-0.004356576234737934;0.015801482286109128;0.0019660651810226534
0.0023733373023148833;-4.2116670567469195e-05;0.0010830786898331874;0.0007910371610367028
-0.001060397157903316;0.008936475231546549;-0.012118441642731445;-0.0005806834847468531
-0.0033778865895490984;0.01952267857550449;-0.019917232296225464;-0.0007385973649034648
-0.004527577237681825;0.027960190418235248;-0.020344667257358607;0.0008267358346927191
-0.00467815729895987;0.03130806414619996;-0.014005806808524403;0.0031368058634442617
-0.004186216870476828;0.028510135211523145;-0.0037794662023456563;0.004277738855031833
-0.003498351056452087;0.020682491065454875;0.006286846202990354;0.0027841824810096137
-0.00302525993060371;0.010584370501932104;0.012475605483588144;-0.001176510373487955
-0.0030480006596057922;0.0014992507632991194;0.012772404122703819;-0.00573669117228792
-0.0036561722219213334;-0.004034682803754822;0.007592162282820411;-0.008445922950334072
-0.004707673388965269;-0.005105725891890381;-0.0004959737542849662;-0.0077835562992904965
-0.005850960259987971;-0.0025227679147017457;-0.007991623482713808;-0.004050905760894552
-0.006652100755911148;0.0018667960962420113;-0.0120838376825236;0.0008822285788223424
-0.006787444365007083;0.006170898977538087;-0.011842211229678578;0.004714121561109875
-0.006190819166454564;0.009157350959515536;-0.008329915240622354;0.005946868665110067
-0.005062726007738583;0.01038116156714107;-0.003624022862147554;0.004498037703248849
-0.0037428302385406117;0.0099185304741628;0.0005385740923175022;0.0014757354465293863
-0.002542228354832907;0.008082189232341044;0.0035243443058359893;-0.001560359231077899
-0.0016528788747017182;0.005294738956587306;0.005537854004069571;-0.00333344647394992
-0.0011716805510150476;0.0020300721592669256;0.006778592509272132;-0.003247354929317795
-0.00116404898327332;-0.0012823966912428404;0.0069129238500912375;-0.0014373546810151174
-0.0016657854175833996;-0.004326093063567825;0.005346219999725312;0.001361375906414699
-0.0026156170321944483;-0.006822510836881978;0.0019457288649527857;0.00401656687569875
-0.003812518349146162;-0.008374371908036905;-0.0025652279825029846;0.00529475893531842
-0.004975172988373085;-0.008462479117826806;-0.00695462295854445;0.004287750986072233
-0.005865620826240734;-0.0067380635560875925;-0.010235118960093721;0.0008699410742463939
-0.006367136901830554;-0.0034384798681655364;-0.012112896909645628;-0.004055556452303187
-0.006460829153508371;0.0004538799750063974;-0.012758983567786585;-0.008745928075779952
-0.006154062816940403;0.00354928435080115;-0.01221534061433064;-0.01126049207787142
-0.005452573348532536;0.004729635119957884;-0.010103902533667043;-0.010305228938643834
-0.004407657217156223;0.0037088445532760775;-0.005991130280852114;-0.005875627089621753
-0.003183301116760331;0.0010918671946047508;-8.703623965462774e-05;0.0006459253839012739
-0.0020577931618776316;-0.002043034282835325;0.006397963124271865;0.007028938434366798
-0.0013263961972377726;-0.004662346246384018;0.011607068149611393;0.01114176696204162
-0.0011643165542004961;-0.006055698472673101;0.013849366214098791;0.011863459925722363
-0.001557338178118373;-0.005865067166104885;0.012306267988658703;0.009518324197300865
-0.0023546667174833375;-0.004078523123801452;0.007285153576089233;0.005607896593902901
-0.0033877979470454305;-0.0010965952729765666;7.990012876906775e-05;0.0019659579126193646
-0.004544376442756288;0.0022567354850489057;-0.00735636289985203;-0.00020006779688988308
-0.005747998496451993;0.00494019275072335;-0.012877362775311664;-0.0008087979665345217
-0.006901762468177063;0.006073253363686364;-0.0148033997090258;-0.000644813876135736
-0.007877660009723677;0.005266554947451064;-0.012647332881597658;-0.0005683937843966745
-0.008554157787659828;0.0027378874670779827;-0.007505409861894792;-0.0008204167724144776
-0.008837104275095405;-0.0007871720044713965;-0.0017178892369530715;-0.0009630885444755447
-0.00863646545494186;-0.004306795336720429;0.0021913464846407354;-0.0004723311707018305
-0.007850414458977257;-0.006831135829142698;0.002778116979052242;0.000545314147675794
-0.0064109363478587885;-0.007658259278746688;0.00042392088648014227;0.0011622079816850917
-0.004370192894041051;-0.006565720526020632;-0.0029043003343927547;0.0002247157004405
-0.0019528909218775865;-0.003875482919881712;-0.004799066876029107;-0.0026369271366734753
0.0004812490983547308;-0.0003856849545630654;-0.0038266998012523325;-0.006374810499729283
0.002561980800065794;0.0028366449921832216;-0.0003439269968623159;-0.008910678393979238
0.00406273896491316;0.004786112063031472;0.0038355385279765153;-0.008484641928375313
0.0050033430483348105;0.004859365320714404;0.006688157509254222;-0.0050928727915334334
0.005643155282831082;0.0030263680450676577;0.007175650458924889;-0.0008529698842956545
0.006362612051983215;-0.00024192090580143382;0.005485983631216421;0.0012550423229332613
0.007476778678341055;-0.004177291283713078;0.0023718599553682455;-0.0004174223704287479
0.009048573896442341;-0.007903199123258374;-0.0014844709228143864;-0.004683554999579486
0.010791407020233278;-0.010606733642705778;-0.005386228567148386;-0.008040059179740896
0.01214330403569253;-0.011756429642794792;-0.008197629340371403;-0.007079309514832935
0.01250449708820651;-0.011284761272376919;-0.008517333351524409;-0.0011494905485380535
0.011510805540382418;-0.009563203190899152;-0.005693259293239226;0.006721947081040559
0.009193827837903729;-0.00718243643736543;-0.000789313294140452;0.011467664617976464
0.005966482990812239;-0.004757875563352032;0.0036236307702502634;0.009203954842427841
0.002461943813495188;-0.0028799161418604727;0.004989396473035651;-5.611361462948224e-05
-0.0006913519790610434;-0.0020755825209480237;0.0024880910076375893;-0.0119731245343163
-0.003035274886970824;-0.002633546470792741;-0.0024105761531361364;-0.020078591442251704
-0.00430334030731523;-0.004384437921924993;-0.006966489830228875;-0.019391739898055677
-0.004362974389476314;-0.00667222132301912;-0.008966121333366547;-0.00943540156465507
-0.003227828466261821;-0.008599271137945782;-0.008037468658991426;0.005114391693855504
-0.0011562662847849946;-0.009382550020707108;-0.005595161426723035;0.01671081529988308
0.0013135587122604221;-0.008622508784617166;-0.0034548939667500894;0.019091079934917828
0.0034819667580012815;-0.006443675082311295;-0.002229144387777211;0.011022898847909041
0.004669315790235693;-0.0035334743388740686;-0.0009407358400472762;-0.00266630600976251
0.004348181747302918;-0.0009816684084866785;0.0017741218719971152;-0.013659204223269336
0.002231225003138103;0.00020668562141312977;0.006063621011684338;-0.015005599920023802
-0.001643282357162291;-0.00025546799556644965;0.010412060529250942;-0.005405249005329279
-0.006858104241452424;-0.0016637096888055284;0.012700626177190793;0.009774070165969689
-0.012654519583037302;-0.002726275124113028;0.011736209341250092;0.02157260751095129
-0.018066561835323867;-0.002365948565483068;0.007955097102174147;0.022907766522668814
-0.02212276117928678;-0.000316601679824884;0.002896450102939731;0.013038202231044892
-0.024087373959382832;0.00282572463991989;-0.0019031367154101514;-0.0019589709813943785
-0.023666815258585397;0.005980850008781101;-0.005597063648293566;-0.01308663413921399
-0.021049692882116076;0.008090813419393127;-0.007846990041162304;-0.014055790550711569
-0.016739812212252323;0.008556255246438162;-0.008226389020247554;-0.004917914056439431
-0.011340450238458866;0.007501644073488146;-0.006072048664491415;0.00839701351549056
-0.0054796668343056;0.005727547342736064;-0.001112000348702437;0.017933819100678657
0.00014605309070998766;0.004254956201244186;0.005735609429603363;0.018336220098456396
0.004802245903033828;0.0036779954223924447;0.012290829080713382;0.009543264223354372
0.007912231907520143;0.0038118658341224684;0.016007437478382267;-0.003684419142898734
0.00928548705403079;0.003932038188588804;0.015227507687897436;-0.014718810377524831
0.009182857369340842;0.0033871134110658127;0.009978886719301982;-0.0185676408358313
0.00816893464135674;0.002083741610067629;0.0019514655291670937;-0.014055988152625713
0.006864708411378556;0.0005293056620074401;-0.00616663298989248;-0.003887238079906523
0.005736838912286618;-0.0004942751360828094;-0.01160479530884557;0.007017279835729552
0.004984201828048625;-0.0003277078567642285;-0.01238724026003549;0.013861370258502603
0.004524018078446004;0.0013366602123596773;-0.008009834479372846;0.013947404966449643
0.004063582219410828;0.00441562740672155;0.0002429626223280843;0.0075819276162672365
0.0032277375063428015;0.008456960604035092;0.009551873953050221;-0.002285196780461361
0.0016932309127678062;0.012638735852801775;0.016512284010508554;-0.011406213632122375
-0.0007115012814895487;0.015811785045372076;0.0185515830383864;-0.015967917348882844
-0.003945912448641626;0.016713043563925854;0.015129361839771238;-0.01405214457633649
-0.007712108318915658;0.014380875695080371;0.007946686594525377;-0.006341046317029852
-0.011425028098208237;0.00863592847879685;-3.463550574600139e-05;0.004133926247914445
-0.014262363568060137;0.0003819597377756193;-0.006115511384547346;0.01312904904234109
-0.01536214657066605;-0.008495871616634123;-0.008933097029276785;0.016875900175676663
-0.014123364102964808;-0.01568700580702991;-0.008555311589105257;0.01372382267915832
-0.010449976266684868;-0.01925546055100249;-0.005876994877559772;0.005023796849711231
-0.004805875009133055;-0.01830598768718808;-0.002020916665164992;-0.005269153862320493
0.0019174760912557375;-0.013237832669398871;0.0018367205837970804;-0.012281866401391386
0.008624608003347502;-0.00555357645056325;0.00442606416823942;-0.01254820130013506
0.014237415004520004;0.002672844086384347;0.004632217077407997;-0.00585845610368812
0.017874755577003593;0.009507134731507008;0.0021586971159113255;0.004426505353405549
0.01899948433220884;0.013759151482223737;-0.0019289630624016762;0.012953982840539743
0.017541829312963643;0.015174064737845478;-0.0054859293965730214;0.015138644418113202
0.013953820905775616;0.014164350521425654;-0.0064781739129078746;0.00960367917495317
0.009115474433613708;0.011341369967070303;-0.004307522771617831;-0.0010939261521547966
0.004074703969606474;0.007161987024075139;-0.0002549648348192467;-0.011851617907424906
-0.00027759460834935596;0.0018694494745504877;0.003368640966922691;-0.01768519523671686
-0.003433584364480019;-0.004270939898291524;0.004802761723245638;-0.01616175575926246
-0.005293624429193283;-0.01062210678370881;0.003996996183110389;-0.008338689248061616
-0.006025514430581779;-0.016003494214121075;0.0024956756968399305;0.0021216661340196456
-0.0058853898735081655;-0.018924759314746038;0.002196550810320207;0.010954386707359372
-0.005106601813684833;-0.018208751486610174;0.004002303907329711;0.015198269654961074
-0.003876531126315419;-0.013684083506632994;0.00736058251694557;0.0140952117874522
-0.0023576503435164798;-0.006480503244409797;0.010852563601327506;0.008860134645200293
-0.0007016630036466165;0.0013425892551349441;0.013154232393537028;0.0018294649073261743
0.0009645510323425601;0.007663764064823565;0.01359349913175829;-0.004434833546104056
0.0025736717242365995;0.011176633386683921;0.01212367791398048;-0.007857051486720253
0.004158392974764819;0.011828169220606321;0.009109939749941806;-0.007432678715357964
0.005870274461970057;0.01065181782137073;0.005290264873822561;-0.0036621722409386354
0.007926911339672443;0.00912825636676683;0.0018110980298666572;0.0014596190430103382
0.010468248561077075;0.00839439952202366;-1.0844546002955487e-06;0.005200264540717182
0.013391139556539394;0.00865812334353773;0.0007901910539620556;0.005459163223572186
0.016259957045603905;0.009084454852895324;0.0041475259257928955;0.002054247634133903
0.018332335698451347;0.008247637792901871;0.008877672416119324;-0.0029406924436046747
0.018719747606522005;0.005003097512443525;0.013002646432891469;-0.006219865090261953
0.016717679229166456;-0.0006343081832912138;0.014524193843773162;-0.005201774922119154
0.01221739497730497;-0.007134672686342114;0.01226415021168551;0.00020337873623827948
0.005914680338226546;-0.01193926081598392;0.006422264138859645;0.007199523126075554
-0.0009094830494987543;-0.01264060113783502;-0.0014368693049376653;0.011552737458042903
-0.006906866122570221;-0.008262800009503532;-0.009003136408320312;0.010181013248333107
-0.011112610836098512;8.308943470087086e-05;-0.014151590830496111;0.0032859096463388106
-0.013112833632881236;0.009572202375970819;-0.015731718514384083;-0.005477317889242717
-0.013001325050195696;0.016869856520528526;-0.013862734317643349;-0.011079988029604877
-0.011274613389379273;0.019531407586858413;-0.009634012696845403;-0.010179960363677434
-0.008699913872847997;0.01697438256623618;-0.0044177786393722355;-0.0031667096333366676
-0.0061177083948828195;0.010688511992524862;0.0007452108189300346;0.006106791872127384
-0.00419475064186076;0.0036221586560092572;0.00527603875588573;0.012643794245018627
-0.0032257992476896094;-0.0010691866552617088;0.008747093150426861;0.01314980904934713
-0.003087501742802718;-0.0014193621488202315;0.010617786248634563;0.007694090057395748
-0.003362456214725164;0.002490763920213346;0.010397449167799031;-0.0006595363239165239
-0.003550438709298405;0.008685786964045915;0.008061681394440837;-0.00782061464011506
-0.0032553885440259047;0.014349685637878733;0.004210108190637919;-0.010916083203299565
-0.002288794772848058;0.017146069384286925;-0.0002872995872634032;-0.009494004654898813
-0.0006926017130292438;0.016098650799435184;-0.004855538880764789;-0.005201616129664706
0.001293169061643915;0.01169848531548252;-0.009429180866219248;-0.0004647943433419397
0.003298919390822107;0.005371718310834015;-0.014053558749021164;0.002846200517505546
0.004916815211202015;-0.001289594578749151;-0.01820773282493199;0.004062244558700196
0.005797139462272044;-0.007111298216127;-0.020540888758582034;0.003580855151800562
0.005721685928051787;-0.011490348250185177;-0.019474922400975446;0.002310544860180336
0.0046335833106027555;-0.01417948057822972;-0.014409974965446127;0.001127307021568081
0.0026401764794325255;-0.015023817909181118;-0.006627503986307429;0.0005577908866571989
2.6960723401073953e-05;-0.013939016352030712;0.0009795205314567176;0.0006575187737444968
-0.0027228325195717343;-0.01110815269028157;0.005401621893256098;0.0010029720934466525
-0.004970791766579716;-0.007125208464375705;0.005299088297266524;0.0008416367095198004
-0.006085126380212579;-0.002898882044102732;0.001834205541996387;-0.00049092043068261
-0.005684253674032985;0.0006058534593853579;-0.0020622714244536936;-0.002960010881501715
-0.003829295042004766;0.0026089290186533127;-0.003527096135464449;-0.005431914195439018
-0.001030270901695882;0.0026735731490710067;-0.0014841752663699408;-0.006017123785302339
0.0019559183712639424;0.0008181472642931836;0.0028954958985745872;-0.0032972187903136715
0.004419964157191027;-0.0024271712016888797;0.0072153718779125325;0.0022231923792687255
0.005933736367201222;-0.006107355059180183;0.009446302639178549;0.007663412925201295
0.0064341054024883455;-0.009124678985354712;0.008839816205078352;0.009149874025433486
0.006137652962380717;-0.010622502884510493;0.005747465943204736;0.004507663286606359
0.005327199437960432;-0.010278494623261714;0.0010387678077362278;-0.00460472375120479
0.004144392553344907;-0.008380709112644094;-0.0041065663823499346;-0.012980944489810515
0.0025554099850013407;-0.005705559497792475;-0.00816604315813925;-0.014824248658516016
0.0005061382677809211;-0.0032713358335324017;-0.009672809371434865;-0.007599806077993285
-0.0019139700982210032;-0.002013646117819004;-0.008120986764869553;0.005826368337688962
-0.0044653384943041845;-0.0024570377915957894;-0.004569660465728634;0.01833801068950639
-0.0068796772075020735;-0.004523557978289086;-0.0011512991559470822;0.022457549969559155
-0.008970396682135765;-0.007578408658253273;0.0003294772194495381;0.014706854644471828
-0.010655445829049415;-0.010665284213079137;-0.00039838674713300523;-0.0020871226722822215
-0.011909882368895362;-0.012799276153440682;-0.002031074201555928;-0.019889771127508397
-0.012704410646975046;-0.013245937973837942;-0.0027377430801704163;-0.02947273916867076
-0.012989986628279153;-0.011784403197563246;-0.0013909510706599274;-0.025311743103064478
-0.012748928993159558;-0.008871122830008292;0.001856935903819166;-0.008779696846584075
-0.012050299888545446;-0.005495996917262796;0.005884690152971172;0.01221469518943082
-0.01101970066201344;-0.002660340656104481;0.009449525501638162;0.027192766511492262
-0.009729917739529088;-0.0008214216301074584;0.011866664537408866;0.028683132587049336
-0.008133934418082363;0.0001690099482483033;0.01296773205671735;0.016294524329235092
-0.006141285198779398;0.0005673872539867147;0.012545917574799219;-0.003137562757919094
-0.00379161396531167;0.00027378118820130384;0.010128203576123759;-0.01945808521056094
-0.0013658247823951932;-0.0010339209012293817;0.0055191680792203105;-0.024837775998008405
0.0006791906531379195;-0.0033322956631642027;-0.0004880335320050945;-0.017844408322556543
0.0019048218914931195;-0.005907794331359272;-0.006193251285260434;-0.0036707096326101967
0.002064949042378809;-0.007586626526684126;-0.009995981932867022;0.009364278107781149
0.001173805893986782;-0.007308481622200286;-0.011444113172284429;0.014707689729335734
-0.0005038912900773223;-0.004626686179770571;-0.011369704694761137;0.010882340534141558
-0.0025024399430975067;9.998549647995726e-05;-0.01101721821679795;0.001514815788609134
-0.004256858992359097;0.005857194390633674;-0.010949707327362704;-0.007424319592982969
-0.0052481915787698265;0.01137056033771633;-0.010648442411021508;-0.011155351575479224
-0.005132121475443409;0.015538141768738665;-0.00908732644000634;-0.008371584841455742
-0.0038210898302640794;0.01767701041434142;-0.005751555419940743;-0.001338023144877004
-0.001538806542171891;0.017526619128517756;-0.0012323124367853244;0.00583716145537511
0.0011830705256140554;0.015155009154762974;0.0030817097412203843;0.009598744449705548
0.003651653193610887;0.010934890827518565;0.005912156417141583;0.00873383391110099
0.005291430967524501;0.005588752094824364;0.006811411952890021;0.004724829716121811
0.005881894587102106;0.00015318966866726663;0.006165659539657845;0.0005876069178331675
0.0055919275257741855;-0.004250305253368493;0.004657736525004435;-0.0011076370643666592
0.004840288016202307;-0.006770721040185462;0.0027798371974753207;0.00012651604158978765
0.004136601422594271;-0.00710461902233081;0.0007312803031361813;0.0024078680538171353
0.003977133500908063;-0.005532605468574844;-0.001460384216756154;0.0027834031303906165
0.004737664597948916;-0.0027316626862154687;-0.0038574780932639293;-0.0006493367275193883
0.006518392912836802;0.00047172417539564264;-0.006551280650030365;-0.007167314658942484
0.009019792678764713;0.0032507870222373892;-0.009467638479113789;-0.013517485418619147
0.011578984888302618;0.004819502029846215;-0.012090429681840357;-0.015769340591339814
0.013394526183620616;0.004502870439007219;-0.013397719294623384;-0.011809919015581328
0.013824850033476003;0.001966818128914914;-0.01227788574201339;-0.0028466120186250443
0.012611497258416007;-0.002461471953867306;-0.008357881855515078;0.007107510744429047
0.009958874992275076;-0.007655626479182467;-0.002731894302973182;0.013451346569412053
0.006477115570924276;-0.011957122791313661;0.0021142357710015745;0.013510622218312906
0.00300823094088114;-0.013778579975958155;0.0034903252067530724;0.007838749299745509
0.0003768952499712849;-0.012228361828168766;0.00020585741322291828;-0.00034873981538503416
-0.000840810555579984;-0.007441021516529081;-0.006467596197073396;-0.007084900953575855
-0.00044054595000150783;-0.0005016962286786188;-0.013465243633698038;-0.0096778694884415
0.0014041121584336877;0.006915273577883397;-0.017870895104599323;-0.007763967366259127
0.004204153057877455;0.013006069945996294;-0.018703198089908522;-0.0030587953821927935
0.007256572259056816;0.016312940545505993;-0.017161681302160885;0.0017520709911804779
0.009778905507726456;0.016162322885689907;-0.015150546959732843;0.00427080108051206
0.011055867197794961;0.012873536787544975;-0.013335251765176189;0.0033052145842142064
0.01056745586096731;0.0075366944285362655;-0.010424058169336628;-0.0007365123334894475
0.008082312921458196;0.0014556836132841157;-0.004384952631133124;-0.006034460436379606
0.0037008324203340157;-0.0043621368768406;0.00528958187792264;-0.010126903842858827
-0.002175800332106658;-0.00935957670243349;0.016119661283470144;-0.0110677447475496
-0.008944694758346307;-0.0132390392650722;0.023396471069755953;-0.008485555522069596
-0.015907349904873136;-0.015685858508270197;0.022947887376076573;-0.0039107740837468615
-0.02231521871991252;-0.016280718495458098;0.014013134380151311;4.0359403345444244e-07
-0.02736460555163305;-0.014690449193961173;4.196149728538589e-05;0.0010499284264397356
-0.030247025942691498;-0.010956447753844429;-0.013242067917036639;-0.001067506097386137
-0.030347156571805235;-0.005599383453072735;-0.021096117849911136;-0.004513072292848496
-0.027512914090492776;0.0005052935518026952;-0.02204891501405871;-0.006520322152288147
-0.022176795894701087;0.00625442598877085;-0.017872255402127245;-0.005280405440189237
-0.015204356513330138;0.010367972867766194;-0.011665208276819099;-0.0011882905681653844
-0.007600325633391674;0.011638077019533916;-0.005722829095488433;0.0033823754395464305
-0.00029437233891411156;0.009510877226707263;-0.000723981915638493;0.005602440862536533
0.00593455143766731;0.004551907450733777;0.003497553223469336;0.0040243237512000395
0.010500530628302453;-0.0017685121652821392;0.006649142462324227;-0.00043452560809387804
0.01309405778049659;-0.007864221917584265;0.007497701213137466;-0.005011366998114839
0.013755304714559444;-0.012695522813730022;0.004698416159915915;-0.006813469200088298
0.012847487018462316;-0.015823955419592337;-0.001808223587407899;-0.004612716944266414
0.010916203760123018;-0.01705341822392087;-0.010109644765537128;0.00045087909770626756
0.008509092184149246;-0.016179040414927237;-0.01703538771778488;0.005650042619794154
0.006041198857662296;-0.013107420699460585;-0.019784189586987622;0.008326307245689673
0.003737724562983891;-0.008157587552250862;-0.017256108442224156;0.007332783372293104
0.0016464610980756764;-0.002165747888230401;-0.010240268006272715;0.00347133378491982
-0.00029109743573497835;0.0037708218994195854;-0.00062695662513558;-0.0011406400240471083
-0.0021377262195657974;0.008710269804286741;0.009518287468472473;-0.004237062603032685
-0.0038847840163670766;0.012105116589110858;0.01840156198812229;-0.004422235348743779
-0.005441075900489877;0.01375264874714765;0.024549582225160443;-0.001623688003990007
-0.006663849336375522;0.013654855354053424;0.026913347192504218;0.003051442617162419
-0.007390096920760432;0.012006066473035657;0.025217893405656607;0.0078428487905416
-0.007465220669898875;0.009277759302189194;0.02027854397165621;0.010999089117519265
-0.006787614123120063;0.006206413652163366;0.013883003825713681;0.011379214894949363
-0.005356249165800537;0.0035977698042947673;0.008152779460537041;0.008829076029094027
-0.0032796053779388535;0.002063423839675367;0.0046982636516997;0.004216711795094146
-0.0007251991189133405;0.0018629282624002992;0.004030224354393637;-0.0008684046775767505
0.002163557046289329;0.002912476341711516;0.005528596396282887;-0.004625747748893509
0.00532525126238025;0.004890746467215648;0.007953704841802097;-0.005616702119257102
0.008761789590138328;0.00734818998942564;0.010191331680816713;-0.003295483410916599
0.012441816995384693;0.009793324893304197;0.011786921732736468;0.0016314759475073764
0.016192830843653354;0.011786554882614944;0.01295759244910597;0.007234822021645839
0.019669589041184713;0.013051575845735287;0.014141355856699938;0.010973172519281236
0.022426649936585302;0.013547849301183794;0.015491967607384147;0.010819356113406634
0.024045189458792873;0.013428599263791429;0.01677225466131848;0.006440819001280698
0.02425497895207964;0.012891929011077519;0.01777684560744873;-0.00027421018639030216
0.023032890995711396;0.012048409146249559;0.018920151832195132;-0.005865584672665766
0.020659816517849615;0.010930522358299739;0.021333994484579153;-0.006991425771951167
0.01767705919286954;0.009615107896050594;0.026081348025632427;-0.002289362467948928
0.014699856574413103;0.008276540201078741;0.03284764641022535;0.006698592451083312
0.01215460883918925;0.007039417473956375;0.03913067685735169;0.016127572653382907
0.010107065605739714;0.005754152925171963;0.04085880146633024;0.021647445245556934
0.008318533815713422;0.00400182034488349;0.034436603181989045;0.020406953220975313
0.006496505515948294;0.0014551035029120264;0.01908781594787656;0.012284431419787792
