MU_1;MU_2;MU_3;MU_4
7.035464983602077e-05;-0.0005270164892640987;-0.0004116964507276666;-4.4163297040848174e-05
2.262230255399218e-05;-0.00037267823645986827;-0.00045156812972419537;-2.7022100126482077e-05
-2.9074721248616227e-05;-0.00020958447191383556;-0.0004860729050826589;-1.1598006079593202e-05
-8.362489199310008e-05;-4.1180070922620115e-05;-0.0005141326226033808;1.7912221870871148e-06
-0.00013984306503759376;0.00012895824087323502;-0.0005348038523423683;1.2879988091718629e-05
-0.00019649793614346384;0.0002972054161874591;-0.0005473007439941107;2.1461493685680556e-05
-0.0002523407223156368;0.00045997317385040594;-0.0005510143067081356;2.7393033930601774e-05
-0.0003061344010471862;0.0006137946551846277;-0.0005455276276247295;3.059979682484771e-05
-0.00035668282092134087;0.0007554066445305754;-0.0005306266538108652;3.1077093711479834e-05
-0.0004028590015705091;0.0008818274047127778;-0.0005063062514350732;2.8890962826831026e-05
-0.00044363195449786957;0.0009904282658394826;-0.0004727713760174623;2.417712400840138e-05
-0.00047809138641715174;0.001078997251438712;-0.0004304333069125054;1.7138289621019676e-05
-0.0005054696909489707;0.0011457932098695213;-0.00037990102482055277;8.039870525247874e-06
-0.0005251606920578765;0.0011895891398595088;-0.00032196792507269264;-2.795857175234445e-06
-0.0005367346732395408;0.001209703648320222;-0.0002575941667903243;-1.4997001984232166e-05
-0.0005399493151810896;0.0012060197416139643;-0.00018788503778113135;-2.8150544278355275e-05
-0.000534756265493747;0.00117899042888133;-0.00011406579373363088;-4.181181763497758e-05
-0.0005213031756207977;0.0011296309030193294;-3.7453494831736854e-05;-5.551469634024362e-05
-0.0004999311555909374;0.0010594973738815992;4.057354769429173e-05;-6.878220774827893e-05
-0.0004711677016107556;0.0009706529585521903;0.00011860799928974374;-8.113733951078996e-05
-0.00043571524152842626;0.0008656213911205502;0.00019524657344250252;-9.211391117949721e-05
-0.00039443551865083967;0.0007473296616552048;0.0002691230339816403;-0.00010126744573074563
-0.0003483301039330809;0.0006190410013640628;0.0003389402223638174;-0.00010818596549172693
-0.00029851741221036435;0.00048427983990554524;0.00040350031843313375;-0.00011250047478169394
-0.0002462067193594037;0.00034675044284709943;0.00046173278268195225;-0.00011389462607627565
-0.0001926698263052881;0.00021025092190988498;0.000512719672419515;-0.00011211281132468528
-0.00013921116906583453;7.858427600118383e-05;0.0005557181500631691;-0.00010696589370004743
-8.713726203056271e-05;-4.453179851664885e-05;0.0005901798571082214;-9.833417487960706e-05
-3.7726322495363447e-05;-0.0001555542992451371;0.0006157663949399906;-8.616798608614075e-05
7.801270890970893e-06;-0.00025120101032953177;0.0006323596160211814;-7.048721515104771e-05
4.8311326092132916e-05;-0.0003285303489514759;0.0006400651752356704;-5.138156551238633e-05
8.278286786455992e-05;-0.0003850119672335586;0.0006392082686639947;-2.901277748673275e-05
0.00011033370128837824;-0.00041858580150784487;0.0006303219021281563;-3.6181757346394927e-06
0.00013024394011357663;-0.00042770876790679886;0.0006141300517891042;2.4487712317450214e-05
0.00014197619767100395;-0.0004113901769967381;0.0005915297044941582;5.491865124325273e-05
0.0001451904590063784;-0.00036921820571428674;0.0005635756428054871;8.723383124288612e-05
0.00013975161432957327;-0.0003013792695444445;0.0005314689912699583;0.00012096668624290959
0.000125728741853538;-0.00020866929325033916;0.0004965453506115943;0.0001556578831699143
0.0001033874915952107;-9.249143458980951e-05;0.00046025314317087597;0.00019087781903859077
7.317951607023513e-05;4.516879670622333e-05;0.0004241114430477992;0.00022622269301142482
3.5734218044296845e-05;0.0002017994494336379;0.00038964262959537474;0.0002612775935415172
-8.14358052378112e-06;0.00037445006306308386;0.00035828915578762875;0.00029556016126541356
-5.747175955252709e-05;0.0005598391343068209;0.0003313405652974001;0.0003284815792324905
-0.00011109391290233409;0.0007544547744015899;0.00030990622901686877;0.00035937296365502004
-0.00016770169921252566;0.0009546176537942302;0.0002949593771612297;0.0003876086354767374
-0.00022588896636895867;0.0011564893007449321;0.0002874435132814649;0.0004128071035269591
-0.00028423730102534583;0.0013560430794198003;0.00028838229650991585;0.00043502061158362255
-0.0003414113354641268;0.0015490578332931352;0.00029889482469165304;0.00045477329474897897
-0.0003962222348133571;0.001731219464074675;0.00032002561282182994;0.0004728260530905878
-0.00044761472530684886;0.0018983937025680577;0.0003523774573436604;0.0004896650914041393
-0.0004945600522463573;0.0020470491071978;0.00039567491564347694;0.0005049098450575065
-0.0005358943099152662;0.0021746837254309867;0.00044852396479715936;0.000517021808277054
-0.0005702066289755848;0.0022800066123600336;0.0005086676083930143;0.000523724357926481
-0.0005959124503575838;0.002362636606355376;0.0005738748492851595;0.0005232912435656134
-0.0006115986629120271;0.0024222716061507435;0.0006432314159976225;0.0005163285317179321
-0.0006165833348026969;0.00245763035586221;0.0007181592100260369;0.0005070672989447623
-0.0006114358609678541;0.002465824106575288;0.000802252736376725;0.000502897401977943
-0.0005980629328949884;0.002442922306038884;0.0008992918586756703;0.000511325793037327
-0.0005790214781423831;0.0023860941174647507;0.0010097066357281858;0.0005348894881940385
-0.0005560593697738206;0.00229679552120176;0.001127084436480003;0.0005663942791524598
-0.0005284459932582905;0.0021833500094776063;0.0012373219022511852;0.0005881638516712074
-0.0004921726553654166;0.0020606222060560882;0.001322796950197209;0.0005784648781127853
-0.0004411704864624811;0.0019450921939625425;0.0013718233265989932;0.0005251013798190549
-0.00037096672853072736;0.001845882628267123;0.001389961777764214;0.0004409274137645649
-0.0002836900969831352;0.0017556020895431242;0.001406161457682609;0.000371186781591901
-0.00019163292014341137;0.0016475257060070342;0.0014658814371120183;0.00038195362128316877
-0.00011580028263114963;0.0014852680047538023;0.001607715131214923;0.0005257359096802084
-7.719881825822636e-05;0.0012460009783113826;0.0018298176222972585;0.0007944155146589714
-8.244987379039671e-05;0.0009490583063008642;0.0020640134483348887;0.001085619880009583
-0.00011050029291285826;0.0006724790638523783;0.0021815665088934337;0.0012159123936424981
-0.00011085569899737887;0.0005374021564412438;0.00204719760446439;0.0010018959359863735
-2.222317292105385e-05;0.0006504720739347348;0.0016136385461899211;0.0003946520952471906
0.00018850944110553972;0.0010184405547238806;0.001014560208606318;-0.0003952811293523768
0.00048165501836453493;0.0014783016507567983;0.000587705085651275;-0.0008788478600326574
0.0007223886958020324;0.0017024955243474514;0.0007670778623423641;-0.00045670232060588247
0.0007097843691219857;0.0013215543229850345;0.0018394983826722417;0.0012284396373516138
0.0002668262161607614;0.00014696933229724503;0.0036572497572375574;0.0038953576222679437
-0.0006377466793397286;-0.0016079990860433967;0.005488943033464095;0.006444831194424978
-0.0018049960071398466;-0.0032732733388233268;0.006200806833732448;0.007258631169424275
-0.002835607176711173;-0.0039650251694350255;0.0048213329350432895;0.005027021091925976
-0.0032940265035439624;-0.0030898727103027676;0.0012528623459460608;-0.00025637084446755997
-0.0029209552451490883;-0.0008295538667782335;-0.003384104975777747;-0.006856399921732914
-0.0017449705704502888;0.0017826090123746123;-0.007221644689088114;-0.011988706001841072
-1.262230453070391e-05;0.003368333437297935;-0.008777346063446266;-0.013377180738031102
0.0019901943456978716;0.0030336115633068936;-0.007877585349651304;-0.010569475105851085
0.004069688823781749;0.0009600533439504433;-0.005506070020707783;-0.005045764477904771
0.0061164927733958156;-0.0016898228936194327;-0.0027041296313079963;0.0007844381077127526
0.007999346332030163;-0.0035197380508423088;0.0003228414917867553;0.004787965328012076
0.00948200307941746;-0.0037651298732632225;0.003920279957660107;0.0057878627260281035
0.010263045859385613;-0.0026754527752670615;0.00788848747997193;0.0037035979530392776
0.010135317840903445;-0.0012869204983765054;0.010929429522496023;-0.0004842635801758386
0.009159248071992344;-0.0009445973927285121;0.011426286900565685;-0.00481555152553276
0.007721663503681684;-0.0028234987622023345;0.00886747618306363;-0.006780204613183128
0.006391699417778484;-0.007284035490725303;0.00451320312883442;-0.004421830284107247
0.005561402738690041;-0.013088852131736621;0.000653544077931614;0.0022120909292300205
0.005046725097410694;-0.017299607886913343;-0.0009036688924909064;0.010446326905605253
0.004035964186457117;-0.01672191082645459;9.243981182805862e-05;0.016244282099049236
0.0016236655626675164;-0.01031732517022366;0.0024430022681284024;0.01685541751809517
-0.002391726140931286;-0.0005296408693868189;0.004570298450717339;0.012736076728045087
-0.0071103221681387265;0.007950642331925387;0.005606577643873053;0.007049532857394809
-0.010864107274514817;0.011178761555267662;0.005633621590663963;0.003229393842663493
-0.012012310721460246;0.008388749975982624;0.005068729980079999;0.002656236885763592
-0.009700039470795509;0.002192000352665392;0.004009243415866356;0.004080799042868197
-0.004261165886122557;-0.0033312948065489655;0.002253897281885931;0.004905687406121772
0.0028228126949482297;-0.005173940597517276;-0.00013176456527461453;0.0032180850987328508
0.009378650896450954;-0.002942029134930857;-0.0024459769458149956;-0.0008305931406354037
0.013284306971274184;0.0013664726615583538;-0.003658500295021602;-0.005098731268051376
0.013247430282763381;0.004900402052448778;-0.0031586586401180683;-0.006775134776099582
0.009321855014280516;0.0056800152916213755;-0.0013129840143840158;-0.0040869969269355065
0.0029614340511881243;0.0035290535602933645;0.0006090268865920952;0.002455187962777647
-0.003434078559804645;-0.00011880471231372097;0.0011109859133582119;0.009833720263842377
-0.007399881955759784;-0.003225616612483632;-0.0006749187743479094;0.013622101803494513
-0.007480341266776202;-0.004289671539875294;-0.004475619184198955;0.010259928040613082
-0.004032217215092719;-0.0029707355775779923;-0.008969176079053115;-0.0004891453322395418
0.0008116422275784338;6.658776862190643e-05;-0.012333333665640565;-0.014581949821073263
0.004229574214650003;0.0038243521202494355;-0.012949151109196505;-0.025452855874734035
0.00431191654703171;0.007538009194151341;-0.010099751410743554;-0.027856728159250135
0.0011369764267654052;0.010637843473947002;-0.004504782588117347;-0.021291245488256463
-0.0034011596654742915;0.012196761871449312;0.0017314642788816494;-0.010404898449496757
-0.006817580533062716;0.010594568111341617;0.006108347695384219;-0.0019470016546617487
-0.0074221154927941665;0.004175947519700756;0.007223076677482374;-0.0004522893554841527
-0.005045484566389305;-0.0071518677860205725;0.005618851656126154;-0.005643639833295909
-0.0008788463334019833;-0.02059705108107508;0.003229366827974331;-0.01302066630686939
0.0032755824067378495;-0.03096283013978962;0.001893067506488368;-0.016903188921096397
0.005855649205832346;-0.0332205345757916;0.0020932819874790367;-0.013950036339825759
0.006084205678984933;-0.025575981896457742;0.0026498989543545545;-0.0051554111855804325
0.004047649781542525;-0.01076249667966803;0.0013826483130579266;0.004832814702115191
0.0004447176533546368;0.005386787537177811;-0.003504412769027404;0.0107220586257983
-0.0037215812166163133;0.017019339144905242;-0.011802120669895843;0.009973632813405575
-0.0073687195585793895;0.020976132816072236;-0.020513923690278366;0.0042630282994564365
-0.009547083120103668;0.017688389152060384;-0.02506585991545449;-0.001917971663773106
-0.009718225999257512;0.010154806458125014;-0.022232732020446084;-0.004331232264185441
-0.007993792311153169;0.0020243992820417104;-0.0126036447035424;-0.0014789603837951787
-0.005138956465144153;-0.0039294385461988175;-0.0004061948826710688;0.005035919902682229
-0.0022866810620248775;-0.006290014808820667;0.009191152021883255;0.012058348760667213
-0.0005088645699737599;-0.004698259486239936;0.013004237077799572;0.016847183049831554
-0.00041600318682777235;0.0004927561693872206;0.0108725052424597;0.01811671697901816
-0.0018419022372584638;0.00813125407480895;0.004715489115854754;0.01589569859188391
-0.0036900854657474025;0.015949949725624878;-0.00292215945753232;0.010862997204252009
-0.0042288865489233;0.020762662471082338;-0.009646545828209575;0.0039938621929183
-0.002068221215058103;0.01978909639603083;-0.01347443741222387;-0.0032043807104719523
0.002590433577625747;0.012694206828670038;-0.013324020065245098;-0.008473787488274943
0.007478148228023328;0.002642742909972915;-0.009658274984487125;-0.0095622116542812
0.009298798435476513;-0.0052812266034743816;-0.004349966213331691;-0.005994098820055058
0.005810942182145932;-0.007713801482522965;0.0005560797963356733;-0.00031827678824647773
-0.0024921627574661315;-0.005615521036212989;0.004121610270623559;0.003010165984669743
-0.012297686360725568;-0.003151766283925051;0.0066006755754865086;0.00093080567225084
-0.019027197093511465;-0.0037756864437049295;0.008465091268807862;-0.005506375238255287
-0.01912442988451569;-0.0073639476510591875;0.009583931687699583;-0.011786372973694795
-0.011961394012597097;-0.010957842930716033;0.009311606202316778;-0.013572536404850778
-0.0004779162142890661;-0.011712519525791738;0.007133677779464964;-0.010013900799993062
0.009929698926571934;-0.008823455096142135;0.0031933258790689365;-0.0039436339682818655
0.014047762020017084;-0.003210345118872933;-0.0015297021139366194;0.000616754787496211
0.009791442837504109;0.0035703633988286407;-0.005352222169793186;0.0011947010561002135
-0.00039732462435240317;0.009655078153588643;-0.006447504747650056;-0.0019060734096857015
-0.010925858469900192;0.012794113986943694;-0.0038492261428799486;-0.006024977547818582
-0.016501997140982647;0.011054378596731284;0.0016417057930002818;-0.007642606320148674
-0.015233856319933963;0.00429584618638829;0.007494007876177019;-0.004335524337159672
-0.009186395374565618;-0.00498461722686133;0.010716124114709513;0.0036598879922960055
-0.002320114000307147;-0.012616720502586325;0.009609376544608672;0.013281074151485276
0.0022750601857565744;-0.015138541232703103;0.004741632186774689;0.02025299164191992
0.0037945394933348634;-0.011915776004371324;-0.0015308184030735146;0.021597667709331678
0.003212772382494655;-0.005422605097459019;-0.0064950598816819645;0.017337278648398274
0.0018446802708790041;0.0005226381107070519;-0.008352688424267384;0.010198781405057034
0.0003403594319083914;0.0032518174586799666;-0.0066789604441342245;0.003637346902263074
-0.0013075604830137181;0.002677683251763059;-0.0022943444998509313;-0.00027664078979203405
-0.0031536160899725413;0.0007763016420614762;0.0029770864154936524;-0.0016370251397474118
-0.004832815924966489;-0.00023710160459612008;0.006677996778096362;-0.001897540240650078
-0.005622596824284284;0.0005003883948630136;0.006565857865603122;-0.002464265269651918
-0.00490493217048101;0.0022687830736123995;0.0018442415186473477;-0.003841776901064288
-0.002649544818330684;0.0037675735479617764;-0.006021589542651821;-0.005633001182857375
0.00044661007065466306;0.004274248325927397;-0.01373687125784001;-0.006909826899427433
0.003332328065807325;0.003990956491959146;-0.017880795586514307;-0.0066114039652439656
0.005293631189896113;0.0035008546034525994;-0.016928729280279265;-0.00413440356761174
0.006438482351538004;0.0030383100039227786;-0.012228616970350664;-9.093416701381344e-05
0.007506181522333773;0.0023284353873652595;-0.007079542334066815;0.0034762422788945143
0.009061714046626899;0.001123965943483159;-0.004384037558113572;0.004082824344958549
0.010742716170328705;-0.00017671057543269385;-0.004578149668451294;0.0005630790237675774
0.011321957609033739;-0.0006160362851456454;-0.005456631579854826;-0.005802848024275618
0.009690296260916869;0.00041607316955040837;-0.004018328419065559;-0.011905118742317413
0.00597200679704668;0.0022516468392109416;0.0011035352838861872;-0.014845413290878757
0.0017611069438361693;0.002979286144963861;0.008432762490956395;-0.013753507005098992
-0.0008177937569798639;0.0006819523525511345;0.01453312218565966;-0.009868591447921479
-0.0005591547943542005;-0.004890325086210352;0.01634326888531662;-0.005062994049929161
0.0019165517641748318;-0.01148749369048024;0.013271790451379977;-0.00045219112740261294
0.004455014318826295;-0.015291468027027258;0.007537836699311348;0.003692583414022658
0.004685753137263474;-0.013334017430020356;0.0025577315561900607;0.00714141417506142
0.0015208262169300435;-0.005764226569652587;0.0006568445112115677;0.009228460203624963
-0.004075573731107337;0.003874239323205963;0.0018543319273389884;0.00924995579942146
-0.009463348593177639;0.01075894657964805;0.004454351260078682;0.007212742324853887
-0.011627382460362923;0.011816497509781148;0.006568874072085274;0.004060203913778944
-0.008739686320250276;0.007490370050118035;0.007119095015447678;0.0011041092359580927
-0.0011891659587762744;0.0010788593614618717;0.005813533956059569;-0.000760471605702842
0.008490105041346502;-0.0036939782073489853;0.002782750685438863;-0.001352879741716231
0.016803755920822862;-0.005001633541103678;-0.001419246072924559;-0.0009701564170272764
0.020959793266895003;-0.003590458622927609;-0.0056068260819102335;-5.752001839194491e-05
0.02007198477322548;-0.001690566084278157;-0.008185276644006801;0.0009862776333762861
0.015287056348202458;-0.001243567945690757;-0.007982619893585678;0.0019808320825516388
0.00894034552482392;-0.002680554341151785;-0.005136445688547073;0.003113805880340871
0.003391046311390384;-0.004842121760754124;-0.001278221593710397;0.00480646737776378
0.0001840154575265585;-0.0058713223054307605;0.001284466277062747;0.007172903754967376
-0.00022627306174385214;-0.004444498400121779;0.0009619746579372588;0.009451199706741832
0.0016508811749449549;-0.0006216675567583888;-0.002056800607419867;0.010079969731621176
0.004623910599598717;0.004151800474434938;-0.005864825469918057;0.0077129075463930495
0.007188574272907131;0.00789042032517937;-0.008072950620269826;0.0025476357047418763
0.008066301101895344;0.009259156623692847;-0.007404563581759703;-0.0032679122375049705
0.00683376575914366;0.008327293721012576;-0.004506886005199228;-0.0068324429734745035
0.004226715997139263;0.00628443190523544;-0.001376445114666789;-0.0064932698553830485
0.0016573128472994524;0.004218940835995734;0.00016914584276245828;-0.0029326097372043055
5.651438489912022e-06;0.001909007148573454;-0.0002107955053323113;0.0016179237918040612
-0.001493208753535541;-0.0021749344655562484;-0.0013363924778081358;0.005218792041661142
-0.005133394955696467;-0.009305600319157066;-0.0016916477899809003;0.0073617817620487596
-0.012923436683477695;-0.018497023830233546;-0.0007205707460531689;0.008498124750921727
-0.02408443057044078;-0.02600196032304138;0.0009298919836323723;0.008737417192635242
-0.03405034438647502;-0.027392199468111684;0.002252463395780532;0.007266184611495246
-0.036569111482625476;-0.02111051613910774;0.002730468462742059;0.003206726481793723
-0.027991995268396505;-0.010536319099513216;0.0023241173437512784;-0.00284988630705358
-0.010518313327288451;-0.002134916797409548;0.0009466234519073847;-0.00819228999022333
0.008404531939439085;-0.0005460381858774274;-0.0015820638447137721;-0.00925062086405974
0.02028509745882621;-0.004809906167135185;-0.004879092033237707;-0.004263921217904537
0.020435503616253427;-0.009456117463644614;-0.007504963777206298;0.0046630832880659515
0.010363243797278906;-0.009509289454739759;-0.007482465089038234;0.012198894284518905
-0.003433317617427998;-0.004383414426765289;-0.0036041379452261516;0.013236969987366192
-0.013182904100609712;0.0029539204243199378;0.0035369021028315646;0.006647950423579526
-0.013826208392184592;0.009753758174389436;0.011617987769199176;-0.003850967018259858
-0.005250114139065831;0.015555531053477676;0.01769495203171667;-0.01250099343807865
0.008098232431501547;0.02081577305268785;0.01962392452707889;-0.015503538051403233
0.019763011798243614;0.02477154756694097;0.01701321904583019;-0.012957998098940628
0.02454118985666279;0.02555476757415794;0.011297713377138245;-0.00776559212100506
0.02072394743609835;0.022190462941732093;0.005002005844420557;-0.0031288851597549277
0.010348166924584097;0.01588259734664859;0.0005737344428585802;-0.0007177017089195416
-0.0022142244593644275;0.009266325450503788;-0.0006961375715502018;-0.0003356304715189037
-0.012273399473827525;0.004664067835811994;0.0008444387883208636;-0.0007670312096189285
-0.016577076182274157;0.0029730788672026336;0.003570209974979537;-0.0009949825293551217
-0.014376008493541243;0.003715750856316845;0.005519490742490089;-0.0008952161568113367
-0.007579832029343095;0.005721979098046049;0.005304584779436298;-0.0009040938285024764
7.866556236761848e-05;0.007783590237025248;0.002565634982279355;-0.0010483553968148344
0.004662029169882298;0.009032188317738003;-0.0020074268868847155;-0.0004072329360761029
0.003825910320583997;0.009091823946199002;-0.006906107815602768;0.002236137997495161
-0.0020651773393742267;0.008071893352066968;-0.010293362411582413;0.006961770149072759
-0.010179096534582273;0.006387539836159242;-0.010773564467281943;0.011854936838330386
-0.016763655518143166;0.004447099681969394;-0.008123995558126684;0.013808057095655206
-0.01909176596717332;0.0024303121177499526;-0.003461194273930709;0.01063087478914686
-0.016607154244406896;0.00039952586931820035;0.0013661755356627295;0.0027982313831728047
-0.010680868732641348;-0.0013630416913527836;0.0048051288577313275;-0.006646765741630624
-0.003430792946921605;-0.0022605952409269613;0.006394690685454284;-0.013910660400542363
0.0033520892251435496;-0.0018146607002574393;0.006798277665901125;-0.016482868269894327
0.008492301880399707;-0.0002520691643186573;0.007004198926018844;-0.014029195650540047
0.011189317309962761;0.0014790277593317903;0.007297704919612974;-0.008012419122903796
0.01100723405252574;0.0024699361688676823;0.006988686236386178;-0.0007808790796949289
0.008346246236623663;0.0026968199516878865;0.005286229468137726;0.005249428079532126
0.004748481372821632;0.003057222642443729;0.002425726564285463;0.008236206199345644
0.00228426367903543;0.004510397300064711;-0.0002993171598297763;0.007493042196387054
0.0022050655357249054;0.007153434452526703;-0.0017078424941343255;0.003888893443208741
0.003980739604847396;0.010074787331039678;-0.0016933655115877646;-0.00030418026615454115
0.005662289227801082;0.011990995317437202;-0.0008537571561002253;-0.0023741852721554458
0.005349475023504159;0.01199273140569275;0.0005249393364772912;-0.0007248590712139027
0.002560534233713353;0.009858941966824634;0.002601130204692756;0.0038244535394190973
-0.0015537901771829907;0.005966253646981532;0.0050120753804131;0.008157803111935641
-0.005158419177463845;0.0011215674330880005;0.006242604161959926;0.008876881108534289
-0.006957752487131541;-0.003506076450139504;0.004503310337630262;0.005005261587498965
-0.006816028941903386;-0.006505841109878433;-0.0005317471541178155;-0.0009531498328238513
-0.00555345672846073;-0.006681456961739134;-0.006909109951844495;-0.004811035496650146
-0.0042605231712459024;-0.0038130419609017393;-0.01145924494455589;-0.0038956071964064798
-0.0035925821825932053;0.0008452584367891295;-0.011949424022736613;0.001127912101686864
-0.0033853523308221504;0.004968320322692344;-0.008643636378136239;0.007095846898888538
-0.002776593487916321;0.006401130332605935;-0.004124126185090857;0.010689343370292183
-0.0007869286478961357;0.004375649388837793;-0.001500601418737957;0.010287870320150104
0.0029824573191187787;-0.000205527038089232;-0.0022311024691648897;0.006344688146637337
0.007992690685957158;-0.005555564960528449;-0.0050886513245659215;0.0005773420933182245
0.012971335461230672;-0.010120038204474232;-0.007071996581560802;-0.005198573388904495
0.016496875066997256;-0.013112924370974067;-0.0056655312757632375;-0.009870411220855687
0.017583515114165973;-0.01426522034880803;-0.0008119875534450844;-0.01312378162011574
0.01601763244967141;-0.013420552308792898;0.004883986065731645;-0.014953508305419356
0.012433803437353251;-0.010649973684826878;0.007919399644039813;-0.015085427408559825
0.008178341370393187;-0.006752668174469506;0.006361113519604644;-0.01287716781858399
0.004885745684936392;-0.003331473390635053;0.0012451935537327603;-0.007910130727450827
0.0036933340174488587;-0.001964172100995847;-0.004053377029632763;-0.0008456578073356254
0.004387601225487083;-0.003051321997843636;-0.006005007528173448;0.006313151731316283
0.005210064091848161;-0.005448274247098511;-0.0031968161625901465;0.01106576633771108
0.0038604240452872326;-0.007240979879305567;0.002765488519318434;0.011824941795537117
-0.0007227536433362248;-0.006901178711540875;0.008280786250950797;0.00869902470470728
-0.007106988551141466;-0.003965441393568144;0.010007504278770594;0.003114293215498972
-0.011786294477637446;0.0008264139920992008;0.006853008191234569;-0.0030701319649627918
-0.011245988019092238;0.005670274664954967;0.0004554254047733392;-0.008145586752911224
-0.004397767315755489;0.008254847251530199;-0.005952056339597494;-0.010845952243022667
0.006232563969172288;0.006938743267694085;-0.009345245690268808;-0.010714271596425762
0.015431481330697038;0.0020291243811129994;-0.008264255702281058;-0.008355814458271984
0.01791180734827174;-0.003911158621708772;-0.0032313620880137115;-0.005042919788208165
0.011192764133835345;-0.00729587740609365;0.003614114068141287;-0.0017663659327922685
-0.002793612181521242;-0.005671993430419486;0.009380641093260497;0.0013518567958091423
-0.018223269174410812;0.0005541576153315023;0.01162657994427024;0.00457245538569902
-0.02789306027838305;0.007909831058488859;0.009572263371056775;0.007467640646322108
-0.026671648508758913;0.011402599186260073;0.0046159654662708445;0.008618546863786004
-0.014240496789387777;0.007232600574196181;-0.00046336874620247814;0.00678749339784526
0.004387589903429108;-0.004605649116618045;-0.0033237411134603924;0.0025260057511498593
0.02105023142238085;-0.01956860262945543;-0.003572973276351312;-0.001732412586509604
0.02834980949833274;-0.03079616915093174;-0.0026938926068350603;-0.00369487108079165
0.023295146057334872;-0.0332911517009528;-0.002456716790248142;-0.003450194191403907
0.008700202075782171;-0.02690331942647098;-0.003291540833467466;-0.0032996670775318503
-0.00837242254981333;-0.015684641082470863;-0.004054109356358425;-0.0049548845649060175
-0.020125823616535168;-0.0045712638953532315;-0.0031992734761656237;-0.007094750854223335
-0.021599530711733612;0.0033348936687006953;-0.00013206552737140634;-0.006378991419412234
-0.012728742346333251;0.007046600829705829;0.004355948825191351;-0.0012626736235015802
0.0017683175186793253;0.006747199299553954;0.008598967940400309;0.005541427971242429
0.014527747110284595;0.0034990331350318316;0.010904848922094215;0.008937188041992955
0.01893398163000877;-0.000517179380973244;0.010336580783393626;0.005914619700056903
0.01244147592761227;-0.0026100252057072253;0.007300838940446175;-0.0018694776430419411
-0.0018649793535437155;-0.0011957934979473857;0.003597378051822903;-0.009704638449645728
-0.016716841100827884;0.0030116840393413194;0.001522391448200867;-0.013705615773862277
-0.02467979998915183;0.007424535974231467;0.002385809939048427;-0.013241272206214625
-0.02233495087828479;0.0092757910008431;0.0056501598777305454;-0.010140985114826005
-0.011882387983372931;0.007329517605361567;0.009527840254286341;-0.00620436069875585
0.0006866952077107036;0.0025926342943759463;0.012429613755946976;-0.0018515976090149426
0.009305087039224927;-0.0023152360624744267;0.013826753474998633;0.0030430303192565612
0.01097491820389722;-0.004808579154640254;0.01391868782434809;0.007739284538134886
0.006743173437177535;-0.004007333480831626;0.012897965299480054;0.010652545530191418
0.00043139768472712643;-0.0012167215278339083;0.01080606597176662;0.010765939681081919
-0.0038275857007444504;0.0012248827531165312;0.00792584294878224;0.008637456673412569
-0.0038266959230440255;0.0018148211581502595;0.004916008029696662;0.0058332590930706835
-0.0001806956996211189;0.0008990499420170184;0.0023744817465129148;0.0035380329201430234
0.0044492679756870475;2.4867090011506753e-05;0.00039786463383256727;0.0018438662262108762
0.007158696590915166;0.0003224086223804531;-0.0012596447975338919;0.00019353422961405477
0.0063804063391197634;0.001416184043727434;-0.0026214693962274297;-0.0017656418991392553
0.002304596586032536;0.0017939691632813577;-0.0032390194894693857;-0.0037511780105490963
-0.003762514933546228;0.0002094988959494544;-0.0025901418060686136;-0.005015581511343974
-0.010233031402859595;-0.0031605468215383454;-0.0007047221486278638;-0.0048646536820464124
-0.015607979515928152;-0.006746288971260387;0.0016440888523133476;-0.003243487409816863
-0.018509272064281636;-0.008663248359366922;0.0034091571111133814;-0.0010968233477563199
-0.01790321231695173;-0.007901312419406125;0.004021066388367864;-0.000142626786377137
-0.01370014968934093;-0.004765798046269419;0.0037945819612570063;-0.0018927413214027723
-0.007257837448890004;-0.000442126984692351;0.0036560553902099907;-0.006353703504329222
-0.0010686257588262188;0.0037922165958501446;0.0044550844561071015;-0.011449097512051018
0.00253937689596497;0.00711999672110046;0.006436680041813627;-0.01406450225252549
0.002893595020048997;0.009287437822560807;0.009161310462467388;-0.01236914291551056
0.0014569028885849788;0.010368192607063629;0.011723037701628155;-0.007582268651168375
0.0007803074222850293;0.0103951797355249;0.013090288061256963;-0.003322265090066802
0.002620979021563872;0.00912401707516596;0.012560419154594623;-0.002715198926398984
0.006560221493950095;0.006194566006160364;0.01017372177511981;-0.005748540650441616
0.010068407543715047;0.0016776566991905922;0.006701474354380679;-0.009323996638358445
0.00998674912301148;-0.0034202586861075057;0.003108558731578437;-0.00989584911768759
0.004546108087322205;-0.007210011027664441;7.27840877625183e-06;-0.00623488660247696
-0.0052642106406797255;-0.0077092222030692974;-0.0023113142836948164;-0.00011149101508198009
-0.01584973335861295;-0.0040832218656318055;-0.0034087936306781298;0.005227275137864606
-0.02272972510325928;0.0023249136859124155;-0.002589958589312333;0.007419835119029919
-0.022885076256318065;0.007986072277893844;0.0003564003469437708;0.006758014472121919
-0.01630190648449696;0.008662819346932336;0.004103542588746085;0.006337549661450734
-0.005755578229938769;0.0019258908779958568;0.005601734970965562;0.010077824462771844
0.004897271747388984;-0.010740848732126614;0.0014551955938825827;0.019389072916630907
0.01263253465733853;-0.02397957228548921;-0.009739872029843189;0.03096081726535447
0.016151311444212304;-0.03137559626818249;-0.025703538852108406;0.03812385998961873
0.015572795216836504;-0.029489376591562942;-0.040876910236929215;0.03542279839141929
0.011742421380411474;-0.020052365224780277;-0.04910895068349509;0.0228406987631811
0.0059652849383978555;-0.008426818636046043;-0.04719214946488937;0.006145805488235973
0.00013294331347306655;0.0003920395194781156;-0.03688921470310936;-0.006775524501142641
-0.003431794464851967;0.004866379399747035;-0.023871785932636422;-0.010620821752517396
-0.0028226516655860986;0.006849347551477462;-0.014223341093618586;-0.005349179023266272
0.0023238187426028664;0.009074760732751635;-0.010933838177930486;0.00428736046302989
0.010304559265800475;0.012696627182753762;-0.012653349010117044;0.011748885827771382
0.017949218755705147;0.016693967404275756;-0.015300779951257393;0.012577346368181396
0.022051677436693506;0.019066488175639478;-0.015244803062348931;0.006871454962666874
0.020806381130662212;0.018479484367208813;-0.011797790280294368;-0.0012588902979248084
0.014511643249930133;0.015101041082754608;-0.0073319661735709776;-0.0068093715001583885
0.005305112034790047;0.010312789187839897;-0.0051215520079460715;-0.007215905341999986
-0.0038129858857662564;0.005812276629906426;-0.006691229112161181;-0.003567166398688947
-0.010175962794107289;0.0028040134770005035;-0.010683672495366826;0.0008164535277692197
-0.012375828891324431;0.0016503942473068299;-0.013947765009940364;0.002950057674659485
-0.010589819539398847;0.0019816912347906533;-0.013878108094562542;0.001857617211517844
-0.0062583633114249295;0.0030857865320555408;-0.01026458664083726;-0.0015121196265432749
-0.0013480180378810573;0.004351915079292316;-0.005362891298344916;-0.0053978266809139724
0.0024464566775958927;0.005528097670095738;-0.002147525551631983;-0.00819643471848115
0.00427455883477366;0.006618960896606642;-0.002041994940444371;-0.008905627697526081
0.004307719032524802;0.007493666159709816;-0.003920573458139946;-0.007371437509174913
0.0034505621222564414;0.007582558359461097;-0.0052462133056674866;-0.004496754869907039
0.0026788242658937833;0.006076601411113739;-0.004433232328782627;-0.0020029854223158725
0.002356842443132985;0.0026210629006229113;-0.0024343423178832275;-0.0013810291857247314
0.002038030863324949;-0.002039706789340299;-0.0021612212574469154;-0.002545917544069846
0.0010151737094193953;-0.00608014335693625;-0.006117454847032192;-0.003493366121022837
-0.0007179001510357319;-0.0074035734473841645;-0.014044946564346128;-0.001746352413219169
-0.0019424103082220552;-0.004812532349861204;-0.022403658813851163;0.0033340769372526787
-0.0008249654999604925;0.00112570690527352;-0.026232603994853974;0.009491368551152254
0.0035380060594301095;0.008092322256804329;-0.022283618583751646;0.013018661431758383
0.00980880416888414;0.013139070380634872;-0.011323753624670436;0.011630646185990223
0.014600088810125002;0.014478156401171435;0.0020957724080039523;0.006210706230290584
0.014403062838460849;0.012734447588294966;0.012364753082905402;-0.0001384597116443772
0.008064963845996151;0.010424263102207251;0.016109723510039357;-0.004728515996332827
-0.001998744546651318;0.009699992762356236;0.013738444929725488;-0.0070083653885965515
-0.01090691919319695;0.010150734997679498;0.008414958523935047;-0.007915734403469156
-0.014134953873765852;0.008834213646235618;0.0036303586126310884;-0.008035669382782907
-0.010193567303236123;0.0029024160025197983;0.0012548916483953367;-0.006884996374016233
-0.0013885969991505056;-0.007331154183352984;0.0011257588945599042;-0.00401644726009299
0.007758059342433353;-0.017739872397686086;0.0019122030799715295;-0.00032256836402246345
0.01324697326528347;-0.02303312987647479;0.0022891768380998803;0.0022583859367012447
0.013619598485745921;-0.020675748283652533;0.0016272867741847282;0.002413276179566561
0.010037728603989698;-0.012840680590246775;7.433118904458662e-05;0.0006294413718116749
0.004696886652317252;-0.004772332161534887;-0.001610343091002327;-0.0014105246404320672
-0.000986877410727691;-0.0009325472573436424;-0.002259627876619737;-0.0025462774725153433
-0.007011570211754499;-0.0020076614642264633;-0.0007864287898012945;-0.003198253807027899
-0.0139300454695717;-0.00491405937289046;0.0029209346788501844;-0.004770025939104413
-0.02136561794170969;-0.005454056388534355;0.007367381494687775;-0.008086195641919263
-0.02720916509402272;-0.0014324057503984384;0.010068660832753809;-0.012406164712904155
-0.02832806446785014;0.005968404456108347;0.009383820662291372;-0.015780710489219023
-0.0225322571399093;0.013353132446906136;0.006069872779971137;-0.016130246041295374
-0.010485705320706012;0.017869503187277078;0.0029232209820649613;-0.012071799670813285
0.003923290099789964;0.019403628587420608;0.002522016054041019;-0.003399397716871579
0.015224567427140873;0.020234705009292357;0.004955509212218753;0.008308583890616327
0.019078168939621575;0.022184651699487815;0.007549759265359377;0.019278972015080668
0.014431534884956507;0.023928037315998518;0.0068612029174769055;0.024640647529718278
0.0039433055083865935;0.021498833784518986;0.0014065440559231843;0.021457390724436493
-0.00741493176337144;0.011915639710748433;-0.006756417854971329;0.011584823487940802
-0.014718018132783563;-0.003656257508662286;-0.012574746753140685;0.0011902514125668269
-0.0152315720472219;-0.020382924934295242;-0.010486178732688431;-0.0035283441543818212
-0.00945063499039666;-0.033116475936917425;0.0022684888562345836;-0.0009135028905289783
-0.0006877065613236787;-0.03920654055173505;0.023246280019803268;0.005333465087496897
0.006594180286931488;-0.03876495713724765;0.045041358423588716;0.009509103251114176
0.009014720507319324;-0.03338737911956213;0.05869710733912176;0.00823977489101344
0.0059735917608278715;-0.02518003212903729;0.0586290818203448;0.0024208628672832155
-0.0002526509822779995;-0.016433755133846047;0.0457728700037139;-0.004090153573393373
-0.006153178963880456;-0.009163249757796832;0.02658725070124391;-0.007457318201027368
-0.009174821857305709;-0.004354255544167828;0.008757468566361722;-0.00624153184753301
-0.008870920628880431;-0.0016684356044222152;-0.0030159024687522597;-0.0017951130463228612
-0.006435262488967647;-4.9518138439804084e-05;-0.00831203271071677;0.0031147531675670215
-0.0033999725920079763;0.0012931051059955278;-0.009316606118139299;0.006144306967829917
-0.0006821513000560505;0.0023854048086761814;-0.008301325534152278;0.0064135774151731426
0.0014802011900234143;0.00280147722388035;-0.006290447577556279;0.004392122707511682
0.003041486016238424;0.002390308696550386;-0.0033448380143899802;0.0011292563386492024
0.003793510112056874;0.0017270083336768968;0.00044385859793849374;-0.002466120706909261
0.0034951778248810167;0.0018554157419817814;0.004313541048474925;-0.005912551506926202
0.0022716734638718915;0.0034350117640004987;0.00696519191718418;-0.009007384394510891
0.0007991820024418677;0.005882986631224068;0.007224904904835343;-0.01142799025280174
5.84375689345276e-06;0.007242948939070079;0.004733096169953814;-0.012378180622536943
0.00044896452637660245;0.005185934447415752;0.0002713902139855979;-0.010720900423930224
0.001794767939540463;-0.0012255823610680268;-0.004435051182849464;-0.005878867950890255
0.0028133362301011374;-0.010243167992488846;-0.007427205128808064;0.0010317839084345098
0.002059233740456224;-0.01792392941568912;-0.007539964833363583;0.007097500230261615
-0.0010426936772640351;-0.020441174955177742;-0.005261392131492027;0.009137132619351295
-0.00544623386962034;-0.016553413837462443;-0.002726372762886949;0.005811143858535586
-0.008793492125044856;-0.008325958355941116;-0.0024816595628108697;-0.0013725828866772425
-0.008797561198142926;0.0002595487234601233;-0.005622997015161686;-0.008738190154263867
-0.0047955804801410535;0.0055602576043943365;-0.010706828741088699;-0.012156238901788387
0.00169605369119898;0.0059358066505570545;-0.014480585609149506;-0.009024568519056368
0.007865873920673356;0.002209750122925321;-0.014055019675794025;8.69756731113321e-06
0.011236091750049007;-0.0029452825160228772;-0.00895244840003199;0.01046038732347835
0.010821501294584757;-0.006344954246108545;-0.0015714758909539566;0.015700876399918746
0.007161650422130928;-0.005863244594202224;0.004215387998354156;0.010877639062574206
0.0015831605212480774;-0.0015072217955184586;0.0053978173084458314;-0.0031941049935934273
-0.0045028216044985655;0.004642158693888931;0.001648179632207593;-0.019425361785797457
-0.009864785601707072;0.009601662362950387;-0.004520821508885419;-0.02839691382794906
-0.01347332602717353;0.011065191059366934;-0.009421921970909198;-0.0244073375060568
-0.014587882525442452;0.008606979614140612;-0.010511858023248052;-0.009176817618987193
-0.012896655871909728;0.0040694609477470054;-0.007499830217243358;0.009441120599016776
-0.008518645078301912;0.0009273985710509611;-0.001401506127907585;0.02240542089133187
-0.0018801055454016897;0.002599439118509573;0.007151518912456392;0.024322267184593203
0.006275552853929539;0.010265080528732217;0.018123849744674445;0.015383879062550588
0.01463858888439;0.021533410771133823;0.030362394057643;0.0003051876809461666
0.021227445086260444;0.03126243374706172;0.040182622426734114;-0.014283430598458682
0.023985152437175455;0.03438972538642298;0.042714915568981555;-0.022709530096853975
0.02201279361155749;0.02890708873099384;0.035547811668471645;-0.022601901553897512
0.016460830975688578;0.01689251072373313;0.021313577431557186;-0.015779758316296102
0.010036713485555177;0.0030958690531643915;0.006417197163611785;-0.006894316674251424
0.005261303028801391;-0.0076301179824023345;-0.0032800861162272685;-0.0003871039289260103
0.0029177247369331976;-0.012319958421625293;-0.006085800152897745;0.0020857982255686005
0.002079097880548094;-0.01050315411783638;-0.0044531665906161555;0.0018227348953523432
0.0015653221748764764;-0.0037745242145343035;-0.0019498168650381581;0.0010522305186888867
0.0012589689103223495;0.004972459163629231;-0.0004547767403976275;0.0008412492676085223
0.0019613643582250028;0.012378256938130366;0.00012207215878001228;0.0008026611203569321
0.004090220360540508;0.015671819360001338;0.0003076057016824953;0.00045632033992271066
0.006704323667199507;0.013893584941487151;-2.5756937707223995e-05;0.0004502776303277048
0.007906192837530183;0.008588367419743387;-0.0012906413618135454;0.0021713996462669484
0.0062827366480576905;0.003089137274069468;-0.0032927379688679893;0.00614058761923851
0.0021626555365045243;0.00041633560728266685;-0.005056194456338308;0.010982138113134487
-0.002285916211366128;0.0011785143287755724;-0.005424613606251648;0.014170353830580691
-0.004221963079239592;0.003212885776799641;-0.003703496575048671;0.013892984259065325
-0.0018895304963896375;0.0034051041872222615;3.2479603954905393e-06;0.010325405900903962
0.004068384234563378;0.0002722254080495964;0.004592867614267758;0.0053533231807487746
0.010659357213229893;-0.0047740013970131705;0.008015116025965276;0.0012127256646834391
0.014185395459013735;-0.008464473783621739;0.008092602820834018;-0.0008550243016132128
0.012576295391907362;-0.008159279050960304;0.004038079076297706;-0.001145506411444746
0.006723441088209987;-0.0038821008884864674;-0.002528121422468932;-0.0009815309347747559
-0.0003070036025983151;0.0015788811198501303;-0.008290706633985375;-0.0014667355984644321
-0.005553634561818715;0.004565205462253115;-0.010401386456244999;-0.0024578846765265622
-0.008012976363623392;0.0031126048009484535;-0.008344172832560597;-0.0027618268280600587
-0.00865112123822357;-0.0016379196901167754;-0.00401335363821866;-0.0014551267513698888
-0.008887516935070023;-0.006277140946068391;-0.0001636062522007149;0.0010623474111197684
-0.009099035725725723;-0.007692267874573061;0.0013433462674606904;0.0034816585659343154
-0.008441166298811356;-0.00543423408276849;0.00026883797692058264;0.005012314475271098
-0.005981263477768939;-0.001998245815909294;-0.0024097551430161505;0.006166123374535355
-0.0019982189118565225;-0.0007650983486468589;-0.0053403929764610485;0.007975360763260527
0.0017521496764739968;-0.0032600481839298837;-0.007422252804996658;0.010532023078180446
0.0030600633065865916;-0.007911175608726395;-0.008093095033629753;0.012480035591418002
0.0007685599170103536;-0.01123101317005206;-0.0074576966783524296;0.012018907133191474
-0.004361134504287482;-0.010427445182622888;-0.0062863128922933;0.00842641258706696
-0.009984994958237233;-0.005419482490146959;-0.005672631983667591;0.0027064584001371566
-0.013420451493713669;0.0011741291912233415;-0.006283748867399516;-0.003068303299076311
-0.013062263557616178;0.005886150495855204;-0.007644316490471804;-0.006954363922443998
-0.009269087902032843;0.006638884400744061;-0.00817775808940002;-0.007871033244107175
-0.004247422757648639;0.003904338308905165;-0.0062507448296922705;-0.005632951714372474
-0.000851840751154364;0.00026740215579671036;-0.00152471686956638;-0.000803873044899818
-0.0008327337455156987;-0.0011724730212323538;0.004507468093373846;0.005217124835302607
-0.0035729951546436814;0.0012834825512535175;0.009277598758818204;0.010180876678537929
-0.006271136529279929;0.0065948418403037855;0.010598613418014885;0.011665096163814566
-0.005692445962820842;0.011076446621685316;0.007802106452961149;0.008468342865638863
-0.0004609640850777233;0.010365845381231618;0.0019680021322026685;0.0017866989828735863
0.007697705596920416;0.002494242319365901;-0.0046863355077259574;-0.005054613119815308
0.014720941711864716;-0.010120575007550892;-0.00982147764148088;-0.008634429503173998
0.016540824062964202;-0.021840032665466046;-0.011904465192204694;-0.00798307362198422
0.01148837076597602;-0.027697976706616865;-0.010695706818100587;-0.005512068797588898
0.0013072033415160568;-0.02673108530169527;-0.00716348394590918;-0.005115222663449461
-0.009714586210222054;-0.021739573821624385;-0.0029077901321164857;-0.008644723761657024
-0.01686398635631439;-0.01612578083644915;0.0006221412483360751;-0.013843902848251367
-0.017218585584025784;-0.011315588769084005;0.0026584469067893286;-0.015942280145843656
-0.010963603500513243;-0.00695251153667323;0.003044812127820507;-0.011743724733568484
-0.001286033143557499;-0.002559119185597547;0.0017526253498321685;-0.002483468729040295
0.007124024131948817;0.0017544654562686834;-0.0013503343135608777;0.0070869318903874325
0.010344920979303052;0.005848729240852166;-0.006069457966122894;0.012273979517494028
0.007204130446850868;0.009873461262962308;-0.011242894417710588;0.011448495114413655
-0.00012672304063317662;0.013660646165452229;-0.014800705930712952;0.00643391303270962
-0.007418774692837411;0.016195642870171636;-0.014833882937306773;0.0007164076053601978
-0.010884925848299734;0.01614970222200825;-0.010920588162430028;-0.002782584303835138
-0.009267249018875602;0.013010251885060508;-0.004593471568953848;-0.002985328751610533
-0.00417558559096558;0.007611468082933082;0.001459011380763419;-0.0006372535230491807
0.0012745416715797405;0.0016196544933880402;0.004850370665562727;0.002567287523085877
0.004348184406841076;-0.0034333329068320716;0.004634481733249601;0.005018183348266744
0.003931670612002547;-0.006778829867628794;0.001556818524184907;0.005863563758117106
0.0006959419557238987;-0.008416077354821066;-0.002514952972253817;0.005147214535573702
-0.0035709710396176052;-0.008722022845114188;-0.005547539585716718;0.003521396062801355
-0.006936370965416797;-0.008060704637142063;-0.006218803193400505;0.0017857204375073962
-0.008123077708363959;-0.0066414979456601575;-0.004386890932439581;0.0004949123340219443
-0.006864677878693312;-0.0046188494479930935;-0.0010071682813621084;-0.0002165857432821819
-0.0037793121325949424;-0.002250810893084079;0.002439053399250652;-0.0005607522041315468
7.389246491156843e-05;6.437879443585963e-05;0.00470903530014625;-0.0008373741321598103
0.003689980075739244;0.0019139736132637254;0.005333190835786323;-0.0011289659925477783
0.006447783822636172;0.003046930927653917;0.004647297118645627;-0.0011363578196768316
0.008202262786441055;0.0034340056944615186;0.0034118234004605337;-0.0003182260709256917
0.009167377483455953;0.003122200396962123;0.0023368478897025026;0.0016695904335729803
0.009630031190500462;0.0019806093334697253;0.001748570923933443;0.004502477523738459
0.009584108116019858;-0.0003690857862666352;0.0014690996300697175;0.007074082128601865
0.0085070457165035;-0.004155070175144054;0.0009492669840580773;0.007934354804676809
0.005539848490283479;-0.008708952773367801;-0.0003514063565487636;0.006100314474852691
0.00010516540663239377;-0.012073626348388152;-0.002533333289764085;0.001811317587045231
-0.007375251286677816;-0.011771976337499926;-0.005084497014963512;-0.0032534723273898326
-0.015197305705458786;-0.006674248594629015;-0.007124370907861952;-0.006642817920340378
-0.02085282376668657;0.0013904451972752176;-0.007960659465086405;-0.006548999770246409
-0.022104925797878053;0.007928492937939747;-0.0076759901880055475;-0.003088663490531981
-0.01808473506657491;0.008253282822209124;-0.007322345117881757;0.0016666894910895556
-0.009784703885285533;0.0005546477942880373;-0.008295833066376197;0.0050888990190031125
0.0003263761918748023;-0.012575776601956752;-0.010992425519913916;0.005588858619258849
0.009302682659454513;-0.02525540412411908;-0.013815293132112487;0.002922336449774084
0.01475897346680238;-0.03144172942333419;-0.013870299556612004;-0.002836356274728931
0.015540319734657153;-0.028149880056828773;-0.009313618866257072;-0.012071724824922376
0.011985057336975115;-0.016756205354737378;-0.0013861244402289061;-0.024751485117273698
0.005841430127884886;-0.0017993126160317488;0.005970607056192013;-0.038475805391601024
-0.0002490934059696083;0.011585462983903165;0.008835645510831668;-0.04775168350032069
-0.0037541777964437925;0.019939864109425318;0.006094558005605326;-0.04632791822638621
-0.0034159426099994016;0.02248379437467669;0.00012628204197848443;-0.031742083129667795
8.697486297030224e-05;0.020698458884560296;-0.0048224328099400115;-0.008484510126369214
0.0045002690875785;0.01694285529312442;-0.005193300745716174;0.013599098694972327
0.007256721493663714;0.013007991991052566;-8.279784737695682e-05;0.02520735182540866
0.006892151757232472;0.009495256292578809;0.008275329501611002;0.023363231524395626
0.0037803892084867815;0.006180516238716032;0.015765038578974738;0.012695583027196079
-0.00016918811740057949;0.0027426469469026163;0.01881086211110014;0.0016778419591003087
-0.002601331209542868;-0.0007928704126067348;0.016471675749314938;-0.003038652601348459
-0.001971874758763021;-0.003995018928653387;0.010690849266567904;-0.0003156261294888603
0.0016982671632517136;-0.0061504617241320645;0.004595814869017993;0.005803372516193343
0.006959800391741393;-0.0065318937747606155;0.00039328979439966417;0.009705881730560648
0.011799199372020208;-0.004866933123840861;-0.0014378558341057671;0.008273337908696159
0.01460301303167836;-0.0017850788309068922;-0.0014557959614660803;0.002589456991547045
0.01463947654937121;0.0012235670976635832;-0.00028131831111637975;-0.0034049935993622008
0.011985039049120233;0.002551379853134145;0.0016138091785334251;-0.005764316474034871
0.007266169780093774;0.0015179283085836632;0.0035305136822840724;-0.0027970489356676257
0.0015426981073498756;-0.001057764883159892;0.0044344253279666405;0.004321340437441757
-0.003727787843579559;-0.0032564228096867674;0.0034985389762387216;0.012375931890227617
-0.006960309777705565;-0.0032190415342105544;0.0008127320650168271;0.01767000375275303
-0.0070978082629247555;-0.000307793748435976;-0.0025026019598100597;0.01770962091887562
-0.004342000627148193;0.004491864587564355;-0.005007468337954788;0.012475546164257202
-0.0003316510071506701;0.009183010576587427;-0.00591606791917247;0.0046101094680618
0.0026295452358036917;0.011968419581810743;-0.005494804356829075;-0.0019153699187281089
0.002959130412247554;0.012223479134898725;-0.004566569975936549;-0.004123918079428276
0.0008306241205847932;0.01054536071455919;-0.003628809826066716;-0.0018202191612229422
-0.001980591949893132;0.007918092956973466;-0.0024211454150145054;0.0025587012813976804
-0.0034017884749842934;0.004804268721316797;-0.00031705771406114445;0.00596197468744927
-0.0025740747379891776;0.0010516032703988018;0.0028493561197951555;0.006958960620316019
-0.0004260587402874325;-0.0032982672372130883;0.006289809977342344;0.006354458893726386
0.0011708577541513104;-0.007181494702189132;0.008621918359270835;0.005813437371250006
0.0010465658430256419;-0.008714905118502954;0.008922518856867973;0.005893480855942775
-0.00020013925686623534;-0.006575366151760732;0.007614597132450629;0.005347516315856911
-0.0007610172164970767;-0.0014676456876194985;0.006230282515045967;0.0023472496277422714
0.0005428376298733529;0.0038077070160974728;0.006018871092508875;-0.003493184136643719
0.0028186113110365285;0.006169770231684593;0.00668618923272241;-0.010206194384004016
0.0035756761745850464;0.004685114660508367;0.006704907614672334;-0.014672684352781892
0.0009175230527610951;0.0014251944343318657;0.005041755101029725;-0.014995295444883112
-0.00441296232943077;-0.00032077325291908655;0.0024863421216050974;-0.011879290373658848
-0.008982361788198556;0.0008906032448340546;0.001114727753631143;-0.0077150706434394875
-0.008822677756814763;0.0031279793858061005;0.0024315899214023174;-0.004329799027176852
-0.002262172171232743;0.002668243589114895;0.006040124610249399;-0.0016968025183173878
0.008579870449136348;-0.0026308686376612985;0.009958168829650976;0.0012421577012033677
0.01866421199269404;-0.011192760327723327;0.012048487303798532;0.004797911174392173
0.022710707352377037;-0.0186760455786327;0.011264860137417674;0.007814518626952881
0.018034681718289862;-0.02108776485573093;0.007939101558070243;0.00862511410426446
0.0059131270465131325;-0.017387730505526992;0.0032714259907328604;0.0064625562843336004
-0.00916034873264012;-0.009654845286239104;-0.001314977258591207;0.0018802951154952648
-0.02174763674005439;-0.0011523738704849484;-0.004487589624952503;-0.00393242401901104
-0.02796025018395561;0.0057871200928598454;-0.00512145534899257;-0.009875827692624833
-0.026943512436586155;0.010562543429036304;-0.002696200393663615;-0.014836355239956607
-0.020791234293410735;0.013884453731478593;0.0019730424795739838;-0.01712061753648073
-0.013172533933594086;0.01701978022579138;0.0064271897568835895;-0.014671036475249926
-0.007516249153051952;0.020999981584649666;0.007562716401187244;-0.00664757561724017
-0.005635983236880658;0.02560957515926195;0.0037411313031297092;0.004849053455917757
-0.007285066535002921;0.028731300396466306;-0.0035915892680194413;0.015057053215517546
-0.010608956332848203;0.027307020893554728;-0.010487627005491867;0.019453069204486924
-0.01309685475971034;0.01987953459013468;-0.013280826095048224;0.017080358730439858
-0.012581895733073502;0.008465481561522622;-0.011462292152797187;0.011173392970906797
-0.008031605285585915;-0.002409887646631352;-0.008170776921494299;0.0063668594865459996
-3.249873461595724e-05;-0.008793339646415288;-0.007758993765562277;0.005105913122015014
0.009177170092644626;-0.009571357304761663;-0.012397366617107608;0.006408421029332297
0.01636832400976306;-0.006195983688806562;-0.0204118909834458;0.0075216024565103795
0.018703636169971574;-0.0009637251643739509;-0.0274726153428175;0.006439446930672022
0.015271651994726009;0.00416114001788291;-0.02947989679308287;0.0031731153040385467
0.007741843893890752;0.007701295080385031;-0.02499430238746799;-0.0006688367150471143
-0.0005055516414145575;0.008656887003951275;-0.015790052994166484;-0.0031424581590596395
-0.0062807366975536376;0.006811789952202207;-0.005584191063968371;-0.0030974526645254335
-0.008198368414186573;0.0029340074245918896;0.001982284150978832;-0.0006599226437891185
-0.00700505850051863;-0.0015575906463336153;0.004922407580676227;0.002979633315081949
-0.0046714840650865785;-0.0052664962036015495;0.003408876913677853;0.006215511946979524
-0.0030642059785223785;-0.0073331977422302465;-0.0007203189627012806;0.00774511545959767
-0.003022795598415251;-0.007529509194694685;-0.004967528684271239;0.007063568399848775
-0.0041978823311419255;-0.006045768210945511;-0.0071883646885813265;0.0045995136636932605
-0.005514188809214875;-0.003251108058777307;-0.006309606202183034;0.0014906003544605106
-0.005862258639253469;0.000379319965694968;-0.0026280519520574578;-0.0009181858842783545
-0.004624953247701253;0.004184656606586272;0.0023661245552591813;-0.0017033039705208635
-0.0018329544402284701;0.0072660552735721445;0.0066435331088129865;-0.0008942828573906112
0.001996492873222;0.008651088290956654;0.008580608826949433;0.0003755750945089285
0.006094043227277494;0.007709432903365963;0.007723531945696105;0.0003402776345966305
0.009529961857921368;0.004631530835777472;0.0048379790569705716;-0.0023329446128912603
0.01120701197797988;0.0006260921190427843;0.0011578935112347348;-0.007405329451385226
0.01004737926497096;-0.002480052041108573;-0.0025541793583158264;-0.012763285696485284
0.005568267482128383;-0.003262492957884898;-0.006276877611623787;-0.015550698750868036
-0.0014241294588805888;-0.0018444611721425645;-0.010071615951092053;-0.01420944901778914
-0.008685893583801197;-0.0002704645426265902;-0.013224261280289076;-0.009839675184463824
-0.013408253603681516;-0.001453424688771378;-0.014272674745112946;-0.005502705770922535
-0.013787971521214384;-0.007036118516024055;-0.01211920283829278;-0.0036953471157731327
-0.01019067954207334;-0.015580219057326393;-0.007074021680694136;-0.003984169444379947
-0.004880950177404469;-0.02265508202833998;-0.0005867865000249916;-0.0031191005330184463
-0.0003885522596393543;-0.02324359729804438;0.006006341122658864;0.0019027968862909389
0.0022110202296579946;-0.015099027308392032;0.012160270795176994;0.010297062849708289
0.003688970774882583;-0.0006933399872765069;0.017544605182561644;0.01712491128076831
0.005487775146116077;0.013800846762522866;0.021349055024212388;0.01714449030263836
0.008144850031916747;0.021928261713190827;0.02277901184035535;0.009563411261633998
0.01075559232086543;0.02047189850440464;0.02229115246789841;-0.0009490582875220575
0.01182216133851675;0.010863384414184019;0.021815701758220868;-0.008020126189465782
0.010554307389181719;-0.0020598190915315975;0.023174405447083733;-0.008421877369924466
0.0074759482057361526;-0.01277868244564751;0.026065674216886426;-0.0036694957132539425
0.00402992893893032;-0.017594208701485266;0.027814392982971954;0.0022901843057603617
0.0017269893283455616;-0.015800215946937212;0.02551663309973808;0.0063940655605834885
0.0014814959172348007;-0.00936554199194982;0.018757664241915228;0.007894013621184226
0.0033326315290541455;-0.0016357256557608488;0.010283928190599471;0.007544869065402826
0.0064601398680564125;0.00420687086526585;0.003864137144569993;0.006064739702293519
0.009477720336434644;0.006305045395820223;0.0012987575822756292;0.003299374169588871
0.011031355016359354;0.004584855207087349;0.0012989570697180919;-0.001504813777339881
0.010496937639055277;0.00046558440496961606;0.0010396689149301675;-0.008689928589539812
0.008338386717769465;-0.0040220252898794774;-0.00127251781701721;-0.017155067713833835
0.005813342920753392;-0.007350175707560093;-0.005101956510400843;-0.02413025166220768
0.004162325999096379;-0.009274308551292585;-0.008421153416366628;-0.0262518300344456
0.0038129595124257957;-0.010722357270084425;-0.00966986092071062;-0.021517519155386258
0.004138333510069148;-0.012710746811136615;-0.009041806757719;-0.010845584304061165
0.003930105677094056;-0.015027829234621856;-0.008066655454456183;0.0019405822113796529
0.0022894785639905315;-0.015900338555790632;-0.008039882681070035;0.011886653685942486
-0.0006128158509523206;-0.013236735038039005;-0.008845394623661284;0.015520839117026872
-0.0034329749663964152;-0.006592260545868572;-0.009174918048608182;0.012756504159567653
-0.004412947192834566;0.0018705097415090263;-0.0077287338283931395;0.006771742026648719
-0.0025990938524314447;0.00841985003092041;-0.004250058695225713;0.0018407820899195829
0.0013993501542630435;0.010117733481707337;0.00028143096768566423;0.0006090687364606788
0.005808157580383586;0.00678454723772276;0.0041940602427736765;0.0026790056392138185
0.008946476484910232;0.0011479784599859573;0.005988636757494952;0.005329998527085284
0.01025764908611584;-0.0029855730073654525;0.005102135741345771;0.005727097678818792
0.010302377231781647;-0.00330809013798492;0.0021838018342279506;0.00305498674124677
0.009909738825765891;-0.0004822206274543536;-0.0012966386472378737;-0.0009309848861610655
0.009347814344973263;0.0025763053407861134;-0.003863210168110778;-0.003348251845501297
0.00817504734952266;0.0029890634393107316;-0.004755616054876405;-0.002464924091587369
0.005748408190150653;-1.70915794239826e-05;-0.004188000167613265;0.0010720384550917867
0.001874254867933369;-0.004713775348733169;-0.003099784593107254;0.004969438690311293
-0.002888068598280886;-0.008190376094287575;-0.0025880157806010174;0.007101687690090197
-0.0073996869223950275;-0.008243052372145973;-0.003325957988163114;0.006729981366506063
-0.01040429085774184;-0.004545788213550864;-0.00525658372466847;0.004353053163416689
-0.011029668284023441;0.0014181814290787898;-0.007673479083100536;0.000884461007789506
-0.009186893900391468;0.0072928595110095425;-0.00958987995829405;-0.0027294762806728524
-0.005770531443726692;0.010942220043643928;-0.010208924074753361;-0.005262580090829115
-0.002492871606319144;0.011229409811143355;-0.00931641250264852;-0.005174953936386858
-0.0012099728608709192;0.008354710852377665;-0.007409689697897417;-0.0015199429098066311
-0.0028914358600894033;0.0037155984314526614;-0.0054243091560463655;0.004638945893265254
-0.006801887062798948;-0.000762806755783303;-0.00415751239697446;0.009714815398100185
-0.010603139970073039;-0.003651721336971076;-0.003759068628595943;0.009135554795780473
-0.011618360771583326;-0.004762193212017878;-0.003659163426387983;0.0005433809447630026
-0.008568461751721074;-0.00483065881346351;-0.003015300466449866;-0.013492683782269558
-0.0025126111543052423;-0.004134569150529891;-0.0014248782299092933;-0.025821086122049156
0.003740854121895266;-0.0013845669389069381;0.0005702965502039264;-0.028802972041174314
0.007252785819820967;0.005361163310546773;0.0016534942417040358;-0.019657491691040245
0.006431561719400181;0.015838724453413677;0.000666401516003015;-0.0028603172228227297
0.001621001649472235;0.025583816849161403;-0.0022274046291264225;0.012706176650254277
-0.005169241045705426;0.027823649337149457;-0.005068776385201507;0.019893356505878115
-0.011041290678448149;0.018626446109673275;-0.0049480301540293205;0.017901833624820254
-0.013275914813522718;0.0007398600109273655;0.0001248762174216761;0.011832345958428596
-0.010497398877211617;-0.017762050354594047;0.009535169390232547;0.008020208628254206
-0.0034729739796031164;-0.02889150571878511;0.019862805186010354;0.009399505277568722
0.005062376900448543;-0.029408435844482272;0.026519514019227454;0.014369001078508907
0.011732328042050547;-0.021416607089908724;0.02629195857993212;0.01900174377055424
0.014322290872368833;-0.009786755070708366;0.01918514473454865;0.020033437019012137
0.012840975846528357;0.0006786757848960207;0.008351169815809873;0.01659418510841483
0.009044851514112823;0.006761209017432052;-0.0018339074277931508;0.01026747366714004
0.004863843022788737;0.007314872391289035;-0.008147716411559819;0.003909513398679989
0.0010918161742449943;0.0032799430652375376;-0.009752153202274688;-8.718483702778114e-05
-0.0026767861739173887;-0.002806810769290203;-0.007850433118732564;-0.00113656261715896
-0.007125313711023905;-0.007907009385308783;-0.004566519080116422;-0.000527102620057282
-0.012286242190156874;-0.00984543206534345;-0.0018999426329829032;-0.0001951338729223355
-0.01725943478345824;-0.008264824590998813;-0.000978625055120119;-0.0012557581322938977
-0.020586540095362586;-0.004572942243309397;-0.0016175885852248203;-0.0034802999073413107
-0.02097339007238025;-0.0008625147341427181;-0.002447066768045595;-0.005885991283125415
-0.0179896009773263;0.00146157264104219;-0.0018277498607845244;-0.007573914122870502
-0.012374372679027914;0.002370028610684073;0.0008584824135134837;-0.008036062564757834
-0.005723408944150685;0.0028188069407130414;0.004514133587296531;-0.007025513104028171
0.0003161648256881946;0.003755923643121246;0.006929910502265835;-0.004545760640141714
0.004846441147112665;0.005345858565418707;0.006359395095177401;-0.0011067212231673101
0.007937447769585057;0.006886013444047645;0.0028453849921902044;0.0021994856055687017
0.010074922324790849;0.007331040270322903;-0.0018040967909138661;0.00421888774008182
0.011305491546746087;0.0060175003047903824;-0.005386219110002213;0.004603910559424616
0.010898947186821741;0.0031557966449195303;-0.006885605269615299;0.004210167330836477
0.00795977896011947;-0.0001924394134510401;-0.0069893227595746454;0.004428597328664929
0.0025378413142678464;-0.002669276917260841;-0.007198738401100178;0.00583613558456446
-0.0037989422208287897;-0.003401789131169969;-0.008388974752373537;0.007393431415977182
-0.008637132166786266;-0.002504614679165214;-0.010084366087979791;0.00718353596479013
-0.010267427914559837;-0.0009389507160206432;-0.01100514520944938;0.004329636559284975
-0.008853470111257053;0.00019161462883949694;-0.010238792759048258;0.0003570588701485582
-0.006162125793149373;0.0004054357404303984;-0.007883134174894505;-0.0016666526659081526
-0.004026652051400246;9.290736590292944e-05;-0.004706260401359598;4.6715609173633685e-05
-0.0028741369795188825;2.8581214594508643e-05;-0.0014194271213148256;0.0037385345889774913
-0.00162864901362422;0.0005071761969567275;0.0016418447837850216;0.00498945821890963
0.0009398501205326073;0.0009022632100408076;0.004334788150771271;0.0004905497138334348
0.004698722407318264;0.0002473326257579798;0.006519763736016357;-0.00878889886964588
0.007914563842511468;-0.001504960255162857;0.008175548663105981;-0.01833059342640545
0.008539271365328232;-0.0027997038438688526;0.009552185293123343;-0.024044191186614928
0.005877139988948444;-0.0013962037617262068;0.01090679950184311;-0.025402947661048652
0.0012347300981402957;0.003571075582328991;0.011896283024800525;-0.024739949808938972
-0.002888198773804217;0.010256818022984547;0.011414514899987745;-0.024055855886314446
-0.004376538034502803;0.015085352440862515;0.008519329730189824;-0.023148895411042047
-0.002748716370717464;0.015495680063752088;0.0038119791823918114;-0.020762166568583974
0.0006575996263301592;0.011960039848640707;-0.00037203462888991593;-0.016719509852407662
0.0035980466558021944;0.007381213614130363;-0.0016738278480639655;-0.012289198537660955
0.004321456418292932;0.004601655978937128;0.00012876945455815385;-0.008667061558381399
0.0025684683262280723;0.004420277402082204;0.0027467491986746945;-0.005736650626731532
-0.00041235735171743927;0.005567096527942996;0.003292716939461419;-0.0025311702991655336
-0.0027203159019431405;0.0060798248986189294;0.0006617066978858046;0.0013688409746603035
-0.0029048135526929166;0.004705617889805982;-0.003784309715671391;0.0050666995032733276
-0.0006793003732926188;0.0015306081755937096;-0.007589120783281208;0.0068146431621562715
0.0030514432490785152;-0.002203743302306426;-0.009137805890939434;0.005232522857173079
0.006762884536837636;-0.004822377007579652;-0.008496021266298249;0.0004617923683059112
0.009116903368612336;-0.005079254169211775;-0.006763788517270158;-0.005455561889009796
0.009551231215232922;-0.0027283381092121036;-0.0048254555777687705;-0.009296705390235369
0.008356853813337067;0.0014299516121901088;-0.002648603965886617;-0.008150656600047433
0.006286890975050627;0.0059337458909447345;0.0003915242674675064;-0.000895944564567829
0.0040391558649747715;0.009222699708999861;0.004596194535412785;0.011047221709300448
0.001981438631177249;0.010193660110465286;0.009304585791650066;0.024025359869175318
0.0002278559258468312;0.008636755203974123;0.01310434465551578;0.033465042955743256
-0.0011378731852212552;0.005356196222335653;0.014719527077886521;0.03570620750583216
-0.001966880864417909;0.0017634640635998417;0.013811907978262563;0.029539412899342223
-0.002127332514722567;-0.000918872837493418;0.011005734837041729;0.016757654063928318
-0.00158780704897268;-0.002261603565015552;0.007197956041812883;0.001575058302173542
-0.000379526234588775;-0.0025772074606029115;0.002984307534943733;-0.010801695525252604
0.0014635210991655817;-0.002429981266164631;-0.001087693559539518;-0.0160919583013654
0.003807938317272666;-0.0023197884821893233;-0.0038447411986817404;-0.012884460785892773
0.00614534078385492;-0.0027053995695767315;-0.0036582687256420986;-0.0036738322047662727
0.007376447841406065;-0.003897253668291184;4.990487998745714e-05;0.00612606562341692
0.006050707385201074;-0.0055344087278074786;0.005330508706984588;0.011230386569195389
0.0012717495952897667;-0.00621556907831486;0.008236203789028588;0.009717752598447687
-0.006110306472163411;-0.004138723121616801;0.005542534430356083;0.0038645932061085668
-0.013002503550220295;0.001315379230126816;-0.0025360416980911332;-0.0021795270039275424
-0.015184066249863373;0.008354601598289883;-0.012126979909333025;-0.0057316591938504574
-0.00987517457247842;0.013363911941199083;-0.018350301810543656;-0.0068987951693581994
0.0018333927356559746;0.013425966532243542;-0.018756387613414586;-0.0071117128285159625
0.014701485063359958;0.00893939341344879;-0.014796806018550523;-0.007033294779412277
0.021879237747110435;0.0037406056643206815;-0.010213505083853538;-0.00629530997348172
0.01880140565980551;0.0019292695995129481;-0.007878998409960557;-0.0049378666622148714
0.005934874055354283;0.003921875672105041;-0.0079159328648881;-0.004177883992399111
-0.011244838353788714;0.005648012889200921;-0.008509173752679806;-0.005050758839916249
-0.024843132987665346;0.002055239670357454;-0.008115657603204773;-0.006499701466963285
-0.02821897709024102;-0.008262910779250744;-0.0066776287177688085;-0.005718382418065243
-0.01907145580543141;-0.021584386290296485;-0.004948516404836192;-0.0010398790713938972
-0.000705091656278563;-0.03169993395591045;-0.003168932134331031;0.005679277180563245
0.019151537366642876;-0.03396257388152635;-0.000742987333636309;0.010065766318148565
0.031730674564111445;-0.027636157052090018;0.002809392726380756;0.008868504422882088
0.03142173517333559;-0.015645216294572432;0.006779546816094628;0.002722096735532189
0.018596471984453456;-0.0026889279692970196;0.00935091304777175;-0.004405151014304991
-0.0006562035388418783;0.006994662254168033;0.008967510590089317;-0.00830254400464356
-0.0178214547080343;0.011244853738641597;0.005796334000786468;-0.007379201302581048
-0.026338520350498495;0.010343540658349807;0.0018089952633290336;-0.0031324973704902437
-0.024612815303082625;0.006161370378810887;-0.0008072855463831829;0.0017429734554907676
-0.01620755211357253;0.0009205066922232332;-0.001534808558976303;0.005647628442263897
-0.00734035513533489;-0.0035273486817475894;-0.0018552143093121002;0.008667573292873829
-0.0031542207139184843;-0.005832004071189219;-0.0035597925116207197;0.0111785663510042
-0.004910872408981848;-0.00530892752951703;-0.0066066680039272236;0.012320888052740078
-0.009771501802680771;-0.00245780901332867;-0.008680589728607477;0.010383323927804625
-0.013149816993787205;0.0007640105907878109;-0.007023421307415408;0.004916972240793749
-0.011853236969486192;0.0017858414730134865;-0.0009116758667496715;-0.0018495736406232846
-0.005812993691106109;-0.0007521247529930674;0.007432204756372934;-0.0062829952212453
0.002527715809907991;-0.005659385050496211;0.014237216221550702;-0.006407166342977587
0.010234879662422352;-0.009807294229401284;0.016656590359893007;-0.003707821477873773
0.015474164545125579;-0.010491944002202427;0.014368551744357496;-0.0017394805646324203
0.01759351640467647;-0.007584786687087852;0.009296481268343508;-0.0028300471115649257
0.01625301621158695;-0.0035248795679247336;0.00402619552717077;-0.006085932968908621
0.011034545358329723;-0.0011278484574462433;0.000348704547706598;-0.008559121412585613
0.0022202241891067396;-0.0012096716519240226;-0.0011497936445752472;-0.008316037836078215
-0.008126885218014612;-0.0021958321019527605;-0.0006978834160213816;-0.006344021213421222
-0.016297492470859522;-0.001987825826096937;0.001059996501727585;-0.005437877322840866
-0.018761080874763015;-0.0001796573007901801;0.003161124146545431;-0.00719512956730156
-0.014459992142940945;0.001583313583459891;0.004483041045773842;-0.010078166686872019
-0.005706890588032851;0.0014000623668759668;0.004292721268383197;-0.010458424712273302
0.0031652399936928114;-0.0007995083330496836;0.002843470674158401;-0.0057873795916759075
0.008471758758743184;-0.002952324494001858;0.0012591468579755223;0.002843505031445569
0.00918604881649198;-0.0026120829197141928;0.0004933188892493939;0.011002391741720132
0.006897232898499079;0.0008778580011503003;0.00023774834369252976;0.01403609411212279
0.004049921356710961;0.005707649244642005;-0.0009875051708189433;0.010617849491860083
0.002095605460474495;0.00899206516063195;-0.00435926466476409;0.0037682836747105343
0.0009237091892757666;0.009036194761587183;-0.009215551078639053;-0.0015897685326410832
-0.00038292720563188644;0.0065452810443825836;-0.01313096618831022;-0.0024118085098820646
-0.00240545569946247;0.0038136551332371106;-0.013796553799776151;0.0006063297057337184
-0.004755289687974955;0.0027569968650781266;-0.010961181678462707;0.004318017490545275
-0.006236097221772569;0.003576997643714943;-0.006477088163715262;0.00588123110877656
-0.005576367095680649;0.005019518407642252;-0.002466776645692551;0.004511577905205763
-0.0022777592564294812;0.005634367230174369;0.00036873633472826674;0.0013617497596274941
0.0029055302624070036;0.004790052187497965;0.002617420453863751;-0.0016399280699406873
0.00817615722807016;0.0028090545331687206;0.00471970243959397;-0.00291007710252566
0.011542292105564338;0.0004946138297058066;0.00608920874172898;-0.0018529350827299746
0.011841333392772192;-0.001386012799067805;0.005705947882302108;0.0009871639297705148
0.009308652422538156;-0.002376240581648689;0.003317494630909369;0.00424445853225556
0.005338443162543762;-0.0023912700989823597;-0.00011048200416142595;0.00642900858426259
0.0016427862777774677;-0.0016627728253931487;-0.00304140032210027;0.006669573117593551
-0.000603296625872469;-0.0006060108135835321;-0.004375141403381425;0.005071004144376708
-0.00114239683446336;0.00036062312760840097;-0.003978387500569096;0.0025063506727761847
-0.0004655005995959302;0.000971692893215375;-0.0025167148945038124;5.4786881302550835e-05
0.0006470205630289418;0.0011727007120722935;-0.0009070587468342119;-0.001526438462995354
0.0015524759816596492;0.0010672091822269219;0.00018335674536766483;-0.002035430329807153
0.0019557378351466085;0.0008064084591573769;0.0005520087808849376;-0.0017473893343109385
0.001891248974188707;0.0004951633106099759;0.00038387990118370145;-0.0011659278801965079
0.0015753454669286953;0.00016288169901312928;1.7722987333069246e-05;-0.0007640569890030494
0.0012457740942299765;-0.0001983180553930143;-0.00028304677945470023;-0.0008095765034180026
0.0010614803949192068;-0.0005656040947172496;-0.00044708789813874847;-0.0012963959506585574
0.0010753119956101397;-0.0008425975090270874;-0.0005717278149025135;-0.001967178698142735
0.001251838979464612;-0.0008852692308430091;-0.0007993637847139879;-0.0024137376424633503
0.0014957877208604785;-0.0006023842724607767;-0.0011717803643316285;-0.0022492213621923733
0.0016751933881584788;-8.514562015181017e-05;-0.0015463910885019025;-0.0013277204813541411
0.0016466543303834595;0.00032046100144839356;-0.0016336511999297488;6.442800178374302e-05
0.0012980713468015738;8.71883398980866e-05;-0.0011619359668258418;0.0011745865879908778
0.0006086189625957571;-0.0012436490620320302;-0.0001043024469957283;0.0010338175107085115
-0.00030469883736893087;-0.0037173039525116827;0.0011638132034240813;-0.0009881853467547381
-0.0012050923602442965;-0.006721928668795244;0.0019223927109188511;-0.0045072109069372686
-0.0018492461319340988;-0.009069502778286796;0.001445569984931792;-0.007728908687364291
-0.0021486787748713912;-0.009478736547220883;-0.0005025895878506607;-0.007807573311925912
-0.00223898971122217;-0.007252816819899547;-0.0033498670864891902;-0.002191343186960552
-0.0023258875390959268;-0.0027472259971146975;-0.005930383009541488;0.009446651461372071
-0.002371705318070268;0.0026669467315366888;-0.007244338238485773;0.02389627420728541
-0.001928928157932995;0.007115280517159552;-0.00723811493510008;0.03519458008353078
-0.000399617745887851;0.008961590227646735;-0.006872291811089282;0.03784558922445064
0.0023935839143555556;0.007537934660113095;-0.0072424520863730735;0.03050857956531904
0.00580343035926297;0.00365904606864493;-0.008415144270966892;0.01698247114909956
0.008498569109989598;-0.00037503977232759714;-0.009080344721055534;0.003358665604244175
0.009095096024650407;-0.001629169282245528;-0.007508695230883488;-0.006077572600790276
0.00691940011964559;0.0018201531867384135;-0.0030797711396906052;-0.010532645571308476
0.0024922922212267363;0.00933168676846764;0.002962524952521127;-0.011192570756182832
-0.002566391326599039;0.017570693790798196;0.008187089566977827;-0.009009109038307605
-0.0062295159812855265;0.022320837243753822;0.010478556323950559;-0.004274570268419136
-0.007008190473791441;0.02113431057634998;0.009188606172699303;0.0021405180372714595
-0.004664673617317053;0.014868605209962575;0.0052681184662490095;0.007850707833930968
-0.0003368829259838675;0.006991289431503699;0.0005748427152125099;0.009714997918127148
0.004036563740180508;0.0012806276524223808;-0.003055178241459142;0.005896582066126464
0.006765739187845568;-0.00033839526441019205;-0.004535427699041018;-0.0024521796187998088
0.0073381788207072945;0.0015466411364549156;-0.0038372952568756402;-0.011444613664404515
0.006558526589982548;0.004702995122658708;-0.001752465900010105;-0.016746375117746015
0.005699502003426707;0.006667635996358476;0.0007541687848261991;-0.016249582092513017
0.005236902740571025;0.005829029419713177;0.00309873023975823;-0.011081019929392892
0.004198199893549714;0.0019452644463797387;0.0051621381475181775;-0.004285806799794821
0.0008049400937652918;-0.003802171611099557;0.007074700052500166;0.0015260180877221658
-0.005907877144547182;-0.009192945616019426;0.009019139484436877;0.005554572026013605
-0.014684046631888456;-0.011830545572097279;0.011010876042232174;0.008300985246952242
-0.02206419252209543;-0.010363813783234255;0.012550718494661616;0.010102881735403501
-0.02412121659289677;-0.0055806132864710915;0.012474279543872391;0.010411733873148624
-0.018904217818281704;-0.0005239485195416564;0.009468754489414956;0.008526790562865746
-0.00788912976545578;0.0010178308098921286;0.00315776392075667;0.004848505070396095
0.004637295065574601;-0.0029017821435654663;-0.005033246956862047;0.0010875825636945699
0.013818445570670933;-0.010697555156746459;-0.012053939015097657;-0.0010950788655228155
0.016581378741905364;-0.018247412454321092;-0.014604283115682844;-0.0018197301754290828
0.012766367704511549;-0.021926551971411766;-0.011015462424198607;-0.003184249893997067
0.004715545156128988;-0.02075602732629216;-0.0024643361954662262;-0.007238759627488334
-0.004045633042472428;-0.01571077413324993;0.00740578411593279;-0.013364422809717072
-0.010145410115489029;-0.007682128365574292;0.014415010171919266;-0.017829315402003856
-0.011271648739311873;0.00290558611630457;0.01615812560460268;-0.01659159208463571
-0.006734155246563376;0.01440011471570358;0.01314470030273155;-0.00909088572183224
0.0021762818937506143;0.02293506410950135;0.0080268763838388;0.0006318372200383727
0.012256692328558302;0.024366968365123438;0.003631466263969991;0.006736204194883095
0.01932596954568582;0.017696484452135588;0.0013853962344893384;0.005807346496032826
0.020055348481373362;0.006503954131894231;0.0011799584065851768;-0.0010631198561335982
0.013832948918940291;-0.003184379083860535;0.0022830116334149053;-0.009581276924033577
0.0032955086964759875;-0.00686866897369334;0.004055946764375898;-0.015316066673019076
-0.007096242656713891;-0.004297406145917924;0.005804711806311265;-0.016059446102468757
-0.013510522360262945;0.0008625005964291646;0.006354741058888747;-0.012258730589771049
-0.01450254460028564;0.0038497979579079178;0.004386646751476179;-0.006042760751160834
-0.011108880038936652;0.0019484725723491855;-0.00037973915840069906;-2.2392636351537347e-05
-0.005693036908977698;-0.0041910585593629285;-0.006322480281514578;0.0036073565016231943
-0.0006296620702939136;-0.011658397887447977;-0.010546123143179362;0.0038498228044767627
0.002431128577811891;-0.017580842409341043;-0.0107778068230283;0.0015104123289420058
0.0026930818725477913;-0.020656714438851587;-0.0070154518238988075;-0.0010517199765075077
0.00011088756472169668;-0.020947172332532626;-0.0015761280918628407;-0.0013931432828798488
-0.004642252168400734;-0.018684199108055626;0.002454267713082549;0.0011789859508078288
-0.010143056346566275;-0.0136718338067593;0.0031662310071582426;0.004970203306831427
-0.014403252856838349;-0.005992343211298554;0.000827690616322423;0.007172326140294397
-0.015545917996042975;0.002869421884407791;-0.0025767070337450945;0.006079504908563394
-0.01282065325978864;0.009996685907651555;-0.004735907225220359;0.002424013472827311
-0.007253490561963004;0.01260346732533163;-0.004280469576266394;-0.0012510329178738225
-0.0012298051220170096;0.010055090147402653;-0.0012168777024717623;-0.0026360489104420883
0.0028794804697681443;0.004575952176908783;0.0033723441116313346;-0.001426578347894779
0.004051268643080542;-0.0001350153938539217;0.007834790709375424;0.0005770931191684705
0.002922787560550033;-0.001391254900694874;0.010444896475110632;0.0009540593346155889
0.0009987562472083967;0.0008547642501838222;0.010058351460783202;-0.0016545169625300008
-0.0005106222322461087;0.004446497991918673;0.006822146917786546;-0.006893175220042179
-0.0013844497182846042;0.006901393028228274;0.0023224744946724342;-0.013050195440601877
-0.002230785353343982;0.007006311655382204;-0.0012579070720996352;-0.017702064332519037
-0.0036798850181821124;0.005030334176536101;-0.002513290950798844;-0.01846300357459133
-0.005590351406450461;0.0019408852679232095;-0.0016849358989819284;-0.014168438653223928
-0.006922494025235951;-0.0013074444400459928;-0.0003644556251063402;-0.006075458050749543
-0.0063911968308331575;-0.003920562255983863;-0.0002640296008529126;0.0022967380030842134
-0.003381562813960465;-0.005179399334551531;-0.0019349415376344091;0.00728832629648603
0.001528469222126881;-0.004576035254425569;-0.004357916856046283;0.007654160291619129
0.00671555555518869;-0.002185777925490687;-0.005772361513811898;0.005207110205096337
0.010192047056977991;0.0011049626515216241;-0.005164236438240258;0.00297236301510806
0.010526962989810588;0.0038928334056031306;-0.0031454255069245473;0.0026551849767458297
0.007639898749298321;0.0050382956735488555;-0.0013669323310646724;0.0036306468205288323
0.003014329978587014;0.004383630577641996;-0.0010064341304371126;0.004011088105936402
-0.0009540226903971905;0.002778460635607362;-0.0018377359777900588;0.0025719409437953613
-0.0022126258186478563;0.0013534680847337851;-0.002715491513650911;-0.0001300538943886419
-0.00015106278063132449;0.0006846753904262689;-0.0027305125810868605;-0.0022457547253309706
0.004151185697944817;0.0005573944583523449;-0.0017644059595714517;-0.002180199662192529
0.008618199512007367;0.00040500909882917516;-0.00020704255230482384;0.0001572165900552195
0.011293192729610272;-0.00010949913069787114;0.0014160827736197363;0.0033812592376991466
0.011204224458831173;-0.0008842294674072855;0.0024815329034675454;0.0057680816723101784
0.008605283564152634;-0.0015904216490097828;0.002351819936987532;0.006491362775106444
0.004628868302779771;-0.0020044332229166074;0.0008305186133103764;0.006059698734263092
0.00063613319336822;-0.0021744095504219706;-0.0014235205269343282;0.005784950868295843
-0.002389981028195232;-0.0023441048215641592;-0.0031493940489925655;0.006737068647078928
-0.004130216624158702;-0.0027271779412719422;-0.003369258610624286;0.008831332408230492
-0.004799035267483395;-0.003300461735066834;-0.00218023906582728;0.010571097595204103
-0.004761578089426139;-0.0037794560221195814;-0.0007694285419114994;0.009706761307571216
-0.004218357989136128;-0.003841223472114834;-0.0005935822012880083;0.004670971236627099
-0.003188762802686664;-0.0034703281597645175;-0.002293163556651972;-0.003894938363715828
-0.0017430776070731565;-0.0031228221823330704;-0.005150883288913547;-0.012619739157582207
-0.00020137828004310732;-0.003430024115189006;-0.007594700893715811;-0.01670603980173819
0.0009547456287218512;-0.00450820100233215;-0.008441170975849484;-0.012693973253087762
0.0014472259335258219;-0.0053944293892882;-0.007823137486100097;-0.0010048009084334063
0.0015530836067427123;-0.004255902452526785;-0.006889350529006319;0.013617373336058392
0.0020793938419879933;0.0004415725938132039;-0.006543926672684673;0.02440868834736805
0.003822338101007292;0.008463090549830759;-0.006560202216633104;0.02643623257257089
0.006790088728344515;0.017266159619560458;-0.006018296228994383;0.019506330619282034
0.009777831231538745;0.0232078046477633;-0.004483284352022567;0.007974264863489735
0.010779336638047008;0.02387041176245177;-0.0025195283569371626;-0.0024075580176672255
0.008197001881304304;0.019669892169800654;-0.0010421267895890725;-0.007983295266847698
0.00215865570430803;0.013393431388884523;-0.00040721945523776334;-0.008433582509077286
-0.005090199477935056;0.008167767637667533;-0.0002734534500102005;-0.005662860955271043
-0.010296677791696279;0.005587535684721757;-0.00015165829970974605;-0.002127228671020038
-0.011185280919030094;0.005207600394118597;0.0002161047165420277;0.00017849708729708732
-0.007788324355897955;0.005316269957066091;0.0010062628964236523;0.0002505045585671729
-0.002109344246612386;0.0042396433310154455;0.0024681189520457726;-0.0016063771654743102
0.0034045624251917116;0.001430790132674944;0.004641863418400553;-0.004055640366885423
0.0072448577943758415;-0.0022596359049028795;0.007027727454570482;-0.005753133576423772
0.00920644532326982;-0.005337222466364926;0.008785484363432468;-0.006378607982979974
0.00984340079852292;-0.006878447005208868;0.009311438550522641;-0.006751078779283461
0.009647356855207834;-0.007201452827366974;0.008567393681403248;-0.007868208060430332
0.008507228955098168;-0.007463035310344061;0.006957739940644707;-0.009609137804793236
0.005712100778351007;-0.008574256827897302;0.00509843515190041;-0.010213191044360952
0.0004952913600370888;-0.010326179989501373;0.0037256183239489857;-0.007204147092170847
-0.007119916139865285;-0.011387826743501313;0.003539397595071581;0.0006686306710177249
-0.015651603663941877;-0.010195061187216841;0.00473143840326435;0.011847334042880736
-0.022235015991565108;-0.006149185046084815;0.006482456458904516;0.022092344092470222
-0.02371140387466971;-0.0002670451510624214;0.007139293665509708;0.026609406632376417
-0.018326428697640614;0.005366236358051283;0.005311476522902339;0.02299304663782949
-0.007062800116354037;0.009165335032160363;0.0010615706109033155;0.012928687978325656
0.006298810657231598;0.011345278901355739;-0.003984018290754584;0.0012321595520088879
0.016615190584593778;0.013436363119705384;-0.0077609090769886115;-0.00727921451940948
0.019731817268877565;0.016078750611158404;-0.009027294202825113;-0.01087514467130319
0.014604380152386983;0.017355415815857853;-0.007682043454451116;-0.011614545950700219
0.003965805493005797;0.013924439363550133;-0.004262521659896913;-0.013000445991246569
-0.0070112855418959135;0.004287919990079042;0.00044702643794112466;-0.016427121315602786
-0.013373846861060395;-0.009103126426702392;0.005292223173344781;-0.019561028507293386
-0.012784941745648518;-0.02114052350882118;0.008716366765938913;-0.018327298733857113
-0.006302241437605023;-0.02739565576481023;0.009438657596374335;-0.01090581123627663
0.002642552098062386;-0.02642292356476754;0.007398663387454632;-0.00017574270504877763
0.010157443483501335;-0.019707934871274136;0.0039013930937284017;0.007689912773277708
0.013576985558078679;-0.010338972635242373;0.0007080135443330206;0.007532472423064237
0.012252218466625579;-0.001708797611191807;-0.0010022711922155962;-0.0009202571299607051
0.007293077600677653;0.0036095345615582784;-0.0009443765723586825;-0.012641357529450033
0.0006047788928809612;0.004901460541884733;0.0004758009129058397;-0.02064967841440291
-0.005992629187009138;0.0035697993938896655;0.0023178868324996472;-0.020478083581941354
-0.01091499797802617;0.001964808378794727;0.0033764690100815857;-0.012485992733963463
-0.012504001833738298;0.0014555035579081226;0.0029592338670443763;-0.0008079993461125556
-0.00922729731961777;0.0013412997882570224;0.0016520585488409483;0.009628920245425525
-0.0008432484738356919;-0.00043600672543092086;0.0010024640222986187;0.015712467793626148
0.010333048310346274;-0.005311912792141707;0.0020671801814545064;0.01708134051654771
0.019591408887257276;-0.012391963894705675;0.0041973057065247225;0.015437831143730237
0.022043900552438024;-0.018425437175953217;0.005404155401734293;0.012965704828534649
0.015676268922440686;-0.019695872662582898;0.0040693232807141036;0.010814106673534126
0.002931107606736025;-0.014598550664668504;0.00038677056921352146;0.008592846943847977
-0.010577970897435228;-0.005032755422818677;-0.0037556646878613717;0.005244407268972739
-0.019398661102892668;0.004490142266367003;-0.006182139986345578;0.0005534225864739726
-0.02124452029561848;0.009519378285483915;-0.005774790552364504;-0.004150877685260717
-0.017699112228630718;0.008383245362709887;-0.00280297678669855;-0.006901953516912455
-0.012453010586541536;0.0031481287612963463;0.001573240999397256;-0.006793142754839131
-0.008573446820524237;-0.0018708767212703046;0.0058616022656534745;-0.004739698813130176
-0.006714039282690703;-0.003070094643320704;0.008510270641528572;-0.0025368248068685577
-0.005277755201641578;9.311845626186736e-05;0.008178588754659257;-0.0012681286657251771
-0.0021438597443976712;0.005043180386352561;0.004307605140451362;-0.0007183007928783156
0.003386190882371596;0.008264552205737515;-0.002254298909895669;-0.00014217793821806815
0.009768011957122312;0.007940354772416799;-0.009231016716296446;0.0008320629380110133
0.014042193400228843;0.005021026486628993;-0.013883564656973135;0.0022554084576137615
0.013757621057998598;0.0021051364223866023;-0.014492894827538171;0.004380683147066496
0.00871985089050027;0.0013078269056878671;-0.011286903024943645;0.007412181863309581
0.001347148925190354;0.002873587141555104;-0.006094156166650957;0.010494309318641891
-0.004711563040298943;0.005345870968694559;-0.0010795992499749991;0.011525211525118755
-0.0068212629752438915;0.0067985430719165844;0.0023808654323326127;0.00880037055164764
-0.0049125217348718565;0.006114385529781414;0.003981287019902075;0.0030886166353111984
-0.0012838872846480584;0.003578077294879578;0.004077382210669002;-0.0023280227518859336
0.0010893350276472346;0.0005690471374174226;0.003154340489930923;-0.004117447581295271
0.00047488744396836517;-0.0013783724116548126;0.0015327798097937327;-0.0015607635727832503
-0.0027001680300549635;-0.001521797660808797;-0.0006284453706981309;0.003076211459750077
-0.006331478729093916;-0.0002427579609091969;-0.003113982236795655;0.006534788418197954
-0.008014557602725802;0.0013873866706816168;-0.005417791842602113;0.0069061861281865125
-0.006408962321481901;0.0023812203806080293;-0.0067808768598439356;0.0045277974305653335
-0.0018679342927224044;0.0023534016310238146;-0.006606578364795418;0.0012542401027280101
0.0038696193263457043;0.0015232625435666015;-0.004950999535939456;-0.0009282265211697277
0.008631181853609428;0.0003865625300921521;-0.0026112268458927204;-0.0009629690549830344
0.010855199441731;-0.0006082650564593155;-0.0006688722812169249;0.0009545383012531205
0.010207669501959435;-0.0012026489002317949;0.00014569325743308092;0.0037097295407330514
0.007525506057970914;-0.0013209016682056368;-0.00022849225287159474;0.005937405108738478
0.004223752911707189;-0.0010169988590830747;-0.0013362608845136834;0.00666534500936883
0.0015690423762731837;-0.0004343072058035029;-0.0025776358441865713;0.00567098049725113
0.0002081841169402837;0.00021888205221136806;-0.003464575082469365;0.0034778138684303105
0.00010348449290458321;0.0006975200711933069;-0.003659546374360101;0.0010895323195317093
0.0007728048151611022;0.0007725833664005738;-0.0029360875834042975;-0.0003908287092685742
0.0016202292530722586;0.00031954749738576365;-0.001246770762984942;-0.00016543957177925786
0.002183620102946885;-0.0005753443016163929;0.001064115196382927;0.00187714750331264
0.0022360470415265284;-0.001552096099253298;0.0030710034534217165;0.004899752542825882
0.001771802191024266;-0.0020431559816379593;0.0033750255146577863;0.007164619184504091
0.0009416694262901113;-0.0015190838451064545;0.0006835234995435636;0.006589005234592917
-1.4642702293814172e-05;0.00015032371321074193;-0.0052821140941330695;0.0017991133757709167
-0.0008206686006939991;0.0024353544427915975;-0.013092299561054097;-0.006733871178599157
-0.0011989654019317576;0.004266858919111134;-0.01984876948562067;-0.016262717375822345
-0.0009060379789583917;0.0046412853904220595;-0.022664215816834924;-0.022731309241647592
0.00019075382013554636;0.003402460561026566;-0.020648257281499605;-0.022988763020968125
0.001964611558676479;0.0015723554333121768;-0.015786493895184234;-0.016917995949046534
0.0038931827298019943;0.0007860422667734738;-0.011589448417002702;-0.007774747084429019
0.005134621804210369;0.0020774244358200034;-0.010332372990587264;-0.00022124457775045978
0.004915537730661803;0.004922508522423465;-0.011285702600358598;0.002565258350041959
0.0030294306754830944;0.007408062567167694;-0.011573185326235714;0.0005543119919460713
7.644215985440228e-05;0.007487640518897648;-0.008680869798722329;-0.003741537255542862
-0.002754475580558846;0.004265818256904241;-0.0020802802133905994;-0.007312283425613654
-0.004249524651571386;-0.0017293634930333102;0.007188777061698556;-0.008437256511481306
-0.003784708543394105;-0.009175717266014134;0.017639297155603743;-0.007129409287378263
-0.0016706215561208548;-0.01649166003894621;0.027517394977034742;-0.00438908793243135
0.0009983082418742288;-0.021766777535727345;0.034400756712627434;-0.0012136874674138958
0.0029666933830888873;-0.022722884082602094;0.03574878046174914;0.0017666904109928396
0.0035516709274981966;-0.017578065197219227;0.030581827821110432;0.003941747188053102
0.002965728501098744;-0.006617309493251893;0.020625190009974842;0.004410457725358486
0.0019688913975142277;0.006907050146173577;0.009509167418856324;0.0024402710089774728
0.0011411081743706924;0.017825104774093804;0.0006194339618981413;-0.0016228557463242109
0.00038750794396366753;0.02183719509165581;-0.004518035213019601;-0.006192581392891606
-0.0009477568430545633;0.018182875174701647;-0.006219482176946314;-0.009564118946838064
-0.0034856776171843743;0.010072353286487723;-0.005603990341253007;-0.011239638578196596
-0.007167257211845825;0.0023920648163745163;-0.0037905871792924322;-0.01197884878065518
-0.011011679545289225;-0.00155311877969809;-0.001781179440185246;-0.012592674135832257
-0.013520813873114771;-0.0017645558838558803;-0.0005229859210017184;-0.012928055498225977
-0.013526777597456614;-0.0007295830655353467;-0.0006497613398269683;-0.012065129157963985
-0.010864444637484184;-0.0011356009070951733;-0.0020757940637942027;-0.00929433707989896
-0.006348237572660592;-0.003948280007783589;-0.003960497975919443;-0.004877186936630253
-0.001127672101579708;-0.007935131092134663;-0.005187054663576924;-0.00014514156885780827
0.004015625474689933;-0.01061719439161003;-0.004973385193599438;0.0030052186842235294
0.00890853350445849;-0.009925785913724425;-0.003204322470289891;0.0030666014401788725
0.013665773415423625;-0.005565505095561674;-0.0004177159778359607;-5.7962663525711085e-05
0.018133590187705464;0.0007258781974515423;0.0024594596107806333;-0.004677502665346814
0.021564229443707943;0.006157093375495238;0.004597366477939495;-0.008078355539514028
0.022746185122235436;0.008463253667175206;0.005802464803979938;-0.008071673384227259
0.020424931591656082;0.007118050320192348;0.006614901101952863;-0.004194253071494713
0.01376416301394688;0.003544888746149935;0.0076537192696507494;0.0023380829564788133
0.002869987074365949;0.00037160404291822994;0.00877399044606395;0.009601581294035898
-0.010568856218105157;0.00019240421580247175;0.009112211326108097;0.015653155845252266
-0.023030864228998447;0.004228322237754181;0.008226686353798378;0.01846505879570849
-0.030189530253635126;0.011208915126429105;0.00703909536253517;0.01618433098423745
-0.029286533179302184;0.01719558712627499;0.007121998785063227;0.008803909627720907
-0.02134854130359883;0.017265815297235906;0.008658711910470674;0.00013155067882445224
-0.011227549669788955;0.008817659585918165;0.009230799114347071;-0.002859126334323009
-0.004885400141776398;-0.005763168751963169;0.005183164650208762;0.005397366098777337
-0.005569605979914869;-0.019768520512164274;-0.005183733911698076;0.02355948871059629
-0.011612670417887236;-0.026345554440016187;-0.019362971149770418;0.042393259112224135
-0.017574585701138908;-0.0230370664172057;-0.03146852952568805;0.05063506543837201
-0.017968470163236296;-0.013008803486089834;-0.035606036194652704;0.04343610593594814
-0.010796813023598648;-0.0022832440285853873;-0.029155551004738923;0.025801533134825517
0.0015942467485469882;0.004353626759729785;-0.013721373726678553;0.007758394782261009
0.014484112170192883;0.005644077003716422;0.006204236437454039;-0.003971368138144571
0.023588175876200563;0.00340254755393063;0.02508900903480242;-0.009889511654640457
0.026729190101791693;0.0005162081116701688;0.03757037782738402;-0.014438445063204044
0.0239903290054839;-0.0009120182585244475;0.03967959683715503;-0.020089498064150384
0.017143201093814786;-0.0003116650548343097;0.030810275693022377;-0.02500804193907808
0.008924987409420358;0.0017094896774140368;0.015091691535588342;-0.025626975484216604
0.002125313965642549;0.004111122727886805;-0.00013368691192685631;-0.02040110563539001
-0.001430335025170299;0.005841746716393369;-0.008624704287332176;-0.010937950261698736
-0.001451648365593219;0.005907476642197138;-0.009032597429818849;-0.000323561493797074
0.0010618284574503728;0.0035928939861572832;-0.004947753395531955;0.008890698727115509
0.004559751722375264;-0.0009805444263002322;-0.0014704130168030694;0.015240467437803397
0.007554049242099244;-0.006474738987377677;-0.001531890923986408;0.017887405647306658
0.008883489130298938;-0.010745504320483;-0.00471131315885845;0.016486347760048994
0.00787234491616644;-0.011963477298474468;-0.008584765014896283;0.011660496610768529
0.004556407226443513;-0.00965329049253303;-0.0108107447936227;0.0052102480967693345
-0.00022949862796976252;-0.004867854922937051;-0.010411297540060328;-0.0005804949143716673
-0.0051511073309054205;0.0005751306027035224;-0.007878509478820848;-0.004112435303022081
-0.008929728100874567;0.005130556276976107;-0.0044902992625172385;-0.00518584566301912
-0.01076946140404094;0.008078437577097055;-0.0013961299998558711;-0.004802783576933978
-0.010474314635985669;0.009399702910857129;0.0009945493713417936;-0.004329187761188233
-0.00838814883095906;0.009382849194670823;0.002958181352804895;-0.0046032754717489745
-0.005292609708176346;0.008422373740179873;0.004809358338442905;-0.005459511112710685
-0.0021939205015098382;0.007048774019480112;0.006223385981152073;-0.0058848379245481424
7.458712491460818e-05;0.005882803794257476;0.006174677910757139;-0.004744278162400059
0.0012539421592364117;0.005318472245158151;0.0036651186693588966;-0.001689572027201181
0.001726391978346389;0.005158288709055426;-0.0012451129834874354;0.0023575525005166058
0.002097821923160089;0.004644876170538672;-0.00695009569206198;0.005609143642376075
0.002557373687826399;0.0030307888989848375;-0.010934981655432522;0.006581087141185502
0.0025583850062095596;0.0002654493027652051;-0.011274663811000927;0.005225606886924273
0.0012046681959459573;-0.002817688074371428;-0.007917051592522893;0.0030261353484221155
-0.001863206664769262;-0.005005035951560298;-0.0027166569712128497;0.001749766457443275
-0.005830628095392173;-0.005500643587687863;0.0017987667629824327;0.0018222496535455727
-0.008983345305357602;-0.004435505118589393;0.003910727226268735;0.0019406940428175314
-0.009796366103074182;-0.002750495093833489;0.0033920981224089025;0.000518555596951325
-0.00798967575618331;-0.0015138123422656236;0.0011945140067429385;-0.002416003585808887
-0.0047076282326274504;-0.0011270906329665172;-0.0013180770786246005;-0.0049310938174705774
-0.0017236656418936995;-0.0010449788903955234;-0.0030442651046435243;-0.004918447577925346
-0.0003188219862328484;-0.0002835738429829252;-0.003555562743085841;-0.0020673071890634385
-0.0006090147091562311;0.0017051493483493045;-0.0032163238673727176;0.0018436175284930372
-0.0016569333363675176;0.004554970921261161;-0.002914763741803468;0.0043906820241917536
-0.0021664928125776054;0.007254088643530361;-0.00344125516642291;0.004158580691487348
-0.0012820300003462477;0.00881479883648466;-0.00490243030653302;0.0013174275154372327
0.0009363835013846632;0.008741849974435922;-0.006632770726297172;-0.002886715673303126
0.0035549393242527596;0.00703596300745205;-0.00765150072579689;-0.006959182486129552
0.005262526824940717;0.003952692451071724;-0.007269793789368611;-0.009697379059355976
0.0050595403797069885;-0.00011052257971635;-0.005467280946106436;-0.010385951224800696
0.0027749580168523994;-0.004476788227598801;-0.0029775802000367615;-0.008902890049974873
-0.0008774509078061109;-0.008044717200049987;-0.0011345211659649175;-0.005884639714386515
-0.004716102249175678;-0.009511150570217558;-0.0013462346796951539;-0.002751374413079386
-0.007681272872051571;-0.008066272750462702;-0.004117723424863546;-0.0012179145926358213
-0.009206277247318585;-0.004132035879377554;-0.008168297047433245;-0.0022510797017533564
-0.009194794893245926;0.0005859186165428407;-0.01069530826089262;-0.005115851076813839
-0.007756614228187262;0.004038802011958554;-0.009156796114829627;-0.00745321591151145
-0.005005821636915745;0.005159847944226149;-0.003357404505451015;-0.0066899138488849645
-0.0010904483460805064;0.004519605491997371;0.004076681603160232;-0.001918597680047302
0.0036444997679343236;0.0038115337364657965;0.009444037657398102;0.005182174462290509
0.008580414435490678;0.004616369465356274;0.010499538723778401;0.011198328788540978
0.012908051419529932;0.007326500534436029;0.007736396138564067;0.013092026865800584
0.015742840698103527;0.010869268532761331;0.003689410183313217;0.010094125031628992
0.016203534641820345;0.013337125684307225;0.0011923565308370233;0.004046310089758411
0.013618067341355527;0.013095174690162898;0.0020186440653044723;-0.001960450126866996
0.007984530288319979;0.009633101206983052;0.00655719578677759;-0.005555477171608173
0.00040698285191638906;0.0036673298765560903;0.014110169617283938;-0.006247319958896338
-0.007026627803816558;-0.0033454920562964847;0.02310579107011687;-0.005121537362638881
-0.01209601095098977;-0.009728342648210526;0.031156688885744;-0.003597955696787534
-0.01352247093764729;-0.013858507647966662;0.03552566418557093;-0.002421626815958929
-0.011484415030430531;-0.014430214299161914;0.03427526856126241;-0.0016743826500180959
-0.007242199517560829;-0.010964823678090834;0.027456089378589534;-0.0014780701577682112
-0.0022940204714924114;-0.004332265978596107;0.017277469494509333;-0.002307366399426016
0.002188329644639464;0.0032840132715794617;0.006922074355205709;-0.0043245480989471015
0.005311753732627872;0.009252658027097512;-0.0011703614413107585;-0.006443742115954522
0.006194739312321835;0.01183375833131851;-0.0062858785159015515;-0.006454358559655201
0.004136040061724229;0.011184853119467096;-0.009071625680770773;-0.0026175235827081704
-0.0006498276963955403;0.009235822043136103;-0.010348025263702525;0.004477477812104408
-0.0064010703252414545;0.008224758181237088;-0.010285612677560256;0.011603254600741818
-0.01014917788964565;0.008720755695117337;-0.008635955146694812;0.014739492032430513
-0.009176932281224886;0.008742238256517695;-0.005471960241475891;0.01179631137608181
-0.002729917262024693;0.005155838764950949;-0.0013866729047524655;0.0041276941098901615
0.007228154657024533;-0.003304702715613754;0.0030033155794753122;-0.004342708658402644
0.016794314437082458;-0.013999519884721753;0.007375630594012056;-0.009801191807135312
0.02199432368955616;-0.02171706116480476;0.011312715477185365;-0.01118250663041926
0.020690807787172093;-0.02273702652440788;0.01387556810616675;-0.01086858555863259
0.013583838060379223;-0.017869653129286983;0.014046321273600261;-0.012721380868071175
0.003906132670997513;-0.011389868396177364;0.011782237343287002;-0.018695489070085686
-0.003991323038236897;-0.00706334496942392;0.008421430259779624;-0.02678659092809218
-0.006583419387292613;-0.005480328812270223;0.005712770029911767;-0.03232920297638501
-0.002875590313076827;-0.005040908153836235;0.004236953454995284;-0.03162786808233978
0.004954047447525595;-0.004651356015304764;0.002745531017964169;-0.024548753623722868
0.012525275693510748;-0.004830892187372202;-0.0008536307932196253;-0.013854692609273802
0.015602805255789063;-0.006579018386454145;-0.00766729076656438;-0.002515735368813067
0.012582171977845865;-0.009971717535940674;-0.016717138515827533;0.008012921422870157
0.005428813023858965;-0.014009383798910178;-0.025456052969084795;0.017210407215757187
-0.0018067942024622226;-0.017339083554935124;-0.031329204934001376;0.024049722997228747
-0.005930937679767593;-0.018900667195604532;-0.032979147708198424;0.026845349345027816
-0.006705405596106165;-0.018239971292587843;-0.030290301060829798;0.024632781640904867
-0.006481607288647712;-0.015587455696053952;-0.023808580658002062;0.018325916814861034
-0.007893623122934786;-0.011667170652261732;-0.014589276877528692;0.01029762322523973
-0.011609278203939886;-0.0073203233669565165;-0.004608332925848099;0.003013299369773169
-0.01575784386639697;-0.003212460101823471;0.0032292412577607007;-0.0019137028568153645
-0.017199358380754082;0.0002749102973226251;0.006218174605337008;-0.003933788988967686
-0.013623429704019937;0.0030483731645145817;0.003536711899160073;-0.0035202457244881804
-0.005142345890785255;0.005216662126259075;-0.002943729304021261;-0.0019445504808554266
0.005538959632126629;0.006904659154080406;-0.009615313417794305;-0.0005950063494503472
0.01444094355101169;0.008076188183959722;-0.0133091901167331;-0.00010295856226795359
0.018315755129103158;0.008494996106511799;-0.013070991525053458;-3.6126088833787886e-05
0.01617034528488447;0.007833643123792578;-0.01023760997192669;0.0005318294295611136
0.009501852867049038;0.00586820879079764;-0.006989291146646029;0.0021425406390126406
0.0012780674532736505;0.0027115869229473;-0.00475608618325106;0.004563031914853723
-0.005578725758359444;-0.0009921424782827896;-0.0036844327865802875;0.0070799713270948686
-0.009292873694351373;-0.004087736030566101;-0.00320381083588535;0.008993872775550622
-0.00947057246942676;-0.0053057102992807;-0.002849382422090297;0.009786508658225826
-0.0066979763534704105;-0.003935790255201493;-0.0025851722550035415;0.00897022159435226
-0.0020819097816957323;-0.0003432775415935451;-0.002555917551016808;0.006079542812785593
0.0029201466642223093;0.00411432633310487;-0.0027228054904520106;0.0011205359061767083
0.006582863095640081;0.007772432458137373;-0.0027927990466733617;-0.004827562464688862
0.0073773161506358815;0.00945860967125452;-0.00239808900701101;-0.009654499272327274
0.004870827230062576;0.008884250526912826;-0.0012320948590458444;-0.011414257811573425
0.0003594540756901295;0.006517144809253098;0.0008640701582190212;-0.010023485897864424
-0.0036338189302480787;0.0031990284108564717;0.0035986477294692476;-0.007767112018594691
-0.004959968293832201;-0.0001849930139343422;0.005852453568148714;-0.007499385362961438
-0.003333581478271267;-0.0028367252188133438;0.00596145011338185;-0.009756301435476894
-0.00039330649692182216;-0.004037235415575724;0.0030005494937087604;-0.011714974850986395
0.0017258872128584012;-0.0032705168339705677;-0.0019019639096384208;-0.009545699415590083
0.001990644176246414;-0.0006705975357383257;-0.005792632236211047;-0.0021554597465936716
0.0008799058959200624;0.0025522112251514955;-0.00598324638663548;0.0073855364895642145
-0.00047654005363212897;0.0044556147716699;-0.0023077341746524575;0.01414095174125278
-0.0013760316614325452;0.0036833491682660264;0.0026267171506271295;0.015024606289192102
-0.0018709143931663662;0.0007558692070741328;0.005547486536979511;0.010636337867531239
-0.0023101618680297685;-0.0020893809837255373;0.005069177502381592;0.004256780842087217
-0.0027407862462419047;-0.002721855743617388;0.0024510404189803108;-0.00038209385055231056
-0.0027429966086560485;-0.0010466368943101143;0.0001597847325223061;-0.0007209419951441566
-0.0017562795629226069;0.0008771546935524205;-0.00021180041376143424;0.00395405448514408
0.0004427970719101978;0.0007992711370215655;0.0010630805715275433;0.012256578379827385
0.0034481264882054675;-0.0014530895969683117;0.002363704464903907;0.02083973154330083
0.006239663327038271;-0.0035668318984406534;0.002003310955885399;0.02551104563094071
0.007514496850709095;-0.0026884127261867503;-0.0006379541744333012;0.02336479144199674
0.006285939400372726;0.0019761955557518096;-0.0046868529195930675;0.014739821933146663
0.0024956653210033743;0.008270051464734772;-0.00825954290102797;0.00340662095818579
-0.0028071616046985224;0.012685830024291385;-0.009559528986427587;-0.005457359517525193
-0.007955039624338817;0.012926037964347338;-0.007814523356911096;-0.008233628691446655
-0.011530296014757331;0.009208042993288309;-0.0034731156528343752;-0.004820418261075009
-0.0130177468507582;0.003589531866019316;0.0021465472827171287;0.0015991219182617535
-0.012841814685509495;-0.0016121628091845465;0.007257880045008786;0.006743973385841278
-0.011860430533233867;-0.004926980479784386;0.0100202383098618;0.007952971699162377
-0.010751842108089804;-0.005935946669338529;0.009219088692728344;0.0056468587328585215
-0.009731944941334706;-0.004982657372610296;0.0050139834558711035;0.00259113453119085
-0.008700186040201284;-0.0028585261140636094;-0.0008991173560281222;0.0016261834500787894
-0.007550892792306399;-0.0005662740200439347;-0.006029066965865742;0.0036243151655635515
-0.006333132070519233;0.0009514223412891935;-0.008295129805742155;0.007112744095749605
-0.00517205076343524;0.0011534225112032163;-0.006942793969883907;0.009634003657910397
-0.004077991739961882;0.00016660925814009715;-0.0027044662381124616;0.009635386338028639
-0.002802016057711585;-0.001219985753424116;0.0027836318566173976;0.00742300919288638
-0.0008534387153421682;-0.0018942626605588622;0.007895583891562861;0.004603172686119535
0.002234863770862759;-0.0009531953384555163;0.011640769165324109;0.0026773410476696657
0.006424414791346893;0.0018191109336701135;0.013593491439076554;0.0020043758009091663
0.010760284906812903;0.005747909353607265;0.013360736490372567;0.0018357524839724669
0.0134870094825374;0.009454457282649504;0.010345312559122908;0.0011626077211162023
0.012896176123531434;0.011391272909955667;0.004311818299932548;-0.0004400340938908948
0.008476184594963233;0.010496042257954297;-0.0037082103652954085;-0.002575820617384137
0.0014943997070584253;0.0066509037759295295;-0.011306842934942649;-0.004367664258187864
-0.005524663707472528;0.0007879317339792039;-0.01588131018402148;-0.004918878659839643
-0.010064909375817895;-0.005283840826967387;-0.01612842518336543;-0.00358045091044576
-0.010705539961749973;-0.009265237672390842;-0.012361797269956627;-0.00016852288368486042
-0.007408665758636742;-0.009107297825067933;-0.0054660264270513575;0.004639869537923483
-0.0011508379512179454;-0.004141301595107088;0.004050555423330411;0.009035098856018902
0.00650372087141015;0.003969999381825888;0.01555082008091339;0.010616218820003602
0.013544359191858073;0.011474339046788818;0.026863444583228806;0.007821795973614147
0.017697515444298186;0.014414318933598784;0.03401661489951257;0.0011706958686092611
0.01722345535842026;0.011192686765461993;0.033312618384472165;-0.006956794643358141
0.012172832411620845;0.00391257760453201;0.024448183046294023;-0.013902126893657683
0.004951139643048457;-0.002766397423733312;0.011797852627248561;-0.01806683271684034
-0.0008455401573948997;-0.004617015647668787;0.0021308192234945423;-0.018654917677209764
-0.0028266207905236485;-0.00048336633296922044;0.00016582691136786222;-0.014524513962128189
-0.0014894055294037826;0.007420502617724623;0.005575385954398757;-0.004367067824990346
0.0004006860647876972;0.015610334130737478;0.013936427834296074;0.01088689336325702
0.00030682539367073353;0.021809168508543707;0.02056397583745384;0.025800537320348864
-0.001849250332645805;0.02553107901503906;0.023720502248425264;0.031912470427731446
-0.003642498908511847;0.0265839875054364;0.024712125190893944;0.02334070072110822
-0.0022993450185949727;0.02371905630971372;0.025465997535568705;0.0021324526502009863
0.0027722291334081467;0.015540255290819566;0.026123721466103304;-0.021795266814446605
0.009148958073114295;0.002898856029766834;0.0245502073083415;-0.036835079549915245
0.012910958817937959;-0.010291678044583459;0.017750229388764978;-0.03739424416760973
0.011326814343070708;-0.019403487030118013;0.004000435828219467;-0.027163870589131667
0.004730695693276479;-0.022429751019380575;-0.015472404990508982;-0.015480368638691936
-0.0035924418470341486;-0.020838158346101487;-0.03609178515063423;-0.00983247627772061
-0.009218990262751957;-0.017370241490814276;-0.05137873933538572;-0.010730676143650407
-0.008911425355463855;-0.013565907224259821;-0.05601640818216335;-0.012984920815836564
-0.00228343976010455;-0.009460031415137673;-0.04890319636141162;-0.011547819550902356
0.007905119404132176;-0.0048407003564648644;-0.03399552303366405;-0.006112687338671081
0.01693153152150263;2.868284183030421e-05;-0.0181352742364254;-0.00055834594717701
0.02028014766699329;0.004791902493190854;-0.007306172698454942;0.0012714919558412595
0.015892808984202336;0.009358303984866662;-0.0037334594284544045;-0.0010726615730175873
0.005408310419233288;0.013571613028572911;-0.005386254786897949;-0.0048866231868211355
-0.006493951860541525;0.016842725003787133;-0.007847821572025751;-0.007101828882228799
-0.014557108504529865;0.018391426051325734;-0.007224217456289827;-0.006660930907704098
-0.015777343502468136;0.01772823587981821;-0.002305495633753732;-0.004582354269072962
-0.010770442684676088;0.014764141372773758;0.005173806631111955;-0.002254998616022799
-0.00296212520798827;0.009667841124175972;0.012007877874787042;6.865665808133162e-06
0.0035786779357513065;0.002935350498367652;0.015540651560354994;0.002757910083917391
0.00619228619432141;-0.004383694404080725;0.014992846010007091;0.006080644011777564
0.004496299463307992;-0.010788008793094377;0.011540604929261936;0.008791706188893831
-0.00011561226214197091;-0.01490765065186889;0.007351741533557839;0.009195529029515563
-0.005719183665490322;-0.016114786643927716;0.004214288128485768;0.006678835081654688
-0.010872948043592368;-0.014624461728465342;0.0025238984077311727;0.0025064095776811575
-0.014742029212846737;-0.011095541061484979;0.0012867985067090107;-0.0010718850365120766
-0.016522486062680603;-0.006289654140902703;-0.00076981695537598;-0.0026572028288047757
-0.015087602214006946;-0.001233108663823946;-0.003843710099628418;-0.0027956253592928038
-0.009607331008511313;0.0024084255246390254;-0.006739585816885566;-0.003264523230571893
-0.0007885132615192515;0.0025943906924346077;-0.007926625291188948;-0.00512602319494982
0.008571563967024206;-0.0017705035894735432;-0.006862857136874097;-0.007339273003052837
0.01468444658569066;-0.009327307585845228;-0.004282491099390465;-0.0073571381776423505
0.015032004129526742;-0.01622321635234063;-0.0014158627008822825;-0.0033619177445940803
0.01013747129653186;-0.018253499612231813;0.0008411446941226672;0.0037961009025596192
0.003434004162886717;-0.013788610563287692;0.002136676126923881;0.010708892487652319
-0.0007994469820497252;-0.005024514217783056;0.002474323508345611;0.013519207704027888
-9.082698402819885e-05;0.0035744177472586862;0.002058090340350328;0.010355101162613093
0.004745963074058875;0.00831193225178191;0.0012613014307508066;0.0023761490354568915
0.010293320465180935;0.008332122407311342;0.0006300791460762556;-0.007062447623144219
0.012876813023397203;0.005391309074742948;0.0008203734347150894;-0.014359615251841852
0.010895153560040274;0.0019761274730493894;0.0023109391824533572;-0.01742494028584029
0.005495911411297556;-0.0005124381080246797;0.00488815286913771;-0.016233836422514244
-0.0007325908436992789;-0.0022241351269335504;0.007344255751140872;-0.012129029341914687
-0.005846209791679748;-0.003996282069187749;0.00795674751627672;-0.006767146923770589
-0.009706797278079321;-0.006230695168478488;0.005669017566407912;-0.0016055759044098865
-0.013435638672984869;-0.008530320964429234;0.0010577650184195285;0.002131289450375512
-0.01782628185223112;-0.010165267408842181;-0.0038244715991474906;0.0036783350531821735
-0.02214142392752052;-0.010681879522715425;-0.006681638536113466;0.003231128814790361
-0.024289445880819282;-0.01011841305808328;-0.00633214159101666;0.001962981796821106
-0.022242788234144592;-0.00886792509257595;-0.003303371082363226;0.0011235414900964205
-0.015608969149410314;-0.007453750059936172;0.0005208058292709849;0.0009980544998960039
-0.006167330440763476;-0.006332093935819495;0.002894430817946302;0.0009029917463786062
0.0030089589013675465;-0.005721331445301485;0.0024112609359271788;0.000254965427616826
0.009175558428226328;-0.005498588502341835;-0.0006639693421051005;-0.0005422533055872706
0.011176798147220408;-0.005251074072441213;-0.004533946419584161;-0.0004223680612987574
0.009667129231647658;-0.004511806019478551;-0.007017198785579512;0.001217939069587483
0.0064070311951733554;-0.0030632912367719177;-0.006894063849686628;0.0038416650299853165
0.003233491236236767;-0.0010947617323574833;-0.004448592522675131;0.006152784470042599
0.00128020901778777;0.0009104086703780843;-0.0009758197470897288;0.007022673034214386
0.0007150034842838206;0.002459227572099907;0.0021215092594926922;0.006114193574921066
0.0009628172403405;0.003280943711830027;0.003945349323561603;0.003873837805000081
0.0011987026559706503;0.003363632516916431;0.004229369471269974;0.0011416077043098756
0.0008254576265752592;0.002831149763869608;0.003180130769426944;-0.0012424943162468076
-0.00028727099424519735;0.0017982906077149284;0.0012645307778054607;-0.0026567476471483858
-0.001852829373773964;0.0003148532116581668;-0.0009516046609139203;-0.0027662438996334804
-0.0033921634123009726;-0.001582358605069035;-0.0029099819595894143;-0.0015317702659846907
-0.004472133478037371;-0.003766755359710456;-0.004147331844150685;0.0007856868979270273
-0.004856392947035983;-0.005950231020102073;-0.004390231443720008;0.0036313576169522935
-0.004545869395562061;-0.007700019245851504;-0.0036388868409638246;0.00622674509670973
-0.0037241170983102;-0.008551188315278308;-0.002173482796796175;0.007758494300797732
-0.0026304444802174158;-0.008173193056106969;-0.0004127980733356943;0.007684666856141902
-0.0014014500747103209;-0.006521843429239495;0.001365161782586044;0.006060456896938469
3.359515335590176e-05;-0.0039077082409743925;0.0032783284900845013;0.0037050866091770302
0.0018921205156448003;-0.0009331423603304174;0.005801110192472898;0.002028093177140928
0.004279819814681128;0.0017123968907764094;0.009283844869991894;0.002434252189643545
0.006893485360144608;0.0035516922593755813;0.01328471361231249;0.005431217139923925
0.00897661810542893;0.004583836448446143;0.016332058027475914;0.009853515212447534
0.009672171477707945;0.005308733214843161;0.01658930998189209;0.012865834369786035
0.008544654862631841;0.0063549448341084355;0.013168447432331991;0.011271129823692053
0.00583644366769724;0.00782577130620067;0.007109355943713951;0.0037833119666047395
0.0022585474227653454;0.00884861904912139;0.0010352918325033512;-0.007291941199699859
-0.0014429192051621318;0.007884140401699108;-0.0026068440078974423;-0.016722710836935165
-0.004731796952657003;0.0038426640675766587;-0.0035615758630068817;-0.019386990832051143
-0.007161678951614051;-0.002731351066967648;-0.004293238085586326;-0.013458141092527156
-0.008105103454536654;-0.009442972215813077;-0.008180639364568197;-0.0013255246267683467
-0.006770508674998585;-0.013195093153403168;-0.01652244170059845;0.012046378153805288
-0.0027570782527300123;-0.01199277250030692;-0.02684390477118337;0.02166811067892714
0.003165247541192023;-0.006116549028844923;-0.034153060649483556;0.024376442368286313
0.0087889257513003;0.002152391271581704;-0.03430169296296568;0.01961008668346492
0.011227781261455723;0.00997349699354095;-0.026798805362377925;0.009412477459760626
0.00847167811513658;0.015450809325140957;-0.014998436745775811;-0.002264351844872291
0.0008545607601092468;0.018170267375257877;-0.003822479424123896;-0.010999633710707283
-0.008546565752507401;0.018612226473002928;0.0030999530037747864;-0.013609049388067165
-0.015057612221235233;0.017202777703470545;0.005024561947999504;-0.009213413234137083
-0.014712840722833548;0.013953897455085731;0.0037711357004524327;0.0008247372441941487
-0.006531639634132623;0.009007322676648766;0.0021043228137137527;0.013709325249479666
0.0066317593936013166;0.003499229550104134;0.0020539304898072133;0.025965230353757494
0.019316025387709313;-0.00038697100638512675;0.004127915147435711;0.03389049560736748
0.026100317530681684;-0.0008934044726597833;0.007493861663806539;0.03428242138210215
0.02416666024665686;0.00125731902149759;0.010635834247140557;0.0258207294581333
0.014466828424454615;0.00263030583926229;0.012136209183251275;0.01031472949150021
0.0010872726552313325;-0.00011577742339373564;0.011427663687883394;-0.007459052154328963
-0.010673457507533676;-0.006689910822583138;0.009127659792473111;-0.021609603458159047
-0.01654976786433947;-0.012821351276724277;0.006524200231861643;-0.02770845325395174
-0.01500152737612055;-0.013921370650176406;0.004474369550921714;-0.024712006781910153
-0.007796710630194739;-0.00907728558369043;0.0027026614606097676;-0.015188375427231823
0.0007991869131410331;-0.0014370374134164243;0.00021406858398317335;-0.0037161461586407416
0.006130682801304273;0.004826004241706498;-0.0035536589273711533;0.005482667741930745
0.00573832727490159;0.007549427257487495;-0.007915219615991722;0.010103516068906346
0.0008978089921318944;0.007175212054150753;-0.011154324017802725;0.00979268223660204
-0.004183871561934831;0.005386934087079933;-0.011552979548039051;0.005353598995877503
-0.005255737691734934;0.003606128741213563;-0.008483825437277537;-0.0017237591073069726
-0.0009739132858302123;0.002389791169520636;-0.0028957575493546647;-0.009210026126904323
0.006280189711779548;0.0016377371571504886;0.003093275542067876;-0.014396569543086659
0.012181967965791043;0.001108047774750465;0.007304300554707814;-0.015226847520672078
0.013334050272874385;0.0007994821058376348;0.008667702986973046;-0.011611329856569964
0.009187092293233248;0.0009307688333610687;0.007717001718074174;-0.005631824076114987
0.0019937016541110423;0.0015784415164711101;0.006122434934716925;-0.00020459843419359027
-0.004778353419833292;0.0024026941211945964;0.0056610029892841425;0.002764720871282094
-0.00835328794656843;0.002853733266118229;0.007300991555865649;0.0031962393537678913
-0.007809127250082792;0.002727614663375144;0.010788774485412118;0.002106612296366033
-0.004126550876077654;0.0024858822408784856;0.014742333751973171;0.00031060306063458276
0.0005920596586839498;0.0029077933375453134;0.017180106385200438;-0.002086061685374322
0.004166490133968649;0.004283788300309909;0.016414965254570767;-0.005095151705183654
0.005154460256442743;0.005858045431555203;0.01198692454679766;-0.008089268972130952
0.003223554902562756;0.00610235918169087;0.005053472587183658;-0.009864903381658399
-0.0008693994114163814;0.0037351065210188285;-0.00209964345667221;-0.009448179485127807
-0.00556439755469698;-0.00125042061981006;-0.007159945526429803;-0.006733774897310106
-0.009006712164096802;-0.007341097087102636;-0.00889715890817076;-0.002376574112143332
-0.009719201103660329;-0.012222276232115721;-0.007736200409769893;0.0026767556611648293
-0.007191420028271848;-0.013908473123815041;-0.005411728470311901;0.007293301220413133
-0.0020828550302735105;-0.011573916911581187;-0.0037310213185614296;0.00993963342508627
0.004019479648960425;-0.005828679353130257;-0.0032726412290616344;0.009004730798181064
0.009115330258884653;0.0014161585326239003;-0.003195647058721458;0.004005226361797308
0.011435559579826964;0.007494052539269332;-0.002390119564161924;-0.003450274163266487
0.01013715415315952;0.010119455755990528;-0.0007882184128348175;-0.01041302055429202
0.005789183584537019;0.008768852222484184;0.0005152553762813262;-0.014773357282076943
0.00022668926079770914;0.005190513754105127;0.0003598171165528706;-0.016648778602528374
-0.004337742240241345;0.0022499314146691815;-0.001367998922063337;-0.017376849380915053
-0.0064205816088630805;0.0018311667627386257;-0.003627458267741581;-0.017296292746646975
-0.005837064192919421;0.003546180542355535;-0.005045255234368764;-0.015031589219558057
-0.003462635400678165;0.005293322409096902;-0.0048898095451994136;-0.009232350430969875
-0.0005621119593047984;0.005038367359754582;-0.003550189850564395;-0.0007879349323798318
0.0017845813825788667;0.0022811781755959944;-0.002296104739111595;0.007038764330477052
0.0029505707799621656;-0.0018141392335037755;-0.002439794989641901;0.01083204949645877
0.002811734343195613;-0.005458058038344302;-0.004370065679565842;0.009500526680713857
0.0016666382793889885;-0.007475398676857771;-0.007159214915531135;0.004872300458988103
8.22256420934283e-06;-0.007822946721712914;-0.00913281851499964;0.00016159452503236146
-0.0017994650868099155;-0.007161782152564947;-0.009002299555142307;-0.002214508811570074
-0.0036997350645883356;-0.006048057000902945;-0.006654489755700245;-0.0018222749035075368
-0.0057797299687724814;-0.004531107104214843;-0.003030962325011313;0.0001382468665625436
-0.00791021095134566;-0.0024222668831326483;0.0006502067084741671;0.002067500824906745
-0.009576003816432557;0.00020277677171253225;0.0035968429345557343;0.0030405624929196293
-0.010093030153201015;0.0028457298026564686;0.005568772441274672;0.003086852243566219
-0.009004799423855828;0.0048940072700371165;0.006540419013045452;0.0027200955767296164
-0.006313319124590055;0.0060524514427819;0.0063988765292220424;0.0022278839551035283
-0.0024385163031840525;0.0065039205670497455;0.005025774025200153;0.0013184533246447386
0.0019118866892130035;0.006684879055165441;0.0026398076547670857;-0.0005293217673889546
0.005772644145609986;0.006875037444611204;-2.3615653424133327e-05;-0.003174805788752443
0.007926805081618577;0.006935306886371359;-0.0019604101876258937;-0.005107888615718608
0.007176202443471824;0.006424046214928676;-0.0024174308968712595;-0.0038283515337701915
0.0029960940562891863;0.005035254395439723;-0.0013041799792421383;0.0024183747104679462
-0.0038018399573444468;0.003001190977643447;0.0007281892783035772;0.012558720500363198
-0.011070433910713258;0.0010359492887550038;0.002515972181040319;0.022159458214130713
-0.01628072100525937;-0.0002516720298860882;0.002833722310718169;0.02563027585125628
-0.017874212742986964;-0.0009680701548340679;0.0009747738952903509;0.020073163031351572
-0.016006485581776884;-0.0018779886032985623;-0.002779145012511648;0.007831182028544005
-0.012139677894915903;-0.0036132666600150807;-0.007121207990277239;-0.004537522687431302
-0.007887118211815607;-0.00594355303065365;-0.010207724689825955;-0.010308199465613397
-0.004063468841543623;-0.007934518665573398;-0.010470632015223231;-0.006775031274004157
-0.0006111979726390526;-0.008826988410836038;-0.007461497625706817;0.003230351736993201
0.002746063943796471;-0.008620005342470536;-0.002317685108211151;0.013266082368138756
0.005863250269782879;-0.00773616385035452;0.0027145147904430837;0.017229147429975753
0.008098747573927449;-0.006297136721649725;0.005792203279755235;0.01288265013951095
0.00869705435873003;-0.003952568074456391;0.0069156637175173405;0.0029705459688725887
0.007192961921750765;-0.00041075631993958055;0.007729586864236826;-0.006628979793867622
0.003657156882539055;0.004072531895039145;0.009628572820967326;-0.0105747079275346
-0.0010984758383597857;0.008830030718877615;0.012140320563852221;-0.007317728339410398
-0.005385314653167453;0.013199981419595446;0.013421938008717656;8.506513860298716e-05
-0.006946057830341827;0.016482094964040593;0.012312660037856308;0.006079833283028402
-0.003990797082684062;0.017448914025836915;0.009612530234075198;0.006254552728064308
0.0034368423611888547;0.014426737582170224;0.007195750739237917;0.00015200717084907944
0.01280227221571041;0.006669053407114296;0.006022088551253333;-0.008576972974694532
0.01995760500263211;-0.004010170191783875;0.005242950022568993;-0.014792712501050046
0.02128723039000081;-0.013518761160093222;0.003286634659751622;-0.015462397222093376
0.015800092242879375;-0.018255534838720326;-0.00030447558917991836;-0.011642989514662338
0.005792750705540631;-0.017891196732462384;-0.004159607630330331;-0.0073228182453282855
-0.004305993820688341;-0.015182347973107755;-0.006134074836818095;-0.005978230308882016
-0.01013912965418501;-0.01308376801104413;-0.005140390506959834;-0.007643178948560885
-0.00943602660853416;-0.01246099112231952;-0.002210760218355084;-0.008946697526073532
-0.002912624005567777;-0.012548302497419382;3.3929132546979326e-05;-0.005996433525462395
0.006216049973443753;-0.012632830267306437;-0.0008398794386764068;0.0023784017677811217
0.013764412731102705;-0.012366537502296049;-0.005224097648431083;0.01344971441209453
0.016422851491907337;-0.010809768375109897;-0.010832595798399134;0.022054221769101347
0.013154304847671066;-0.0065009641827115106;-0.013941408183870862;0.023669343402559877
0.005545139984227744;0.0007522143129781062;-0.011898080695793548;0.017314859149694835
-0.0031165874030081994;0.008557958273434571;-0.005134062046239738;0.006382424759141564
-0.00956070575640773;0.013146119251400723;0.0029989507545612293;-0.0034165646810764777
-0.011956763960199504;0.01214417034532481;0.008583871801257125;-0.007640333618020273
-0.010237032370219779;0.006206736410052697;0.009772717730679668;-0.005601725749257399
-0.0055617999418361005;-0.0017917276716224375;0.00753365834257686;-9.281818495734258e-05
0.00030464943017714503;-0.008845897000451958;0.004160951808338862;0.00502143149496372
0.005439323897940918;-0.01325426968486609;0.00125870409997673;0.007217714640817896
0.008329329270601732;-0.0145990221687401;-0.0009030803853637562;0.00603528149211979
0.008605373275926604;-0.012990381223621025;-0.0024799007264405784;0.0021953457637225913
0.007328687253497902;-0.008734420174195139;-0.0030530971261383245;-0.003367748060307469
0.006271134877182642;-0.00270981303558647;-0.0018314083544031948;-0.009469521953039546
0.006568959496236098;0.0033459491530955362;0.0012828948517533436;-0.014237292355316193
0.007882259484775079;0.007456888731638316;0.005206661115128898;-0.01563297539798366
0.008792940718742684;0.008676004792933463;0.008478268964950816;-0.013028676621666938
0.008030856691100022;0.007821199199504657;0.010441613337007494;-0.008220136166719808
0.005441058182243839;0.0068216430225251845;0.011440530229434316;-0.004376955440332049
0.001986403744105053;0.007110798551139523;0.011884032294571486;-0.0034942635640464697
-0.0009926477784189965;0.008449536731365507;0.011383281344171806;-0.004725357957698856
-0.0025143154839001487;0.009186551212519342;0.00901776993132441;-0.00537812433442389
-0.002224054825515737;0.007662018975050498;0.004482007092492642;-0.003737067094638282
-0.00034111374068791485;0.003528703713979072;-0.0010740075549784847;-0.0009662898560903982
0.0023488827556207826;-0.002006545829615702;-0.005439682341006891;-0.00020645830955545974
0.004412940548889299;-0.007020309380078754;-0.006831451778874259;-0.0036688043391372533
0.004000166098480689;-0.009995578749594407;-0.005305860280755237;-0.010346997691690334
-0.00024053101031875607;-0.010421170463699763;-0.0027894018950314755;-0.016366628002609143
-0.00785581511074417;-0.008641008397566893;-0.0015210916755236975;-0.01774580484603867
-0.015962425838477973;-0.00535179575934125;-0.002241724296051319;-0.013353255475388189
-0.02026648932330355;-0.0013241929100000498;-0.0038011427585931453;-0.005638680234422366
-0.017506660387163198;0.0025107415458409453;-0.0044447057018032225;0.0014657855743789162
-0.007783611480856553;0.005067858077619683;-0.003400913436719769;0.00561905677935633
0.004968888433031754;0.005647069285782965;-0.001317694882233964;0.007429061436511303
0.014906867056268846;0.004693279292763804;0.0005345665607030754;0.009085687091090583
0.017450705902465963;0.003876935211425645;0.0012401179511859126;0.011810873861211582
0.011760030237646437;0.005011092185785137;0.0005535122340027976;0.014583197115945053
0.001109005360999474;0.0084581344927313;-0.0013236602653727276;0.015173971048924043
-0.008931376503790762;0.01240111808705821;-0.003942499307343648;0.012348880776521812
-0.013424165183260568;0.013828667120951014;-0.006624140537318484;0.007160405334765514
-0.010530230322798415;0.0106564969259029;-0.008596891140006113;0.0022462829114234945
-0.0022527288090518497;0.003371030416999775;-0.009404688815515386;-0.00010275976864888842
0.00683909709413934;-0.0050983909508833;-0.009245808556881334;0.000612831540238
0.012137447486103603;-0.011191551811430276;-0.008802198242609242;0.003153150485943965
0.01134789558056346;-0.012860385256974666;-0.008615611526741613;0.005653399764313909
0.005359272457087335;-0.010513858509444378;-0.008568627295175275;0.006701714384458189
-0.0027362121286686344;-0.006248714880548799;-0.00794190363812483;0.00576478262888333
-0.00963201899531118;-0.0022022711762254253;-0.005978911919816543;0.003104262462505686
-0.013420616812305657;0.0006190851313075445;-0.002494161930858678;-0.0004483022384682992
-0.013978458591561327;0.0023674109239204717;0.001887012986392404;-0.003731450751005062
-0.012284709531058948;0.003627122743241063;0.005965318996153356;-0.005592197931407287
-0.00944019697662479;0.004738359512905869;0.008528391205751813;-0.0053423961555533715
-0.006069894778575688;0.0056115587473249155;0.00894914500784949;-0.003142861108766424
-0.00235209261000348;0.005940863958500281;0.007495963696709181;-2.1287625494528126e-05
0.0015143051452255853;0.0055021252370641765;0.0051359399955120625;0.0026115051864510825
0.004855115961360715;0.004319107788858869;0.0029273700438890325;0.0037163309517654897
0.006526195192744133;0.002662307405309764;0.001443026600403302;0.0031387036463223837
0.005497646018174786;0.000927974838988121;0.000666566568047932;0.0015036353443291042
0.001638099037455403;-0.0005662986463168204;0.00034750905940892756;-0.0003473617903914629
-0.00394358687307481;-0.0018058913901146582;0.0003275590550196425;-0.0017892437133864901
-0.009356578783339661;-0.003142188482854958;0.00043999506127490636;-0.0023411252244050925
-0.012893703235958016;-0.004983347278042098;0.00018814786035455992;-0.0014175098924920566
-0.013794509476374374;-0.007178302295927682;-0.001203217525291531;0.0014214374747458824
-0.012297672195758098;-0.008606435215312248;-0.004125080225095158;0.005649440667724146
-0.009083237864622354;-0.00758209833950219;-0.007826902150995269;0.009303655332134323
-0.004688687170773555;-0.0030965676706521967;-0.010452161745385973;0.009879658235786836
0.0005583856078654025;0.003948196634299977;-0.010276125964123048;0.006332756655072773
0.006107788696100921;0.010644989117771673;-0.007432442417394853;0.00048031732989201606
0.010846554343223578;0.01355005441200006;-0.0045436303102354665;-0.0037848395913092554
0.013413343942354414;0.010938098123321737;-0.005148176939952406;-0.0032187575878863334
0.013050795656980885;0.004276395363413776;-0.010729305685954137;0.0021524049184033912
0.010234588890064822;-0.0023737153807986675;-0.018834180996116674;0.008567362822981355
0.006431880688417758;-0.0049265921433984455;-0.02420894405315469;0.010626686999872039
0.00315936617095256;-0.0020792730005139543;-0.022253911566990095;0.004584631270195996
0.001172584930958976;0.003779706266702088;-0.01204125775747133;-0.009155781517232797
0.0004086800927966715;0.008278931708153569;0.003275966016577348;-0.025725302955311283
0.0005022747646089944;0.008072987200879917;0.018437061484141534;-0.0378441456620872
0.0012026541228349174;0.0029824939875808007;0.028588455618323065;-0.039273084102369474
0.002304053855741988;-0.004009318296985208;0.030897573655912162;-0.02791633098675791
0.003351484632616195;-0.008574257221542944;0.025067508245354753;-0.006940335464625356
0.00366091321988925;-0.007387140408558024;0.01315064997657588;0.016597243138531777
0.0028021152156493707;0.0001892205623521482;-0.0010939313766646806;0.034735627338540125
0.0010755847210764367;0.011685367756510315;-0.013306307775371489;0.04179063104794822
-0.0006008921509091234;0.022467943961324774;-0.02002289327221617;0.03658429516973042
-0.0014034667112470828;0.02777384318364029;-0.020036973609701445;0.02284468878654173
-0.0012862215117386527;0.025105053797853518;-0.014744304235961934;0.007199010258764736
-0.0010291074624505993;0.015745537438472873;-0.007082072079383474;-0.004500557482870093
-0.0016206635927721467;0.004223490736272308;0.00017910084689867629;-0.010085434073029685
-0.0034691258757359018;-0.004286875822496285;0.005490456606995308;-0.01105880472707565
-0.006034972229280715;-0.006986652465320215;0.00840602695233686;-0.010119197853722183
-0.008166694673469194;-0.004761297463819467;0.008923983726088975;-0.008762441896886687
-0.008870105411105469;-0.0010081334611119278;0.007161740882387351;-0.006819371997888038
-0.007856660838980246;0.0008591468288909572;0.0035370026546976178;-0.003592549002316814
-0.005442321033920208;-0.000607790092518836;-0.0010091125859750143;0.0008513678767051864
-0.002040498688618106;-0.004465274894086496;-0.0051441976296897705;0.005207044849622843
0.0021232160311446904;-0.008394939064829259;-0.007592152116674767;0.007494790310492472
0.006755759251105429;-0.010330279163037177;-0.007639066759297217;0.006392239461301451
0.011021189218107843;-0.009647470138393234;-0.00547908166845343;0.002479525197044296
0.013484570781486297;-0.007220056643592604;-0.0021946845056251677;-0.001746236186870631
0.012798971991679502;-0.004462171079281978;0.000785436309913467;-0.003446200819984684
0.008759786259184945;-0.0022295858510012843;0.002570138713388963;-0.0015260416153536599
0.0028711382992342676;-0.000477013548458602;0.0034130772304055445;0.0025073715900029657
-0.0022153638257975707;0.0011667540606556156;0.004453667874694866;0.005753332577077739
-0.004197885266226039;0.002610232131410957;0.00668487909766687;0.00622943256914966
-0.0025648188150670533;0.003182095610498166;0.00999393687431717;0.004258903893247302
0.001084491020627787;0.0023491012020742707;0.013143650601126726;0.0017080913487994903
0.004112078767006104;0.0004992372368125556;0.014744974489913487;-6.374376858916606e-05
0.004527474510080257;-0.00115385379462897;0.014367935434217232;-0.0013802619734909832
0.002063713367237753;-0.0016361073168489019;0.012809847007693461;-0.0033607953238728146
-0.002018237938798037;-0.0012548702854573196;0.01132097564567036;-0.006097438831354803
-0.005994609123735452;-0.0014723157479805613;0.010549606662535651;-0.008109891145121367
-0.00862743113484034;-0.003550055822144175;0.010192081957843059;-0.007835299659436154
-0.009387805382792255;-0.0071953019335174164;0.009580349904038034;-0.005506888246418716
-0.008178552355389076;-0.010557129679101674;0.008456432143153213;-0.003194797249989977
-0.0051423064889136675;-0.011646679224056568;0.007062980545064358;-0.0027937594941382722
-0.0007450059067852595;-0.009870693296597455;0.005608993221008232;-0.004113008765599111
0.004170901609786262;-0.006326158534726405;0.0039782851891719245;-0.005195855274466948
0.008601515090485644;-0.002797060006216353;0.0021152664500064234;-0.004546357923157318
0.01168508299780243;-0.0005625681869867916;0.0004388018162847777;-0.002846386251599432
0.012810488624449284;2.114109011356962e-05;-0.0004921259084635815;-0.002313003627644001
0.011585013409513541;-0.0007546028968847798;-0.0007360241771489604;-0.004372371768245193
0.007962424752877395;-0.002264549882371644;-0.0010782760261482407;-0.008071564682684619
0.0025825976641281824;-0.0036683887108951404;-0.0021842760413660484;-0.010818638302253911
-0.0030530411940496984;-0.004170233153990455;-0.003752659055345774;-0.01060709112495434
-0.00693709807379073;-0.003567803825316376;-0.004671797749940482;-0.007481412075656229
-0.007345558933049429;-0.002616525457394595;-0.004009917269752382;-0.003042506394546232
-0.0036218502583213875;-0.0026520834760202297;-0.0018153085729095259;0.001091027613688942
0.0033979945884388975;-0.0046087551180619135;0.0009437211255140022;0.004203816032381577
0.011445470854855515;-0.008242789734657549;0.0030723899341526043;0.006284897097049907
0.017390725560021622;-0.012239105451043439;0.0038259171841918613;0.007488600922559542
0.018264247460123704;-0.015079976796557149;0.003161244333678862;0.007954316174949594
0.012462307790191657;-0.015897405272757025;0.001598063172314946;0.007827959011624648
0.0006684869858505746;-0.014636921700855114;-5.658446744520096e-05;0.007072828630906412
-0.013987964768374224;-0.011606050604764056;-0.0009431855224847402;0.005215206980170449
-0.026815041431953558;-0.007106460474512781;-0.0003643986767097937;0.0015821297528446218
-0.0333704579936906;-0.0016272888692803252;0.0019215229003997703;-0.0038191650287119653
-0.031522552305498;0.0038313937278885084;0.0053784917236714145;-0.009443725332198312
-0.022636129397201898;0.008150357376458925;0.008646385569170714;-0.012357526788372023
-0.011025763030146109;0.011117677000345409;0.010113733561020456;-0.009778546236035758
-0.0018521055794834492;0.013760224577054617;0.008999241439028085;-0.001242632544619461
0.0013636996593618064;0.017046908990634792;0.0061456272837528345;0.010217373968022227
-0.001732161907286104;0.020120042208044052;0.003640658211050452;0.019209352862909795
-0.008416832599573895;0.020365780238515006;0.0033132763032949065;0.02119485527640883
-0.014343990424109894;0.01581474722114735;0.0052773449592697684;0.015617022423551842
-0.015557054975409582;0.007439363026055119;0.007759033277946147;0.006334631329991301
-0.010240019878362122;-0.0012605809680030617;0.008342273484796613;-0.0012170887290563705
0.0003967663231694583;-0.006956747698792628;0.005639962845397842;-0.0038182064703394746
0.01247762623280931;-0.008637931266051032;0.00022026866602601133;-0.0021225038448174616
0.02110314807700198;-0.007430446265945833;-0.005716077766273942;0.0007429600918082656
0.022688771613735524;-0.005061975570194643;-0.00959053337737728;0.0019177593511515737
0.01681577755759428;-0.0028456224195748886;-0.009833022121404906;0.0005979881550039189
0.006428520150773566;-0.001648694617528097;-0.0066114510531594005;-0.0020115488713370122
-0.0038449831533224287;-0.002025101913625458;-0.0015708088174012178;-0.003946965800780095
-0.010176357220420469;-0.004011473302444244;0.0031470400310697273;-0.0038145158187657484
-0.011236548854595588;-0.006952326485849523;0.005976805206331205;-0.0014484127592538244
-0.008256275043697244;-0.0097788538550514;0.006538229292500498;0.00223039709832095
-0.0038059509520952926;-0.01159453855897391;0.005565784061740178;0.0058216851166859
-0.00029923917687162257;-0.01209118147491897;0.004312899082479773;0.008071279311239327
0.0009692549704149373;-0.011509443498644484;0.003800702611733696;0.008247767935786078
2.179260470643232e-05;-0.010244180824135422;0.004302290385348424;0.006264503435069964
-0.00214424997104005;-0.008436585029307251;0.005319108252411655;0.002671528452642917
-0.004084317059574694;-0.005879343033633075;0.006064334789371195;-0.0014232836953549976
-0.00439104728325953;-0.0023270734579138425;0.0061548667610190145;-0.00460673668542623
-0.002096344867112543;0.0020151545381384894;0.005952150285616911;-0.005720050561351704
0.0029471339455901385;0.006235822411646678;0.006083858636750652;-0.004572141221074871
0.009718163067824366;0.008972266652968072;0.0063507393901784705;-0.0022407682892636046
0.015955139004249302;0.009085552334119798;0.0050758349762701814;-0.0004654580343943482
0.018753200811815463;0.006335860901896405;-2.7102443390695296e-05;-0.00043763225363380745
0.015929864214934572;0.0015706967619693439;-0.00970214399713659;-0.002028090892958416
0.007529536670122303;-0.003787575190729492;-0.021543920787917892;-0.00414109835581125
-0.003646799893897788;-0.00859541008901885;-0.030796729018765213;-0.0057158270726219065
-0.01315010145286247;-0.012363819181844118;-0.03342933053594601;-0.006290579786319655
-0.017136246425105882;-0.014649669091037857;-0.029127913530003775;-0.0057173055157181876
-0.014388448116402212;-0.014058640712126246;-0.02166271142105783;-0.0036997967955866035
-0.006829100011534746;-0.008239330087379074;-0.016189317064534567;-4.049065017401899e-06
0.001799081394053326;0.004448323891122037;-0.01551185813341779;0.0047086867434647855
0.008198925207370996;0.02268242784031339;-0.01817520612783225;0.00838934956958157
0.011177605949163704;0.041429076889887215;-0.019926627177897862;0.008404914000010673
0.01161218351557048;0.05379037254841441;-0.017419278174419947;0.0035672953805507557
0.011003542692202422;0.05454320223733905;-0.011014829813607232;-0.0041634280296393615
0.009971039973406088;0.04323797306743114;-0.004311262781709418;-0.010365100205178019
0.007876079068530856;0.024918378365394674;-0.0011972162725091729;-0.011395742319551233
0.0037197602652080893;0.007747763201401941;-0.003416518040815759;-0.0073473172422582065
-0.002474251845213374;-0.0013361182251394675;-0.010385268309641673;-0.001616209764572873
-0.008893746764330742;-0.0002725850582385474;-0.020251586588817597;0.0024262146753633164
-0.012532643946619487;0.007562064886226014;-0.030496499617234895;0.004058279107104381
-0.010948174681547348;0.015968457067787253;-0.03798454565662451;0.00476685414789982
-0.0040012133944388245;0.019524650776372693;-0.039518060932680926;0.006002014502342181
0.005721543841620973;0.015887818813613588;-0.03325490338719217;0.00777306735269607
0.014161208852895936;0.006139402668951314;-0.020088770084672674;0.009023841958106463
0.01791837654691204;-0.00619374551722375;-0.003774525862784919;0.008789907750999823
0.015991822781877902;-0.016721767278544544;0.010590943494045749;0.006889968951300899
0.010177643325023846;-0.021941045561414386;0.018939319837150158;0.0037566096666788785
0.0039402086323878085;-0.020647323290781627;0.02006425460587354;-0.00012713233148096642
0.0004001574787425865;-0.01436776352126098;0.015869920339251702;-0.004422964139718225
0.0006334887985030308;-0.0064565650626229815;0.009962608708611221;-0.00853214902162266
0.0033343895078910926;-0.0002431991212384446;0.00556030087354269;-0.01125399296162465
0.005990359031950079;0.0026836795330887385;0.004093597157404365;-0.011283800310624134
0.006652401776215585;0.002971332142163921;0.005183650760929767;-0.008306113032218109
0.005031278608486598;0.002517340861690112;0.007531520170520679;-0.0035208945755320696
0.0022963182380285494;0.002804936742818335;0.009804178416780046;0.0011050450020055993
-1.1185703777659772e-05;0.0038287071620694683;0.01109173052353501;0.004192695812890253
-0.000989316266103603;0.004358060343401606;0.01108683121566661;0.005591856378361422
-0.0006438507109653112;0.0031745340952597768;0.010147261649852708;0.005829658168073761
0.0004986659066700713;0.0001641944962953934;0.009130321942439469;0.005185926260443933
0.0018361526399949136;-0.00360588673223194;0.008897953516950744;0.0034720780687268506
0.0027520264233721653;-0.006732825531211803;0.00970021999720124;0.0006314255924144693
0.0024382536197195405;-0.008388714028369397;0.010858831218292878;-0.0026928683735721885
7.235752440609399e-06;-0.00855183667909317;0.01106571450602058;-0.005374197095976166
-0.004834964767535428;-0.007602847162814818;0.00925084989427717;-0.006606529163712781
-0.010963618465722353;-0.005948270064983136;0.005528654097797596;-0.006456844385326877
-0.015715899556291345;-0.004135551912126847;0.0014640772185056414;-0.005659817229611934
-0.01601890938367703;-0.0031656683813621766;-0.0008061862804016359;-0.004953890195688922
-0.0103258127064968;-0.004295611017534195;-0.00013432766612609737;-0.004614143698659364
-2.6289139930898098e-05;-0.008103384506015054;0.0026673724774695937;-0.004485445664646171
0.010910409810311841;-0.013512938720820532;0.0054010244581683175;-0.004299532996904122
0.01803793957561558;-0.01785962070313216;0.006178368458775158;-0.003922310901194016
0.0188457250884468;-0.018396117007366732;0.004722805251726207;-0.003375768261681212
0.013852722855438876;-0.014350131704027842;0.002200283534715004;-0.002677406510708873
0.005908159178261235;-0.00787297132255831;2.3060495027677537e-05;-0.001658077643457093
-0.0015073403682905751;-0.002847559995739783;-0.0010709052072811229;-1.4942838170945199e-05
-0.005855639868359752;-0.0022528697374801948;-0.0010474905375589029;0.0022659070815566557
-0.00634030376250774;-0.0061063138039219944;-0.0002221989179526404;0.004474164577751666
-0.003844589826786754;-0.01159105058856046;0.0008677366095559579;0.005386560798752051
-0.00020312451783163524;-0.015149327961930534;0.0014953321549666292;0.004192944840223053
0.0028388111722802175;-0.014807261774038415;0.0011127456994019216;0.0012619371868428729
0.004432145913170305;-0.011063684604677848;-8.85298035941442e-05;-0.0020951314342032047
0.004691302395012457;-0.006006672668086839;-0.0011184972649267242;-0.004608780000936372
0.004048275196927499;-0.0016488136318314492;-0.0009434549557295748;-0.005771969104624703
0.002554672885881695;0.0011831536616813121;0.0005678650629631513;-0.005745964648897688
-0.00017148260996350165;0.002780970951885122;0.002467821912994853;-0.0048552606750273215
-0.004313866070229963;0.00372937378441498;0.003554728433980389;-0.003348230522826567
-0.009183679404180904;0.004219253957494633;0.003409134268476353;-0.0015666673595028282
-0.013199794446344263;0.004015526786849171;0.002637594971469241;-0.0001300670096360092
-0.014655263464440705;0.0028765592552549507;0.0021334560244168715;0.0002363713206405864
-0.01277710197574723;0.0008843609925190207;0.002166668337301571;-0.0007984849953965403
-0.008393089269644478;-0.0016110983087938514;0.002283163405510247;-0.002699889837458078
-0.003792571563760707;-0.004273752121246291;0.0021213524660747113;-0.004036704401690288
-0.0018095174811528735;-0.006916586511123156;0.0022086124505036045;-0.0031149984198327874
-0.004484874192604819;-0.009305619704831309;0.0037362656984745424;0.0009017306074116506
-0.011826446730399575;-0.010847526341898417;0.007390884142957177;0.007032851439592689
-0.021265078586677318;-0.010607394267922905;0.012390258912367573;0.012496936886649013
-0.028353384610827977;-0.007886970171193951;0.016732109201224057;0.014058951575998235
-0.028785346779328366;-0.0030053743192156525;0.01847474917784502;0.010129599277228821
-0.020876884118169688;0.0025451766119411103;0.016924805196914975;0.0022808878470687915
-0.006939655425862268;0.007097050726206053;0.01282862710907613;-0.005083889471650695
0.0075648686360971;0.010314217298930296;0.007679995012235452;-0.007122200470887631
0.016720207794481357;0.013584054620339946;0.0029503618744240816;-0.0017579315670927381
0.017091840521472317;0.018385507209788238;-0.00020425856387674282;0.008459347699886844
0.009274709651296618;0.024017673643986034;-0.0009499429227615258;0.01751546161840246
-0.0026049805260615344;0.027391367120525697;0.0009920284014668756;0.01978880844705396
-0.012943164158178125;0.0256846974590513;0.004816503518515356;0.013934537266911158
-0.017141930279895023;0.01923942515891993;0.008412309647993865;0.0036238064023860895
-0.013457359882121296;0.011446529480537284;0.009126536198391329;-0.00555049955271436
-0.0035777990313564955;0.0056849043841616115;0.005411638022474078;-0.010223573320724124
0.008234293550221762;0.0026579067963894668;-0.0017713637563159205;-0.010851048541177378
0.017116181944874756;0.0007595568666300461;-0.009096808446764634;-0.009871142243561592
0.019858796737000424;-0.0014833218187973076;-0.012722926268252;-0.008824118818264119
0.016348241861455025;-0.0038374281157704812;-0.010516575148571435;-0.007249926622591995
0.009412029070684346;-0.005010818783702817;-0.0030826063061830332;-0.003924358312621074
0.0031377624984620205;-0.004241413020003273;0.006799060045613753;0.0012279470319313973
0.0006580133358556095;-0.0019962465015283502;0.015585606359798122;0.00648393567248251
0.002688141392958681;0.0005820290648808388;0.020391817834546418;0.009473771233149601
0.007479213431065787;0.0025580543301757354;0.01998348815094254;0.009024388766364034
0.011910509996041548;0.003583194642967969;0.015076213504112862;0.0060568565057985795
0.013007962841076061;0.0037462482257256393;0.007815487176890472;0.0028181622295304263
0.009280187936956171;0.0033087639504250487;0.000756542601789067;0.0011645117523614004
0.0014226926307786573;0.0025557658616864824;-0.0040508293968014655;0.0013336726838905312
-0.00795798942726896;0.0016835021359143123;-0.0055638103420964525;0.0021617669608883184
-0.015586783070549967;0.0006689675202872809;-0.0039360494549897105;0.0024440291283226528
-0.019092110901053477;-0.0006873589276876738;-0.00043067538181437574;0.0021063264464217025
-0.017944352157375693;-0.0023708841772617944;0.003138571998658645;0.002007353318101561
-0.013220009972662834;-0.0036845049747900797;0.005380315932279033;0.0025560768495882266
-0.006554476148444356;-0.0033483389103824484;0.006077189188439155;0.002677454803257474
0.0007452657052543526;-0.0004886365033552627;0.005999514491893427;0.0005617617384875469
0.007740774160190978;0.004128467115545915;0.005848227400169576;-0.004111846727597144
0.013338121152408441;0.007927250501251022;0.005378060883574083;-0.008702908682055152
0.016123915010435096;0.008105622519850891;0.0037977506988106334;-0.009013295369050656
0.015035449263256815;0.003975183713787126;0.0012754109500200622;-0.0029500251760847585
0.010312097926081428;-0.00205010496769407;-0.000118608247692982;0.007003981856978976
0.003756198133238866;-0.005990784734589869;0.0023388253167213238;0.015355260754314193
-0.0020665975900477046;-0.005195189346132118;0.009062828767721043;0.01804926141581415
-0.0051172888499243264;-0.00011092144612688002;0.01626410448664356;0.015590863889451006
-0.004727522385958278;0.0063865740016864955;0.017571828493031433;0.011971844422139246
-0.001562578082075684;0.011194700886532443;0.008410748447212091;0.010661987172184917
0.002928811710997246;0.012833859551976731;-0.010487609148713824;0.011432004104746079
0.006998875408257446;0.011856360103447146;-0.033315515360595925;0.01070594333129325
0.008966994291317339;0.009984315486312874;-0.05254452651609465;0.005012333790522363
0.00778416395323068;0.008785822632704665;-0.0624514191489367;-0.00549792904213853
0.003679062485606565;0.008615673693082833;-0.060744624366510604;-0.016602878718371083
-0.00178135820592458;0.008207502093729944;-0.04849309601817034;-0.02303398561622147
-0.006542957282144151;0.005168869142008975;-0.029489621519843936;-0.022204388443631918
-0.009196278909575495;-0.00246852087684265;-0.009407636931508333;-0.015544575748131229
-0.00941466307245334;-0.014191000928424046;0.005743682076139871;-0.0069362093095041745
-0.007466932486888302;-0.02601376239802463;0.01199775784679225;-6.972500421536359e-05
-0.0035379663050270006;-0.032040649492917336;0.00948446935633206;0.0033497061899387935
0.002295192363892842;-0.028168868584750536;0.002377970946697612;0.003814829735340008
0.009394559967160897;-0.015342574121507241;-0.0037449782932297134;0.0029704473364348845
0.016002435518267105;0.00044736405352570406;-0.005338247589018171;0.00220447907905971
0.019611843707892925;0.011789728671794005;-0.002532208786943726;0.001845612981657609
0.01828444486900771;0.014412431587020356;0.001916562758406615;0.0014156349433983478
0.012049104223763249;0.009210629012808046;0.005024871031504217;0.0005393367262346853
0.0032989316274806496;0.0005812861355892307;0.0053833284531203136;-0.0004080228067615213
-0.004257422958923779;-0.007023381923964309;0.0034904560355066613;-0.0005689562089721145
-0.007546056825815085;-0.011444532087327262;0.0009678979009178349;0.0004752794579141291
-0.005818140915731526;-0.01280574703251452;-0.000587127653653209;0.0021447497413011074
-0.0010200240155013387;-0.012068389682479438;-0.0004898063337800464;0.0033564313349749636
0.003481788217681353;-0.009815681462035954;0.0008086492812700855;0.003551050886932273
0.005102516010617014;-0.0061018616499197475;0.0022423084609848837;0.003050376994052246
0.0037030243363601156;-0.001085352577705788;0.002961855095523465;0.00237802213477545
0.0014825615988594135;0.004316046535350306;0.0027471320868399664;0.001505443878913406
0.0011393611970826752;0.008401179492287652;0.001710385628516639;3.613511648448136e-05
0.0037175810397186483;0.00951071805164007;-0.00015090588972918083;-0.001962645836579361
0.007809696764577187;0.007220645476410361;-0.0028027786120478626;-0.0036780842182305346
0.010635973891008864;0.002866201433787198;-0.0055503266222681254;-0.004314893071790669
0.0100412107441857;-0.0013036371704930716;-0.0069236671811484535;-0.00399529463849329
0.005909148635515968;-0.0038018840371066916;-0.005649202926907655;-0.00361309340673124
0.00014571252405595376;-0.004936843314884228;-0.0019584557248562787;-0.00372768257616905
-0.004526097043873858;-0.006236580635371471;0.0021566799919649714;-0.0038282712082026134
-0.006044982066501829;-0.008820436562680724;0.004263253660427078;-0.0029130283476755422
-0.003915795677783338;-0.012231743962645217;0.0033802967337035806;-0.0007594177980554444
0.00076580425221992;-0.014727325858405084;0.0007908377343701825;0.0015625968076956554
0.00594402549178685;-0.014667552737063775;-0.0010053769971471059;0.0025350733877966573
0.00946340388012104;-0.011751943009824302;-0.0003215675257130308;0.0015347024655357423
0.00983250164828154;-0.007080804542863339;0.0024800581000357018;-0.0006639712588790747
0.0067182450427435165;-0.0021171991367223957;0.005542065602775308;-0.0026485439498051063
0.0010519291827121215;0.0023707808777984835;0.007146572622686985;-0.003538962185364248
-0.005330277758423879;0.00635657906392402;0.006867798376994097;-0.0034056026677566856
-0.010428396760122822;0.00968765049823804;0.005450332172749936;-0.0026922567761764465
-0.012899616457617705;0.011422906685424374;0.003933191421536445;-0.0014956573178934235
-0.012567357321395656;0.010259225718589194;0.002950842472233542;0.00039093370545401285
-0.01037180115679773;0.005717007671560534;0.00256741519015245;0.002782564120603964
-0.007829526329979195;-0.001077366870191409;0.0024257565379740514;0.004743302400818121
-0.006330987539599919;-0.007796889328383848;0.0019875943357611624;0.005194564570604446
-0.006621810911964571;-0.012206683062151611;0.000837236830971208;0.003931995505737852
-0.008622388424274506;-0.01333060326866285;-0.0010179943869641612;0.0019071548179258179
-0.01153603712568443;-0.011690671817304973;-0.0030398122960805006;0.00038497261058256284
-0.01412939397763822;-0.008639938174662708;-0.004345392633754778;-0.0001797321239076916
-0.015122288920878508;-0.005468087003593007;-0.004088254523418081;-0.00040810619000735147
-0.013646781618690481;-0.002929468615610787;-0.001862138894970012;-0.0012022487286962522
-0.009643159742244996;-0.0012894903995658567;0.002003489652302858;-0.0027547654742080515
-0.0039753058391629025;-0.0005305476020754832;0.0063973400857499476;-0.0043129311302066795
0.0018713473786427096;-0.0004120836612554009;0.009771542933804394;-0.004819391565028926
0.006412483737258779;-0.0004494876814433499;0.010825787799718054;-0.00376673232356243
0.008782237676190957;-5.8765765501954384e-05;0.009176995807579733;-0.0015445498282750994
0.008971554312700568;0.001096427084419413;0.005579733043743204;0.0009252412240845394
0.007544279288583668;0.002820349119861421;0.0015268935972537596;0.002915568758675067
0.005077989987152225;0.004448574792248477;-0.0015395989742960224;0.004383176448900515
0.0018024978669496003;0.005271272067834413;-0.0029362575281882083;0.005759788609879173
-0.002268477055394108;0.005019326921385013;-0.002967189742967446;0.0071043148378245585
-0.0068784984324824945;0.004020312986345916;-0.0026247094284411257;0.00732622690447719
-0.011241755642802002;0.0028618997246278506;-0.003056587527637383;0.004414685712034214
-0.014286274773828359;0.0018349550839350153;-0.00511171354182814;-0.003055987245808084
-0.015264071001142058;0.000690997665206436;-0.00899696968769761;-0.014115806798751181
-0.014181218993463848;-0.0009865968557138441;-0.01397740693846647;-0.024944279803966116
-0.011653890473251886;-0.0030957867441791303;-0.018346892177693395;-0.030659577208477198
-0.008345431439144551;-0.004706333634673713;-0.020060424921537336;-0.02841471678366483
-0.004569272294627709;-0.004571845984086183;-0.017932429442056603;-0.019515229917089448
-0.0005003100258929579;-0.0021752178046533246;-0.012580960151037436;-0.008754971282885049
0.003250517929512097;0.0015629774406105044;-0.006248152436235738;-0.0013308918145117084
0.005487732045809155;0.004660048373149244;-0.0014679247663518236;0.0003186525211003521
0.005164521592825206;0.005431789212589325;0.000497809827889193;-0.0025172543178958633
0.0024716688633936775;0.0037880220063482638;0.00034783722192500613;-0.0063685618423688795
-0.0007948451643637292;0.001279896179653676;0.00011381982176246675;-0.00813329827529499
-0.002136390720921058;-0.00022503747188211813;0.001702225547751762;-0.006848387878187423
1.8949813758833773e-05;-4.131063448585399e-05;0.005633357518173286;-0.003829311896390607
0.005119780393810116;0.0009974431281927858;0.010791785503638207;-0.0013549592154660736
0.010543191399686297;0.0015023750166723274;0.015181397893185148;-0.0008000354459071057
0.012837145910314447;0.0007777042160716627;0.016972961609843233;-0.0015049352083748373
0.009459125133927803;-0.0006791910118578601;0.015197153796174258;-0.0013216855838850284
0.00022071192634304256;-0.0016427073422162072;0.010027679637921262;0.0014529382419875459
-0.012181279612239937;-0.0011029343302017686;0.0028539958756772055;0.006278012537421527
-0.02296196419235373;0.0009578987397513285;-0.003984161853540505;0.010303611793739759
-0.027341763251353818;0.0034297976519159037;-0.008088670596018968;0.010357326863338035
-0.023065951531489413;0.004788809347044145;-0.008267451111650661;0.00560389185442879
-0.011847697086051547;0.00442933820093338;-0.005293181448341161;-0.0012560666252290603
0.0013288946852321795;0.0037133420073026824;-0.0014726578863166158;-0.005471915053920225
0.010726206744070784;0.005493339004236981;0.0007602144652998871;-0.0036011211569908935
0.012711888523065783;0.011783489780903714;0.0003046951972253621;0.0037240180054752764
0.007398014801802961;0.02127494932522114;-0.002015207707689739;0.011965516788274507
-0.0016676792512293282;0.029372877092622037;-0.004077525684879277;0.016008027661859443
-0.009406390085799224;0.03138772022537124;-0.003900022770938681;0.014129980702761056
-0.011642625718326671;0.026098976982188184;-0.0009704328703878673;0.009199021184721027
-0.006941090334178225;0.016316356501640164;0.0033654039250768336;0.005954338605233034
0.0028718451883247404;0.006307735078115666;0.006676709647679785;0.006831200798996635
0.013678818565631922;-0.000949882248322187;0.006926995551121615;0.010046307596744923
0.021129061959218626;-0.00443661058111517;0.003851120500090495;0.011363866215798272
0.022807823662603147;-0.004368780441584543;-0.0005938613897911739;0.007707317405890834
0.01933826316579394;-0.0018766162424523802;-0.003231165012228722;-0.00031411456430624756
0.013743770556201877;0.0008330688969225459;-0.0018654267859008187;-0.008582618908135626
0.00944342286933633;0.0012062779397016686;0.0027066484484701454;-0.012049558579777369
0.008166570171747548;-0.0017184394607092496;0.006754411198161894;-0.008070362601639902
0.009156023085672337;-0.005973105796985489;0.006354131595495923;0.001660501599456145
0.010095035501119998;-0.007920119999976648;0.0009557328307471416;0.012043583406057315
0.008904050466662579;-0.0055836740019399094;-0.005350001250340358;0.01788127674203332
0.005024696396769672;-0.0009565221190428288;-0.0063371604335063555;0.017158974409489373
-0.000513247225155076;0.0012817217445060148;0.0018428869178700753;0.011926051856924094
-0.005837721280028828;-0.0022146643003528588;0.017595674360407473;0.00641723495169424
-0.008978031478112708;-0.010268021391523776;0.034404232201909746;0.004081607023966709
-0.008307937639193075;-0.01765119839233149;0.04434922308352356;0.005592078666159892
-0.0030093500585921776;-0.01882237245752045;0.042313765576885744;0.00888968167628916
0.006244546718967977;-0.011922686900420136;0.028581798198235607;0.010919420526869813
0.01687798460149966;-7.939502585313685e-05;0.008635055475579;0.009708721159097164
0.025019622146726667;0.01072093906268839;-0.009579389842502556;0.005356652650002821
0.0271576860807138;0.015453796895180545;-0.019411812524658893;-0.0005020814691134313
0.021896068399504805;0.012886992405550798;-0.018459754741510237;-0.00592691500706793
0.010715737698356553;0.005738986053289937;-0.009405118279154006;-0.009471201560577082
-0.0025947532506993875;-0.001540781866187464;0.0016466953968555654;-0.010299253421143774
-0.013399465042723477;-0.005593937683363323;0.008609879625915483;-0.008241249276752334
-0.01794092710715598;-0.005710260289432861;0.008790648366645467;-0.004200890323621809
-0.014842049182157426;-0.0034176255807035196;0.0040221548145415835;-0.00035680238737827077
-0.0058757245326150846;-0.0008555343327944177;-0.0012482704366344024;0.0007632737285317725
0.004567620901844256;0.0006634499175871875;-0.0033936104980771603;-0.0017887644607544192
0.011469062116796623;0.0010221273850994144;-0.0018483971413250817;-0.0060786129201880765
0.011817077594567097;0.000774790683072789;0.0013042847291776234;-0.008335243306001383
0.006318387458027397;0.00047176657968812696;0.0034481501710086648;-0.006071708613263734
-0.0010576562240088934;0.000302267487362838;0.003224027932078386;-0.0006378988441179172
-0.0055413933517093296;5.13914052916227e-05;0.0009481825608737105;0.003474127434622004
-0.0044859817413434545;-0.0007188194547952675;-0.0019868444234679952;0.0023704628868390564
0.0010825041048224834;-0.002267638522552635;-0.004033135316597838;-0.003717265046617901
0.0072275200116725625;-0.004219808381958604;-0.004348241996298318;-0.010362453388299955
0.009722453892167726;-0.005470529617621678;-0.003244863642975766;-0.012440796788643009
0.006897488019481636;-0.004751402149998403;-0.0018627889753998741;-0.008161893878503596
0.0007768360451613467;-0.0016430073673884403;-0.001248494116521899;-0.0002911185194920804
-0.004372153920038566;0.0026978917855093694;-0.001634350178160634;0.006275592621830154
-0.005036905129469956;0.0058787051088106035;-0.002455661565249379;0.008390536001069806
-0.0007774158357326817;0.005775788690367209;-0.002846369552511077;0.00670608621057125
0.005719006576266165;0.002205641098598398;-0.0021063975559145725;0.004353808435509557
0.01063057961763579;-0.002709758426231821;-4.9823593217011206e-05;0.0037906954988912926
0.011463922138536349;-0.006024768690635227;0.002691971052401412;0.004914491737412449
0.008365786286234236;-0.006163823685386825;0.004706934467876781;0.005995141692053119
0.0036602137311978057;-0.003956456716617031;0.004530046105304408;0.005947517928167261
0.00017647566642234417;-0.0016680353004223944;0.0017140164845403218;0.0052993169907089915
-0.00044564064295873207;-0.0009593825482380054;-0.002689912110294658;0.005056531982108343
0.0015078812363432774;-0.0015658725878360512;-0.006743007333350149;0.005174249437251893
0.0042889579999192805;-0.0017496214289209994;-0.008814135857942353;0.0045477030200335574
0.005855487682229618;2.1151755712901707e-06;-0.008406877621749333;0.002376417300523327
0.004935800341908307;0.003579904808973748;-0.0061310206798526855;-0.0008665832338616649
0.0014159349750326052;0.007278287273362346;-0.0030596123038963956;-0.0039610696194969
-0.003965232488256097;0.008983244367984351;-7.49544878145001e-05;-0.006191247174437607
-0.010181275327568406;0.007382892615336077;0.0023310083246913466;-0.0078056780750948304
-0.01628769725509545;0.0024826627143170912;0.0038191829989232184;-0.009268836191293015
-0.021449844542919903;-0.004398576746711415;0.003990011080177091;-0.010364013595729145
-0.024793281394098605;-0.010831889542320628;0.0025953224775239502;-0.010320463273480256
-0.02536380856232943;-0.01391315065290313;1.948668770550528e-06;-0.008850486909008535
-0.022423153097070124;-0.01165476985252054;-0.002718731987352568;-0.006847788431209159
-0.016030480593687436;-0.004587406906570725;-0.0044426154274256665;-0.00582314773989362
-0.00747495543105653;0.0038120808151845893;-0.00500242152084901;-0.0065646713138413585
0.0009566973488666994;0.008768235805779855;-0.005660806995311646;-0.008414983842024633
0.006940053336899172;0.007171460937044781;-0.008343432436753836;-0.009906257717218777
0.009240371412870497;-0.00023024485482748717;-0.013858209483331772;-0.010008783844215564
0.008245110750076438;-0.009207779468438454;-0.0204979463453273;-0.008683701381560474
0.005565810927250255;-0.014924187850680917;-0.02459624571837645;-0.00641474068361143
0.0030654608405245396;-0.01516988497406419;-0.02303110721442561;-0.0035952725082403552
0.0020096282378669534;-0.01140690171722639;-0.015699050576194275;-0.0005716018755983716
0.002768305735340144;-0.006959040256301937;-0.005858137654464148;0.0019395386039092134
0.004954114164693666;-0.004213665468929046;0.0018607509316849325;0.0029242166175988803
0.007616259145405382;-0.003315241980092288;0.004148611491934976;0.001850268254061796
0.009309478044525714;-0.0030331882366941396;0.000644669157121535;-0.0006213987781680829
0.008243876538114432;-0.002397981077974322;-0.0061827194858323775;-0.0028186749677020957
0.0028630416442158766;-0.001431756600946135;-0.012477235983238218;-0.0030555704844603443
-0.007111360175798564;-0.0006659797012699947;-0.014852159631416603;-0.0006358057158653914
-0.019713257695457505;-0.00037676149795861806;-0.011826304821600237;0.003778654817934643
-0.030768296084321172;-0.0004542904406290585;-0.004335461211357235;0.008460782224263842
-0.03550417459903594;-0.0009076492116215904;0.004787654889625707;0.011315740736107917
-0.031155951685613813;-0.002213038989047114;0.01209826617685895;0.01081391193163028
-0.01889662774300902;-0.004806892291779862;0.015031773347671052;0.006922783644710758
-0.003586634857118337;-0.008025066259019045;0.012937239584455456;0.001441336089154744
0.008669389306139244;-0.009788323287096128;0.007184270055067451;-0.002867783067338008
0.013636966137726376;-0.008004379405111927;0.000388520339954165;-0.00406274050915358
0.010861435557086855;-0.002752750803974036;-0.004722849348586917;-0.002309438166858051
0.00340259529167741;0.003184691915499209;-0.006304085769593938;0.0006328053611720136
-0.004173601789664556;0.006586937059424389;-0.004100486422166343;0.003320424662069657
-0.008166660873252476;0.006769090477740097;0.0002337404790106518;0.005949085828973501
-0.0071739218640708945;0.006033806958747005;0.0036529825033379073;0.00965265916734906
-0.0021428835643999868;0.00709780406536719;0.0033382597445237947;0.014584949493070288
0.004530915418178659;0.010361907585436765;-0.0013762972096638337;0.018979142383871012
0.010128275580577733;0.013781659900597895;-0.008330232910379522;0.020299188785107686
0.012488448989086104;0.014974043265349724;-0.013881528030892654;0.01736876121612119
0.010619228401282411;0.013121805237029724;-0.015265692785417423;0.011471438979167367
0.00508989270496375;0.009207237154857058;-0.012124898455783207;0.005507039317220506
-0.0020338479862175725;0.005074489450112713;-0.006267635515138934;0.0019715646831744743
-0.007998672590607008;0.002377596073046808;-0.0002547115263769916;0.0013863912102087602
-0.010651866802973834;0.0018449726691433645;0.003956432511438665;0.0023634896111600014
-0.00942238251682677;0.00293127084331017;0.0056145738265857715;0.003083451750174425
-0.005405097706166154;0.004081197213857927;0.005114124025783392;0.0027294670939250064
-0.0006343497471010328;0.0036871488001034656;0.003598139046133846;0.0016227352587546838
0.0029121623655999954;0.00120062353501162;0.0023876830185455278;0.0002870998107392648
0.0040556732432820135;-0.00245825128999272;0.002363497107808015;-0.0012416140687288237
0.0026597421422290355;-0.00553068325039879;0.003569239762038562;-0.0030790206572554484
-0.0005744578154194259;-0.006558916205643784;0.005261917387340209;-0.004746349170295828
-0.004517343471576215;-0.005157613242056504;0.006343028353036114;-0.005159276919312262
-0.007951116740498374;-0.0019810344497120983;0.0059367043719151386;-0.0035843049197086026
-0.009729773089933554;0.0018319821834641842;0.003945505553736189;-0.0006051585396340473
-0.008906762283177754;0.005153960312001683;0.001372207372726578;0.00197320550775712
-0.005064199073980223;0.007042377227043953;2.625182529584025e-05;0.0023506737151543573
0.001186156855459587;0.006821111103985301;0.0014412463832244907;0.00012822621651228233
0.007955462120170611;0.004377508479964175;0.00555643498859499;-0.003232589311710136
0.012585597613756211;0.000554317770416218;0.010252064548255986;-0.0053130993585902555
0.012946759998944995;-0.002886634840667666;0.012415048252518723;-0.004494524535521698
0.00882019402693644;-0.004059139964234135;0.010011306136228549;-0.0013719521137343198
0.002295854011359274;-0.0021386359666492457;0.003663321485285359;0.0013921991348866286
-0.003364447851245321;0.0019185231360659537;-0.003579346791845465;0.001043786022756248
-0.005757895225501321;0.00574904177271751;-0.008201237939386036;-0.002769464770404945
-0.004755718779277022;0.00692825865841504;-0.00837607400112344;-0.007232294256527047
-0.0021715647347237957;0.004477660381031923;-0.004687483586219823;-0.008540859282577433
-5.869977219902307e-06;-0.00047290068205130064;0.0007810118388250235;-0.005546350893280006
0.0011900052370869207;-0.005406637805784713;0.005812821501232977;-0.001440965150549494
0.0024757247623020274;-0.008090374721765353;0.008832738242876009;-0.0013471217530444876
0.005236357178246197;-0.007968687626453901;0.009122701592289716;-0.007578030043390789
0.00967304152785792;-0.006260079893017984;0.006967263932428172;-0.016971799635162984
0.014310926426402276;-0.004841839705981447;0.0036674676496702254;-0.02296972729778776
0.016858586860520598;-0.0048757583334173215;0.0009613700886728397;-0.02063790904935163
0.0157560483695559;-0.006007373061278337;-4.4619296449326534e-05;-0.010311781934581096
0.011274862010445887;-0.0064386708874334805;0.00045820710265455963;0.0027653088654894424
0.005391404017395914;-0.003907372884427475;0.0014085989885421336;0.011928723588549442
0.0006120610392428522;0.0026950483261227037;0.001979804876822115;0.01296519256619238
-0.0013655649787152105;0.01198524434440034;0.002245045459147254;0.006134566383143874
-0.00037317057042729734;0.020220585396186198;0.0028123764495544728;-0.004403456630120562
0.0023655250559809107;0.023196661645050028;0.003915897437262136;-0.013076865462883695
0.005037584482245746;0.018761686956969795;0.004929860061960756;-0.01576608003557102
0.006260921683846467;0.008237654998956847;0.004812124633027374;-0.011583615102322873
0.0057482518076439355;-0.004182229760879588;0.003093070124699794;-0.0028970476301051094
0.004225453570568727;-0.013634429373864438;0.00046699418421389656;0.0061835905310403255
0.0027336194548525194;-0.017000070692027663;-0.0016491007733882674;0.011960644640546475
0.0018969859531822088;-0.01414430673413489;-0.0022337121524283556;0.012787143622054936
0.0016864040914496762;-0.007471862516449415;-0.0014016481980464895;0.00942749548124603
0.001709423864949941;-0.0003535809883586824;-0.00010797207985127247;0.004237654335471397
0.001632657191166702;0.004539995442512612;0.0007751115440915967;-0.00014238563405962154
0.0013704760633397003;0.006197217015971689;0.0010626283159207045;-0.001924009833260761
0.0010068993539070871;0.0052697944894224535;0.0010950534818478489;-0.0007834606335342383
0.0006477898179232357;0.0033583583495262006;0.001180096192171829;0.0021777129855051094
0.00035010708012770856;0.002051023660804427;0.001256355584266724;0.005074371007087444
0.00010603969509260545;0.002166656643129445;0.001013803721223988;0.00619821729711393
-0.00019364807204939652;0.0034684285622335605;0.00024352767873843294;0.004868923723657319
-0.0007962267748718369;0.004885730092462883;-0.0009360087258597514;0.0018038675151026888
-0.0020154532290814265;0.005094018761039473;-0.0021356860757019975;-0.0011773345835049372
-0.00400182968993226;0.003184864355469194;-0.0029333669131360028;-0.0020625855725905384
-0.006473724269665324;-0.0008632370931834133;-0.003078280180585238;0.0001646852431472785
-0.008653948568127267;-0.006112737293548596;-0.002540546690640793;0.0046885306323799876
-0.009594399046068073;-0.011021747571041574;-0.00145271446374717;0.009061170955383153
-0.008788144025436168;-0.01407042590095857;-4.1220377177481815e-05;0.010637902183828297
-0.006620658247598317;-0.014370780741551206;0.0014489910826418284;0.008474105336897589
-0.004147655707604982;-0.011959318980375657;0.002875587075276731;0.004216380008284763
-0.002170833764579253;-0.007659474021808994;0.004263505069327613;0.0010247948889876332
-0.00034073689314117686;-0.0026981866560698525;0.005607393137775473;0.0011969809099087701
0.0027516628818085734;0.0016514888618853975;0.0064634615201695535;0.004454412667403772
0.008304948813757413;0.004369743676093595;0.005845237664716731;0.00834204358712852
0.015826533656402464;0.005063072976108666;0.0029202359509953872;0.010249199011098508
0.022753932707553833;0.004281050747707634;-0.0018328327260006382;0.009145626517798836
0.025625031437142464;0.0033286787185147306;-0.006190054604025769;0.005658175855808056
0.022018792115965156;0.0033718734609812446;-0.007274116864379916;0.000936753216679774
0.011973693034926144;0.00436816327138406;-0.00348324196258164;-0.004117352550090262
-0.001957633934448185;0.004802144205223378;0.004354093418978712;-0.008467222413921189
-0.015929934173032314;0.0027555395731155233;0.013443607945780544;-0.010323473833798441
-0.02645333702680642;-0.0022821355985585584;0.02049500160292318;-0.007727465351134496
-0.031484633130829685;-0.008335153961218337;0.023099044141799144;-0.00034929067173320263
-0.030531614160901388;-0.011839705151514437;0.020501386337012782;0.009168792164861293
-0.024137696197679658;-0.01032696982352236;0.013779164262661441;0.015987920573414697
-0.013512292014487866;-0.0049444498220371095;0.005398355365274874;0.01589760655396786
-0.0007223148303634883;-0.00036185956755011765;-0.0018664251649230946;0.008246784491826096
0.010976484175927899;-0.0014433268960818506;-0.0062216087576353295;-0.003383402987860254
0.01761350422810569;-0.009176655793093827;-0.007491829610246228;-0.01360028137520402
0.016220552436612988;-0.019567678729850047;-0.006564970804240862;-0.019028051823552224
0.006919871597559763;-0.026617005708783285;-0.004193552090202189;-0.0203845249325209
-0.006319418353775119;-0.02652120427788238;-0.0004601582893196536;-0.020904751424007443
-0.017246578069083578;-0.019369308098710937;0.004464076210580806;-0.022587684884520315
-0.020487604593943713;-0.007728501455055728;0.009215611192410688;-0.024037846582390932
-0.014413946606060943;0.005356201779491711;0.01131928279394066;-0.022117399780597014
-0.0020546721300711405;0.01694199237910758;0.008736031400316896;-0.015530666727209519
0.010458047538679517;0.024140295755915323;0.0015021501438657252;-0.006411495547051657
0.017087901158108015;0.02508116162845506;-0.008044062468479968;0.0015850386699043945
0.015032859122747468;0.020413405709213704;-0.016485977533657586;0.006290960955332951
0.006103901975054875;0.013270299019403782;-0.020830297662791427;0.008043941429589266
-0.004451801450504397;0.007139672190344499;-0.01945889530887735;0.008364058527742142
-0.011072629543442984;0.0036084492687189474;-0.012650585649882255;0.008283926041649604
-0.01106567463015206;0.00209002654394321;-0.0027901927565594773;0.007933355029572526
-0.005777195916737189;0.001387346402533329;0.0062659156080000535;0.0071686372534534816
0.0008870669747414252;0.0011742343460599118;0.010967238601272212;0.006107650066167869
0.005216109703134336;0.001971761938872085;0.010050330578695445;0.005022728179064353
0.005651875373824762;0.003965085262342097;0.005196460296665776;0.004025708166792371
0.002961887834793882;0.006108157778391232;-0.00012633485636545037;0.003076258991778095
-0.0008797318005878369;0.006559641138528133;-0.002656924429173784;0.002176328715283297
-0.0040322992839352135;0.004162838161389977;-0.0008723623092506589;0.001322254849586675
-0.005614474164839686;-0.000342373592583872;0.004506467451755497;0.00027662527226671917
-0.00583659058287535;-0.0045255013211880826;0.010960381007502431;-0.0013534179226386237
-0.005604658348739366;-0.005855903285242777;0.015340034439209902;-0.003622847052670607
-0.005885383442634981;-0.003484990434143356;0.0153733388495869;-0.005918885811323432
-0.007130549550426672;0.0011218738887517855;0.010816357050928803;-0.007341668848123092
-0.008990716876037754;0.005121695563346164;0.0035727139617514865;-0.00750760338362137
-0.010415503805513125;0.006063114885573792;-0.00329447186501753;-0.006891076276519502
-0.010089878219596591;0.0032840100679246637;-0.007056657465892415;-0.006275014784310097
-0.0070419985806664245;-0.0018401757105389863;-0.00653003620042655;-0.005894920275873347
-0.0011958475316450599;-0.00674279702516037;-0.002482999991789014;-0.005229769596964483
0.006370281886717204;-0.00895157454070804;0.0028842657816911125;-0.003692651626058641
0.013651762921061343;-0.00710609297759946;0.007126756882642766;-0.0015198563464739094
0.018458352835479537;-0.0013962190781989694;0.008790690108126208;8.14013841928325e-05
0.01939334686039353;0.006461505727852744;0.007991865773201583;-0.0001393356002440575
0.016557137330494465;0.013555750066381423;0.006013736364642282;-0.002100362725006599
0.01152714803533231;0.016574670666269536;0.004203535753963382;-0.003872321131564914
0.006529925114359145;0.013271087562807312;0.002857233091474403;-0.002976413741217655
0.003195344029923163;0.004139830874252644;0.0009107925298974725;0.00120016377014252
0.0016542953598448348;-0.0070330210089332955;-0.003055695848881151;0.006182079251340054
0.0006727427303749044;-0.014875527183361287;-0.009014097815373854;0.008071634481697811
-0.001211676840422528;-0.015733818136951377;-0.014530658908012454;0.004908896556117368
-0.0044673138133837055;-0.010153337361969276;-0.01606193413433417;-0.0014638431824465557
-0.008253673894672811;-0.002448479214457295;-0.011888387577091666;-0.006768162304536113
-0.011090122192664665;0.002409282141540279;-0.004151846453752998;-0.007457370486485642
-0.011694909349229801;0.002239739196331149;0.002075946683237742;-0.0030074226200849873
-0.009311231490111756;-0.0010803358778235406;0.0021652335289108642;0.004021982251543743
-0.003674806964482383;-0.0033724175874222328;-0.00491749834588208;0.00976359611053789
0.0048200551274074615;-0.0015449170546616641;-0.016022877673784238;0.01144446991269198
0.014690053647765405;0.00397088596760425;-0.025956746458179063;0.009017532234030729
0.02326693718053878;0.009552795115551271;-0.030495697203827523;0.004967300524751256
0.027487271160254702;0.011106366011251144;-0.028211893238169417;0.0023837835523997123
0.025351879727340078;0.006977268323802311;-0.020449746577315558;0.0027502419281149226
0.017130133668032246;-0.0010872304203143211;-0.010220065771855764;0.005148330620881813
0.005446013255739142;-0.009349141265873964;-0.0009624971640652824;0.007350618557388741
-0.005829569605050729;-0.014458884259154132;0.004515251181749074;0.007655851840301586
-0.01318793860935418;-0.014990376050645115;0.004951670190715308;0.005867698682414589
-0.014777857863678969;-0.011450029797673022;0.0011647463097896361;0.002898355298544767
-0.010941887453145688;-0.005436597964836804;-0.0042730576747282605;-0.00015483539007895119
-0.0039041405381826356;0.0010824686901408824;-0.00836017743892421;-0.0024281749911604527
0.003257572068518843;0.0061347830524031855;-0.009394608794026286;-0.003151074382433971
0.007961009028361167;0.008124607426399805;-0.008019463350599118;-0.0016724461865499124
0.009169182537020707;0.0064234553278923285;-0.006736795764903124;0.0019680388755548652
0.007596998962856261;0.0017928926176777825;-0.007988479265814025;0.006471789559832759
0.0049679515620771756;-0.0038739645032651827;-0.012068576259385068;0.009561356514235253
0.002767806299487987;-0.00849950176297046;-0.016609606392286536;0.009237404523876431
0.001290665324861308;-0.01081435419559322;-0.018368231900875033;0.005161028673179276
-0.0003295255759371939;-0.010650176505657015;-0.015959919095696905;-0.00095133434131512
-0.0030371882800551277;-0.008453048505698774;-0.011018219116474154;-0.00629603210900322
-0.006536188328082382;-0.0047262652510507396;-0.006593439451091311;-0.008606408285175301
-0.008965615814258615;-7.064641473695837e-05;-0.0044105767184569105;-0.007270696557871209
-0.008128054172077915;0.004410404603695712;-0.0037748702161280283;-0.003291737286984202
-0.0034090776358692643;0.007226549066042192;-0.0029723740290719825;0.001633598994906397
0.003288453099971669;0.00749917069066427;-0.0012766867320423668;0.0060726294754501
0.008537751878936264;0.0059909058678226206;0.0006049347634545367;0.009191589809200455
0.009611331712921733;0.004868612294897206;0.0016569767399727728;0.010530405784403141
0.006243238061788143;0.005982657702743705;0.0016203343072745762;0.009847240900602116
0.0007009215570366785;0.009064542234219859;0.0009637114584598465;0.007409506016515378
-0.0037315988394157028;0.011609085724083585;0.0002221365081000325;0.004291492081251653
-0.004731628038351584;0.010757409796094696;-0.0004177221755729751;0.0019708443168809965
-0.0021640026977966624;0.0056382079344817395;-0.0010746294428175913;0.0013122357780888665
0.0020336755408071555;-0.0018127159948349843;-0.0019729005228391913;0.0019079994892196883
0.005112720060122631;-0.008206296046634195;-0.003268165082583104;0.0024924183467905717
0.00512377460756643;-0.011070772050678421;-0.004887894879294429;0.0020329073603410483
0.001883882494933321;-0.010349647201927475;-0.006463843050483448;0.0005027333706107924
-0.0032495783693283174;-0.008001834302336596;-0.007497636235344025;-0.00117606173923923
-0.008466627630672912;-0.006278343389564454;-0.007684916410400528;-0.0017627720732456735
-0.01254691925055085;-0.006145372095430449;-0.007089237185159781;-0.00042312739768279157
-0.015195726618964036;-0.00688767731096305;-0.005969684448122384;0.002730892399236673
-0.01672424105483396;-0.006847657583279811;-0.004465174002475122;0.006476664612239267
-0.017544180664096833;-0.004580211238530601;-0.00256359400067324;0.008906243641469273
-0.017806588413768004;0.0002510970442323463;-0.0004800399818309487;0.008385674711987636
-0.017200781634852093;0.006546835361047412;0.001015207451577632;0.004472494799814888
-0.014902193931823082;0.012088886084303993;0.0009150637718547515;-0.0018663907052597697
-0.009869439817532981;0.014533036852791505;-0.0011183408030086693;-0.008732758303885316
-0.0016547146629198079;0.012938866111130126;-0.004108152625310388;-0.013876085220969576
0.008610274907211815;0.009098045599333854;-0.0061182190696669695;-0.01513553260289932
0.017883927334261637;0.007279922783900394;-0.005319763767314692;-0.011242674595374006
0.02219885836192638;0.011535158298656286;-0.0007990052793720776;-0.003202240968178402
0.018717335112776175;0.021913046590459007;0.00728662766334192;0.00488840674615884
0.007661572460165521;0.032980036007048026;0.01768987634657931;0.007362916625396404
-0.007223067843755619;0.036899197111082936;0.027925799241009883;0.0009557425646714326
-0.020144126872294173;0.02910386536628745;0.03470584588906841;-0.011702753095367358
-0.02593718806462833;0.011678360664164082;0.035522554842156266;-0.022868634978070415
-0.022482145992694744;-0.008345623674845896;0.03047624974885131;-0.025127741065956218
-0.011552338775363982;-0.023713867935333546;0.022648765101268224;-0.017102784840219487
0.002281304098968296;-0.030546355503364927;0.0164274372662886;-0.004330772561379068
0.013927029726365446;-0.028921473668946016;0.014869207799111106;0.00531063116852134
0.019938533805622622;-0.021569764131380034;0.017812137978340813;0.007406829175703811
0.01960402675742355;-0.012304425176046286;0.02191365154563821;0.0033411911200471977
0.014676936164640301;-0.004614861797613072;0.02276184634369445;-0.001955360914191549
0.008102989588822138;-0.00038424178390788257;0.017880802689809464;-0.004185856675965251
0.0025211196990937365;0.0007177228011396888;0.008445355992758896;-0.0022921959610319627
-0.0007039357368434263;0.0005540870922749458;-0.001739541498204982;0.0019183645584056473
-0.0016142239712676207;0.0009566495510130612;-0.009004650893106267;0.0058543849675551235
-0.0011466330814782271;0.002511166579366714;-0.011825881317636535;0.007823220751340263
-0.00040391207735184875;0.00451878374054024;-0.01078486215868656;0.0074089141504066446
-0.00011148685552939534;0.005861841744239097;-0.007386770721590974;0.00508380774874567
-0.0004449710607865461;0.005899150797332519;-0.0031803566694459;0.0018277386177212986
-0.0011441623442236606;0.004789848251368318;0.0004989800527924668;-0.001120970317209828
-0.0017251281869984589;0.0032411639673027353;0.0026809344172415116;-0.002635196497648896
-0.001698238415569807;0.00200906686512929;0.0030159845989232784;-0.0021852916363431355
-0.0007909445010943833;0.001479888459470133;0.0018328953029505056;-0.00011617711323989876
0.0008750913638108502;0.00152004240136933;-0.0001602270547635232;0.0025327832903137447
0.0027769585459700135;0.0016224543116628222;-0.0022601879434995683;0.004580689921514258
0.004222069167573252;0.0012425335152773376;-0.003929703880884628;0.005311109636335745
0.004722796976430056;0.00013739370910640053;-0.004759393167175133;0.004803104207751962
0.00428528516249199;-0.0014767063812603637;-0.00449476659133844;0.0038136551749573637
0.003399374827600565;-0.003038040367482719;-0.003276219146587939;0.003266195305969509
0.0027138591857428056;-0.003937144283070782;-0.0018636634393641334;0.003601108059145428
0.002627735194242952;-0.0037755751688026994;-0.0013810561647891876;0.0043347660928146105
0.003078547611767289;-0.002447905671381048;-0.0024668566042470026;0.004168436407726784
0.0036116193318838723;-0.00017148793693604734;-0.004471806084541298;0.0018371799083836495
0.003617798907238272;0.002352411475281705;-0.005593746653494534;-0.0026237299804440888
0.0026129960748108075;0.0038296878681606896;-0.004091383913114418;-0.007234469807732781
0.00048090622552267087;0.002817252443021694;0.0002976679041689282;-0.009078570391371357
-0.0024121703170031455;-0.0011972111274154145;0.005864347576729501;-0.006607942970501625
-0.0053005572109538854;-0.006886592152177725;0.009833595769010618;-0.0012675541389706873
-0.007261229028491854;-0.011371902511576626;0.01014358824093838;0.003287444278273541
-0.007523968141741146;-0.011807919327573725;0.006870712783542417;0.003835729564214064
-0.005816502360051563;-0.007228525558825177;0.0021837022350573;-0.0002117723261634512
-0.0026780091883492904;0.0006660254017247084;-0.0012224617993762035;-0.006684946498113148
0.000514400724245445;0.00843431685427044;-0.0019693917823097825;-0.012307615381993138
0.0020689774807063966;0.013074804879380146;-0.00060446698042879;-0.01481080433293385
0.0008995884711631492;0.013967511790574563;0.001343688135489075;-0.014204074161338768
-0.002752309436822758;0.012947187761574233;0.002734830583004988;-0.012302137928721901
-0.007312909083299258;0.012302694552925986;0.0033811694807386033;-0.01070521037883059
-0.01062265136237064;0.012481174585544009;0.0037582704543806873;-0.009014256418627775
-0.011051894382652005;0.011637848629908397;0.004650003024583183;-0.00521679147189182
-0.008396653475531354;0.007339074139647729;0.007063286895706825;0.0019880474461176976
-0.003983398487625378;-0.0012609794304625657;0.011920455229263584;0.011334764962353595
0.0001594010749538789;-0.01253203555423852;0.01918548966243402;0.019491924839640868
0.0025252055895904567;-0.023105677249736067;0.027100799136892947;0.023310769243619224
0.0029117740722610142;-0.02946384351721845;0.03261286206307955;0.021754187367764702
0.002295035559153187;-0.029504304883234744;0.03301853439808801;0.016177186474603353
0.0019796832485320815;-0.023475646932302648;0.027547610650728513;0.00918673646925604
0.002654976460453798;-0.01387412031904563;0.01769151386155444;0.0031794518094240233
0.003992946975380378;-0.00428315894168927;0.006380491384128316;-0.0004913901431398058
0.005002336265980304;0.0022309187100549694;-0.0031232713823970922;-0.0015180809877732443
0.0047845124361037645;0.0042305985022134535;-0.00819312326879601;-0.00027769899221249207
0.003100931177495427;0.0020386795810132265;-0.007771588042053036;0.002388573124965234
0.00043360470334830113;-0.002792844934117113;-0.003025736831186748;0.005250627134925215
-0.0023345498918684498;-0.008088966046172704;0.0030307975926115406;0.006967182560674853
-0.004310169803757113;-0.011583711435193296;0.007148704771891101;0.006682349982858763
-0.00487670148451565;-0.011596753390895088;0.007608658406945112;0.00455381667872674
-0.0038705651052620134;-0.007776880769135044;0.004739012825141576;0.0017038504291885135
-0.0016359550639079609;-0.0013554438741698817;2.127662264060855e-05;-0.00045973966143810917
0.001110773763437035;0.005461563501128712;-0.0050464781009333035;-0.0010735094280430592
0.003601807375446305;0.01058755717769212;-0.009309375774182178;-0.0002680178727094383
0.005338145339430757;0.012872903768851838;-0.011750665156740323;0.000955318992512795
0.006153971673962573;0.012252813258979695;-0.01156915457420461;0.0013377571450451434
0.005976326858983282;0.0094269770773574;-0.008771935989467584;0.00022892529656020897
0.00459621084290968;0.005481502110654889;-0.004618317583177327;-0.001798611461399752
0.0018658708733965525;0.0016301137271979987;-0.001186789299696702;-0.0032247918657385966
-0.001714865818920608;-0.001064646899225822;-0.00014941251340934032;-0.002834807377982186
-0.004681040920960912;-0.0021474154609237555;-0.0016872463028973319;-0.0009973394763867305
-0.0052135558972488515;-0.002208320459168862;-0.004487161204002633;0.00034865199364261687
-0.0024893364033724496;-0.0027588511471275255;-0.006812529661796643;-0.0007363747490139525
0.002325442293094637;-0.005209219160118564;-0.007654761194459507;-0.004389819318283997
0.006461130056581995;-0.00947456218063764;-0.007033679372565378;-0.008626742641761179
0.007229444961477566;-0.013473362191909116;-0.005526651203913724;-0.010844014781116844
0.003854434255820747;-0.01436005105510837;-0.0037916162703040767;-0.009751137599761395
-0.001807065041415601;-0.010805249124014751;-0.002443090936345506;-0.0060473037110890275
-0.006144299259112369;-0.0044463475266697285;-0.00194626721489506;-0.0014921949251774274
-0.005824586677443827;0.0008770307135250552;-0.002295809849561443;0.002591002718197743
9.868720956122867e-05;0.0016806574297220718;-0.002846830074880398;0.006171263460052432
0.009251734403016194;-0.0026570056875261203;-0.0026943367650801666;0.010258350364495551
0.016960922070952202;-0.009164263446218365;-0.001372872554312529;0.015756814556290532
0.01885885320190746;-0.012775249591468611;0.0006931119898718937;0.02204438352072943
0.013511828392289203;-0.00918629569213332;0.0022329645874209357;0.02627543309015565
0.0033313280783824465;0.0024725966646640205;0.0015792214980428474;0.024373416239141125
-0.006812899533431994;0.018594158956098377;-0.0025024190911129176;0.013639331752432897
-0.012335505411960629;0.0324086972005665;-0.009739339443142064;-0.004623533388549861
-0.011368490525531934;0.03729887586128047;-0.017794377815356574;-0.024640385864512736
-0.005586049312574446;0.030566894800552052;-0.023172673078134802;-0.038771198410293306
0.0008803894808349667;0.01532627007047992;-0.023378286556484346;-0.041811896786017155
0.0037274715961557407;-0.0012035176207283265;-0.01860393879698645;-0.03415857145906434
0.0007256529099505519;-0.012230861526847037;-0.011409789523571703;-0.021635132177207986
-0.007161589065970201;-0.015356723041426134;-0.004785006867439984;-0.011940408282701714
-0.01622621161785135;-0.012865233902698128;-0.00046462145874201537;-0.00984187046460253
-0.021760221792914435;-0.008735976271046598;0.001198764724406832;-0.014226398125373275
-0.020343086165270925;-0.005672056480016912;0.00023615264815378338;-0.0191816367168187
-0.011669245439469872;-0.004455198508175067;-0.0036362520999763744;-0.0185203895485584
0.0010473225277342275;-0.004792814669356636;-0.010501299351174867;-0.010392686925807366
0.012469932554336021;-0.005765197588528784;-0.01902287759351403;0.001551452738669919
0.01772526445710809;-0.00577139996269522;-0.02605677113462747;0.011120236781808669
0.014850838064076069;-0.003191005283092899;-0.028066358493012408;0.014039413059740857
0.005785431046703667;0.0021770504121423934;-0.023446099096482383;0.010487406973900094
-0.004721753285973462;0.008436725370458623;-0.013665799820391128;0.004245795150881111
-0.011733271629326749;0.012710988127786671;-0.002219045530816858;-0.00031355856725139757
-0.012688918101046182;0.013124420759525142;0.007472612466406853;-0.0009281635703190401
-0.008368869561475343;0.009883913188410995;0.013373248797254697;0.0018415117280407834
-0.0019123395748099027;0.0047880849619770524;0.014875773952699428;0.0057480183340317195
0.003189521719138439;-6.574315025626398e-05;0.012416905526367783;0.008535989302976539
0.004836022978617951;-0.0032956214054738857;0.007327403642812014;0.009024321905833625
0.002973896864389168;-0.004503004112948132;0.0016725964774977986;0.007304024931620113
-0.000877994648909148;-0.003976998681668905;-0.002370674166709781;0.004357059715577351
-0.004685464463808136;-0.0022649287098948727;-0.003453350313760072;0.0014687195439794692
-0.006847867479093072;6.448711348684569e-05;-0.0016754286126675134;-0.00034397481593989126
-0.006639405549791119;0.002405491087837119;0.001579338578481231;-0.0007486783548395545
-0.004161345467496609;0.004027533348921309;0.0045174624343674455;-0.0002259693259195048
-7.950116128544723e-05;0.004160986427327766;0.005979846448924091;0.00018277575576237338
0.004591943300207873;0.002354239434473262;0.0059971793659698725;-0.0005383881776424891
0.008623964984591921;-0.0010594537309195923;0.00550960599184751;-0.0027181916812508916
0.010818505079645564;-0.004748096130478925;0.0055054909370508475;-0.005683050496960089
0.010521374576544094;-0.006768057446945196;0.006263167029269816;-0.00811881699578251
0.008186445716308178;-0.005583006421750178;0.007232436441550529;-0.008979832488057848
0.005448134280281951;-0.0012165071775608212;0.00752900025068261;-0.008256737044424367
0.004342887163833866;0.004340779081878217;0.0065921349081223745;-0.0068697345061402085
0.005977632769766407;0.008098878736356948;0.004571987771221731;-0.005730132369228327
0.009526683494783483;0.008026473542134713;0.0022902699508919803;-0.004918339015394084
0.012433073874455127;0.004530650592185109;0.0008455673227362929;-0.0038232423534119253
0.011960866838892133;8.178141714820662e-05;0.0009914714715771086;-0.0020241951188726326
0.007163413296539317;-0.0027781391179472906;0.00245633373216624;1.1982145383192025e-06
-0.0002286695074753512;-0.003230592302322528;0.0035994339333564377;0.0010056830826255469
-0.00681516944492823;-0.002288773209687521;0.002002727060808896;3.913369918648593e-05
-0.009720129183980233;-0.0015203437322075298;-0.00383561066176989;-0.002103447281464447
-0.008295658617663616;-0.0017751460912905728;-0.012726685518444789;-0.0024524518138256935
-0.004191054615245464;-0.0027698679748156844;-0.020741481569864714;0.002275986151304766
-5.128170404464369e-05;-0.0033951833109474657;-0.023646149248787652;0.012362979944781924
0.002024633733179477;-0.0023714729618828107;-0.020150238590878684;0.023407424004717514
0.0013768275263525065;0.0009288841462173175;-0.013040670383574439;0.028640506255191978
-0.0011564717815503499;0.005828313268083855;-0.0069907555212367;0.023880185035764143
-0.003787975644286368;0.01042086054282655;-0.004952033403230238;0.011003938376032984
-0.004644241212303283;0.012520778691945636;-0.006233125716299588;-0.0029766299887734322
-0.002629345151338935;0.0108603626851831;-0.007608391297266424;-0.010445753961693428
0.0020656568990308787;0.005751849781670647;-0.006210202941857991;-0.007941928110858316
0.008074136127634446;-0.0010169658870470071;-0.0018385194705780863;0.0020153779797563677
0.013555922904136961;-0.006809723342327358;0.0029682184947306556;0.01299025417748967
0.01708702849430481;-0.009083836694203741;0.005042796204299159;0.01894682407173354
0.01817141309695071;-0.006520165621343269;0.0031567364128743;0.017769909924639633
0.017080080724594562;0.00010071016132557852;-0.0010834364945349901;0.011765084442168457
0.01428604078423537;0.007988810974804207;-0.004682127204346404;0.005328785932611663
0.010108635143320437;0.013652378524387405;-0.005569190064229773;0.0018989952978587842
0.00491441311774649;0.014687545055258747;-0.003674207826600123;0.0022594988633035913
-0.00044568872440816645;0.010845850841246034;-0.0001835042068394473;0.004786635584669543
-0.004657040511997834;0.00378841112619259;0.003725587023916292;0.006883354552159987
-0.006708467912484785;-0.004006290213648175;0.007242036533808394;0.006554884009142617
-0.006816305047987301;-0.010265852382401379;0.009399295851764125;0.003458971948117859
-0.00647569353188582;-0.013398768046644804;0.008879162634254763;-0.0009365813566733673
-0.007239565536382838;-0.012609323483374917;0.004919204054036389;-0.00425875380550366
-0.009107845187336988;-0.008041672108277298;-0.0014148089396128986;-0.00482794135210443
-0.010078513763411907;-0.0010060391805770377;-0.007189153386117666;-0.0028650883646166307
-0.007597036104327689;0.006081488965924943;-0.009382791469910634;-0.00021181500319390412
-0.0009397408767846059;0.010447122966487329;-0.0070828706910500356;0.0013810378506347548
0.007413037930804323;0.01030117082122407;-0.0020251792970844068;0.001907711648461176
0.012675065969882087;0.005986076421770893;0.0029788180188210687;0.003055172587301717
0.010506570897839176;-5.941081236117163e-05;0.006111056343934938;0.006378759114308313
-5.8940043252873175e-05;-0.0047721860475679195;0.007307008622925707;0.011460742904610934
-0.015315815368871565;-0.006436302587993652;0.007530063348374722;0.01585632153997992
-0.028207818109699825;-0.0057332034714886355;0.007682965539945069;0.01685407650120541
-0.03192409488541282;-0.005168790575583359;0.00800824774568001;0.013467118535241875
-0.02393249772111943;-0.007307913042395162;0.007963344551682806;0.0071458914186381395
-0.007845741033670797;-0.012845258761990483;0.006423765839188394;0.0009091540136858369
0.008434032457733312;-0.019631634192503817;0.002398407021813779;-0.0024438225098958027
0.01724612101924561;-0.023603047199210667;-0.0038510964132305882;-0.0020459739993608367
0.015308935207348396;-0.02158113705548479;-0.010182525340437594;0.00043555000993404695
0.004844316945071145;-0.014008758746587892;-0.013342907466130169;0.001964517963412206
-0.008501918968543706;-0.004818356959109425;-0.010882944997199216;0.0005326628630631481
-0.01897938288699733;0.0020631565355779193;-0.0028313045777534017;-0.0030775750921546675
-0.023096979065692743;0.00626233213024688;0.008141699540576043;-0.005881670554876228
-0.02019543867377847;0.01065602673555999;0.01815742547516471;-0.005283656689897644
-0.011788108970294822;0.017428524991249906;0.024131306554374725;-0.0013062348484747307
-0.0006039722574517309;0.024884835507734834;0.02509888504151675;0.0035352449632492485
0.010186675797031069;0.02853671266499857;0.02225856049052843;0.006303609795871855
0.01761622442888677;0.025182606117828243;0.017997278975984972;0.0055724266418186895
0.01962432158874153;0.015780678948100618;0.014614408316218616;0.0018753947527287934
0.015726931386338662;0.004717665135766454;0.013332316658719751;-0.0029765441894545595
0.007225583862772556;-0.0032898836617738466;0.013882285347260772;-0.006846507876968724
-0.003300119086726418;-0.005905249502894424;0.014792696533900845;-0.008179076801166377
-0.012902058477219779;-0.003886299572197297;0.014329810534259373;-0.006767443484134412
-0.019062711833524985;-2.3986657571422634e-05;0.011656636148888098;-0.003930381656136002
-0.020265436306925136;0.00258382010134759;0.007438043858336478;-0.0016526666441970506
-0.01645821078843005;0.001963511361633404;0.0033615992695727554;-0.0010692320338305797
-0.009237065250039728;-0.002009772798720773;0.0009096992169059768;-0.001548427770010088
-0.0013453777351890614;-0.00762356827857893;0.0004090589685838433;-0.0013531220607837324
0.004540529873673909;-0.012029236109769541;0.0010780614221527292;0.0006256221934660403
0.007095120641264015;-0.012542209150770995;0.0017695875325816188;0.0037459818474248814
0.006809617924199553;-0.00812042237281139;0.0015479797852049248;0.006224489605762874
0.005309255532055228;-0.00018440879704971773;-0.0002442863940107126;0.0067943203094511795
0.004106627398055617;0.007931633920401616;-0.003952095301213688;0.005684574964171887
0.0037602114869707713;0.012746453009218929;-0.009146457575873094;0.004058276456285147
0.003905752546532033;0.012531782678369605;-0.014155205110022372;0.0027744700206732854
0.0038549943522638765;0.008120976134129793;-0.016511447024201348;0.0019169685801741151
0.003193783197315657;0.002206058105329006;-0.014452701664783513;0.00138206622616738
0.0020802157947590375;-0.0022543044847579724;-0.008293822124681239;0.0014638700131182493
0.0012148356029157723;-0.0034707354943282263;-0.00035099410612479334;0.002486124394908154
0.0014926189452972318;-0.0014341081195459171;0.006536852131523007;0.003870793383609876
0.0033870179956899987;0.00233584763285301;0.010507319796269239;0.003915262058664537
0.006353646439388698;0.0055886433916729926;0.01104760650932546;0.000926058346742323
0.00877228037066018;0.006321246470167178;0.008510145624227267;-0.005096767963007105
0.008761232774313532;0.0036109669716207337;0.003824580147276153;-0.01184010995917664
0.005506450392754386;-0.001954564077385654;-0.0012961998462644778;-0.016083442590698018
0.00011081609450210442;-0.00841014267819031;-0.004493322809865273;-0.016354964718691762
-0.004847037702751294;-0.01315585100179748;-0.003912227806773426;-0.014602053219219565
-0.006846294674269716;-0.01414626566193094;0.0003411404588389264;-0.01498342644065105
-0.004957613059453376;-0.011023748229988844;0.005907040913494404;-0.020296905654996155
-0.0003449015767669103;-0.005497998346067148;0.009550955530065533;-0.029056516661487754
0.004453014670281776;-0.0005261985632218026;0.00915606011978937;-0.03610498618506134
0.006856769476975566;0.0014493777260174117;0.004852911330529342;-0.03654919184325232
0.0054167882713224945;0.00011711525668950007;-0.0012903184679479744;-0.02965803520790572
0.0003787919173327291;-0.002552659675465419;-0.006558221432936475;-0.019347426004006595
-0.006414481223556878;-0.0039055763216879103;-0.009003077076401536;-0.011004519269027896
-0.012208418186891725;-0.0026383755108318465;-0.008264982766497597;-0.007566658176104177
-0.01446215127144906;0.00043013151561352415;-0.005474663034251185;-0.008032467575389538
-0.012004079209043398;0.003246982415534215;-0.0024070949321525555;-0.009075179089379036
-0.005574645613055338;0.004038897381788468;-0.0004374218088138891;-0.007881929589517589
0.0026152068483404015;0.0023006634533719187;7.537428702106737e-05;-0.00396152070416677
0.010000696136415018;-0.0011058370537636018;-0.000332063400085436;0.0009499912730187305
0.014725230242365803;-0.004530343649077628;-0.0008588181562435528;0.004353718766312564
0.016124288504478335;-0.006440019310401132;-0.001025813744446955;0.004704540126807433
0.014607040344630496;-0.006222204691093324;-0.0008222560380747007;0.0023170600200009303
0.011212729803030683;-0.004443195277732714;-0.00046517912887941845;-0.0010150560669291836
0.007118162820131086;-0.0024141098511366765;-0.00010653013335645623;-0.003248716063988606
0.0032682686515678717;-0.0013629773723220048;0.0002585554687696378;-0.003215093954048913
0.00022117574470695858;-0.0017380624888404617;0.0006935055096816877;-0.001001197781619944
-0.0017908614301737175;-0.0030237228176336695;0.0012035451107433545;0.0023648668944894345
-0.002693548863424809;-0.004099455394741912;0.0017195187791461907;0.005513481106865675
-0.002456173282346789;-0.003878814295380912;0.0021553596960664882;0.007274496225743273
-0.0011301606300491128;-0.0018787818924965276;0.0024375990423003446;0.007032710089439955
0.0009966474926949443;0.0015304431957567964;0.002456801470033377;0.004900250297127281
0.0032887289315347208;0.005266582976175889;0.002008267910248306;0.001704280269209823
0.004871767265115161;0.007970946352815771;0.0008608747556612565;-0.0012657665266520126
0.005009731733135038;0.008535141878191535;-0.00098183148343992;-0.0027849678362306196
0.0035635416931623694;0.006498021551506442;-0.0029935425424792842;-0.0023526101634651657
0.001165698697496428;0.00217511885267228;-0.0041833343079641806;-0.0005974538374552658
-0.0011560659167011835;-0.003474826044680788;-0.0037413470975301184;0.001004659708891114
-0.0027336682456781665;-0.009134069137689339;-0.0019261084143692138;0.0011285050371482503
-0.003757888218460853;-0.013445591563097473;-0.0002887726457801893;-0.0003466419821457407
-0.004947234986214746;-0.01532846612839213;-0.0006226499350155833;-0.0021874329197356943
-0.006553245755870086;-0.01430243662263072;-0.0032804880065024815;-0.0028927916033542273
-0.007660156395400427;-0.010778500660569242;-0.0064994430800406604;-0.002151627547452154
-0.006657347933920283;-0.00611499633671027;-0.0077099088200296;-0.0012324150893289409
-0.0026851257718792194;-0.002151545711606773;-0.00582103743675834;-0.0017347546367034192
0.0031982680084681383;-0.00018195559882584677;-0.002306519324451962;-0.0037897428655733296
0.008271374422329456;6.864055987123827e-05;-2.443848359087269e-05;-0.005513779345398195
0.009771129704048753;0.0004930807348471237;-0.0009311455340694107;-0.004366767725408118
0.006727014709817897;0.003230849219997954;-0.0047377225817935775;0.0008036271894242959
0.0007635096414708999;0.00873058238441027;-0.009386332606736094;0.008779196204075825
-0.004630527184297365;0.014909163479478033;-0.01261265092304084;0.01657352697524208
-0.005983384486761453;0.018315828680804117;-0.013373533124381614;0.020850852130194285
-0.0018939158390206669;0.016458647992915208;-0.012373808232105285;0.019385560051353275
0.005881363909661205;0.009447906566213419;-0.011470580144920571;0.012333172103279996
0.01303612174809757;-0.00020752373103806115;-0.012223618270364932;0.002899755174878942
0.01482077121140606;-0.009289588315195958;-0.014427647048403451;-0.0035290219698602705
0.008527872888853939;-0.01569957813175356;-0.015746569693670356;-0.0021998445887919165
-0.004989659620950381;-0.01915488257132622;-0.013065091526317693;0.007569161760721023
-0.0214781309617134;-0.02041800603260145;-0.004921377408221215;0.020912995075447836
-0.03492826457340769;-0.019974005937377946;0.00675743473080649;0.029727590410565833
-0.039985011009427966;-0.01755867024219992;0.017211909328063577;0.027852043620771615
-0.03423690858434353;-0.012873592864848677;0.021539729167822576;0.01559563914903044
-0.019445091763943725;-0.006301087307891136;0.017549548318973658;5.187276956841648e-05
-0.0009999647413524919;0.0014467137416116162;0.0067979887131789435;-0.009382196601025381
0.014356437132289856;0.010055499185891539;-0.00648952123286852;-0.007256067591258962
0.021534305469560578;0.01923927313244455;-0.017466703882355553;0.004299086789069163
0.019262357778573724;0.02748202186779992;-0.022535315230324378;0.01716232287422675
0.01022504972888158;0.03196990986454586;-0.0205556115063948;0.02300590142777477
-0.0007544474216104374;0.030714560936434425;-0.013145051059839452;0.01905911039857314
-0.009177054489432377;0.024792958556345168;-0.0038076753488568427;0.009428092575278388
-0.0125496427446697;0.01785479492866077;0.0038618433414868572;0.0010784067613619382
-0.01077167130063823;0.013044649153273868;0.007898646209245288;-0.0018340321789847218
-0.005583825229661159;0.010532040655998191;0.008547927553069774;-0.0003798904833603546
0.00037349081937412256;0.00810116512622125;0.007511576991266356;0.0014441484505212585
0.004572164278469955;0.0038339284046599426;0.006628673598626759;0.0007932220045323557
0.0055245159583697774;-0.001965523398915434;0.006901677775839587;-0.0020010436251929396
0.0033900571450274806;-0.007101326101113414;0.008188464414880468;-0.0045008531315222245
-0.00010013373717530544;-0.009235788731235692;0.009386250003512687;-0.004513242788257888
-0.0025258852127249477;-0.007434421317064771;0.008958347558103073;-0.0015957842167432614
-0.0020227726061057744;-0.0026305564124058413;0.005772150216691217;0.0029033014969394545
0.001837470569019364;0.0029564102759078253;-2.279556703154188e-06;0.006663309001700625
0.007908461490411406;0.00700568873147058;-0.006513578178179944;0.007422949566255014
0.01392888216464137;0.008291746177245783;-0.010907098401245248;0.004024586821744721
0.017302981357071805;0.007274873973082579;-0.010960454267711596;-0.002796920638701668
0.016083745557563044;0.005749366518319389;-0.006634377781396566;-0.010539316788676001
0.010003242591067106;0.005739629527172644;-0.00016154366952349914;-0.01629208308792397
0.0010468004220137695;0.008216030357463534;0.005638589751150756;-0.01846790023672585
-0.007083772307255097;0.012265092306729595;0.00938829438922666;-0.017411653728697345
-0.010722141715478492;0.015237015299012856;0.011632255464936613;-0.01440432369131194
-0.008316827889184421;0.014089417067190897;0.013472507949877572;-0.010285289757629776
-0.0014425504839534645;0.007437251803778584;0.014971896577002342;-0.005235397727893333
0.006055174634487669;-0.003005994851065085;0.014990195230635276;0.00030111225959405684
0.010277540446790813;-0.012920430935615557;0.012420041209696161;0.005065235060789803
0.009394037177512193;-0.017855510816778213;0.007393317176947663;0.007776821597739582
0.004357909758145292;-0.016082377760286794;0.0012966721033397458;0.008375669784165611
-0.0020250475332544387;-0.009711081097371838;-0.004214776158995056;0.0080656099213585
-0.006840164231952259;-0.003190027821432839;-0.008096679505239674;0.007900909942519314
-0.00849934456821643;-0.0002860614573289984;-0.00996326118400432;0.0074607429210871695
-0.007221155040077166;-0.0017592497203555019;-0.009697025053504268;0.005218888587752754
-0.004541669343185638;-0.005336921189625346;-0.007420663581135487;0.000453930920461169
-0.002235393695271867;-0.0077747354356811115;-0.0038293922237991633;-0.0052118363754631285
-0.0012217208605393092;-0.0072386063310442275;-0.00014378298133985024;-0.00851671760152877
-0.001094371230057724;-0.004231168863044903;0.002560318720244136;-0.007299552008639413
-0.0006418034208940024;-0.0007198418797952028;0.003949229880670862;-0.0027338274955844653
0.0009652828208832648;0.0014594747465000613;0.0043319144678396525;0.0014418335990133938
0.003271546775741672;0.0016739451519178774;0.004139418584830416;0.002249234327659463
0.004721499659484463;0.0005909938708469131;0.003628133436517047;8.021516339813273e-05
0.0038091062546298645;-0.00043721759958216213;0.002923004621814645;-0.0020001997010910544
0.0002600415120958959;-0.00025923766825887103;0.0020627537389541328;-0.0013386265289592352
-0.0046372952387213565;0.0013359859770096074;0.0009574556310657114;0.0020064663822910926
-0.008707614334666651;0.003415408932080045;-0.00046577772855434604;0.005630500757998903
-0.010040351834967211;0.004411283525628556;-0.0018781653756186729;0.006881358917880313
-0.007911437368708382;0.003076597590780728;-0.002386749818397578;0.004590356601553157
-0.0030425809000698056;-0.0007059660647615929;-0.0010283870733575834;-0.0006264063381389023
0.0028395867575438756;-0.005763354013208838;0.0023351822383695367;-0.007076208793236691
0.007869038854921878;-0.010225527359807357;0.006541661458697993;-0.012816433579247569
0.01086454340462076;-0.012577845974269928;0.009620299600893134;-0.016158671811762313
0.011671138413373321;-0.012606531501766664;0.009935026580240524;-0.015931753635075884
0.010901387213475595;-0.011566697194294952;0.007116651986495236;-0.011718615379309592
0.009364655382284141;-0.011202895273545137;0.0022011682072232835;-0.004156872203946994
0.007592174802373429;-0.012143255987741663;-0.0029351251176702375;0.004833124895916977
0.005678644051629868;-0.013058032974270106;-0.006406513977865411;0.01232930802312903
0.0034454757560022755;-0.011637484033400484;-0.0070790834769259596;0.015591481777737474
0.0007894904516350399;-0.006760675938137842;-0.005048019802267139;0.013696029108661183
-0.002027777617926738;0.00012553895679350506;-0.0015837321883717733;0.008288027227900459
-0.004365546805599386;0.005762478715936551;0.0015626658999029844;0.0025970861404990496
-0.005461449816585345;0.007322972063661376;0.003142595495756779;-0.0005729354283592387
-0.0047792499253205886;0.00429837960357901;0.002995814914231064;-0.0003591352070118795
-0.0022872656187894053;-0.0012689815929393335;0.001837714009245999;0.002013107074267581
0.001416078539136757;-0.006152731191811897;0.0005414788264221582;0.004272216667834241
0.0052165913318977485;-0.00786819090604407;-0.00042214992111092443;0.004579920255030014
0.007880843084984988;-0.0059360354293523316;-0.0010256177083359807;0.0025765326092759876
0.00858411000250201;-0.00183076393183831;-0.0013849336610901055;-0.0005898389066969024
0.007258019686713078;0.002136389542925749;-0.001509172947104618;-0.0031403478338928375
0.0045436234391776735;0.004165471735039405;-0.0012986195700091401;-0.003743160730261736
0.001422564174269595;0.003778131984488884;-0.0007064530200351516;-0.0021166924346843917
-0.0012074754599347619;0.0018041376787126678;0.00014201563905956606;0.0010161892505508637
-0.0027909333582122994;-0.00025782720684002625;0.0009938050680647617;0.004380612059760084
-0.003158787854520336;-0.0010622372081597546;0.0016281493202528552;0.006693248869363617
-0.0024460521920544507;-8.566651308243223e-06;0.001981038023209609;0.007112291082599171
-0.0009898534998602393;0.0026042784840202334;0.002117005026587303;0.005526227938824502
0.000746744569664383;0.005829105264610688;0.002065049810351471;0.0026316864220779176
0.002252540225633906;0.008529758493791008;0.0016748180971763893;-0.0002787781719106685
0.003094875853251407;0.009805228447123426;0.0006832938678950123;-0.0018600825258452988
0.0030884187747495105;0.009209757198125614;-0.0009608606302286844;-0.0014464327841138545
0.002403857561502743;0.006751699633562628;-0.0027442604608856327;0.00043326107814703783
0.0014668189983262636;0.0027883479601563664;-0.0036257701708136696;0.0022422552701023583
0.000612747214428155;-0.0020421999397600365;-0.002694465409592823;0.002437894202869408
-0.00025613984317492854;-0.006811806379640386;-7.750851108787079e-05;0.000680558511827559
-0.0015910030106345695;-0.010329580986515612;0.002794162049798228;-0.0017740882838086242
-0.003567343214523561;-0.011408461304697215;0.004148730135609417;-0.0029984930504446464
-0.005443161759440637;-0.009455260481096482;0.0034456212457817065;-0.0019431491424236331
-0.005730052752138975;-0.0051031823179300126;0.002000507973090936;0.0007501041346379726
-0.00333893809871475;-0.00026869903074308495;0.0018009874677772058;0.003380114194138604
0.001227963740985702;0.0027966577087433463;0.0035722056361970097;0.004597988393799686
0.005834825095000048;0.003039776219481883;0.006087991798330202;0.004274004104486899
0.008026631936584013;0.001493301744991839;0.007383366330026967;0.003186155874710179
0.006678072839870614;0.0005266462565570195;0.006472845583489248;0.0021028835748532195
0.0027186741227743397;0.0018564581344636443;0.0038759152800538848;0.0012772773002475502
-0.0014986464902616051;0.0049808885163015945;0.0008140159950813793;0.0007003087784872151
-0.0036386565248879756;0.007469092181695927;-0.0017598791528182342;0.0005383773175368272
-0.002700910572559328;0.006906977186486674;-0.003456982573109895;0.0010895032365051225
0.0004851194403547391;0.0028467415554106223;-0.0042584555029420035;0.002346908474660187
0.0037869966921808052;-0.0028220212393936374;-0.004339821119750436;0.0038035143461937243
0.005014876286045214;-0.007267295446782227;-0.004017711906970661;0.0047765030365398975
0.00318268349781171;-0.008657796870283146;-0.0036480225851200985;0.004845603566758433
-0.0009998939663796082;-0.00714483297883115;-0.0034572825635500234;0.003928722559376208
-0.005728478780173869;-0.004315219274770354;-0.003457343348279742;0.0020785422385076724
-0.009340678240924266;-0.001827744415195262;-0.003503075785121411;-0.0005551441044221255
-0.011292372817224193;-0.0004076893074438322;-0.003390624946260782;-0.0034583889980564033
-0.01226640712842432;0.000264449800116228;-0.002902910636303355;-0.005575251359162698
-0.013480921478898575;0.0010984827911187157;-0.0018585235229421244;-0.005697668442133528
-0.015718301448191634;0.0030740782476578674;-0.00028578384967873477;-0.003394704656026943
-0.01860858094813381;0.006747449318390526;0.0013229398888294729;0.00020678196225227952
-0.02048452094407919;0.01169449827599195;0.0019778492314991803;0.002660453753972765
-0.018935044667710763;0.016171040730628364;0.0006687135789193132;0.0016963813114585654
-0.01201359606355689;0.017618204411233202;-0.0027815571465466572;-0.0028691113555559603
0.00028128263283754674;0.014214033249869602;-0.007117576345798352;-0.008302165664886316
0.015081487742085982;0.006584163903924682;-0.009999587211896475;-0.010283341797303397
0.027172096970219117;-0.0018978573254999033;-0.009394866554490117;-0.006080498506597652
0.031158405701700205;-0.0070726264940983545;-0.005146281695709169;0.002493903839456541
0.02433475329999638;-0.0071347779285442624;0.0006267742301565805;0.009108199891721916
0.008567767456330746;-0.004322650203698736;0.004868297305843173;0.006992233481444062
-0.010138405089587915;-0.003280237910152943;0.005669105257058671;-0.005422757382152862
-0.024357231145869487;-0.007176739740923354;0.003336782328166889;-0.022083550906203325
-0.0287640695568145;-0.014979476629524677;-0.00032277379167423473;-0.032921880626971795
-0.022524999731139746;-0.0222177570408735;-0.0035982485367866196;-0.031115969134253976
-0.009352845416391151;-0.024222553185524975;-0.005828869886390404;-0.018094998446778525
0.00456643007104875;-0.018952734997881086;-0.007165722445824635;-0.00220014224510288
0.013490309849049817;-0.007722540276202051;-0.00784693361520061;0.007569052299981716
0.01447408510660422;0.005766118642827922;-0.007893817874239421;0.007438756286209299
0.008320789816347431;0.01707042014138171;-0.007297398155096563;0.00016204737795832283
-0.001117327583916503;0.022797833539203703;-0.006136100485214376;-0.008223848501159717
-0.008953059555082693;0.02204756178811775;-0.004414771032189896;-0.012847457342991288
-0.011612189249869754;0.016650055783129874;-0.002035105431127475;-0.012346058134816366
-0.008306012079946657;0.009829726568373607;0.0008684993666873062;-0.00827403304080083
-0.0010038010522662268;0.0042097089885550195;0.003695750546233739;-0.003081498663340665
0.006803994570017463;0.0006587112046725945;0.005726832590976015;0.001476433531265783
0.01175383604680661;-0.001386386926484843;0.006690695533562831;0.004814664252053697
0.01194903028616457;-0.002761623598164035;0.00679844675913391;0.007222447304035084
0.007622487639112934;-0.0036567084171092983;0.006231110731330847;0.009248871289829026
0.0010265225158408928;-0.0035298206189174654;0.004903578371622799;0.011008449559456967
-0.0044506693719516535;-0.0017348100231121745;0.00293822624592767;0.011768322987972554
-0.0058176632147306446;0.0016982135784134329;0.0011404348422441616;0.010314360526766698
-0.0021430471322602044;0.005741494504591339;0.0005627359528336957;0.006068196764760016
0.004620205293406339;0.008823946398555793;0.0014171270572775432;1.0949523866965593e-05
0.010472805863933505;0.009824031250824643;0.0026156704026745626;-0.005663153262911756
0.011667723546127037;0.008856714728033468;0.002679157429790409;-0.009076626806153109
0.007070984731256645;0.007109239893155681;0.0012283115375690315;-0.0099584435772785
-0.001048931227559241;0.0056952869726596776;-0.00046038912967961314;-0.009377640055626446
-0.008371335537937105;0.004475802657487538;-0.0004593314431294714;-0.008256013297202627
-0.011084318251272594;0.0020807293633198077;0.0021536709311750077;-0.0063910428099692536
-0.00800148395253365;-0.0025948620250506203;0.006470739441101469;-0.0031432134666455618
-0.0010411471991180479;-0.008666988676913104;0.010387030804718481;0.001094369251322583
0.006014231525423406;-0.01311061953995767;0.012030753034520206;0.004623174003437635
0.009609287037482414;-0.012742866999981063;0.01084883596931337;0.005979643354619956
0.008164632116009376;-0.0068588800899807515;0.007709130356256414;0.00553853289806925
0.0026239146957674265;0.0018047519173674806;0.0041499738488821195;0.005056692272322449
-0.004327530153818888;0.008756959885176847;0.0013899444024635017;0.005444593503281479
-0.009784526781255808;0.010754721834804044;-0.0002248247126420052;0.005424609592088802
-0.01199083549901027;0.007743014697761077;-0.00105411507660108;0.0029238468141562033
-0.010887986049576743;0.002441593720581798;-0.0016137543342066608;-0.0022139199381283306
-0.007730288723194554;-0.0017576097646383967;-0.0022161467700589055;-0.007332945608065824
-0.004163106999791511;-0.002866909051117627;-0.003000686377742355;-0.009048599111992855
-0.0013500917802093243;-0.001050574869111915;-0.004072956912306887;-0.00622119563451918
0.000421873814446578;0.0020730121701577264;-0.005451335045514223;-0.0009193093042641934
0.0015628020074334938;0.004744163204683394;-0.006892310880591052;0.003353908665003166
0.0026509498431453197;0.006014587226519551;-0.007897741053762626;0.004368023586633336
0.003948004688338036;0.005897053274417578;-0.008006029396508406;0.002525701956999348
0.005257107907252423;0.004923434387088962;-0.007119452226384994;0.00010543421993921553
0.006138286062911385;0.0036231231787142012;-0.005562897951865295;-0.0006319912048086077
0.0062607623679935415;0.0022922314063278824;-0.0038440900403970708;0.001075398173979335
0.005647395410694937;0.001079394238737837;-0.002355043693665807;0.004276314947839658
0.004685246736279251;0.00016741813097824422;-0.0012629128702466208;0.007156141546685353
0.003905239861352037;-0.00017756469001154295;-0.0006308603932833509;0.008182086278846413
0.0036470485536281958;0.00024988930947513507;-0.0005843461156128142;0.0068648153295523375
0.0038174378223757056;0.0013741499681097584;-0.001281123128352983;0.003866581099772383
0.003933806394863587;0.0027204589138319257;-0.00262935641169081;0.0005578169148628863
0.003461733795009917;0.00351133033279153;-0.0039989364849537645;-0.0016893658887371335
0.002213799086233826;0.0029620293687119743;-0.004308511257258847;-0.002162958330404545
0.0004942026656929902;0.0006496706556902432;-0.002642344700369654;-0.0011766532952380549
-0.0011293893497069487;-0.0032148665587711654;0.0009578250272991767;3.73537040824973e-05
-0.002214406892738734;-0.00775719006440978;0.00523768359465439;-4.943716374374804e-05
-0.002642824073090903;-0.011718199028983573;0.008434627985411008;-0.002331623234406465
-0.0025034563094107802;-0.013995243217824771;0.009492451417915873;-0.006312957528513676
-0.001875813441713099;-0.01426166336897865;0.00872550760841788;-0.010050086157153092
-0.0007988534298919603;-0.013325332106052717;0.007308790250934932;-0.010966493741794222
0.0005851665723753284;-0.012806247442270897;0.0061210241563970525;-0.007162981706987185
0.0019650769689370704;-0.013979311174391945;0.005091033307361328;0.0014070980494489543
0.0029811718985148887;-0.01639586699239389;0.0036103108419177905;0.012438186863089215
0.0033647002515859274;-0.017590111872545056;0.0014764856780699303;0.021897966402925746
0.0029659930570423132;-0.014694816378204509;-0.0006066134743448753;0.025936090072252192
0.00177536798605763;-0.007016948319512071;-0.0014406877711180064;0.02319040333384759
4.44265015752501e-05;0.002708124677410753;-0.0003367722735187538;0.015639391661603105
-0.001615886485688529;0.009767083123858884;0.00203612733253262;0.007015654767129688
-0.0023774076987258717;0.010582675066432215;0.0036555834578541678;0.00010312226564721745
-0.001606761880743752;0.0050313493444776505;0.002253588366340934;-0.004694292265964962
0.0006826554767456031;-0.003679575623456705;-0.0029984550233180143;-0.008530845776745713
0.0036730221274648383;-0.011255934031204224;-0.01045096019533062;-0.012193063337298339
0.006077015585658408;-0.014907178219587466;-0.01666491485637517;-0.014991735930676837
0.006832280402836281;-0.014456654852821129;-0.018643333399951435;-0.015460618478058501
0.005709057615494613;-0.01148232432044813;-0.01594174981206443;-0.013124655201039025
0.003391785621311469;-0.007662260570972953;-0.010840195851307176;-0.009479348514192906
0.0009980728976067903;-0.003911242093612405;-0.006417112118438656;-0.006978088580315218
-0.0005504123651300309;-0.0006627660780975063;-0.004314898596068237;-0.0068390079449304735
-0.0008350425177832645;0.0016932933228376924;-0.004117760563365784;-0.007792621024760036
0.00017898722338900554;0.0030275273857404226;-0.004432439405499591;-0.007077174010109326
0.0024010361139486804;0.0039056546601364274;-0.004158195116515129;-0.0029245923524681065
0.0056534401813224;0.005348485148056062;-0.002838068695144101;0.003559460829731938
0.009394064450636215;0.007920756797506054;-0.0004590246601034999;0.008794803775653776
0.012413638856258442;0.011057869532080256;0.002530379973550067;0.009302416482646512
0.012998491386515704;0.013326289216518688;0.005105362939381692;0.004498433840481918
0.009787356516179586;0.01339128401678515;0.006089016762118807;-0.002682594714617047
0.0029052825706895723;0.01086679640108461;0.005080289553433971;-0.008037239418878107
-0.005519950320143614;0.006407706002163994;0.003014001542552551;-0.009345218921042975
-0.01211667790659008;0.001102472369079921;0.0016414351189173258;-0.007753133281100792
-0.01407186972724505;-0.004183644120362157;0.002221907072023472;-0.006127965699956552
-0.010873611637020629;-0.008895118794677848;0.004495644149187152;-0.00605034190416181
-0.004750496237973858;-0.012334302971377468;0.006828343521510456;-0.006322488884722917
0.0006215490038048307;-0.013369842793372642;0.007444712489971517;-0.004305458953932943
0.00231117580154779;-0.01096639022033609;0.005722768984372908;0.0013199693328225161
-0.00030118833963099095;-0.005341387816653038;0.002450767699294937;0.008960293009816978
-0.005531672266019989;0.001357428302048332;-0.0010964538955300419;0.014951570963148787
-0.01062962274468036;0.005885316914605881;-0.004264088196773077;0.015883953719913205
-0.013186824332438094;0.005987770363942625;-0.007167094955451255;0.010563921535082501
-0.012032397603335188;0.0021298145463507206;-0.009889195563764315;0.0006395740355770998
-0.0075297132732402685;-0.0026224211548632635;-0.01191088191135258;-0.009918479206054728
-0.0013094340382433188;-0.004425891461871332;-0.01258011800001337;-0.016094421682203024
0.004523187836693858;-0.000720594848410594;-0.01189006937289184;-0.013821634566604839
0.00836992872349152;0.008597463733275138;-0.010253618175474287;-0.002338193552139919
0.009760110739791373;0.020944489156791014;-0.007346099649813545;0.014454166187693912
0.009296209458056905;0.03171478281602358;-0.0016487781816960612;0.029239133639657983
0.008070901451779139;0.036233618829434044;0.008133689974117243;0.035179214078545844
0.007002459111049914;0.032525413642876276;0.02075886908454552;0.030075763074075085
0.006467843739500175;0.022788681634674072;0.031642352031486444;0.01760721584608876
0.006272223054121393;0.011879040041813189;0.03503402549922486;0.004536908224069161
0.00578319570234322;0.0039192141586582435;0.028049379713346225;-0.0039014549701409354
0.004174569800526771;2.7924448241920564e-06;0.013467887601629059;-0.0068333005723316305
0.0008405923434773312;-0.001424437228800594;-0.0012269223762646998;-0.006964997800161108
-0.00412461789382173;-0.002592195003785712;-0.008273798249322274;-0.007441600405941545
-0.009702574136461837;-0.004803012805427496;-0.00448049116797821;-0.00914637142037636
-0.014225475085660898;-0.007985410759731418;0.006959345819112984;-0.010395922625134203
-0.016065270629343226;-0.011018367903113852;0.018850607043399345;-0.008864906105551216
-0.014367543735054998;-0.012391275549379946;0.02463711963888386;-0.0038815075244065128
-0.009457929355088284;-0.01106925376065861;0.021931529678313102;0.002858016157750248
-0.002792652260695251;-0.007283588240188583;0.012866589935533239;0.008582143707895392
0.0034552478738338484;-0.0026639746628423235;0.0018312096579018529;0.01139989525409733
0.0070634734835619065;0.0006374188445490823;-0.007223032166806523;0.011198110794155034
0.006585384741768678;0.0013730306153297857;-0.01218011259273454;0.008993886544371879
0.002067473735851828;8.88530211311506e-05;-0.012740870967600858;0.0057376636295115415
-0.004779013436225835;-0.0013137986971624319;-0.009874624341506657;0.0018382829165715826
-0.011197468024863598;-0.0010402187064970302;-0.005340647326202256;-0.002362286103108094
-0.014530289841645437;0.0012891630967236552;-0.0011457733281122972;-0.006064487064734255
-0.013291519372632088;0.004483047330333207;0.0012697211450981903;-0.00829032922689701
-0.0077045625094370445;0.0067594465441694895;0.0017571515805602878;-0.008710852209756134
0.0004058111149458979;0.0069698917761921815;0.0014257836310032112;-0.007984204001982576
0.008250255939958335;0.005172914781944335;0.001678265983362957;-0.00708606916846541
0.013061690383566995;0.002360770193441961;0.0030042102312238025;-0.006283233009367972
0.013185918166217132;-0.00022469047808364395;0.004526462685573662;-0.004833141843241066
0.008868799726296814;-0.0016876991893749753;0.004668347244485029;-0.0017663568139023808
0.002259673694894856;-0.0017834825630548437;0.0023740730908564486;0.0029332557520266997
-0.0035644753957152163;-0.0009229587969989259;-0.002042965991112585;0.007804158607002817
-0.006163220372573364;0.000117294050193876;-0.006969518440933578;0.010583058838760052
-0.005027066961814129;0.0006830529630583117;-0.010384113236031054;0.009728789035646926
-0.0017794531628609743;0.0006306456841180721;-0.010975447116010506;0.0057482957720070196
0.000931565725313891;0.0003161110290020083;-0.008758850165978164;0.0011947976528160088
0.001192443010161142;0.00022041417158043478;-0.0048674473580834696;-0.0010157773703685855
-0.0009666859232592653;0.0005579815798144544;-0.0008707948789600904;0.00010763662138141618
-0.0037751927949651936;0.0011497013634776806;0.0018059018559519646;0.0027576276242992416
-0.005130764671717419;0.001571405323904966;0.0022361063986062937;0.003960544518493115
-0.004101923313509362;0.001453266766195795;0.0003467132254363031;0.0023837439059504035
-0.001456987217443153;0.0007701328880880811;-0.0028238584148079808;-0.00041535514985179233
0.0009941315834801616;-9.582720602375344e-05;-0.005468767043875503;-0.0015547930123310802
0.0016312070796280812;-0.0006391376681196201;-0.006090080246370166;0.0004169421601267677
7.450625992288838e-06;-0.0006346913396879918;-0.004578363874978926;0.004241136761989403
-0.0029102666266833726;-0.00023536949635469845;-0.0023320162647109724;0.007047961673268161
-0.005277612451235148;0.0003612283350663905;-0.0012645403120631017;0.006480514197935575
-0.005361856276942031;0.0012934074270461943;-0.002526095658921419;0.0020759071396018597
-0.0024846927793655384;0.002961673589202524;-0.005879580562276878;-0.004677634902795392
0.0025460624602610866;0.005433589426109689;-0.00994451604908914;-0.011123757358319598
0.007745227222670408;0.00783024060405972;-0.012859509768300751;-0.014482245706644118
0.010872438242742515;0.008364675899107308;-0.012937630418088606;-0.012947589987204655
0.010513863671203081;0.00527447584143665;-0.009276159907006294;-0.006706338847578631
0.006760063454494388;-0.001845422537027871;-0.0023347789658478622;0.001620190571504235
0.0011418341293367425;-0.011278149309987193;0.005863378291721615;0.007813295794061923
-0.004081489141123098;-0.019730768258504467;0.012360509366906915;0.008286779866817962
-0.0068826063781249735;-0.0240711741732999;0.014600454500537416;0.002579478561656688
-0.006270502412161704;-0.023212502193912014;0.011663146362149221;-0.005745137160214
-0.002658055717156912;-0.01879953812786713;0.00465731217847455;-0.010857496400477049
0.0023513956713461606;-0.014034786623014649;-0.003762507395197702;-0.008288004760515947
0.006664057650989538;-0.011371911594013703;-0.010374741408575017;0.0018524476830832843
0.00853668755592556;-0.010865664401689339;-0.012633271108897134;0.014410682813390821
0.007208311781045301;-0.010560693145264588;-0.00993029309040582;0.022257865106921296
0.003147239837384422;-0.008523528881746609;-0.004154090540619402;0.021020560411824398
-0.002152301617389105;-0.004653571288227343;0.001268578965757589;0.011967896641876169
-0.006785308749348831;-0.0007696995929101765;0.0035934023263996186;0.0008830445210304761
-0.00921073865994221;0.0008607812540047437;0.0026200612528250924;-0.0059496873459747085
-0.00881436397083552;-0.000779757757676149;0.0005635606219951918;-0.005532017643269787
-0.006039206680427734;-0.004711594505825262;-3.988975887689007e-06;0.0006065984064282611
-0.0021106669648653965;-0.008506799262652602;0.001668993726207486;0.007967041015518577
0.001484842208971939;-0.009694410832940233;0.004026396689745499;0.012078791481438065
0.00356844467246514;-0.007121392548100049;0.004570159222480567;0.010981536886653653
0.0036633122569384655;-0.0014723935143762374;0.0017462355912083764;0.005804715873581621
0.002052199539729679;0.005208264155249872;-0.00401928328392799;-0.0004897851222211663
-0.0004813027372014572;0.010527141455100432;-0.01055430797588053;-0.004962858596982011
-0.0030304753733950847;0.012708687660149395;-0.015103022212600228;-0.005970501466748789
-0.004859368622603297;0.01121514810446329;-0.01583302303646887;-0.003525825042325229
-0.005546561078675291;0.006937980126555878;-0.012963700719603127;0.0010184524490024077
-0.005021703937355026;0.001900921555965898;-0.008726527818740646;0.005731585249806899
-0.0035373363191741254;-0.0015525864209809288;-0.005927731264446363;0.009064802415650624
-0.0015789977177670597;-0.001885837308035267;-0.006034115574722888;0.010537832362636983
0.00027449625475237327;0.0007120241008795764;-0.008311127524915304;0.010686458877801086
0.0014904062331812856;0.004245590897345468;-0.010700399956759019;0.01030289815507943
0.0016764652138583458;0.005945078661523316;-0.011528720197776508;0.00958463461543693
0.000630845143676011;0.003935158852607638;-0.010475094715755355;0.007919581999407411
-0.001635344828481543;-0.0014995883507399922;-0.00819271031610467;0.004533070982827726
-0.0048880690565296595;-0.007887058043546807;-0.0054243591522224145;-0.0005486406312201622
-0.008612407872299565;-0.0117997112212343;-0.002706035615688283;-0.006178166275260599
-0.011832282140003593;-0.010688459033855048;-0.0006952948926373195;-0.010921865500241865
-0.012927397455081301;-0.004442648478824199;-0.0002485798618971021;-0.014369019462848631
-0.009876651336228245;0.004205869809371913;-0.0017346910917456087;-0.017344336722628292
-0.0013379630590987105;0.011048329483622863;-0.004208382631981534;-0.020258156497960554
0.01171020506972151;0.013133315115481013;-0.005536510731713561;-0.02116372090254739
0.025045508008839125;0.011053536265194888;-0.0036365937116771756;-0.01631227659435207
0.03248222335397822;0.0086699982505107;0.002323812199290678;-0.0038870566589237804
0.029364497409527405;0.009979334611308394;0.011830305230225565;0.012173756500111935
0.016047246645811742;0.015521456766365455;0.023597048587887946;0.02264225342314352
-0.0014786328258674893;0.021496145529475805;0.03563558462759828;0.01890472734570824
-0.014658113714307735;0.022403340505240767;0.04484990185762953;0.00015831087916086357
-0.017165730374592646;0.014909509732803415;0.04757387473012816;-0.0245009859115006
-0.008294412673917595;8.143472227723095e-05;0.0416682559120064;-0.041724440229341776
0.007023060221713618;-0.016944756329864186;0.028523331184403117;-0.04306163439565222
0.021243900143316993;-0.029196124566043816;0.01270886661599509;-0.030144947083626687
0.028268936971661027;-0.031114124824476418;-0.0007759423317654635;-0.012149701131714919
0.0262702260162813;-0.021652354276387942;-0.009271473059204083;0.0013858035012290551
0.01799297209595835;-0.005343540433442976;-0.01300227066328941;0.0061072942725878656
0.008572403970533268;0.010002385259249846;-0.01344920118212659;0.003365814964226868
0.002230490819319299;0.01791442145534769;-0.011532893371720837;-0.0027176673537218877
-1.2853355499174212e-05;0.0169659724043946;-0.00737888114199125;-0.0082005589478721
-0.00014652111919339112;0.0108681117015951;-0.0014699585668810037;-0.010652140354706114
-0.0009526067399604039;0.00519942220206298;0.004572053657447783;-0.009398369882405503
-0.0037189123872806776;0.00353533089555997;0.008755833838413642;-0.005383712918006065
-0.007557998390062359;0.005669439909195855;0.010266709242230629;-0.0005597892340588574
-0.0104751632049034;0.008615646170724614;0.010061048996704527;0.0032445391226338365
-0.011021600654298871;0.009164459663433197;0.009858808278024536;0.005261627849290784
-0.00923034164552342;0.006115758970009468;0.010563993386887028;0.005779104264671268
-0.006367052828103072;0.000871056657299596;0.011552538529042842;0.005403364384303447
-0.003971775634934255;-0.003746770138256936;0.011282319276771965;0.00451363088322466
-0.003006470522568472;-0.005476979252396683;0.008567618123999076;0.003362084455704066
-0.003589680261043717;-0.004036400902954527;0.0035332495491547295;0.002355799711433597
-0.005246791670788899;-0.0011027827810498295;-0.0023469113832690525;0.0019366700646711442
-0.007300624644603118;0.0009623552128672973;-0.007067580083794034;0.0022006219143505534
-0.009095058506808626;0.0006605243293017602;-0.00918020973403079;0.002843676645049378
-0.010001741523576774;-0.0018646789848678546;-0.008474631685736294;0.003554949846766187
-0.009375458100187311;-0.005181306102608349;-0.005936447762733402;0.004307240237210235
-0.006677190626436254;-0.00760166061221402;-0.003111487537192068;0.005100730954162046
-0.001855197383166179;-0.008084008335233792;-0.001268897248751474;0.005484989969844711
0.004191110545596203;-0.006493544862205103;-0.0008418026017306961;0.004619937797206349
0.00949594440037799;-0.0033216815698301977;-0.001468617269755375;0.0021135026246101333
0.011673358352660255;0.0006898148020757887;-0.002479380028450584;-0.001132233619484305
0.009244768357654021;0.0047333223804259935;-0.003302299138842198;-0.0031945674359430782
0.00284051530590901;0.008001103038069508;-0.0035306015118140755;-0.0026986475828203434
-0.00477246587030991;0.009807864153685878;-0.002928283061947235;-0.0002970157187443868
-0.010145795031301915;0.009771219371218174;-0.0016175801435354966;0.0017056036044867744
-0.011177127092183147;0.007952199902355234;-0.00016438514837440114;0.0016026073436947168
-0.00825657647456026;0.004931099620082121;0.0007757220665768552;0.00016161265646480488
-0.0037728318050136234;0.001775095368349243;0.0009540451298164168;-0.00010327970589659474
-0.00047649855258786544;-0.000260583756557546;0.0005314824366605553;0.0022281442253311635
0.0001087428721134642;-0.00032561800862561174;-0.0004554302583605625;0.0054533214215588925
-0.0016883777994576537;0.001480910806489324;-0.002423079141568986;0.005759721556486395
-0.004179942133500045;0.004078546022973689;-0.005755705829558113;0.0004927367610286047
-0.00546162026839697;0.005979851327634729;-0.009904309275676131;-0.009201179430884483
-0.004499334506876893;0.0060824290566471335;-0.013154030094125994;-0.018595779935124884
-0.001601907146246442;0.004177272896986892;-0.013615618740385206;-0.022356685997142595
0.0018657320442145822;0.0009438530696093638;-0.010718472979040513;-0.018114736795947214
0.004260756915694011;-0.0024736000808072765;-0.005818451283182149;-0.008077549396660682
0.004498599380100762;-0.005038570290418907;-0.0012799500975214468;0.0024791769170998176
0.0025841890075156936;-0.006221534352304593;0.0011623922997459782;0.0087250027711181
-0.00037851748924710326;-0.0060046703703890494;0.0013420158936782907;0.009237028510357227
-0.002726707753742282;-0.00459200203465318;0.00030888344443744407;0.006368405333683022
-0.003098946036558215;-0.0022239022454555676;-0.0006724094544391113;0.003967739352710895
-0.0011761772219811997;0.0006499683765647713;-0.0008609424439936939;0.004286751488406187
0.002130604922006271;0.00309828457642166;-0.00022705950072364803;0.006376944973887135
0.005207252333416134;0.00384450265690341;0.0007310908905388202;0.007063726330842315
0.006686398918284381;0.0019552005246956505;0.0013943667707165606;0.0036051764378546695
0.006181931137595181;-0.002363382205672884;0.0014876853546095844;-0.004087872778085956
0.0043020260226843835;-0.007519487957646729;0.0012651986470505402;-0.013280938125443516
0.0020371764603085455;-0.011182151087153947;0.0012513014578838745;-0.0201890086023745
0.00011907658898720266;-0.011567815116321585;0.0018399656231493284;-0.02222358212725726
-0.001170429826530951;-0.008622918364738675;0.003114832030557365;-0.019171521304459788
-0.0017929616117303411;-0.004292387267903441;0.004817597488517773;-0.012720958349393666
-0.0017192341130819202;-0.001528858807914873;0.006239207051769887;-0.004976234462250715
-0.0009036177123984661;-0.0024568247197929763;0.006245560363867968;0.0026846435478305457
0.000561090174233042;-0.0067616496623198455;0.003871658428301152;0.009504182866072375
0.002268735371817819;-0.0115334430826042;-0.0007225580346623103;0.014483218947329056
0.003496477120014261;-0.013057683177086166;-0.005898819827570733;0.016166347526283653
0.003499760783098239;-0.00950178560476159;-0.009421859960808358;0.013671628351633913
0.0019959626776471853;-0.002383310776482412;-0.009968628750180378;0.007907742747085845
-0.0005186860330112871;0.0044563144519995665;-0.007964694456519207;0.001546481280205523
-0.002926203974202327;0.0074953678623449135;-0.00510349839429377;-0.0023756609105652607
-0.004075055836731459;0.005676852939877103;-0.003125187557207875;-0.0021131031960751135
-0.00342450895503378;0.0006773804959308581;-0.0029104493046284816;0.0019522165351799634
-0.0013217356200257253;-0.0044787925167410194;-0.004356767974558892;0.007621460615395457
0.0012699658875463403;-0.007273306252207969;-0.006706553815760976;0.012053678432087428
0.0033958759182970673;-0.006887367368192876;-0.008856135145487104;0.013170092062082731
0.004613715733667191;-0.004267880336812984;-0.009596012329928943;0.010560942705938407
0.004981196420901828;-0.0012995352828036565;-0.00801462769792672;0.005492836526642452
0.004604561385361014;0.0003337002434566531;-0.004066565930242649;0.00016454391151088805
0.003300745032943954;4.75693837959938e-05;0.001135280884435814;-0.0033381497873864988
0.0008540487906954804;-0.0013627193829248315;0.0057713502023951195;-0.003959556217747503
-0.0023163166229658028;-0.002236987481283663;0.008358914538733069;-0.0020858418438578514
-0.004841953127777172;-0.0011684093689331566;0.008573818208655642;0.0008348028867983476
-0.005009378156595844;0.0019346271180646385;0.007168729969826522;0.0033261164426547237
-0.0019992839197552183;0.005643274975221715;0.005172437263877972;0.004850286953338627
0.003193389389258375;0.007910490415044987;0.0031966793946043596;0.005933874247644803
0.007989059503201916;0.0074184856591005275;0.0014297799132132528;0.00740833474680115
0.009623603967982007;0.004307377070155305;0.00011046257314292613;0.009505375716422747
0.0068512130630398686;-0.00019617359656979742;-0.0002044609946258547;0.011555740912627581
0.0007676957395517311;-0.004724677517151351;0.0009842308614950515;0.012406440363385606
-0.005877118173161527;-0.00834919320603594;0.003337034983405861;0.011190381873645827
-0.010429475524707688;-0.010394724789444917;0.005232510783192697;0.00804043571066077
-0.01188679430827979;-0.009988104547329846;0.004341773775796484;0.004356167808467368
-0.011121616426701366;-0.006178255114875784;-0.0007917072458561436;0.0022114926617925836
-0.009649720001440583;0.0010995145321260138;-0.00915881877359112;0.0029127717062826016
-0.007976443458244248;0.009945428694034331;-0.017171934259818986;0.005633389958653128
-0.0049660592723822505;0.016518966540789503;-0.020740477215746417;0.007497566878581681
0.0010774212441613572;0.016750331368530186;-0.018293629846913836;0.00556587918209758
0.010400658286338859;0.008964586938306976;-0.012141771902843242;-0.0005814294272030793
0.02061952917781338;-0.004365709026916178;-0.006682419820731873;-0.007916108223687395
0.027594137226397506;-0.017304464477185845;-0.0048937276300047615;-0.011885770800566369
0.027897717558454164;-0.023617229222883434;-0.006264720640222901;-0.009873130067243333
0.021084600640758205;-0.02052934105744047;-0.007869024886034038;-0.0032056812843794286
0.010144533133684791;-0.010419866211328942;-0.007208396156815457;0.004083529533862175
-8.965668560856207e-05;0.000839845954980641;-0.003978857532325058;0.008438528611000364
-0.005481403856880391;0.007672221370425608;0.0005397513656847908;0.008903261029026308
-0.004578182121331028;0.007986137672882063;0.005144953419379746;0.006683731628520724
0.0009378854603355893;0.0037552404360608025;0.009376207447920752;0.00337435992434036
0.007411099921483486;-0.0009962109617463269;0.012820291961873835;-0.00010814249015763035
0.01121000495638411;-0.0030762837825488803;0.014453437251036276;-0.00331829603260628
0.010358119739201557;-0.0018736691527714575;0.013173129695930938;-0.005726238663514866
0.004915010425622392;0.0009379849349919568;0.009020412985406897;-0.006662780250654001
-0.003787534856033718;0.0031295962384452662;0.003670180449020866;-0.005718994433358026
-0.014087469098407468;0.003644804602975798;-0.0004645751855869289;-0.0031410348185253755
-0.024247367163486012;0.003184186846035509;-0.0017656331446993649;3.788737378929669e-05
-0.03211280977656452;0.0034428699975620467;-0.0003125008908351522;0.0021927935459880505
-0.035070023026061006;0.0056496632724132405;0.0024379656294021214;0.001723406171173964
-0.03100430997964171;0.009445975320218406;0.004772091420196128;-0.0019271117017048765
-0.019896372479679625;0.013006592210418208;0.005712753935112681;-0.007355792337847123
-0.004775104510227302;0.014522729172310801;0.0052135208227773065;-0.011308785898156686
0.009050867293204461;0.013904902277716024;0.0036283533576874625;-0.01035234515100986
0.016338014559745023;0.012929713274062168;0.0011554006824480404;-0.003389299846026306
0.014530591758175037;0.013287051891868035;-0.0021277127455597536;0.006821529936461256
0.005154417295576571;0.014364800317123035;-0.0057397883546202585;0.014758035552533862
-0.006811496712165349;0.0133774482380458;-0.008501820216237535;0.01562911785149134
-0.015292610813748983;0.008095938448593852;-0.00903981972971966;0.008876180327139011
-0.01602678667826772;-0.0006002296926060779;-0.006829553316077809;-0.0012134342565066085
-0.008566093925518554;-0.009041904003226976;-0.0028420468401176065;-0.00853597573911764
0.0036180073347667134;-0.013464969296802918;0.0009341848760243663;-0.009503094251820313
0.014936910067879896;-0.012313990012759398;0.002818746260308322;-0.005272756885598739
0.020445232667609538;-0.006513638794517187;0.002550058205224669;-0.0003868977200790911
0.018186401936612216;0.0015173576715591728;0.0013493821652888441;0.0008041907005004627
0.00998989131066495;0.00878864950774853;0.001045459471816569;-0.0028522282060920385
0.00031055049278643453;0.012497618390241483;0.0029998371056142474;-0.008903930946009104
-0.006285275840809721;0.011097723879954814;0.007428514546186879;-0.013465289317517755
-0.007521603568313026;0.005281587673034105;0.01326579575857222;-0.01408140713722287
-0.004282674750555948;-0.002163876419667688;0.01852193760480909;-0.011083988153691583
0.0003754758830541537;-0.007886225620665826;0.02107643816626325;-0.00673272252435248
0.0031874299766900312;-0.009834443950346355;0.01967072674265241;-0.00332872189210752
0.0023664997128008377;-0.008116845708185307;0.014592705044345693;-0.001988920413516862
-0.0017412580278198752;-0.004414630632180467;0.007616690680716008;-0.0026764824634039775
-0.007091199289733786;-0.0006454467275370084;0.0012273642024481994;-0.004816926783367968
-0.01106035856986213;0.0020537438564472324;-0.002454791026514793;-0.007655155083338855
-0.01168628603551953;0.003477477783356091;-0.0025805116755170518;-0.010256705436645502
-0.008488049231183698;0.003890224291636145;6.488105876287151e-05;-0.011626418429630796
-0.0025530734293074857;0.0035635606619875285;0.0034915004357795893;-0.01116765810361703
0.004057148072023959;0.002659450383180656;0.005617042521013773;-0.009099730281786367
0.00920028767372954;0.0013501553060897534;0.005410543429727395;-0.006324003739628267
0.011394220724593672;-8.840175885881256e-05;0.003266289071992096;-0.0037440032238312774
0.010180760838206836;-0.0012962439943537767;0.000402351549607217;-0.0016200129434569299
0.006170077285232702;-0.0019045996951727567;-0.002114974123556468;0.00042965260106406656
0.0008809631778005921;-0.0016703823844960428;-0.003934290103489917;0.002734625281171264
-0.003649948000474313;-0.0006988643340234102;-0.005278828586117335;0.004813015151458353
-0.0055634413775207765;0.00039639920536966417;-0.006387776615256162;0.005359242279605069
-0.0040414614127920485;0.0006796273329231268;-0.007070186025068278;0.003282228080007342
0.00010488782747308159;-0.0005093612306206672;-0.006759858721251107;-0.0007971387017366281
0.00464962218888515;-0.002899519552213593;-0.00500671420675524;-0.003863532854976195
0.007102693615287804;-0.005090496937350243;-0.0019308347174350137;-0.0017705641109363865
0.0062027712123869155;-0.005052069893318471;0.0017501779604422569;0.007698350229064167
0.0027104663442335613;-0.0011543849366875325;0.005055007161976348;0.021965689966570775
-0.0011493348802470921;0.00669205349649434;0.0071460604622090905;0.03377056690627499
-0.0032317103950665555;0.016372134743541558;0.007665129412775923;0.03531740042950415
-0.002877340304573847;0.023998397776879538;0.006894315320312486;0.02402882320255949
-0.001220676339642502;0.02562005251655828;0.005497490298422561;0.005246124293296325
-0.00033600828189120184;0.019468453257028354;0.0037790587903664195;-0.01096985252216635
-0.0019400021796177045;0.007289448693610129;0.0010287710891624898;-0.016784085935743546
-0.006437424985905019;-0.006395001235975219;-0.004115421999396363;-0.011585446531447323
-0.012658608280274455;-0.016855171578018587;-0.012069206760515252;-0.0011266203083603221
-0.01828137206193005;-0.021765272786981534;-0.02076726807132387;0.007711071815297646
-0.020792261072366074;-0.021908467071555696;-0.026104853716130128;0.011628885944524249
-0.018633002401551222;-0.019702406771432143;-0.024619621970051953;0.01173450353168002
-0.01193630958199164;-0.01714865188247958;-0.01618809437061641;0.01107109718943118
-0.0024130444310429618;-0.014877912342502164;-0.004253435129528848;0.011619665124783097
0.007465463650988428;-0.012473091925531529;0.006453553314947677;0.012899826550843489
0.015424224388606906;-0.009214772174408102;0.012568001631599348;0.01267882182153425
0.020023214835698817;-0.004672770870105805;0.013320731323699583;0.009028313517022064
0.02087108142539032;0.0008723096415814076;0.010221689571967339;0.0021656585294127268
0.01849572548088336;0.006232676327532657;0.005944219680465664;-0.00536365822954259
0.01397601494908371;0.009629959165734314;0.002989204620017994;-0.010271239357636738
0.008488574334300536;0.009589959300347091;0.0025481452047554725;-0.010558515472205937
0.0029860713359665396;0.005925722803998958;0.004085090290725363;-0.006527411273056592
-0.0018667757318280816;7.736247711189275e-05;0.005916102668273904;-0.00033347003295883764
-0.005590823451290922;-0.005508367871259407;0.006392825556410572;0.00529585240861064
-0.007829674053952627;-0.0085720290578459;0.004873159496436806;0.00826439388257231
-0.008427440428869682;-0.008071363345679754;0.0019244439202987756;0.007709292249585658
-0.007558779780089122;-0.004519690916123301;-0.0011809587850002917;0.004015942314719128
-0.00574208344086412;0.00042502687449058157;-0.0032233498681583862;-0.001482835720245663
-0.0036460453076862178;0.004803781628183746;-0.0035986961598556857;-0.00693140077288236
-0.0017578355058218622;0.007178668788521985;-0.002459930430300499;-0.01048563694491286
-0.00011103329807459366;0.0070747904383930225;-0.00045849975653309487;-0.010949946986338024
0.0017054132890050187;0.004934278091934178;0.0016835338599970676;-0.008298386623814956
0.004165596526025294;0.0017374239806087794;0.0034522748448856263;-0.003687382742289289
0.007228680421680498;-0.001430345848413631;0.004495618729121462;0.0012272784033030232
0.01000840896923686;-0.0036547816731967073;0.004420088470558487;0.0052694823618936746
0.011130204874893135;-0.004293368819384642;0.0028505610282497035;0.008188382466806494
0.009740873919090787;-0.0030583202219108185;-4.8902420609261884e-05;0.010101869137021274
0.006425968186042106;-0.00024017978437956226;-0.0030555826828599264;0.010511178302316236
0.0030653111120514318;0.003030328084643491;-0.0042150740433918085;0.008129214242348503
0.0014443961385965367;0.004917908052633363;-0.002217214261790386;0.0020946793900501197
0.0017093887157047193;0.0037906864066032005;0.0022588500876824786;-0.006443585352760915
0.002154193448169088;-0.0004365921156306928;0.00671171281629385;-0.014187701716600287
0.0007150258269338473;-0.005673300128196594;0.008656572530060276;-0.017647370986974317
-0.003046076547453543;-0.008729158294966061;0.007529330165876362;-0.01566531916501951
-0.007165424470515098;-0.00766065548197314;0.004898792241907388;-0.01015827974438697
-0.008394384121241718;-0.0034979384135076304;0.002912953700380927;-0.004374751199321595
-0.004416000262397046;0.0003341316170030078;0.0025211856015127316;-0.00042446622525155436
0.004400266127214911;0.0006202971528130656;0.0029498044379729998;0.0016375756698543166
0.014916427296227538;-0.0031553609839668046;0.0025979553066279933;0.0027505978638126248
0.02288283688992549;-0.00848491055128769;0.0004414093395662035;0.003373269608669444
0.025211738757522865;-0.01183659465408941;-0.0031443744861661734;0.0031918314166909027
0.02135678364448759;-0.011229567135591438;-0.006719439222728503;0.0020283214527981553
0.013054828039381343;-0.0073083606403585065;-0.008943158183100226;0.0006524139787740229
0.002990043510956854;-0.002252927144905198;-0.009471524610304281;0.0004116284314575323
-0.006401299627161767;0.002250595138682967;-0.008736855723413175;0.0019474893370865342
-0.013323233108007962;0.006028864848581179;-0.007024199643154291;0.0043530967519368685
-0.01658623699277641;0.009603542114760201;-0.0041316671247436975;0.0057954661834626236
-0.01582588179972628;0.01263059495738334;-0.0001672626628409704;0.005104733482879588
-0.01200024770279756;0.013442352136702166;0.0035425845268768717;0.002776034165944513
-0.007520352029273236;0.010335039790448393;0.004884828360032533;0.0004870702525697687
-0.005452541011735045;0.0034179713106131824;0.002743110630290624;-0.00023602985408439258
-0.007923434521541753;-0.00475314230094839;-0.0015779901478794687;0.0010195463903823127
-0.014579891101315906;-0.010488894816512983;-0.004942862736706631;0.003457319257626778
-0.022225962689510586;-0.0113623205897372;-0.004753828653944176;0.005520094182123312
-0.026239327055184704;-0.007971388204252148;-0.0011224077447937666;0.005575891682753701
-0.02315718352928736;-0.0037091792345821;0.0030008013277845738;0.0028448781546604944
-0.012807053631013575;-0.0024519476203386107;0.003829119138293602;-0.0017237754691531867
0.0014260827613966057;-0.005615802398145968;-0.0007036285644005935;-0.005536512792342329
0.014280454871033098;-0.010885378261039953;-0.009625626209008855;-0.006009922227472738
0.021131098967901298;-0.013973915200048054;-0.019507344041989606;-0.002844258329358087
0.019999210955069575;-0.012128597391631447;-0.026312751135103164;0.0012627641350216505
0.012240867192038428;-0.006143996002951534;-0.027379600468070323;0.0026798813321661646
0.0017755356931803135;0.000991642742128881;-0.022589328874685868;0.00017099306601047452
-0.006735035027776043;0.007058201502238249;-0.014264884785985378;-0.003716403555077389
-0.00996436581372324;0.011827975416146358;-0.00591668483192184;-0.004838830248586961
-0.007315845241990647;0.01568618875842002;-0.0005244397514613347;-0.0012935838849209725
-0.000959402440742485;0.018033132117953883;0.0007419940946402224;0.004760504856867289
0.005469867250294033;0.017679029430697293;-0.0012202759279560963;0.008885730056290156
0.008770353260437779;0.014464905194182275;-0.004188773293716159;0.007840834838545753
0.007683405930454047;0.009810080998138711;-0.005845550636979842;0.0017201598458935201
0.0032997892182443154;0.005534465949436885;-0.00485379017914383;-0.006459015615890375
-0.0018042761124193497;0.002462068006596455;-0.00134627953184579;-0.012776273290924463
-0.005170744879827323;0.00026648559375875365;0.003267261465413802;-0.014472674626345178
-0.005739124319314409;-0.001621779453390435;0.007003831021413868;-0.011083453018186572
-0.003972911455739019;-0.0032190678270639862;0.008227335376098321;-0.00443979974032439
-0.0009904515908800214;-0.004008470471227113;0.00642882511264129;0.002200071195474525
0.002348722099424267;-0.0035303827178777124;0.002490956049875631;0.005533539001626653
0.005616663986838059;-0.0018954998645074128;-0.001773473518962334;0.003728124767331615
0.008336001666210756;0.00020382160879369414;-0.004586729770762733;-0.0025501002035440063
0.00962074922739722;0.0019643770854966677;-0.005043150793286937;-0.010359959986619106
0.008549721121967684;0.0030438097640582704;-0.0032850266287487323;-0.016138772677683634
0.00503323542471123;0.0037416274616716857;-0.00010502137819978679;-0.017785144810004924
0.00029878083223904955;0.004559626166632346;0.0034810453106742722;-0.015610312165115844
-0.0036078629176380175;0.005455642641732397;0.006416417977334272;-0.011502423655407596
-0.0050271766907777566;0.005496462285302866;0.007827862927379019;-0.007229877619371883
-0.0037126418428637354;0.003393242454820244;0.00751559053343209;-0.0034390831381892447
-0.0009623076817646276;-0.0013541801415088539;0.006252252403636572;-3.0715281832737174e-06
0.0011926218594610104;-0.007604373427071713;0.005251945434040161;0.0029780442812495926
0.001192372981002337;-0.01281844067340157;0.005050571885927218;0.0046620843353133105
-0.0011803391878057918;-0.014423507514210095;0.0049440052212231245;0.003887166875120599
-0.004747296534463064;-0.011420867123008377;0.003733867755470234;6.807221204541615e-05
-0.0077097520002726416;-0.005063342398333022;0.001107805067019947;-0.00616611564538251
-0.008777062498556053;0.0019274427932922007;-0.0018004024124138498;-0.01292280211426171
-0.007918071673454733;0.00698984716924576;-0.003291732857406299;-0.01752727112745797
-0.006202228174391444;0.008965673633646363;-0.002549996480359716;-0.01752527641663788
-0.004855633351459815;0.008196096520829888;-0.0002875403992458621;-0.012152880007978378
-0.0043176696399424355;0.00572608743543249;0.001883623144029924;-0.0034891488729147783
-0.0040860503302483486;0.0024659128005801393;0.0026427243190296932;0.004130827243735134
-0.003393137604076719;-0.0010619645315691488;0.0017238072567388903;0.006896514918224641
-0.0020069351340268205;-0.004423529420506504;-7.100506426819306e-05;0.004606770132660759
-0.0004454520081203164;-0.0069458357615831;-0.001315813521347002;0.0010469081843630444
0.0004709751116147767;-0.007832486941907366;-0.0006479675630548277;0.000748805253273859
0.0002509878047200639;-0.0066782568321753265;0.002339989162609588;0.004902788991649298
-0.000941102320539778;-0.003874027639800541;0.006475315662165638;0.010362285727804038
-0.0023921628127827727;-0.00046811735226032415;0.00951115067163954;0.012667989820388605
-0.0032031474131783582;0.0024281514986593017;0.009838153317589905;0.01001262759013136
-0.0026602628389394917;0.004209271934764925;0.008006682298384023;0.004448120489552262
-0.0004545954027770495;0.004916458967240863;0.00642947768145655;-0.00029423716565065984
0.003273128004989681;0.004916971013756293;0.0072968466054875525;-0.001859836718765821
0.007985232642409449;0.004424263521150889;0.010568678408029322;-0.00046278166869056836
0.012817872878741228;0.0033048575382873214;0.01389698509826553;0.002217083979161417
0.016651726171449745;0.0014550051433616527;0.014521080872348593;0.004671417713098989
0.0182247798657612;-0.0005125891014758019;0.011422982335534454;0.006072431329685485
0.01640106357923082;-0.0010855483413175146;0.005958316093314208;0.005843078907172459
0.010703008532982936;0.001237728237229523;0.0006695449590821178;0.0035399984940120257
0.001933730497662656;0.006471160473276323;-0.0024989660539360887;-0.0005972680072187074
-0.007654037839782879;0.012455820053878018;-0.00315511303648284;-0.00528699902720417
-0.015060852113796102;0.01578165348384012;-0.0021420285304331126;-0.008658399961220475
-0.017843400718531795;0.01377962342835366;-0.0005772710102816747;-0.009136241583384504
-0.015223887645232225;0.006278448646303021;0.0008439017968290151;-0.006171376703277651
-0.008378040220958807;-0.00394909355851577;0.001872894604366338;-0.0006632175705654301
0.00018093934685204386;-0.012398388431005844;0.0023301998598988993;0.005105605051010168
0.007754756132852218;-0.015176488971298948;0.0018629854265307957;0.008406218517348048
0.01255886767168293;-0.01117964471737912;0.0001137550721344206;0.007651514992910418
0.014223554844592208;-0.002727831296644865;-0.0028630728506833735;0.0034811355993872657
0.013509191527714513;0.005811924065070385;-0.006317529488765674;-0.0016731121046685213
0.011528143903474189;0.010573427464182363;-0.008940185796643947;-0.005248025684327446
0.009020139251498343;0.010315564462144999;-0.009472101946401692;-0.0060617853995373035
0.006114465718212314;0.006835828352437198;-0.007542803179223289;-0.004595334408071845
0.002678495179414928;0.003530163811302803;-0.004119283539899449;-0.0022247589030032697
-0.0010363293650553452;0.0031262735938347606;-0.0009323808931090449;-0.00037780061058489414
-0.004032501160356945;0.006012167341295074;0.0009178852114233489;-0.00013137311057927152
-0.004976586806434992;0.010075269323951946;0.0018983717958893655;-0.001926628376723708
-0.003240557578063765;0.012066375082127476;0.0033818551805305827;-0.005128082220816241
0.00029272089883560865;0.009708677369074506;0.005901033120273236;-0.007943856000494496
0.0035647352504682562;0.0033137259736910965;0.008203987691615044;-0.008375440544768459
0.004799626209382398;-0.004215584526387073;0.008278149098019116;-0.005810981406907927
0.0039233376665821365;-0.009198626928472195;0.005356437169755863;-0.0018254249303114127
0.0025982844201693288;-0.009671214616591711;0.0008254076635774232;0.000846842965359506
0.0026908525447554774;-0.006721902961635336;-0.0028448191962714663;0.0005372970657796786
0.004486376657531582;-0.003566751681053449;-0.003986057494349312;-0.0018444886646464935
0.006310548232872552;-0.0030096926560754882;-0.0026502941188250814;-0.003488527841183641
0.005979687950474559;-0.005285806775607355;-4.5396588093645326e-05;-0.002132911279311349
0.0027995560966861946;-0.008043272769538224;0.0025123653300187492;0.0018519166102789852
-0.0017037713255131028;-0.008473762936777067;0.004034535633887405;0.005711055814414205
-0.004940671078155891;-0.005757892472306216;0.0037584160237169747;0.006705994825586217
-0.005176458142411422;-0.0017024273732598784;0.001376902905343993;0.004381655966791252
-0.002547803270916414;0.0009263519593307464;-0.0022213528735525725;0.000586928267437569
0.0014331199567867573;0.0007813660005052769;-0.00481360989585661;-0.0025306192099299766
0.005123482532887462;-0.00114089996667401;-0.004306521735126939;-0.004317566866717357
0.007583768343021553;-0.0027367647313913494;-0.0008842441263258725;-0.005367297731102051
0.008495745825675258;-0.0028782903889702114;0.002519881926711214;-0.005732393122912027
0.007561691467525272;-0.0024048622032429626;0.0024871589098319088;-0.00380449936244774
0.004182006659436031;-0.003285290259751803;-0.001799823062014343;0.0026310763573666935
-0.002101633388777511;-0.006857165726391458;-0.007701103247828997;0.013930433788167128
-0.010635679998179942;-0.01264221579756194;-0.01136616811890811;0.026986998347173684
-0.01902409407917114;-0.018589253701246766;-0.010873133481156384;0.03619027013197132
-0.0237334135220519;-0.022470775743834357;-0.007366056730594185;0.03666134705567612
-0.02199752152653582;-0.023269429800657857;-0.003501737512729832;0.027659939824406517
-0.013862765723392973;-0.02130426548686887;-0.0010960226577571282;0.01365548686939619
-0.0027560928285332307;-0.016990237742389495;-0.00018717547765835155;0.0019333380714573766
0.006092425440951999;-0.00978697703782355;0.00014793517607928597;-0.001959272130123679
0.008462336870408592;0.0009801611915498832;0.0006008924872086747;0.0021951012612611478
0.0034242245476812042;0.014026727233665128;0.0012641790356232347;0.009400856716855852
-0.006241035659857118;0.025490074087078773;0.0019820957093350405;0.013365267500796077
-0.015574591661423658;0.031269373202032845;0.0026364202555395405;0.011223021798758429
-0.01991208931935419;0.030184318124589753;0.0030541628887471865;0.005248191571630366
-0.016981275755569566;0.02455171904123703;0.002894191298076357;0.0002834895861327382
-0.007743165251720728;0.017737938444073575;0.0018577817543728762;-0.000583839458781722
0.004219645396399893;0.011591037539358078;7.641247316753331e-05;0.0017551765508006935
0.01437274451606683;0.006223258988406958;-0.00173472234448053;0.0037996344420242775
0.01919212621961519;0.001471046051315553;-0.0025655155384865743;0.002572799101519347
0.017576704134586753;-0.002217908140340316;-0.0016842505221365631;-0.0022458616178367545
0.011100077779232491;-0.004268239179543991;0.0008562276245807155;-0.008369044553988715
0.0030046795560470766;-0.004734725898570008;0.004086393254415491;-0.012494014932975289
-0.003474644234923056;-0.004264559229474385;0.00648884060150649;-0.012222087991033982
-0.006458247668862562;-0.0034741276516621475;0.006754351074155455;-0.007356334889944865
-0.005780097437669268;-0.0025857237590818636;0.0045439355727022995;-3.293765462205792e-05
-0.002531073209900202;-0.0016463635979121255;0.0007395447440802142;0.006409657320185324
0.0015798584957148244;-0.0009091901526350794;-0.003081309732678926;0.009298113266715613
0.0047076050753291155;-0.0008420001152642865;-0.005612700784008726;0.008121628449595667
0.005343501925349063;-0.0016843291203813727;-0.006484254163273161;0.004594581079557223
0.0029237024400625275;-0.0029799490049548364;-0.006150548651351857;0.0012098697375014405
-0.0017064959281603068;-0.0036306598005862046;-0.005258717765365832;-0.0005168062154026063
-0.006450162322881915;-0.002614154757118355;-0.004134080347249833;-0.0006583409719997532
-0.008847864727136528;0.00013260995196561403;-0.002708441347155156;-8.112628859357392e-05
-0.007263199936456374;0.0034414994130749525;-0.0007187421293721215;0.0006252186999712216
-0.0017432436908641996;0.0055808994453192705;0.0020463773930400686;0.0013343234629954893
0.00584777337118363;0.005378870762209482;0.005440965215069005;0.001822739078447404
0.012491841310608008;0.002935754973244185;0.008664331283927988;0.0015546907328272725
0.015267628236642699;-0.0005424729886672945;0.01036503267312487;0.00030068669579343387
0.012714161145896364;-0.0035463117738155736;0.009396267151182826;-0.0012586628055203293
0.005649277404141847;-0.005083892339324406;0.005764879680161279;-0.002028667619949923
-0.0030890832215185295;-0.005034941978224612;0.0009203195322283201;-0.001861420445356132
-0.009991686563234126;-0.00394364468685222;-0.0029912061157374966;-0.00223353951775162
-0.012665731299635783;-0.0025341578937885956;-0.004409056595132935;-0.005083273857363064
-0.011015346151951688;-0.0013591182628446595;-0.0032090564819905612;-0.010552493938748254
-0.007025067468242383;-0.0007517108552879582;-0.00048858129676447;-0.015867058766468906
-0.003288960294966972;-0.0008840259338544139;0.0024115368347811294;-0.0169395727310244
-0.001374408505660321;-0.0016946932097151894;0.004647979720695631;-0.011739522537990273
-0.001177837320483784;-0.002781879020794986;0.005762828558049276;-0.002396923050645824
-0.001530938411602127;-0.003523462782932606;0.005229063507956514;0.006184284126127804
-0.0013394268111850437;-0.0033887661109203927;0.002590796334394433;0.010089568292593788
-0.000340018640998469;-0.0021373122679061;-0.0017985136351621265;0.008994508659950986
0.0008932061700943197;0.00018668735483542357;-0.006477505745459966;0.005363151796118918
0.0014595315522922135;0.0032448646103634864;-0.009686521081907002;0.001617490016460162
0.0007380166483351774;0.006289770016619957;-0.010590467811945732;-0.001560973110542056
-0.001214186945567052;0.00819381609583763;-0.00965631968958904;-0.004456075549143713
-0.003631794203769953;0.00785836554359916;-0.007883696674239514;-0.006627047408175662
-0.005407222353348976;0.004853146295714466;-0.005854267121397585;-0.006554731083152635
-0.00568944713550839;-0.0001716071942903878;-0.0036310224443848326;-0.0030858438867266548
-0.0043875493759362744;-0.005679554719596045;-0.0014010542130068631;0.00288761323983874
-0.002259102566894965;-0.010014708745323609;0.00015363314123092715;0.008379136106129122
-0.00047943548819268556;-0.012243056101186804;0.0003456941132963603;0.010227707659991161
8.335893924609061e-05;-0.012457561687437618;-0.0007345739567821485;0.007465541629208716
-0.0005779697537109903;-0.011372228015183809;-0.002073108736107483;0.0021415150077578704
-0.0016193254097783226;-0.009662610954882961;-0.0023716714294326675;-0.002114867009162423
-0.001914304929809204;-0.007663415101809907;-0.0008658266585194941;-0.002706198714469659
-0.0007678440772725674;-0.005549774678000577;0.0021958420468419803;0.00010313192168954515
0.0017271687870834445;-0.0036165344545616754;0.005547889619464541;0.003514130171989856
0.0048837335492337396;-0.002300895234437485;0.007473443287936486;0.004434227958403171
0.007903973132205063;-0.0019773282734449563;0.006908093993487422;0.0018955792206367282
0.0101851263266576;-0.002733832921096726;0.004421395272760376;-0.002236013858284813
0.011237706269883291;-0.004220975913639902;0.0020528227982784886;-0.004794567196837395
0.010485754788366946;-0.005600808694967886;0.001803634916235223;-0.003913431980410661
0.007399377254741517;-0.005736301440644511;0.0039635139039591065;-0.000738422258927211
0.0020310748532562763;-0.0037619754597779335;0.006778147456063276;0.0011363627672756078
-0.004541655836604718;0.00016640664270334228;0.007783800270241074;-0.0016490844094113524
-0.010467442364769824;0.004583398911471965;0.005705420647176917;-0.009303700507869918
-0.01410095439366588;0.007449166398481318;0.0014920186109249156;-0.018170325466952807
-0.015027010899681519;0.007598509820996155;-0.002165968076514568;-0.02306188772548691
-0.014265788594340465;0.005689140855183261;-0.002533036917273257;-0.020869740748127894
-0.01338071601068816;0.003705817488953887;0.0012135376425723714;-0.01260001529996898
-0.013131436377133017;0.003449449176785631;0.007017175580155396;-0.0025045963028444192
-0.012797992615816003;0.005336869260302084;0.010857168678592658;0.00470920234040622
-0.01081747293150276;0.008297224437872515;0.009188259258132324;0.00656799718392263
-0.006226433605635358;0.010506278711132674;0.001268325644333019;0.003868639807743183
0.00034983942698418673;0.01038907994295169;-0.010267876095044093;-0.00037529823961656334
0.007015004124935362;0.007539849915592201;-0.02091452066374052;-0.0032735820460347014
0.01192067292932432;0.0031562647289797336;-0.02680843284606334;-0.003954859873199298
0.014474097126753085;-0.0004975745976531599;-0.026647086118136355;-0.0035770323785628416
0.01551016992148097;-0.0014980362571572975;-0.021830800851388547;-0.003689973400347302
0.01636987315269768;0.00042345997295836015;-0.014874341617884241;-0.004643332457981701
0.017616636856095002;0.003685421587764594;-0.007537530157945537;-0.0053970328590647485
0.018360226773556212;0.005935696982196481;-0.0003257297616392413;-0.004600191059916644
0.01678539545166104;0.0056203428247758366;0.006531800131588064;-0.001863087616369313
0.011663916811405304;0.0029537303890031464;0.012155457864424074;0.0017238748616505283
0.003788039410085941;-0.0003931131697673126;0.015395557099277903;0.004156814819634258
-0.003927142455654838;-0.0026736905254942226;0.01596009133050748;0.0038373065713222403
-0.008066050322499886;-0.00340474265658129;0.014742648604519668;0.0007614571289490507
-0.0070309144834591955;-0.003469913395327519;0.012879884371163185;-0.0033489866058616408
-0.0022490650455462497;-0.0039041389817975865;0.010693747096565289;-0.006165067588256758
0.0028075972961016126;-0.0046239155376734;0.007734689824679493;-0.006286909289888173
0.005099825260007229;-0.004472151884840723;0.0037472833305836908;-0.00403335538830188
0.004050846412078837;-0.0025856385441537506;-0.0006166713110134267;-0.001016931383581795
0.0015965824048278547;0.00030950766862143376;-0.00408015225847995;0.0009839658147185598
0.0003704561809953775;0.0020582752454009158;-0.005659539933731487;0.001016883679508232
0.0015343610374444984;0.0007068174229453477;-0.005347548613116371;-0.0006449653863153786
0.003878172522409405;-0.0037572608534151425;-0.004059600272338662;-0.0027066470780254146
0.004749520952094087;-0.009069188858170985;-0.0029680998415448348;-0.003517102442062314
0.0020310541955660026;-0.012148297436225163;-0.0027019406700695796;-0.0019909598861203174
-0.004284322803030862;-0.01130708711691527;-0.0029580787760329014;0.0015780351801359034
-0.011955330506191157;-0.007531388436206266;-0.002876088981263445;0.005312493058720819
-0.01774587086335341;-0.0038143809032953947;-0.0019684687453949017;0.006516560343718225
-0.01913611962860588;-0.0029808486991723133;-0.0007923158825379448;0.0032342592281767364
-0.015454223377527651;-0.005594117013915466;-0.0006325875723728196;-0.004236259290836384
-0.007960500381347302;-0.009467313939271938;-0.00241204573333751;-0.012906359277278645
0.0009186769983997136;-0.011031920460535126;-0.005858392539852045;-0.018202006894118324
0.008655599184255356;-0.007492868925169246;-0.009640196468544927;-0.016147371517253838
0.013450588230724569;0.0015380613018235593;-0.01215751935614737;-0.005595498971735409
0.01458844579869285;0.013596528811369758;-0.012222887355825897;0.01055524134147877
0.012419097115708568;0.02430913192440215;-0.009343183114034603;0.026033274827783504
0.008168371444250144;0.029652993500231407;-0.0038526468722553018;0.0340558382119592
0.003667019403899225;0.028454529922702223;0.002957867970437852;0.031219625399779363
0.0009257941609809143;0.023013564474447756;0.009016720840694319;0.019774855895637995
0.0014419396167559308;0.01686948103834676;0.012274460660552072;0.0062048661104713914
0.005335617850723963;0.01172316128860981;0.011845743923785122;-0.003075902955615966
0.010822537340582127;0.00671364153930497;0.008622043165537528;-0.005592635876359867
0.014671694633692252;0.0006274119710723195;0.004718123498034775;-0.0034339840330905587
0.013769936218006696;-0.0057558045335696;0.002089878096449536;-0.0006904788526212917
0.007003945045764901;-0.009908608339066833;0.0014150939355846773;-0.00015776248984659627
-0.003814271935866041;-0.00992400072067706;0.0020357124784645573;-0.0017848997087047342
-0.014743320235400684;-0.006311238615382976;0.00274754853690968;-0.003547228399430542
-0.021767180139593202;-0.0015504924317847031;0.0026267604941490395;-0.0035360918817979262
-0.022740130698870625;0.001807844528004171;0.0013894644746043582;-0.0014418557767434108
-0.01808946163456449;0.0026369258724262936;-0.0006693068599447893;0.0015266549985594239
-0.010178043266601332;0.0013440517508791164;-0.00295182049017932;0.003817932127651591
-0.002024785647809093;-0.0009677378653514849;-0.004897431736751826;0.004624699219548641
0.003863165394452949;-0.0033090760261039183;-0.006214426149964287;0.004137629402794325
0.0061730431585142;-0.0050571232349878315;-0.006881769934218369;0.0031148860803291243
0.004960711596689972;-0.005814833862797438;-0.007011454769532553;0.0023367474934077883
0.0014355874820610394;-0.005293952549925969;-0.006773135608057771;0.0022869585296431873
-0.0025176152159486088;-0.0034013213411393808;-0.006414593543776559;0.0030300311292108784
-0.004968204906708572;-0.0003960759300661245;-0.006215399616216283;0.004172508513284996
-0.004604028604491296;0.0030706719717082612;-0.0062975741031540905;0.004956622607968022
-0.0012837432942675003;0.00608679601822854;-0.00647455900111756;0.004612785620554043
0.003743980557254604;0.007727634793198844;-0.006364583509925659;0.0029159072630012936
0.008209968349402835;0.0073550531620462595;-0.005718155389857139;0.0005961019568381703
0.009843998715533857;0.004892183301431621;-0.004657761826177849;-0.0008370296566046975
0.007642371194595851;0.0009484578503292194;-0.0036367704431927114;9.754675319177613e-06
0.002596176391698626;-0.003332460216385106;-0.0032245911349644825;0.0032438984926416647
-0.0027467963793888677;-0.006684223306221262;-0.0038946609457725513;0.007124156389890634
-0.005771195992650829;-0.00818237024861882;-0.005812021050458737;0.008822709311740217
-0.005422945513139166;-0.0075436734526477135;-0.008566063258574806;0.006368170848935854
-0.0028564407544446006;-0.005206526511239206;-0.011016018858819077;0.0005288391162536976
-0.0005833821230627114;-0.0022176148574623226;-0.011591554263684078;-0.005042594787245191
-0.0006612801292827566;0.00013475717611084026;-0.009171773922050014;-0.006123038948504788
-0.0032123750177444435;0.0009356682158045336;-0.004106104675940656;-0.0013272689953430772
-0.006382700950105555;0.00015598702397851078;0.0015016335811767192;0.006257585222362803
-0.007775059195813616;-0.0014196730503295827;0.00486799535810027;0.01107516161209602
-0.006239368869729611;-0.0028361936256200296;0.0044925176746454356;0.009397925296332103
-0.0026591219343898385;-0.00356366391938824;0.0014553533954294968;0.002235655675141906
0.000765992969682423;-0.003530126334830107;-0.0012649489382931995;-0.0056523611585650195
0.002079663281516321;-0.0027692449820890756;-0.0010576761436259777;-0.009568294071029278
0.0008064305930132764;-0.0012328821604418473;0.0023968843852866352;-0.008183617029582651
-0.0019049903712670636;0.0010355536970293982;0.007128471076168049;-0.003998936661929436
-0.004167552875078638;0.003671959796423501;0.010557675203323782;-0.001165178768082377
-0.004546488119533313;0.006018430658500352;0.011276509119634811;-0.0025272465445723897
-0.002763817424376101;0.0073729610830933325;0.009622628142651482;-0.007824866400619137
0.0003884925131079186;0.00725082987698125;0.006964838488676603;-0.01403912130495731
0.0036615631736138074;0.005527879980221495;0.004567915203828043;-0.017465671003849183
0.00600188275811008;0.0024319447997744464;0.002979824875329823;-0.01595871060567169
0.006902675243817311;-0.001590228118319815;0.0022292770186262407;-0.00982302763356167
0.006386408648697847;-0.006000346228357932;0.002348887474739035;-0.0010653568998972285
0.004768793816138308;-0.010123402095792171;0.0035281343474620566;0.007983381245714379
0.0024541105791692215;-0.012943710559971257;0.005713776105754504;0.015429492561896048
-6.210013213726362e-05;-0.013054765181286043;0.008163029843393028;0.0196274003856356
-0.002056329622634076;-0.009161130465825736;0.009599000474103328;0.018862433851978895
-0.002614767327256363;-0.0011446887938245077;0.009032346762477276;0.01199096930790845
-0.00107603472962993;0.008997100985294654;0.006550654376166915;1.208840877522515e-05
0.0023123885720293205;0.017427060210526597;0.0032706692099203193;-0.013038209343236724
0.0060789023334698765;0.020424322567795878;0.0004285642058447393;-0.021609369760223342
0.007994837027263006;0.01694440739989896;-0.00152610541518773;-0.02213834978427365
0.006223373073910806;0.009645985671104931;-0.002960427027797628;-0.015645565871089163
0.0005038764906631385;0.0031692296737591257;-0.004262545698690827;-0.006895910096346953
-0.007423638759574887;0.0008448288882255882;-0.005119014061208095;-0.0007776047488973298
-0.014533582316462611;0.0024893658448226024;-0.0046047738188103446;0.0008961118893608119
-0.01796573980795982;0.004983827740912888;-0.0018865836995551055;-0.00033379444984899627
-0.016268471524147975;0.004967407775027992;0.0032282271297833748;-0.0018601226602360699
-0.009746060355080082;0.0014022886760134854;0.010226338982953215;-0.002490250215233221
-3.1355143351374005e-05;-0.003871623295927534;0.017924624349571164;-0.0030435937670482047
0.010515866364273855;-0.007724304844532946;0.024341059610463206;-0.004876228301009982
0.019274392523999786;-0.007983245160426982;0.02691403507514418;-0.007974623783905534
0.023903332639763505;-0.004647914626096685;0.02372411783057573;-0.010589425237270397
0.023152416936330834;0.0004713367617271709;0.015246302875794704;-0.010780852208223009
0.017563039040310837;0.004990510079693387;0.004960577186036414;-0.008178471954576189
0.009361618703311382;0.00709749701644424;-0.002377008861277951;-0.004061233859781757
0.001371005955191593;0.006172355718796827;-0.0038777229467966716;0.00013679919053702873
-0.004319765705681288;0.0029469218426403086;-0.0005076067063659336;0.0040055773785975185
-0.006934692764885371;-0.0007231377616777972;0.0039010359726557027;0.007702974296608378
-0.006619684967283106;-0.0026048761732185293;0.005779008925752702;0.01066206082603034
-0.003813093459692361;-0.0013159393289140927;0.0043003104036091;0.011296965030051221
0.0008373380239172615;0.0026137302969665385;0.0012378358465731853;0.008308610798021419
0.00607445102602857;0.006797846695154224;-0.0011098515103247504;0.002260816561555939
0.009928029887660275;0.008448233398961478;-0.0016646106225887665;-0.004294029200693297
0.010455806425746455;0.006295520750514216;-0.0007124299389805406;-0.008411107243275366
0.006964554506373105;0.0014838970928975335;0.0009210161829902587;-0.008697149157276615
0.0007248662388803166;-0.0033031890557878247;0.002449991788678121;-0.00599985444715023
-0.005502220061896829;-0.005778988211336165;0.0031665451606069385;-0.0024678129986584925
-0.008900544377642669;-0.005496633725595654;0.0024665380303951377;4.8241964445107125e-05
-0.008088872570343027;-0.0037509043534876946;0.0001700899888467579;0.0010205392865393276
-0.0037561109929054298;-0.0022363560989347325;-0.0031899347264186524;0.0011953182690689088
0.0019102872387064976;-0.00171210366285504;-0.006529838347102674;0.0017521185490261828
0.006580990049150994;-0.0017199305929066838;-0.008798505225594278;0.0032658770823226677
0.008979961144642556;-0.0013777564117773541;-0.009573368091416939;0.0051233494965767365
0.0091534405256211;-0.00038721335431116425;-0.009254094626941585;0.005923181857813122
0.00785513923506431;0.0006611726419206769;-0.008691941627699455;0.004739034307247892
0.005765611237595184;0.0008728638888950431;-0.008467080933627621;0.0021943049924926412
0.0031945021693781804;-0.0001339472603644204;-0.00837132118874274;0.00020945744876321655
0.00033116597176607545;-0.0020024616916976884;-0.007607508453151826;0.000499380014724547
-0.0023480926614629248;-0.004134522693363076;-0.00560402007600631;0.0032030556894047137
-0.003959314856868803;-0.0062534964341363925;-0.002691034241352902;0.006891278473454377
-0.0035797478958764883;-0.00837622783990122;3.1284083553569114e-05;0.009758077701225658
-0.0009425652894586307;-0.01028809335047387;0.0014907605821992793;0.010740330699752323
0.003039861711111726;-0.011215785321752046;0.0013441246237598107;0.009714538203081213
0.006465155061097622;-0.01019617132634566;7.569394493721305e-05;0.007039387725520467
0.007429975622527997;-0.0069197399872537495;-0.0013308093728634674;0.003190293091071386
0.0051940992253748;-0.0023140576506268575;-0.0017658954468576591;-0.0012190625468713047
0.000617635110064586;0.0017326509634076883;-0.0003640845851582415;-0.005335882045520005
-0.004479869567304866;0.0034398359893787664;0.003009576051983344;-0.008245694115535643
-0.008502916700510859;0.0022615431149377928;0.007367292848806946;-0.009365898721550754
-0.010895657578410623;-0.0007628799494097961;0.010830090082354063;-0.008684532264759525
-0.012093488947927377;-0.003697373890753514;0.01166805330960838;-0.0066215416721951215
-0.012848803739650742;-0.00491650146793465;0.009501751230712993;-0.0036911441049767356
-0.013563693345602765;-0.003961147075391641;0.005633650261104121;-0.0003379020759849337
-0.014074018012091545;-0.0015298117579172898;0.0021320369801719505;0.0029221178876811848
-0.013873085604868761;0.0012000205261370486;0.0004157254327932427;0.005342132614773725
-0.012494434961293774;0.003309511593654581;0.000516450562787107;0.006142240907398785
-0.009810750095447938;0.0044696217515288045;0.0014865674985148466;0.005028528851251164
-0.006155227035569761;0.004824692953230743;0.0023685725779690986;0.002546039349101634
-0.0022611886686912455;0.004680615129116802;0.002818524960491822;-0.00014695295272478255
0.0009575538179061618;0.0042660253589953175;0.003027340559244917;-0.0019492954390828425
0.002728905021579843;0.0036769131661278202;0.0032688969604765038;-0.0024005178273732567
0.002727713497847631;0.0029464784596548504;0.0035721849091254793;-0.0017884801700902622
0.0012165354729733562;0.002111133749582547;0.0037205838976305397;-0.0008230149443881346
-0.0010555843433266562;0.0011887005922900076;0.0034636045897037705;-0.00017728607600607394
-0.0031487308661884163;9.169025287042784e-05;0.0027350449624180956;-0.00015441435707971526
-0.00429724714778782;-0.0014146114527368457;0.0017471050933338696;-0.0005733405439990143
-0.004220494839347466;-0.003594720454548981;0.0009316389217563169;-0.0008648850749183904
-0.0032802598220777663;-0.006444604287333676;0.0007635953578850217;-0.00034410538781104276
-0.002397458128047692;-0.009345742471698068;0.0015337285751695804;0.0013953846723718767
-0.00267308005833224;-0.010940094702908548;0.003158918821841589;0.00408699287629416
-0.0047678805784512925;-0.009502747732011384;0.005132083466505392;0.00660988513717782
-0.00828078723802525;-0.003887952524442741;0.006697253636047901;0.007259532315329328
-0.011523237983847434;0.005272546417623367;0.007254375451985246;0.004564636013487623
-0.012037663041718378;0.014866977526933327;0.006836820846453203;-0.0015998910198411751
-0.007838295145290532;0.019978008739108988;0.0063184769879114444;-0.009260409698869316
0.0011856190041067904;0.01626391172918624;0.006985591224608574;-0.01472706362334239
0.012552517665653271;0.0030377240996783896;0.00948785200346243;-0.014361503835771096
0.021760656617996088;-0.015269536413063962;0.01286993859764897;-0.006933582441853498
0.024126877402446508;-0.03114446702073329;0.014707274520406308;0.005004831287222086
0.017186895257478584;-0.03858478420935994;0.012679812913729287;0.015978068569813323
0.002467098666552609;-0.03654488061928272;0.006588401974516403;0.020520608820967144
-0.014536531515635904;-0.028382342909663637;-0.0008916813928240753;0.016469489072756974
-0.026574427063923062;-0.0185459452163924;-0.005716167735264478;0.006365240540657437
-0.028210791371086334;-0.010205162081915155;-0.005515810866343068;-0.004148466513875951
-0.01886343232407929;-0.005301722359460408;-0.0019202764278899063;-0.009868095582263285
-0.0033983341347305334;-0.004937020062279228;0.00010051732858060482;-0.00904831126525455
0.010340008671089656;-0.008274250582841945;-0.004007706820763292;-0.0039802776057600835
0.015756924881266704;-0.011598167856502799;-0.014321036473909405;0.0009895907953866088
0.011021488949154832;-0.010225981229648653;-0.025708181417912965;0.0025954811669175785
-0.0002221348355192925;-0.0025045498944872165;-0.031550815527171594;0.0009134937378235223
-0.011327548023112173;0.008166316430695045;-0.029104076423218234;-0.000858405258163969
-0.016603987676614647;0.01578610479420051;-0.021971379977536294;0.0009629545829754161
-0.014104468383241362;0.016545082804675988;-0.017466377483957077;0.007536493068289103
-0.005743346063818246;0.01159675037016569;-0.021012210664497783;0.016469446004471228
0.0045674836335649165;0.0056958392463364;-0.03214874182534439;0.023370357218658575
0.013029743598144072;0.0033169653787379133;-0.04501351929928629;0.02461115668554645
0.01725366664919999;0.0055550306191316165;-0.052271745302979906;0.019370034245079628
0.016695161173545216;0.009948967840150152;-0.049245135809671464;0.009842168576228622
0.012478994712274278;0.012822290247138223;-0.03588895587207128;-0.00017468034162369193
0.006712169319257869;0.011949745267002723;-0.01633628577778511;-0.0071873895229855106
0.0014988133218563789;0.00763833283059791;0.0031610627395114795;-0.009308194840345261
-0.0018624357210696098;0.001980583227453445;0.01690037347945608;-0.006587014469868208
-0.003102083919717299;-0.0026743426251825872;0.021964449533572423;-0.0006356340120927618
-0.002685148920056448;-0.0049217328588347774;0.01906970142184579;0.006096719122493356
-0.0013743181526189709;-0.004689364069215569;0.011689196777671008;0.011174756698325666
8.491542067946206e-05;-0.002897902845763654;0.004081805495969582;0.012964766655904306
0.001162120790845999;-0.0007644588191903174;-0.0005895187661510705;0.011116491314757539
0.0016882625892988997;0.0008236149594191917;-0.0011940209681470207;0.006551174808788317
0.0018861148424748047;0.0015698789158339662;0.0014557330449067169;0.0009633144572716074
0.0021894113178567145;0.0016446146572534719;0.005364181647005083;-0.003954512506342062
0.0029176446948747485;0.0014005932171570572;0.00847876579930522;-0.007237539130038874
0.00400164168156188;0.001151985490277857;0.00983819154098575;-0.008926350891311323
0.004893609284166469;0.0010149939633948431;0.01009081186025474;-0.00957747305117621
0.00470261596548424;0.0007247216038395678;0.010814342388127948;-0.009247551289668358
0.0026031739827597216;-0.0003844634807824712;0.012945996511965516;-0.007022131754105054
-0.0015086561586408888;-0.002863743740228111;0.015557600049145855;-0.002093284650360221
-0.00643676816560397;-0.006239083266580235;0.01614482828140517;0.004287236077081534
-0.009760218319052024;-0.008663706774920297;0.012456835766505529;0.008374448866032258
-0.008901238535145857;-0.00796622927834926;0.004559799756517594;0.006518737831358296
-0.0027800783805251948;-0.0035247565224450976;-0.004605373903231066;-0.001112448413980791
0.007025821428441032;0.002793596004267917;-0.010912474041982544;-0.009587701066310975
0.016615360573616674;0.007784933913413248;-0.011883108007242448;-0.012629406358871505
0.02165375932397234;0.009335073437028047;-0.008407420761316899;-0.007589582623890085
0.019784274372062594;0.00800430933386849;-0.003850653022391421;0.002400765886750488
0.012082395369665497;0.00639277620590392;-0.0012432658026182335;0.010763698346250293
0.0025925467470600348;0.006915768416849488;-0.0009509199279455717;0.012074113029922335
-0.0038435853824877715;0.009930542214215434;-0.0008174380101013007;0.005317281438795091
-0.00417210713672346;0.01369172183484256;0.0014058534139203263;-0.006146634721186936
0.0014302921550611066;0.01601542325345269;0.005537391140515371;-0.017158780380529433
0.010030744004225054;0.01618861171816717;0.008578290319479744;-0.0236517301056148
0.017817674712994738;0.01551103258332654;0.00677956154845585;-0.024128836182600987
0.022006622495961844;0.01601471467176756;-0.0015236177958940194;-0.0195001355328162
0.021623297682472332;0.01852655598718002;-0.014374179554400287;-0.012065053300183058
0.017103569401647006;0.021843895186320777;-0.02688345587693988;-0.004440375765068271
0.009566131343452982;0.023695581072840213;-0.03368942279136551;0.0012545939948219844
0.0004846045347246705;0.022488996074060175;-0.031786445723606026;0.003932587990674547
-0.008345062937198541;0.018314037299602497;-0.022056365013775846;0.0037321767249702295
-0.015059031141302155;0.012607494691428498;-0.008571145279670107;0.0017694004651111629
-0.01831531701160174;0.007078681216536824;0.003747115284493635;-0.0004883388811119509
-0.017808261909664877;0.0028312455908461763;0.011493244167070944;-0.0019263700743965418
-0.014309509881654168;0.0001212672750970826;0.013870544202473458;-0.0022066336926406718
-0.009242740476233259;-0.0013932734391093333;0.012301877824270648;-0.0017330548327548075
-0.004106627446539478;-0.002263941181704998;0.009193914910988218;-0.0012425986251652437
-5.668031335043978e-05;-0.0029626818306236233;0.00665792952702994;-0.0012732746251830859
0.0022472470954693867;-0.003741456233241697;0.0057147837738456405;-0.0017874523337982836
0.002624503748442184;-0.0045907472419772525;0.006149339728787409;-0.0021589785533379182
0.0013464558542495152;-0.005262016006568299;0.006928100015961465;-0.0015862272751289942
-0.0008490055660860385;-0.005373258085980414;0.006952559592681309;0.00023454708578117612
-0.0028215285252661203;-0.0046166669912212025;0.005806824109504285;0.002592579642286885
-0.0033582724850906628;-0.0030037392535009052;0.0040843699207374524;0.0039030081085978273
-0.0017843930045325323;-0.0009833851955809946;0.0030190679292146473;0.002671816268098028
0.0014834314624588576;0.0007293207535933946;0.0036057261878289647;-0.0012697314712285606
0.004969226263032166;0.0016028544361403828;0.005873709328059062;-0.006323948082307626
0.006958748180684393;0.0017355242869106031;0.008917140514767911;-0.010079354498447584
0.006618634455253536;0.0018802224421458726;0.011604454631437696;-0.010988810820186826
0.004546303013346377;0.0028602911025114425;0.013277574928333702;-0.00931257425557273
0.0022899747310259574;0.004725077243314889;0.013886125708289966;-0.006538652380753912
0.0012213491307520822;0.006376197344553153;0.013675557778801688;-0.003999014697937636
0.0016374955620623924;0.006147010766779476;0.012922674298937816;-0.0021011169323269757
0.002705973306422102;0.0030254238191825067;0.011912447575583757;-0.000745088721972516
0.0031478024249070647;-0.002421638219196554;0.010913257483045532;-0.00012217753498707908
0.0020317613311397796;-0.008206064786560016;0.009973509410843058;-0.0007587583786201187
-0.0008658850735916496;-0.012099304308471335;0.008785571345889002;-0.002680953557382348
-0.005179182198216935;-0.012968395637485086;0.006970240422354058;-0.004701296686554308
-0.01020038260056972;-0.011291688240935358;0.004663625304829165;-0.004802258556742272
-0.014970333893039613;-0.00853272311590396;0.0027697570762582695;-0.0015141419126278564
-0.01827864774655961;-0.005928431107957337;0.002384245631388247;0.004751902106495482
-0.018865659496156522;-0.0036780652221090303;0.0037094243393543855;0.011444249795483615
-0.01595690972762842;-0.0011761466986305745;0.005494388358272686;0.015014869258114438
-0.00986862157457524;0.0019665254771071665;0.005783230372852926;0.012993968511857724
-0.0022092289264618774;0.005130147281764403;0.0035145473203613675;0.005861301667191826
0.00458880190828964;0.006999103902796049;-0.000490088984992947;-0.0026326448705331243
0.008215627708291673;0.006773621496298312;-0.004078307824863722;-0.007302931880995505
0.007419284406838074;0.005079393915447128;-0.005245119989419322;-0.0046551266277826756
0.0025188396776344275;0.0036056704010634156;-0.0032484026966692553;0.004621027036396033
-0.004628526940667606;0.0037315342736698896;0.0011641545166441462;0.015494069786165018
-0.01115119455897403;0.005287140392662276;0.006110167901107717;0.02118628677584322
-0.014112380522371612;0.0063884366737117755;0.009266198303617159;0.017251738851358465
-0.011738637071219344;0.004485949368953921;0.0088981817270449;0.004655561122030802
-0.004467245201506022;-0.0018865605056565822;0.004855060475939443;-0.010366547244070878
0.004900089492238578;-0.011627924200632678;-0.001239028932677078;-0.019936771276101037
0.012335671833357197;-0.02111383499165431;-0.006880660559550426;-0.019457325145536487
0.014564089652768147;-0.026456414441699393;-0.010035188745886674;-0.010478067121964555
0.010756037822455128;-0.02666488189220744;-0.010023680355273226;0.0006022245457745976
0.0029355013071459437;-0.024644639951855778;-0.007542219248488404;0.007098479876770024
-0.0050975124811494825;-0.02434883661174493;-0.004013346298800909;0.006436498669980197
-0.009659121514116943;-0.026535988899439793;-0.0007810663815344538;0.001165035392255794
-0.008845016632775853;-0.027726241714442844;0.0013541041940311424;-0.003772322111177231
-0.0031928157263089586;-0.02372325748714694;0.0021141492838695434;-0.004934394818570386
0.00477757047870603;-0.013921353280618706;0.0015189268854941072;-0.0023823390968639607
0.011714030487436687;-0.0019255483368867733;-0.00020156565037607432;0.0012970570022356842
0.014731647799576931;0.007599006548253026;-0.0025455874139401822;0.0035666282784321012
0.01251131440146793;0.012217550786959028;-0.004775945464830431;0.0038042013278620636
0.005889612602981589;0.012419718764416679;-0.006182878659522675;0.003176172890063479
-0.002457762336350114;0.010177286927806443;-0.006400905287380941;0.0030858418827174306
-0.009293299407432839;0.007300029430168117;-0.005524027000095143;0.0038438295780222095
-0.012348293541976413;0.0046705922428316405;-0.003953086724489678;0.004704321190889687
-0.01114602360535472;0.0022847472531112964;-0.0020904935610911784;0.004924351435018554
-0.006822895278839046;-0.0002550460443754027;-7.119495267404391e-05;0.004555612736273442
-0.0014021998119441057;-0.0030597758268372894;0.0022355284556509953;0.004179736221582069
0.0029823727101315465;-0.005463167999313117;0.00484222403150001;0.004054815848399608
0.00478154098664805;-0.006140081980535161;0.007175416513031181;0.003710559105867929
0.003611172661526307;-0.003897933166851475;0.00809297117605653;0.0024064486122782596
0.0004700323411994629;0.0013228722184249365;0.006568429172924429;-8.353546291476805e-05
-0.0027061460584863386;0.007941383985336224;0.0025059419916617027;-0.0031285351697018715
-0.004074567494449702;0.013198118962483999;-0.0030182920722843206;-0.005556977448772012
-0.0029256095252432877;0.014496324687679718;-0.00826023027516258;-0.0062605092834876275
-5.371658341438608e-05;0.010895535936546026;-0.011668843231787194;-0.004671377364432435
0.002824892409802094;0.0037614567106921985;-0.012538467348345399;-0.0010161141098841914
0.004268095964604596;-0.003969498732578744;-0.011045088230735203;0.0036141903785570414
0.0041010318542575;-0.009496028700999392;-0.0077309136006211525;0.007494176341249726
0.003432512542715768;-0.01170376804676721;-0.0030730161628863017;0.008960315931999247
0.0036235280059413637;-0.011530814956334193;0.0022682428266457854;0.007371784269579035
0.0050414995716447164;-0.010902387977496016;0.006873644796773364;0.0036330129470786517
0.006694363557822783;-0.010963774076253272;0.008772497429159316;-0.00036571041226933287
0.0070864565456997585;-0.010944363623360978;0.0067970809518047804;-0.0031099375297489644
0.005523215292414486;-0.0087181879403253;0.001874711818632276;-0.004382619830844138
0.0027157528166762207;-0.0028588404769006068;-0.0032417432047268913;-0.004822209864022532
0.0002538681899305112;0.005486251408717689;-0.0057621755276341755;-0.004767416826614291
-0.0004897124907481316;0.012783597187865868;-0.004609289738935843;-0.003951853825021713
0.0008219815602608714;0.01555028270688089;-0.000793148709625804;-0.0024327506987495756
0.0033524789496020956;0.01303206055778463;0.003508565262736252;-0.0012833405837033172
0.005564548060315785;0.00772598397343438;0.006178791364246278;-0.0016985128682374597
0.0060431739478438995;0.003322332451334774;0.0059716498649459125;-0.0033257249611429248
0.004291374785636889;0.001965536508397116;0.0028130704911977144;-0.0039773115589647945
0.0010363786140452104;0.0031185004150106354;-0.0023016976324562225;-0.0014872951225987756
-0.0022052089779158656;0.004647950735198116;-0.0077916961137249425;0.004018617764252795
-0.00404614794625339;0.0048520472576704925;-0.01217988950291796;0.009767321418080323
-0.003995565990699602;0.0036578925788407334;-0.014546286132372063;0.012323447976714846
-0.002564772248535715;0.0022239222956562756;-0.014482576338493862;0.010140165227769678
-0.0007488668396584145;0.0016128563059427115;-0.01185764020646711;0.004559095768739703
0.0005963002643407908;0.0018661105243755354;-0.006903456572026682;-0.0013322695836472194
0.0010031268074633369;0.0022409290647337414;-0.0006060417201949932;-0.004829677458799559
0.0002822689186637992;0.002168193435158195;0.005212891076614982;-0.005072693800043157
-0.0015775636524996725;0.0018571594351920182;0.008584257051430755;-0.0030325788010345197
-0.004307105052065202;0.001992965501674933;0.008500745353460506;-0.0004269483406364876
-0.007246384227183422;0.0029545144159539368;0.0055562462189502684;0.0014548009826933815
-0.009490370942277374;0.004363095259895102;0.0015718057440830481;0.0022721876511685897
-0.010274064496376686;0.005339177567670108;-0.0015024665359263392;0.002390333537627586
-0.009336443114638547;0.005201230247168376;-0.0026448067628489402;0.002260100221052004
-0.007027158933832993;0.004048381269405185;-0.0021871799914689807;0.001929972461204028
-0.004120867238955858;0.002809387702179862;-0.001480189401202625;0.0010086185541126084
-0.0014857628232847453;0.002703362810178562;-0.002032001555456811;-0.0009146362664409659
0.00020570027940238592;0.004411709889385666;-0.004531740274999268;-0.0036690739704622337
0.0006334369637242607;0.007459601690346386;-0.00822664996170909;-0.006166831761029212
-0.00011507595368643065;0.010268895025473717;-0.011075996908771058;-0.006739186996488053
-0.0015494875189045955;0.011006887702268781;-0.010838330622022267;-0.004209599930975873
-0.002900103167375453;0.008780491187680168;-0.006658186712916641;0.0008602642440357552
-0.0034430255571961874;0.0043232479211309325;-6.710947629855056e-05;0.00583439543494709
-0.0029165374858858045;-0.0003972463648631183;0.005644751213250841;0.007338823258265645
-0.001703968145381866;-0.0033751691426564864;0.007554432938814207;0.0036709215230978924
-0.0005638855375593079;-0.0036869506580356815;0.005170668309477943;-0.003600166576238888
-8.785994929915716e-05;-0.0018500983423701714;0.0007586793317230911;-0.01040547349814227
-0.0003309658588353607;0.0006331686269997366;-0.0022962602181641504;-0.012965437210204905
-0.0008895421383332416;0.002155022478888959;-0.0017280489800657096;-0.01045945624956846
-0.0012745434231224032;0.001787396103667541;0.002414333092871924;-0.005449963594055682
-0.001198969363662497;-0.00045132181008114336;0.008255375749395843;-0.001760951806934892
-0.0005959019824750193;-0.0039021188258599776;0.013595597839774662;-0.0015929074693567782
0.00045772876566551945;-0.00771515304538291;0.01713295055817561;-0.004183225511021346
0.001687175129665071;-0.010989746762231058;0.01859248050170743;-0.00686456443447847
0.002527276784109745;-0.012702808496635062;0.018075088942511135;-0.007351678551537887
0.002294888867692236;-0.011915261274369062;0.01560111781684814;-0.005328313127590076
0.0006790924758187302;-0.008372774331017671;0.011374118437801912;-0.0023208096514116283
-0.0018356749406608088;-0.002950681570552145;0.0062847492123114055;-0.0003071923776686926
-0.004062579482423195;0.0026292992056191813;0.001823045068076833;-0.00027398099467506123
-0.004754143094022619;0.006688742288991917;-0.0007418020188969691;-0.0016873248584909043
-0.003364436494064857;0.008409906109605667;-0.0012159921122624772;-0.003060931554246241
-0.0004025714281910556;0.008037253414535867;-0.0006051013350724649;-0.0030966736354907645
0.0028739372212755808;0.006438246881184755;-0.0003603088771351794;-0.0016023641810266461
0.005233129794921668;0.004382069670870046;-0.0012831885323306414;0.00041153864196091436
0.006167697070991157;0.0019820902399446247;-0.002932858320297483;0.0015520872859100133
0.0060067907883981485;-0.0013586761285945912;-0.004076228687327763;0.0012941057126382347
0.005421437025634078;-0.006363643888253278;-0.003853844729983718;0.0007558420359576976
0.0048432845997169105;-0.012860073129667126;-0.002558984718924485;0.002158861900865425
0.004316940882044259;-0.018997691318106278;-0.0011799677153407253;0.0069751861946618235
0.0037920154988672194;-0.02163981799215887;-0.00015471920850919062;0.014089787691624752
0.003440113429713693;-0.01822966811649294;0.0012312319864507028;0.01982618475277906
0.0036305125563474102;-0.008999058880617476;0.004002879147033247;0.020328697900838237
0.0045602125531935015;0.0024503805228444715;0.008066896008200366;0.014547918097705184
0.005887007989255341;0.011086795262378863;0.011771499199848993;0.005306200237258713
0.006784754840181013;0.013600693797706337;0.012966129038321852;-0.002504285723076203
0.006508817984552152;0.010370238696043452;0.010566367820405008;-0.0052104614886942825
0.005065340108998964;0.004830133721314241;0.005333062807397031;-0.0026682695757349086
0.0033815383821224304;0.000814465522488988;-0.0005546099977273521;0.0020686465699778895
0.002702264681318492;-0.00015351397169778935;-0.004688865399180258;0.005340539750074438
0.0035696447917014013;0.00033691853186425746;-0.005689738387035589;0.005565223650902378
0.005173318084740306;-0.0007716272190728587;-0.003931219888594699;0.0038852353982528364
0.0056816452618805744;-0.005268067499662598;-0.0013347964197336017;0.002586495765308226
0.0034488747926486292;-0.012042788806821586;-0.0002271296522924824;0.0030251983853870866
-0.0017223082305062648;-0.017804883468555965;-0.0018814290540380574;0.004848325587029199
-0.008212395054819757;-0.019450441326557644;-0.0057320343007453475;0.0067230244884248554
-0.013436520902525206;-0.016129532244969918;-0.00981342722123789;0.007462228432500291
-0.01533268750636185;-0.009498273056634973;-0.011987517082195753;0.006539076762301114
-0.013464004832252515;-0.0022603367836128447;-0.011004948928368914;0.003947745580557828
-0.009066698738567865;0.0036104726343201767;-0.006897859014249775;-2.5524854473021112e-05
-0.004158299776144447;0.007627533183075792;-0.0009075517860307539;-0.004724466733351151
-0.0003851724981367854;0.010270763611399447;0.004804246441218606;-0.008886671901573702
0.0017265695480096247;0.011969954311757385;0.007839182360454904;-0.01079771167743405
0.002842236602864123;0.01256607317502796;0.006760541721779199;-0.009204639556095177
0.004246325926880327;0.011588563385430498;0.00217370814215953;-0.004516040395274559
0.006824385602096137;0.008916229367330952;-0.0033815524393629236;0.0009375137237175514
0.010085292738954461;0.005166865336435447;-0.007037485658901537;0.004332641372695015
0.012008656292405013;0.0015521371574867147;-0.007587914343098583;0.004535427136949018
0.010228765504198135;-0.0005912174942552359;-0.0061526548284223555;0.0029654885648258975
0.004034004168913342;-0.000326119262893711;-0.004873533057293292;0.002115045166834658
-0.004363817360005869;0.0023577659020635883;-0.004851483889584672;0.003120107507152653
-0.010691782950152162;0.006146034221183269;-0.005299223590965936;0.004909084269667917
-0.011405239021482447;0.008658373717472535;-0.004621640562182981;0.005820345370225005
-0.006389303651402692;0.007827765954498798;-0.0021279603870462157;0.005837457540608458
0.0006679738489888217;0.003836901159249135;0.0014147354689514095;0.00681797864374909
0.004724153208120779;-9.871309165373705e-05;0.004662638750071336;0.01027754515054071
0.0029347101325384525;0.00048337208859255834;0.0067080937679346395;0.015078294412634466
-0.0032437887465967146;0.00761784656715524;0.007141049640185094;0.0176581321701547
-0.008887556036435061;0.018181978366947463;0.005539925398583667;0.014862982630676516
-0.008819573391396707;0.024879531242759788;0.0014787893119230172;0.0067688477253875935
-0.0010663565686323255;0.0210252109503539;-0.004703244742443647;-0.0030990843717102626
0.011674807962341497;0.005914176282018496;-0.011327060479040764;-0.01024127105116854
0.02342857021289551;-0.013620858214652701;-0.015971942691650975;-0.01220664709963207
0.028268919977048904;-0.027434812816678988;-0.016956404603695803;-0.010000706641278514
0.023572325101409573;-0.02924230832917771;-0.014318227597046913;-0.007208663399652219
0.01133736365746659;-0.020809586540078466;-0.009371478820389008;-0.0075027686595876
-0.0030614115852762593;-0.009561537859782964;-0.003479706587679049;-0.01196028904170753
-0.01376910998810187;-0.0021423844540452977;0.0025190421111278925;-0.017993922029018276
-0.017252506147156395;-2.6691236897829785e-05;0.0077696306528186885;-0.02104225662220178
-0.01362082475151688;-0.0004164970634122346;0.010788681529966879;-0.018049215273240878
-0.0061052783529131965;-6.23062222886782e-05;0.009947093901005349;-0.009895256163689829
0.0007594985575125155;0.0022572325841645944;0.004809953485506915;-0.0007100188072631818
0.0033155525592331266;0.005969547779288259;-0.003015991734398855;0.0051381264559608834
0.00042709723196016113;0.009921648419616534;-0.010444803906846968;0.005758594760780589
-0.006084669991898555;0.012934666647588808;-0.014506496949948834;0.00235933793271676
-0.012511729926127032;0.013889223817117415;-0.013847537881160383;-0.0020736947112371586
-0.015376393251248167;0.012126008582226979;-0.00926223369526546;-0.004742887253928323
-0.013335352295443133;0.008021518236464693;-0.003106998360591228;-0.004422670229288389
-0.007663679961615721;0.0029924235047940565;0.00194146514376575;-0.0017149452003523981
-0.0011899501797298401;-0.001253280343469957;0.004085377225222474;0.0016512493461043882
0.0033849816425609324;-0.003616665386236969;0.0030260514321378603;0.003893017766642631
0.004710399193977382;-0.004009700888619346;-0.0001378266904921023;0.004035451491052821
0.003063292816064182;-0.0031200122317678936;-0.0035392735747052286;0.0022408909231069556
-0.0001625086421710001;-0.0018435010962890561;-0.00538136370645741;-0.0004173116544995617
-0.0032869723897286985;-0.00078560074078214;-0.00469413591473975;-0.0025605868484757936
-0.00504643947416452;-6.767318983550626e-05;-0.0017706170845029237;-0.0032241932527579025
-0.0049234977062743105;0.0005575735219717159;0.0019102503090394254;-0.0023999826647484236
-0.0030996840855883434;0.0014306083097041739;0.004335596100877713;-0.0011400986054981267
-0.00020576731763438219;0.0027187655523922215;0.003970102508362003;-0.001068087192035432
0.0029141064174290758;0.0042623618322892515;0.0006250822831288334;-0.0033832241666533584
0.00533863761584744;0.00557083643731721;-0.004326765895670852;-0.0077924450921406435
0.006218251954729329;0.005974875969159792;-0.00854472929262185;-0.01208736711743324
0.005087317642306005;0.0049046647878888015;-0.009825588329975406;-0.01298856517880367
0.0022572895855478003;0.0021936573860860454;-0.007200787283496804;-0.008188181223241869
-0.0010836192513682095;-0.0017537141010859182;-0.0015215872291948528;0.001516578201199958
-0.003399260390150079;-0.006052006079116814;0.004801831829232143;0.011692876497979704
-0.0037982536401071263;-0.009643442609231173;0.008864055198730878;0.016366085184015854
-0.0027593054943313624;-0.01163841486220657;0.008616875970079065;0.011888134437246121
-0.0018499372991493998;-0.011532899624846221;0.003860456581951489;-4.525415956742009e-05
-0.0024595568437186873;-0.009326123083440205;-0.003491998965699971;-0.01282653216394175
-0.004516137929844341;-0.005627586979358942;-0.010014600189819024;-0.019082019049351313
-0.006340584477879701;-0.0016493467916206444;-0.012290877856270832;-0.0157172867365136
-0.005878167103941869;0.0011980865988565944;-0.008885250375601613;-0.005901467493207444
-0.0023301999842636825;0.002134825796294754;-0.0014145925780289434;0.0036877381481572277
0.0031229512814846807;0.0017033520676232477;0.006515193293501762;0.007973567973716197
0.007989107811681821;0.001531858743202246;0.011972793544089762;0.006599265064617416
0.009911889863646823;0.003041622189810339;0.01465191469398495;0.002891382171260382
0.007908885546265483;0.006061567252858424;0.016308501571980275;0.000406965282762774
0.0028082994469249187;0.008659568673659641;0.018470830772656092;0.000381295331755674
-0.0031387555803778547;0.008539006241963638;0.020949946005381737;0.0016862665203557197
-0.007188766878228512;0.004902609752409449;0.022509409548940266;0.0024480858370408724
-0.007222490643271299;-0.0008020892328866056;0.022478117102668182;0.0016007824286165368
-0.00266636816519091;-0.005829949964299916;0.02127013759635042;-0.0006393642622290623
0.005154553723556638;-0.00788073041991595;0.019447873136639558;-0.0032902897391678338
0.013456272307665725;-0.00629003862106879;0.016752815195258265;-0.005390802409921579
0.019125160158754036;-0.002089405373846669;0.012341049059019584;-0.006443226831335695
0.020062187128069175;0.002728634497870406;0.005938049272189685;-0.006428464926531691
0.016081463986056425;0.006135279152262831;-0.0013081844922689938;-0.005634089802877575
0.00888316354563868;0.006793831709797648;-0.0071232164314982685;-0.004452545531778725
0.0011312205608088822;0.004450737937672167;-0.00941657204921912;-0.0031828724099046014
-0.0048123462209471385;-5.6672626719567514e-05;-0.0077068856229270495;-0.0019129853954377677
-0.0077845985176992925;-0.00517683877774823;-0.0035924436922984923;-0.0005691813018900667
-0.007935324226122666;-0.009290944134527251;0.00024274157374270765;0.0008980068907894341
-0.006170431985001688;-0.01136370465351601;0.001903493019798385;0.002307727085266363
-0.0034451513305629555;-0.011283351741440423;0.0016003679828056974;0.0031423266008415887
-0.00043624673637588507;-0.009720380987811738;0.0012494320438827338;0.002678025292621558
0.00228394978004698;-0.0076032815633436225;0.0026020075971666195;0.00045358525653815644
0.003958853957014521;-0.005524572504772735;0.005493834305226403;-0.0031117740439859003
0.0037847830068769607;-0.00342862888844997;0.0077958016053418285;-0.006538158448968186
0.0015826629274900542;-0.0008085895867570647;0.007217628601718206;-0.00802735027930597
-0.0015884976479655763;0.0026085554360882205;0.0034724465944775394;-0.006730924120576839
-0.0037113928731769895;0.006078562988229224;-0.0011197965227719678;-0.0033296946435547705
-0.003149457876470664;0.007671039609149418;-0.0032656319967317;0.0008095124123803484
-9.884672296890689e-05;0.005270141457992493;-0.0012897472105217365;0.005027442886063869
0.0032271819011082713;-0.001605397439188009;0.003518311179136551;0.009597699200584611
0.004153773520178668;-0.010611948997535528;0.007929968539685844;0.01436734634943943
0.001711429713662199;-0.017516833136848806;0.009151626721179924;0.017588350032830255
-0.0024562610221335354;-0.01912064165006218;0.006436675713759394;0.016943515422238545
-0.005314672900152748;-0.015894810413895517;0.0008936513011144789;0.01219088005699724
-0.004811799416904907;-0.011734205370018022;-0.005648015453393896;0.006350482695062626
-0.0014913240329568042;-0.01061691810547357;-0.011311217625229032;0.0034137684952140427
0.0018629266780264507;-0.013030341501951691;-0.01419979564841131;0.004498126917470154
0.0022189470808123926;-0.015492569920317827;-0.01277718388373655;0.00654921388667657
-0.0015424606502711167;-0.013618532991584748;-0.007096573894204779;0.005206501683017221
-0.007771584479012093;-0.005897405836220522;0.0001369221897332623;-0.0009832177711958092
-0.012945683749373124;0.0050436214421683565;0.004222104174741949;-0.009166866693889395
-0.013585526008951885;0.014421847727548806;0.0010867667081920884;-0.014750443503407273
-0.008089918821086183;0.018573976885292987;-0.009775806550996866;-0.015212015691006197
0.002201085833516871;0.016900473194998135;-0.024370477621395027;-0.01160412636018664
0.01304049297450899;0.011355115147517367;-0.03624200963547684;-0.0067543386626762614
0.01869734338520634;0.004527526429743161;-0.040190783739803594;-0.0023587674688946717
0.014693872557018898;-0.0017428392379358064;-0.03506958001457715;0.0020465200659782047
0.0007289794758704997;-0.006408671305438629;-0.02389383898907991;0.007436019983462655
-0.018211486678583834;-0.008815748000697031;-0.01163483261227266;0.013025365460405421
-0.033924432737727835;-0.008965947686015977;-0.002551551372146265;0.016082671090529882
-0.03939543192247948;-0.008073107119755937;0.0013433119147665629;0.014354668102537526
-0.03270778784327233;-0.008020633009567448;0.0003676466910352288;0.008807590377770638
-0.017835634355911456;-0.00945478768377752;-0.0035956990770323848;0.003660550550203535
-0.0019907131790949614;-0.01038293782586708;-0.008057516406203056;0.003039019392419935
0.008503556920126125;-0.007395575801554445;-0.010751619598148564;0.007051297662555808
0.011201695205909263;0.0010281678131560904;-0.010252376438242972;0.011223547415280824
0.007888358967805502;0.012425141635532651;-0.006344902946123307;0.01038769593220212
0.00265248110394459;0.02189675135925908;-6.663532169778072e-06;0.003673599178952878
-0.0006595784596260196;0.02580533787531802;0.00720029575471831;-0.004257257498728136
-7.646295408839226e-05;0.023889021042869562;0.014143308889608096;-0.007187158758857287
0.004185365127241136;0.018224363428151275;0.020665429117736556;-0.0028414753654264534
0.010231390895480537;0.0109995818475695;0.02687069882540999;0.0052662194186300065
0.01529976481828557;0.003617870778909502;0.03177232682267796;0.011091738128742729
0.016780994576743754;-0.0027263449609354483;0.033127825132571904;0.011000704964983286
0.013464020550049262;-0.006604711957590188;0.02922955883357216;0.005968826000087862
0.006535579394122817;-0.0069425900196531595;0.02097050712634846;-0.00017215007005704947
-0.0006104728651974451;-0.003997387927094244;0.011823139542115063;-0.004115465906346429
-0.004179425147872406;0.00032844446674738635;0.005474973930054976;-0.005064770791645833
-0.0024097647449274314;0.0032511710187205943;0.003251718615231624;-0.004230668704294979
0.0031913950139864367;0.002609158400226228;0.0035584263065308827;-0.0030510629523736806
0.008813515958759247;-0.001716398013366723;0.003580183033078985;-0.002081549722965174
0.010778618419928596;-0.007459868205110209;0.0015480770967593622;-0.0013340992425607489
0.0077244205964749875;-0.011232871428958378;-0.002288319939286889;-0.0011453760635010339
0.0012275232162078937;-0.010741605004303661;-0.006377309944674799;-0.0022087783070985807
-0.0052757324361421415;-0.00636286517237568;-0.0091929329257533;-0.004588042927176308
-0.008459787653432395;-0.0008478902327239555;-0.009976348262741233;-0.006897012567865679
-0.006847203292955442;0.002582948599236798;-0.008686615407149384;-0.006768023994911281
-0.0014437487984963404;0.0022794715418343364;-0.0057370271809960545;-0.002403007295637233
0.004976049543023729;-0.0010443916086780947;-0.0019308714690489041;0.005990191094681344
0.009422140953781678;-0.005075399548395425;0.0015425981183769975;0.01583647856365145
0.01008299935640076;-0.007491630734461741;0.0033538121292431815;0.023082383689738886
0.006790912053554938;-0.00724150587091757;0.0025608041849005526;0.024015487617284947
0.000619867133730932;-0.004734937934338432;-0.0008469725700343936;0.017337977974270117
-0.00670569927939372;-0.0010626618314688162;-0.005751533567865538;0.005354732927149649
-0.013132666492289386;0.002893188918861641;-0.010208421925234433;-0.00680309771874403
-0.0165481995183766;0.006706184314503806;-0.012116335210937287;-0.01387567928137211
-0.015440325701455258;0.010102398656985895;-0.0101093260992151;-0.013531719256159452
-0.009851965696213166;0.012778523692217242;-0.004485339752241004;-0.00759852067718475
-0.0018344227786551242;0.01467436053515569;0.0024983032401396897;-0.0003904774518835484
0.005346251142243735;0.016303140065035686;0.007776600417347646;0.004514014485431209
0.009011456754122234;0.018566495033273;0.009679897219502052;0.006139933959229732
0.008601700897359817;0.022001958497891418;0.009249624525429474;0.005146510685527805
0.0057204215946207865;0.02601214632975062;0.009155998833704422;0.0017697361477619063
0.0027285202548791875;0.028781278275684104;0.011175160451681238;-0.004426740940281901
0.0011398515910304352;0.028180050523023234;0.014754783804079432;-0.012660187531448042
0.001028022909635465;0.023196345875765363;0.0178299197478358;-0.019670179130535592
0.0015591325393337178;0.014865470225659814;0.01857016481372939;-0.02140559011227074
0.0018624038286302164;0.005911301792970424;0.016233209062679114;-0.016386222472873777
0.0015167673115200862;-0.0007189267210642963;0.010909387899247188;-0.007299822069489466
0.0005674556546408642;-0.0033933422454473826;0.0031989554564015796;0.0007827758888186373
-0.0006223110030133493;-0.0024177879845925896;-0.005624702864430689;0.003860318387134231
-0.0015009684249865942;0.00046293748421506037;-0.01351588873347023;0.0012754039907645204
-0.0015172495192702147;0.003154136433813665;-0.018290482343620088;-0.004484806778104281
-0.00042841548962820573;0.004182615432422579;-0.018776678008853624;-0.009708298104827215
0.0014558244357352618;0.0031326961716601743;-0.015567275227552113;-0.011544718108730688
0.003359551877822973;0.0005346342213437457;-0.01072277286272581;-0.009163944145436089
0.004477091812109392;-0.0025673912921914295;-0.006626267013575361;-0.003748663846489297
0.004472316875473993;-0.0051221076234095764;-0.00475948135367906;0.0023217416293419804
0.003697069721796327;-0.006476727937125054;-0.005072524142694759;0.006563468084537839
0.0029804559197827043;-0.0065601849337092;-0.006172957760324436;0.00733330613698766
0.003086331589023992;-0.005787342281855089;-0.006201370056529571;0.0043975894427543145
0.0041161664807350925;-0.004736114509952119;-0.004038292261227585;-0.000980593501367066
0.0052435051234263836;-0.0037654242812013507;-0.00023037419933897354;-0.0065246639988801826
0.005110814260504136;-0.0027985884718078414;0.0031057662361783263;-0.010002904322601971
0.0028293249506032583;-0.0014480920606068693;0.003659489728107829;-0.010483667809362614
-0.0010787120265428672;0.0005165458860645443;0.0007535513804212729;-0.00891093084479453
-0.004678578986074968;0.0026346561220769527;-0.0039045915940262525;-0.0072482890264784
-0.005812019779370545;0.0036642629340498992;-0.007379104999375622;-0.006611955796300897
-0.0036484686819842735;0.0023156057712347563;-0.0077129953322791645;-0.006093219055053161
0.0006703912949673726;-0.0014973570351263844;-0.005322535257413689;-0.003667768456421181
0.004836472313320847;-0.005975879809627558;-0.0024717956898368774;0.00149429212269436
0.006965431999580165;-0.008321277543884975;-0.0014402912084572044;0.007691788604232133
0.006721464688718915;-0.006880260869084124;-0.0029630784184380447;0.011857854858834943
0.005190857345092549;-0.002837915586690773;-0.006020365352688966;0.01213088211445665
0.0037443239146916635;0.0002157345677465186;-0.008849158007048151;0.00926211518882411
0.002866317979151736;-0.001183279121855169;-0.010244498157982871;0.0055931873133037375
0.0018456919829119192;-0.007639716833566286;-0.010223258957132582;0.0028661320470721647
-0.0005235839894127091;-0.016161074723173022;-0.009699539806878583;0.0011029317800025974
-0.004850217537444334;-0.022059017766365867;-0.009547879487950911;-0.000613885273028381
-0.010494640091745982;-0.022053974070507663;-0.00986527487106321;-0.002659180793771171
-0.01575528085449237;-0.016261913421598773;-0.010017578187170454;-0.004403633176502163
-0.01865631594938026;-0.007746870950913328;-0.00930546678668048;-0.005147478107769594
-0.017824957433630228;-0.00028950470096159774;-0.007548955056414327;-0.005190112488097934
-0.013072252242522831;0.003780292053158592;-0.00512593964416067;-0.005681210513722479
-0.005502401590892457;0.004299578776803985;-0.0026436323995802594;-0.0073791317972327726
0.0028620893190677028;0.002556632068809752;-0.0006537493186748935;-0.009691926092866945
0.009786564296090353;0.00012188966649390585;0.00048386463235946994;-0.010990773030892981
0.013574000302743566;-0.0019115575586557904;0.0006931490383623997;-0.009812278078352995
0.01355745866017614;-0.003084774527334151;0.00017631772430346201;-0.005843420339242426
0.010174703475144153;-0.00338237708746934;-0.0007991699628630784;-6.36174664534515e-05
0.0046913124831313175;-0.003004063001111385;-0.0021603751060437692;0.005767003907785849
-0.0012300300221406275;-0.0022975079121111794;-0.0040322516591773825;0.009832021479708027
-0.005985538384897894;-0.0018726927533161321;-0.006475582667889898;0.010993279062598643
-0.008470934896033448;-0.0026782388573985154;-0.009277868058980154;0.009438879384788594
-0.008380733183692398;-0.00568904013951137;-0.012002443196171718;0.006876701002220327
-0.006175380775355694;-0.011077184442903398;-0.014136288569793893;0.005741148341840971
-0.002738833630787769;-0.017348461229515198;-0.015109566051148821;0.0074855128950157635
0.0009863234745992697;-0.021446760387383985;-0.014289202460357;0.011178680761761876
0.004166952643050202;-0.02041306520588686;-0.01126721618631163;0.01391656671961967
0.006109772606381249;-0.013705142390959739;-0.006440725570550894;0.01306999514650584
0.006310602062606895;-0.004170784307252522;-0.0013196389145906048;0.008461271195481002
0.004567669530487542;0.0034899028143133095;0.0020305460979490393;0.0025017879482675735
0.0011210652786077465;0.005740536755891079;0.0022531121586452357;-0.0017445687094929383
-0.0032377114813281565;0.002409558703908139;-0.0003017958732097501;-0.002878397862787103
-0.007202379241198688;-0.003451088271124201;-0.003771461146730591;-0.002145359911008234
-0.009283805391205687;-0.007806289845476685;-0.006099419811429074;-0.0025130463675748175
-0.008428708600307592;-0.008357445044864041;-0.0063834041107788085;-0.006483291167483932
-0.0046289500921013384;-0.005793761344477384;-0.005104221925168972;-0.013994056853065465
0.0008993915980976032;-0.0025708615223569748;-0.003138433513044166;-0.02180674706256278
0.006152976194200808;-0.00014625674716870236;-0.0006578100177943775;-0.025049157326993626
0.009162619759224718;0.0028026388480729587;0.0028879717272235193;-0.020266544534111704
0.008759155887729589;0.009132971154317921;0.007704900025908127;-0.00815110531044443
0.004984381893961005;0.01972236577759008;0.012702205299001252;0.005997818376816856
-0.0008891049472288943;0.031182512346938415;0.01578118475551935;0.01484971691702871
-0.006645018660166936;0.03766971798393369;0.015323982862403331;0.013533615063444103
-0.009712767014650603;0.03548611658316012;0.011742886232626447;0.0032802062810175247
-0.008127035065389678;0.025892041144318412;0.007809766569265839;-0.008649724969219464
-0.0016810179232114462;0.01341444994822191;0.007307336891499896;-0.013345676808473166
0.00739034617623548;0.0019194525125007438;0.012712241659893202;-0.006220538830423042
0.014984630336370985;-0.007325668696949398;0.023403619563535732;0.009622007467426445
0.0170849077703127;-0.014455582142851272;0.03569815269080735;0.025100987108866903
0.012132939006568715;-0.019192940685999336;0.04476180416663893;0.030879176043659647
0.0022359213036330697;-0.020797712176794162;0.047065801817712735;0.023271296063108272
-0.007873142386621927;-0.019304909302330742;0.04185047800144691;0.006478598399395363
-0.013614984455235672;-0.016043619304430663;0.031104648408852735;-0.010138842521630607
-0.013102113610491151;-0.012672964363629424;0.018519794383639203;-0.017810451309370017
-0.007629774535209384;-0.009846061297903375;0.00794126798930498;-0.013428803433104562
-0.00012915636548960539;-0.006909663679398327;0.0017390264362273644;-0.0008705013632055243
0.006799834305576889;-0.0028839491102010248;-0.00015632402340379022;0.012027545745410116
0.011766909023043743;0.0022414638597836596;0.00019642625648397152;0.018603533819411922
0.014245898683380082;0.00713222102261984;0.00042131848740452994;0.01709583267222366
0.013948280472801423;0.010092668010987252;-0.0005263884517472666;0.0106576177414835
0.010754380292702944;0.010562034509164608;-0.001967271383026184;0.004198720631432756
0.005192553525721197;0.009650533240405027;-0.002518493085380971;0.0008058664387309298
-0.0011758818030840812;0.009073238745360238;-0.0015558413514918069;0.0003565975188747296
-0.006048488487297807;0.009466362880524102;0.00014579371254056276;0.000765616104010735
-0.007381100850162023;0.009769494521670242;0.001086950331746602;0.0001607174052633929
-0.0045585755073389665;0.00830342546459554;0.0003153667378675872;-0.0019386661658504377
0.0010174862642555354;0.0044991910200647195;-0.0019223236139910718;-0.004864037154963135
0.0064408834741742855;-0.0003316636984242465;-0.004621791029644029;-0.007555605077343374
0.00881982959252341;-0.0038456863516590604;-0.006909138120731895;-0.009046274831667108
0.006981649302175711;-0.004368293725921427;-0.008479579879336317;-0.008740959084803844
0.0022021514205829004;-0.002018379566761275;-0.009375084273317772;-0.00678242038640631
-0.0026817318448603055;0.0016022829356907016;-0.009565258311489189;-0.004253708411088927
-0.0052465789624831635;0.004760835657175773;-0.008842800449110665;-0.002686862896738945
-0.005123600242106827;0.0067742992685815295;-0.007110704439094892;-0.0029217297040962523
-0.004071852005172799;0.008113671301717366;-0.004669545301350636;-0.004222678017600993
-0.004421467721501972;0.009549349395939212;-0.002055370936236076;-0.004692245233920525
-0.007096201898139618;0.011189145370037129;0.0005126052996612975;-0.002971512184111008
-0.010802543595273637;0.012150515910320325;0.0034524006037670515;0.00027628246482257267
-0.013088931760048326;0.01100327405668862;0.007425328877817337;0.002886162238857315
-0.012443957218338275;0.0066821518483139155;0.012537784339496726;0.0036447097354415517
-0.00966634608024591;-0.0005545029697841915;0.017952881930198547;0.0041677216495619035
-0.007284472649873465;-0.008652154094545967;0.022318437470340312;0.007705537712693953
-0.007446791282214324;-0.014344047085515252;0.024583686955084214;0.015536974577357344
-0.010026033539131347;-0.014855801374761553;0.024449927707338708;0.024599709888069574
-0.012520586126472904;-0.009775798468525285;0.022180744705888752;0.02912896892170629
-0.011859460431315577;-0.0015792038707864772;0.01821602304362289;0.025048661463211427
-0.006688604485984796;0.005879464713983824;0.01317344400967109;0.013141430285828464
0.0016245539233504097;0.009860873541344031;0.008165765064341326;-0.00160786052621258
0.009953447564453292;0.010231140727129683;0.0046864330937587675;-0.013495406659734702
0.015469836509314336;0.008843357614311402;0.0036311514117631006;-0.019287853761135815
0.017207224414328603;0.007581311167699877;0.004183945615917859;-0.018937908207833528
0.01615539893692879;0.006860670701856871;0.0039070398079627785;-0.014179864545560805
0.01412704700950983;0.005717866077610681;0.00046483401608609314;-0.006942880114884291
0.01239963181631916;0.003142392685075929;-0.006260771489206506;0.001042033608425832
0.011056619628780988;-0.0006071988469149933;-0.013603874291443389;0.007797635863894014
0.009314985124751679;-0.003799003153665253;-0.0178705660628384;0.011139668479392876
0.006438933519004688;-0.004318365057786771;-0.01709545403233087;0.009753877443653016
0.0025431719790424646;-0.0012297205136096482;-0.012454250545869674;0.004333325697096379
-0.0012289995819856241;0.004403401780134686;-0.007168647303456185;-0.002607233841229561
-0.0032647854952771124;0.01006840493124484;-0.004010986166414133;-0.008321519019962097
-0.0024829513980716054;0.013258284247090187;-0.003587389454183552;-0.0114226899294383
0.000810760292334043;0.012741139830938542;-0.004550717114573069;-0.012124540841152737
0.00477923337736373;0.008909821351109185;-0.005079195269124559;-0.011215190080397803
0.0067942470296730425;0.003326468450792189;-0.00414371326045569;-0.009010884747976797
0.004743079419070993;-0.00196490826843784;-0.0017366782037023904;-0.005316525441880293
-0.0017183772406178593;-0.005007131625281364;0.0016154474332316015;-0.00028266427388024966
-0.010612031366347056;-0.004460432431245224;0.0052638128921830086;0.004783910987489294
-0.01819239646256295;-0.0002583508481631258;0.00844479313959042;0.007510962516518509
-0.02054172533550184;0.005823083423233901;0.010230517233871281;0.005593195208080413
-0.015539599661019648;0.010358286880544725;0.009864581927368294;-0.0016500453784796193
-0.004155845601168901;0.009803999781379405;0.007397543534858291;-0.012309932692143784
0.009747172836355147;0.0028933366968319045;0.004017150130513225;-0.022346824462319198
0.02107209365922643;-0.007915937591302186;0.0015412101984804154;-0.02747753362481436
0.025732846012377377;-0.017666983449288548;0.0011960338342045895;-0.025469227231372356
0.02237485516022478;-0.02226794408324608;0.002505282367217379;-0.017397568105366346
0.012829204490476961;-0.021077303322019316;0.0032623455250719215;-0.007035300976689535
0.0011984697415472572;-0.016414637980387357;0.000904293434537227;0.0012572660027514277
-0.007957416965775855;-0.011039220606208718;-0.0055120396176183886;0.004832930438346335
-0.011537084651279507;-0.006578918306407131;-0.014229408385607673;0.003897681718117535
-0.009105794913895321;-0.003990267242925816;-0.021598425217483293;0.001004817609984187
-0.0029212492724727964;-0.00425124578785124;-0.024305488098147015;-0.0005304428747316785
0.0031538707039707728;-0.007689872477311957;-0.021444226769497796;0.0015959409212836194
0.005364235400083743;-0.012941419743143164;-0.015109624258186904;0.007358832280522953
0.001770857397500736;-0.017410141077076807;-0.009320106679825543;0.014199158343601805
-0.0067318031921154275;-0.019124416994742686;-0.007931309272158345;0.01848643391059559
-0.016749012252249895;-0.018055682307165283;-0.012521968620909941;0.018004026917735973
-0.0241399541545582;-0.01565553929629778;-0.02131951144897374;0.013487226181681619
-0.02619212694032389;-0.013317086500766682;-0.0299337560823747;0.007817745449399595
-0.022769978503156037;-0.011314859878861994;-0.033689618859523776;0.0036849655841805344
-0.015848667890392163;-0.008996768229715915;-0.03019806177551897;0.0018537020015497454
-0.008105431437937842;-0.005765321756970995;-0.020527950661362534;0.0012656647161388246
-0.0016637273668369218;-0.0018322616499416246;-0.008334036519225558;0.00035615646589781994
0.0024219353696214798;0.0018806083615548175;0.002276015186812963;-0.0018057248748712313
0.004039596139172599;0.004472961016221983;0.00868385396194624;-0.005243694786287254
0.003651317018858832;0.005681100572703643;0.010483978986572063;-0.009346592397311853
0.0019687031189126432;0.0058574217820004625;0.008909011481403053;-0.013118784528627222
-0.00026773827261274537;0.005463542317568814;0.005662065046081089;-0.01529026360537622
-0.0024351638753063384;0.004633338776091262;0.002054709280911511;-0.014559692411043974
-0.0041094381291207314;0.003179888354648499;-0.001133442538100441;-0.010140318266026759
-0.005085684898283477;0.0009469375750610688;-0.0033693141385199663;-0.002382683048249286
-0.005351525949682557;-0.0018854835527620218;-0.004204502883803864;0.007005742576144611
-0.0050090550402674475;-0.004849921982927113;-0.0034346372425144724;0.015497234275840217
-0.004147738745395579;-0.007546707245138951;-0.001336399632302582;0.02089525117884364
-0.0027134989726958695;-0.009887674350242535;0.0013633454696557344;0.022334280459906063
-0.00047054383846815626;-0.011816553815344865;0.003918983831196962;0.02022137611520523
0.0028066665997297474;-0.012676869662475257;0.006132820379269188;0.015151144032783968
0.006880126526064804;-0.011058273462912537;0.008428868119241265;0.0071838435042270565
0.010655455233921364;-0.0057437124557529065;0.011025789963539718;-0.003253433959717728
0.012414635627650801;0.0028295813031094905;0.012792615173765332;-0.013744990967663661
0.0108532103980867;0.012082275800615744;0.011125931466062335;-0.020075380480438523
0.006264651065490889;0.018547597158810398;0.003519565240228004;-0.019135249691895007
0.0008039799343568229;0.019916398477327676;-0.010134580921895717;-0.01198667963190997
-0.002663952548329439;0.01617369646137482;-0.02636709466439133;-0.003606029777334714
-0.0024719854397810175;0.009150791706727113;-0.03923859855868657;0.0009659815575679535
0.0005865631645484348;0.0012865494189507457;-0.04331352736932063;0.0005063169375223663
0.00367263298375158;-0.005298340835422328;-0.03671667241157754;-0.0021103622345864516
0.003804393166336829;-0.009147678780755208;-0.02224759905214986;-0.003137271242971992
-4.502639228611954e-05;-0.009672411397404403;-0.005776583710522548;-0.0012451624260911617
-0.00611612614168165;-0.007414935872392578;0.006947408574918421;0.0020406952929393108
-0.01088632184786309;-0.00398143222796865;0.01298097334868273;0.004381416651701405
-0.0112407201252559;-0.0012795796914641389;0.012904205285104867;0.004640165857005352
-0.0063311291308756675;-0.0004068911385029515;0.009562605944682407;0.0032416073166585246
0.0019955287803790013;-0.001025794305928702;0.005942148322221302;0.00128084770926788
0.010277752363613555;-0.0017309890704282605;0.0035115632956288275;-0.00040071371959576673
0.015242453878920762;-0.0011115842012595896;0.0018592287650174837;-0.0015478977481098936
0.015340541623366333;0.0012992393232282707;-0.00033478464038788695;-0.0023474317068307225
0.011334649391353263;0.004811375611115333;-0.0037527978051275206;-0.0031058720573477368
0.0057468910561179025;0.008089404456698864;-0.007537066888089839;-0.003939042073282955
0.0014960268493149104;0.009886737208444126;-0.009768985452723132;-0.00463013907692878
0.00047297269724407703;0.009533219864773956;-0.008831964615636645;-0.004805991805396921
0.0028068306469070632;0.007063326351319919;-0.004437495178172705;-0.004361389408532665
0.00705641168946447;0.0031084271671038394;0.0023270725281188545;-0.0037045182232105732
0.0109837942199168;-0.001327793690304882;0.009540214203391927;-0.003393401535974555
0.012462803020766588;-0.005131097200274469;0.015004659374919198;-0.003374370904722926
0.010337735110654634;-0.007294798914112015;0.016854504760372722;-0.002714378359994622
0.005107558909124394;-0.007107938599128964;0.014431742813703234;-0.0004367990490328428
-0.0009706431492899589;-0.004453647580498694;0.008974111359684678;0.0031509963659519945
-0.004806537354650869;-0.00020493793631892344;0.003199217749589666;0.00605739893351236
-0.0042076432080286365;0.0037063065951986793;-0.00032002790913263876;0.005835180177819779
0.0006708232095388752;0.005051144508131531;-0.000745266550543249;0.0015197094052670306
0.007253981938102027;0.002722880897138813;0.0008623171177824958;-0.005405859660275384
0.011912040132481328;-0.002247164343631702;0.00278252243403166;-0.011760345077843218
0.011776654840393428;-0.0071277772716361945;0.003949261245735199;-0.014304727750883862
0.005947360678455688;-0.009238560308084095;0.004274943727490302;-0.01097279041893885
-0.004274963068808647;-0.007639334926029097;0.004202436085106523;-0.0013369364913685562
-0.01588127226555334;-0.0034620541298418113;0.004307044900978129;0.013094945602864703
-0.02505570919731241;0.0011111885968616568;0.0052014177172466465;0.028539298091224057
-0.028362537467846602;0.004143328946890197;0.007326800149136263;0.03946862840430384
-0.02406854973221344;0.004609625101946011;0.010411985238004478;0.04091748747617972
-0.013112403342971366;0.002488171296247105;0.013088931013789818;0.031711381242267966
0.0009333102874676693;-0.0011564814770237228;0.013365186784528301;0.016092831197147803
0.013116596799486006;-0.004012662791888583;0.009989826349162585;0.0018266741390566537
0.019045927003341016;-0.0030770286386528622;0.0037852979879019087;-0.004417002680831886
0.01662979528993357;0.003431108386026096;-0.0023060904532017775;-0.0012299549878610786
0.006906929231078338;0.013929325157354086;-0.004892992732115119;0.006919953270511091
-0.006334113118854774;0.02364618901586492;-0.002502331254468716;0.013191520637401876
-0.017970989343305377;0.02793686542242917;0.0031744797666323557;0.013353607040087381
-0.02341910956212627;0.025901332366778624;0.00823192681661644;0.008328471955391919
-0.02029061270524556;0.020628858719584267;0.009044206554928883;0.0024415265724446068
-0.009352787350241058;0.01601056951085837;0.004483343905373931;-0.0006935965908581804
0.0055497119611533025;0.013704539085870777;-0.0035957472776232523;-0.0008916449854674131
0.01879572580778447;0.01304423917638813;-0.011679336142455336;-0.000777634737106519
0.025269503839495756;0.012936093047602524;-0.016616885512582655;-0.0031096502264885842
0.022721444036176302;0.013014895131445289;-0.017000957161651994;-0.008558781495743073
0.012930371508783832;0.01315224863606192;-0.01329867735902455;-0.015259457933002048
0.0008346675512673244;0.012741928541753563;-0.007147083649636284;-0.01988562073523085
-0.008000979943079549;0.011036048120507068;-0.0005639377878963906;-0.01945233147880903
-0.010126426121352537;0.008010180615882306;0.004660656545988951;-0.01305635581687794
-0.005627402169121374;0.004506878249602996;0.007495573203309137;-0.0027600565350199458
0.002370371812281269;0.0014621911090810635;0.007975752172780983;0.007036542949037199
0.009593683354520948;-0.0008528416210003212;0.006972325629884096;0.011739218402636184
0.012761715871047167;-0.0028155965558465303;0.005529572351377463;0.009180968036040855
0.010870223535904763;-0.004838692576785131;0.004268451622198072;0.0010373412034338067
0.00514252402243439;-0.006846525581334239;0.0031925347304490024;-0.008057960055011998
-0.001984439294554471;-0.008269384403187734;0.00189658710283848;-0.013209000397624427
-0.008004132980468535;-0.008458550509827484;7.949292424272955e-05;-0.012048100679187414
-0.011034944748172923;-0.007149926108027803;-0.0018741434609540605;-0.0059718784993421856
-0.010117561273805802;-0.0046750855774952286;-0.0027719195394444534;0.0007917928327785664
-0.005464422283358198;-0.0018367962949267032;-0.0013472718112364126;0.0037244353836891953
0.0013268490250009143;0.00047407036729051977;0.0025662881168403706;0.000748631558754387
0.007565000337890627;0.0017654173386203009;0.00749490269424639;-0.006510619606707002
0.010596223026580217;0.002285842853073586;0.01106608248857991;-0.013845539461708275
0.0093061491627463;0.0028964878407449356;0.011496353223374818;-0.017261444828719795
0.004912486531164063;0.004344973938008854;0.008645196423298817;-0.01543781744411821
0.00030728193408429967;0.006372638800669515;0.003966693092342176;-0.01013166007240456
-0.0017524842750805474;0.0075046206252842714;-0.00039205993933918786;-0.004507745061572826
-0.0004497567448378566;0.005972911970405076;-0.002709350604480202;-0.0008825512255715035
0.00251246931812059;0.001162107528713796;-0.0025220209807511476;0.0005601954116236964
0.004021467106101909;-0.00565131445606761;-0.0008235842444057197;0.0014788550543446074
0.0016876942589119583;-0.011923268397807265;0.0005633931287875647;0.003843352488104317
-0.004433907301706853;-0.015325370118908077;0.00017504152370367748;0.008121369498086208
-0.011732783546168916;-0.01499291319301618;-0.002091508974312008;0.012483791757819938
-0.016608791867639496;-0.011780774150310404;-0.004821994936269766;0.013910202733821177
-0.016644599527598967;-0.007516932269366671;-0.0058497849164802895;0.010596424725496892
-0.012009679800865364;-0.003839711288222421;-0.0035185766055415985;0.0036609612990048503
-0.005299155321387339;-0.0013925533520946867;0.002169370099820438;-0.0034784480147965397
6.05231580029166e-05;0.00015780534954737275;0.009187318726518227;-0.0075757457245433125
0.0019093402217699542;0.0014330136255030516;0.014373201684735156;-0.007700880518498589
0.0006727888817121544;0.0025861720264407817;0.015286157014702255;-0.00534581004331079
-0.0010056995437539272;0.003041445621319091;0.011792227802436828;-0.0027292060171956335
-0.00016613025978798175;0.0019160318880682191;0.006073645284672118;-0.0009799347538060796
0.004289793632911522;-0.0011461294270135004;0.0009939493124344024;0.0003091913467915877
0.010693310398503455;-0.005358125596522077;-0.0017983888230317618;0.0020426683998770534
0.01566585220849897;-0.009010494924727167;-0.00249950229644337;0.004271274392768641
0.01637142339787178;-0.01056385499548154;-0.002281078439464487;0.005857025467210081
0.012295483298268033;-0.00984689995996455;-0.002021085521566535;0.005469238612997018
0.005322758934357149;-0.008329829598437866;-0.0017976650834683318;0.00298951886482497
-0.0017224570330731158;-0.008071012520591215;-0.0012900121871564961;-4.521522402915613e-06
-0.006795024891126204;-0.00999992262536894;-0.0003734058833458284;-0.0012889696383973305
-0.009369332478574258;-0.012859042939445653;0.0006946501760689775;0.00012055965904911728
-0.009956090118739687;-0.013808547103518743;0.0014551797105266124;0.002880359848064606
-0.009129358846145486;-0.010478990636316812;0.0014589981488328638;0.004255545572920717
-0.006993745730549404;-0.002946970317480961;0.0004099739862448655;0.0024821860860270374
-0.0034742822982073217;0.006078575718828465;-0.0016483914152400504;-0.0016558421003062557
0.0009300314404370227;0.013118349187165966;-0.004191529406120739;-0.005607118789444401
0.00473798615501988;0.016233723440042543;-0.006421177558960078;-0.0073074080896409575
0.006052143898682431;0.01590045020844396;-0.007815025368374964;-0.006603816695236907
0.003866264100568872;0.014073636489136782;-0.008495996283432927;-0.0047322113098242895
-0.0009635449810130341;0.012558766138054454;-0.00894703276221951;-0.002854265710126737
-0.006000157163830987;0.01189063191582961;-0.009217580745594433;-0.0012635537966918355
-0.008584038843819787;0.011180297255736318;-0.00829696398112144;0.00024510046096491917
-0.007262024051079478;0.00885536799688816;-0.004348878140045004;0.0015478198400983394
-0.0024312981060145185;0.003902078896446788;0.00400679552039949;0.0018444792692111469
0.0039781267778211124;-0.0031483449157030515;0.016032232163088172;0.00020769155396835077
0.009456528397503125;-0.010250424798757391;0.0281788359951482;-0.0033852916685018254
0.012013964269646184;-0.014961722552472492;0.03542176838194529;-0.007548494176821651
0.010963086615345985;-0.01587606298752815;0.034162654652497806;-0.010165242245826302
0.007070254801138653;-0.013374986906153751;0.024649432066292633;-0.009748306680016349
0.0020480836274688664;-0.009228639394289572;0.010957052577949121;-0.006321708099878518
-0.002298461451058496;-0.0054151878636848685;-0.0014647227372973247;-0.0012256602609210354
-0.004797948732544595;-0.003025412781323307;-0.008763753226011249;0.003760092262618498
-0.005188187611152673;-0.0019227255603929644;-0.010188214936294926;0.007221327050603245
-0.003948804610733591;-0.0012041361437965768;-0.007579013308665023;0.008451824144379533
-0.0019261245504057112;-5.565380053329862e-06;-0.003718388007199293;0.007425456658970171
1.759717836722931e-05;0.0018971384911723223;-0.0007836660034157178;0.0046631171475110325
0.0012389528491661072;0.003996854972424515;0.00034213428782934593;0.0011252681729785388
0.0014533431143190956;0.005425207115212504;-0.0001055484470200783;-0.0019529249973793388
0.0008060899071021377;0.005480825435478821;-0.0013454331914549862;-0.003432309947867112
-0.0001667529847545661;0.003980207965793864;-0.0025364699889092886;-0.0028142616671761166
-0.0007656464268665671;0.0012778008309164799;-0.0030190530169018864;-0.0006226663079924407
-0.0005337295863019399;-0.0019492126926841811;-0.0024676100727935;0.0018107008868040795
0.00036890626041031577;-0.0049341907502895525;-0.0010943687529422405;0.0032098675218564304
0.0011800309704888586;-0.006940793589242468;0.0002623475315913152;0.003256293489145139
0.0011318866814005375;-0.007335267572944285;0.0004925292284696477;0.0026687285142555804
0.00029483782107945806;-0.005793384340012908;-0.0010071813838333926;0.002272191629997285
-0.00013912055798144207;-0.0026970506178319044;-0.0037333486297462973;0.001967307809812295
0.0012869403664394455;0.0005726028975246846;-0.0063170575461147975;0.0008059729335876643
0.004736541998244162;0.001986305664172104;-0.007506450665454974;-0.0017163703479021607
0.008184704856913153;9.2356519326101e-05;-0.006977959633305093;-0.004508959621684394
0.008300049580787321;-0.004549917896402479;-0.005247735407627753;-0.005366998137739394
0.002799420792192889;-0.009078934309885862;-0.0030002219299945527;-0.002975348465552601
-0.007373490377023695;-0.009982899499924858;-0.0007314259856237367;0.001428107412353107
-0.017776519629230905;-0.005802614766327076;0.001025673966012531;0.004549271342041954
-0.022601894889347066;0.0013276234783585212;0.0015255666892122898;0.0035736192366643137
-0.018066067081417236;0.006956152235663106;0.00020038975795998775;-0.0013271201013476087
-0.004965154279207941;0.007773611168674289;-0.00276081148521028;-0.006687630022036374
0.011281384856084995;0.004449015591939176;-0.00636977855538394;-0.008091559323310966
0.02325264772328511;0.0010898789147940826;-0.00943872249528656;-0.0036067183952094204
0.02533955273658884;0.0013860896282055504;-0.01124394228984512;0.0041961045622019464
0.01657318402216214;0.004890757994961859;-0.01172474992712016;0.009535478477849775
0.0009346454694941903;0.007265739661470362;-0.01123612571765018;0.007682335761748568
-0.014833034391440526;0.004519877606991532;-0.01021823083107307;-0.0009391676082640399
-0.024504621750621083;-0.003014876840021958;-0.008985682391041559;-0.010579251813400102
-0.025026535895483516;-0.010993464133340528;-0.0075575865543103015;-0.014534855227265954
-0.01751125444787058;-0.01499569797674392;-0.005567421180618203;-0.010411262407125867
-0.006411015676227541;-0.013826351287226231;-0.0025616500772373675;-0.0017707686691829118
0.0027229201503453032;-0.009362875863620309;0.0013182869195683164;0.0049397158651587995
0.006024333662785424;-0.0041910959010195;0.004973983855818213;0.005308329539636341
0.0032677658232434137;0.00012024572579683353;0.006934109990750051;-0.00015954170967751063
-0.002307758599213997;0.003096555436724036;0.006444582752473842;-0.0069471206841925735
-0.006359413222435994;0.004798943008574308;0.0039658010612423624;-0.01001592441315182
-0.006334934235737515;0.005549842825584273;0.0006776763193075568;-0.007154511064336425
-0.0028080884598828577;0.005814509394028403;-0.002340810279669984;-4.3364286321014505e-05
0.001449915226855074;0.005920591188344481;-0.0045227298562994355;0.007256982312586479
0.003576231927867246;0.005810828012054411;-0.005773076010794291;0.011002675167100956
0.002272208283592463;0.005145881430480774;-0.006289492414319558;0.009793424609375354
-0.0018178659047265943;0.0036761960719348076;-0.006378295902225156;0.0048908414293727534
-0.006784784635008097;0.001536996511758024;-0.006268288123994034;-0.0009508081334129796
-0.010502857355980331;-0.000752939584515544;-0.005998877160280478;-0.005151419747369563
-0.011484235670497491;-0.002560335596099753;-0.005455263169222019;-0.006505448937045795
-0.00930321043058093;-0.0034942870216517403;-0.004488408548920769;-0.0054511787940645885
-0.004607357443705365;-0.0036327073717129154;-0.002997240959338677;-0.0034760020287222405
0.0011611818338311572;-0.003467913861123479;-0.0009572426791880111;-0.0020713414083223113
0.006216076258673477;-0.003579631774381832;0.001496445040767083;-0.001791154522606279
0.00899248087027241;-0.0042149717395446535;0.003903836770539735;-0.0019231148047348314
0.008794776742764356;-0.005038879491721087;0.0054597970382158;-0.001025520585057665
0.006355960028696668;-0.005262034965150854;0.0054127415848284266;0.0019035282536997607
0.0038839478086287113;-0.004155633214053454;0.0037391125747789637;0.00639552964107467
0.004142692333795952;-0.0016718725045770971;0.0014523208233954915;0.01051124522612009
0.008661377111175289;0.001330427765926643;1.3668742332958362e-05;0.012094850696860173
0.016078519502249655;0.0036152611921592788;0.00013049616581705138;0.010411516721152283
0.022075688411944485;0.004596043090154048;0.0010136338457082;0.006798343067021696
0.02158592840294307;0.00494817711572888;0.0010142118122825332;0.0036789546315454703
0.01221352123763477;0.005997610937772465;-0.000681056458024446;0.002659057097862993
-0.0035564933538239007;0.008142554063405034;-0.002900103290902179;0.00324022717094336
-0.019311730028169605;0.009700405019059244;-0.003297194009650268;0.0032918784981661405
-0.028490007443436906;0.007562637921513704;-0.0006450299094870526;0.0010499075700242406
-0.028334756836788388;-0.00035106452324296854;0.003631258504661377;-0.003004547714609561
-0.021140644348948724;-0.012580948163395627;0.0064123031056231685;-0.006220960001604958
-0.012044696905803964;-0.02385913280869841;0.0055862234544683045;-0.0059978612788315466
-0.005308044525214501;-0.027962063460153883;0.0019232992632222706;-0.0021379848937097337
-0.00197255671514649;-0.021965120246841233;-0.0016194433029660714;0.0029854081163313696
-0.0003102633237921278;-0.00861913030983407;-0.0023503849732083924;0.006553161202610736
0.0018952292847929497;0.005256430187147378;0.0003179317116096496;0.007443097823780272
0.005386909592005608;0.013304173697184875;0.0050655619851141705;0.006335804595457228
0.009200367700712529;0.013637908170686646;0.010134421575812127;0.004166519451662762
0.011891553844033727;0.009378082703584216;0.014327137324786451;0.001014878027429391
0.012885011022114309;0.00560015833347574;0.0168338177098284;-0.0033235894947739476
0.01283904897292335;0.005308067861878703;0.016755344830429748;-0.007986107153528673
0.012962760936198421;0.007536932593375136;0.01343513404304721;-0.010718488687942545
0.013989713814738436;0.008786928432371223;0.007462073765851343;-0.009228488881486974
0.015522367241246083;0.006345868197946345;0.0010525165826068914;-0.003127552615102326
0.016093983540971853;0.0006901327083637539;-0.003058133434679629;0.005259661073920284
0.013967573716362;-0.004933111222667532;-0.003496928496600559;0.012085161528114613
0.00833640155184427;-0.007157985668554931;-0.0012691653659262347;0.014389990934407121
0.00019981189588145403;-0.0049431813814504915;0.0009778228673613036;0.011864322836999886
-0.007808155883857156;0.0001064084617303645;0.0008032024546449836;0.006664018909411234
-0.012689347111014153;0.0052818532879543665;-0.0024734622650880197;0.0017247594455994854
-0.012655968587859992;0.0085129781320696;-0.007476006965168897;-0.0009463647397250734
-0.00799647820109382;0.009114679739447032;-0.011734595213487584;-0.0009924707411194885
-0.0007955419682161326;0.007567685746550419;-0.013185588967055338;0.0005787553748857715
0.006166987481255077;0.0049367519516787944;-0.011283173696692232;0.002240388107375053
0.010651908473823983;0.0023333736477087553;-0.007124823807897717;0.0028545395552745075
0.011748359522426753;0.0005487506677958219;-0.0026576295288982615;0.0021598479269270853
0.0099575659477643;-9.23838484372244e-05;0.00041530683175623805;0.0006041646972978628
0.006665762260995172;0.0003383063752060633;0.0013632228745457321;-0.001182329802031702
0.003355636569768185;0.0015391764305954748;0.0005248238327752565;-0.0027131780810067097
0.0009753399887710082;0.003089989585492377;-0.0010633546886886073;-0.003555217762875321
-0.0002647136448940114;0.004487465081661581;-0.002204040224281692;-0.003146583008592035
-0.0006711968267775337;0.005238493890436996;-0.0020431268157698563;-0.0009842825962307997
-0.0006699945326546795;0.005098639044701801;-0.00043618449688387513;0.0027558439896741794
-0.0005542246732466729;0.004283521158396952;0.0019684407587080093;0.006693343959549082
-0.0005326678133246892;0.003337260196302493;0.004077324684377903;0.008557526237029031
-0.0009064689533933404;0.0026283725329048304;0.005018308815919772;0.00653679783232269
-0.0020337968880886725;0.0019216951450024113;0.004672648183061424;0.0008229552950791342
-0.0039752038247991865;0.0005170521227020733;0.003673032899976655;-0.006021071104140428
-0.006142529701925955;-0.0021135668852065555;0.002948333682253539;-0.010515792392386616
-0.007424607112705914;-0.005784630123031952;0.0031921764667373737;-0.010638112136024513
-0.006907605807607538;-0.009604361586408273;0.004419031219474336;-0.007227438877201681
-0.004698125709994112;-0.012398714879216217;0.005626662231753107;-0.0031869644456028745
-0.002055009539479491;-0.013138533872954826;0.0049459217351880864;-0.0011179644652871486
-0.0004863880872955656;-0.011212505457152825;0.0007622157263429451;-0.0014395042147966866
-0.0004482602070485587;-0.0066880714830208155;-0.00666063436256694;-0.0025671210570360676
-0.000849182557348087;-0.0005955702483300128;-0.014596750995225212;-0.0027332394511167804
2.830149919262689e-05;0.005088367622700543;-0.01932401554901189;-0.0015277571184674045
0.002905458226114996;0.008164023901137128;-0.018649935804376707;0.00022027701201047002
0.006633364277636202;0.007527864340284708;-0.01330044920504563;0.001683873359677233
0.00887408296796184;0.004192494652489407;-0.006076859727153566;0.0027959930356125733
0.007783294979880167;0.0009264348314562222;0.00016539649087821825;0.0038295463704930994
0.0033759474616954495;0.00038870858053184236;0.0038902707470106573;0.004675282734051565
-0.0023597433746971866;0.0030726440014300655;0.004922046607481988;0.004894716939377281
-0.00655754764091914;0.006823132504280202;0.0038329692124323177;0.004381921373258394
-0.0070128084336827864;0.008464824306964824;0.0014879451062463293;0.0036068819189101374
-0.003298512635764629;0.0062375712141361376;-0.0011544066362152614;0.003064351925775732
0.003058398269557746;0.0010512567037698633;-0.003257268246634712;0.0026982509888841145
0.009342983533449907;-0.004347566686836295;-0.004358419030034386;0.002110893935987792
0.012876170592681575;-0.007432986678620107;-0.004440194547833423;0.0013138047276748123
0.011985398628436799;-0.007431602109421076;-0.0037591203661912365;0.0010711740192271522
0.006306434964763948;-0.005244675416385659;-0.002623329561400265;0.0023476821967065007
-0.003354752197063481;-0.002169575772078105;-0.001265285684155715;0.005318259346284331
-0.01508139616523831;0.001228975925993948;0.00022940302194633249;0.008799380742632121
-0.025786365233151975;0.005103397839793459;0.0019764028536275492;0.010627898832419668
-0.03166993373947743;0.009353882024766499;0.00420069386798727;0.00890821322258987
-0.029713486718266527;0.012848627088563975;0.006863100635743732;0.00351320566280361
-0.019648388707642243;0.013925537686839025;0.009190215053756395;-0.0031611708693004927
-0.004879489489998399;0.012088196317982658;0.009645043800413151;-0.007129416478507622
0.008756134117389444;0.00925401698991369;0.006752135143856478;-0.005407605504794224
0.015881243642612314;0.00863301840168276;0.0004468651197076378;0.0013580960004130707
0.014263806969721899;0.01144136307918757;-0.007142521079433947;0.008578873052864321
0.005635489925082129;0.014572269767606377;-0.012442936110080918;0.010666083339433037
-0.005576365946722733;0.012396418567984626;-0.012517368753295916;0.005314584352513762
-0.014495202782612949;0.0018822601320290075;-0.007060901916370845;-0.004477703687374622
-0.017693225963714657;-0.013764865598619822;0.0012478441910450024;-0.012672330750749599
-0.01413293706662833;-0.026794823536142404;0.008429969261635077;-0.014888928324846222
-0.005281778250907063;-0.030549503090133198;0.011711308384947794;-0.011384149569297692
0.005354530880876152;-0.02396296356332482;0.010959133624832331;-0.005996430938069339
0.013329637692762937;-0.011446125018472178;0.008097928859384644;-0.002683828589638817
0.015032521134120689;0.0008543888855121315;0.005292881292228125;-0.0030020731170003266
0.009558791890910181;0.00889619174577765;0.003569920305786477;-0.006069517119925583
-0.0005437658746731007;0.012136648752913873;0.00279503455648613;-0.009949041544889679
-0.010484585801896111;0.012385362955351193;0.0025130799517947247;-0.012761231896025148
-0.015783257360359466;0.011633959304961831;0.002530147372134827;-0.013109420305109023
-0.01447735944373494;0.010583850075460883;0.0027186553405109193;-0.010440060176225192
-0.007715544108525127;0.00872878959500631;0.002515400495987184;-0.00554935753210275
0.0012287298299787266;0.005538782464301128;0.0009484547376119821;-0.0005204332369616912
0.008641333701020193;0.0014694413055724113;-0.0025682866964926217;0.0024419236679043767
0.01187954543655314;-0.002134994866163027;-0.007376944847388469;0.002538915192069263
0.010211512273855267;-0.004046723449288324;-0.011613025866122057;0.0008631426496770514
0.004816657829530513;-0.004063972789820021;-0.013309336185842334;-0.0006343119457907428
-0.0019284912839095004;-0.0030445361707923417;-0.011681820279428533;-0.0007152417779939048
-0.007493998970467776;-0.0021990089796978998;-0.007478019548727883;0.0003934148957183332
-0.010092692851008495;-0.0024049611878249597;-0.0021267876730317057;0.0014965028312600643
-0.009133707903584256;-0.004026145688873673;0.003434670525802359;0.001496404753354899
-0.005247816509218094;-0.006998775446028043;0.009097389933016984;0.0001180673464637561
-2.8061498715391725e-05;-0.010747369543206008;0.014821484978482149;-0.002019997262670335
0.004494521853093052;-0.014017884207073608;0.019698503615095696;-0.00375456496003601
0.006675730679845409;-0.015149203491021694;0.021957675769038964;-0.003909405470973134
0.006140250188399925;-0.01295526784498125;0.020063020900735827;-0.0019351152734254822
0.004128700210583458;-0.007634557563507995;0.013963517845730586;0.0015637472330302586
0.0028258540897411507;-0.0008958092943332642;0.0054444318277864535;0.004896423980576621
0.0038656301529679344;0.0049141865037912475;-0.002688701431997662;0.006257710122656527
0.006982154238129509;0.008092900776529108;-0.008000815138188436;0.005168376349137905
0.009951810238297316;0.008400827337053805;-0.009431136956408882;0.0031981299112736035
0.010154018053478887;0.006925808001313465;-0.007277139547847969;0.0029238817079211567
0.006693192708249186;0.005177973996504684;-0.0024433534575341053;0.005481075909548863
0.0013002130849112151;0.004049864390078636;0.004059916904206507;0.008780551247808197
-0.002898590709110447;0.003281690854341386;0.010849363061691597;0.008541719112100265
-0.003781006312708527;0.00178863483427762;0.015843403860466676;0.0018681244048251765
-0.0017319646661299128;-0.0012665150613317977;0.016928238413878003;-0.009780382906442068
0.0010039673253305378;-0.005408039173457292;0.013452162279130006;-0.02128488811790837
0.002430329141911577;-0.008833331248223072;0.007084331383550936;-0.02774398801604662
0.0024513980510130124;-0.009749997528404586;0.0009129616005982222;-0.027762447501762023
0.002674438750669228;-0.007954067091903083;-0.002620629928712005;-0.023246814118157256
0.004639553166984635;-0.005039394802435665;-0.003159040938632977;-0.01677227021369907
0.00812438409453573;-0.0029434611389569446;-0.0020703384767649614;-0.009786705773295745
0.011091250005214383;-0.002329314687510905;-0.0008934449143544129;-0.0029959125530073976
0.011348143899766797;-0.0024133190817692547;-0.00025917969070288823;0.0026837599003606298
0.008425410006446659;-0.002176450904945519;-0.00023187329597025528;0.006370081076282899
0.004034417638051151;-0.0015296146717211135;-0.0012624258406348228;0.00824838150462502
0.0008353482229462837;-0.0013491825984413368;-0.004187214155119404;0.0097316483737363
0.000651148880396543;-0.0025667653869731093;-0.008986077007568436;0.012127909397255684
0.003450087536539927;-0.005218476541160182;-0.013849315925869625;0.015001981135660942
0.007550157401860676;-0.008158223648314419;-0.016092754743135422;0.015978651757752815
0.010627361561006085;-0.009589057807085615;-0.014383166396145206;0.012522793148911918
0.010851403244943167;-0.00810715955431444;-0.010047214308759683;0.004351673727114887
0.007643626413775175;-0.0036500566202360466;-0.006034803153094052;-0.0056313376040453035
0.001814042677090181;0.0022658685832042517;-0.004491792056671377;-0.01278102736888751
-0.004883600306302531;0.007217860470407066;-0.005177742847838659;-0.013399265625873813
-0.01047622706031448;0.009092177783421734;-0.005969370954961385;-0.006731438081303551
-0.013417152361942094;0.00717390270381062;-0.004772760494473443;0.004724300721552486
-0.012998219476828762;0.0025243985002613117;-0.0011828948123907817;0.016323372864227463
-0.009560429567686806;-0.0025774860143798106;0.0033077604366958495;0.023142243957783856
-0.004474112852806616;-0.005840642749289789;0.006503101551109662;0.02206863264656193
0.0002596080236031547;-0.006112864986733883;0.0070100234770693335;0.013404120723461962
0.0027888410792485047;-0.003806491193824568;0.004916884114270116;0.001042180000488114
0.0022435315227812493;-0.00043839248085173724;0.0014099610699843325;-0.009259590842827193
-0.0008434581282355428;0.0022943563472474855;-0.002046442122570276;-0.012860904020769125
-0.004782331559774993;0.0033054882304664815;-0.004366663462014967;-0.008827543687737699
-0.007538273790432754;0.002444108825456072;-0.005234925798187467;-0.00045195141231207074
-0.007726897503979137;0.00035910033392297055;-0.005228176434984962;0.006811956999823147
-0.005314003100521249;-0.001922668034744677;-0.005485328956879032;0.008795891638037312
-0.001653529745409616;-0.0034673309030838102;-0.0069591169149652386;0.005175843848105993
0.0012324215386630753;-0.0037166296215966296;-0.009745029457641616;-0.000616190929653985
0.0018603307912024932;-0.002506578497226677;-0.012950977205030502;-0.00403685304215943
0.0003165498646464094;-1.8604004876557205e-07;-0.015109791547682664;-0.0026956598228793033
-0.0016773519271976421;0.00325276189852253;-0.01488745794357489;0.002135175997162572
-0.0019395265391206873;0.006228937775184541;-0.01184610746157017;0.006795268623181297
0.00048735313975516257;0.007714384805203433;-0.006880935632880228;0.008172826521135395
0.0044639063232673765;0.007111745169350606;-0.0018637225409329156;0.005906229507330492
0.007463931844553343;0.005202384411423329;0.0014596461034960167;0.00218247161842447
0.007356988683794088;0.003920984823538847;0.0024844450928917317;-0.00036217667101482186
0.003929916489406704;0.004904214025404724;0.0018317615228175487;-0.0005505904189160681
-0.0009024319610141924;0.007884310476825852;0.0005913885712690039;0.0011447039459938323
-0.004258571109303111;0.010485828311244212;-0.00044221003744066164;0.0036940923157769497
-0.004029305955253004;0.009889579838074087;-0.000992708527634872;0.006351014349041924
-0.0001561992826225964;0.005109029844539781;-0.0011805673207617412;0.008522509902999747
0.0052684725809040555;-0.0020144540727983426;-0.0014279820718998688;0.00937810160300805
0.009163529397130141;-0.007935188082486333;-0.0023292626038579757;0.008116483288772658
0.009242578269741794;-0.009745363153989245;-0.004207942169374461;0.004776499789401028
0.0053171911912490485;-0.006941298381016399;-0.006482092682564327;0.0006937619736128586
-0.0007471485709090368;-0.0014292130441177536;-0.007471172251507183;-0.0019508003500390988
-0.006361381154148378;0.003971314604714985;-0.005201173837471871;-0.0012042523619203176
-0.009841229738268243;0.0072873680474426165;0.0010131312690901011;0.0036070328279626755
-0.011167618009887213;0.008323953246411563;0.009341807703797438;0.011274208993529532
-0.011388770300559407;0.00848524043836774;0.01587727641898909;0.018763340352740784
-0.011203994367998394;0.00982684879492592;0.01696610721835629;0.022170760278177656
-0.009967088680629935;0.013810581319475547;0.011915454670235089;0.01859860766141137
-0.00614246416189374;0.020205601026564546;0.003759410325609051;0.008176594509059228
0.0009191197723144217;0.026704656270589534;-0.0028768333821028343;-0.005234150514615794
0.009338943849283682;0.029827849612895883;-0.005181038423487593;-0.01563364114692696
0.01489293034525908;0.027023633894753016;-0.003894844312461445;-0.018144156419766147
0.013394805670844681;0.018715344378772775;-0.0019624067787234927;-0.011933505864395516
0.003780449601172384;0.008556686810257877;-0.0015550899986672172;-0.000867637060963233
-0.0104140679364885;0.0012634024125172847;-0.0022942316290949522;0.008559635030624428
-0.02249245629872265;-0.0006474991635229053;-0.0019996202641956976;0.010737125775970519
-0.026243542199189538;0.0011660375934544076;0.0012717476101603775;0.0038374008908796933
-0.01952470015907757;0.0017638604468358003;0.007934169264139966;-0.00942545513480379
-0.005510004921289905;-0.0036920348755348684;0.016910658096975877;-0.023466753917640564
0.009117731124093531;-0.016235295872055;0.02613074259345275;-0.03290625134279144
0.017786316785122425;-0.03176234504331279;0.03291661288743433;-0.03526035826606567
0.017292293492531297;-0.04335346547154866;0.034680557471235426;-0.03177172393209815
0.009045186064987358;-0.04572361047136862;0.030209766075157907;-0.026081940292342114
-0.002093072028851364;-0.03831148774629302;0.020731430127055046;-0.02164492789506674
-0.010530626726841569;-0.02468546869851876;0.009592414154380162;-0.019430287256426138
-0.012679606408963946;-0.00944909794339109;0.0004136406377940284;-0.01746547151170938
-0.008341214182528395;0.004112546282147237;-0.005011299091150623;-0.012769967199099326
-0.00031211912257143003;0.014069402969777595;-0.0074375720175596915;-0.004316312172049666
0.007268397422654189;0.019031631333116417;-0.009001675453099638;0.005561140165202108
0.010874050282477489;0.018396307977565415;-0.011248235279281508;0.012650880643831252
0.008997016605257865;0.013280066031337839;-0.01397373570319983;0.01387858735934723
0.0025768293449347367;0.0063845713641044605;-0.015609136346076509;0.00928749073661396
-0.0055614374190628155;0.00043747579972372924;-0.014563963986337884;0.0017389367683330104
-0.012035760918566516;-0.0032751059310116223;-0.010426172374708727;-0.004968763924134321
-0.01448376914400828;-0.004972966484322724;-0.004299585630030078;-0.0081056177331643
-0.012542691639339512;-0.0054022274260675;0.0017683775531044403;-0.007091381934074496
-0.007620799891214201;-0.005056738624380854;0.005850136250874136;-0.003368903787411026
-0.001747029881533718;-0.004194590375793215;0.007078903339249951;0.0006375128274870466
0.003530101839322687;-0.0032172760560251652;0.005932219971655109;0.0029273761830475083
0.007472534737757362;-0.002727723997900392;0.003731368172723508;0.0030527371401242545
0.00982833331306371;-0.0030839157343862463;0.0017865383458892836;0.0023178316143194623
0.010504878371042714;-0.003868707198656235;0.0008422159859862652;0.0027387041368741576
0.009641029951970718;-0.003912549223064248;0.0010834152123323144;0.005360507639122576
0.00782072832229257;-0.0021610789318160842;0.0023541257331063533;0.009357654704265103
0.005942373175672399;0.0010830089583267883;0.004162413229263162;0.0129089707051638
0.00472479570205953;0.003645849405827925;0.005590124015333177;0.01507107321599281
0.004294665351480312;0.0025696181306633734;0.005570218292986155;0.016564162383223287
0.004153121316307913;-0.0035968936957683456;0.0035566826630039823;0.018399775979063903
0.003431674988573896;-0.013074432923089612;-1.4593421269885442e-05;0.019897745846185894
0.0012993339476635316;-0.02141481979079629;-0.003953256159931039;0.0187022905320459
-0.002503654734248056;-0.02420615494319821;-0.006983539507821329;0.013154715314080781
-0.007174698635978867;-0.019840046320914868;-0.008254636914215258;0.0043793681346126065
-0.010808488897291078;-0.01029333014197202;-0.007459311378455751;-0.004365110364688726
-0.011119902261853524;0.00033846322103787377;-0.0048152732483433954;-0.010315407751175886
-0.006761408424679868;0.008242924133312656;-0.0011833769928020158;-0.012956172594072411
0.001502865955062516;0.011642204961063211;0.0018463554476866489;-0.013376910731335448
0.010731588441184351;0.01104164038920191;0.0024345471855554933;-0.012487629387647607
0.017260881027814746;0.00823916034813863;-0.0003290877123700601;-0.010336839478571324
0.01886644260885885;0.005089949928235343;-0.0054218802970555;-0.007138964382175221
0.01600653823801643;0.0027663443515839195;-0.010223913723382024;-0.0043418281594565875
0.011161315733205581;0.0015294603357118406;-0.01217776493215656;-0.0038449170664949226
0.006907019853827814;0.0008509092555273789;-0.010336757308531145;-0.005798674368156322
0.004338574779000612;-4.723907114087159e-05;-0.005488409976403965;-0.0075941218486507474
0.0029060806030200875;-0.001397758425227749;0.0008681489599389343;-0.005762525476518261
0.00141198363211529;-0.0025108873041349345;0.007295106489704433;0.0007386872482029041
-0.0008600548242537611;-0.002285516052407709;0.012276806087081376;0.009127293055534952
-0.003670997470205337;-0.00018975251368436618;0.014030686086315032;0.014703860894462378
-0.006087620359557679;0.0031886063514127727;0.011285257658101042;0.014291080024022738
-0.007103822631475585;0.006455424915586971;0.004570452477925567;0.008357687993684167
-0.0062013373912677226;0.008241756570417336;-0.0034816858534165375;0.0005323443006054457
-0.0035697107714648636;0.00790573011305444;-0.009483529521472321;-0.004744902432813537
8.853983501509243e-05;0.005720729478479595;-0.011267405015784727;-0.0048230307144875055
0.003967593117033773;0.0025747961367603594;-0.008944940060358586;-0.00031512202977991327
0.007399516531657652;-0.0005650672118550109;-0.004502840167842774;0.005281342848649093
0.009718769430634077;-0.0031209747191732586;-0.0005797678493501253;0.0077047784469755475
0.010032982202323746;-0.005043981334884419;0.0007104367160313487;0.004683341476520907
0.007468518944582083;-0.006540353039776849;-0.0014194290848832721;-0.0024008165486638353
0.0020373701710505528;-0.00762288694947698;-0.00601523107026355;-0.009162450286813678
-0.004600278310473853;-0.0079495182895507;-0.010619141518620848;-0.010862957873559653
-0.009525902667312531;-0.007194019552316048;-0.012505507864285545;-0.005326913516299703
-0.010276596502188012;-0.0055957539904938495;-0.010445676826041495;0.005741271015980222
-0.006680005368556098;-0.003978773345193016;-0.005528131004388354;0.01777657669197496
-0.0012170804154252443;-0.0029864004970234148;-1.1409345767089206e-05;0.025973902547891427
0.0025411361526768957;-0.0022254035469882324;0.004768147057053288;0.02785630250028865
0.0022971462388927913;-0.00036301726242434824;0.009133903642442808;0.024284281041666776
-0.0015024510806640914;0.003622077649227936;0.013639796315845679;0.01853200009343874
-0.006025493438606349;0.009097787802763713;0.017340118255258014;0.014239961054790699
-0.007898371698219447;0.013727847332977923;0.018018604766075138;0.013399749225159073
-0.005316611530681563;0.015003921829093766;0.014201383169087579;0.015288186266296216
0.000855162205153424;0.012144730113645447;0.006711093548819974;0.01698638725375887
0.007608368394153735;0.0067136381219204;-0.0017311372443447055;0.015443166053715958
0.011564686746576904;0.0014100326038771933;-0.008160848628844856;0.009798749584396806
0.010847585638662696;-0.0019085706056551628;-0.010728284803983763;0.002107877282538797
0.0058642411480384305;-0.0032991699721739245;-0.009127953576574942;-0.0041882069964484965
-0.0013663604170218093;-0.00412875841499083;-0.0044491498522647175;-0.0067049205230347055
-0.008629380550771752;-0.005557442355854071;0.0012449986755239193;-0.005465189624985199
-0.014558821848312623;-0.007551197816433068;0.005676483457415578;-0.002354482366759554
-0.01874232965893365;-0.009109945176156771;0.007331862544477461;0.00045476729428854586
-0.0211693088917135;-0.009180679843899895;0.006103754453796107;0.001687736191008856
-0.021684708919408203;-0.007346775128992456;0.003132272242124924;0.0011087362504477363
-0.01989207531808616;-0.003940754483168069;9.180443062186815e-06;-0.0009645858775526163
-0.015518836451831096;0.00017074021345536494;-0.0020491610298776493;-0.004010738523598108
-0.008954565547146145;0.003810979998415404;-0.002578420953252184;-0.007202330498137923
-0.0015873354770013213;0.005685655200819446;-0.0017345672182352706;-0.009157663669314897
0.004350000546843905;0.0047152124530009795;8.847892081849394e-05;-0.008094745773759175
0.0065107321356086476;0.0006122406347611604;0.0025640876741718673;-0.0026769251668824754
0.0035521424518833128;-0.005490499078678124;0.005437151946097568;0.006734981894108305
-0.0038472848484023647;-0.01085902043543859;0.008213134044583304;0.017239519427148287
-0.012725581739909416;-0.011937502273014771;0.00981344966322923;0.023851046196208824
-0.01879988492972865;-0.006145146386612326;0.008706309874636676;0.02154396371449775
-0.018489760947462217;0.006090779616137409;0.0038124943968508235;0.008118872151157221
-0.011025601238314748;0.02054234744498673;-0.004308050757513993;-0.013733701382064372
0.0006757418872199626;0.030810212479826213;-0.013175062111554708;-0.036754361702026374
0.011101581331234305;0.031911250598780964;-0.01968322353552944;-0.05218424726245673
0.014782111877005243;0.023459124588605326;-0.022000574697990674;-0.054142596634526884
0.009171452112432385;0.009922822596354804;-0.020198639217634852;-0.042795368142635695
-0.0037138182025731894;-0.0022923697246807527;-0.015093022874983248;-0.024345534039346653
-0.017864762227893138;-0.00857272382819321;-0.006994416504384722;-0.0076765441889767
-0.025969686219353364;-0.007982732851685192;0.0037645352163879786;0.000539721940606231
-0.02299970133452026;-0.0027349379545475107;0.014999145203202292;-0.0006470124937177119
-0.008897120550695255;0.003522005981444756;0.02199299128061626;-0.006599176167042902
0.011120971547723802;0.007460699286210749;0.019602083877754074;-0.010724826894077244
0.02901297920990947;0.007560845602814776;0.006010937360943229;-0.008973488726049991
0.037917629727737566;0.004899735015045104;-0.014905482067406682;-0.0020854117331029344
0.035437831158475847;0.0023809630331806525;-0.034921518691634915;0.005641331553659675
0.024336440325883137;0.0024155578806759866;-0.04593018502540114;0.009787264881579922
0.01047986483926395;0.004830865864444384;-0.04432414650947559;0.008838004682963106
-0.00046210152521431624;0.007017978165043433;-0.03216872066960201;0.004705224156266203
-0.005544613818734677;0.006258051191916927;-0.014971248925699053;0.000654813321032217
-0.005105721178397812;0.0020424694150876373;0.001418981034350754;-0.0013384985287229047
-0.0015703894307803942;-0.0036239962444075875;0.012537082502210632;-0.0015071122021968779
0.0023433119314380407;-0.007892685369874584;0.01580481484164263;-0.0011219922392661772
0.004911537919084689;-0.009062509289668457;0.011102876447684647;-0.0009370228334698256
0.005722030845799141;-0.0074248255756961855;0.001389784590700036;-0.0008538908883663644
0.005188815318930347;-0.004710556938040227;-0.008053037327918237;-0.0006598418742520163
0.0038256831109483415;-0.0028037073568978606;-0.012258303906199967;-0.0005845099443337489
0.0018889704424326418;-0.0025907564930521447;-0.009398965459654799;-0.0010158883720105245
-0.0003942703359471432;-0.003589653318117981;-0.0015174575661715834;-0.0018931879152392762
-0.0023898928420814734;-0.0045156653724279655;0.007300691182150446;-0.002613319114410631
-0.00304147061748897;-0.004316478836261612;0.013622353207207106;-0.0026017178316184103
-0.0015251402661735681;-0.0028726139553565465;0.0162187943939451;-0.0019175107543205761
0.001887478660146892;-0.0008900481117076032;0.01582126758065475;-0.0012113232458821938
0.005588583735080929;0.0007701675516691121;0.013855964271466426;-0.001034893040669748
0.0074404956947303645;0.0016843743401499603;0.011327623551222148;-0.0011946499264036167
0.0061676832361159725;0.0019609494603200794;0.00849667791498721;-0.0008372706657949602
0.0023107051665761332;0.0019108370509806024;0.0052685077586471256;0.0007434938928493575
-0.002010592368297808;0.001680712987547283;0.0017959110409941843;0.003305938298788077
-0.004421292893870699;0.0011910382868243017;-0.0012401301758163282;0.005656712885696623
-0.0038166198782882198;0.00039167450253371316;-0.0029215280836610335;0.0065674699104181136
-0.001017930640460063;-0.0004978727781464619;-0.002705042360305696;0.005864629788574258
0.0019318497313000602;-0.001098788078101278;-0.0007852403918650334;0.004612244451352443
0.0033078629395019363;-0.0012683440165345392;0.0020814827388330897;0.003977075731493518
0.002872391175296096;-0.0013560754898708862;0.004980948000133089;0.0037282455031311377
0.0017786591852077978;-0.002001098889334998;0.007040536154602884;0.002090425329239858
0.0014138264755862123;-0.003560478403141301;0.0075033952065018455;-0.0024262527643549815
0.0022672651408186494;-0.005564663579970815;0.006064219049065933;-0.008895540589566505
0.0037555121519994438;-0.006671962088464373;0.0033782142121159655;-0.014080017223720025
0.004962660294641285;-0.005410896602850549;0.001048932620432028;-0.015147160888817814
0.005462506859469012;-0.0014383831258654243;0.0006647327477337472;-0.012283977415381918
0.005503790583088454;0.003636730083715635;0.002496553246368168;-0.008289446530663205
0.005603494303370721;0.006850079785522158;0.005102181324162733;-0.005552334747239233
0.006105478678130417;0.005887113183466673;0.00642892392378652;-0.0038490711583252695
0.007042225537988288;0.0011187823135110607;0.005589733342948296;-0.0013934779311156832
0.0081654881794522;-0.004195387226929473;0.0037278035935890343;0.0023172072231499754
0.008972355402483824;-0.006183043065103191;0.0031257852416551996;0.005385054432562557
0.00884124230904248;-0.003477819482086378;0.005312217265478803;0.005426639276516573
0.007397388468396662;0.0016060054464972445;0.009802170746043861;0.0021699969806666373
0.0048792552149640915;0.005021412720666981;0.01443329280725887;-0.002193506984082447
0.002123765737635144;0.0042808985049310406;0.016827261072863003;-0.004997843292569344
9.615450557319022e-05;0.0001850936449132452;0.01576160361563139;-0.00512563440364625
-0.0007052865908426715;-0.0042007393510642135;0.011633763391855224;-0.00333788028674078
-0.000545143987190545;-0.006043510126298156;0.006019619708210637;-0.0012448443445097113
-0.0002427509267378587;-0.004570442108303922;0.0007896422551061546;-0.00020301226757697208
-0.0005794234844296459;-0.0011003445854761657;-0.002721732950423116;-0.0008421108286311366
-0.001701815992566596;0.0022760527508222136;-0.004119617731365974;-0.003091346077373542
-0.0029535222813322575;0.004103190509520572;-0.0038000470550665745;-0.0063376640059393755
-0.0033016375664233744;0.004123742921124366;-0.002483965450463294;-0.009560651495410313
-0.0020830888324858744;0.0029659227559804004;-0.0008142867547298284;-0.0115071076893683
0.00045612355476874023;0.0015084079179593045;0.0008219637899568854;-0.010976515028228419
0.0032041002018239006;0.00042298219140301103;0.002312533164464422;-0.007174003967305737
0.004775636877994216;4.5361348013920885e-05;0.003707996954639008;-5.719407678596119e-05
0.004262050688954971;0.00047913949713932575;0.004945545511428861;0.009348880322780435
0.0016613474765199518;0.0017512798043610633;0.0055637270017202594;0.018802788973336804
-0.002243468965488392;0.0038208094292536423;0.004770731156464856;0.02525970495430681
-0.006371439540683988;0.006368761312327627;0.0020221424308207612;0.02615510087877436
-0.009748766232126437;0.008602139604240252;-0.0022920035216208957;0.021058261368881306
-0.01155126017438936;0.009441180383289354;-0.006707840325650932;0.012355952227276113
-0.010979387922619842;0.008097471675279015;-0.009295134849126212;0.004032254084284403
-0.007448809963384867;0.004562799373310522;-0.008567225725402382;-0.0007466445074231771
-0.0012771429070244753;-0.0003915905983428489;-0.004201567440841146;-0.0013477722983812237
0.005662095049542701;-0.005529534012402476;0.002578569599644185;0.000605956065650537
0.010234685633511178;-0.009353945093091637;0.0091356850621134;0.0030134537447647
0.009650319750541403;-0.01021471009310561;0.012430942187002698;0.004841959986667149
0.003508697357880459;-0.006795367202035468;0.010760810325559584;0.006147285238372624
-0.0053370850558791105;0.0008481540500517912;0.005049367931087173;0.006948213075515192
-0.012098602064205119;0.010415420887064751;-0.001524676514884428;0.006544409084725825
-0.012909944683647005;0.017849948251019033;-0.005428782776727873;0.004260773856093428
-0.007305254052877788;0.019634495193523102;-0.004787754939577531;0.0007907976297408442
0.0014146962991709229;0.01561342481207882;-0.0002452048011616462;-0.0016304487435765678
0.008158920473995582;0.009792066153219935;0.005553331735804016;-0.0008634673738742411
0.009017804687378547;0.00750121825030732;0.009392131403411752;0.003100183596086484
0.0033737842957207134;0.010551632232393313;0.009130257712058958;0.0077867208366508385
-0.005965627884594967;0.014732735568115916;0.004719580167358123;0.010135014928442855
-0.014435357412845911;0.012748470239947173;-0.002006953070993066;0.009057829412780482
-0.018044341293393468;0.0006618990710784213;-0.008545284890192758;0.006404644952585486
-0.01511708734824221;-0.017940598540929657;-0.012964604250310274;0.005398529366335023
-0.006795310145531421;-0.03405866258238213;-0.014403510447892657;0.007832538739728619
0.003589487598642433;-0.039759460108641974;-0.0128768965074123;0.012467567708584126
0.011782597565486944;-0.033310666619364104;-0.008975992286047348;0.015983353409632757
0.014120081362412133;-0.01916622462959071;-0.003794637083209955;0.01549339593909296
0.009043720394456991;-0.003998425950868735;0.0011511605391794227;0.010442095800491236
-0.0018831690629983388;0.007270370765048076;0.0044198598059073885;0.0026615652756212162
-0.014284336338660018;0.012868220510409095;0.005505820298092625;-0.004939938374953415
-0.02294884974826371;0.013346601039988571;0.005346935474696752;-0.009880030390993402
-0.024545457857305625;0.010213077825727774;0.005685859407875319;-0.011024140249807407
-0.019340561317610694;0.005152762065891689;0.0074268931307611575;-0.008786532898462004
-0.01079267582838059;-0.0001088610329953671;0.009401666620399691;-0.004779707428255076
-0.0033491109635422254;-0.003879973064695276;0.009077491904215489;-0.001126559697506793
0.00010033506153924235;-0.005056553711708051;0.005023962330318371;0.00038482212816589017
-0.00046837674594874283;-0.004042110741268692;-0.0011264266758250277;-0.0008777860175410144
-0.0028342566465581016;-0.003095623042074519;-0.005470034280998768;-0.003900044438132458
-0.004426216397631376;-0.005140518597304208;-0.005060048330134058;-0.006312206391934928
-0.003980574506935799;-0.011353775454618084;-0.0006616931547929395;-0.005677775036407459
-0.0017761031619290984;-0.0194612805899835;0.0036828805195694594;-0.0012067944329811834
0.0014365162664133075;-0.0246805407171504;0.004040917528554937;0.005362984520885463
0.005507484559609714;-0.023086804801375732;-0.00013342569097561714;0.010632640817217072
0.010723744761599782;-0.014768270867914005;-0.005760412883204103;0.011756953252489762
0.016536567623236405;-0.004049826208333994;-0.008939136146174193;0.008442809482292183
0.02066610674436383;0.003473363060435495;-0.008052850312011825;0.003182111967108577
0.019942104566545587;0.0047116345897383555;-0.004544609920789564;-0.0005770369371821162
0.01260539281494619;0.0007865056715188489;-0.0012620395091286383;-0.0009933750610196148
0.0002219175627071632;-0.004396644958638084;-0.0003407261356426923;0.0009270124368047269
-0.01256278046828582;-0.007301823936637081;-0.002306198768334469;0.0024819122500380577
-0.020498439292105056;-0.007060242271744416;-0.006399790840692535;0.0017939766877521906
-0.020722887172598875;-0.005288692439212736;-0.011176671411245063;-0.0005824101013530833
-0.014185891961876298;-0.004001400729248344;-0.014832594800685673;-0.002361149046114653
-0.004639092493531274;-0.003686909402968731;-0.015522937201346497;-0.0017819459926260374
0.003866552827264592;-0.0031781266614929965;-0.012122698647119701;0.0006338404296841767
0.009049037528402129;-0.0011625603848340936;-0.005288672634651125;0.0023739990483843585
0.010724689088860838;0.0022373790974669276;0.002074285467705487;0.0011230157351099764
0.009723835750640694;0.00531679903511141;0.005890991167583601;-0.0029293537945181626
0.006797532952273066;0.0062331309135976705;0.003389432229289944;-0.006792287373478131
0.0024960533558273917;0.004724396224834403;-0.004696795668562705;-0.006968680463133945
-0.00228217162619779;0.002457195849204841;-0.014194866911123425;-0.002459401059232988
-0.006062006527375571;0.0016115329448790241;-0.020133206709217345;0.004301273187261209
-0.00736481253802324;0.00301594209700849;-0.019914720226667192;0.00945162408794731
-0.005610814952992528;0.005567042357432911;-0.014463825631395645;0.010688336579643257
-0.0015304662512900422;0.007368879728061391;-0.006777701619679788;0.008529160601338607
0.003250349922592405;0.007394850898699961;0.00034066219699944246;0.005127780827102168
0.007078882891347642;0.006129412684812322;0.005368541083343927;0.002267611480770127
0.008981226799071484;0.0047712601931116025;0.007754298228376934;0.00047087585446825065
0.008886593711204458;0.003940239296528671;0.007428862409642734;-0.00046309422158876193
0.007426245374316374;0.00315308857545014;0.004921637270376571;-0.0006731871354543977
0.005494352188676174;0.0014727102779056361;0.0015856550249471434;-0.00024425936899735403
0.0037668013714965863;-0.0013848765541232147;-0.0008653472491988675;0.00025649231544145137
0.00239766677720604;-0.004556961648167895;-0.0013819641312675195;-0.0002423947281850496
0.0010545424250433524;-0.006581536710476837;-0.00022106607358048696;-0.002442572721901122
-0.0007430398268941305;-0.006453168068673056;0.0014177169661566244;-0.005762608643283813
-0.003200313546276424;-0.0042739277157504306;0.0023757883142476103;-0.008508620073115432
-0.005977395100134327;-0.0010476116646745861;0.002255945319305987;-0.00919506220046443
-0.00821437865376722;0.002058415618252139;0.0014071945352876608;-0.007890231612490375
-0.008880007149936711;0.004301333918504288;0.00037907240858181236;-0.0064008228021818795
-0.007327962239732073;0.005426843431412875;-0.0006449334617231857;-0.0071410649384837386
-0.003774781198305448;0.005404997151040927;-0.002017265091193251;-0.011533692728136374
0.0006258243240721908;0.004276225887600099;-0.004263611309536984;-0.01894154154511111
0.004237549038678037;0.0022870456829902483;-0.007440226604906311;-0.026665053183968914
0.0057209407819663475;8.995550093934865e-05;-0.010793818825903924;-0.031071878611547952
0.004695585972776951;-0.0013228734594831388;-0.013173302805004528;-0.029516043799439076
0.0018727433282222608;-0.0010359615623627277;-0.013923092004826897;-0.022122298919954958
-0.0014255652002365133;0.0012279168861071255;-0.013377432365275822;-0.01213612334414344
-0.0040190419172244874;0.004736738786685372;-0.012417720636486058;-0.004193943691041415
-0.005371572163719586;0.007906426511765043;-0.011578951872423048;-0.0014522582939739456
-0.005559641586488986;0.009106686031906109;-0.010657628712386904;-0.0036254597560295104
-0.004870792130004169;0.007702416682882308;-0.009107343906609168;-0.007424741683377133
-0.0034619411331163223;0.004512471258557756;-0.006632711109036221;-0.009066471332933897
-0.00137658820677589;0.0012385426908333545;-0.0034198043752111935;-0.006970033210393626
0.0011723017711457967;-0.000666892111527053;-7.55179960806871e-05;-0.002684552791375166
0.0036291631294999237;-0.00077604356660848;0.00249090004576386;0.0005418382527609862
0.005292440772106154;0.00035888617944240033;0.0033685608172554574;0.00034488622871790717
0.005737552241577443;0.001799395513641665;0.0022287893176472407;-0.003060445607581241
0.00506879701981481;0.002804668682901109;-0.000240399640895732;-0.007273516830606996
0.0037744703662582206;0.0030757285789009027;-0.002621424695496373;-0.009626275703079215
0.0023490375514870617;0.002694465260869064;-0.0036926258677245213;-0.00898646240473714
0.0010298705264907;0.001963403759983689;-0.0032346257097117122;-0.0062222323466387805
-0.00017733283711250436;0.0012758691273322316;-0.0020756829043542266;-0.00332435285006248
-0.001302583833186183;0.0009996563863919254;-0.001430082340205427;-0.0020495436540831015
-0.00227038218170601;0.0013262437557506244;-0.002081708908305952;-0.002982162461351649
-0.0029168599439958237;0.0021258791907398664;-0.00391565041122584;-0.005405536774151991
-0.0031021186551652286;0.002925427472499608;-0.005967988577463779;-0.007849710813585336
-0.002797412428671726;0.0030929148362950957;-0.0069011062222812235;-0.008927856508857825
-0.0020775829446960984;0.002181849858464859;-0.005698088463224769;-0.00806969391926318
-0.0010281947536628455;0.00024694938493965;-0.002309198845880167;-0.00586493961628492
0.0003642001678255821;-0.0021101380433548055;0.0020603844561314514;-0.003858901662312722
0.0022341542383330277;-0.004104314189648537;0.005269895693430527;-0.0038036649583067816
0.004678939746182618;-0.0054138478942258594;0.005167906698902175;-0.006580598377655174
0.007458376343237751;-0.006650526383956673;0.000781945643354472;-0.011234366537173341
0.0098049298377171;-0.009049770505232823;-0.006771063023427695;-0.014718390468652946
0.01062011587431525;-0.013191272234239982;-0.014166683603280727;-0.012896575066126724
0.009004611140445097;-0.01755828589820157;-0.016877945602573156;-0.0027900958722502827
0.004737298393177617;-0.018492596846127533;-0.011279850824353527;0.01499884024883538
-0.001575925918106373;-0.012402005596133987;0.0028692153122667247;0.03542303907585319
-0.008604572228751427;0.001023649336419989;0.02112412253051517;0.05068152000442373
-0.014485795950495234;0.017342134865235573;0.0357959103801225;0.05379237596013399
-0.017169510525942667;0.02934967441378799;0.04007973856874897;0.04228497902122853
-0.015069508356992292;0.03137077873083576;0.032369931846170596;0.020162794958916073
-0.00792679173935073;0.022795307239399203;0.01745585772598817;-0.0032272931371143906
0.002552150155574061;0.008510429763831881;0.0035115299083263306;-0.017464007969501188
0.012847823121904519;-0.00392958869294631;-0.0028424211087516456;-0.01644265322539433
0.018878965108546125;-0.00862509150641656;8.852952779623015e-05;-0.0017079047235761633
0.018007145397717285;-0.004457529875337604;0.009025417441650236;0.018453450569999856
0.010724621179833704;0.005053114852263295;0.018239465701665777;0.03381253666118182
0.000799928032538374;0.014786758934673792;0.02271689082126445;0.03801151532361824
-0.006551894989981942;0.021077059975403642;0.0204225242607003;0.031632373127894395
-0.007585365068125534;0.022276622849785373;0.01305166047417067;0.020637013727119652
-0.0022495228417438082;0.017486037322849906;0.0051987033947307176;0.011744707327684902
0.0057683276115035095;0.006172015926854691;0.0020687255616666186;0.008314940783090238
0.011288491972002313;-0.010277809677485934;0.006462206707834507;0.009276840820748075
0.010766445212974034;-0.027190427101400502;0.016742275218725726;0.01103378375440309
0.0043579405066681174;-0.03799505305697069;0.027528615894953888;0.010438530815358445
-0.00428848965833754;-0.038019593174455024;0.03307364118970499;0.006781532247858685
-0.01031540770150369;-0.027655128627942678;0.030939511894836038;0.0017623830953810238
-0.010557594637199314;-0.012262214109805894;0.02314835711266632;-0.0021583280708738816
-0.005213583869950335;0.0010556502082255924;0.014153667074427449;-0.0036100835268614386
0.002676987235974404;0.007357770522351781;0.007649735480228997;-0.0030259010956733257
0.009330100488012666;0.005887959872829209;0.004767560871761115;-0.00192024390256105
0.01229632502267938;-0.0005809330262908819;0.004455673806950987;-0.0015118257694011204
0.011290970993903188;-0.007936572047821326;0.0049518691291808685;-0.0018039980111961764
0.007680712699598983;-0.012706493723696009;0.004927268756429295;-0.0017555939771149967
0.003383121016816131;-0.012959429204373771;0.0038258546776210305;-0.0003310111031908139
-3.698076639302749e-05;-0.008451231866660504;0.0017377269399189287;0.0024136105935204815
-0.0018052533304590474;-0.000600975974167566;-0.0008564426832060469;0.005063969959797715
-0.00203238527843225;0.007765303022141188;-0.0034005507493402743;0.005640061642089798
-0.00156005893065966;0.013375058890139973;-0.005506164016786398;0.0028896906136939332
-0.0015372315166289137;0.01408071725891505;-0.006935337243467637;-0.0028161701135048585
-0.0028305449708985403;0.010061420211594469;-0.007486083398495812;-0.009526642914583107
-0.0055366082727442475;0.003651669583962165;-0.007153192233613356;-0.014588358937615406
-0.008793508958595552;-0.0021557174164281508;-0.00646906712745418;-0.01587227012852028
-0.010940359407683366;-0.005403533709659206;-0.006431415385471712;-0.012833122171122742
-0.010069407700300115;-0.005891166722685519;-0.0077828796733684005;-0.00694222128461462
-0.005002244410344512;-0.004674950113599934;-0.010286841968702037;-0.0011108309750899902
0.003594202330558416;-0.002995509382438138;-0.012862733077604886;0.0018942247023897509
0.012752368342083494;-0.0014563409717373646;-0.014545684320315062;0.0012468272045340848
0.01825434341770419;0.00010530332764282733;-0.0152071913406483;-0.0012836207422682044
0.01704205778875134;0.0021318075193455244;-0.015176916215207696;-0.0026289676195733504
0.009411857855487886;0.004721970211404242;-0.014300605485413587;-0.0009187720654683651
-0.0008866013311943325;0.007390401782492492;-0.011840360806008924;0.0028593912441440797
-0.008978530247987448;0.009343056660158491;-0.007592576269123175;0.005639637132576885
-0.011875753388864818;0.010006392060780116;-0.002781438672314096;0.004969357811148353
-0.009912214101718678;0.009480590844346338;0.0007295235495152315;0.0011765430793639758
-0.00583391687234661;0.008641309221322521;0.002221035638905795;-0.0030291482216645875
-0.0026544167170158557;0.008652786287028901;0.002743625703704969;-0.00504438243419806
-0.0019449299301454507;0.010003768677250068;0.0037683553164590167;-0.004432812048743531
-0.003396192303131703;0.011804195951883582;0.005475944026629326;-0.0027269055457693147
-0.00543931865608911;0.012171166389436413;0.006656132914828772;-0.0016592658125259283
-0.006300095366517175;0.009635706947104654;0.0061636664338992;-0.0018638043782445522
-0.004964018425832593;0.004449047248734181;0.0041593349497677555;-0.0029858135802983145
-0.0016983744889173757;-0.0013676919622344103;0.0018860363511595294;-0.004404513454372718
0.0020797459465001994;-0.005319935391790596;0.00046882676067388373;-0.0055462185847516094
0.004545479113872037;-0.006038945830012223;5.202071388691233e-05;-0.005820771819807723
0.004450693183099104;-0.003966423358615467;-7.396333516658903e-05;-0.004801884238191254
0.0018225789524092774;-0.0007613133351257464;-0.0007208747362751027;-0.0027064947858915908
-0.0020134775041059463;0.0019035197885164915;-0.0021307863100211;-0.0005326156854636948
-0.005110765309234463;0.0031830880128655243;-0.0038127737216212976;0.0005492602705477307
-0.005907843954805938;0.0031099599900746957;-0.004918765715433298;8.898787276669655e-05
-0.004006747117476807;0.0021536344465536814;-0.004866044207348673;-0.0013116546989263966
-0.0003161680064027005;0.0008351005506157767;-0.003754326137615058;-0.0025160253944918375
0.0034635727301181927;-0.00037306435070788205;-0.0022906893934278322;-0.0026920735880884704
0.005686794143972812;-0.0010334529501845446;-0.0013374560813310201;-0.001762063552238626
0.005490723111235685;-0.0008438070219857649;-0.001448424197421214;-0.0002465148035246974
0.003084743990774011;0.00017867118605076684;-0.00265060292759057;0.0011822821952088855
-0.0004598601549492417;0.001641873128949769;-0.004486260933540105;0.002039810955069059
-0.003752977668765629;0.0029634834937865956;-0.006230623326067897;0.0021289737067540417
-0.005691203971610074;0.0036801370973801426;-0.007206700219256523;0.001501111060224589
-0.005868487147201105;0.00366411465313379;-0.0070807130557207125;0.0003962122864493501
-0.004641681861301635;0.0031142421339609943;-0.005987725472765799;-0.0008196815703144877
-0.0028706174868939854;0.0023550087225799126;-0.004425073427025499;-0.0017526973785811412
-0.0014951846549550614;0.0016029322504973146;-0.0030009282941809634;-0.0021170453608802026
-0.0011405524425610117;0.0008665585240096818;-0.0021859670724235555;-0.0018653915685432926
-0.001872796874340171;4.4992481697586826e-05;-0.0021595876467584677;-0.0012534158754452592
-0.0031519227194922806;-0.0008466299586829545;-0.0027610984293179766;-0.0007848078328063315
-0.003997973304780316;-0.0014882525828345738;-0.0035266571770423806;-0.001010240988432496
-0.003366586248549768;-0.0012665001998356123;-0.0038099529061339384;-0.002214460574881496
-0.0006632908844293843;0.00044954301502528093;-0.002996341394330814;-0.004116277771280758
0.0037996943419101336;0.0038735477807267677;-0.0007826131906342808;-0.005782555175248657
0.008705356641193464;0.008468720211932616;0.0025860808977907434;-0.005941772709573096
0.012225567858797491;0.012989817265103084;0.006284907980554608;-0.003707155590868876
0.012983319543891304;0.015937615915805902;0.009178575648213401;0.0006092935282323721
0.010879470040105603;0.01608821307092418;0.010289071495876644;0.005223377590994692
0.007102986278779641;0.01267997757656525;0.009200941048536252;0.0077035340013792445
0.003286173452129931;0.00534377553740639;0.006201820507888161;0.006679550304281255
0.0005426897769004373;-0.005602651513580788;0.0021636960748040016;0.0031458606855977755
-0.0008668457657027676;-0.018285547337861096;-0.0017034524209757435;-6.105039592113184e-05
-0.0012009109105703992;-0.028845242034055946;-0.0041411491745222545;-0.0005095808890684073
-0.000737693377499283;-0.03280466360598673;-0.004215591365892713;0.0017823952119672493
0.0004287495809151059;-0.02792795528928051;-0.0018223129226002097;0.004385687052579068
0.0021803293633635605;-0.01622301877392413;0.0019114992252614686;0.004511484788243409
0.003976370074584166;-0.0030635855095900505;0.004892501397917841;0.0013357130257010638
0.004686677099961731;0.006025407815141001;0.005270979315472601;-0.0031394524533987925
0.002992191005968395;0.008471700956177143;0.002866036510891116;-0.005303947854938852
-0.001721690155796005;0.005646892160124944;-0.0005316722149180007;-0.0025348982912345927
-0.008525318009570255;0.0014339422282935261;-0.002501709484425459;0.004555849212022892
-0.01485495855275302;-0.0005842268137140063;-0.0019131074990213685;0.011979088803051794
-0.017515694251316966;0.00034064690622625355;0.00029594601430454757;0.014725467098815741
-0.014407145086108882;0.0014699273354993657;0.002157108725834137;0.01012565992720535
-0.005981997621145555;-0.0014657918511659046;0.0024943651377273513;-0.0001640132276276876
0.0045634505356528425;-0.010698400466290671;0.0017936005256968264;-0.011077085794572424
0.012665427907491094;-0.023876926067887827;0.001397985516924768;-0.01747860121534665
0.014684584551257101;-0.03497965293428187;0.0020026580311481223;-0.017622706957438786
0.009867938089017073;-0.03835055674361441;0.0030202581293168928;-0.014084317893888264
0.0008411490459154276;-0.03246001955394324;0.003319437387855674;-0.011279574820270219
-0.0077089517762267985;-0.02018090947994316;0.002380670939275648;-0.011526736769810704
-0.011455106277149279;-0.0059787665032201105;0.0006522082607469891;-0.013089734254815534
-0.008636640908503846;0.006735499999882993;-0.0010900892984031215;-0.012016702439333742
-0.0009028351026311056;0.016009104073194457;-0.0025583183784379914;-0.006031233879309021
0.007607187643251248;0.02059902534886824;-0.004112234744367273;0.003178569641702864
0.012437210954143045;0.019998690690646123;-0.00617478537941371;0.011137276656057373
0.01109547608309406;0.015110865352095751;-0.008471887092319136;0.013743228238475132
0.004249860283888978;0.008047019200375809;-0.009804727583675945;0.009734264630254211
-0.0048317675057818485;0.0008094342002769362;-0.00872299850035594;0.00125045902475799
-0.01232370532720851;-0.005643714283594938;-0.004784675833264858;-0.007148500765307257
-0.01604886971591115;-0.01086055104426281;0.0006051938567957203;-0.010468539363699549
-0.01621682742334639;-0.013743432923215726;0.004793641434909478;-0.005837073446041774
-0.014239879195558499;-0.012564236242241143;0.005819276905656005;0.005450484890294913
-0.01100585138502966;-0.00669508022727821;0.00411773775256721;0.018048627443971208
-0.0064264304072241705;0.0014747298436576315;0.002229798004938505;0.025528866578633312
-0.0005148883042731093;0.006750076643067396;0.0024823662595165295;0.02452227628201832
0.005502876082420851;0.004257386916941931;0.004693915962919365;0.016840532290173557
0.009512455376687797;-0.006517433230654305;0.006143951815862873;0.0077316478490950385
0.010127562397256224;-0.020295259203047335;0.003998521931892939;0.0018106687201764225
0.008060312412227287;-0.029077558157927924;-0.001956496821247733;0.000241237206009022
0.005842144389564454;-0.027837044938320475;-0.008816911709020743;0.0012309681984610061
0.005933013621408637;-0.018251512525506896;-0.012848615533456724;0.0025519642194402783
0.008686384958695404;-0.007145584542761968;-0.012550610281250303;0.0032441579329295597
0.011829432661415805;-0.0008314442425861381;-0.009779909515929084;0.003231722580006123
0.01195383378248729;-0.0002526926941416099;-0.008055205805462063;0.0021292272530089454
0.006985548922368379;-0.0010591874309003625;-0.009706098042720412;-0.0008445158475608536
-0.002122949980407632;0.0018345385436874238;-0.01433964074866991;-0.005667437115484817
-0.011675200990282245;0.009611007961629489;-0.019543512594762297;-0.010725380007292873
-0.017293069800441138;0.01888810774830681;-0.022667691693585644;-0.013828898406633074
-0.016385010488919324;0.02507424601620968;-0.022062907940725227;-0.014276706583916818
-0.00951122366965137;0.026221816770199427;-0.017330687410246026;-0.013704587002201295
9.299574836530937e-06;0.024001647157803938;-0.009204676428183485;-0.014452732800071809
0.007849467139596479;0.021533264297096465;0.0004982661836922845;-0.016863175049591138
0.010814693013605728;0.020546948112138565;0.009172700416776836;-0.018455204566174235
0.00836467389277101;0.02038197306093085;0.014349359910658416;-0.016264472723131435
0.002763437301921473;0.019198101614936437;0.014890522465689516;-0.01013443985051817
-0.002303848003235298;0.015835441770244936;0.01156831241442639;-0.0033471475819015517
-0.0039088854060293585;0.010662740041524708;0.006556133693974361;0.00032780970997772714
-0.0015080854838260937;0.005099267268678347;0.0022604212785019796;0.00013153739786075027
0.002975928123128266;0.0006304478770692516;0.00030671817820154075;-0.0012686633123405605
0.006516780470347973;-0.0018728573504358617;0.001075235872781084;-0.0006195996377468719
0.0067966625417871865;-0.002341966197340766;0.0036496593898660947;0.002980021601389977
0.0034261002089862433;-0.0013672825027950287;0.006096431231480754;0.0077285589961153004
-0.0019237068057391695;0.0001343196015227231;0.006295651840103277;0.010984814285745558
-0.0064093309918808045;0.0013186728671232986;0.00323748588423468;0.011177211346197674
-0.0075005436482148725;0.0016914036332997084;-0.0021026894025820485;0.008450993495917675
-0.004388127067434553;0.0011478743397958567;-0.007271666763598368;0.004311267927105131
0.0014632247293871329;-0.00011315746839056837;-0.010010588732613727;0.0008722211920034868
0.007073422180360061;-0.0016183651645857093;-0.009680500154499271;-0.00013925840193729634
0.009667840407496481;-0.0026378783933473393;-0.007294182761991436;0.001564851820769609
0.008261767570556135;-0.0024487773571995127;-0.0044104980769055025;0.004469331994748913
0.004058679947872466;-0.0008894151975232439;-0.0020424209575943745;0.006215967170966148
-0.0004923810484063669;0.001228574469970241;-0.00032464238125898487;0.00536752225846254
-0.0032047312471354438;0.0024047933165675657;0.0011899169216515698;0.0024625665242803364
-0.0032443567961099777;0.001439580105205094;0.0030499895392203215;-0.0006318375582672817
-0.001300966934459082;-0.0015936298027976292;0.005478835833374248;-0.002408478564148757
0.0010320975562107338;-0.005241722684134169;0.008114547698793488;-0.002801660904812744
0.0021793389117102705;-0.007591254068186903;0.010095827028668444;-0.002780618942177201
0.0013113561478586971;-0.007501673654485068;0.010542298411459455;-0.0031615099387182254
-0.0013833141336634064;-0.005208034253987949;0.009126920108302305;-0.0039686835019911
-0.004870489539053679;-0.0019384776469390343;0.006317702613224654;-0.00480703665592518
-0.007720765959863158;0.000989268489856243;0.0031580236601672987;-0.005528449839139856
-0.00866724963602213;0.002823853006245853;0.0007818494330796351;-0.006324483230674027
-0.00711814918632082;0.0034209521261643044;-7.743602673692803e-05;-0.00723167599022216
-0.0034407754154825903;0.002920098745158769;0.0006054225725077306;-0.007749700642664705
0.0011458673217558844;0.0015302371042640076;0.002168695459057747;-0.0070726034345362015
0.005073479523709211;-0.00040345860752503135;0.0036353860138231167;-0.004726889728292959
0.007106163522333712;-0.0022795347004741654;0.0042060338714811326;-0.0010521155969387761
0.006862430570069023;-0.003344260381409076;0.0035271090310670873;0.002806512256149977
0.004911075054834781;-0.003007877404332857;0.0016282353116149192;0.00532342833020592
0.0024075444110070437;-0.0011343444807470494;-0.0012431499694472933;0.00520628399636715
0.0004768275166090355;0.0018647663623793367;-0.004643751542498011;0.0020213455724670637
-0.00033655554521934606;0.005120351947574646;-0.007841886861691214;-0.003340618591480269
-0.0002632466438541369;0.007518538639845742;-0.00984271668167445;-0.008653282288182984
-2.8667270575937857e-05;0.0080300008630454;-0.009708061992437038;-0.011114368471009505
-0.0002654173126458172;0.006131426830133213;-0.00711394074013877;-0.00881906728829514
-0.0010480203634337525;0.002141129695623811;-0.0028112600220653945;-0.0021961163284449576
-0.00194850106495997;-0.002826100108029655;0.0014740831960258437;0.005760427878616275
-0.002601982558011057;-0.007401956516427153;0.003885114723200364;0.011082724574672237
-0.003304229959510115;-0.010683068050799509;0.003565718235266613;0.011443723342882248
-0.005075398254160834;-0.012552559782634502;0.0012346776014206858;0.007873771745677027
-0.008993040720724155;-0.013345844497251947;-0.0012502702329247586;0.004062718377251503
-0.015135671319194416;-0.013228545375683685;-0.00198437042195874;0.0035417775656048384
-0.02186462310077401;-0.011939060235697034;-5.2202650431490615e-05;0.006791772528835846
-0.02615035323236273;-0.009179398334939188;0.0039617718254754885;0.010593222325444449
-0.025057553208435328;-0.005250228622716041;0.008169414419945287;0.0104123912658507
-0.01758818852293051;-0.0011401285618014003;0.010286750381939422;0.004241474506145249
-0.00560967499838667;0.0023349510633041163;0.008892945961624061;-0.005139013957176586
0.006853989553350796;0.005668505363784735;0.004296449885211182;-0.011568969927374311
0.015540416130506446;0.010624013056036375;-0.0015533200630837149;-0.009803649285427424
0.017919372733898504;0.018374548864818138;-0.005974560755782937;0.0005404264014255481
0.014198152314944881;0.02734927987892003;-0.006693477268565959;0.014501297635433672
0.0069984482558161955;0.0334032622436182;-0.002773745261443257;0.02515945871044246
2.477458886674065e-05;0.0328924005121142;0.004830052467180864;0.028157494658423758
-0.0035457663258483692;0.02587205620118043;0.01330146196902635;0.023759559783284773
-0.0022439620622261677;0.016124660682653044;0.018874940486863803;0.015258030518620113
0.003297411328458206;0.008003303490584679;0.018563916363311304;0.005894423449924711
0.01072818857714159;0.003268649988099292;0.011893499100172946;-0.0026569353458653316
0.016951729115893432;0.0006376438699949149;0.001460359380460819;-0.009485223362508384
0.019383089467592648;-0.002214463025474664;-0.00826648540185294;-0.013245955830778778
0.017026915188323995;-0.006374313203650703;-0.01326107728363862;-0.012583055076684706
0.010831588940593065;-0.010847707709936524;-0.011919438747286923;-0.007779453184181563
0.0030987459017172408;-0.013428947191108882;-0.005603580860485845;-0.0013983680245216025
-0.0036548754694281163;-0.01242551023963511;0.002260033722960017;0.0032605340547423797
-0.007659856126469057;-0.00790374404128338;0.00780469216228458;0.004465224686627317
-0.00825005557817821;-0.0015910435723812295;0.008372169125946726;0.0028595836649321603
-0.005714898770150467;0.004244161485974818;0.0037019631803784036;0.00028886756220497626
-0.001005222931610501;0.007886509754362258;-0.0038652849556862342;-0.0018917044829001152
0.004458188391763508;0.008621377948477822;-0.010576835523506922;-0.0035228197038569293
0.008914656899181259;0.006726367691802317;-0.013448496208929536;-0.005171724116676852
0.010619257696763232;0.003343662384250779;-0.012034706222976786;-0.007272612860187573
0.008601941340666367;0.0001513554528203547;-0.008402266618911846;-0.009664153947834661
0.003475203664394857;-0.0013910890221368415;-0.005308311218111217;-0.011740357252214539
-0.0024855789360480247;-0.0010098181198916795;-0.004103036018415449;-0.01283644328757475
-0.006429857889527069;-7.81033046919237e-05;-0.004009224133312987;-0.0123533497353985
-0.006664991987682484;-0.0009391308533667038;-0.003109838674085283;-0.009639661348182383
-0.003804811550725438;-0.005270772682771475;3.808686382685491e-05;-0.004143318462171812
-0.00036528559622840256;-0.012610364716132028;0.0055134155582650425;0.003964870209009782
0.0010540167929725033;-0.020283797856660474;0.012307142641440396;0.013271988232659699
-0.00026556307429529005;-0.024978756000089752;0.01910579447099061;0.021417606337436876
-0.0025473937182987657;-0.024852150168961057;0.024689310500568083;0.02613834986799697
-0.0028044868555484864;-0.020574263195594734;0.027808656272972947;0.026289185121626035
0.0008297083983042832;-0.01455327009845762;0.027179543817341556;0.02222824213458335
0.007353107126880714;-0.00906934067133966;0.022084850427166756;0.015598822379270391
0.01300876988107711;-0.004920694440086684;0.01324828228356085;0.008793282427285717
0.013365149620887435;-0.00163653695157745;0.0031084102606683053;0.004104043640001001
0.0061628316629684;0.0011918501401542592;-0.005066518350046517;0.002517084447114979
-0.006917153007426102;0.0029176375567063198;-0.008899652060803108;0.0027912663105873156
-0.020828785431955453;0.0021870718252908075;-0.008325739049917538;0.0020720766683320594
-0.029776701332914053;-0.0017238683684796877;-0.005514821666446882;-0.0016351233000106856
-0.030172299987787695;-0.00783048164293921;-0.003172951947834662;-0.007035431484459749
-0.022143258864206598;-0.013572331164962896;-0.0025818317847061956;-0.009954716049723913
-0.008997121059925374;-0.016120641111599124;-0.00307560628574483;-0.006956890141305026
0.004631209702770942;-0.014002698959722691;-0.003260037326174026;0.0011063003336371294
0.01475248296681598;-0.007963388626436455;-0.002581361923231072;0.00931830939394543
0.019290538785758777;-0.00043361678382510953;-0.0016855478525410026;0.012633830121170763
0.018380857002069463;0.006037350551653333;-0.001465296829447492;0.00971209352411053
0.01384853870114049;0.010180959061459894;-0.0020619150342811258;0.0032678349285303193
0.008281396681365604;0.01220141225073894;-0.0028799143435408515;-0.002721119668982284
0.004143920676820395;0.012852883123635481;-0.0033556384466461612;-0.00592839276472184
0.003124082928985186;0.012447782709443914;-0.003502927330382952;-0.006418831826849397
0.005673010494188331;0.01068834255215263;-0.003776242548973951;-0.005450209324241752
0.010777404464539602;0.007291084108121815;-0.004545691637462128;-0.004057491847985989
0.01621593623030735;0.00270918794283532;-0.005631394107511319;-0.002632414935228878
0.01945136753138432;-0.0016943772522565557;-0.006217348102785496;-0.0013966747352500562
0.01879850129873231;-0.004210893920903137;-0.005365302312758554;-0.0009380282741317672
0.014118477776901001;-0.003769423331176135;-0.0029209644024802304;-0.002148350959390624
0.006625072384034624;-0.0006851926982892187;1.692625312292273e-05;-0.005534185478119249
-0.0018220005948532357;0.003411213199893177;0.0017493837311191825;-0.010471335687963079
-0.009279608295208304;0.006497680777925388;0.001334955305044645;-0.015132981280321289
-0.014007519695255788;0.007299857360113131;-0.0005732947555842437;-0.017331663044028327
-0.014849327616421208;0.005826145233226851;-0.00216960163676207;-0.01575789190252425
-0.011821587912390985;0.003045515865200063;-0.001838454849633055;-0.01079350239360542
-0.006404905809104105;0.00020417607715437857;0.0006363044799201323;-0.004426050368317384
-0.0009813401760531762;-0.001637578113932706;0.0038716593289269156;0.0006799240331203201
0.0024131699787981204;-0.0018176157582757077;0.005847799056904798;0.002543243544326547
0.0031407614300355017;-0.0003255198296530244;0.005313960716111749;0.0010023176638036201
0.0020395365645446244;0.0019369389027307409;0.0025632180667429683;-0.002103805103395493
0.000559400073570504;0.0033324104778835115;-0.0009255347800247717;-0.0040416375781407495
-0.00029617027263267236;0.0023455425486508994;-0.0035280120037066093;-0.0030416323434073124
-0.000460028351332262;-0.001336586178564019;-0.004367760315452718;0.00037211198323778004
-0.0005437565675110405;-0.006394553572536162;-0.0035955043664987287;0.003704959465686679
-0.0012318635494902284;-0.010553586095937172;-0.002091118709967171;0.004351657847699391
-0.0028295338710738697;-0.011924200743436728;-0.0008729603332845681;0.001515842693210842
-0.005158247340792984;-0.010038394737131789;-0.0005591979235184703;-0.0033862715917670335
-0.007673471301030761;-0.005914889862706233;-0.0011469222201934278;-0.008028349923762414
-0.009623471937459603;-0.0012860557016976593;-0.002146514382960398;-0.010870689522669197
-0.010223163721023117;0.002312231392099697;-0.0028990420436760824;-0.011804774663248894
-0.00891402271573714;0.004002877041883091;-0.002887408459434023;-0.011514150464577879
-0.00567788121192988;0.0035635233593575054;-0.0019512796966269868;-0.010499547971460426
-0.0012201671337405994;0.0013100657825927766;-0.00036028059925946186;-0.008738105355271206
0.0031598197480120173;-0.0019281777158807695;0.001290903236376921;-0.006069586504570062
0.006032486714945871;-0.0049021563626247535;0.0023210126690643503;-0.002702748290729395
0.006460382659281553;-0.006332650748665144;0.0022217167864972565;0.0006815690296711773
0.00448420495172494;-0.005504002376953709;0.0008846931185063464;0.003223571101394849
0.001189691355066055;-0.002676921507021506;-0.0012270594181812715;0.00425180371803832
-0.0017744671998985667;0.0009878331359155835;-0.0031325763089675445;0.0035195997225002757
-0.0030794883523138743;0.003977197065422382;-0.0038263208030532543;0.0013255125526502615
-0.0025190965099089325;0.005163755150220943;-0.0030371989730086845;-0.0014922502632300893
-0.0011223000775364058;0.004364191773942481;-0.0015663028835531175;-0.003846672073848549
-0.0003580320162057951;0.0023984788574623133;-0.0006619928524387098;-0.0049994047673102
-0.000982065459518098;0.0005327522516375266;-0.0008322975888971935;-0.005043402562071253
-0.0024929478561784607;-0.00042965359419918053;-0.001251847710817035;-0.004701822565411977
-0.003673749256863577;-0.0007619304516465721;-0.000487917247063486;-0.004472255519762051
-0.0036946301467026686;-0.0015241041631607053;0.0020400239738807406;-0.0039681216643033665
-0.002736183730890712;-0.003454595124162574;0.00525968404243175;-0.0022990470229721257
-0.0015792755721323693;-0.00598602780213175;0.007120435397825532;0.0007393468786524377
-0.0006216827748879197;-0.007421904960518201;0.006175002377469548;0.003918876874252351
0.0006248360438620195;-0.006331147431661963;0.002689542908093481;0.005263205969236739
0.0029126942095875925;-0.003013695752712301;-0.001577748435863205;0.0037437167447253988
0.005972965687690425;0.000340351204124388;-0.0045527945761165145;0.00044923632522864614
0.007829192814049713;0.0011412740046927163;-0.004918912575592005;-0.001984036457485619
0.005661912026580899;-0.0015302382472282482;-0.0024504985347167333;-0.0013978835019408371
-0.002082629147415074;-0.00593810134152928;0.0021824547037935437;0.0020187028106276573
-0.013826479127926512;-0.008718815519670513;0.00765805617323041;0.005602454933246479
-0.02482611614948072;-0.007304201652037763;0.01225509055330999;0.006049035696265904
-0.02940285578063181;-0.001922224204375303;0.014412936416221095;0.0018875936274998064
-0.02422054376632728;0.0045202631083555165;0.01352747845671343;-0.005176712422376165
-0.010485066044108905;0.00882590360840168;0.010336886703242591;-0.010973488504655763
0.006429116324074472;0.01032555383534823;0.00640009430819132;-0.011221461823197597
0.019693496059197454;0.011526531311355823;0.003034792495055154;-0.004208221986032727
0.024400237723793208;0.01563218703599183;0.0006399249322308937;0.007756516373872715
0.0197196672668413;0.023040913206073287;-0.001103217996980807;0.01924959446956757
0.008886916138011043;0.030338946327089226;-0.002552991374437778;0.024878117255229714
-0.0026630931491378284;0.032974264096080806;-0.0036996833781942576;0.02272015028713575
-0.009847284741273797;0.02891998250458468;-0.004308402842001673;0.015368497382383649
-0.009974856783188326;0.019746791804937987;-0.004299380326557569;0.007623372991210338
-0.00361484254230368;0.008663721501684166;-0.0039701431974973654;0.0028802714651517598
0.005831834172775955;-0.0017651228325563633;-0.0039338482253157316;0.0013443986923583147
0.013659439390747282;-0.010031594920118708;-0.004815202692558466;0.0011613583823050413
0.01598566085622148;-0.014871252982059172;-0.006804937864235429;0.0007622926502135147
0.011609378716839647;-0.015124015794198902;-0.009323544944368503;9.499050269893713e-05
0.0026043991006862977;-0.010700409298356457;-0.01111940806273532;3.796156553209639e-05
-0.0068067836093997115;-0.003390792114495723;-0.010868004814048718;0.0010473810750594311
-0.012494049852021693;0.003611833017953293;-0.00795549986225081;0.0024648711252303044
-0.012421422633963876;0.007295714724857069;-0.0030166277787534697;0.0030792082029429796
-0.0073271325902881605;0.006457261670454549;0.0020824957124338317;0.002393844853727233
1.6995263165483108e-05;0.0023810924146917363;0.004996064454348363;0.0014351015403316438
0.0063030681966981875;-0.0018052507348472837;0.004255004646692349;0.002246186568317903
0.009157877783192417;-0.0028053889687527397;0.00046811011546192983;0.006214498456747096
0.008018886824372271;0.0009547602739835026;-0.0037253711659207974;0.012396496030600326
0.004105163273646876;0.00823694205544355;-0.0053188125464747335;0.017319539041826662
-0.00045519232152827903;0.01543109676338239;-0.0031416060349515047;0.01687087270514894
-0.003808862870267484;0.0184552492923547;0.0012454591524256387;0.009125033789205603
-0.005162373635125991;0.01512163595047521;0.004899654539602854;-0.004151198319314082
-0.004832693946957064;0.006545493709314526;0.006016771520951778;-0.0185299940052501
-0.003788355300802134;-0.0033720153027972434;0.005346858708911229;-0.029349941660296103
-0.003105800792272618;-0.010145967435484234;0.005182068521935857;-0.033480082823485004
-0.003571220911201915;-0.011175141293684082;0.006867296699094164;-0.029801802407431098
-0.005430016009869423;-0.006925113884023814;0.009157068852689876;-0.019311736658657385
-0.008234879304472155;-0.0003512681618009684;0.008953132469566196;-0.005289860255850823
-0.010824684240104262;0.004743059180041539;0.003832034304289536;0.007311120385912872
-0.011572842401127903;0.005482632190918819;-0.005761701597134184;0.013887710315063372
-0.009027557820841315;0.0012468785723220035;-0.01643801354452175;0.012674209723207945
-0.00278764165577617;-0.005979004650551881;-0.02385994411818372;0.005923413796544579
0.005917786472362121;-0.01271498784309611;-0.02517875467471011;-0.001209335217598373
0.01448200236364229;-0.01616672633803757;-0.020258713441359565;-0.0036345787069060956
0.020003771254292455;-0.015909456814350246;-0.01131453549176742;0.0004616329646516559
0.0205828643687116;-0.013689533204497633;-0.0016568356593309082;0.008278029911764696
0.0160908350592329;-0.011678682366008428;0.005701570852277032;0.014236013705474023
0.008089029602401468;-0.01087443710997044;0.009196252369873759;0.014056411304123858
-0.0009166925403537627;-0.01085951014876153;0.009243812458898517;0.008024463581759454
-0.008425516820594468;-0.01063124539300228;0.007734174476371006;0.0006639072817405167
-0.012684195544654876;-0.009460628934322859;0.006661669191717811;-0.003015462421616348
-0.013046161747759149;-0.007185662436884542;0.0068783912291681595;-0.00148725409051229
-0.009977984895754504;-0.004046364191942576;0.007862760792034995;0.002436595043569986
-0.00478196236507001;-0.0003949106449376966;0.008444971150633316;0.004270237771079091
0.0009229451666842898;0.003495026206329526;0.007716444122421753;0.0014551255711000289
0.005811261862995747;0.007403624636248464;0.005458164128101605;-0.005009596414821325
0.009243872867665813;0.010920713008105543;0.0019843635132366535;-0.011721564882660025
0.011223017015394863;0.013204778230806563;-0.0022248300433916008;-0.01539631701129301
0.012015077888329086;0.013130159169749783;-0.006644863807111595;-0.01469733831204724
0.011768605533386324;0.009970655904613773;-0.010532628455262847;-0.010318062950118022
0.010407667504780522;0.004202525047649999;-0.012901333780326695;-0.0038381989450313693
0.00789079078704014;-0.002300678219575451;-0.012953944382483693;0.003262757527873043
0.004661081467018191;-0.00704993041782039;-0.010599829854629214;0.009631562513088755
0.0018322326773095132;-0.008325360075304657;-0.00647473709212005;0.013671007495819024
0.0006973044753879421;-0.0062744275882490215;-0.001542973384118315;0.013863260643687805
0.0017530915051291293;-0.002882602138122075;0.0031531095588542947;0.009863650519378979
0.004094532229031059;-0.0006233698474091267;0.006521101473999781;0.003181879446202994
0.005877532355902168;-0.0006230545730598446;0.007725092476720765;-0.0035341214701525843
0.005561275978860946;-0.0018323353885056203;0.006784312571853098;-0.008089003680683592
0.002909504109039718;-0.0020646283688064188;0.004660670648998314;-0.009735253867641333
-0.0009329331324487851;-6.942970587864483e-05;0.00245467889775586;-0.00887968624153435
-0.004103035363994529;0.003258938386731399;0.0005901357549158167;-0.006265046033941654
-0.00487918486677748;0.0055944942150816974;-0.0010229017639364819;-0.002671827305165587
-0.0024551168378661578;0.005001982388721708;-0.002231639921865543;0.0009181400891540709
0.0024957256954550016;0.0012173189779553012;-0.0025179748234328723;0.0035490281111893915
0.007803271667847485;-0.004390405395711429;-0.0017807163266334853;0.0050506501335506005
0.01068860311559844;-0.009679842556823975;-0.0009144934712410289;0.006330682153316106
0.009311253510206422;-0.012624501617081754;-0.001212472035277454;0.0084533591660442
0.003987381926191646;-0.011949999910198671;-0.0030867488956729315;0.011278155280643246
-0.0029099019097603867;-0.007609613287542199;-0.00550718192137905;0.013217495316960853
-0.008412882792685329;-0.0010139791965399808;-0.006819499941943837;0.012580228882416888
-0.010751421673834095;0.005330677509950479;-0.006141528366179538;0.009224382780040254
-0.01021294247236992;0.0089418113760913;-0.003995595746636214;0.004853383062876778
-0.008572634530376832;0.008771499121437367;-0.0017026361927760948;0.0016493419629895396
-0.007635982464947568;0.005927015516191866;-0.00030039958342185973;0.0005482430794260446
-0.007960051834953116;0.0029837031047284072;-3.4468634111844504e-05;0.0007158503874941262
-0.008572816643254955;0.0022154620162677338;-0.0006478838292138921;0.0005591574927885016
-0.00778847320184819;0.0040095312550933555;-0.001835733061942628;-0.0008022528793647613
-0.004551800506365453;0.006652452138341766;-0.003280113243454252;-0.002918102172350202
0.0005069242718238807;0.0076125731284623;-0.0043999024791404814;-0.004529317677240872
0.004964848099042984;0.005350884300590653;-0.004379002975188004;-0.004467017326793134
0.0056781707824832455;0.000430344084428124;-0.0026893786039429053;-0.0021835593357065713
0.0006550120854938938;-0.004716515413836503;0.0003321768044256334;0.0020917326482815402
-0.009258448798926552;-0.007182820698613634;0.0034732683570620837;0.007250144615016145
-0.020074568130212047;-0.005430355701506733;0.005321057439194214;0.011335423519468837
-0.026346066054909325;-0.0006311056743562076;0.005118746210726794;0.012156051820061664
-0.024136883101131854;0.003460712400098826;0.003167792289089489;0.00853734224785618
-0.013471466271419541;0.002563956577200212;0.0005392376175085306;0.0014223379745626193
0.0014005785061645057;-0.005034180282240744;-0.0016340161151045813;-0.0062899351596868
0.014148199712224595;-0.016636306605733443;-0.0027637911011417888;-0.011460381380519946
0.019589390902578087;-0.026526133989923022;-0.0029231640261024794;-0.012834411401502448
0.01615332149366945;-0.029906221532526416;-0.002494268356369505;-0.011721335478376534
0.006341746879320279;-0.026032215532537522;-0.0017473840657201676;-0.010387128960106403
-0.004825594029867395;-0.017821176571019354;-0.0007628130492365306;-0.009510784117664005
-0.012356606142305835;-0.00885047276602284;0.0002730626176885854;-0.007334025594664166
-0.013495442204845451;-0.0010882086967165664;0.0007806859028425222;-0.0017371221432622703
-0.008673586619185084;0.004905169556199542;-6.516445314236565e-05;0.00665534119372959
-0.0009700450234463207;0.008774330293689145;-0.0027120068928434622;0.013725341974369216
0.005526040944466496;0.010214838069798787;-0.006556936539039779;0.01466981691345072
0.007673343346566797;0.009687103578832696;-0.009819447612405881;0.007921235108202617
0.004730843511962578;0.008430272050241829;-0.010304597553052137;-0.003349445022948248
-0.0013309829735222525;0.00744648196220768;-0.006818323036361134;-0.013302111092761927
-0.00691668090138511;0.006742248177168362;-0.0003360962518246821;-0.01717856368222132
-0.008838032072322336;0.0057631580735392415;0.006140969886145546;-0.013875432959906642
-0.006092222155993321;0.004390060030955466;0.009277733244736174;-0.005874010880275435
-0.00023556983042725835;0.003260776867028962;0.007520313420474199;0.0027814214347954037
0.0057596988357174065;0.003110281549774664;0.0019891166489827508;0.008688874346252996
0.009229414263055102;0.003938545101014174;-0.004460639375045869;0.010259893961048348
0.009044738348595156;0.004865485233934818;-0.009006120701156611;0.007808069020058802
0.005871361946654225;0.004697481741994908;-0.009929632714393238;0.0030871736534894834
0.001611507735601244;0.0025846829096883165;-0.006531670525098881;-0.001390052457985392
-0.0015686203080667405;-0.001660881680585142;0.001227202277938652;-0.003269789944580925
-0.002218608271575243;-0.007445764660645065;0.012401735099113187;-0.0014519786673559978
-0.0002140334982570584;-0.013266213138142614;0.024369203136974275;0.003115875042687302
0.003289943219049757;-0.016855221864736314;0.03308670001431692;0.007601762653944085
0.006557822718905777;-0.01606809669335466;0.034952882768237256;0.008624547183538942
0.008210523668727864;-0.010296671235205878;0.029118607976945012;0.004194606414480355
0.007819680711355416;-0.0013689210612750995;0.018194907832829548;-0.004805676948772898
0.005889093926377982;0.0070267494683371205;0.006586217246537551;-0.014565716496713569
0.0034290698414878545;0.011303607222768982;-0.0021180950481265934;-0.02011262477237142
0.001475481410844083;0.010149040461831522;-0.006548875342114455;-0.01833524301659446
0.0007107725918602552;0.0054055465930050615;-0.007057060044666023;-0.010469318788174245
0.0012034329033627944;0.000881619358954407;-0.0044651122015988;-0.00184325256347937
0.002337999078948336;-0.00017516432146162788;0.00042993373710609314;0.0016000445521139233
0.0030513854736614384;0.0029306065943629834;0.006372422436132464;-0.002378783777213185
0.002391777075822991;0.008294155680969785;0.011276983299583628;-0.010631697624370119
0.0002100792169742884;0.01301655464326944;0.0129483799415128;-0.017022202558469722
-0.0024354014629809208;0.014988410571512333;0.010487035980925262;-0.01706552448005271
-0.0036086749001494906;0.013673955729414614;0.005027180473700647;-0.011212160361951464
-0.0015966548897291678;0.009818236387309732;-0.0008980630887955543;-0.004222009602445537
0.003826103046373001;0.004733455662826764;-0.00474486861573273;-0.0011518543061983146
0.010847777918677646;-0.00023517492333526832;-0.005098120902530452;-0.0032916243158842844
0.016267929460621628;-0.003947686518267;-0.002165571636906227;-0.007448184521451376
0.017080920298022283;-0.005631248246417582;0.0023390929261807598;-0.00897205741903313
0.012144179162157133;-0.005098655466881543;0.005951781418539368;-0.0056354558652105015
0.0029741164093737;-0.002886358850839981;0.006734430450036124;0.000938468797876954
-0.0068354918219189565;-0.00011900879684753697;0.004429731366326089;0.007054129150379526
-0.013289320780264121;0.0019107478601427157;0.0006562901769007044;0.009953588183491487
-0.013854857280368938;0.002291439421112593;-0.0021119345466886932;0.009490737260087121
-0.008558910804841148;0.0009434455009674217;-0.002146212045913574;0.007456207780614544
0.0001508306147216348;-0.0012870059953745006;0.00040521700605544486;0.0056218995367281165
0.008582124241517325;-0.00305327577270337;0.003574126624326963;0.004451289446404051
0.013366170470247737;-0.0033097613307798202;0.004798617180860025;0.0034630732928562203
0.012728916930232828;-0.0020160636511153537;0.002589887383048461;0.0024662706958437255
0.007048010887747119;-0.00023949789117327572;-0.0024091424789038905;0.002095555139241269
-0.001402405039022692;0.00047391451433858125;-0.007698434440557866;0.0030184717002923723
-0.009409055277002832;-0.0009418420483364034;-0.010421605424502763;0.004791457322196768
-0.014185900553896938;-0.0044362743008473;-0.009178717140440818;0.005834250709506905
-0.014585392554335415;-0.008903217053268497;-0.004966341635177582;0.004780838085840338
-0.011454969032668808;-0.012758716830117763;-0.0005527590122193799;0.0018502861230624904
-0.0068383422152618195;-0.014561385342134827;0.0013302356679921073;-0.0012999696545070254
-0.0025621468797215586;-0.0134090577993178;-0.0003403767864523921;-0.003199659323421704
0.0007160834060548246;-0.009201385615779939;-0.004585436963130855;-0.003937686224120959
0.0033189341960546998;-0.0028345038518475837;-0.009542854920343485;-0.004651954997388793
0.005583850341482478;0.003963004378554585;-0.013783586337705985;-0.0055394000953876395
0.00716691390850341;0.00945707249429435;-0.01665330427540036;-0.0047145576157287695
0.007281715479286907;0.013022414600250803;-0.017755610114665605;0.00027332464799610906
0.00553016028277864;0.015507709349273376;-0.01665414189438751;0.00936287723079083
0.002442980989219983;0.018202252268245477;-0.013354134730405117;0.018654025244843428
-0.000737759815715641;0.021118836962225884;-0.008912514753381248;0.022769161222195727
-0.002750530731859038;0.02228353726496757;-0.00525015993140267;0.019050162295753285
-0.0029260179070391096;0.019053245066136204;-0.004149090726820834;0.00975255618629953
-0.0014321376678588364;0.010546340056500467;-0.00621916402707599;0.0003440261272252547
0.0008388488636373317;-0.000999904556268622;-0.01047933485791157;-0.004430148247315197
0.002671104485600006;-0.01127565328235613;-0.014674537471431664;-0.003490561568434003
0.0031027929075649312;-0.016508604507404597;-0.016180625280715566;0.0005139320859321018
0.0018994855389119806;-0.015537294464859385;-0.013174980235421503;0.0035413428011918592
-0.00040915433266141524;-0.009972642664148677;-0.0055355657932057755;0.0029590483437303187
-0.0029684425479633335;-0.002763880926555654;0.004998861527081936;-0.0010333346571058091
-0.005152435389319635;0.003505267161270451;0.015466626656437695;-0.005998819650832566
-0.006797473847640478;0.007526319786939589;0.022813219896991057;-0.009099824933757775
-0.007997176132653466;0.009219468042657532;0.025061222192692953;-0.0087842324001178
-0.00871135810679082;0.009206511170211654;0.022042649923036405;-0.005398130862129046
-0.008562063958528293;0.008303876877394535;0.015359652192976194;-0.0007069101324562735
-0.0070292698747162225;0.007220890611948116;0.00760841142612702;0.0031387717632280175
-0.0039576506389118575;0.006412170582763562;0.0012563376365593028;0.004622649596652891
-2.0017094455568836e-05;0.006020313305744511;-0.002327949940661982;0.003482463920792592
0.0032834683458910193;0.005919895884484868;-0.003270773290995873;0.0007015634364997763
0.004273252961534259;0.0058651155742745755;-0.0028035445102254073;-0.002155106909727996
0.002095867465647107;0.0056425618002526635;-0.0022868443804218938;-0.0039128683907467526
-0.002581264857014052;0.005095211692541517;-0.0022954317005075327;-0.004383662227185838
-0.007750628964881571;0.004031015634421416;-0.0024231271817000957;-0.004089027163280929
-0.011088208763093717;0.002227730628064744;-0.001880349970326588;-0.003390029135748462
-0.011168883794188808;-0.0002912435094613277;-0.00029716787687314856;-0.0019626920880386253
-0.008089558900674405;-0.0028789211516979524;0.0019385927842936936;0.0007292156007388962
-0.0031524230962092586;-0.0042607626490165276;0.003975187382434156;0.004409375391392164
0.002064868513385242;-0.003208863138939314;0.00506391993414031;0.007597952601418259
0.006509098765191098;0.000436037373085631;0.004924925673976898;0.008495394862057248
0.009767559239028204;0.00523850270958005;0.003679507264346325;0.006440254007797186
0.011618374449395133;0.008792872591734254;0.001490970271794014;0.0025434290664732673
0.011686495632272297;0.00928941715537495;-0.0016411691728191538;-0.0011642772424730694
0.009732645583967105;0.0069236639500658715;-0.005587993002864281;-0.00330108877617982
0.006335299395589522;0.0039134745458237145;-0.0095394482169782;-0.003977246562884774
0.0031070427998085093;0.002814491922171395;-0.011873864824165716;-0.004196125982163682
0.0018353197001098056;0.004260208210767641;-0.010801503376459768;-0.0044466558215634855
0.0029384268166088214;0.006004903494501591;-0.005409867508516024;-0.003836932414361974
0.004491027075947388;0.004355048455690045;0.0035549154592762087;-0.0006655690104427861
0.002957291575602423;-0.0028279707683221494;0.013590183424697031;0.005862958282604262
-0.0043881880806467075;-0.013836961242696651;0.02117248967172459;0.014112837015352752
-0.016819265142588444;-0.02355362584794673;0.023270794531117384;0.020138322556684855
-0.029405613410600436;-0.026701554355694115;0.01907292612880096;0.01984557214863137
-0.035292087945856296;-0.02176263594942806;0.010792146204313827;0.011909573034878987
-0.029901884536287657;-0.012477294077849537;0.0026667224860683274;-0.0007744050110365222
-0.014176781146048496;-0.005284609511297043;-0.0014658359541833536;-0.012473613988696137
0.005542425667321046;-0.00431845815528546;-0.0003862302283703256;-0.018090464032774742
0.020920065120925847;-0.008136711559149724;0.004120237929267979;-0.01633722403859074
0.026009481803673642;-0.011350858703385867;0.00892418661005412;-0.010338116509671223
0.020011735204850105;-0.009830815367128678;0.011837492681765382;-0.0051433812661197875
0.007159500982868493;-0.004430942189187723;0.012679465754867763;-0.003888091774727901
-0.005795262957945479;0.00039632814531242175;0.012484046004791305;-0.005539488194579546
-0.012914734155414616;0.0013056231886346822;0.011914468952314138;-0.006166168665277697
-0.011559994655911907;-0.0010379150160437253;0.010505532214783711;-0.0027677591575950952
-0.003069894716273899;-0.003458456126775431;0.007311365204060517;0.0036875919090890172
0.008338028650206315;-0.0037190297342840047;0.002133394992840739;0.00875472931510641
0.01766637883434411;-0.001953227269015451;-0.0038618535376116286;0.008019673389865405
0.021226642523094877;0.0006945496276647516;-0.008593475285947743;0.0004972118387169467
0.017976763648577705;0.0037486633721693693;-0.010164612589582098;-0.010720808823015392
0.00977136726380581;0.007376767370094637;-0.007863891864747511;-0.020610101072636416
0.0004416063862741159;0.011189933965183528;-0.0025501196291768252;-0.025163149276842663
-0.006030883244861306;0.013579182952283228;0.0036663881786796484;-0.023039613920982194
-0.007384395083834688;0.012398516221776264;0.00821403206159913;-0.015254692558351495
-0.00392581472590693;0.006496216809419852;0.009030106739366455;-0.003966010685392121
0.0020093956899748956;-0.002988683093825318;0.005466687811732287;0.008165618627253948
0.007409911514371096;-0.01261518185646607;-0.0012004408819359885;0.01791640102865933
0.009913977998760712;-0.018339912384029083;-0.008094534671586889;0.021980073763535335
0.008617797857159529;-0.018018825182453787;-0.012030655778327107;0.01861865739278673
0.004231888162656683;-0.012766911838326149;-0.011213104327289839;0.009259092454909228
-0.0013634311184139635;-0.005962830210736603;-0.006289653967326519;-0.0016994981693670454
-0.005921974303048405;-0.0007553877025243221;-2.6689811047821945e-05;-0.009078712793905154
-0.007609791236701271;0.0018461565608923363;0.004214123138290207;-0.009692842752816885
-0.00548544296606958;0.002971926001902137;0.004263400007633724;-0.004040489158075368
0.00029114359092867486;0.0043424158280397284;0.0001822298117782267;0.0040141195352370075
0.008362810224799658;0.006587477546129946;-0.005982656767742567;0.0095420593694719
0.01624430071963149;0.00870808298836463;-0.011520787326119953;0.009687271921527898
0.020882652114831958;0.008966957417866947;-0.014538910530760459;0.005611872380228809
0.019892850802070657;0.006404366862598725;-0.014551581722906458;0.001630460705609577
0.012993318212975153;0.0017483612671448357;-0.011961899060145064;0.0019035237382090257
0.002579120078479938;-0.0029810423895343953;-0.007328378523533041;0.007138751701010599
-0.00733999431238731;-0.005825005585922938;-0.0014216070490531967;0.013914619839293716
-0.013398015262299709;-0.00612573125097892;0.004106244126838928;0.017176237714809625
-0.014775188423702337;-0.004775448705679113;0.006737244983369629;0.013951958067645818
-0.01331046738040305;-0.003456938975375018;0.004592403933193197;0.005467141547362011
-0.011776677829979876;-0.003521056347340302;-0.0016536972225803248;-0.0038670006653943006
-0.01173957889103956;-0.005174880861520764;-0.008582060713911951;-0.009687173271645774
-0.0126503817688065;-0.007394513234034406;-0.012238152085649035;-0.01047816968206964
-0.012661745294267297;-0.008673505238728335;-0.010872088429678229;-0.007774778438515579
-0.01027330742834375;-0.008183242273541762;-0.005805150391702233;-0.004162686679194802
-0.00549490536300579;-0.006432290868939593;-8.223345418096551e-05;-0.0014706307440795366
0.00014337082302285872;-0.0048316984550971775;0.003428477328375323;-0.0006213031034802393
0.004494322226573876;-0.004577224124713818;0.003036215085417771;-0.0021693494588188845
0.0059351159379169745;-0.00579498423254072;-0.0016249090385253501;-0.006026157099160946
0.004195351912893864;-0.007463948615475725;-0.009579095696926054;-0.010695556289788683
0.0005801974367650289;-0.007987412427213961;-0.018487684736683795;-0.013564639252490499
-0.0025510602257985664;-0.006096883108433477;-0.025134804842118035;-0.01260418199295273
-0.0029732926882444356;-0.0017526890953364514;-0.02672635130712506;-0.007933096495209473
4.905373837434178e-05;0.003503701641166372;-0.022476757752293908;-0.0016293163937656583
0.005091949877631322;0.007285267980125675;-0.014308648155470725;0.003993017277744463
0.009229201627359823;0.007984237232935643;-0.005822087654207267;0.007873034494660073
0.00978045536605122;0.006088785164468971;-7.299201743054915e-05;0.010142147606391821
0.006026461501709181;0.00391617376901627;0.002113376562398415;0.011006246124212178
-0.00027224973595455957;0.003747362320539504;0.0020224202007822507;0.010141122563736156
-0.005851629276254678;0.00587575898647588;0.0015653134311529769;0.007339438458001579
-0.007726424084605158;0.008316766359110226;0.0019122151245880006;0.003480352161578566
-0.004712838593022051;0.00849591702057685;0.0031434827934206174;0.0004383400446604971
0.0020672946549780244;0.0054653713375561585;0.004667150698693136;-0.0001870893275403288
0.00984399716439109;0.0007642732738967476;0.005757269756156808;0.0017343683883725858
0.015589189804373021;-0.002733470490688867;0.005912901627770079;0.0048766437705140605
0.01736877129994196;-0.0029402515908182837;0.005043568623966084;0.007514215088103616
0.014942294047954956;0.000101307660247102;0.003499738426001544;0.008562941684052854
0.009418741313262148;0.00458749307345629;0.001955276764859742;0.007834008054497708
0.002417491623439968;0.00845692028814215;0.0011797203897659784;0.005614891247247204
-0.004638632192951029;0.010639070142256369;0.0016903873879760619;0.0022350641934794956
-0.010826273353071604;0.011196186285776216;0.003302055686650809;-0.0019005413234654356
-0.01569459390199197;0.010657178438352528;0.004891773874059705;-0.00596904664985095
-0.01901982824827046;0.009406796962715909;0.004886672181476953;-0.008704617106479781
-0.02047605946606248;0.007599969515547307;0.0024574877940268707;-0.00904348415728304
-0.019514146216860616;0.005376246614878274;-0.0015216774305670728;-0.0069609222764929505
-0.01568927065182719;0.0029512742120801436;-0.004817886566167738;-0.00358900070132768
-0.009279842244801065;0.0005300426217555208;-0.005454954172688447;-0.0003236955465392492
-0.0016780047231821347;-0.0016880731426309346;-0.003303997263715968;0.0022646365076523685
0.004929696808511831;-0.0033162409008119925;-0.00026441728187959646;0.004591215458448771
0.008604601644705721;-0.0036983367837527437;0.0011667472974080464;0.007123538526348713
0.008796724179782993;-0.0022515427998644234;-0.00020817870139765903;0.009412446507950785
0.006684753808569676;0.0009135080396059034;-0.00344088789706788;0.010234213940239822
0.004330200340433032;0.004660738010125977;-0.006269946823263696;0.008787560685159937
0.003248974283000238;0.007258455091712901;-0.006823630280990482;0.0056722193745772425
0.0035273337972337574;0.007452666612036394;-0.004692367337201735;0.002522742226001291
0.00411006587172651;0.005416286586878476;-0.0006719204996252331;0.0006101631302606778
0.0038635872984878064;0.002718076603702417;0.004113521357985338;-0.00013374477242848864
0.002471369602016521;0.0011940418588151913;0.008631085606722126;-0.0006959609523235096
0.0005613853509633916;0.0016023944441917516;0.011796997620648479;-0.0017505574753473403
-0.0008223736431333499;0.0031902436014025507;0.0125531491962915;-0.0030095311328756868
-0.0009095576021169922;0.0044722717269963675;0.01053193611848207;-0.003709529441900015
0.00035702588145199144;0.004448941168947024;0.006616462414987276;-0.0034541546358766778
0.002299753127509153;0.003234075584609416;0.0025582300840641327;-0.0024447319311753568
0.0038751942679149105;0.0017391282730388397;-0.00015286584432506805;-0.0010749122115871696
0.004241534096327152;0.0008735995640838098;-0.0011250835582350817;0.0004392437652513868
0.003202193752758668;0.0009467970750664462;-0.0009412740434403875;0.002004318711330413
0.0012439395056879383;0.0016111406009982174;-0.00041773578310379754;0.003414414244069718
-0.0008363619058056355;0.0022390437963996685;-2.0958494097913925e-05;0.004325947805564179
-0.0024071983736430077;0.0024040973081080916;0.00019930486244800584;0.004480137285027014
-0.003218548857120354;0.0021638968131637137;0.0003685916096961979;0.003912086823932794
-0.0032614896931320698;0.0020022251610097193;0.0005829606233826122;0.002941967788349581
-0.002495409026773171;0.002474042175483381;0.0008759418410822262;0.001980803814557607
-0.0007670866915183574;0.0037395047315116033;0.0012807627782255309;0.0013195449024194904
0.001926814649981199;0.005242501182554697;0.0018600885249468225;0.0010328079119542582
0.004983256543177297;0.005767423170469461;0.002643781668093419;0.0010172483473660462
0.006924342603440282;0.003972813131472714;0.003515057805690455;0.0011012172139591274
0.0057072730749788214;-0.0007480073442040364;0.00415307800524116;0.0011408725258136077
-0.00027600792168591145;-0.007516051613667702;0.0041361568200758625;0.0010456545272632329
-0.010882066527536321;-0.013910842161466916;0.0032188043375980724;0.0007282491450507462
-0.023387491534556888;-0.016987254475490318;0.0016407996112362741;2.9564965749696278e-05
-0.03297882093075637;-0.015102044332589716;0.00019480820483487365;-0.0012908844517636204
-0.03476261883378479;-0.009485110177193865;-0.0001739702551577749;-0.0034079626164970856
-0.026414469390685497;-0.004156050093854858;0.000875690494960721;-0.006117429855063182
-0.009848229621901752;-0.0035680193317294616;0.0025451614993147412;-0.008555214407517291
0.00929415778908822;-0.009210539911339462;0.0032431572333808207;-0.009373462287719998
0.02414944151862944;-0.017937565485486154;0.0018134260142734476;-0.007649657535419326
0.029738636814573758;-0.023992851264711332;-0.0013257564214437046;-0.004042156935714654
0.025055633580466797;-0.02339936910650951;-0.004276278686487835;-0.0009421740105564382
0.013222028934055857;-0.016707532537164293;-0.005078157389257477;-0.0008133536092133232
-0.00014497279927978035;-0.007566542808274827;-0.003243448939636691;-0.0037522023640226953
-0.009405802534659847;0.0009423977780783076;-6.950277723909131e-05;-0.006744714380599088
-0.011125439581972848;0.008092690896282244;0.0024300452056960496;-0.006005089737670688
-0.005302941063714693;0.014084743997512991;0.002942551699620941;-0.0006561541015619006
0.004755919118356213;0.018080792555898964;0.0015253954485005326;0.0058137296274801175
0.013913516689313465;0.018494050598722542;-0.0007059854707536384;0.008002814191946987
0.017551246060340323;0.014918718921770381;-0.0023574763829093486;0.0028940093176488746
0.013851516899004261;0.009018658272120238;-0.002439973380988665;-0.007668511372784536
0.004823001895050801;0.003285815105705233;-0.0007444465643054428;-0.018139596064081328
-0.004754476862352391;-0.0008551473380423877;0.002098472581753455;-0.022881696913004384
-0.010076659961715157;-0.0036943398993760663;0.004914228446741093;-0.019505905279296305
-0.009032865819650635;-0.00626249557489818;0.006614086225600767;-0.009892938430668267
-0.0031139916801832053;-0.008842230917793306;0.006845160677636836;0.00127700058832792
0.0038627403263450768;-0.010380988572927536;0.006188800601652215;0.009180807637871257
0.008106366876401436;-0.009417447900212265;0.005751568608241469;0.011164480016665434
0.007770749150494231;-0.005757731472230017;0.006479500480688451;0.007687431086991204
0.0034855496722307395;-0.0012594548647594744;0.008593070744140981;0.0015667712587169242
-0.002498215025473072;0.001235946813235208;0.011277629585056853;-0.003856881196690486
-0.007708033266725039;1.9767576632189076e-05;0.01278046701278984;-0.006307976358491361
-0.010404864666960875;-0.004119602912164114;0.011228079756983408;-0.005096380391874103
-0.00977533863560094;-0.008385960504715365;0.006011965947341238;-0.0009189950096582539
-0.005810646940558095;-0.009901297840377465;-0.001301786589867814;0.004450678471412924
0.0006345423480881364;-0.00763155047627116;-0.0076105867721479375;0.008697150719162682
0.007705738055756424;-0.0029549844024928727;-0.01022205636535957;0.010034413644559434
0.01287389148310077;0.0014697938988070761;-0.008536682664769485;0.008324745705969111
0.013982917606498975;0.0036563000888103388;-0.004104920303895189;0.0051900276370713235
0.010531623319512174;0.0036190823037787795;0.0007381423138616604;0.0027387435186257696
0.004245617597962363;0.0031193576214777505;0.004298262149798201;0.0018628587434888731
-0.0016552550322917372;0.004072740623495036;0.0060159684950701516;0.0016049460851728368
-0.004183873046526127;0.006930021517800606;0.006170262041746869;0.00017146687363842397
-0.0022873230092415367;0.010352063240402679;0.005434705823372945;-0.003340345607922141
0.0025176625461463447;0.012341390826522722;0.0045783761217575766;-0.007993394616339381
0.007010006034850846;0.011736504344706893;0.004230601664364987;-0.011530505341082171
0.008166466103800467;0.008835116336285002;0.004662926070380647;-0.011889426056625907
0.004925656335146446;0.004879083373474189;0.0056548011900674705;-0.008663111930231887
-0.0013144469513130638;0.0010983706615862567;0.006504171154126304;-0.0035385880444662233
-0.007681944132232487;-0.001864232512762006;0.006296742193488593;0.0006809755074841966
-0.011476701526272837;-0.0038737449349794664;0.004546856573345141;0.0018830786938746674
-0.011401029429004261;-0.004889651649623798;0.0019089739437969122;-6.498120251981665e-05
-0.007890859549405074;-0.00474842708575969;0.00014276885765459728;-0.003475147557204826
-0.002702524791284844;-0.0033634098751868465;0.000856911449702338;-0.00604759587956948
0.001957558892323464;-0.0010201859480162459;0.003869308525797109;-0.006024950371230471
0.004539724937758918;0.0016976354072062798;0.006868950407879314;-0.0027842018169843713
0.005068624086631203;0.004316956621710162;0.007098116640190395;0.0028919363348986365
0.005191374324252826;0.006667319649407733;0.0037104541989847364;0.008844350928032835
0.006997969990642514;0.008533973565983757;-0.001422540253458361;0.012383644793827742
0.011205354352704911;0.00923426387208955;-0.005247371173942329;0.01199095837165119
0.016056217729951146;0.00788687747607653;-0.005962288232044984;0.008655515138152627
0.017995638342257914;0.004393426089589426;-0.004241040447807905;0.005341389955322314
0.013930274503308528;0.00011688752248527758;-0.0024673690617423682;0.004631213767052062
0.0036240585874978493;-0.0027605243070144415;-0.002880960811836593;0.006552383824364545
-0.009486736848852446;-0.0029552433728731063;-0.0061038241581272065;0.00867567756104258
-0.019833185200211795;-0.001372417853430005;-0.010943947899133945;0.008430543319943083
-0.022808155000292138;-0.0006084801476757523;-0.015365062416980256;0.005406107837688098
-0.017462761550889147;-0.0028403002673108592;-0.01774267067213332;0.0015012576204785435
-0.006995413536207954;-0.007782123854719717;-0.017499438851429783;-0.0010457560302781868
0.003308074764476204;-0.012480161060476487;-0.014924976249923089;-0.0017525867452365636
0.009207874135450737;-0.01327414593681561;-0.010736201605189325;-0.0021503418647465526
0.009513920559889803;-0.00846867849396206;-0.005944777681213531;-0.004059130819351104
0.005838691709747179;0.0003698500819930654;-0.0018998801936222715;-0.007621058130384198
0.0008729115536270594;0.009463138828802708;9.235718249228896e-05;-0.011030381931304518
-0.0032003254588007495;0.015303400627678853;-0.0003341544085014644;-0.012177551632483468
-0.005303121170446394;0.01663903783514232;-0.0020328450014505846;-0.010488113185360099
-0.005342984546044766;0.014645228955200198;-0.002993383003951759;-0.0071463631670996616
-0.0039185783371002815;0.011516785896076583;-0.0019004248644023793;-0.003728150913710795
-0.0019973156448161093;0.008858212512309655;0.0008705279736463286;-0.0008940504632106985
-0.00047822921854831724;0.007076059905796453;0.0038246120463300004;0.00159207001038767
0.0002575677841681338;0.005849229392852558;0.005769269691424618;0.003928382767849
0.0005090065522257147;0.004864050337121394;0.006520036126332173;0.005692774864425341
0.0009725794822683894;0.004087838223973942;0.006388096462611726;0.0061787750331062105
0.002185469092853238;0.003528704089798556;0.005436000011708395;0.0051166307896881235
0.004018260629255541;0.002900252857379496;0.003510912782276689;0.0030116456815575928
0.005460187495351147;0.0015881866024872475;0.0008568473645048956;0.000902649656056694
0.004841139089066297;-0.000976528555856838;-0.0016081126723802063;-0.00015232239772448495
0.000577035608097137;-0.004740761218208038;-0.002753316363107609;0.000448812107477782
-0.0076947824854881235;-0.008664996251666003;-0.0019940948968730477;0.0025278688790443204
-0.01816146327509418;-0.011010627622951205;0.0003062918582786803;0.005022039375807256
-0.026914831110530796;-0.010412205398460562;0.003051518595210096;0.006254275687208749
-0.02952999425872684;-0.007222158458765049;0.0050453305256637155;0.004687548319495215
-0.023531228145616118;-0.0039979801630950235;0.005622110937341338;-4.782843769184866e-05
-0.010195565430101148;-0.004182667874946507;0.004889552538463604;-0.006499345163101934
0.005650499459854215;-0.009447143915583543;0.003464157978100788;-0.01185644897606416
0.017861812294476184;-0.017845032633390715;0.0019519127719503837;-0.013639334491403038
0.021939149753334466;-0.024826304003741008;0.0006051225499496841;-0.011563759634951851
0.017085284802873763;-0.02658206597479491;-0.0006230257495619744;-0.007915000891815504
0.00635344312883947;-0.022623754169429005;-0.0017966430476264769;-0.00569850678596032
-0.00501309105890229;-0.01521769025159044;-0.002826474753728111;-0.005939254388320016
-0.012059043310140486;-0.006814762443173892;-0.0035545572692549762;-0.006733584278633729
-0.012200486966983677;0.001377735735258092;-0.00393459204752177;-0.005244921945549745
-0.006093921673412965;0.008540035353314457;-0.004063688623531861;-0.0007760717868134549
0.0029155477307954863;0.013122128760803977;-0.004020119649121894;0.004302428663607362
0.010410942324887132;0.0135403248480281;-0.0037045969524582894;0.006802694743295237
0.012863489521924683;0.00995115692823689;-0.0028919847513784905;0.005812129371241777
0.00916081996901188;0.004779711331176744;-0.0014687026465465087;0.003546971811000165
0.0011026132957012566;0.0012230491716274832;0.0003792348200764998;0.003286272251535635
-0.00743992840958144;0.001166842952285277;0.002217020518444881;0.006401133304249654
-0.012452173942920938;0.004179443392060435;0.00358263907868069;0.01111512208980484
-0.011831643259003667;0.00793907304620944;0.004146912372585216;0.014066560315038557
-0.006381333454271768;0.00953564627030954;0.0037398233610606976;0.013247924857200645
0.0007958704683754901;0.007063430175968935;0.0024247865023689194;0.009531061028618724
0.006013853411634633;0.0008942672294085612;0.0006954997194809824;0.00539311031494283
0.006796267191741875;-0.006222672549397127;-0.0005147837735151861;0.002430599072324887
0.002897653782107028;-0.010667975488181177;-0.0003383955748566235;0.000357093547559416
-0.0037743815072663472;-0.01021945523470444;0.0012615990815746628;-0.0018277369855668774
-0.010185910482381799;-0.00541400461478185;0.003232007793831174;-0.004245935527305512
-0.013609082470260271;0.0009295687631924573;0.004136019580611791;-0.005886862879362062
-0.012707326555851817;0.005461599019815054;0.0033305904063198367;-0.00563783564946129
-0.007779579166089629;0.006058822207744967;0.0015112658240536807;-0.00340723193244831
-0.00029833218112834914;0.002702326585086304;2.4134201577493812e-05;-0.00046050815878099426
0.007737550126231056;-0.0027603959362253595;-0.0004218421415659689;0.0012257651498175281
0.014313427191508354;-0.007737432131816595;-0.0003276982529788167;0.0002777170959853573
0.017845997197099388;-0.010309233436339903;-0.0006666651882124468;-0.0029612067764865496
0.017681069932130897;-0.010192808631138806;-0.001669735971861737;-0.006521817797664701
0.014448889542438965;-0.008704959785769406;-0.002494148465873461;-0.008213408844560819
0.009906178594094012;-0.0076781929738465;-0.0021218944371113597;-0.007206031912822589
0.006147708771949445;-0.00794193088995381;-0.00047261110248523336;-0.004440635773415977
0.004550262769278439;-0.008475422708122128;0.001438206763933356;-0.0015636351314090755
0.005097234900276352;-0.007084873752362501;0.0023692083950852955;0.0006224790566392
0.006568645230615582;-0.0022632114494015696;0.0018418421877988882;0.0027382103562569858
0.007505746823671279;0.00532599726149957;0.0004145173286476904;0.005767097759773664
0.00723855829183193;0.013140550542171881;-0.0008521279894649116;0.009251296742234624
0.006159431527206672;0.01857210024818101;-0.0012449869690532446;0.010660182823869699
0.005061826622341612;0.020576548996218986;-0.0009048108628645287;0.00709119431755364
0.004223328878506306;0.01978652530234213;-0.0005865316693855552;-0.001789017638126235
0.0031414069049451364;0.017407604705988535;-0.0009447196604852722;-0.012322157776123591
0.0011575502055240854;0.014181339918961396;-0.002166635509093787;-0.01875067472411125
-0.0016927316936069983;0.010204979133362244;-0.004339776941785064;-0.017143021891350425
-0.004460199338705883;0.005406264979225675;-0.007846000859431525;-0.008061884579973167
-0.0058685721812805226;9.005518990809582e-05;-0.012896678322793032;0.0039925838715085
-0.005095704707380169;-0.004817818061838689;-0.018542536128759824;0.013368599830076157
-0.0020830754597323652;-0.007977218896945462;-0.02247992318290931;0.016012975474079847
0.0026316188540884684;-0.008318379893569837;-0.022299233916358862;0.010947174777313337
0.008049918472851471;-0.005928573724093283;-0.017295238504117235;0.0004777905350123169
0.012616632067576121;-0.0024263560794082584;-0.00934731716337418;-0.010668291032841769
0.01438485317874875;-0.00016824093123448666;-0.0020938514002767058;-0.017284832412044766
0.011920709821646626;-0.0005810178499474621;0.0011657528931459241;-0.01627485893481223
0.005497009621629433;-0.0029922677492671148;-0.0005369067320777985;-0.008535959297356515
-0.0025739644525029407;-0.0051919992938728845;-0.005428398125941099;0.0014513462066200148
-0.009048216641410678;-0.005385460970207801;-0.010489780996133931;0.008537726617210712
-0.011557947447144716;-0.003739102468557786;-0.01355533983425711;0.010297585749728024
-0.009766009199277781;-0.0020468827714030077;-0.014277208032710148;0.008113844380933984
-0.0051872240668400914;-0.0019093354024841036;-0.013501593479743189;0.00515055470228252
-9.523073573086377e-05;-0.003259357775567952;-0.012104866610397572;0.0033548922575065776
0.0036255594271473093;-0.0046217959686119655;-0.010446093195113937;0.0023594596867067105
0.005134123913204546;-0.004722332750051401;-0.00854019906242912;0.0008907755561468381
0.004668042197165376;-0.0037827020865094114;-0.006334305338421038;-0.0013217856294081677
0.003041965422687046;-0.003231711068216434;-0.0037643461729218266;-0.00324274656813109
0.0008943795058541839;-0.004154954139391602;-0.000822752760160818;-0.003781507458720483
-0.0017921958869281975;-0.006034779417768399;0.002191362409470805;-0.002882810560693719
-0.005468235385007367;-0.007014844959745685;0.004546162154411966;-0.0013439807878388443
-0.010222789338984153;-0.0054263290314801715;0.005448865204778523;2.2241121900059067e-05
-0.015091525511353144;-0.001177101107868534;0.004722599611233534;0.0006631520809616181
-0.018129833373725507;0.004121248968314881;0.0031087058714267053;-0.0001474110308030229
-0.017374756869468426;0.008221529764164804;0.0017667243250566872;-0.0034294938392504
-0.01218353923855469;0.009587730510113312;0.0013247344619108441;-0.009555409377086089
-0.00407533742904647;0.00818603234425697;0.0013911619581004973;-0.016909666122980584
0.003640611723434557;0.005452783394590499;0.0011813157106303378;-0.021663673467072885
0.007437345708131125;0.00357294254622988;0.0008634418290006629;-0.019414004251079104
0.0054613875206106005;0.004331914379354074;0.002234003268266039;-0.007843813100078556
-0.0014270059027822006;0.007963503649177466;0.007541220468127762;0.011279540657309841
-0.010080223483955437;0.01267212487195295;0.01695528932335708;0.03203147292762468
-0.016632375134273226;0.015419981992789976;0.026978050302346002;0.046471568635921334
-0.018259443804832784;0.013782134073800086;0.03190729187417925;0.04836580759437458
-0.014242230721876328;0.007700219728363715;0.027821064883201973;0.03684110769809692
-0.006030483503386634;-0.00013840542718831435;0.015834906379017404;0.017611310399108855
0.003432638053577847;-0.005600947932321681;0.0016926376784073898;0.0003057372435485103
0.010744049010809456;-0.005345306358932333;-0.007992174533371517;-0.0069531385741138955
0.013212612028946462;0.0011657586027876714;-0.0097139422918147;-0.0022893648341474754
0.00994707619295187;0.011093747241441987;-0.004467256093331303;0.009175229133311985
0.0024190719274650055;0.0198926984504727;0.0036667144637028927;0.01919013379850198
-0.005949708647957715;0.024369235468155982;0.010037424715406026;0.02206644405569017
-0.011186676059999833;0.024513462566824518;0.011524356321626667;0.017900862821618183
-0.010569458725477925;0.022249259539678753;0.007756403067621019;0.011104897876505867
-0.003957479996140722;0.018533806373774102;0.0013113680328254436;0.006046858321917254
0.006014799524484911;0.012185931289494384;-0.003435477180468792;0.0038314371057303785
0.015022090027603898;0.001794561146487377;-0.0027030326454011125;0.002592270839258693
0.01898306737215127;-0.011562173809006898;0.004243801683900421;0.0001791183279251679
0.016003996934475295;-0.0239105489381766;0.014287206779135002;-0.0036102294290700295
0.007346476037022102;-0.030772651746349085;0.02214388634610806;-0.006963221140234027
-0.0032138161931070724;-0.030067435621129214;0.02357994139639904;-0.0077083085735393745
-0.011361741824941742;-0.02314471907039385;0.017895030930045634;-0.005105964625265138
-0.014371970469376633;-0.01357797440064406;0.00796797351784988;-0.0004683050295880079
-0.012143288955157754;-0.005077166231144845;-0.0018581674219550824;0.003661022329166471
-0.0067374925319668415;-6.248848863640582e-06;-0.008263077815945786;0.005075938190312575
-0.0009911389759659584;0.0010047655717834152;-0.010212974220888037;0.003198768570661148
0.0028839973566275536;-0.0012512463410486745;-0.008667337938866121;-0.0006305825023978921
0.004085075666369249;-0.00502492394421397;-0.005416009717017968;-0.004004986369570724
0.003247224226348787;-0.008051921445809351;-0.0019565598671840738;-0.005015885880942844
0.0019027869156355583;-0.008127704642811344;0.0010180246271791701;-0.00367678919818403
0.0016517230446536513;-0.003944991741552741;0.0034482422923721463;-0.00219330784156812
0.0033272172062634585;0.004034375043391566;0.005383717315289545;-0.0035409580798732056
0.0064710784912589536;0.013268781729607002;0.006610489096401212;-0.009044532605653282
0.009414525909021702;0.01998534711823758;0.006784838477308145;-0.01686860083365699
0.010021274145697534;0.02115416560359951;0.005962897221405844;-0.023030285463308528
0.006768552693005438;0.016474351463692746;0.00492682192806507;-0.024327505265766172
-0.0003523601807767412;0.008736584547428242;0.004737148442317182;-0.020531239364370728
-0.009526537481364202;0.001981317393946712;0.005707627950692565;-0.013908132486394581
-0.017600124243563154;-0.0011577919842071073;0.006837273135106513;-0.007037458563881462
-0.021311379574349008;-0.0007599621777450319;0.006566888295733489;-0.0014516091903906546
-0.018806307081720056;0.0012280705247154334;0.004415427749058907;0.0019751682153143504
-0.010631365981627394;0.0028342618644260696;0.0019096538141997437;0.002388398078660104
0.0004181496789998074;0.0032409294574678046;0.0016533946878902763;-0.0004433803352651976
0.01054288042267312;0.0027205584180568245;0.0051345313160940645;-0.005001375204500598
0.016624141265931477;0.0019310827191500494;0.011171392589870575;-0.008329700089606307
0.017508051324344773;0.0013654669511109089;0.01642100551920117;-0.008223938514871248
0.014252060280440737;0.0011863389297791275;0.01760256251080377;-0.005222924682941918
0.009234209568715996;0.001237149098409616;0.013694356559883951;-0.0020478988865396354
0.004709455027820173;0.0011140940803573659;0.006494941905740552;-0.0007842854550591398
0.0017428110543968934;0.00041336282913848684;-0.0006582425869915153;-0.000763012117934358
0.00011010145367393618;-0.0008628145205310484;-0.004865587624771277;0.0005200837353485867
-0.0009918007860528137;-0.0020910265304296414;-0.0050262690814632;0.004471911970961356
-0.0021026798288790323;-0.0023346864775697345;-0.0020883141023025947;0.009624895372887935
-0.0031340828755090514;-0.0010416014292611991;0.0016171947786041082;0.012718147782369009
-0.0036095461861955862;0.0014157892380815115;0.0035993216800145264;0.011336744228933236
-0.003181317300216304;0.003820407636780628;0.002496470887003334;0.005677249874092514
-0.0019747108348345498;0.004795129227226779;-0.0012735220916591592;-0.0016781213869093085
-0.0005152679810469619;0.0036616251449375294;-0.005952223162006203;-0.007351423261939136
0.0006939697298199742;0.0009792597067044832;-0.009604523232648998;-0.008910643067034266
0.0016325314349820554;-0.0015367218499349469;-0.011087924753586218;-0.005943945655274871
0.0028577981376061226;-0.0017610634092179557;-0.010269300990736113;-0.00013842598648299332
0.005014143187197116;0.0016787788026959103;-0.007744142691235562;0.005664970133681478
0.00801887220382534;0.008384652205297001;-0.004586003260499227;0.009066935815380865
0.010650399062694792;0.015993720386707606;-0.0021893053701191427;0.009438791360993041
0.011138188882911682;0.02110678713717191;-0.001850903221652213;0.007947964969801158
0.008497121935846574;0.020844194660812075;-0.004023997808244559;0.006077941112346744
0.003497822190426754;0.014031536892853209;-0.007811828638803176;0.0038458504335937066
-0.0016870398009302756;0.0014481011099206828;-0.011319958080293027;-0.00045165007723812426
-0.004955158830604786;-0.014498874397185198;-0.012716421199889241;-0.008354501799951487
-0.005639234731630854;-0.03009907632172865;-0.011119524213838062;-0.018865727846046548
-0.004697072964881154;-0.0409065865748151;-0.006662955921220349;-0.02809785529482109
-0.0037377438764561568;-0.04329684305774347;-8.002075217681161e-05;-0.031634688850043315
-0.0037526006628012133;-0.036707303393824865;0.007307143037363652;-0.027625385085629492
-0.004407218752724671;-0.024701190604365396;0.013058846394495071;-0.01796081656978473
-0.004213960751119002;-0.013277923021114591;0.013669989982804952;-0.006749307586846919
-0.001437560291459222;-0.007224232150453931;0.00627755685309888;0.0023840014161564966
0.004694132173836555;-0.007259291437733789;-0.008714435403374946;0.008004844914612999
0.01311866446431356;-0.010167108116073444;-0.026479830117876652;0.01064131172672144
0.021048429590190747;-0.011630408284864217;-0.0397656152394705;0.011379627569435967
0.025206883620350562;-0.0093964745960744;-0.04300430161093331;0.010722981693379303
0.02354001566033153;-0.004431137541919949;-0.03548592528333554;0.008504321714056446
0.01632341415106527;0.0003912380769531005;-0.021255602332718043;0.004584969452080149
0.00597629098700819;0.0025781492768150974;-0.006135207976594901;-0.00045334608505211453
-0.004203767604615686;0.0014642997176892518;0.005584233351602985;-0.005238565871241639
-0.01152986429585898;-0.0018362386050024126;0.012472689720039365;-0.008228975309793402
-0.014845128871946332;-0.0053748105516199275;0.015078374805901396;-0.008567669816070995
-0.014593528809141887;-0.007376915736433854;0.01438074403057231;-0.006553081692178093
-0.012231650094790108;-0.006946151025943182;0.011115188306929051;-0.0034140408904966986
-0.00938870482592237;-0.004387201788036404;0.006126843078055955;-0.0005740425659063221
-0.007192102439855933;-0.0010205983348673582;0.0007961814841121768;0.0011084305096270496
-0.0060085277192734;0.0015397494950230625;-0.003256022406289222;0.0016791400809714348
-0.005577042946786696;0.0022840091135640198;-0.005016166162923551;0.001855336591156039
-0.005318665048422046;0.0013035160461607473;-0.004694121511015371;0.002412930296901221
-0.004617200030265502;-0.0004166567519927986;-0.003534492921642004;0.0035822796196072247
-0.0030105748007963153;-0.0017273603403956997;-0.0029061548236442363;0.00481197886256057
-0.0003580262190532722;-0.002082317796584678;-0.0033077547902699996;0.005066974809594139
0.0029596950532314896;-0.0018710053782667777;-0.004044443861517007;0.003554476876419392
0.005909604793391724;-0.002105933354717871;-0.0038906520138089424;0.0004709153516667156
0.007013010532645577;-0.003634122854589691;-0.0022629080822096016;-0.0028242175647848378
0.00507073833095905;-0.006380840384471851;0.00010465723874596653;-0.004592313919363476
0.00015317225687097333;-0.009215535580950696;0.0016784246768241434;-0.004100848243484499
-0.0058792373526329635;-0.010691821391554666;0.001496499031169912;-0.0024566883385679686
-0.010037098138144738;-0.010240346757834251;0.00018532498804697025;-0.00183868530686935
-0.009976052512756461;-0.008842086865704837;-0.000403234332002334;-0.0034525717637811848
-0.0057487469317858125;-0.008386453954003946;0.0012349597443701576;-0.006054901694859195
-5.015470473521155e-05;-0.009966160050326515;0.004813796947373647;-0.006769583036376046
0.0035451957230957314;-0.012507282330814547;0.008282378895152745;-0.0037774307418835824
0.0031667608300682583;-0.013179282954914214;0.009349314805358068;0.0016739897706904453
1.6766929566026084e-05;-0.009605606942543012;0.007158862065323372;0.006099141159841225
-0.0025991279014669104;-0.0021496976814770843;0.0027472037556513958;0.006776152661625741
-0.0018130124463610678;0.005781800857402638;-0.0018196526392578508;0.003999038439062142
0.0026349658611696226;0.009888002982349646;-0.004658597999440359;0.00046619540448836737
0.008092492358800153;0.007923035169762258;-0.004823222849271002;-0.001348475920146849
0.010550501398099248;0.0011017992579550322;-0.0025315863496833597;-0.0010761874579096498
0.006851084906775497;-0.00702354132285333;0.000960845097927027;0.00010125544063782665
-0.00370142991311835;-0.013074821693097672;0.00389270134270701;0.0013486034578025984
-0.018839146115767626;-0.015647088145919988;0.004898340491547909;0.002975489280983974
-0.03389869603203745;-0.015270110330238873;0.003791777200906714;0.005271001542870665
-0.04334404712612351;-0.013202401734939907;0.0016209848332098087;0.007095301246605624
-0.04299169590968965;-0.010492744627292749;-9.449098042487208e-05;0.006405457245826018
-0.03212337724391197;-0.007837453882054727;-0.0003792606940676088;0.0025989473734315963
-0.014238401711702774;-0.005533258107754199;0.0006397647582024277;-0.0018251734609723393
0.004277083745814892;-0.0030053733109275315;0.0019600086441395517;-0.002473073951690689
0.016976579060546677;0.0013134482580713749;0.0024961444905216004;0.003442681285016512
0.020148829991688943;0.0087271815616612;0.0018447903670983637;0.014275227546364786
0.01421848854675468;0.018363504911426642;0.0004720839041621004;0.02447901959997634
0.003285446492941971;0.026865443890613697;-0.0007309644046789343;0.028457634403850223
-0.0067831269473762985;0.03061927851394956;-0.0010735632490513898;0.024760925292165847
-0.01085257761933469;0.028406865923194115;-0.0004054057860138717;0.0171620920503554
-0.0067151554646690086;0.02170908856892827;0.0008909879247161165;0.011713636367555857
0.0038409356513397996;0.012760545707850672;0.0020605729368533224;0.012243618008050147
0.015730634042599115;0.0030792252280482;0.0022318606967253593;0.017739016076104563
0.02304919503834215;-0.005866703055041682;0.0008614847913568475;0.023109674462856552
0.02224625706860274;-0.011328797034693158;-0.001754481078908122;0.022324052182198965
0.01415106453523698;-0.009778802804009558;-0.004345477100206217;0.011976595780196558
0.003433581816047016;0.0005069168580376941;-0.005249978581072592;-0.006297194530493723
-0.004290771926244883;0.017134198718295062;-0.0034930104412657812;-0.025738128792681222
-0.005797384243421002;0.03400773375777143;0.0003625316019779702;-0.037424102418436744
-0.0017836773768973538;0.04462401733266121;0.004261047755188987;-0.03546758324647976
0.004207596321219155;0.0458687099693792;0.0057434098789451386;-0.021364291173558005
0.00834232944488352;0.0394475849575458;0.0035722138960010527;-0.0038132766060137717
0.008636898108877779;0.030101008630632538;-0.0011135483363514439;0.006665342946436242
0.005540696565189267;0.022366456800778096;-0.005069374370429297;0.004498028321807214
0.0010749162741127984;0.018369840032346735;-0.004735334740101193;-0.007917767508164942
-0.0025600418602959763;0.01769903207886331;0.0014939831910841133;-0.02272186637862098
-0.003985197168272959;0.018674132849976183;0.01195559794266287;-0.03201457341583821
-0.002890050401969557;0.019698455280872593;0.022211432407948213;-0.03213185215086114
0.0002400283569402791;0.01982973296465873;0.02728986907262976;-0.02453595540698715
0.004501312818199991;0.018570665509770188;0.024719351276195366;-0.013770676279135538
0.00881193753384686;0.015490250011962848;0.016475325024593084;-0.004425604503646652
0.012002037570281338;0.010268945551622296;0.007959273457945249;0.0010567076920610491
0.012924114943483458;0.0032015740163522633;0.0041741319667977;0.0029291872847512293
0.010808659166078668;-0.004371086013609697;0.00598235601799615;0.0032881107636128968
0.005841942343142425;-0.010287088994098689;0.009644732378113707;0.004582981217794142
-0.00047442653163418954;-0.012546299797990086;0.010045509477195506;0.008237760001336481
-0.005709917561928323;-0.01050593165857899;0.004852083358071628;0.013864221943169103
-0.007677037401456111;-0.005418909179901913;-0.0037781414640062744;0.01930566420020996
-0.005737110038570486;0.00019021039404586566;-0.011125523267958131;0.021624174991360816
-0.0013040148015881284;0.003916367997594567;-0.013611357370344237;0.018837436555807385
0.002958288170061341;0.004600050694620974;-0.011117152877841261;0.011488350186588876
0.0048241212266589605;0.0024451262423548577;-0.006322904965706891;0.002714691945779336
0.003917603952582577;-0.001714893801040901;-0.002318110931371132;-0.003585878167211256
0.001798622135810244;-0.007215907543832658;-0.0009321356498715885;-0.005158202745771715
0.000659931191734153;-0.013725471127923933;-0.002754498003246297;-0.002429852062855179
0.00163028524443714;-0.020703264349403158;-0.007773755629482554;0.002385027820252112
0.0039250442540509104;-0.02682748083206698;-0.01536404640353304;0.0069719176964731676
0.005407286796005878;-0.030187861948279753;-0.023784833846128037;0.009983300585992338
0.004145969931709565;-0.029236874730490452;-0.030315533522942487;0.011052750676625778
-6.925963487157744e-05;-0.023616663123778265;-0.03244179313081297;0.01014843605872916
-0.005287324421398195;-0.01423207648530208;-0.029191979656405388;0.006931011919783558
-0.00841345134841761;-0.0029010970638042722;-0.021539675105906788;0.0008491465137231263
-0.007110767222171824;0.007908240705383464;-0.011866884289652685;-0.007725952769014296
-0.0013601731012983626;0.015480042374759575;-0.00320592379078521;-0.016232183436362405
0.006390514887010146;0.017867410598964163;0.0015767861606606935;-0.02025616267037276
0.012634943831522786;0.015154186202289973;0.0010473597551643936;-0.01619601450841305
0.014854570199938305;0.009779305016248274;-0.0034876229041456877;-0.004528125156384319
0.012876200869267882;0.005182878721313026;-0.008069100503692138;0.009397740580432856
0.008768374709346166;0.0034789501483245854;-0.008230609018986307;0.018447374638171764
0.005498423173877642;0.003944119519699101;-0.0018105226041099727;0.018531363632317065
0.005211104125720957;0.0036832416620930087;0.009715387693714446;0.011172314820351883
0.008013686277814952;6.32237082831542e-05;0.022135061726750803;0.0018327606968187335
0.011850185646078138;-0.007039259794711789;0.030677130736752305;-0.0041408160673797765
0.01361116584194871;-0.014961042590397438;0.03210851305091657;-0.004509009168481591
0.010988242222654227;-0.020042964055049503;0.02594944020234236;-0.00041141165101693706
0.003973036080642253;-0.01998301399786678;0.014536387368342618;0.005179354997671269
-0.005043669830516609;-0.015055456312050287;0.0019952507369597346;0.009194833117762816
-0.012681457312295655;-0.007611104585662335;-0.007493994197294418;0.009671804135199174
-0.016508117071908544;-0.0005352868167592326;-0.011462631223629312;0.006461501502407064
-0.016212379059237066;0.004214828299656772;-0.01013801238087844;0.0013396525698687654
-0.013361160570511817;0.006258789154497791;-0.006072171555756362;-0.0028734230215724625
-0.010112238512774272;0.006507087002188357;-0.0025408801621207154;-0.004026129725058553
-0.007894261214316856;0.006231078810969681;-0.0016486264783349392;-0.0020239066148405116
-0.006895989980511546;0.006013493077516991;-0.003291635137699856;0.0013418295406703042
-0.0064555315385486445;0.00523834681197762;-0.005513685383859473;0.004017583796044926
-0.005822246185156563;0.0025845593071403645;-0.005907717690049113;0.005226354798885538
-0.004722110769063192;-0.0027002138351603713;-0.003221275336311992;0.005517447471170061
-0.0034791397245614495;-0.009717456048901743;0.0017231279299098209;0.00554422782534728
-0.0027392132012136697;-0.0160268589187293;0.006429801292581387;0.005079147816569839
-0.003011502472141081;-0.019029365647705094;0.008392711327094978;0.0033264892185308017
-0.0043313517703227646;-0.017607374617357542;0.0069033614036633556;4.519747056141962e-05
-0.006264820636325713;-0.012755071159460974;0.003472973547293671;-0.003832217715887265
-0.008162304164128808;-0.006765153407615177;0.00047401987461789406;-0.0067170341491454245
-0.009323579895166682;-0.0016936465408343546;-0.0006176902386157845;-0.007436540282498333
-0.008940468641825346;0.001683630364349958;0.0003103486832813483;-0.005886062441377116
-0.006151325303145815;0.0037382574469533663;0.0028817014734523064;-0.0028951502586155708
-0.0005933095591943216;0.005047873516677697;0.006959738523046639;0.00034602097916907037
0.00678613038230748;0.005678294894167665;0.01223753793787838;0.0028145986272235138
0.013524166386316863;0.005382876743147957;0.017412762588097045;0.0038864057120476564
0.016656583626953044;0.004338794585593477;0.02027770099007877;0.0032526512315194343
0.014499374711874;0.0033449512887700813;0.01891498234513095;0.0007640440510295047
0.00791824228809292;0.002994620681792428;0.012935442580485327;-0.0033817601626233043
2.7926046487686127e-05;0.0026788411219393375;0.0037545056533755143;-0.008117121668818244
-0.005665663632300294;0.0007663364520011958;-0.006106228124386827;-0.011422421249671872
-0.007534450839832051;-0.0038370505886418677;-0.014020902658449524;-0.01130010006587355
-0.006917035326260676;-0.01012001106384134;-0.01803210762847902;-0.007174478208739147
-0.00710548292399241;-0.014930883065677547;-0.017322427083647132;-0.00046735955908500207
-0.010808941513260933;-0.014660740725525043;-0.012453224899783462;0.006042968578249953
-0.01787021425355794;-0.007533600909357813;-0.005244742139980688;0.009468770112512487
-0.02484945128525057;0.0048056308765369975;0.0018871625401079232;0.008006693167686166
-0.026771673063461805;0.017284496893866456;0.006970939809042156;0.0017366786252780082
-0.02000703528933663;0.023358946825479752;0.0092897759071589;-0.007264651056637271
-0.004669952219880464;0.018489783069895127;0.009395276138579014;-0.01566199384341087
0.014850371839453744;0.0034041908922002964;0.008360717434970749;-0.020230099063640615
0.03166335595852617;-0.015374199399283021;0.006920386579871832;-0.019375034639898286
0.039558565595897634;-0.029030297905245816;0.005171770814400524;-0.014201750853482065
0.035836020793907936;-0.03210717022825113;0.002965081521870869;-0.008290437881104803
0.022316791888862684;-0.025909853442283495;0.0004933051973837156;-0.005642444704002168
0.00426769535173042;-0.016653734842101586;-0.0015394832076453485;-0.007756137926374092
-0.011910565423052577;-0.010091930245128503;-0.0023560404262449775;-0.012266975409560317
-0.021104074105992607;-0.007624129403057647;-0.0017593211811443063;-0.014776485442000001
-0.02123240183363194;-0.006926393034976353;-0.00042938365957649176;-0.012497622509048876
-0.013868915620558359;-0.00529056341911728;0.0004153021622682704;-0.006397412170367867
-0.0034775786267717125;-0.0018106369820187762;-0.0001934396361735142;-8.254587457738115e-05
0.004627330754059556;0.0029739659460901644;-0.0022616300354882705;0.003088562886240704
0.006869868568587954;0.008270336266286331;-0.004742734571740919;0.0020345289044086568
0.0032366408244762306;0.013291155064170139;-0.0062222241208073235;-0.001923981589582242
-0.0029120023929178405;0.016818433804875813;-0.005941513183786092;-0.0061621593934711155
-0.007126728038066357;0.01727947648868054;-0.00441374929722914;-0.008175839573425462
-0.006736331374936832;0.013655296445951957;-0.003142794565591332;-0.006850129458304293
-0.0023093019150600834;0.006445315024614957;-0.003599632997141214;-0.0030727480024813534
0.0030955513482991445;-0.0021507821036593957;-0.006185861238474759;0.0008467907651419932
0.006087647296252092;-0.00904879579688913;-0.00996125325044274;0.0027830179653029453
0.00503950556392539;-0.01169675023223909;-0.013254797436259583;0.0022256816419569175
0.000992692284984915;-0.009344482308982625;-0.014505207808363238;0.0002959069980886337
-0.0030228380535048554;-0.0034496219016530673;-0.012720210058809644;-0.0015564815832344308
-0.0038824925312925377;0.003040636916343269;-0.007699186810857696;-0.002739633587614527
-0.0003897463374291067;0.007197279240632874;-0.00041716545151145463;-0.0034345773781884787
0.005892010114748183;0.007671420189094489;0.006756418889052138;-0.0037154587452383776
0.011624933872714406;0.00544195854637178;0.010824360151285562;-0.0032810099888038926
0.013823310712066614;0.0031088096945551796;0.009882833609419217;-0.002165212347200875
0.01160759715115341;0.002919452595929908;0.004483857371130713;-0.0011859516214977894
0.00645314835769245;0.004853987483238814;-0.0026068807125317357;-0.001035489611983436
0.001016999661380075;0.006428497228420218;-0.008061761798672074;-0.0008231519690316221
-0.0024239529176894995;0.004659367850399552;-0.009763438743011658;0.001925080268939592
-0.0029067600168117555;-0.0012554170552964692;-0.0076644064609029715;0.009056202795797011
-0.0007906793668011395;-0.008737819379483511;-0.003544923255650733;0.019081890573541992
0.0027718357791672427;-0.01319475102916114;5.494104581780364e-05;0.02668938987803514
0.006324571582393456;-0.011038908498305298;0.00124158636284738;0.02560756140959843
0.00831043792006239;-0.002208661792429148;-0.0002758058689060951;0.013149290253908444
0.007260372124700221;0.009604498492148426;-0.0033817191953825114;-0.0069447876465521755
0.002367756447699666;0.019150506980173915;-0.006723257856219352;-0.025840974662246222
-0.005705332814184471;0.022635124637543854;-0.009752497504834623;-0.03460899896558145
-0.014583822019915468;0.019475284321980302;-0.012678993893713294;-0.02949678335626118
-0.021092761751314346;0.011878937991523683;-0.01546762673082501;-0.013729757053377313
-0.022901124621502685;0.003079941274034972;-0.01693810034286562;0.005248935056763553
-0.0197233389419169;-0.004227632764960935;-0.01497675070364837;0.02059249378320127
-0.013270310622225329;-0.008477554940064526;-0.008031047529757295;0.02915534886897745
-0.006169323797728355;-0.009153679242576904;0.003030102403519939;0.03127137429902921
-0.0006846086100807021;-0.006611883554431669;0.014327834434268232;0.028687744943082585
0.0021139256058111695;-0.0019430770539867672;0.020784647559159083;0.02304878924213756
0.0025395550930566897;0.0032708854810516823;0.01948349271351875;0.015757595442626993
0.001880744503216625;0.0073687435842205145;0.011908751853361795;0.008322031665380867
0.0015783175798181849;0.009108405565376137;0.0029901886623314184;0.002204155106793991
0.002395461127037892;0.00812285464528335;-0.002336569040522121;-0.0017634754298285302
0.004093783934128393;0.005111677041104478;-0.002186073712584579;-0.003677966326825797
0.005826305244134479;0.00151653080193302;0.0018303924539957426;-0.004219513431654864
0.0068979431952196964;-0.001251996957539632;0.00649839742435382;-0.004027504362761584
0.00724409899008058;-0.002505465143776131;0.009259927719499928;-0.0033957059113888873
0.007264465283214281;-0.002370929429933438;0.009266668216081337;-0.0024334816852019624
0.007264276716613899;-0.001351558736626742;0.007122698872056057;-0.001329870730455389
0.007086320582869463;0.0001163818327892143;0.004081104205207532;-0.00036435377419353685
0.006250111802877725;0.0017495519235293884;0.0013228322095387172;0.0003020965321658305
0.004395649220769064;0.0032781546029876374;-0.00048709952792434455;0.0007720096823484136
0.0016320803669364384;0.004400427812974042;-0.001336200782329347;0.0013083753750823578
-0.0013926674449923119;0.004910023110941266;-0.0016482016904426676;0.002047471469630501
-0.003651099727523685;0.0048136503411350656;-0.0017818840637894861;0.0027511860387069154
-0.004072583657920677;0.004280174387001673;-0.0015833909658124602;0.0028238101242140747
-0.0020606340688614274;0.0034674706033733485;-0.000440504728390728;0.0016737486460935373
0.0019490303233574554;0.0024101568675646513;0.002057051668872035;-0.0007596149288744483
0.0062994365391181185;0.0011026849217108151;0.00537862822158309;-0.003731987743262576
0.008709853696581633;-0.00028262642464160596;0.008036202980914517;-0.006034571003710508
0.0075721532192509775;-0.0012943119572059872;0.008536916163574318;-0.006828597092982687
0.0031587341405438425;-0.0014508979815963195;0.00658099355032706;-0.006306985482686263
-0.00223431263668089;-0.0007500125237386396;0.0034230768413033882;-0.0055414032095355
-0.0055180481025841575;5.266801008355587e-05;0.0010299240816647969;-0.005596591827590496
-0.004680966361481576;-0.00013131097225518312;0.0007378449056317526;-0.006690968328007522
-2.7417380970721765e-05;-0.001747414012136414;0.0024696781520897053;-0.008093290135386408
0.006067629987469975;-0.003912911240259715;0.00499301406234597;-0.00874473368192472
0.01069338326476409;-0.004798276826725051;0.006872150169515886;-0.008078145162604322
0.012136053123512356;-0.002961757100009126;0.007373506009892709;-0.006499739273942255
0.010630374180193771;0.0013613684728341164;0.006775518890906611;-0.0052145149741007184
0.007742902641976195;0.0060711992583073315;0.006038850955733957;-0.005359003803695907
0.0050327979822914716;0.008387437838957198;0.006185705725906029;-0.006876740490748274
0.003066430570030975;0.006690768992921715;0.0077550394233991855;-0.008000250541924119
0.0014067735289591478;0.0017927731321767935;0.010487726737150746;-0.005975288185375624
-0.0006390957713138814;-0.003304670712966925;0.013294213918327866;0.0012490403773692403
-0.0032133145656881076;-0.005124542092985776;0.014632990002685146;0.013386048803579234
-0.005628184259152737;-0.00184783394522583;0.013337893076283512;0.02724800194017256
-0.006786921974046253;0.005482796009076769;0.00945130357803346;0.037789512800106395
-0.006033108525389648;0.013419676671564348;0.0042727613776229545;0.04056872143127956
-0.003823684163316548;0.017961503937756345;-0.0006145344114902917;0.034374122432592726
-0.001659713814104797;0.016764759419925914;-0.004469104963905331;0.02211358538642698
-0.0012342625428348566;0.01042751540043009;-0.007534420682793208;0.009108607695546896
-0.003345366884501098;0.0019869816060403517;-0.010160308511958486;0.00013805047449743377
-0.007275776970802307;-0.005077836813386368;-0.01201135225247276;-0.0025312327134199676
-0.011048065792613717;-0.008848555001908537;-0.01227742283349636;0.0007115029268400439
-0.012462392390149955;-0.009492605456977651;-0.010604464806748839;0.00763616841588104
-0.010315724463755017;-0.008285814712447794;-0.007701479321134996;0.01504443105090832
-0.005024721826609878;-0.0064379777783115525;-0.004976632476451242;0.01972616275485613
0.0016895731458643538;-0.004737469352894791;-0.003531624720767934;0.019637723110554398
0.007682844537487597;-0.0037739029974383728;-0.003380294067499542;0.014770407760834534
0.011163366665955547;-0.003989974795995518;-0.0034839449217084384;0.007096212906925752
0.011013914473402726;-0.005371441817039736;-0.0025455776280583447;-0.00034574593571883754
0.006831663501192554;-0.007163707929305616;7.195287828634936e-06;-0.004726590521491042
-0.000934757253738921;-0.008020309068149658;0.003575516178805515;-0.0046196621680393785
-0.010660230865248446;-0.006698717832397124;0.006855337543571636;-0.0006772177413916409
-0.019443220208855222;-0.003063141192076989;0.008836976167957141;0.004610879515345502
-0.02380085523850733;0.0012131186836656018;0.009449232102778992;0.008104040420625845
-0.021211989148841398;0.003012797788108041;0.009311995742481241;0.007623020989692261
-0.011717053870860333;-0.00045255608291489826;0.008965373229446088;0.003141813026054555
0.001572921008870223;-0.0092635628873241;0.008409963304679375;-0.0032228761647558504
0.013621145430664727;-0.01975339077661158;0.007351034600797144;-0.008642574159469384
0.019744567575472615;-0.026393728812960822;0.005768953900652851;-0.01160991315599058
0.017792604950845854;-0.0257166789549329;0.004178660198449672;-0.012935727230801145
0.00909876163937903;-0.0189219992822759;0.003332045361430319;-0.014584683088316475
-0.0021838849879142787;-0.010599384379633535;0.00364431685639982;-0.017204925465147545
-0.010955114150485733;-0.0048468082684476445;0.004817583497978542;-0.018870398533259957
-0.013422351464579358;-0.0026575335616548347;0.005935342553217657;-0.016676790855855633
-0.008858640749257045;-0.0026358701085564622;0.005935337702093727;-0.009767192763829228
-9.795297180782277e-05;-0.0032710853703264067;0.004132065163759077;-0.0005297278598981161
0.007667394209954601;-0.003932429244454386;0.000536587443702015;0.0073700970449256265
0.009526457466539103;-0.004206536730005025;-0.004038913576461238;0.01190409395086887
0.0037457744751927266;-0.0033782243000552953;-0.008071751331868313;0.013493781182780554
-0.006861300622169316;-0.0010961446964229144;-0.009797490947576254;0.01335384448201868
-0.01636781733051816;0.001758808614925239;-0.008166762058117852;0.01165855390242917
-0.019375429688067006;0.003403301065983733;-0.0037764673379927153;0.007555768862772127
-0.014363791375844514;0.0026321261365936863;0.0011986031228970134;0.0007507772399666261
-0.0043244639351845806;2.9792725752376103e-05;0.004381764803899103;-0.007224445543408929
0.005542474967148145;-0.002351964902607744;0.004781012737815157;-0.013459702976310045
0.011138942034918284;-0.0027191020258715715;0.0030645528359470415;-0.01547229482094919
0.011550641648178636;-0.0011901098098646419;0.00037832098395134084;-0.012746836089645571
0.008905271967610862;0.00018542335796415492;-0.00279663991045976;-0.0067534149528622744
0.006494395757181213;-0.0007671730673077013;-0.006418551551537981;0.0002813174774367348
0.00651400574041833;-0.004237272540904324;-0.009785183867753443;0.006507075209015774
0.008802097936356475;-0.007913570902349813;-0.011252740001325638;0.010584842382792236
0.011225842460969778;-0.008578497418855054;-0.009545811840582893;0.011197903512804312
0.011296651620190895;-0.004533349025951746;-0.005466762181924395;0.006992862193191475
0.007835352002064123;0.0029976855603449344;-0.0020629674074186337;-0.0024931919078024444
0.0015963625579066504;0.010441872749174935;-0.002647491935019601;-0.01549345467327026
-0.005387500756518147;0.01400734663102316;-0.008155300697051419;-0.027627724363306065
-0.011036195891872805;0.012043130765192065;-0.01610239006630348;-0.03352210126315788
-0.014057638459105442;0.0062294091582564045;-0.022148853477153285;-0.02998002889911673
-0.014002383567035516;0.0008422919133222641;-0.02308908259042225;-0.018605444495820828
-0.010970822926335017;0.00037854514789995274;-0.018926105762637205;-0.005590541298109523
-0.0056039419726270955;0.006817241704128891;-0.012522038924252759;0.0017369006108747974
0.0006103078829112435;0.018190897953555198;-0.007314966988893392;-0.0005474354905034094
0.005370472172953122;0.029490970812627828;-0.004950236844266305;-0.010475429533875863
0.006500124090040556;0.035438583158365615;-0.004456810185952763;-0.021466015651075573
0.0034225369776674204;0.03335463723568932;-0.003404971585718076;-0.026529307272762162
-0.0020307783850751927;0.024331789909784334;-0.0002615460090121421;-0.022664038840819595
-0.006399514463708724;0.012178150453831261;0.0037310540172276426;-0.012530961469027225
-0.006618589408430037;0.0011274770199725891;0.0049260206097661964;-0.0021815496848876094
-0.0019116402708205225;-0.006087042054327239;0.00018405065861602579;0.003536273601482514
0.0056881979575263125;-0.008838631922002148;-0.009864800165023115;0.004295418141967691
0.012426915349393742;-0.008057460306079553;-0.020350055806961014;0.003690752058172773
0.014825231327193015;-0.005294023195598965;-0.025389902666963476;0.005521040918524866
0.011533416599068213;-0.0020034311590998157;-0.02237271104653595;0.010376202830325573
0.004141529918562981;0.0007879352456824263;-0.01351988569877827;0.015248627305448731
-0.0035389247383844544;0.002552885583806674;-0.003620810484512124;0.016011066368638135
-0.00750773028962916;0.0032287631064466652;0.0035891791238670126;0.010561923954308206
-0.005857310224998436;0.003149375357788962;0.0072222533548736215;0.0004746626510752275
0.0001493184103133167;0.0029264183815160554;0.008416694004946379;-0.009772050942107164
0.006981343459356983;0.0032273429714230677;0.008551160848238919;-0.01545355708327378
0.011105214749925716;0.004413744377476566;0.00829709727650492;-0.01445469103178731
0.011036180931726342;0.006113326563938383;0.007828430079032644;-0.008415711073737982
0.007874418181293684;0.007023874559637665;0.007376428369285902;-0.0014391167363300686
0.004197413383238139;0.00536971642522867;0.0074178460416970135;0.00256341656692081
0.0022600884571319633;8.988473350465135e-05;0.008441780313418492;0.0019314365297642946
0.002716293946761579;-0.007906439535932943;0.01056897769293282;-0.0024380925842623965
0.004527234567065819;-0.01553212571494036;0.013263836716994536;-0.008184807682905314
0.005897403036693998;-0.01896748314201457;0.015365975791432871;-0.012851641641533894
0.005521367007157545;-0.01608919070132797;0.015613702686129471;-0.014739475302655682
0.0033624005562518065;-0.008215402369140744;0.013449236463761446;-0.0131535133019169
0.0005452822142501787;0.00026860780181296295;0.009465454352271061;-0.008287316610349203
-0.0015031869113418933;0.0044447593980224305;0.005053902733019068;-0.001020945598206593
-0.0020773929912315846;0.0020232241577377253;0.0015971650051165819;0.007165252104858113
-0.0016647470913166873;-0.005072944775103076;-6.359904872254588e-05;0.014234787209072569
-0.0014812229183208123;-0.012029498107273837;0.00033152406259115137;0.01800716014891428
-0.0023948208361534405;-0.01455401489406032;0.0024941678537537897;0.01714797589737743
-0.0041517549548605185;-0.011773323121582512;0.005388101938447278;0.012195596726519826
-0.005621808874019097;-0.00639928679364583;0.007128376111203319;0.005707197433679095
-0.005818723874477242;-0.0022908020159982867;0.0055690296328524055;0.0011313254096511742
-0.0046945762062449;-0.0015585775041325493;-0.0003895241781394288;0.0008951586859951385
-0.0029796050923284172;-0.003365968536798568;-0.009621727481049914;0.00479672923627823
-0.001331173514936153;-0.005012288180433366;-0.018841242024308757;0.009872855579607567
0.0002800103803928007;-0.004228709270766592;-0.024225119104729107;0.012192065730944059
0.002322911439062135;-0.0009294602575044135;-0.023605807285131574;0.009564036426953904
0.0048863569179591415;0.0027972497009073815;-0.01762745342209045;0.0031230724248969386
0.007156984427831153;0.004340053232408683;-0.009055979671712377;-0.0035539692889310715
0.00777522850818927;0.0025546223773454846;-0.0009431543426786022;-0.007072189797150869
0.00582406968850914;-0.0013947400273527782;0.004870756150595324;-0.006413964390160638
0.00164480371688694;-0.004910728564875256;0.008020179686346907;-0.0030947223784116196
-0.003151853594428626;-0.0058055317801326755;0.008956411768281951;0.0004318317345350663
-0.0064675391173698756;-0.003674633607228574;0.008284666282354863;0.002486942176934352
-0.006787953878032196;0.00012857846320476514;0.006605677835456954;0.0027147128076492138
-0.003974382353131294;0.003646551323902904;0.0046248064875484395;0.0015812782241305932
0.0006090775323140542;0.005540765740701479;0.0030505363848271623;-0.00019400532970273508
0.004729655311940704;0.005549178217296252;0.002215096221051481;-0.001735278543531624
0.006411285258899036;0.004151232839077676;0.001842850805993372;-0.0020213389287805274
0.004968772986783184;0.0019713394807025727;0.0013501900128445126;-0.0003583055372722881
0.0013392089852467877;-0.000593309556549757;0.0004886935418868711;0.0028753205078914214
-0.0025478017295705166;-0.0033878416340584624;-0.00031824237939857787;0.00604276613805584
-0.005011479102657995;-0.006280375163748954;-0.00037084219920669034;0.007154194728680364
-0.005626153761734276;-0.008895225956784778;0.0005027844447855766;0.00535157567790043
-0.0052131345371452375;-0.01048389722292467;0.00156081898130939;0.0017112518670807835
-0.0047893994167411925;-0.010110489072968874;0.0016888611351838318;-0.0014849352503243669
-0.004373920440860513;-0.007218522065801029;0.0004620947854799042;-0.0025104977593862488
-0.0028252543051409244;-0.0023441272269318692;-0.0012984480041499048;-0.0014465856074341655
0.0009263973624156511;0.0026110432566404766;-0.0020969538104207205;0.00024400840397664167
0.006225560094452245;0.0051232572706385125;-0.0009520664311250795;0.001403154724791561
0.010213558669453808;0.003703208294763451;0.0019354930488859321;0.002392197008965943
0.009313288750896098;-0.000635236372688802;0.0055489026328027465;0.004493508450026549
0.0018484347930016064;-0.004514472586538707;0.008846877063475391;0.008046908232185733
-0.010080521772714042;-0.004326722790148514;0.011136976402369183;0.011344368112280014
-0.021009514463773395;0.000998292073759829;0.011986889393333871;0.011682523907966109
-0.02489604949870535;0.008822555964586726;0.01123398777806872;0.007798932084694434
-0.01871282817387721;0.014477203437338201;0.009248822891553094;0.0014644582838447317
-0.004567891292682081;0.014805870013454984;0.006946438187923153;-0.003301598981259779
0.01111531964311829;0.010805239604788524;0.005224980868624143;-0.0029223130260097934
0.020966808037304777;0.00691290204449447;0.004299863823279587;0.0030490160812524383
0.020577146028320066;0.007200716705883057;0.003619545043414488;0.01110320494250364
0.010619681061661505;0.011761555995808198;0.0024067672538964843;0.01554175173589634
-0.00393507386682453;0.016710672114849216;0.000286231042407134;0.012031799187713578
-0.016723114646246918;0.017742765060053168;-0.002440084316139186;0.0007659937559885341
-0.023024244768485157;0.0136723807505339;-0.004940960496624116;-0.01317318671544826
-0.021336584112581373;0.006820561887270536;-0.006313267086936392;-0.022844025803281424
-0.013240200345400297;0.0006687793241665414;-0.006074186242815545;-0.02374485931863041
-0.002262226028824331;-0.0025171135689605532;-0.004297190907876597;-0.016266365463092226
0.00753922979002002;-0.0024050357604877655;-0.0013352472511280926;-0.004926181994421986
0.012955849683324102;-7.20610439634586e-05;0.002390794685116679;0.004544423534404369
0.012734979729939156;0.0027469899388782378;0.0061753682435532215;0.00827659248279399
0.007943852868567969;0.0043631809711561125;0.008747667077710427;0.006007789051687392
0.0012419817244611975;0.003897474359789675;0.008566740887768478;0.0007940870596873315
-0.0045990734887785606;0.0017679950546969346;0.004694156866090417;-0.0030865276860977627
-0.008002825204693389;-0.0006462400051907264;-0.002434456092786015;-0.0027686734315826704
-0.008975730514853213;-0.0020754391375498163;-0.010900132997574334;0.0016828352441057414
-0.008553737245913268;-0.0023168589368898463;-0.0178852197645258;0.0076922937006664764
-0.007871112022637882;-0.002255414616547541;-0.02076848490517325;0.011970040325687699
-0.007493390229447148;-0.0029186821333700933;-0.018439794698045454;0.012361796852962119
-0.007310897831386648;-0.004376350711150569;-0.012121077174872267;0.00872121202278668
-0.006849374222660202;-0.005450583559832407;-0.004842650737944787;0.0026403371503326382
-0.005652068590407505;-0.004553151507491968;0.0003686727730877973;-0.003494155359797776
-0.0035079367532699175;-0.0010394212807214732;0.002260797422361332;-0.007582714395043032
-0.0005289116817986216;0.004006167089585438;0.001650636930880214;-0.008680184666091582
0.0028441229396155;0.008257323266648313;0.00017016765562785375;-0.007340252192603579
0.005914863768045847;0.009598524562981783;-0.001224317025096698;-0.005143343837158035
0.0079369261975718;0.007438550879620269;-0.0027229139761740825;-0.0035068576629287327
0.008397174143277121;0.0029542028928200323;-0.005068337149559238;-0.0025672730262428782
0.007220694341782837;-0.0017427796892865474;-0.00873948818925616;-0.0011308456704821938
0.004808541567356719;-0.004803496819781536;-0.013549254674202194;0.0021112222127631784
0.001962749239400678;-0.005487868374173012;-0.018626503646979608;0.007071887392630429
-0.0002673117943780589;-0.004325171229349466;-0.022533271552521005;0.011787055874165273
-0.0009568779842445072;-0.0026074765174797323;-0.023572137025271105;0.013508366820407814
3.0247367223331818e-05;-0.0015180559204590596;-0.020508672620904646;0.010692789179955756
0.0015200447839388202;-0.0014021989793830474;-0.013512526939490777;0.004411310468406602
0.0014322702263347478;-0.001619301585409093;-0.004536704649083003;-0.0021381808315389496
-0.0017050238734150284;-0.0010547883924053056;0.0034925403679507906;-0.006019169095387228
-0.00716793085445594;0.0009808071207105017;0.008283208571054796;-0.0070135521395805365
-0.011896270305656311;0.003917946701223596;0.009378338962008534;-0.007679858360951018
-0.012291827530880083;0.005739608385624204;0.008103866605722291;-0.010499263576774625
-0.00676878012165925;0.003936014122684044;0.006489164652501424;-0.01476411119535067
0.00286551098229192;-0.0026239519327602547;0.006003738385315452;-0.016636251221417913
0.012273825582576748;-0.012195412444728299;0.006779188488002781;-0.012692095264821134
0.01714418246786254;-0.020519787768440066;0.007602584199768555;-0.0035024663065590716
0.015752910690330458;-0.023232257636916616;0.006747949398889879;0.0063126130484620095
0.009901849973166238;-0.01874265293026578;0.0033630224407286175;0.011559999547143504
0.0036762349596323697;-0.009469381465956713;-0.00146303685092248;0.010331071011839528
0.0008597489044855871;-0.00045448822398150057;-0.004980319314212515;0.005218012500286517
0.0026670584995075147;0.0037903617775469542;-0.004557316347658891;0.0012554608654751066
0.007195234231254524;0.0021896412417338296;0.00024849748114927497;0.002190287270855709
0.010851245521340067;-0.002160768048974694;0.007059736608497882;0.007671363173463144
0.0107651469722874;-0.004077910784958239;0.012226157999303587;0.013441234915685258
0.006654252534073295;2.0883216994619403e-05;0.013523945952224944;0.014509555353785255
0.0010234279649443988;0.009319774612754718;0.01198550616002607;0.00888628320513288
-0.002389424478447992;0.018729410751374582;0.011419000791376713;-0.0009417049118269589
-0.0009703449051927942;0.021967077423161025;0.015754823100330214;-0.009657192205119345
0.005082708771445151;0.015611084565454564;0.02585568464905965;-0.012540326009750493
0.012819509104975535;0.001507009814566073;0.03807432912624322;-0.008420458415950686
0.0182685744407305;-0.014066923630077832;0.046000670530467545;-0.00027809548252932326
0.01866567876823245;-0.023984323132078815;0.04449176847840989;0.006899118351784967
0.013787419700486272;-0.02427541922061056;0.032989220877828226;0.009416724979312665
0.00574913989138415;-0.016003130326059187;0.015666314071629422;0.006865788953304559
-0.002316144420962946;-0.004064578832860389;-0.0012174311755641237;0.0016029862207311996
-0.007741598272878419;0.005917013388098784;-0.012391969829243104;-0.0033133948373388123
-0.009247819020903606;0.010443392914669104;-0.015380763319057862;-0.005855673689382051
-0.007122350082715693;0.00921976578294011;-0.010949680004422174;-0.00549534515759067
-0.002823363953157573;0.004430701684384464;-0.002567413106958569;-0.002852426827408061
0.001736178979647421;-0.0007995938149866419;0.005089766156788389;0.0007010082758725532
0.00493717949961785;-0.003793533199073357;0.008244315157733167;0.0033489681412525248
0.00594200411899362;-0.003154658596778846;0.005641419321760313;0.0034047047084279965
0.004759577004916703;0.0009403888811325918;-0.0012705077618799057;0.00022771550914057133
0.0019882667852547074;0.006914247699228891;-0.00944740795407952;-0.005034130477919525
-0.0014984761548457576;0.012360801216491394;-0.015671060845256275;-0.009585239850515332
-0.004756719112582437;0.01488429323977049;-0.01755843483201522;-0.010268042671892687
-0.0069210841604441;0.012983123115562897;-0.01413616712480375;-0.00548480897762234
-0.007439135645478474;0.006701223213852007;-0.006194452435370865;0.0033831544070314456
-0.006398071827788634;-0.0022439187789945136;0.00369729243563291;0.012230888501346284
-0.004694720862979468;-0.01103189790641424;0.011912847860630208;0.016428656805963733
-0.0036710499911184954;-0.016852128248556444;0.015315852537635465;0.013708984502020691
-0.004155859032406934;-0.018043379377366033;0.012948604439015538;0.005638881711211409
-0.005550308321271198;-0.014723081233438658;0.006722343241978077;-0.003473830403789948
-0.005927512281678757;-0.00870242010565634;0.0004281114225339786;-0.009331298678966137
-0.003423026265562002;-0.002761244686283898;-0.002484514592897799;-0.009981214939413181
0.0020581391457243883;0.0005847002836678176;-0.0010076122108998511;-0.006360355333297395
0.008300738789433413;0.00046898012779930285;0.0028009400374457353;-0.0012027157090998676
0.012021407215425875;-0.0016402141953948076;0.005131980754982227;0.002636038088426194
0.011057271821184371;-0.002814968079354274;0.0028933194824047885;0.0035015664172460955
0.005922305703079139;-0.0008635701501603257;-0.004265783544895719;0.0014976503598904216
-0.00035668736284137035;0.0037755390037070655;-0.013693547656579168;-0.0017942304375065325
-0.004010420270998234;0.008131040292947877;-0.02132631780319067;-0.004318571019695972
-0.002794271912221227;0.00886054031789258;-0.02400437450641408;-0.004807572070210475
0.0025674086551899875;0.0047504963471888765;-0.02105497810524666;-0.003470719769186435
0.008551253107066956;-0.0024293106736260174;-0.014305092489394192;-0.0015421750438478219
0.010563273342659335;-0.00925135222595251;-0.006729559705944128;-9.821790122435682e-05
0.005394448071916116;-0.012894447690905815;-0.0007477611148183036;0.0006976191993748581
-0.006843382639412132;-0.01253781712100221;0.0027345590727860126;0.0012023338642741673
-0.02236520640991155;-0.009114797265497581;0.004125032345358363;0.0012857652786751564
-0.03524490907205322;-0.004199066604550083;0.004273236744143492;-4.0680075467691134e-05
-0.040169633105685186;0.0007586032911471636;0.003770281179910419;-0.003695920292822019
-0.035058452489101825;0.004608698835651193;0.002836307817751875;-0.008987892845172688
-0.022139481412841642;0.006813598803736244;0.001557302170448961;-0.013000206997498298
-0.006868738090050333;0.008112393883922646;4.9101956331775336e-05;-0.011947370268288618
0.004690648145276096;0.01051529666855403;-0.001546810366878399;-0.003931460992931204
0.00860950209695526;0.015708477283610116;-0.0030583066628355896;0.008932157862107779
0.004655363768533221;0.022923011129677203;-0.004202321916494396;0.021038120459829803
-0.0038783921070820976;0.028732749466714683;-0.004586810905826059;0.02663435969213206
-0.011825397814187129;0.02961418383840771;-0.0039306917342042755;0.02368780817260837
-0.014510125245602285;0.024875302971977632;-0.0024083409000516306;0.015149960729143892
-0.009881902354082654;0.016922802457624137;-0.0008459961702711628;0.006545876779279077
0.0004654627021245635;0.008874708836474496;-0.0004903335944782124;0.001996539498682294
0.011983259422389599;0.002372916725114182;-0.002261850297583557;0.0018886478597062407
0.019445936503769617;-0.002400435476448209;-0.0058343375089806694;0.00352330536519257
0.019712916372113084;-0.005501000414128176;-0.009307398122736685;0.0035640800691529155
0.013352660464346883;-0.006849606293370515;-0.010077390138744374;0.000336921706571325
0.004084830388898177;-0.006929944891288499;-0.00657339100951759;-0.0052083564418284505
-0.003565714153505252;-0.007040036551110804;0.00040395974403006885;-0.010190616566550079
-0.00675926665232382;-0.008264475234555726;0.007888500418783598;-0.011766525243573127
-0.005339375005299318;-0.010212093235493758;0.01246140318369658;-0.00918929754930684
-0.0010285117854271183;-0.011088927524609282;0.012246138587761189;-0.004429309726482577
0.00406718045288307;-0.009289468258201811;0.00782706595846276;-0.0007580003873906995
0.008345504062930827;-0.0050627852592275485;0.0016876835406094302;-0.0003589320504607795
0.01069769262559791;-0.000656490027754292;-0.003163565013380194;-0.002861527844836882
0.01026688800754024;0.0012930718006635236;-0.00449619265428213;-0.005884290516261193
0.0066237831569536335;-0.00017844742209455165;-0.0017512473251142199;-0.007000808006345516
0.0002773867852127867;-0.003536760988979919;0.0034810877160572013;-0.005464247249142316
-0.007082984040610191;-0.00583531376939112;0.007762507535331704;-0.0023902215673466767
-0.013017679764060035;-0.004882355023559582;0.007470853905240538;0.0004722225684076787
-0.015278268971640656;-0.0008579488159615557;0.0014440070099526069;0.0020671676174451046
-0.01279708944409485;0.0037820128413554466;-0.007394137194824351;0.002314660419808317
-0.006290789236106432;0.006008635630957626;-0.013512178289753209;0.0014890787578851258
0.001862098048064792;0.004305930805367312;-0.012900764770566337;-0.00023400254977326004
0.008604440015595105;-0.0003133830579079074;-0.006452865705646131;-0.002444693579775195
0.011693734652776878;-0.005039425440501237;0.0006335916554552354;-0.003967756311786431
0.010857657551994426;-0.007205717099926441;0.0030450851097329544;-0.003155517505519291
0.007787702692461405;-0.006076175070648715;-0.0006022129871473043;0.0008551971329959946
0.004861643271768217;-0.0032080851307363495;-0.007245400725450683;0.006996933820278323
0.003454140192279617;-0.0011338434594306132;-0.01233614853883905;0.0125240296536689
0.0031229706806146173;-0.0014316776419318077;-0.013299684901968725;0.014810067119246076
0.0023269656294985733;-0.0037710297815547297;-0.010686564288319156;0.013288154030465746
3.627252566221992e-05;-0.006578971801240719;-0.006792329901074215;0.009707619690165968
-0.003207362870301715;-0.008477863116013624;-0.003670377608404445;0.006354617759072557
-0.005713993610020288;-0.00916012775645523;-0.0022708215012099135;0.004038237109231262
-0.006108292939058371;-0.009179011877130674;-0.00270246118362004;0.0019743232590866398
-0.004477948353484326;-0.009134634038775164;-0.004573792276355549;-0.0005117835556390118
-0.0022674324389738727;-0.009043581325406868;-0.006945513811101028;-0.0027039752795364
-0.0011719115002046167;-0.008361140653834554;-0.008413918945988011;-0.003226684527928429
-0.002007119819249874;-0.006568344996146927;-0.007805634741752156;-0.0018000433526648317
-0.0042766799804544705;-0.0037831209776898853;-0.005061366079606313;0.00014948631068126785
-0.006500405537491055;-0.0008406605713067827;-0.0014108099562528537;0.0006925322966107692
-0.006963702069751108;0.0012291497617893182;0.0014526258996688639;-0.0009553576523052713
-0.004496809003836536;0.001859006807328964;0.002518484210911063;-0.003937336311484755
0.0009945033545122092;0.0011905465319051569;0.00199606401139522;-0.006617893544864609
0.008379221750733853;-0.0002147101609133206;0.0009297247867850223;-0.007790844336597772
0.015553223000627274;-0.0018483637253064091;0.00032302752543577696;-0.007205565468334834
0.02006340612454177;-0.0034663798669888977;0.0004402957979682407;-0.005243307790890975
0.020018049299616543;-0.004918205510095503;0.0007222222132760267;-0.0023876034723069005
0.01503183261365954;-0.0058812166283008374;0.000346749927295595;0.000808969228153371
0.006718351579633001;-0.005894989324565296;-0.0009641247596647206;0.0032932134569018164
-0.0017863687717859966;-0.00478847877161943;-0.002573152214148577;0.003428477541743686
-0.007314991375323951;-0.003128155815271361;-0.003435238702480838;-7.242509091315308e-05
-0.008394931134756695;-0.0021143744334331505;-0.0031041988174763304;-0.006726824599500679
-0.0059775765603922275;-0.0027187066219292516;-0.0022079406124732924;-0.01389276574786988
-0.0025083327777005683;-0.004622087380658102;-0.001767533777366115;-0.018259755199990544
2.5637045967800586e-05;-0.005991760961950409;-0.0019612952494262475;-0.018083445977728988
0.0015289291320820873;-0.0046599390914424015;-0.0016572577979503725;-0.013988364046976587
0.0035401175300288808;-1.371556072085956e-05;0.0006356406227721444;-0.007615704024173359
0.0075092288163815454;0.006008265175064801;0.005187255796588811;0.00011974796027433378
0.013089540774771456;0.009944748415031736;0.010360437250259402;0.00891734953505712
0.017937283968683677;0.009338365602293196;0.013612894276099146;0.01723099422706609
0.019242932581316978;0.004797060693798162;0.013434642887784601;0.021247108686228946
0.015751735607786733;-0.00022797716314593202;0.01053524898642328;0.01676216158626895
0.008669326777806297;-0.0019904542091601974;0.007221719505189543;0.002870148142875838
0.0008655742043054271;0.0006485763252690418;0.005568968426684002;-0.015920806040713154
-0.004858327050777535;0.005393136834760556;0.006025784089215041;-0.031517096468362184
-0.007194654875397596;0.008475010227391847;0.007498536520016428;-0.0370933467371943
-0.00670808158780481;0.0076452831325242;0.00847946383538544;-0.03136503807255757
-0.005175604553924523;0.003579254030233507;0.008033069545603497;-0.01893735746618286
-0.004368266123166628;-0.001234754764048167;0.0060108478971436325;-0.00664483792253521
-0.004975269513233398;-0.004643488578825846;0.002797936822765156;0.0008726840873615234
-0.006312139591179552;-0.005977910162927617;-0.0009040637858672043;0.0030138539296509985
-0.006963805397974954;-0.0056993104129256;-0.0042099581008632194;0.0019846061897635285
-0.005841767008291218;-0.004539642897805211;-0.006325413514901487;0.00041965412646831124
-0.002887237305763002;-0.0030710525924350115;-0.006950175101249535;-0.00024062257650863991
0.0009679388379178082;-0.0017073583621498379;-0.00647666173303205;-6.264258400974408e-05
0.004391414517474134;-0.0007404587823637611;-0.005728769062255075;2.2654472971458924e-05
0.006311520634791568;-0.00031011199321471865;-0.005405312941809361;-0.0007784865652192596
0.0062849777640969695;-0.00042943330862003746;-0.005665553662210633;-0.0024111303552265314
0.004512357593945059;-0.0010598194087759196;-0.006134833739626892;-0.0040078388958309
0.0016556047759004918;-0.002110312042651426;-0.006253297795292981;-0.004554776332151701
-0.0013789810919387858;-0.003342546818260642;-0.005687583511083992;-0.0035980579916964767
-0.003638130042874628;-0.004324088149532392;-0.004543995491679825;-0.001500714278941175
-0.00434227784798679;-0.004573920089546839;-0.0032740915500798014;0.0008032927942097432
-0.0031772741516220278;-0.003868975049472151;-0.002360170064202626;0.00231988861787464
-0.0006025491352707013;-0.002494211467850586;-0.002002370756863033;0.0024969072729535764
0.002022357937267607;-0.001190213264862952;-0.002019844265035255;0.0015117890365670924
0.002746546068525059;-0.0007229781173458062;-0.002035426204831146;0.0002138656968795084
-0.0001221854871857328;-0.0012821184109895393;-0.0018171036675409913;-0.0003137176833917871
-0.006876290558787894;-0.0021385252475611925;-0.0015093957046750897;0.0005526379443038425
-0.01562496235561743;-0.00196989530673864;-0.0015138566714333454;0.0023687108765892417
-0.02263156674643395;0.00012859104637702855;-0.0020273338479917576;0.0035919170379422392
-0.02404672861321021;0.0035871686524387757;-0.0026180372120777513;0.0024710930249665663
-0.01828166341640568;0.006329187372051673;-0.002384025577781452;-0.0014353572530123127
-0.007438617189681426;0.00632721425612928;-0.0008403814278060566;-0.006238404228024531
0.003466773681290778;0.0037713058288627137;0.0011432732853357511;-0.00847157954870287
0.00926608573243259;0.0016631820344703706;0.001451963225839729;-0.00567026231086841
0.007660976746161497;0.003611225711403617;-0.0017410756012352334;0.0011370857222331545
0.0005299364076948433;0.010474179964266375;-0.008064542282521375;0.0076680004942217255
-0.00728456639685364;0.019228964360173913;-0.01441702700145302;0.009969718219239065
-0.010818129855653315;0.02550354685241064;-0.016580181912569877;0.00841060162391098
-0.007623398885479132;0.027363228996631298;-0.011805393905333134;0.007862197904616449
0.0012111056380981872;0.026624617074842;-0.0003323027929946539;0.013157553779571387
0.011879767139795857;0.026684054841011752;0.014990940399984354;0.023903085131933254
0.019814220533571094;0.02922567431748575;0.030075869001318003;0.033833240442567906
0.021852410805733167;0.0326775738165264;0.04089501240275295;0.03561394523613111
0.01779084803034236;0.033283201241348925;0.044680093527903066;0.026827845779453775
0.010547470510162853;0.02770976411969652;0.041068453764881635;0.0119814878873391
0.004542943353253905;0.015465358563805223;0.03234470870655251;-0.0008256605507171382
0.003004042245550951;-0.0003296867001018291;0.022088936100068342;-0.005443949205666371
0.005970801921578442;-0.014399777950353935;0.01312782339872507;-0.0011170671949592508
0.010471572151409831;-0.022209690000229192;0.006471415612638636;0.008045499854081062
0.012606541098629274;-0.022418062298656533;0.0017748071069802326;0.016256339969886083
0.009871077235418272;-0.017255007122298275;-0.0015887952075358015;0.019292699149767167
0.0022499109824935222;-0.010722234576500194;-0.003904127289576462;0.016011571531833274
-0.008161495713447564;-0.006043751211813426;-0.005211235334974367;0.007957919458594033
-0.01834451088043021;-0.004121620872325097;-0.005717019011984728;-0.0019985865073344255
-0.025587786345287807;-0.0037934862068894266;-0.005922891814284152;-0.010927800154966263
-0.028298700583742287;-0.003332989656509773;-0.006195082963408813;-0.016533282635055387
-0.026246523614008335;-0.0018978421528976308;-0.006201309508652627;-0.017485476309941798
-0.02033766648222079;7.453294969978347e-05;-0.005024678570456355;-0.013759754178760002
-0.012183965736169032;0.0015756953220840684;-0.0021472842377888465;-0.006889535097503565
-0.003698036571131726;0.0020744349436675434;0.0016394780654278886;0.0004071187549028766
0.0032507882069166515;0.0020222461826389375;0.0045355638071870675;0.005461595458685646
0.007246161457484062;0.0024803257687062235;0.005138660241949352;0.007056588810467646
0.007830022895468735;0.004232031956337498;0.0035754299173057485;0.005854730501138758
0.005846813161868809;0.007079535737313646;0.0012543315931698468;0.0034672341759948767
0.0032259082428821202;0.009827088723948893;-0.000369864788975537;0.0010497730536118877
0.002040310124265393;0.010937926050697424;-0.0007444893268579387;-0.0012722165840144332
0.0032045339084320864;0.009420855232708402;-0.000233996687858394;-0.00376046467355726
0.005646307916773256;0.005433759800938733;0.00039574975084694797;-0.0060699657151644165
0.006763970621477184;0.00029869260309181974;0.00048130946294670026;-0.0070791920414549825
0.004185628925485291;-0.0041249894577052755;-0.00013606444698730113;-0.005861681194718411
-0.002306946460989582;-0.00648794883521665;-0.0008986574982783824;-0.0029415026581499043
-0.010252660323552362;-0.006859966672824825;-0.0008890109836876996;-0.000488217392517493
-0.015986882226904166;-0.006779571174355788;0.0002520598401424846;-0.0008483931473462869
-0.01706407757623151;-0.008116884647887677;0.0017250741866065718;-0.004424891907905911
-0.013726582357654211;-0.011382913001064499;0.0021564203850047573;-0.00892906530947608
-0.008341928026699405;-0.014903735167530976;0.0009514780751428391;-0.011030627768918357
-0.003481160268620611;-0.015868687000000273;-0.0010450833253629157;-0.009067002358717892
-0.0003059782798403241;-0.012649188013008765;-0.0023828865447364112;-0.004298660548770536
0.0016558619182474035;-0.0064335902178980385;-0.0024210833537489872;0.0003277079685441715
0.0035909514127121663;-0.0006325259635136202;-0.0017211076396996827;0.0024692011149418896
0.0062992954584490625;0.0015583841666884273;-0.0010519004195549651;0.0016055516151465678
0.009628630658093475;-0.0005673045530992609;-0.00034334500048476186;-0.0013635466662910195
0.012558475473221283;-0.004915903344048901;0.0010252129373141375;-0.005033513977044079
0.013724819265383659;-0.008313642316470008;0.0029273177392043987;-0.007923391168959014
0.01217772285990138;-0.00872206279106679;0.003893109375733747;-0.008684201630725138
0.008105382608726161;-0.00628683041037478;0.002231305190462517;-0.006777083953712531
0.0030255456384910293;-0.0027790847626566746;-0.002157354465464037;-0.0032475404255115693
-0.0009699938566710584;-0.00025577244367839196;-0.007305351606973004;-0.000334038800434242
-0.002587360788421837;1.5555415803141826e-05;-0.010748831965830648;0.0003640770572831825
-0.002222286818395592;-0.002003425401781669;-0.011611832409060297;-0.000514081750227102
-0.0015024694575706714;-0.005140831167880477;-0.011103440863554437;-0.0006418672009502905
-0.0018069979873292033;-0.007427568855580982;-0.011074775023783512;0.0016094977114321433
-0.0030459147997705513;-0.007043349502931254;-0.012254823027911225;0.0054387883688322225
-0.003748837569789061;-0.0035471289926025597;-0.013830865744314448;0.008410828599380632
-0.0023800237352999223;0.0014915955681997618;-0.014463339262003353;0.008878392548746623
0.001215544982125008;0.005247982843523048;-0.013533651912468272;0.007399494901685744
0.005433954975195293;0.005504256913247874;-0.01151076447083305;0.0057691033835089636
0.00792734140784932;0.0022649442112863227;-0.00931026262989754;0.004959146379469531
0.00720518784527358;-0.002194592423735883;-0.007391821231026906;0.004289080276914046
0.0035943997300848726;-0.004954465185514572;-0.005466070250014459;0.002545175020381828
-0.0010583888312085282;-0.004491029641445182;-0.0029931914841429615;-0.0004366263432631503
-0.0045512410567259;-0.0015312768775398548;0.00020159413612449767;-0.003510816839448467
-0.005467452685127514;0.00184827875623371;0.003883031849709362;-0.005367628159057728
-0.00367264235988496;0.0039501042824158835;0.0077428565676547914;-0.00565504153887093
-0.0001074845761659265;0.004506511702069471;0.011420421012059461;-0.00499056244151051
0.003840181220636848;0.004339287545074226;0.014129851897609345;-0.004174622558909035
0.007008404165287106;0.004178444291501833;0.014619355959563974;-0.003527351312578727
0.008846987394114783;0.0037677917213875495;0.011899097543635894;-0.0026970752213240808
0.00938187429552985;0.0020022371402741495;0.006133985303030405;-0.0007576222055059773
0.008904026016537687;-0.0019676149382036167;-0.0012154445274207715;0.0033439692175542103
0.007654853483874922;-0.007461225127872123;-0.008096609798224023;0.009786502359389583
0.005700790035178748;-0.011989469696144135;-0.012731742050831116;0.016903744694723152
0.0030549399136590486;-0.012650907739790506;-0.014145083785563695;0.021511120403485826
-4.615099401226432e-05;-0.008414918215934607;-0.012391489835731111;0.020867347901088195
-0.002961039280783158;-0.0013269921371016832;-0.008565606256289552;0.014786966191544782
-0.004804528860301876;0.004627197824217133;-0.004411375843672952;0.006034898236248973
-0.0049419002668783215;0.006182017039068779;-0.0015060386237969107;-0.0012882637383630703
-0.0035029020791889375;0.002920102364746524;-0.0004956567100972913;-0.004059889633837404
-0.0015171421312050772;-0.002536854643696015;-0.0009659111832530788;-0.0016871045694129311
-0.0004565561017233107;-0.0061825680656507525;-0.0019885136109505704;0.003765080624825119
-0.001316336277393953;-0.005018488223481287;-0.002812860301107779;0.008743058888750382
-0.003738747639619954;0.0011083926016683733;-0.003177930221408315;0.010018185041559418
-0.005868217460713871;0.009128734814682194;-0.0031571123147951527;0.006269555237442726
-0.0053241118263864275;0.014110345051537933;-0.0028248650883841847;-0.0012418036723691938
-0.0008684339228778775;0.011945613199207178;-0.002116192102370871;-0.009174049468725468
0.006381100175871384;0.0021700543492954418;-0.001040078653786197;-0.013722992364713646
0.013211592311718758;-0.010985367581338994;-1.5675160972021785e-05;-0.012891175075704428
0.016037917690248395;-0.020757051090588476;0.00013679947680934483;-0.008224982546360475
0.01299374727357112;-0.022323031317502687;-0.0012452915124960546;-0.004420323897618276
0.00504415598919527;-0.016140895476716877;-0.003946270123845402;-0.006164474266406392
-0.00451086327019409;-0.007158121027387509;-0.006678772559522029;-0.013934133530980351
-0.011722570303115456;-0.0006877575770012547;-0.007757646047217292;-0.022279086088046973
-0.013854063890287498;0.0011387981475231824;-0.006260528241249519;-0.02298207717818245
-0.010518060617010036;-0.000437642245833845;-0.002809453671386914;-0.011443781800005524
-0.003711106297528308;-0.0029962258016312726;0.000726401548401885;0.008772258534208792
0.003128282966807658;-0.0047860750464972955;0.0025200909453249173;0.027329444961164382
0.00660940683246058;-0.005126746613364201;0.0020981180594216715;0.03370876032220456
0.004883645751973313;-0.004187698787541906;0.0005542376892605636;0.024134290321556413
-0.0014507569141708157;-0.0028068275729853007;-0.0004914565784379039;0.0040120570639531625
-0.009527567463476829;-0.002001160614372527;-0.00011782309154740223;-0.015490104556248628
-0.015488121805987068;-0.0020637690852301958;0.001632231463915557;-0.024247072314124398
-0.01623065359562937;-0.0021359609516727195;0.00433569496905666;-0.01892581455644058
-0.010810430182396956;-0.0009903478891742628;0.007521602229117849;-0.0040964573026470875
-0.0009520308674878151;0.001628843562364826;0.010286294397342275;0.011615865384547086
0.009538587433070551;0.004550274567811675;0.011074673215575313;0.021163726794054354
0.016355249372293663;0.00618092151634348;0.008549494520148585;0.022393236649068084
0.01665979276937759;0.0060148460114476925;0.003032688893431407;0.017363603214472983
0.010460176096289001;0.005135394602259068;-0.0029803518776052532;0.00944187128527879
0.0006511999204512663;0.005192805705150556;-0.0060068096003165405;0.001190113661358076
-0.00830556701476027;0.006871439317889318;-0.003730310559414545;-0.005743139636284624
-0.012404863255125145;0.009347896244443554;0.0033453359947904675;-0.009992407067005358
-0.009889630211800471;0.011184070445340531;0.011825281042586094;-0.01069265126393646
-0.0020254892884980997;0.011659384172686405;0.017112407782725596;-0.00835757643406025
0.00749674111955285;0.01121339665959866;0.01605422182698646;-0.004975724828528098
0.01430769837903723;0.010662095652724636;0.0089907973909971;-0.0027463993547009943
0.01545211645875001;0.010092356395463218;-0.0002709639480552538;-0.0025608344141511874
0.010743771237978567;0.008647681558216306;-0.006741860888999786;-0.0036728350681222606
0.00266585346930985;0.005507446387897809;-0.007272847617584302;-0.004728418885758452
-0.0050235749384157855;0.001081873998322388;-0.0021959403172466816;-0.005033478414494273
-0.009137803081597704;-0.0028629169762594718;0.005370966927519712;-0.004937148458238545
-0.008486653416911977;-0.004354654843200756;0.011667204419458715;-0.00518786445986317
-0.004337039139222505;-0.002568976201802598;0.01421536128540316;-0.005971643408863025
0.0003347997646553641;0.0017426222511521768;0.012614707958923436;-0.006519829559126663
0.002600371492199443;0.006867696804976658;0.008351381343565783;-0.005763013215678414
0.0014153918465530445;0.01108688646722477;0.004002781345611941;-0.0036449285727489546
-0.0017891778316159997;0.013299531369841388;0.0019499763555293963;-0.0018076215274712114
-0.004362716780760686;0.013169294385399828;0.0029447666705517714;-0.002483121252734658
-0.004606898854155334;0.01104232163937272;0.005498312042935796;-0.006160286262587693
-0.003033864559324695;0.007879482667459635;0.006899713165664608;-0.01041375198993349
-0.0016600360710682968;0.005083393435697211;0.005338558547251809;-0.011649584326654793
-0.002074768578854114;0.003892041492423161;0.0013912954362434687;-0.008452184552149846
-0.004056459066574205;0.004440555408753414;-0.0024563383768509213;-0.0031477145399970664
-0.005849791821045233;0.005315484114475406;-0.003793314081293483;0.00014059977554014812
-0.005664233792795052;0.00441240087773637;-0.0019972276722387914;-0.0009544082230778492
-0.0030039648354314385;0.0007747561305517272;0.001643264651136229;-0.005238684410573738
0.0012036391898374418;-0.004118919784806792;0.005139915568484207;-0.00921669649910345
0.005558370214712498;-0.007015982649145635;0.007083290456194448;-0.00985962439563652
0.009219979787167916;-0.0052936584602803795;0.007081097743573973;-0.006542790788368687
0.012133989408340486;0.0007193105289011021;0.00546151696310545;-0.001145858698049701
0.014408012311708195;0.007434281397033245;0.0028591370795926652;0.003204412119624168
0.015555921700504353;0.010131725097583831;5.082456102242051e-06;0.0038316952160677075
0.01442155775680216;0.00613822881197964;-0.0024150044555052838;-6.432436118866238e-05
0.010022220226745827;-0.0030858204299843155;-0.003972633866074244;-0.006804296775407494
0.002725612557737822;-0.012401269760599246;-0.0046392604414637086;-0.012847663548112074
-0.0052690461849569745;-0.01591349993300532;-0.004701027682894809;-0.014573924386374533
-0.010770747297746896;-0.010797216612847476;-0.004536661975528182;-0.010419162797467296
-0.011367575116777705;0.000280514872234801;-0.004467933100931634;-0.001995717167585777
-0.006939553993371025;0.009934165931308523;-0.004774386280395416;0.006834731513216521
0.00017671958744909822;0.010060624935248291;-0.005823272136184799;0.012472461208600358
0.006494334257606865;-0.003026638789822041;-0.00815292131616711;0.01370541755527709
0.009204688969899753;-0.02550049038447088;-0.012256858136473009;0.011730577798771076
0.007323496255490102;-0.04732667144269049;-0.017991037959940295;0.008426015620849643
0.0016771975277400165;-0.05777257471924901;-0.024025917335427534;0.004850035350908778
-0.005834354649035526;-0.0517876386687928;-0.028023116908323962;0.001244720186011526
-0.013011980758092465;-0.0327621395248795;-0.02772187891529788;-0.002122481538824771
-0.017877853264860515;-0.009798156146576895;-0.02225986610432973;-0.0046258536257326194
-0.01905001956113801;0.008000718676313334;-0.012729677937944871;-0.005730516320445241
-0.01607332013903762;0.01592659272776908;-0.0015679889260773947;-0.00547752266807994
-0.009605445413274794;0.014513392935381748;0.008674402051191793;-0.004475263093653863
-0.0013024184182463276;0.007636869623041555;0.016251781316042792;-0.0035395993371334453
0.0066300829401510705;-9.025624174489389e-05;0.020377010159943077;-0.0032817689515140325
0.012104826778330944;-0.005224426600501025;0.02089460215314937;-0.003787621150294238
0.013813365779246677;-0.006366390664232372;0.018049889384039567;-0.00453368767292127
0.01161783420931006;-0.00417668700335687;0.012594281889264813;-0.004668588117592512
0.006521522872636678;-0.00069445890521178;0.005918695466824911;-0.003526444029732015
0.0002548501095366781;0.0018263510745436969;-0.0002218812586403993;-0.0010209707286209107
-0.005347867129317196;0.002071010051051017;-0.004391545063477046;0.0023148468472958413
-0.008945865050114571;0.000218299250651298;-0.006095522837439891;0.0055909836603380315
-0.01003757972293813;-0.0023555762660042784;-0.005879411868607547;0.00791412792299711
-0.008946976073375369;-0.0039670676210883295;-0.004848257507417063;0.008669237956016672
-0.006533426791175907;-0.0035604698412101533;-0.003954123536165008;0.007692771178173266
-0.003814491667500501;-0.0011949423234429777;-0.003515485932028549;0.005357617613579823
-0.0016402669833229739;0.0021034052056957916;-0.0032210992620160185;0.0025338240435852917
-0.00045495350503973965;0.004954281853005403;-0.0025250817294204184;0.0003284797185798057
-0.0001568622473499622;0.006313149356140805;-0.0011082040451526251;-0.0004158353640704033
-0.00012581920728342084;0.005868790675834847;0.000898292475043182;0.0003483520736348933
0.0004883701397657318;0.0040045926067471494;0.0030005291537541544;0.0017354759800815955
0.002245502589429471;0.0014675864906537038;0.004580174768359162;0.0024876547063882918
0.004932117886005562;-0.0009573608627502381;0.005090371346355464;0.0019938628510949045
0.007518475884063282;-0.002570963017963053;0.004193403528131068;0.0009556131606847992
0.00873921427110743;-0.0027548228759960497;0.0019541208540629768;0.0009638545416540104
0.007967545882148975;-0.0010915227743554783;-0.0009467902893044713;0.0031391247898687738
0.005687791886478258;0.0022785902656846085;-0.003282152046221571;0.006949098685556406
0.003107944870288667;0.006336759344803269;-0.003857392085252987;0.010355368647498076
0.001196622731251899;0.009395882000875112;-0.002312231334738072;0.011340572585217427
-1.4334802991166729e-05;0.010011485947226296;0.0005238075982444238;0.009551429708720556
-0.0012345800830243921;0.008040934867754597;0.0030832689394495842;0.006555589601194136
-0.0029956962831979715;0.004906648421898872;0.003962835998459315;0.004435334814139302
-0.004806360315532509;0.002642445462379834;0.002614487102713679;0.004027206085447155
-0.0051481927631959875;0.002379784534255742;-0.0004736730497791258;0.004453128373853529
-0.002498241026529994;0.0035043468539964514;-0.004003734691592289;0.004311341525405461
0.0031663229153845096;0.004186209105298745;-0.006402087794991164;0.0033235815833989697
0.009450093656330876;0.002865247235008039;-0.006581637761407479;0.0028778461346739563
0.012226548404279716;-0.0004476677552955569;-0.004531903456190277;0.0049280084760163975
0.008039917664276336;-0.0040128707326816;-0.0011872753802009827;0.010080603893159266
-0.0031241943500924223;-0.005481247571456263;0.002376876011642429;0.01639990959801335
-0.016882823268940562;-0.0035499541332010627;0.005613660046439031;0.020102723592599507
-0.02655054816709133;0.0010013089816664064;0.008435582012675549;0.018016863781982178
-0.027149914249290582;0.005754572758038739;0.010761673549372207;0.010180160108473132
-0.01850100007780396;0.008485731756531728;0.01238718644545607;0.0004947604380110357
-0.0052418443687769056;0.009100534290252088;0.01322732103097542;-0.005413047070439621
0.005997132722984753;0.009866922908600037;0.013415398968301188;-0.0038693659389035405
0.010218291511515659;0.013260912019226615;0.013053634453737726;0.004208616645677618
0.006372227823658714;0.019162166556163835;0.012022097236406775;0.013772962583114159
-0.002585599168766943;0.024376552763501362;0.010182214704676168;0.019137061850026716
-0.011528909891581788;0.025369845076207955;0.0077008863607396115;0.0179964566208211
-0.015726635576626468;0.021483378182589188;0.005028233655586679;0.012747026848912725
-0.012921101991463546;0.015230267987615344;0.0025546642565668037;0.008020197508825174
-0.00414511596442597;0.00962643531615574;0.0003979024432926626;0.006741262993196749
0.006911884014566374;0.005725769678187844;-0.0014373659708325705;0.008214362470262453
0.015643884460834815;0.0027513833710935713;-0.002768825099708991;0.009499384715126504
0.01861929024475456;-9.367936308810671e-05;-0.003188347379319581;0.008251741592637269
0.015106683616858128;-0.0025675596448668566;-0.002337016059019853;0.004431355430822339
0.007303031256773802;-0.003924408741116964;-0.0002672161516969481;-4.936127943536118e-05
-0.000907919583469794;-0.003885998176258852;0.0023989797353351446;-0.0028830021643514846
-0.006022528444283349;-0.0028578700259229706;0.004647716361467302;-0.002830114061208704
-0.006600569330216194;-0.0014614539932551905;0.005521097322241434;-0.00030697447806858825
-0.0036238006894232216;-0.00015026991217874754;0.004625004927801849;0.0030018194708557855
0.00046135006292287564;0.0007221027673056382;0.002427042064671734;0.005113572930719492
0.003215624267948222;0.0006772259854872176;0.00012351676697091985;0.004708782015612367
0.0033174577058610304;-0.0008143040305336728;-0.0009695084613585526;0.0016013312833447917
0.0008906523544782785;-0.003847781901348988;-0.000272493488705567;-0.0034483709248432242
-0.0028689279673799455;-0.007537814603760474;0.0014553929331265467;-0.009364673521947194
-0.006405746179913337;-0.009995512241577454;0.0023363834212740226;-0.015336449037926947
-0.008458614818882425;-0.009185747822108969;0.0005791963759904881;-0.020875465935398525
-0.00839557421014089;-0.004326916713000054;-0.004011578543043807;-0.025333317727517506
-0.006197633804744866;0.0031615650002251488;-0.009482195906404978;-0.027458133450866735
-0.0022712946457876843;0.010035383933832928;-0.012856517805843739;-0.0257218560742585
0.002681529701881277;0.012833087203161621;-0.012213464705107693;-0.019496064203475338
0.007690084862558475;0.00973238475735798;-0.008019910617411922;-0.010176233393242237
0.011635583264600896;0.0016209561690815203;-0.0026322738152195937;-0.001081475314416135
0.013647687498249014;-0.008115196453314509;0.001506140859675501;0.004134674707532704
0.013605913909908724;-0.015023670187161104;0.003420039126843172;0.003483773985381106
0.012270492901487606;-0.015668473945949623;0.0037482189375013754;-0.002486572370378305
0.010761788459712958;-0.009368716777835271;0.0035459860958171933;-0.011482335045079173
0.009726399385540443;0.0013341899655202345;0.002852454837679956;-0.02086668040394527
0.008938896223656309;0.011706675356386958;0.0003424664379448754;-0.028219335582191734
0.0077539072828705586;0.016833556474364936;-0.00546049027570821;-0.031018357914475176
0.005956769098212895;0.013851361612499962;-0.014355077351126221;-0.02699058997963068
0.004056603395662733;0.003602343066019904;-0.02371430147290122;-0.016007756189233165
0.002610436274104487;-0.009326081015225298;-0.02970103332567614;-0.0017900068178516788
0.0013031971727273071;-0.018863620928851278;-0.02960414798741299;0.009354159334331005
-0.0010823281161880555;-0.02098836195450339;-0.023513101872027792;0.012711051928034773
-0.005581442825594471;-0.01591528518706051;-0.014230436270122387;0.008555684407120722
-0.011834936528121896;-0.007281661940023826;-0.005726142571076748;0.001421441023257631
-0.017873962354627782;0.0005764868067203729;-0.0011948864908370939;-0.0038055952575803726
-0.021083936737021705;0.0048633474496558166;-0.0016344653273884537;-0.00509881121443795
-0.01961234755104188;0.004931722205087207;-0.005491775598366172;-0.0034930974730558776
-0.01334162710829993;0.0017878905978796062;-0.009607021979147494;-0.001257982154333826
-0.00398454954770404;-0.0026785526054296746;-0.011102266673646426;-0.00014553221666155732
0.00563975086902726;-0.006472523313095879;-0.009091423368215092;-0.0006445214558710818
0.012780102727445529;-0.008246815342499462;-0.004973151529661251;-0.002042849853790306
0.015866579299795715;-0.007783416305377254;-0.0010911737344220414;-0.0029829134712255332
0.015053645702519405;-0.005890470798497017;0.001089612479145208;-0.002311915863585966
0.011914491916275676;-0.0037423605398835837;0.0017862597445929443;0.00013679816613902687
0.008458962075875326;-0.0021031136376392606;0.0021895943524278413;0.0033041544581542555
0.006058393578344718;-0.0009418698882936316;0.003110518300035614;0.005410152609429222
0.004904457327551811;0.00035876469559819484;0.004265754509477805;0.004926525609362738
0.004252042541766651;0.0023818431041440365;0.004727829151444185;0.0014398079597299585
0.0031769516192585155;0.0050348712282595924;0.003970530036595617;-0.004071794941684867
0.001271650491249751;0.007299069528990389;0.002484658371176699;-0.009631286839558594
-0.0011833019231787078;0.007622215734558181;0.001420580297603283;-0.013062872132758807
-0.003553002522654167;0.0048437705408423464;0.0016569652304500285;-0.012866903903775232
-0.005230911959619923;-0.0009057845997604212;0.003229373617653681;-0.008929651759826497
-0.005707147075943066;-0.008027982530352142;0.005629479154962827;-0.002825193457940461
-0.004506621165928576;-0.014248316999473848;0.008490064281798878;0.0026281059797318893
-0.0014617234933048408;-0.017863465729725993;0.011704660509605598;0.004731016123660141
0.0026919227343283236;-0.01852208112305683;0.014768765296639688;0.0026766841119978033
0.0061195775815251225;-0.016974929921953274;0.01630783498238989;-0.0015450493881301569
0.006756738715470883;-0.01410676273960007;0.014804017492182239;-0.004245718165929851
0.003883490540942632;-0.010203923203865883;0.010103496791236231;-0.002787438592597855
-0.0009405230860952874;-0.005180923858237439;0.004056367121435158;0.0021376122580337425
-0.0046687666140660345;0.0005035156602007988;-0.000661580061423811;0.006928659082174878
-0.00488603727154879;0.005350310738987746;-0.0024959456337749447;0.008139055772511934
-0.0015582344510744982;0.007576509399002563;-0.0017963211427626275;0.005423153841449064
0.0030114371046259165;0.006634969211431965;0.00015438182511444122;0.0015496686013076514
0.005896175632030574;0.003959404698272848;0.002541824480043157;-0.00036935638962667797
0.005513777155040871;0.0019130957412191575;0.005308671770143425;0.0005335628240207776
0.0024562134644665573;0.00170057860210652;0.008314242326359137;0.0029597360095563485
-0.0011731852580889757;0.0022304861822563336;0.010654293166548421;0.005556797308288934
-0.003230009429781051;0.001169848529460781;0.011058093549400629;0.00834853741843241
-0.0027757430339049667;-0.0026675985584280683;0.008934903582519058;0.011944198913108758
-0.000403865652495079;-0.007816764403460656;0.004984142055108594;0.0157797518839924
0.002400242483715325;-0.0110163075375315;0.0008298661112695819;0.017731404663789252
0.004287621803362497;-0.009758087740910906;-0.00196452420757078;0.015756785223927622
0.004666486978861346;-0.004335038225772173;-0.002762110944385153;0.009894929822756212
0.003572817801795766;0.0023393687720854343;-0.002051912140506738;0.0025634749191041947
0.0012098310410137813;0.0069020391210447025;-0.0008895497716744942;-0.0031589467222673086
-0.0021990975406952374;0.007841451762484507;-9.006215998262631e-06;-0.005654109841039969
-0.0061534718044155765;0.006154397914071275;0.0006459729615613448;-0.005462367813366445
-0.00969696174395411;0.004098525007653035;0.0015525361607462774;-0.004231622123521703
-0.011691325300154322;0.0032999144222256205;0.0028704693424980525;-0.0031740190948191076
-0.011385084525423616;0.0037668627870298937;0.004247959448956856;-0.002440911521735306
-0.008840873368914225;0.004352665700668343;0.005366592805776967;-0.0016384160941013038
-0.004950383128562912;0.003949933609370867;0.006395742978584216;-0.000596975818978642
-0.0010636174819826298;0.002319763605221345;0.007643686997701276;0.0004325904048867074
0.0015705667797324087;7.621842048812978e-05;0.008838539439995609;0.001128918258323473
0.002311735190062997;-0.001870868979956421;0.009048250800693292;0.001430891332832405
0.0013595789184732612;-0.0028721858351190965;0.007482406282577903;0.0015082049587528063
-0.000414033360493364;-0.002799356248366188;0.004359391525977603;0.0015204111219802414
-0.0019538635314259654;-0.002009160223874822;0.0009625047415322466;0.001478138272992854
-0.0025537575206921116;-0.0011244629248331147;-0.0011422810566149204;0.0013156373305698455
-0.002136576927676056;-0.0007390793696643756;-0.001057390807293223;0.0010465731908771878
-0.001172520815406161;-0.00113776680478506;0.000951380683167119;0.0008357860945903366
-0.000349587946929714;-0.0021234849100724446;0.003589140136501057;0.0009303702951678355
-0.00020419391886875547;-0.0030412568413487706;0.005137111409908533;0.0015082037008790627
-0.0008790125360990762;-0.0030505090797504093;0.004275114998155308;0.0025509440033438225
-0.00208328360491383;-0.0015957240596025826;0.000833460309420501;0.0038297126697419592
-0.0032437731015196327;0.0011362202346813085;-0.003892790690529897;0.005012986361066539
-0.003764005501368527;0.004104100662465161;-0.00763130596348019;0.005804123698224834
-0.0032722356358569197;0.005872541310827403;-0.008430190353786495;0.005992646045663039
-0.0017593862772660807;0.00547680882824649;-0.006049216617706736;0.0054249016532739195
0.0004285857118580091;0.0031209342016425903;-0.0022682771944782603;0.004032913593044593
0.0027232634355543613;0.00014754080951200418;0.00043591251179362234;0.0019855850231603705
0.0045382405510926305;-0.001788506661091736;0.0009018416887765141;-0.00020806503137466416
0.00546519892308081;-0.0018095926013362124;0.00016413439146038749;-0.0018746441118327076
0.005378652265405919;-0.0003786451960600718;0.0002629295632221144;-0.002592104232859654
0.004432445736411456;0.0011299735382593063;0.0019944852942318917;-0.0024890938903887453
0.0030163551409801218;0.0015544323907035011;0.0037194261979444886;-0.0020973680839714965
0.0017149598834489857;0.0008566222974241618;0.002444739269267704;-0.001835655157001962
0.0011773530999754837;7.610025788390305e-05;-0.003668025999878731;-0.0016072427873261375
0.001786927602184764;0.00041942360510493083;-0.013466696943707791;-0.0009308232718437815
0.0032631100404020346;0.0022818671846161443;-0.023095597701995988;0.0005017109926850836
0.004600852544493724;0.004952097758193643;-0.028106353106681695;0.002372777247413262
0.004640020754739795;0.007127639709289863;-0.025876229263124068;0.003792322624333403
0.0029949674886969465;0.0077877433043795595;-0.016922852876036454;0.003783897011763843
0.0005802433317342683;0.006823518400024791;-0.004631176244092794;0.0018519953940320827
-0.0008700370196269057;0.005062328687438999;0.006236031732360941;-0.0016200489343982719
-0.00010715920907091682;0.0037003008915955996;0.011522872269127817;-0.005172851605277375
0.002435401671222733;0.003516085823431607;0.009445958195293883;-0.006327844074980104
0.0045593789620255835;0.004452515492642042;0.0014626284889915435;-0.0022524672730522364
0.003609590771285978;0.005936563084396346;-0.008300414790319167;0.008604438890791481
-0.0016128993262999804;0.007583989433445207;-0.014988714815517246;0.0244647969011472
-0.009696507208388877;0.009402874791713456;-0.015394927427433076;0.03957155501666569
-0.017135096063151584;0.011130773100839429;-0.009502336775812551;0.046520590833836604
-0.020240215578462516;0.011532461125204622;-0.0003762632883129389;0.04074429430940062
-0.017218713539784;0.008890795018353983;0.007608570106044839;0.023878800962093275
-0.00915447981794064;0.0028295129711555823;0.011276759469181835;0.0031929207000440715
0.0006001502544867904;-0.004044858728723104;0.010287911558668166;-0.012591043117318654
0.00815453442252515;-0.006733716338522843;0.00674356128230347;-0.018090766531421547
0.010867968655426233;-0.0012073964501552832;0.003246519885397049;-0.013723762754698728
0.008262436380174265;0.011653499087468539;0.0011834243253849358;-0.004808858238736513
0.0018737359673076414;0.025175524175546783;0.0005311722032150998;0.0018385368295127632
-0.005474815966249996;0.030802390503354742;0.0008240915718256923;0.0018764527066054612
-0.010519648084709673;0.024257160248593767;0.0019381425935960444;-0.004329746124960054
-0.010528875300243016;0.008802614582582271;0.003956896568631574;-0.012639072173285344
-0.004480113711984599;-0.0073184019953443135;0.006600431830012656;-0.018390279871366825
0.005994703845606482;-0.016887314691533473;0.009082166481778033;-0.01933408530638896
0.01674821332266106;-0.017934186996055267;0.010584373106520667;-0.016289148701273612
0.02278173337969585;-0.013374421313871536;0.010780269460309654;-0.011794408903956806
0.020795199323583084;-0.007720236823621175;0.009866970155354232;-0.008218089047314915
0.011102354012960832;-0.004204442491787897;0.00822525114030324;-0.0064158557688365914
-0.0024501006001311997;-0.003865955286930029;0.006181725289158786;-0.005428022806882866
-0.014611497646820647;-0.00597793904672719;0.004035918019321928;-0.0033688528676838396
-0.021449885307597137;-0.008810628721182894;0.002111912433709105;0.0009345522468504993
-0.021873191224715878;-0.010410470576231129;0.0006825642806562913;0.006706414412261263
-0.017279403941414154;-0.009417638622795937;-6.90196765628895e-05;0.011440524958393606
-0.01009313047362989;-0.005727667688056437;7.131771189642944e-05;0.012502440625937356
-0.0024372347929981293;-0.000610890341219365;0.0014098241195144878;0.008916647735712806
0.00434914522055494;0.003918131771582114;0.0040794346389536;0.00204715739684047
0.009476133735235847;0.006222476392610732;0.007594693978494474;-0.0052147686186396714
0.01235257668463014;0.005975753555046726;0.010727139315765234;-0.0101147116529027
0.012576725402592474;0.004238569610803485;0.012006635932828583;-0.011464772368881996
0.01020625315182154;0.0025670233960789646;0.010569819819934868;-0.009976371063166498
0.005903239561727574;0.001772012340657175;0.006712820113968706;-0.007341706340127314
0.0007210823537009122;0.0012785272331880496;0.0017362513997000745;-0.004816722210516005
-0.004281724900840718;-0.000355170899343063;-0.0027582250529912975;-0.002526523353404931
-0.008261666228615423;-0.004113345247244476;-0.005611256340779589;-8.368345789763224e-05
-0.010543891088067952;-0.00949377951828231;-0.006514176114126025;0.0022536688209560908
-0.010530778340652821;-0.014700046521004557;-0.006063281341436415;0.0032909849254638105
-0.007836615857940361;-0.017893758130419306;-0.0055758139677904986;0.0019064292117951425
-0.0026367104968921555;-0.018357538370388848;-0.006615850139950608;-0.0017457659102955792
0.004072740555169552;-0.016579164356827828;-0.010152169364361594;-0.006187126702578037
0.010551698489284219;-0.013426634931671448;-0.015726759236910484;-0.009693862099492903
0.014729920483416916;-0.009459741459414075;-0.02142623436417921;-0.01121577726406354
0.014905975139844232;-0.0050558721041963186;-0.024960970751961957;-0.010316546358792648
0.010664542225079234;-0.0009304903724859443;-0.025035944355506923;-0.006824212902753585
0.003584965331692854;0.0018369995094237195;-0.021833123435891364;-0.0012768937766566215
-0.003026325108581855;0.002470882874396118;-0.01641515953649596;0.0041996365909186765
-0.005708773779335755;0.0011381531881710111;-0.009953567968698092;0.006291800909279293
-0.0029284553410289147;-0.0011423626468824925;-0.0034738110832207222;0.002844757430194521
0.0038323984581626756;-0.003179082029799094;0.00216589011434069;-0.0047915527389910265
0.010859334053531598;-0.004199834870702705;0.006499727851847576;-0.012129587209189845
0.014297476095832685;-0.003975473861057135;0.009590462262178481;-0.014782822363943451
0.012117629253200212;-0.0026352631118330555;0.011599709463475898;-0.011688086603213807
0.0049140078525246;-0.0004956784995688098;0.012152908315924691;-0.0054766297372963865
-0.00456603626892788;0.0019833873613602265;0.010431758113450498;-7.77977144393841e-05
-0.012700025992706403;0.004227313569855985;0.006171706408825291;0.0020245913944206173
-0.01652037724838707;0.005680901511147089;0.0005141306955935402;0.0008486174288897321
-0.014929331708344182;0.006006848928087723;-0.004371048071849906;-0.0018478453752773373
-0.009068847379193586;0.0052056473663746414;-0.00667843086158721;-0.004037578094211868
-0.0016399966437290105;0.0035844876608265366;-0.006105616260382232;-0.004544684428391406
0.004465849720033501;0.0016212133648845484;-0.003809406649063516;-0.0033921736234061666
0.007458703504637172;-0.00019786009500767749;-0.0014201665380349224;-0.0014762778442626928
0.007196503134508639;-0.0015147810300814792;-4.341107312772009e-05;8.895468335212326e-05
0.004837619893548044;-0.0021783239125524032;9.884068978176602e-05;0.0005707563002472639
0.001983143044677501;-0.0022449943299289927;-0.0005801646811099228;-0.00011764627021222649
-0.00012519812993490233;-0.001917926656451112;-0.0014691016780619146;-0.0015429662186332907
-0.000985409028274252;-0.0014690279436658374;-0.0020500221803655986;-0.0031026332384109555
-0.0007661532385010981;-0.0011797888400707582;-0.001985209411685105;-0.004350015787446313
9.766086560364043e-06;-0.001295087988307587;-0.0011238899886098356;-0.0051268088995260475
0.0007901914216752767;-0.001957340098734692;0.00044368350004182056;-0.005492055515720241
0.0011859922363038522;-0.0031082209969737476;0.0022774809586825974;-0.005553774978063056
0.0010196057651143742;-0.0044028142975863545;0.0035524108719864112;-0.005334521756226937
0.0002967674676433161;-0.005231285274301639;0.003268790616225926;-0.004749804817454809
-0.0008303315230187045;-0.004931368252845374;0.0007690016770224065;-0.0036931458382185515
-0.002089105158474743;-0.0031700881230210154;-0.0036299390382534286;-0.0021562450552490187
-0.003126349855552254;-0.0003037604253549893;-0.008341307517692279;-0.0003089789577130643
-0.003585893889117516;0.0025883620106089177;-0.011039120149178336;0.0014843427241762548
-0.0032152018075714663;0.004183755089651771;-0.010050783264433273;0.0027039033327191536
-0.001966677234328121;0.003714073720574331;-0.005797046068405223;0.0028010065309337687
-5.3998318793463294e-05;0.0015305354748295942;-0.0009718497489376049;0.0014640846019895915
0.0020757365249232406;-0.0010437088199436496;0.0011149508676010984;-0.0010641994499993226
0.0038719552730837204;-0.0025475071777532414;-0.0010233042219545136;-0.00390100840094024
0.004866120949275659;-0.0023415463310079263;-0.005812432618023724;-0.005893221965881644
0.004814833824034848;-0.0009935030912104161;-0.009666880013617332;-0.0062949651101331505
0.0037511234966523185;0.0002211207761399315;-0.009471923796560826;-0.005268703714285714
0.0019954383070384506;0.000312897846356607;-0.004535855988329403;-0.003799681675559544
0.0001679658171848545;-0.0007539590037405999;0.003266020161572351;-0.003073151819844144
-0.0008966406717771019;-0.0022275928631038206;0.010833382790641057;-0.003795821512243461
-0.0004788620820372658;-0.0032916432672939764;0.015456594540944286;-0.005915103597664009
0.0015232882676352079;-0.0036402662535437373;0.015845664575875783;-0.008729614798107445
0.004292158171222747;-0.0034961117372963872;0.012411631168824924;-0.011040911208654679
0.0063591972257287625;-0.003217705683899062;0.006886822557309692;-0.011204927119163287
0.006397648214569621;-0.0028699449426237192;0.0014221864007589813;-0.00742453089809563
0.004040018442669187;-0.0020081622527481444;-0.0024428347765716443;0.0013127284767934396
0.0001899989814421671;0.00021178170953268355;-0.004369458248640473;0.01388363582513765
-0.003341980617599166;0.004538039722629393;-0.005077389094017873;0.026339642901083968
-0.004693495387500613;0.010856307121674916;-0.005687757725096342;0.03311403949839871
-0.0029228875304265875;0.0176070790616449;-0.007005572412037744;0.030201433895791514
0.0013779116171109675;0.022010114854387645;-0.009012926668463497;0.018347290594264293
0.0062392718200281585;0.02133808656011827;-0.010629667998782894;0.003361282980146485
0.009228269699926113;0.01462633503457142;-0.009950881579551235;-0.007359027099263013
0.008587615200669899;0.0035716039135254593;-0.0053212759311428715;-0.009547836366976778
0.003929202807956587;-0.008238416353735978;0.0030140414561885542;-0.004296234985562318
-0.003822629525872864;-0.01730066821692777;0.01204753204621285;0.00357923319530815
-0.013002657778474683;-0.02188317338367189;0.017325584682557113;0.009220291113418618
-0.021743768460656652;-0.022255372215438197;0.01598265373053167;0.010674968702505573
-0.028128911003968835;-0.019599008001070783;0.008997563734059768;0.009517554139769284
-0.030188495674271926;-0.014743112623887882;0.0005354360097342898;0.009214780113824709
-0.026315333886782137;-0.00781933927668345;-0.00502304052963164;0.012436363752811474
-0.016231663763677493;0.001036510834945446;-0.005698587346270283;0.01898501391456196
-0.001826546561759163;0.010933284001345592;-0.00236072159338746;0.025743669215020967
0.013028314862727368;0.020496641886115576;0.002482488422861835;0.028832614263406144
0.023841061785409793;0.02884092008846082;0.006087726874673556;0.02648164939376621
0.02728705776496637;0.035693944408916364;0.006443390671438694;0.020285950691613566
0.022475681822775172;0.04012544275333221;0.0029620084431535025;0.013713073865472668
0.011237133254775074;0.03964520649587844;-0.0031269092345732347;0.009246463929492072
-0.002513655210092586;0.031719359265462745;-0.009040956388224433;0.006835032808750821
-0.014062903668962567;0.01687356944671902;-0.011465635060118164;0.004834399076395092
-0.019513662889198757;-9.692143481530722e-05;-0.007918763476819022;0.002049781570652538
-0.017316182229907356;-0.012851101320980754;0.0021302966793335268;-0.0012588602300445848
-0.009109771590136468;-0.01787503802825566;0.01675116428770165;-0.004020854907364577
0.0007632100995148196;-0.016278457124297416;0.03180329867566292;-0.005599469896831643
0.007247004119953901;-0.011694695554003598;0.04214419735476592;-0.0063785075666300765
0.007297541210635743;-0.007062035016863929;0.04382618383709804;-0.007290367859823026
0.0017526855546410743;-0.003481974280849228;0.036388282962621595;-0.008827431006752142
-0.005091818522700127;-0.001245246048450345;0.023485500852274768;-0.010467884654512526
-0.008211244739013647;-0.0008329953617517772;0.010884592789112638;-0.010989533685151678
-0.005113848544799095;-0.002592782959502067;0.0030318814968476357;-0.009271956966356104
0.0026730341851157525;-0.005834304257468253;0.0006810274793977028;-0.004900895488684712
0.010882367563935852;-0.008659373118942614;0.0011554033763273264;0.0015881991741472279
0.01547064805031216;-0.008900344473376077;0.0007726420565180207;0.008610819194449618
0.01505194272695831;-0.005521877035385067;-0.0024652096426949;0.013703884262201394
0.011184521893128935;0.0004920420758389886;-0.007740575719347788;0.01439323242754981
0.006626008235073979;0.00647490403100769;-0.012352034151313057;0.00962070167517559
0.003141278853912309;0.009642973948147232;-0.013730132342400135;0.0007049458987056769
0.0005418039060284291;0.008961323913526683;-0.011058443892068105;-0.009152950426828727
-0.0025358561367380718;0.005879156037852226;-0.005647653067956071;-0.016627512377539004
-0.006940776043369079;0.0031563933614667896;-0.00010348891951040718;-0.019968487487330686
-0.011779437811285862;0.0025678445052321197;0.0031697156759921265;-0.01943243452896426
-0.014600126309520805;0.0033719647605204048;0.003339816188166348;-0.01641890781276849
-0.012932596384423322;0.002911003637469547;0.001505606371077155;-0.012278670154978725
-0.0061419210273243674;-0.0010577863974863462;-0.00034521657712433223;-0.007702590775053341
0.003751961397421763;-0.008166739959898701;-0.0010526129469525492;-0.002856332426623152
0.012995042672357831;-0.015200458164180959;-0.001234213411529707;0.002107745097480444
0.018249257076408617;-0.01813997769643836;-0.002603772611777855;0.006565939415868964
0.018476886279748268;-0.014994511516126113;-0.006217998345956318;0.009286265241453437
0.015121551050757314;-0.007234939708854545;-0.011198068899777836;0.008939663572189623
0.010463725913411543;0.0012501106195002378;-0.015110161272663375;0.00522396360615593
0.005654114217445374;0.006751947031782802;-0.015696197781909463;-0.00023232074935278913
0.000250870683667706;0.007883640123879815;-0.012384865569795657;-0.0044280703510457785
-0.006414203564727472;0.0059166429516604125;-0.006349714597346871;-0.005214484317668667
-0.013574288856605244;0.0034347575379929337;0.0005206683484923373;-0.003404792395651322
-0.018862749659592584;0.0024135696667655685;0.006460135791229495;-0.002360492951587125
-0.01986925219120498;0.0029961682449679504;0.009999875641603017;-0.0048822003968868625
-0.01597856100506788;0.0037396569654255616;0.010160242357113831;-0.010305185744456177
-0.008938432057134463;0.003066468238897723;0.007077182494602967;-0.014842184633557168
-0.0018520492282310583;0.0006731121862140392;0.002329969287552172;-0.014893535110974698
0.00252475027434731;-0.0022841433375144545;-0.001873638575034407;-0.010042813903894847
0.003088026493915191;-0.004228441735253749;-0.00418865186806918;-0.003107992121869708
0.0007068307557414829;-0.004357412584170727;-0.004868625483993819;0.0022432661933986914
-0.002429424091755987;-0.003016439801822307;-0.005068757742755961;0.003872168318767566
-0.00403021331761844;-0.001203834340939722;-0.005570280260643508;0.00190579051355418
-0.0028788359013179527;0.00015281173704736673;-0.006204239858318426;-0.001958723059098631
0.000623542403128579;0.0005893194064582475;-0.0062692647462495085;-0.005541820995145576
0.004806626846346965;8.79951272415899e-05;-0.00523370733065087;-0.00699321267241388
0.007724041765205258;-0.0011068247390910522;-0.0030451891533467557;-0.005262094636096766
0.008174896256915216;-0.0026198778050502067;-5.1201318747991035e-05;-0.000366177911435201
0.006185042211697908;-0.003988637627923739;0.0031053362360041956;0.0065170779178830894
0.002786282677303912;-0.004714656603668163;0.005514452362822162;0.013271281384056526
-0.0006354574807995981;-0.0044105203788895085;0.006220457352123458;0.017523069083684895
-0.002988553504563358;-0.0030224157052164543;0.004801415021857715;0.0176934354349623
-0.003812165497827835;-0.0009751726759369423;0.0019316419473242898;0.013889689157607398
-0.00323636705851355;0.0009520454479380983;-0.0007704239668924238;0.007918819561248333
-0.0017077433312507233;0.002047416101208429;-0.0018270449754208035;0.0022299528051950407
0.00029089258383836107;0.0021240671081520952;-0.001130570720851633;-0.001473413007724024
0.002364138520124903;0.0016135874580549046;-8.978941847351634e-05;-0.0028805552112026295
0.004177411232987642;0.0011140916598317897;-0.0003397535229453733;-0.002634609501154448
0.005411889296366815;0.0006860347883923669;-0.0021423013912042484;-0.0014645402583697614
0.005804610008228613;-0.00045372363501212573;-0.004064980433335957;0.00023904673732423005
0.005258564320301623;-0.0033560852248295473;-0.004311260516216493;0.0021984112311735408
0.003943152071290724;-0.008157136718049185;-0.0024208132816231657;0.003888760861488729
0.0023205949284628587;-0.01333346332802009;0.0002714905827409463;0.004611631236075717
0.001050436962052953;-0.016315319770254008;0.0017475757138877249;0.004002868865088601
0.0007412594820708459;-0.015184958108387872;0.0008588091656790827;0.0024282017184464808
0.0016112653908363324;-0.010062247158042131;-0.0019935520449526935;0.0007806728626377735
0.0032581257503408235;-0.0030191666069971437;-0.005348327104586601;-0.00018938466498802782
0.00476292649104181;0.0032756628026368883;-0.007678852421483188;-0.00039916449242268724
0.005158956281203679;0.007005593968537063;-0.008133612948910981;-0.0003769548702930073
0.003994971374970735;0.007807780860936741;-0.006741752657835873;-0.0007575527763606805
0.001595195911355347;0.0064583188693576685;-0.004197354035687851;-0.0017911560137837009
-0.0011633196201322577;0.0041558844761197585;-0.00145488092688611;-0.003198283555803328
-0.003356750837714381;0.001922443992351551;0.0006568501759831851;-0.0043877731884496935
-0.004430118542490203;0.00032708377306521366;0.0016807300271250982;-0.004846420870801905
-0.004297395525034584;-0.0005324472419995801;0.0016213280057664919;-0.004470504931252293
-0.0031728996572626925;-0.0009309388598673487;0.000911982675531064;-0.0036725657279368692
-0.0013422535550820197;-0.0013702028167700718;0.00026805635376900435;-0.003202068566203958
0.0009406842644799491;-0.002371453153049453;0.00041288145926850293;-0.0037440540276398714
0.0033905237050965605;-0.004187714174254992;0.0017169431802484011;-0.0054860210758039514
0.005581234250355416;-0.006516161473931606;0.003910843693420567;-0.007920706087370208
0.006979806466604498;-0.008410220013096237;0.006108778637997102;-0.010098628719689636
0.007215601648734207;-0.008597994477741048;0.007265498144251277;-0.011288182936076727
0.006434854956030213;-0.006213711457893263;0.006856226554505543;-0.011599716471154327
0.005376949982731009;-0.0016090021127511905;0.005258065406548989;-0.01190355171359839
0.0049253763427827965;0.0033326539656520883;0.003426114197494134;-0.012780424284125784
0.005389354925043685;0.0058590019966464684;0.002081356423455613;-0.013292125713535918
0.006167440578706768;0.003948571469660548;0.001192148706249211;-0.011080068785710526
0.00616804959972986;-0.002004980096350345;0.0002968243545111541;-0.004407669719557178
0.004642322907305246;-0.008841216564622898;-0.0007347537072567896;0.0054704918248460145
0.0017479543207878495;-0.012460904533354827;-0.0014721158344595936;0.014296947902893027
-0.001506378315484508;-0.010820444870364054;-0.0015682405861521123;0.017778103918835723
-0.0038097938269745046;-0.005598711435511499;-0.0014821250579614563;0.014878900233089564
-0.004267728382092224;-0.0009342249146828051;-0.0022895818075713455;0.008322770293507866
-0.0029585432600186972;-0.0003073913146952007;-0.004630643972406838;0.002152563918730322
-0.0010573764578038066;-0.0042204419889032676;-0.007877085035609332;-0.0010413733982919374
-0.0004246040692246806;-0.01025033154686255;-0.010436834193753618;-0.0010416772264563842
-0.0027635746590714;-0.014852583032745614;-0.010962256391736327;0.000787294143976764
-0.008598849273275703;-0.015302336703027327;-0.009333956590121381;0.002609692241870272
-0.016497342640940535;-0.010778941914571922;-0.006530056869506588;0.002765952737330596
-0.02315192750563267;-0.0025541213720842704;-0.003603167065429731;0.0001986410022617185
-0.024763782275943908;0.0064926826243227286;-0.0008596901782220471;-0.004950690068697163
-0.019270781349221076;0.013053855075586172;0.001946265615344424;-0.010818101638573024
-0.007988829084275713;0.015168397137711766;0.004743799625187191;-0.014154419410620392
0.00467233757503061;0.013645057907249387;0.006698778438550474;-0.011983630699647793
0.01342085842691772;0.011652269970272725;0.006788634796516343;-0.003880109224172414
0.014845049316640754;0.012185694055781232;0.004788650760061487;0.006854076642933266
0.00906711431999749;0.015443434187903738;0.001547048883998136;0.014529159531879506
-0.0005412238749979164;0.018776353462823914;-0.0017805117304338731;0.014530313603284672
-0.00922901300425721;0.01934235349280731;-0.00470394804238013;0.006519871201838682
-0.01319778372532308;0.01656542647039544;-0.007552509211122;-0.00517315633353374
-0.011220323874141918;0.011915205446632802;-0.010730014398571162;-0.014339050216027353
-0.004886813607348856;0.00689687350474389;-0.0139337431372377;-0.016664215779624375
0.0024521641579816796;0.0019385761852698646;-0.016077502034909635;-0.011870004294256177
0.00737981088411809;-0.0029655606700444716;-0.015845786148138023;-0.0032709396945567433
0.007891933873508719;-0.007375468691326302;-0.012435566017697963;0.004406603478337467
0.0040635042940556755;-0.010544496611243638;-0.006230710611356179;0.007550364748524722
-0.0022228461871048816;-0.01201406489081511;0.0008962310408556831;0.005398432482691208
-0.008180640208648183;-0.011647120511306433;0.006195368344018003;0.00022074181262971972
-0.01118040172508734;-0.009287500150251453;0.007587351478894419;-0.004203711739930243
-0.009667318630843734;-0.0049229056757643715;0.005036706057107768;-0.0049173862768184095
-0.003823641247052729;0.0006285769047952689;0.0004537459911526878;-0.001343490248527568
0.00428166818645165;0.005529267918506601;-0.003759519675308534;0.004874257607996083
0.011430588210338443;0.007927483996580007;-0.006042112984428626;0.011222271493585375
0.014770427009871549;0.0074583503361838905;-0.00586095022566866;0.015573725443612912
0.013240515879272465;0.005713101692090031;-0.003271375405767022;0.01671496400227209
0.007962960440748436;0.0049722290569273325;0.0011376501931917456;0.014487198359465464
0.0014367136778952359;0.006233965036456622;0.00593114400189595;0.00989215439686727
-0.0037789130359256783;0.00836689768752026;0.009046661028326576;0.004802670190990593
-0.006078565193468566;0.009149816324986107;0.008898106522514758;0.0009076835498224116
-0.005213492905808702;0.007148159849733825;0.005513678456645559;-0.001434819449269907
-0.0022136181894476126;0.0027183381963612513;0.0005877800920648036;-0.0031434020889563384
0.0010427232573190762;-0.002517655228851872;-0.003659623463239788;-0.004950946044519704
0.00259880881065199;-0.006891999801915922;-0.005836896420090696;-0.006074457308292658
0.0013489226149246158;-0.009383832943521773;-0.005960221842089315;-0.004683900854216226
-0.00232516409651164;-0.009484414850500862;-0.005122085367098238;8.343181446399052e-05
-0.006638855394898711;-0.006940691592944346;-0.004769564260423491;0.006621601421308275
-0.009288723163814344;-0.001995494456002907;-0.006060867518624064;0.011522285966972605
-0.008773088496273958;0.004180550004907068;-0.009416820674726644;0.011943722529282854
-0.005442774461156327;0.00963841761098944;-0.014241469372301151;0.007696364109959974
-0.0015408766483669975;0.012570691543628438;-0.018871402638047444;0.0014793190843108946
1.4524553694798058e-05;0.012343017749260516;-0.020959752812230392;-0.0027748473032496593
-0.002498422800186715;0.00986072495569005;-0.01848503602436078;-0.00237615203559785
-0.008254227093098436;0.007062005579276443;-0.011053270575932615;0.002223186886763059
-0.0140251418395667;0.005859287697993811;-0.0003986672133229766;0.007415898738867344
-0.01591402886179007;0.0070597067916155585;0.010803552111414844;0.008799799715865817
-0.011725421426623138;0.009848851534374576;0.021005948982476926;0.004523077474271186
-0.0025063570224344045;0.012241682062485638;0.030513954086902027;-0.0031495873410060248
0.007797651679600397;0.012339459818441778;0.03975061168240631;-0.009604211831465367
0.014509336323087771;0.009621849296631388;0.046859157227128856;-0.011471288265090862
0.01500016520411624;0.0053785661540174685;0.04766460837764704;-0.00887687134578168
0.010349262539836361;0.0018678838997495827;0.03871109673597388;-0.004629134648522846
0.004679165607930673;0.0006522542469270691;0.02072911410770201;-0.001467033459619282
0.002468262783115013;0.0013424349061871169;-0.0007346157087247851;3.388139274590703e-05
0.005616702458833033;0.0019152957520683952;-0.018162831097273992;0.0012597606303656889
0.01226168811957762;0.0005151701317933804;-0.0261354089876064;0.0036241583415897254
0.01808903134419333;-0.0027933125343852995;-0.02381535717567282;0.006869001535509747
0.019163048134016383;-0.005937444945089645;-0.014641989175067644;0.009106167015685831
0.014341934532809264;-0.006531908560639842;-0.003965734145471464;0.00843385357349369
0.005778674674997488;-0.003853875441459585;0.0037061223966598352;0.0046058042606019435
-0.002572084243198597;0.0005825553223174841;0.006454594508328046;-0.0007040991956278242
-0.0072535550577798235;0.004200399508409552;0.005130625047289111;-0.005144429734805006
-0.006975092768486976;0.005164084971784155;0.002208530085249035;-0.007228540674578124
-0.0028748577801392177;0.00338975113065749;9.655601054288453e-05;-0.006950964030327211
0.0024794692867144037;0.00021721327537428943;-9.942435688528616e-05;-0.005318739207540628
0.006578280965631477;-0.002711794938589301;0.0012824552694644595;-0.0035155104459184375
0.008074578173604007;-0.004422749546087857;0.003228722244059268;-0.0023500043919389675
0.007029410082746229;-0.0048605425098016694;0.004906253186635878;-0.0020756361731689723
0.0044178186519276495;-0.0044999811474577345;0.005935354992597178;-0.002399943452894884
0.001422240867798644;-0.003778549254885163;0.006151585872002873;-0.002664234511799174
-0.0009919239956433707;-0.0028010502077537953;0.0054246546163135905;-0.00228269553453473
-0.0021238209014702875;-0.0014659197644336314;0.0038579202758675735;-0.0012724717296871834
-0.0015020329780270282;0.0001847599312834865;0.0020757713122168406;-0.00038506139517453065
0.000936858245602451;0.0017503580198857873;0.0010782499554325429;-0.0005173957466300563
0.00454623853008888;0.0026336013450230056;0.0015883006838876084;-0.0017938410170129854
0.007974162200358157;0.002515145568422938;0.0034354329955834277;-0.003245628217038819
0.009740547480134702;0.001772586823321383;0.005576395880776517;-0.003573800950771236
0.009079523130385854;0.0014052072474133742;0.006754038290619744;-0.002321676689712461
0.006400680728876829;0.0023485069896082883;0.006232440360721973;-0.00022772836996587663
0.003028986605182733;0.004622771144415434;0.0041204891565517765;0.0016118595724892307
0.0004817453446925985;0.007046802559533751;0.0012636148840275742;0.002785632247379195
-0.000206116351830725;0.007860049524670619;-0.001106583194496756;0.003606416184010702
0.0011485162173882923;0.0057982807973965;-0.0019196752720261208;0.004164703678113024
0.0037205432038790523;0.0007578260528244031;-0.0009415131634981497;0.003641319562914768
0.005646886379125397;-0.006378107870666391;0.0008760318463001319;0.0008833895404331441
0.004350041082027407;-0.014351313690030124;0.001930459782375342;-0.004213644439404774
-0.0024405991405537205;-0.02185169256481814;0.0012419524724082034;-0.010010734520230331
-0.015068321389544824;-0.027346754932385472;-0.0005906171755873621;-0.014061139043090073
-0.030609011383904476;-0.02904313453020581;-0.0017450964308981167;-0.015007326764946424
-0.04310020149585536;-0.025776606358068176;-0.0006580398483866795;-0.013670317258065478
-0.04597136023449531;-0.01863011793773965;0.0026310133275198834;-0.012114515557867299
-0.035678729944731535;-0.011642656412694366;0.0063906732848193724;-0.011354592310924843
-0.014259597617878815;-0.009875264613002654;0.008371087402092775;-0.009948724709303818
0.011018682887232045;-0.015391457027252158;0.007304770916048853;-0.005253938071556093
0.030830128528550837;-0.02462511257316038;0.0036982016323332677;0.003442574288364181
0.03802968768817857;-0.030431410670798957;-0.000549109387660987;0.012978878568713655
0.030813211656814846;-0.027734944548531638;-0.0033866108916889973;0.017940498674059974
0.0133321376473241;-0.01752200617455055;-0.003860225783758337;0.014912055196049014
-0.006427473249277134;-0.0053510283929610065;-0.0025392987922269413;0.0057519889959256314
-0.020356639452058376;0.0036347731472200174;-0.0009305523663592563;-0.003145731346281805
-0.023684873999647936;0.007971974060389476;-0.00042969629918057493;-0.005370012795538277
-0.016641851143386236;0.00905138701902468;-0.0015630049429476108;0.0006747749715940502
-0.0037583322617194643;0.008536725961814507;-0.0038468534692255372;0.010544470422689656
0.008628104107304002;0.007212217450116502;-0.006104866904654625;0.017102220423623173
0.01535491760212491;0.0055572232859138265;-0.006972484355296163;0.015585558109061827
0.014544662652053423;0.004247204550318281;-0.005436546394904564;0.006481152719073679
0.008005271005692094;0.0037038742976975435;-0.0012935467164535287;-0.005371663391395143
-0.000131872284678963;0.0035742327412271882;0.004640457216159933;-0.014064786821283521
-0.005732685121705476;0.0030738417841189316;0.010717297570538247;-0.01583175198449125
-0.006596759586435067;0.0018656783297344908;0.015050876644103317;-0.010534639690902146
-0.0030088825805053266;0.0004809113652453484;0.016312857352719645;-0.0011581916065353912
0.003016066484746777;-0.00011601795384177305;0.014336496195855388;0.00798820374693178
0.008911698857159074;0.0006709257878504714;0.010145999877663894;0.013349977687125553
0.012417451096362712;0.002615500611122051;0.005354056863943577;0.013600842715430978
0.012041030679163041;0.004866580706870854;0.001326169806463019;0.009924742496126899
0.0074236478849574955;0.006560487011062619;-0.0013296785764783804;0.005010132868055835
-0.0003280580177054101;0.007325565339697741;-0.0027209226340530013;0.0013367749262270493
-0.00869853369897691;0.007277214630017548;-0.00332126315499672;-0.00018560069925661915
-0.014568873972883062;0.006554569171203198;-0.003659514767477665;-0.0003839208162497751
-0.015616080923926894;0.004897710382649896;-0.00411932528597322;-0.0008168333588114935
-0.011577809918418567;0.001788864969548373;-0.0047692016545794885;-0.002442252964972803
-0.004523122180256372;-0.002818184605761994;-0.005286480750923129;-0.00492457826287968
0.002268224847565615;-0.0077829467780459235;-0.00510304398994278;-0.006970429380924884
0.006312768457056026;-0.01086316017619844;-0.0037238581911559114;-0.007329567421942077
0.007488624215270028;-0.009877850544116292;-0.0010790438669965442;-0.0057332237906682565
0.007900156190430144;-0.004317642017513577;0.0021768895606781285;-0.0032238589987135468
0.010012868670350372;0.0038592418422851867;0.004647553618866382;-0.0017403684986935007
0.014470285435297867;0.01118493134706248;0.004845560552442177;-0.003106639666573634
0.019298952599729732;0.014975730879753464;0.0024031061058280468;-0.007748562733668871
0.02111024245276668;0.015155696804359586;-0.0011455805750488473;-0.013753781660937854
0.017471072460403574;0.013932345645689723;-0.0029525418004496453;-0.01716993996724835
0.00888314861997023;0.01356211029327898;-0.0005246072270316129;-0.01408625631563043
-0.0009874321994585847;0.014279628957495603;0.006758356903885623;-0.0036852239784157526
-0.0072188623473630415;0.014207049373932851;0.0171332178173061;0.010037662011622636
-0.0066788266123375935;0.011077940928244845;0.026918807249265927;0.01998152486055416
-0.0002213699927022629;0.004127189155512305;0.031605668901463074;0.020548409177325273
0.007600294547222659;-0.005248440318736867;0.02737923176928628;0.011713109785696299
0.011267735648751177;-0.014276671445101955;0.012854010796476134;-0.0008338060719479561
0.00766120367201274;-0.020358397381674446;-0.009566038469828663;-0.009546532127823517
-0.002204279835089637;-0.022371326433633137;-0.03361303608711619;-0.009770012955695816
-0.014059931122657078;-0.020912201523307698;-0.051163521453000176;-0.0021107047874539776
-0.02298606988410577;-0.01737617114638422;-0.05613198447440228;0.00856777249298924
-0.025903661687760402;-0.012652258480034349;-0.04823574050268767;0.016372581272725322
-0.022664808112013705;-0.006530745988808128;-0.03361552138651767;0.017818949614301267
-0.015621530741059781;0.0016623279193980988;-0.021087091049167887;0.013558929368493905
-0.008264333470197968;0.011711525350953296;-0.016444220381937703;0.007414045210267224
-0.00360826112128132;0.02160817625394839;-0.019111523019237544;0.0034593602806494922
-0.0029396134520335406;0.02805568512709134;-0.02358625939420038;0.003328067826544287
-0.005462232119975561;0.028320717329573773;-0.02425505908791445;0.005629333270043551
-0.009003703112254052;0.022170068715068474;-0.019591055529901858;0.007574368164014913
-0.011295759535592023;0.012316305700454085;-0.012521742292068065;0.00723568820321705
-0.011016134513119134;0.0029137052679270212;-0.007260723104053694;0.004692158760985953
-0.008126039671927415;-0.0027417530721396037;-0.005843551026031275;0.001512792875007153
-0.003622257160869227;-0.003650936905434631;-0.007214280588547043;-0.0006353878763918501
0.0009760875350958582;-0.0009774961271770879;-0.008864595430330694;-0.0010615271745107355
0.004231373778314021;0.0031151698558411437;-0.008954958244789367;-0.00017778110181071907
0.0053488122507312375;0.006659488201704437;-0.00719529397597634;0.001115272791483771
0.004447366484161954;0.008519893478674214;-0.004390686981357554;0.0021541012887334107
0.0023619426221374432;0.008470852289577505;-0.00158038525309867;0.0028533114493949456
0.00012328407424797106;0.006975536209725153;0.00047659988619748895;0.0035589214659253357
-0.001500187529593121;0.0048618623090706465;0.001393558500688131;0.004617082771599725
-0.0021208965012169696;0.002978763658944544;0.001140145209515959;0.005965670289726428
-0.0015644820608913873;0.0018865413559058298;0.00012774033689125073;0.0070104625301729935
0.0002748328209014168;0.0016587562462394027;-0.0007480752155772936;0.006914755901196055
0.0032824525038295887;0.001884479817659139;-0.0004433187438237327;0.005219439513551006
0.006742665641782816;0.0019190527716511602;0.0014602550012722886;0.002438520864963134
0.009192618628492171;0.0013188137179243485;0.004084120175809155;9.533606884443949e-05
0.008996224077203074;0.0002334994204634235;0.00550159622641815;-0.00013566743399469908
0.005546684951294785;-0.0005693515479392274;0.0041109068713430195;0.0021786119713080726
0.00021849125055705437;-0.00023350360399879803;0.00018640193448032393;0.005404958762460438
-0.003985482188559411;0.001360242516781901;-0.0038557833249422547;0.0066190839510327
-0.004257879892573999;0.0031805486699409673;-0.0050331628908805125;0.003778909591578896
-8.057672185658824e-05;0.003653330709984374;-0.002079092725321859;-0.002400164387709396
0.006165277025891721;0.0020438487705230946;0.0035275016585664797;-0.008704477758871136
0.01079377150882917;-0.0005701064184529457;0.008730060246339068;-0.01186767815369417
0.011456085766012345;-0.0018666650395979113;0.011226663315599551;-0.011086884356208393
0.008695710197649358;-0.00023342934090997574;0.010947733022069318;-0.008271402562081738
0.00520525744620761;0.003503437839035452;0.00963576895128132;-0.005868758796253623
0.00353321018290174;0.0063178780868764235;0.009299355041635036;-0.004525405304354509
0.004177166992982337;0.005363355215287881;0.011030312749113034;-0.002956978420459405
0.005483031473820524;0.0006589791955133006;0.014794739703235823;-6.720345056982136e-05
0.005184804887811829;-0.004339239834330228;0.019696759585413143;0.0030629720145021575
0.002184622604663206;-0.005140020546045218;0.02415297222300014;0.0036660984137405
-0.002765003517853158;0.00010936456820182391;0.02609242894849437;-3.915721574101976e-06
-0.007734159407775533;0.008734775890053037;0.02358207052031221;-0.006583731920539202
-0.010907490920864028;0.015230187072049452;0.015811339811259182;-0.012566359719995304
-0.01156719254391017;0.015287107573812686;0.003823266593847769;-0.015450484726044666
-0.010266999622343209;0.008813008437571806;-0.00956776331139599;-0.015619801590767458
-0.008277525462510154;-0.0004314024955558534;-0.020677084520695565;-0.014888058327221705
-0.006809768007556714;-0.007849852445449513;-0.02619205113291875;-0.013573383420975204
-0.006540725885777487;-0.010900699282312689;-0.02419738937129964;-0.009681581087722817
-0.007530853945531765;-0.009850200351808757;-0.014672261243005273;-0.0012348339623677687
-0.009216812138155938;-0.0066408839467629755;0.000496446888948272;0.01077932582668602
-0.010333855366759452;-0.003450251752523386;0.017765304223807635;0.021859813086534122
-0.009135772860599578;-0.002060146459955248;0.032483698446168184;0.026402106526856685
-0.004289434383801768;-0.0038808335211547315;0.04011501715333823;0.021275762668681284
0.003911993453415231;-0.0097111863330989;0.038124351108503526;0.008187023618492183
0.013010961480584659;-0.0188054024687595;0.02752055133985452;-0.006832099668856465
0.019222430687226746;-0.028189915708626844;0.012717839580111932;-0.01685147247213979
0.019337577332661057;-0.03374369805995329;-0.0005489639029864987;-0.01834676380805603
0.012580024745730858;-0.03293210467684828;-0.008033255906669264;-0.0132636283481157
0.0012992706644432818;-0.0267460041059324;-0.008756105047008717;-0.007073222612236245
-0.009913976487876782;-0.018626090086253624;-0.004809562403243126;-0.004236914076449821
-0.016250683979912212;-0.01134383740035796;0.0003414407207623684;-0.00488705818851163
-0.014897036678582054;-0.005146922229328585;0.0037235009665051865;-0.0055942905238700194
-0.0064442150788731525;0.0011359578919177748;0.0038555898701244495;-0.0032529793850119707
0.005200652975069464;0.007847339594316102;0.0007816291720624655;0.0018479859293810952
0.014497378773310124;0.013838830886498961;-0.0043897698803268895;0.006553762909046226
0.016882586631361277;0.017663854863942084;-0.010018323420809052;0.007915567689619731
0.011085849221673237;0.01871806302050032;-0.01440308623610954;0.005591317709647883
-0.00010598531865709012;0.01712285718865918;-0.016206257030334195;0.001701323425088345
-0.01127205631199585;0.01308658465618704;-0.014840931133737781;-0.0011134753060341898
-0.01735742310454393;0.0068841998326248455;-0.01075652870735753;-0.0014710904449538012
-0.016441961517350275;-0.0005965763078061051;-0.005446224872238392;0.00039989955943805225
-0.010463486807195119;-0.00762346114446343;-0.0009725536680276416;0.003504818189344092
-0.0035101865549051394;-0.012147086089746859;0.0009844859651408763;0.006938535682481
0.0009919993854281505;-0.012749654176380902;0.0001206145236403089;0.009916627099225783
0.0022089402772326023;-0.009441314454442165;-0.0022154241253727557;0.011346061277158252
0.0017353553692802687;-0.0038827212682194675;-0.003920355913943894;0.009952000594568024
0.0017514273312187903;0.0012200696591404673;-0.0036942663989944714;0.00524706300579417
0.0031542895801167157;0.0034840587747951225;-0.0019462843883843017;-0.0016385535656266844
0.005143187096964304;0.0022938272875572333;-0.0001768970180754691;-0.008421178013987798
0.006323698741275511;-0.0007931685276804665;0.0005595039303981265;-0.013248759187571192
0.006107681211993072;-0.003255358792200021;0.0005657668743057461;-0.015879348958063012
0.005147226568352135;-0.0036240006275037296;0.0009388783016943658;-0.017237806683606766
0.004571248614094047;-0.0026046328353388744;0.0022468509081792175;-0.017909476588863268
0.004839610222679505;-0.0023025747997485746;0.0038763199174383233;-0.017321806223834852
0.005260387785124877;-0.004283061471460219;0.004672409439175501;-0.014505272222056637
0.0045886238676759545;-0.00819381511300316;0.004095808092090557;-0.009429846645133369
0.002226193562712352;-0.012018422797156052;0.0026490112015905673;-0.0033024544734517043
-0.000959649126651281;-0.013556438164872875;0.0012846732718772183;0.0024124348747707686
-0.002973664148512776;-0.011839812349829374;0.000693243404794222;0.006907195061120838
-0.0021322809389813023;-0.0074506714458221586;0.0012321366104172044;0.009781191111858874
0.0014335261710424908;-0.0017237920767776943;0.0031279641897220037;0.010272480244467506
0.0055636914207073005;0.004258194042191576;0.006238570250271313;0.007463235017057073
0.007548165091195347;0.00995590322947664;0.009564539671648465;0.0015709812469965531
0.006146122107325197;0.014914715409646409;0.01133544182223372;-0.0053517210539581785
0.0024142827427879954;0.018315915992409962;0.009920128851647997;-0.010548677636186925
-0.001280974286707095;0.01918362045976813;0.004955525906999248;-0.012483491925281535
-0.0030735387607752377;0.01714032496267405;-0.0020713904337567282;-0.011480573806913606
-0.002728399703977549;0.013015808892094244;-0.008253208523846171;-0.008646695623536182
-0.0014341927364053151;0.008655315305897077;-0.010718380333149377;-0.004672386056369578
-0.0007135735318719366;0.005912343416342647;-0.008381440089152566;0.00010366961235481577
-0.0013469530894274372;0.005554551020392768;-0.0026803737754192373;0.0048519673276016615
-0.002939201727166758;0.006930412318894221;0.0034144262933302402;0.008042202108763668
-0.0042548630771380444;0.0085786764381768;0.007319036314051251;0.008329549628867044
-0.004028124969537333;0.009210716755120862;0.008106194199304168;0.0056569452600416644
-0.0017338238331382828;0.008352769087545965;0.0063900583886326795;0.0015002822614245185
0.002123832834554279;0.006355401063798084;0.0034253861624136397;-0.0019385600844803695
0.006303884279623371;0.003958894474606163;0.00037924031812585187;-0.002916158910669981
0.009433127729520112;0.00179566489893386;-0.0019030647828617191;-0.0008930402811736066
0.010542997578950603;0.00011208235719388924;-0.0029230654039476816;0.0034854785017327536
0.009330242297887963;-0.0012136848609448445;-0.002619101711209106;0.008910271482519024
0.006166270126080196;-0.002438396106029719;-0.0014532483630461572;0.013935112153912877
0.001977256212714738;-0.0036613076484150638;-0.0002541835728421459;0.017221151620626127
-0.0019512719553817371;-0.004650841428444699;0.00026797186924134827;0.01761389727489264
-0.004313433747916934;-0.004927705460728822;7.973990409874864e-05;0.014400144380127128
-0.004321640485760578;-0.004095678733611854;-1.9727255226353062e-05;0.007893289011682835
-0.002251369847524747;-0.002196529807115908;0.0010656307180781726;-6.61189422437211e-05
0.0004791915874418568;0.0002272752554183285;0.0037715032924101758;-0.0064823499305643245
0.0020364761985156694;0.002466177240916079;0.0072427527035631555;-0.008749489971012313
0.0013971219825617716;0.0040854735322317925;0.009674503228721404;-0.006439304741074223
-0.0008478905542507148;0.0050347916107531246;0.009544514733276823;-0.0017104634419975644
-0.0028700940092107633;0.005322933670128717;0.006840920179250506;0.002290187640769459
-0.002977056629236565;0.0046860560541744645;0.0032251113014151477;0.0037281939688819984
-0.0009078490741881427;0.0027712061696977004;0.0008670503195572899;0.003029119377014994
0.0020168553445231935;-0.0002190354436301637;0.0008523174598645249;0.001797152712779113
0.004021511290609831;-0.0031561491629177032;0.0024877486543412146;0.0010418213762310705
0.004332582160888472;-0.004577013251979322;0.004051835324289161;0.0005285168499861674
0.003730690359605789;-0.003993678941103928;0.004269010403331352;-0.0003692162804641996
0.003743669240314998;-0.0027051273641513925;0.0032445310786218444;-0.0015784525344087722
0.005199856727640432;-0.0030134244712529974;0.0022216273404400315;-0.00232923783229961
0.007394364782008096;-0.006165500275127987;0.002559601748299198;-0.00220434487816504
0.008575774927484767;-0.010812809870099279;0.004771245617421841;-0.001982593663029211
0.007331130532706341;-0.013677383106365277;0.008154125740376552;-0.0031611505107974327
0.003713930643477364;-0.012195638300581572;0.011089035877461744;-0.006340195338873531
-0.0007408763581620546;-0.006857594895454287;0.011848808791362292;-0.009998557790003571
-0.004001500426694876;-0.0009357258712993069;0.009616318627897408;-0.011221677133678715
-0.004739610375287859;0.0023184435629188043;0.005174494345433209;-0.008172328082067847
-0.003010839591665765;0.0023905173913234567;0.0006634408966158136;-0.0020452620383016066
-0.00010303082963445522;0.0015528141927717378;-0.0016853633049146665;0.0036154102205037415
0.0022886843711637764;0.0023527070511212616;-0.0010205455900005886;0.005746496511660306
0.0030238046702125727;0.0051038818715643955;0.0016498980916875559;0.004033077486175748
0.002054601986248788;0.007670162050362151;0.004394962649815609;0.0006715172715485366
0.0003513606988743407;0.007469530786373497;0.0058453641027821504;-0.0016706691590208393
-0.0006096453161434387;0.0037745046715492885;0.005910170075368832;-0.0016486783150717345
0.00046086087533834635;-0.0015458611534842016;0.005288337904137155;0.00035082919267585215
0.004007190868141446;-0.005325096334944537;0.004538237814024625;0.0028913310041391886
0.009217643117290411;-0.005452601995217293;0.003679824657200289;0.004458761588936919
0.01403229299696725;-0.002573995562775307;0.0024720821862158344;0.00417990297032061
0.015649746749110797;0.00013649843896548268;0.0007783677972724358;0.0021113269100565633
0.01155449140765447;-0.000900848448795393;-0.0013857963656370453;-0.0008907738967251755
0.0009467199199421682;-0.006985239309441024;-0.0038983447954605748;-0.003687554898259163
-0.014001255113326646;-0.015717699615494806;-0.006329772622095344;-0.00558925440924365
-0.028145429534589074;-0.022063804089159558;-0.0076984708733903095;-0.006773154304823125
-0.03538684161186391;-0.021493333183123253;-0.006753768807457588;-0.007827572329754735
-0.031986489437134794;-0.013033043901895455;-0.0029116582586165367;-0.008621568162936947
-0.019050179502383774;0.0002120760133638647;0.0028195609536718846;-0.0076609952855159575
-0.002323850030488533;0.013440494326201521;0.007765317304549313;-0.0030323168115837114
0.010684894952536057;0.02308744210621472;0.008607576101240555;0.005455714355072474
0.014476458209677839;0.02766351290612864;0.003051713532286957;0.014957153736506627
0.008109496371589421;0.026550263392950822;-0.008630824403659528;0.020886670126411058
-0.004617158449585999;0.01922945156547345;-0.0230107346044055;0.020198635492472132
-0.017175309165557172;0.006414656592391193;-0.034548713826949226;0.013776467077371169
-0.023405128150428094;-0.008527245031059347;-0.038280308954799405;0.005650647483518391
-0.020307819040335077;-0.020342570325910688;-0.032868155098780466;-0.00013387974863858488
-0.009346811309957202;-0.02473501703111711;-0.021888235687684398;-0.001959274469043378
0.0043905189143629295;-0.02067848170231375;-0.011983265469178285;-0.0005353812165844857
0.014903657597218149;-0.01037113301094836;-0.008768899513438306;0.0026656437389586617
0.018480725758213124;0.002365643084300836;-0.01326417724766173;0.006368016465984071
0.015462541543897262;0.013500056836209673;-0.021392619425802097;0.009412680622328116
0.009426178087992154;0.019640165433960754;-0.026895074090431695;0.01074681129801655
0.00446719226551279;0.019048046563630034;-0.025530835947121553;0.01003808729801694
0.0026424110319399753;0.012773295513943506;-0.017594079042178978;0.008073600780419216
0.00329862954860751;0.004659333821108731;-0.007222715614850713;0.0060883900906963
0.004329927068510791;-0.000624225869455384;0.0005282116521288056;0.004577678775101068
0.004015707750575269;-0.0005401218897899979;0.002571104079907025;0.002988793336135381
0.0020701355066025705;0.003601749596962441;-0.0009376841074279767;0.0007164692835592838
-0.0005223896348677525;0.007645036200849183;-0.00709799365258257;-0.0017809904536782131
-0.002433697856922362;0.007633218980736136;-0.01200075249445658;-0.0031177547251003313
-0.0029349545427951053;0.0026286445345420086;-0.012904305630148103;-0.002308832277905705
-0.0022916504587953183;-0.004749513642833036;-0.009689067533824732;6.0637368203773585e-05
-0.0014568036206246235;-0.010370634319451066;-0.004525123176096635;0.001969808421338507
-0.001360306574009754;-0.01158381631853;5.841848788937816e-05;0.001298666997879461
-0.002342087163431168;-0.008837824836584483;0.0030427032830657413;-0.0026950261415288296
-0.004109596426747601;-0.004807207394581964;0.005131665440403914;-0.008786383387777553
-0.006115314645784737;-0.002022054677748667;0.00743043955082193;-0.01438224028890499
-0.00790887554695758;-0.0011059943206823053;0.0101394298841274;-0.016888602025332617
-0.00917115502753926;-0.0008594409600813783;0.012391181094682176;-0.0150986920504838
-0.009554096839228544;0.0003150721559969512;0.012942033433257363;-0.009872701292793684
-0.008626135513427925;0.0030118141668492903;0.010916275589773308;-0.003685992136242538
-0.006068862042415262;0.006386599107479282;0.00633907198934484;0.000763528377755132
-0.002066091405807474;0.008761387211753267;0.0004312449404020445;0.00207263697533694
0.0023434635582669206;0.008736705306739995;-0.004685769394994613;0.0008641592858915592
0.005348027528699306;0.00606877690053917;-0.0070378183118870175;-0.0006688722900595568
0.005168842860919225;0.00177538511385447;-0.00592957605622246;-0.00018932891892654887
0.0012725149349027834;-0.0025148643993173447;-0.0022463192954554996;0.0030633109922481756
-0.004944074780836757;-0.005464905509494421;0.0021752007477964705;0.007335999640722431
-0.010743280968016319;-0.006622583877286909;0.005454375555612981;0.009250643637911558
-0.013638792250718214;-0.006430636511854797;0.00637169644390188;0.006359660574001826
-0.012833856377491109;-0.005718231178818859;0.00484317225691481;-0.0005720209908396985
-0.009486161353415871;-0.005032820737244744;0.0020456592284944725;-0.007780151476834551
-0.005747494541077618;-0.004314349698938086;-0.0001538174740969179;-0.011274376319495334
-0.003367975496921166;-0.0031698607022902373;-0.00038639754793243957;-0.009721593909540839
-0.0027522222180592845;-0.001456711127059165;0.0012669975809577688;-0.00496474728999629
-0.0028944371857077145;0.0004167023348954787;0.0034573316249399163;-0.0001340909375568114
-0.002095257214125744;0.0017522575500820584;0.004781812738662789;0.0026239042893286325
0.0009595389656764088;0.0020954571635584678;0.0049075824778113215;0.003043426306818954
0.006289579429077679;0.0015410674829273092;0.004582213716422664;0.002184589483547357
0.01235820056422274;0.0006050353070096435;0.004658247460173401;0.0014016562455510557
0.01670014011879414;-0.00014287738548911884;0.005235166075892593;0.0015810326736940463
0.017214839380419386;-0.000386413004280215;0.00579282538335429;0.002768831066561218
0.013377596721695835;-0.00019427668910610866;0.0060212344927753;0.004151395609868091
0.006517373647042799;-2.073993132506096e-05;0.00625175551689861;0.0045215883224805666
-0.0010529043670591996;-0.000565459491575955;0.006913208312778492;0.0031841322454759244
-0.007335742210156509;-0.0023867797534024176;0.007701594296574494;0.0006670138365636787
-0.01136389780647369;-0.005334268127548761;0.007612797929616662;-0.0015625941592967588
-0.012982601851184503;-0.008248698368471755;0.005995950474023498;-0.0023377405713685827
-0.012255785587421075;-0.009446348087917568;0.0034996468153910562;-0.0018250850208205761
-0.009266181178384148;-0.007892933432910212;0.0017756004139055756;-0.0012106304330054556
-0.004476826233069848;-0.004153067005127017;0.002086976197451785;-0.0013099203262637263
0.0009023058711219744;-0.00014607342192560354;0.0040463440715315605;-0.0016635209022666786
0.005202968705948347;0.0022631290067538835;0.005543020067463485;-0.0012410620369463492
0.007260309718476659;0.002665869493920511;0.003960817549669721;-1.1707014782440629e-05
0.007271708800846893;0.0022284671323645603;-0.002076149268809852;0.0005581704282074382
0.0066797085853118;0.0023715068052562586;-0.01154981826897882;-0.0010423435553170103
0.007032434837506249;0.00317724021471285;-0.02126715920644329;-0.004386957481063141
0.008738865320888578;0.003022773403601093;-0.02729844626561504;-0.006877215497819234
0.01075080054417883;-4.8084523518536846e-05;-0.0267294781176461;-0.005825752355001469
0.011388149745638452;-0.006266088966718873;-0.01890594604986731;-0.0009720072452211559
0.009617215319496287;-0.013273927816037931;-0.005837726064208734;0.005026063279030072
0.005870379896921636;-0.017479830809144378;0.008378320483286378;0.008633884859826697
0.0019365800614855318;-0.016629425260923078;0.01913000940038542;0.008076127655369896
2.276688994971962e-05;-0.01138129511074043;0.02330447495161774;0.004227768932909035
0.0014748924701398478;-0.004611502923602582;0.020630271953129616;-0.000623530062854721
0.005837172404746032;0.0007015332904313707;0.01348805294993033;-0.004514010625994039
0.010821590684249701;0.0030994264026513187;0.005381651088612644;-0.006466655328694604
0.013270689437804918;0.0027593005862231925;-0.0008150038502230881;-0.006107207366132619
0.010620481306449424;0.000648988920459475;-0.0037669684768715634;-0.003283857236993205
0.002161282332757034;-0.0021773983605784283;-0.0035635294313121828;0.0016952796701434757
-0.01039485235643247;-0.004699554816602898;-0.0011598904515665292;0.007545343074312073
-0.02323795122970283;-0.005865905419874911;0.0020918552012969623;0.011932991313127521
-0.03169175358644961;-0.00489079426755443;0.004806298919733636;0.0122738510304266
-0.032113004270489104;-0.001872203970898292;0.0060178173169262396;0.007234177557078677
-0.023722436032775983;0.0020012283967169317;0.005619864275434025;-0.0018273732047595333
-0.009291614378383498;0.005302747640718937;0.004404084916262518;-0.010587553398264943
0.00593455765730923;0.007794481648620427;0.0035369943687084365;-0.01341644740167028
0.01658769539122451;0.01085360392865691;0.003834129703296415;-0.00653752325089312
0.019511949914176843;0.015940514444178152;0.005385831242065641;0.009085814146649414
0.014945945983661023;0.02241138164863316;0.007739941324216721;0.02726698497421109
0.006177016508315619;0.027289810426826665;0.010360526832619234;0.039357949829338226
-0.0019827427790409915;0.027760498860852877;0.01290875522776295;0.03881093421116143
-0.005227478962137701;0.023858856415188055;0.01510351193615329;0.024648953918683922
-0.0015921727095059642;0.01832920046843748;0.016338200330431325;0.001790885739403948
0.007611445658221098;0.013884711908907391;0.015578069417460714;-0.02152010643235146
0.018294882191800102;0.01107014974563621;0.011956170736572399;-0.03745526880502441
0.02544567096611584;0.008873309360524054;0.005794232088597632;-0.041866910221931966
0.02547274275100936;0.006719782450778226;-0.0009101352705848741;-0.03581637698312362
0.017895131211072866;0.005121418643287275;-0.0052811253844174035;-0.02438878312358945
0.005561267905581574;0.00447624128237465;-0.005274903660141525;-0.013255133129833084
-0.00672899476937132;0.004001408146577532;-0.0010065150397542885;-0.005477897051471213
-0.014525281645605712;0.002332325938877233;0.005324128058954036;-0.0009590791137608143
-0.015723910296983487;-0.0009912472621331967;0.010761606460558118;0.0017371236301156978
-0.011218085221370185;-0.004933197124232998;0.013146568834565879;0.003506154368073606
-0.004037545943687766;-0.007811384669554763;0.011922757715364258;0.004305272254191923
0.0023189535257511955;-0.00855502054347416;0.00796424866023695;0.0037806544311509253
0.0054194791691707525;-0.0072055794022621395;0.0028540657390229464;0.00182385242947246
0.004698589206827328;-0.004543132048263704;-0.0018141078261627727;-0.0012678077412311558
0.0013783538859937637;-0.0014994563465025115;-0.004845267785988983;-0.004769407934427859
-0.0023049616427818125;0.0011313538409324206;-0.005653272494790228;-0.007579244342126218
-0.004188786821317971;0.002733939627560318;-0.0044068223012263775;-0.00853543842538697
-0.00312037393070609;0.0029588976000215926;-0.0019927473634038673;-0.007014127070317806
0.0006360348763343508;0.0019321538841182168;0.0004087970950710105;-0.0034504777882288953
0.00562279536093583;0.00035628934072808537;0.0019657727287174707;0.0006975356505990692
0.009847879849586133;-0.0007257993250797827;0.0025121509756735523;0.0036866601457971916
0.011567935025670505;-0.00043773504818018187;0.002265869636564132;0.004501543208395912
0.009951768426615307;0.0014600494876346756;0.0013171951970315802;0.0034307919271478957
0.00544936454417638;0.004392100581375847;-0.0005347701334044318;0.0017943963474591283
-0.00030801883910115083;0.0071364866675940625;-0.003458528133782242;0.0010492939554123655
-0.005158808671711465;0.008275778544376092;-0.007137627865575906;0.0019187170841080715
-0.007412999899310012;0.006810036271350392;-0.010628007771553228;0.004087262861581805
-0.006710605387452928;0.0026925540466012825;-0.012694434155763748;0.0065581814537007165
-0.004213686750900188;-0.003040575261476807;-0.012433966282026138;0.00834567910730619
-0.001953171652851835;-0.008699179029300579;-0.009785022698485208;0.008975429945197382
-0.0016822676732245773;-0.012673745777262907;-0.005631418282425378;0.008400548250607466
-0.003907060715610609;-0.014014025687806193;-0.0014944759579500148;0.006486052195460864
-0.007609421589826098;-0.012622427776519382;0.001071185690141877;0.002797951230987849
-0.010731759691995128;-0.009175239180954602;0.0012417475993974465;-0.0027664214810658237
-0.011164036639315056;-0.004924119178553576;-0.0005338092987380321;-0.009039400009954679
-0.007859631316127708;-0.0013608667579182007;-0.002797855315672619;-0.01354949238936973
-0.001598650102371346;0.0003188353011868319;-0.0042216690662743835;-0.013843329304669303
0.005143985239296108;-0.00015925984084850983;-0.004691490936151041;-0.009190348540697979
0.009408589863926904;-0.0018203211265281972;-0.0052132793825136695;-0.0012769610744130635
0.009446652865991228;-0.0028864336542919204;-0.006636340625476827;0.006611386625443732
0.00580911428203147;-0.002030317757502435;-0.008484670388828148;0.01134861842913278
0.0010744112665055112;0.0003698989225565421;-0.009127900201987846;0.01163607640119578
-0.0016317535635289137;0.0021464325203315103;-0.007180236616859792;0.008612335213599316
-0.00043661051442945887;0.0007969413457744982;-0.002836934530846362;0.0049686317750078654
0.004191601079389299;-0.004543917067563964;0.002057256397310976;0.003155502142651817
0.009682681617269118;-0.012225661300270602;0.0052950664905708645;0.004040645813241284
0.012804468723319359;-0.019039975874640028;0.005898924884306165;0.006925047392382142
0.011459388227399867;-0.022237192010280758;0.004689415272820251;0.010484511454360072
0.005752258095738688;-0.021015433198923197;0.0033360781449721408;0.013495864042696473
-0.0022515966497391117;-0.016463535847088352;0.0027377196952892775;0.01483866949120906
-0.009748605662987185;-0.010303190691719791;0.0022121869657013263;0.013288612910569365
-0.01452314456217209;-0.0036992915753927586;0.00022423138394998886;0.007825018934012514
-0.015694483090965248;0.0028769577753832536;-0.004029085409063725;-0.0015045606407727754
-0.013744120583103777;0.008882586195338889;-0.00957975942290501;-0.012842581929376233
-0.010033913926578264;0.01306734609857093;-0.014116710356816466;-0.0226854388952755
-0.006110385120260129;0.01381729176618735;-0.015640604861781468;-0.027221412828422924
-0.0031001806127192986;0.01031295940510561;-0.014105747637591943;-0.0243268982506496
-0.0014575090278663464;0.0034795639103405917;-0.011641806888709543;-0.01505812592102192
-0.00112374199087882;-0.004231359765190746;-0.010940032459624008;-0.003476126249316184
-0.0018719257227937484;-0.010241345711557387;-0.013005148666875787;0.005398584140438454
-0.0034986426765731163;-0.013354207559447976;-0.016248862252828147;0.0083277298837138
-0.005724009155821771;-0.01409977399309986;-0.0177879145469578;0.005506474637022236
-0.007966586067332197;-0.01369776319658585;-0.015715771633756717;8.711390830891668e-05
-0.00929327434629063;-0.012771758797641886;-0.010283383796393764;-0.003998527379552396
-0.00873041524916016;-0.011066830407982784;-0.0032865753777473073;-0.00445182920518932
-0.00583752167905848;-0.0082019316617234;0.0032163810124677433;-0.0017478355978504043
-0.0011509207199661771;-0.004420556539256493;0.007614325706066886;0.0016422775504767344
0.003922280895052759;-0.000546967775952984;0.008901211235052185;0.00327615196784311
0.007798422719255901;0.002631684550047801;0.0069194320429549535;0.002416549543244617
0.0095406820258263;0.0048136541292291175;0.002673389162692715;0.0001183941275773574
0.009218704160542922;0.006083815308316324;-0.0018963352417969144;-0.002049539878728167
0.007585517569914987;0.006532716461287571;-0.004859927727352943;-0.003263941606372076
0.005404882393005072;0.006075453709142871;-0.0053226447676953115;-0.003586168422508161
0.003014947365216719;0.004641365078013601;-0.00370690384152357;-0.003190812025771774
0.00045672848866854074;0.002484260672104402;-0.0010998767339006493;-0.0018024327614300794
-0.0020490919417382406;0.00024222275185891706;0.0017384800534232896;0.000923554120504427
-0.0038424884286801355;-0.0013860248761315092;0.004837759024675905;0.0045111591003841964
-0.004147171346129928;-0.0021067531753149273;0.00855997373314924;0.007369802197344215
-0.002739121629544875;-0.0021972957533035425;0.012708855703331147;0.007655666855498001
-0.00030859402722885815;-0.002138921177321979;0.01615403104539853;0.004645101723720082
0.001916729458217006;-0.002018355146766266;0.017432620425762966;-0.0006296950722582514
0.0030671408512268;-0.001353470378367809;0.015812837722921427;-0.0060344091686614365
0.0033419958655802736;0.0003531644097327233;0.011873068233651286;-0.009549028772040658
0.003897926118657468;0.002875464118395228;0.007142202933944157;-0.009972801519150063
0.005853255875803068;0.005232204282557572;0.0031350679317772713;-0.006962569277899037
0.00913029178306968;0.0065061905103442775;0.000518148580807249;-0.0010221721073418366
0.012213441094341493;0.006627304386733731;-0.0009862396508318763;0.006328155384946088
0.013215412708394369;0.006263504569025242;-0.001918574523482984;0.012655964483099568
0.011312234913159223;0.0060041356211499915;-0.002315109520856755;0.015362266767926324
0.007101311081050353;0.005692411721734016;-0.0017156647611481753;0.012903139000086007
0.0015787778151669187;0.004452907101808739;5.426963469297694e-05;0.005919905054820033
-0.004953429271058812;0.0013946661760036371;0.002362539939350928;-0.002575488075873602
-0.012611397772353828;-0.0033612671722663186;0.004288521939023263;-0.008627209007939743
-0.020484855752623283;-0.00806580897453873;0.005550346989216602;-0.009820346143561441
-0.025797122038799646;-0.01008229655068426;0.006591442639950087;-0.006884773633402171
-0.025107959722929687;-0.008020355449042489;0.0076816392960480885;-0.002805077700604596
-0.016972577022485783;-0.0035127626500433594;0.008181404861757365;-4.238517417674992e-05
-0.0038085675950616966;-0.00041130641660882454;0.006901332048560683;0.001637283175524041
0.008848333017453946;-0.0014653883117716638;0.0032017371838114;0.004675202669304328
0.015423664570825422;-0.005533481407844172;-0.002265316847282628;0.010894552028284706
0.013615942503833064;-0.00836734444676601;-0.007817746522111002;0.018868330389958835
0.005676602805867763;-0.006404709452131462;-0.01170434363513022;0.0241099878188951
-0.0031393349285785454;0.0003133226500706331;-0.012928060767659826;0.02234950459226808
-0.007777216430680228;0.00896746486040286;-0.011316713613794374;0.01320448217167535
-0.006075639737467777;0.01706619115559481;-0.006977188822906364;0.0009081802952795877
0.0005404437122733442;0.02401478310549169;5.467826379129451e-05;-0.008631034562588917
0.00832504104205541;0.029771815339819756;0.009295793875908816;-0.011795014503535772
0.013357250331470337;0.03305138520727106;0.01885460740754063;-0.008972983490620416
0.013406782202518909;0.031756593996988096;0.02542668683794053;-0.003305926290090626
0.008785102961290907;0.02508212575827796;0.026044371790209613;0.0016618618933254494
0.0019431401092376065;0.0146472952709707;0.020390749906932938;0.0035584634029097637
-0.003954656651053783;0.0035067738137737003;0.011373943689945001;0.0017944800875217002
-0.006778387737363666;-0.005645429109198233;0.003110491306537012;-0.0022740622961134444
-0.006473809504300504;-0.011391065974010862;-0.001918955607368142;-0.005788054275600627
-0.004634826130741267;-0.013386415501436258;-0.004000448003030272;-0.005876152934442965
-0.002924978865743387;-0.011936092643965536;-0.004932819685429157;-0.001651572054450517
-0.0017409261221145668;-0.007992261654830898;-0.006013320199777119;0.004842236465103528
-0.00032157033226439316;-0.003309552286466687;-0.007201648251455178;0.009832839190217055
0.0019431113009524337;-4.3400307096304025e-05;-0.007770315605272393;0.010482732286197298
0.004432769619609747;0.00041452234348092525;-0.007246394742100654;0.006904460317993075
0.005556901412264627;-0.0014144710932724527;-0.005630459519203997;0.0018526614718591319
0.0041021152969682615;-0.0031733163941645675;-0.0031058909236938046;-0.0015253225526183983
0.0004472906224993412;-0.0023565722876684307;1.6017739783384538e-05;-0.0018166804778187334
-0.0033605073117053933;0.0015493265405279657;0.003052619198974647;0.00030615571895596595
-0.004726858440222614;0.006328693245421075;0.005033203268943547;0.0032467439901869765
-0.002091233898314112;0.008501653564775138;0.005346039397907849;0.005675320423383319
0.003969858278334992;0.0058943406390535935;0.004304421754783086;0.0068716742101354
0.010790031762385759;-0.0007062510160510959;0.0029247344018455555;0.006598223495274054
0.014932828205174782;-0.008012465708730775;0.0020865863105682114;0.005113191896551544
0.014150250524144205;-0.012334025309307974;0.0019024121003839581;0.003182770901779084
0.008753182267719267;-0.01173741613297592;0.001823160045315387;0.001611594284844249
0.0013837071395751434;-0.006873495774486575;0.0012606020352112144;0.0004658988422970664
-0.004712067769913549;-0.0001825987572104279;0.0001262520013772475;-0.001150318751852271
-0.007686688842959584;0.0057208648998600805;-0.0011334510924310107;-0.00423109221858097
-0.007968324924887258;0.009329002987706211;-0.001948232105863017;-0.008507541298915322
-0.007479453265997355;0.010517109984663873;-0.0020371575840972753;-0.011963038079467258
-0.007882909526675905;0.00998773074385656;-0.0014667716386688144;-0.012095220285497156
-0.009233583990086974;0.008549546418752572;-0.0004854112804182549;-0.008165150125693183
-0.01005080070199696;0.0067314045996016356;0.0005201310589217628;-0.0023417943853082106
-0.008658362612408323;0.00476377430410978;0.000991735632784361;0.0017352104092853288
-0.004648854887020621;0.002729736948518583;0.0004621003166958314;0.001982068906099779
0.000647122533613363;0.0007311413246238842;-0.0009206643040955667;-0.0003798245011334333
0.004912375929520662;-0.0010523972009898331;-0.00224513846244859;-0.00215114303987155
0.006164388682758546;-0.002495541256539304;-0.0025063999937323064;-0.001240766383802482
0.0037917351431492126;-0.003713893608533951;-0.0015961457744756873;0.0015173420127536756
-0.0011749632673281709;-0.004996052284209132;-0.0005883667637399371;0.003337191927176339
-0.006560595517099646;-0.006416481464252564;-0.0009017338801654008;0.001993397966244198
-0.010015568628307575;-0.007530950692447142;-0.003032701907148214;-0.002439454780064235
-0.01002700945388437;-0.007617549478780095;-0.0059858502292874;-0.0077577372330112715
-0.006518628775627841;-0.006373446392576307;-0.007905577452390487;-0.011163349629801044
-0.0007478684968751328;-0.004391138984125459;-0.007442812255941395;-0.010918904294010585
0.005413325237132622;-0.0028452885553089022;-0.004887758842497029;-0.007200384605994326
0.010345202024212567;-0.0025832952524329554;-0.0022322471692731226;-0.001858771142026076
0.013177193400180857;-0.003430699121106576;-0.0019129422320515485;0.0026675235536575293
0.01375279096759368;-0.004367807154588619;-0.004892958655709936;0.004660292623866273
0.012315838761662347;-0.004464154957073599;-0.009509163979075759;0.0038908359745671796
0.009266698286756248;-0.0037534419155185804;-0.01227670597784259;0.0014350345277710395
0.005113522888742876;-0.003224995813226509;-0.01036242041878236;-0.0012137411533395981
0.0005186142163099313;-0.003888167467939245;-0.0038765852857878804;-0.0030409389577510455
-0.0036942552778058096;-0.00576107599310952;0.00393789960340223;-0.003884079502340865
-0.006646357600044138;-0.0077323919565123155;0.008857900338508204;-0.0042818229199696285
-0.007659227824179414;-0.008400304330549458;0.008457334986899882;-0.005123270137414804
-0.00660913095900926;-0.007086977226914278;0.0033797571092108415;-0.0072759991964713965
-0.004163728058014512;-0.0041828041507759855;-0.003572479187884687;-0.011105737557362374
-0.001613093874797523;-0.0007126365087906156;-0.00939925011370732;-0.015921432657263514
-0.00023953912201001788;0.002341429052568484;-0.012320884430691481;-0.019829618365448987
-0.000594652096708466;0.004444335961609122;-0.012063548461818379;-0.020569826856819913
-0.0022388217185319195;0.0055278867440336716;-0.00948151886859697;-0.01712668726315507
-0.004158530370120147;0.005774493199392155;-0.006046610391786266;-0.010871725983355491
-0.005480910219738658;0.005337858429845874;-0.0032656208125778395;-0.004988962746812457
-0.005874002188773314;0.004183081965692278;-0.002039798784122953;-0.002343685988116348
-0.005405979794456261;0.002205259268421367;-0.0022942779032892485;-0.003445946743795272
-0.004192064341991297;-0.00046073946747254206;-0.0031565994395571554;-0.006187958162162511
-0.0022900736211246457;-0.003304377549734946;-0.003532562976414716;-0.0075527330213007345
5.397513008195088e-05;-0.0056996326421247055;-0.00275024579452776;-0.005882341303607247
0.0021466296548628195;-0.007298891816857422;-0.0010800287757939957;-0.00191620778844908
0.0030092294479230402;-0.008116769024013882;0.00012661146759311386;0.002097674612818403
0.0020365525100454578;-0.008247172530852538;-0.0009122587461134616;0.004286054336782513
-0.00032223501759546565;-0.007603474706841308;-0.005025935051417731;0.0043497103692778155
-0.0025456791048782744;-0.0060271207635285776;-0.01097214862842849;0.0032518850271607068
-0.0029282848605108034;-0.0036583723308640545;-0.015783214498077652;0.002112703077461369
-0.0008183718212186838;-0.0011223847006487393;-0.01662490072244756;0.0015572757340840807
0.002785330055727782;0.0007848781421345829;-0.01276456660251421;0.0018383974264028107
0.005852570046928337;0.0017313270056852157;-0.006059144814548135;0.003018663555808875
0.006742450179513478;0.002222685302902191;0.00034944009764822996;0.004668373078229606
0.00532039944092848;0.003244484621465963;0.004000649372584614;0.0055537147083438015
0.002911583265203198;0.005324081112927618;0.00429811023054954;0.004179824430814111
0.0011979230198643084;0.007794433501312458;0.002353294753179573;0.00012086311532695675
0.0009877340919483798;0.009029194901471709;2.4100598978458968e-05;-0.00513875750533434
0.0017846667785852276;0.0076259518686908655;-0.0009978495371362492;-0.008994381665327325
0.002342900742986162;0.0036017926689336658;0.00033002470941319523;-0.009674430456181861
0.0016101385978658188;-0.0014604652251318615;0.004190633493549027;-0.007544417992276415
-0.0007027138935362378;-0.005493957374089267;0.009768229425690025;-0.004506623068546162
-0.00416915959141017;-0.00733084823638916;0.015304279631044687;-0.00218689832665106
-0.007959995163314642;-0.007218054501439297;0.01863962508482443;-0.0007820620263506241
-0.011000794028210966;-0.006182288068542603;0.01825229786297689;0.00044205129489642813
-0.011967396530052484;-0.0050556777394381615;0.014274807332298073;0.0019046721612003086
-0.009469970968553421;-0.004105436360520689;0.00871860224725447;0.0032994768742422025
-0.0027156565419598194;-0.0033175016259969943;0.004497848381437556;0.004324396378690045
0.007495083386545129;-0.002639734834532083;0.003667311193196841;0.005335625244875089
0.018162420509609492;-0.0018112178490415096;0.006013254147743001;0.006914118437629596
0.02482609946262088;-0.00021176222921876704;0.009152751490274716;0.008861304109482267
0.023853483898645608;0.0027526462853546024;0.010313848151144108;0.009903196864556462
0.01499111306920046;0.006913667526765069;0.008531275147828924;0.008568067344315061
0.002149010043889475;0.01090589268844757;0.005439456067827441;0.004541710121465478
-0.008519119988531748;0.012503761732202322;0.003977108741567811;-0.0005842878001901939
-0.012106465193224194;0.0097748134406732;0.0061398041526727395;-0.00391275775970135
-0.007731222698282724;0.0025492913896151465;0.011582498960176;-0.003047892897474399
0.0010858765074563451;-0.0068637825441076475;0.01791907089211164;0.0021430026676784843
0.0085301014627637;-0.01461312906182441;0.022217701179898127;0.009318560997117687
0.009747062572029485;-0.017529027764453718;0.022587541964701068;0.015243303731628525
0.003403046077774847;-0.015036919356344268;0.018972596872193603;0.017773629419403834
-0.007743716305455576;-0.009327823735891565;0.012902196818654274;0.016650585604431424
-0.018419447816734987;-0.003770776807750114;0.006575504955014917;0.012844389976460716
-0.023635222229561277;-0.0008151533611662823;0.0018917408356472203;0.007552115100166755
-0.0211995570416272;-0.00068821891974002;-0.0002108438554367656;0.0019539783402484677
-0.012606960002742789;-0.001355594622783311;-5.320769614375626e-05;-0.002348306141278059
-0.0019388245127113886;0.0004397961477026478;0.0009387674749360184;-0.0033139328240974664
0.006393082482485387;0.007333447997090522;0.001020315136867145;0.00033789853760983496
0.009691772683366684;0.019235220679649265;-0.0006842216755024407;0.007450221317862308
0.00783360059246045;0.03234989153034138;-0.0034651050532176183;0.014225479936518914
0.002823918646315984;0.04081927237755;-0.005574446489907981;0.01658545940104088
-0.0023702539146878534;0.04050500895773058;-0.005745086905605975;0.01347105954173509
-0.004998247681758193;0.03188510503863794;-0.004349416680710123;0.007822579543262384
-0.0033897854197540885;0.019332355748542494;-0.0031010066213498057;0.003913151617086104
0.002441724004043898;0.00755417553936884;-0.0035924068102806757;0.003538960063679959
0.010505524994907053;-0.0012642006649249758;-0.006055287401810997;0.004868175944691304
0.01727134926450172;-0.007289469476809163;-0.009374133187914068;0.004865593043858611
0.019205220379159817;-0.010994126949118247;-0.012058273755940204;0.0024900113151574152
0.014934291744694718;-0.011942105661247511;-0.013086273160388635;-0.0005464960885049365
0.006572907064440738;-0.009491618012740653;-0.012041834712607172;-0.0017579192539277917
-0.0011855091789194484;-0.00421870511904367;-0.008949054400463799;-0.00023038972851780566
-0.0039970135780975444;0.0016414090830719028;-0.004383357578318009;0.002883606775558454
-0.0007584372961610856;0.005293194463783423;0.00032687110916733447;0.0057420129238371
0.0057454578389379745;0.0051997617873477345;0.003466182254980972;0.007349183824886795
0.010838280894293185;0.0021766307662414107;0.0039051780966094986;0.007804992790846409
0.010992712262897704;-0.0012206540455575701;0.0018374648091487487;0.007456532792581516
0.005830395438172442;-0.00266393234798462;-0.001438316574004576;0.00625340230263262
-0.0019660584111545663;-0.001799181182947006;-0.004419150945588032;0.004057644163255642
-0.008442890369486165;-0.00028149121172620225;-0.006148919630587526;0.0012973191180229084
-0.01061720969673991;-0.00010255646557413689;-0.0064198936455748985;-0.0010641881525717733
-0.007909336309970715;-0.0017390035783343364;-0.005633004227622068;-0.002314934696277712
-0.0021231002523136567;-0.003746467662513402;-0.004528772692028394;-0.0026285104289855985
0.0038151593154134777;-0.004080216139605959;-0.003749466859277243;-0.002847080215717556
0.0074648194001625395;-0.0019206284669238804;-0.0033532074502483603;-0.003689160432832914
0.007815201874719978;0.0016018645787411576;-0.0027445641950374694;-0.005155460566831353
0.005175089658911176;0.004379315123220295;-0.0012840280618759158;-0.006552980105742045
0.0005058781315478956;0.005085892714211568;0.000871880719156167;-0.007006586708017189
-0.005018101559848799;0.00417085883632951;0.002518158552372398;-0.0061042490532075685
-0.010017441405058709;0.00331548955360257;0.0021093002966544854;-0.004312245069315292
-0.012972735869032782;0.00395885092275827;-0.0010226312104436512;-0.0028149270210333427
-0.01280733589675746;0.006152568557933854;-0.005868295456183334;-0.002636822346785008
-0.009745360433755212;0.00852153572801185;-0.010052639267566917;-0.003455051263422585
-0.005616226044119428;0.009165969158949032;-0.01114969989285346;-0.0031187614097557765
-0.0029984382644122447;0.006814114861135372;-0.00814041198688388;0.0011325533236131785
-0.003565411704007555;0.0016217394908843799;-0.002086200310748661;0.009945674064604311
-0.006864217923894404;-0.0047234416293520255;0.0043246133377064415;0.01967170495411769
-0.010583099878842168;-0.0097447941706893;0.008087416261084;0.023417980156103066
-0.012147813494437847;-0.011522032677067669;0.007445374870220574;0.015797886580840182
-0.010372061617597596;-0.009810283954594578;0.002880531895079232;-0.001963521429676159
-0.005966397606791318;-0.006095982195641213;-0.003242110653155804;-0.02128992107705969
-0.0007911916307705805;-0.0026325662877489052;-0.008357447468488322;-0.031343186364652414
0.0033391180023295964;-0.001291578181125339;-0.011485905560246886;-0.026269048359172858
0.005478894557006212;-0.0028638498633482205;-0.013539794726597668;-0.008949191905707178
0.005751522314691123;-0.006825400617039694;-0.015777432751254938;0.0113330538662382
0.005091930036276731;-0.011519836579958125;-0.0178517304555736;0.024968949705850247
0.00469959259503231;-0.014930991263566378;-0.017489176651227848;0.027228641736981786
0.005325118567374872;-0.015876417245318845;-0.012394053573093238;0.019636871722031587
0.006719372225519377;-0.014786233459434778;-0.002711800750085609;0.007751765692908803
0.007721825419159453;-0.01333081049419483;0.008433636049704225;-0.0024400054843446905
0.007085141583863684;-0.013187887316388298;0.017076497226684653;-0.007307612460653926
0.0044427256158249525;-0.01498181398726106;0.021243696503184847;-0.006525672232260082
0.0006144288869288091;-0.018025311721527895;0.02177314668621464;-0.0023763611727703926
-0.0029675513494096294;-0.02068733313541977;0.020586210585645946;0.0018448869772358324
-0.005165194694087973;-0.02105292616357731;0.018517486944141855;0.0035224791083922225
-0.005663171606905812;-0.01779167826163638;0.01493922061017672;0.0018213149711913043
-0.00488261723420588;-0.011007892736959997;0.009179180271632068;-0.0022419858885186455
-0.0035526772932993325;-0.002483842056482451;0.0018917256658112782;-0.006663102070099755
-0.002311197599102312;0.005056459816129722;-0.005028775632185026;-0.009616236192554393
-0.0015042674140402115;0.009265141823057743;-0.009684941533056806;-0.010214724905866831
-0.0011786896200145544;0.009211058899055926;-0.01131789185972137;-0.008592673982668057
-0.001208895850458975;0.005578396856670672;-0.010548283258327667;-0.005532761112688199
-0.0014691823172530143;9.095787238576704e-05;-0.008795038358448564;-0.002028651217393911
-0.0019265667208095943;-0.005366077549889244;-0.007403288372036121;0.000994675507798996
-0.0025704016173821865;-0.009443449339964712;-0.006970828880486156;0.0028133349845666238
-0.0032350528393524382;-0.011596308096425608;-0.007137481128554532;0.0030043397362134743
-0.0035075364940676873;-0.011952171935143413;-0.006900314988945362;0.0015769915717652604
-0.0028959353670642437;-0.010977406612331892;-0.005330359108536133;-0.0009272539923880777
-0.0012131267701712728;-0.009155479606548353;-0.0023262249556684892;-0.003526422285963593
0.0011402608945484422;-0.00679563096108489;0.0011260241506477952;-0.0051905067861622725
0.003326900741151219;-0.004001026509479738;0.0035037641851029446;-0.0053987200972853
0.004638113911029233;-0.0008061977198892339;0.0037973200460581055;-0.004464012421601355
0.005042145831805233;0.0025380992279867495;0.0022388295509853003;-0.003304503532566947
0.005246832076232465;0.005302828568802811;0.00010513051107012248;-0.002823933296455146
0.006177758752495077;0.006349023771854372;-0.0012246129210800745;-0.003426382773302395
0.00820570435063184;0.004675989232148005;-0.0012000380820772771;-0.00493504481564166
0.010666729003816135;0.00015903300788579563;-0.0003666354214955374;-0.006673638151359591
0.012094543806669427;-0.0060807051368329595;0.0001465723598239267;-0.007498364935569681
0.01112067830422898;-0.011986859215556762;-0.0004866582104188631;-0.006106414931435837
0.00745388642257064;-0.015377020799305982;-0.002185016710694358;-0.0020293581864826923
0.0022087132420437355;-0.014825748912337853;-0.004103333442183616;0.003169036223876113
-0.002698035660917885;-0.010285042522597416;-0.005365919419481231;0.005907746029923272
-0.005681177262217672;-0.003224487876930269;-0.005678141321417754;0.00272214250540003
-0.006366584997383852;0.003906330313072363;-0.005254027287381444;-0.006659353601013689
-0.00562203390943578;0.008941737745716865;-0.004199010549538142;-0.018126151037725
-0.004762803836043132;0.011519660986296542;-0.00197591273047851;-0.02566574320762712
-0.004545992330164873;0.013724932160189862;0.0024877728579643394;-0.025895241721049518
-0.004702677919812904;0.018805278478894648;0.009897545746230297;-0.020672125059380708
-0.004329396228510964;0.02837303613777371;0.019326858309269983;-0.015363832497682665
-0.0027674084783702556;0.040280766068983655;0.02765643358587384;-0.014399684344355759
-0.00020558026767545477;0.049280628196426146;0.030767941281697835;-0.017995659898028017
0.0024729786542519072;0.05024232382318726;0.026190108767615898;-0.022424246435569076
0.004382933537283034;0.041431603854988626;0.0151515752402373;-0.02302386425782693
0.005217711066430091;0.025451036751363485;0.002058355121571735;-0.01738098433155443
0.0052737291240434045;0.0075580284657625185;-0.008276665733254883;-0.0066562058334810395
0.0050313679576893715;-0.00705644970556443;-0.013261817001100351;0.005309131278508399
0.004743086178360224;-0.015295701167305286;-0.013114839722892915;0.014158623724302493
0.004331496839012146;-0.016813530982517973;-0.009708104410707713;0.01715760711798512
0.0035437340045321735;-0.013531580072515795;-0.00522328440351707;0.014318305375374561
0.0021604902199664905;-0.008477657550368271;-0.0014981386130364697;0.00810030310492426
0.00016591161508477603;-0.004390277456759907;0.00021548728335385936;0.0019444758911048542
-0.0021358438046014494;-0.002631130840850299;-0.0004770034653161956;-0.0015101507361701468
-0.004138888516282119;-0.0028983075830181456;-0.0029615964111384258;-0.0015438345425000525
-0.005178080272703035;-0.0038086552264362055;-0.0059374103034090875;0.0006889109406402173
-0.004909832793989025;-0.003910399141800804;-0.008113927690975735;0.0031267428199871963
-0.0035784059080706384;-0.0025142940587658128;-0.008800141076261767;0.004014025189130566
-0.0019568605468827725;4.8733191242712587e-05;-0.008062193314043042;0.002733125399283371
-0.0009529830702005677;0.0027561604183249776;-0.0065216546874168144;-4.651492080311283e-05
-0.0010677653385678344;0.004518859754523208;-0.005027013570300337;-0.0028810326285139674
-0.0020017392874602385;0.004708938918980115;-0.004323768637919553;-0.004458808128432185
-0.002698070312214326;0.003316679325087405;-0.004747249232878773;-0.0044348561398080116
-0.0019541882220340443;0.000737032620192475;-0.006024281029145159;-0.003638484887359378
0.0005925760369177426;-0.002556401100336198;-0.007357508435108174;-0.0033381235322203517
0.0036884018461299977;-0.00614174115035628;-0.007844871258603291;-0.003921208054558999
0.004638337511149284;-0.009487753927469577;-0.006980479629082031;-0.004070994475468503
0.0007771229966867249;-0.011732133043275604;-0.004846713981937049;-0.001496326664546464
-0.008376854677340924;-0.011804255359143026;-0.0019054104371345664;0.0049110024815295725
-0.019792116915865843;-0.009103789819631631;0.0012642785892321242;0.013182766437823401
-0.027828863567939028;-0.004397784075635471;0.003963831627767199;0.01870707001539308
-0.027341899321767536;-6.080762753159879e-05;0.005329242695654076;0.017375692148277506
-0.01708140944800579;0.0011171117456573413;0.004702721011425657;0.00924141687161623
-0.0009146138163570876;-0.0017767041377469088;0.002293951506022803;-0.0005547714301359651
0.014128079404836435;-0.006190224070648422;-0.000688651449680164;-0.004898242854051211
0.02168139675837541;-0.007258309291168818;-0.0029210591954951684;0.00024003336267523924
0.01931646334704434;-0.0016507611374686714;-0.004148017700194166;0.012690152116064012
0.009483147723382702;0.008942331790773065;-0.005343527066912428;0.025416121331189825
-0.002101668243499745;0.018348520400988545;-0.007409912933509749;0.03141491441981945
-0.009490747736342767;0.020659914568912096;-0.009541039313610488;0.028508567218011312
-0.009266558648544952;0.01498127569394793;-0.008953506502266787;0.020323040520851657
-0.0017196397625371016;0.005763832392699315;-0.00261004128697158;0.012808456736836001
0.009800942168609628;-0.0011894535028347023;0.010214878387944942;0.009436619088323774
0.02063375646900763;-0.0028865872637690573;0.026566290591867898;0.009169567055001212
0.02663316996423764;-5.4795713567255725e-05;0.04090742796288621;0.008436620321321463
0.02546055580668111;0.0047028241028905255;0.048112324617816137;0.004714784207455503
0.017228746175018964;0.008837265685046105;0.04628553347608592;-0.001511335615412381
0.004501094060515211;0.010571270074636348;0.037427847427695476;-0.007517229037612681
-0.008498041498301866;0.009145256769913459;0.02565688367428789;-0.010606671090685152
-0.017447693935871006;0.005264940526304013;0.014562305788253144;-0.009988495332858246
-0.019714057299028555;0.0010867897435423235;0.005670183205659774;-0.007114273808277765
-0.015445770976464861;-0.0010121250298642716;-0.0012669893753174703;-0.004489011129941161
-0.00735919276955456;-0.00014616067631837893;-0.00696814091764341;-0.0038914288868344914
0.0006763542642285526;0.0025060513076236943;-0.01158649082894534;-0.005252913284511805
0.005496887821197435;0.004828196472812035;-0.014548848185018849;-0.006952280953881882
0.00599224402277535;0.00547295479744214;-0.015045516661460612;-0.007251319407695905
0.003288917013261204;0.004669142978180262;-0.012702254969711268;-0.005750446017782746
-0.00024042767669302115;0.003704042469703289;-0.008108866665745146;-0.00372402190134775
-0.0024483894056979705;0.00376510327184244;-0.0028771220943653907;-0.0030561111210033994
-0.002411012659494518;0.005059007574334165;0.0010691184423582585;-0.004651062298964138
-0.00046847806619145936;0.006680502249442309;0.002714069391341192;-0.007683226714941364
0.0023768235561990696;0.007168164005541759;0.0027004159525834113;-0.01031161101871924
0.005033441143788611;0.005360895520731016;0.0027614379654020012;-0.011135187246317353
0.006541551372619912;0.001090762915309953;0.00417479956796074;-0.010055987085556137
0.0061580050525673075;-0.004626228763910441;0.006619089820624039;-0.007925115920034824
0.0036129795150424203;-0.009989252219722473;0.008464753570506895;-0.005549251090726533
-0.0005434807765205114;-0.01320840317535334;0.008126683678871172;-0.0031361633748134532
-0.0049071666829977045;-0.013288849375233733;0.005193629829476226;-0.000681551716942702
-0.007746546422261484;-0.010383554097772217;0.0004965589410358978;0.001255504942366493
-0.00787596907471848;-0.0055722337005905875;-0.00461568946266992;0.001483730891062204
-0.005329303921440236;-0.0003156171144982613;-0.008975712150869657;-0.0007058070761527679
-0.001363508498390335;0.004036563374788099;-0.011818558264072607;-0.004181997978396968
0.0022490684606738427;0.006549545121751306;-0.012717842786751888;-0.006083980268602959
0.0041994725687782754;0.006915855649372792;-0.011625742141330692;-0.0039603559155811305
0.00426197944964156;0.00554857991658157;-0.009058893536114663;0.0018348138270895314
0.0031751759574299055;0.003334835037247202;-0.006094376356844927;0.008109583017553336
0.0019363890577856846;0.0010443551090074396;-0.003923022564272692;0.0115887946105653
0.001077011943123211;-0.0011666044173567311;-0.003182000750458932;0.0117651045042431
0.0004397480405370456;-0.0036899587264203814;-0.0036127124870344637;0.010870776594962174
-0.00047184683751460275;-0.006894272712320156;-0.0043718870465299636;0.011101989494701096
-0.0019518229672471903;-0.010580316002577202;-0.004767778628107363;0.012151342780444963
-0.0038384174648033167;-0.01392648391089629;-0.004828426739403223;0.011578483911594033
-0.005715947528526108;-0.01590296298785826;-0.005219684248032672;0.007430685393538861
-0.007280983444026456;-0.01576661496691109;-0.006516134789191764;0.00033439543523969284
-0.008436185421808792;-0.013329603512058877;-0.008369335250001518;-0.006914479591538781
-0.009031486734271666;-0.009026476235500847;-0.009317947311750957;-0.011605676673942786
-0.008641199868626121;-0.003930516431772059;-0.007603748071985503;-0.012889750218298824
-0.006771019603736955;0.0003552995796394078;-0.0025726343354921994;-0.011590835143888017
-0.0033740178083599545;0.002209900729886538;0.00438220881199477;-0.008799700020065918
0.0008866971522776689;0.0009173017279789482;0.01025453227041188;-0.005059951402444508
0.004996199257620336;-0.0025892842858638776;0.012199462214233627;-0.0008088308077667394
0.008264308455237441;-0.005962269997573524;0.009455026262993325;0.0030293070314101216
0.010612400981698529;-0.006799117491284854;0.0038913278847869564;0.0055326971123006215
0.012130505484634952;-0.00422061390775924;-0.001292163073775385;0.0069868403389589115
0.012384253516173957;0.0006236008454814115;-0.003595627931539603;0.009160217306996656
0.0103377534986726;0.005587703353826273;-0.002305225932671741;0.013732071086935305
0.00521425696891294;0.00919960655753977;0.001912429449848125;0.020011144985072858
-0.0023708846242028484;0.011469632748360232;0.007960026269879053;0.02426526640716967
-0.010100255654268723;0.013147992584088442;0.014648127311923631;0.02190135368591046
-0.014948504472733251;0.014258215845188748;0.020392277609572212;0.011170370158800461
-0.014850122412121494;0.01352001088938625;0.023183816697798915;-0.004714239131445563
-0.009863535462928778;0.009454528370459184;0.02138873542633944;-0.019192244967961798
-0.0021326815311545014;0.002176561627641686;0.014807908814542635;-0.02650412388916779
0.005155683414415942;-0.006073070593523301;0.004941979429051264;-0.024714789072117372
0.009147239244587359;-0.012470080333775743;-0.005875247292909723;-0.015368722901687937
0.008438914775443134;-0.015790592524716106;-0.01566129035152188;-0.0012687017315728053
0.0036000706100439966;-0.016989289606531816;-0.023186450005599945;0.01467980204264356
-0.003062188744343344;-0.01768400197042136;-0.02749781610177363;0.0290126634906828
-0.008457456199603669;-0.01834065916066826;-0.02762654027341067;0.0377047009229188
-0.010053803392043103;-0.018008069906704047;-0.023273966267343568;0.037896581719900305
-0.007001061073566015;-0.015502512787093622;-0.01577464373798166;0.029879502801040687
-0.00045575731260404513;-0.010596081950035094;-0.007901927992665893;0.01716315931596457
0.007047272421881396;-0.004263486158574408;-0.0022633968729079503;0.004485302832790511
0.012787119758414102;0.0018425480580183064;0.0002724630079324003;-0.0045150837098013085
0.014964880050666644;0.006121559500058889;0.0006349021516404107;-0.008442592220804996
0.013245848273153168;0.007624292354550757;0.00026282575398850515;-0.00790436410355814
0.008643055641110266;0.006391266506390996;-8.706856899426406e-05;-0.004560887796157251
0.0029525541708194706;0.003430938834894527;-0.00046213054637161586;-0.0002080932291187024
-0.0019665286316199785;0.00030512085121420284;-0.0011031926841702654;0.003741838386854254
-0.0048184108229207935;-0.0015233074948561693;-0.0019749595985773306;0.006391485435272914
-0.00521989760285249;-0.001280154862518534;-0.0027943283560217594;0.0072879355599105465
-0.0036896512643363358;0.0008567421606603381;-0.003292097312173493;0.006338051261378505
-0.0013353902357611579;0.003911425726704423;-0.0033788409812442986;0.003812385849630002
0.0006089810362475531;0.006585548501506161;-0.003150493071691047;0.0004083200844982321
0.0012459942033235638;0.007834569019587716;-0.002815187492919934;-0.0027909476696816003
0.0003629752897555077;0.007283156788337712;-0.002580113578620695;-0.0046383299267025654
-0.0014449757710618964;0.0052882856630417;-0.002502853796307837;-0.0045007010290067625
-0.0029921614176142775;0.002638123748865404;-0.002395087630983758;-0.002740466634099634
-0.0030876509585343413;8.307628733828114e-05;-0.0019408953004955585;-0.0006079019256130931
-0.0012864866039687492;-0.0020042931595743553;-0.0010522584328705772;0.0005993531770979003
0.0016515385755202854;-0.0036318389140654415;-0.0001646754105276063;0.0005453185866086625
0.004041558006522416;-0.004884147744105823;-4.576226741211339e-05;9.288356683350313e-05
0.0042672574776781574;-0.005594153956651851;-0.0010775569692343975;0.00039823021770896014
0.0018268180343062454;-0.005325658322222578;-0.002634860018955829;0.0016421995233940256
-0.002369754471413949;-0.003735445979532649;-0.003344639491212625;0.0026745327387600677
-0.006614833262586662;-0.0009835516563949224;-0.0022448927243466288;0.0019720450040445533
-0.009306173706925804;0.0022243962127224863;0.00015889689427224952;-0.001064805236371256
-0.009467831657698506;0.004972529306887362;0.002017551212034693;-0.005721165596631001
-0.006856572584639698;0.0064584937853883325;0.0014376491162293606;-0.010549701588438846
-0.0020061369221842846;0.006110713086936264;-0.0021272820676185938;-0.013929277129782373
0.0037483917932902983;0.003764267826297779;-0.0074450193484700165;-0.014145699508716424
0.00858857565033777;-3.93705372700777e-06;-0.012182269262675856;-0.009859321679947347
0.010976238919762033;-0.003917540670174499;-0.014115675564137842;-0.0016555392319601782
0.010438049634352046;-0.006787117966916184;-0.012203768909958237;0.006611187836668065
0.007806972969843161;-0.008263419052231531;-0.007041456557358567;0.00905985808733271
0.004785749988734096;-0.008485651294847463;-0.0004779605878539394;0.0019026737712295747
0.0031708614110791743;-0.007089679253241596;0.005376737624407089;-0.012774513064039518
0.004090369122194939;-0.0032859739315360304;0.009104716196678204;-0.027466419567352667
0.007389426954926377;0.0026639625632631967;0.010336373482172168;-0.034221497452587284
0.011364403915478768;0.008597119557665183;0.009534420979098745;-0.030107953383231547
0.013264117928533237;0.011854315117102643;0.007615349237110553;-0.01873803062243666
0.010713546777079709;0.011596762667683135;0.005641383483728476;-0.007112237567671515
0.0033981028845863266;0.00935204139503105;0.004490589208410239;-0.0008320556931425651
-0.006256827887261951;0.007290250650690002;0.004469565583819392;-0.001270956904238038
-0.014237134120746365;0.006324928154361395;0.0051598552777278595;-0.005956667841282423
-0.017328753118412782;0.005891994021718886;0.005784969122323332;-0.010884509727033703
-0.01499294897643761;0.005081630548821002;0.005858409712225304;-0.012778445518434838
-0.009373791054768977;0.003635570090050632;0.00546347088428344;-0.010297787280167026
-0.003696056023212216;0.002029399643244581;0.00486752231979788;-0.0042943032209060115
-0.00044216860478621633;0.0009378669535832562;0.003965956532919689;0.002604506556402589
-0.0004184043650303608;0.0006708857961389643;0.0023051134062196106;0.007129368819622537
-0.0028459656392011206;0.0009435453293850312;-0.00025484259499700975;0.007072287978074218
-0.006015376164393091;0.0011079316647493486;-0.0030078085251958814;0.0027019577550650756
-0.008068808211308457;0.0006916943350942764;-0.004671379096256545;-0.003200922145048171
-0.0077089833001215274;-0.0002150550676900315;-0.004228909409061188;-0.0069708944244558785
-0.00470979668261949;-0.001101852414159673;-0.0015927433056700034;-0.006371925378433673
-3.923659656252736e-05;-0.001545674701211805;0.0022978052862710004;-0.0019881570481579155
0.004561852489001697;-0.0015336324668713255;0.0058212585901213166;0.0033508734891919655
0.007441039208857553;-0.0013082282630622313;0.007313623538359241;0.006688534757140801
0.007902626943769616;-0.0009985529484700549;0.0059178100578483285;0.0069330255155563465
0.006562550113087276;-0.00047484519817764644;0.0022399322218057457;0.005182587030700701
0.004948266921600221;0.00045206764102177435;-0.001828856615702439;0.003339681985437
0.004561390623800622;0.00172655857186968;-0.004243665712607267;0.0024170183116377563
0.0059641060598277775;0.0029590091274112424;-0.004065690484915924;0.0019485099967217737
0.008449787130117;0.003696963263083992;-0.001788657005731362;0.000675745882547948
0.010459806904731809;0.003895132856044965;0.001419830529457832;-0.0023402350553214314
0.010411061623300992;0.004137659850406088;0.0046455966941777145;-0.0069420873459528866
0.007460425603587461;0.005222143604561073;0.007458300208530098;-0.011660057527843775
0.001955701592592327;0.007290920383604468;0.009596707673611163;-0.014200136776766813
-0.0045298416917674755;0.009310542423223798;0.010836976879942414;-0.012775867289811673
-0.009719108117610127;0.009559730024126772;0.011216897770953712;-0.007669432527874546
-0.011694764684131604;0.006876265175710732;0.011062370199425806;-0.0015235588253268892
-0.01002686152123218;0.0016878978836953997;0.010516262170669793;0.0024859900014658296
-0.006194258113322882;-0.00397635710737149;0.00912331778552544;0.00328924897076865
-0.0028794225459584013;-0.007534302767345688;0.006135258987153219;0.002832861691464679
-0.0024949883282697305;-0.007317171459891651;0.0013110894465772375;0.004191563738350256
-0.005806681304941061;-0.0035629363589450664;-0.004652175020883545;0.008539171497089723
-0.011384752374034796;0.0016854449227154096;-0.010420688667029892;0.01370880412148927
-0.016138048465399034;0.005708135032918424;-0.014565585387682467;0.015562954682584725
-0.01675405983051878;0.006536810011847216;-0.015880618122425045;0.011065841328505865
-0.011511127406914961;0.003866580839223695;-0.013681278674526625;0.0008436870690949185
-0.0015935659126726416;-0.0008764820661577149;-0.008368027872504725;-0.010487005417373178
0.009014622154176139;-0.005137610833208842;-0.0018304092720324602;-0.01663254049240394
0.015388420783148398;-0.006260644133613847;0.0030704661434698974;-0.013509987025838098
0.014447932955185021;-0.0028179338497221554;0.003968901425804964;-0.0023938519112656057
0.006921156569144914;0.004108109002980459;0.00040457608233614064;0.01018450817799068
-0.003000155671403154;0.010594252409778756;-0.005917150137064446;0.016432565432116658
-0.01024444416279445;0.011471724028155553;-0.012078230028581343;0.012581297030084742
-0.011942823056482026;0.0036669352194833157;-0.015195769895054063;0.0012227808317326562
-0.008882102065455358;-0.010813247017384961;-0.01322371106803955;-0.011143635199892633
-0.004425636819028663;-0.025088748507004946;-0.005486721157087884;-0.01879575995051305
-0.0018529606215832405;-0.03155486554512704;0.006667286470933113;-0.01953842131129176
-0.002131481067615714;-0.0271105855067628;0.019581576902317575;-0.01412289419298304
-0.003628610027798344;-0.015212245471910553;0.028400667667288597;-0.00440919855622841
-0.003686449954979072;-0.0031487339305539402;0.029593205356588295;0.00739863593501669
-0.0006772029870865733;0.0030141146167791486;0.02319611849666214;0.018446735726492386
0.0048864983707361314;0.0018992057294721597;0.01278162176762008;0.025351211349115086
0.01067347441169712;-0.003310788391565635;0.002971999253030191;0.025467075051219288
0.013854873517245675;-0.007731924215131152;-0.003459677390207725;0.018503975872136983
0.012640973776689064;-0.008043002254623911;-0.00657849899920028;0.00708839639739704
0.007284179459520435;-0.00418226211051748;-0.0079510177745876;-0.004433755745505479
-1.5647141814865896e-06;0.001169439901699929;-0.008660913175825237;-0.012212098536341883
-0.006247796448246297;0.004616040725839179;-0.008591758126173098;-0.014452575549712044
-0.009351290527755374;0.004194617603519226;-0.0072746037727946435;-0.011389713957077503
-0.009016599096156113;0.00045554459174724745;-0.004988774943250444;-0.004400499430523837
-0.006432767982060746;-0.003953022107168921;-0.0028233497582708664;0.004501691788187422
-0.00309881435015844;-0.0058407594783810345;-0.001745237696119518;0.012703757599472175
0.00016274357071938638;-0.003313525530237609;-0.0017691121616260136;0.01747594745960025
0.003248610466304912;0.003105515115152128;-0.0020847501673340674;0.017239976079916137
0.006062373965125726;0.010748534505945428;-0.0019148946419689022;0.012652684800846185
0.007961065374401036;0.016351495103826587;-0.0011573565665678033;0.006323083557371029
0.008041861378163616;0.017909265427647356;-0.00022748652193555857;0.0012212965134193626
0.006014855874481154;0.015617204875599703;0.0005374643333957257;-0.0009458007905282667
0.00277752563695006;0.011326478353989347;0.0011552163645155824;-0.0002585736874743473
7.389142256478542e-05;0.00705875734543808;0.0017607165590457986;0.002006245369219456
-0.000585122166874431;0.0038004496186634937;0.002347775762503524;0.004345508482857328
0.0010219060077325906;0.0014172042112801134;0.0028505766148280097;0.005802964874813408
0.0035728102448801045;-0.0005205811155443447;0.003279337382565034;0.006356990703467598
0.0050464999750344615;-0.001918126848882157;0.003566507569064983;0.006753452765125166
0.004215386928672557;-0.0020871168368231737;0.0033784547996148725;0.00768741340009346
0.0017270595437793343;-0.0004583234301356629;0.0023112863707090425;0.008838945481007455
-0.000189098697677016;0.002538951729789513;0.000278600944411112;0.008763779802452042
0.0006308142072325506;0.005256526498621481;-0.00244474775649306;0.006051655045976317
0.004473190320489842;0.0056957040338161125;-0.0055069070557214285;0.0008230081427309645
0.009193505416005835;0.002986831994150696;-0.008539147013133188;-0.004914668561889448
0.011367947810310707;-0.001738096500641557;-0.010853106868488853;-0.008478170752086688
0.008351850087147856;-0.005981680504529573;-0.011355427012677336;-0.008188353759112334
-1.6489971891672668e-05;-0.007603149693665022;-0.009115547401836295;-0.004157589402561115
-0.010940714807119837;-0.006183872894143097;-0.004206664140155922;0.0020089909104471153
-0.019658660088750057;-0.003025263112785748;0.0019196764856133407;0.007801395275708722
-0.02159154896091645;-0.00012645162548357948;0.006879852929114638;0.010308954229580647
-0.014782623095787794;0.0008180959560054532;0.0084804201741404;0.007228506230261036
-0.0013081996547781023;-0.0010471518451773425;0.006005032510868736;-0.001384944910161949
0.013405433950908064;-0.00535342484363696;0.0007970044623775525;-0.011993440085713254
0.023200066222943187;-0.010240666651380789;-0.004553219836071168;-0.018950014355143905
0.024208139510095067;-0.012976877096412669;-0.007906812495558706;-0.018208698595165013
0.016485536321211223;-0.011815597197137916;-0.008583550752374592;-0.010534272906213876
0.0035358852788530603;-0.007715381480915351;-0.006836795398569818;-0.0012296380344987143
-0.009598764310913823;-0.003896829294230703;-0.002861109147878033;0.0036802942658364494
-0.018421394238165384;-0.003212149264042423;0.003104495505581894;0.0016913555865942383
-0.020384358924694708;-0.005807748593656286;0.009733098952951382;-0.0049354691201704964
-0.015447279998989065;-0.009298628897976353;0.014376036414482775;-0.011531305435584224
-0.005910199995841392;-0.010928250408272363;0.014588710912511979;-0.014491207500820308
0.004420559869228155;-0.009425725283849938;0.010141408487022217;-0.013023366862378299
0.011649776607918414;-0.005262325676196413;0.0034427917934564518;-0.008560473230747821
0.013398701447816316;0.00012427594758928568;-0.0021151383786114746;-0.00319674460892598
0.009827773398450004;0.005109909350333658;-0.004369556564723812;0.0014536905147162287
0.0033574998944997676;0.008395301500402188;-0.0033643188943667853;0.004601317899187807
-0.0028458941050041524;0.009410749269876874;-0.0007056335119578634;0.006133453491896408
-0.0065899363818778065;0.008491363850117593;0.0017494868935237146;0.006345242482237845
-0.00744620328819165;0.006574171143623818;0.0028162073780055273;0.0057242721649533495
-0.006342979393556673;0.004584788677520364;0.0021989804998312702;0.004787572617642216
-0.004559025937557183;0.0030030038498071038;0.00027568030274286603;0.0039343046285970126
-0.002890082090503546;0.0018776477721444633;-0.0022104205335981095;0.0033390905809313914
-0.0014117013985604117;0.0011315240550739008;-0.00440941164178633;0.0029411559949624887
0.00018417906864949874;0.0008062854637042792;-0.005594963461446647;0.0025432776613031967
0.0020243423489770015;0.0010253955806302974;-0.005405576936133777;0.001974346779288851
0.0037122574108155934;0.0017305560029004794;-0.0040419778280400085;0.00123147783142797
0.00450091317582604;0.002457452547006652;-0.0022633223938577467;0.0005149992130318456
0.0038977346813992117;0.0024070100151533254;-0.0010510892343519737;0.00011732471138284985
0.0022350849238556387;0.0008414183586586008;-0.0010213491938551597;0.00023362079964578142
0.0006548386329137877;-0.002422446212521701;-0.0019348607449075816;0.0008751218434561333
0.0003416961614765833;-0.006719833600180214;-0.0027295516178642743;0.002031721831599467
0.0014938036084004708;-0.010610654091777891;-0.0022266174625815206;0.0039302855103067625
0.0029151685584172717;-0.01232085852845671;-0.00014325551043272176;0.00689758485457655
0.002796155645212942;-0.01046844284522988;0.0023630534816638364;0.010553905082571716
0.00028403283438105425;-0.004892419311371407;0.0032629669424709107;0.013019841966795351
-0.003440322954759294;0.0028126731860196584;0.0011786899918138222;0.011487757907724683
-0.0057513144350312875;0.009649757642990671;-0.0032294013040468036;0.004506471702414471
-0.004673683696195934;0.012760918621223324;-0.007212240167482268;-0.005852933442132009
-0.0007934316994912334;0.011433697954473314;-0.007406812449030048;-0.014520538310344399
0.0028689057265246045;0.007930574229903436;-0.0018566269696214954;-0.017006484926465972
0.003189970790711559;0.006061654098743731;0.008644104653542881;-0.01324891393415894
-0.00045722292517538234;0.00832968756908091;0.020540221449422903;-0.008121568291921226
-0.005674564004196092;0.013824671737425414;0.028908553244307092;-0.0075587684582808096
-0.009051173494037003;0.018523569581943934;0.029830588265771354;-0.01324203857680199
-0.008870528224537615;0.01790735322836741;0.02263883201062653;-0.02064966582285028
-0.006206623490566078;0.0102150772229611;0.010528865880301164;-0.022697766555097563
-0.003737863736069325;-0.0019019230072504466;-0.0012074123483379088;-0.01599633430102529
-0.003513698220461808;-0.012687504882549421;-0.008317397340143274;-0.003992478496245998
-0.005452892860957001;-0.016878320301304546;-0.009837630174711488;0.0058595510026433345
-0.007486580541368747;-0.013091989116512024;-0.007836885475254306;0.008065862928721504
-0.007014559466236375;-0.004530515019173254;-0.005156858973624792;0.002817678161130305
-0.0026430578046493527;0.0034192232251429294;-0.0032608145967159023;-0.005057742384345244
0.0048147121986889556;0.006754658334123343;-0.0018753962668537178;-0.009965061901453806
0.012642490298347204;0.005017186972288929;-0.0002723611790728678;-0.008756521267422499
0.017697327478330395;0.0008645256172931754;0.0013645224791673021;-0.0016305474460151742
0.0182007669429863;-0.0021312999488579463;0.0018678683184022349;0.008714416657245594
0.014699130154961843;-0.0017189148179456543;0.00028349516650479415;0.01850024215100676
0.009526080153593805;0.00203054034593592;-0.0029719424619596554;0.02431049520379479
0.005121854341271861;0.007173474376270298;-0.006217098968306088;0.02440751059670114
0.0024277699599341927;0.011225424853752797;-0.007774017083231602;0.01950659405109757
0.0005617151005437911;0.012511441411304097;-0.0071581244545560595;0.012385059699910432
-0.0020291850260415554;0.010811586258528407;-0.0051527565265814925;0.0062875147659209206
-0.005961196358936612;0.007055505335130974;-0.0029146584023140324;0.003097768191976755
-0.01022040242141933;0.0024381551360497704;-0.001108187054575946;0.0026063159318182503
-0.012924755378996776;-0.0022857057059487143;0.00018567862327103344;0.0033635031351423737
-0.012841219659127424;-0.006761350783052764;0.0009483194924824026;0.00423753009868159
-0.010337731217380875;-0.010394952021023937;0.0008379166456617812;0.005195499943922389
-0.006937134266300718;-0.011920449302055793;-0.0005633305952787624;0.0066535418108151145
-0.003881504454422673;-0.009907810473156056;-0.003146076624805701;0.008246547660432908
-0.0010822044901521212;-0.004073830492745499;-0.006092066784043925;0.008517059659498274
0.0024661290000530267;0.0037041554905537463;-0.008516489473536787;0.006074147051478265
0.0071779785922734185;0.009882355561471852;-0.010331629207132048;0.0011457215945840152
0.011830587751888852;0.011385224759309183;-0.012220336133930443;-0.004132429747657432
0.014136353940146692;0.007939297854013292;-0.01451001497455353;-0.0071565621040533805
0.012491553003449698;0.0025408108736463316;-0.016230707837672012;-0.006721070836204107
0.007372169685608054;-0.0007028319953570853;-0.015679169802183854;-0.003590801103295255
0.001280959948431034;0.000244292402721332;-0.012015468560634367;0.0005464747661291377
-0.002608365296459262;0.0038451831142035354;-0.006093498862320061;0.0044591805827940085
-0.002165167615740193;0.006426135218012681;0.000295448289299715;0.007733172178005093
0.002555511775246488;0.005191283067896806;0.005673226589294793;0.010150808757871835
0.009266542469119579;0.00025742133767958896;0.00924802890844677;0.011200800692286315
0.014550368408789325;-0.00569929753622875;0.01050344141787155;0.010409902795942505
0.015604337447997869;-0.009515403870611618;0.009068717805432107;0.00801214826639482
0.01165274453211728;-0.009549624413368108;0.005223550117130939;0.005054130872152849
0.004157099791242623;-0.006299123602119466;0.00027728319955226997;0.0027303212346713435
-0.004211407445681333;-0.0015747035891637807;-0.0038880007154675268;0.0015852409057420082
-0.010994930798662624;0.0028101456130438253;-0.005845712889292583;0.0012902352760303462
-0.014827806599203018;0.005819826200694761;-0.005360917166048093;0.0010883446138019177
-0.015503695224990455;0.007150575056585301;-0.0033057853423755137;0.00044743505384764893
-0.013628937945815576;0.00681258874436939;-0.0009458058127041213;-0.0005570240376606393
-0.010329608577084723;0.004941960547912786;0.0008160310158419248;-0.0012740158167840062
-0.007090526836676286;0.0020130170160585974;0.0017664889967466434;-0.0008076978919237905
-0.005477654145432656;-0.0008758550957292486;0.0021951120200189695;0.0015024814167834534
-0.006551968455669619;-0.002117117459751133;0.002442541904893017;0.005569725280410735
-0.01013983910975213;-0.00033191573485353486;0.002548056496007641;0.010205780254877261
-0.014464257042971848;0.004516323199630834;0.002251000035185521;0.013234055772389727
-0.016647191400282146;0.010324579355820887;0.001349317893020839;0.012314851379199196
-0.014130353281553805;0.013212896072242708;0.0001356809479203455;0.00631641698461854
-0.006340361013470656;0.009452831838971849;-0.0005208416645477295;-0.0035427042939469924
0.00449434674090561;-0.0017814941639069395;0.00029123171339484236;-0.013833173478320223
0.01409980811147393;-0.016844148546866635;0.002628887553646174;-0.02077677172625424
0.018212643162282563;-0.029126012015041752;0.005180192918141183;-0.022855768363044957
0.014781948619946545;-0.033197782268060264;0.005811224119260322;-0.02206257734811444
0.005068350454192828;-0.02837381037550301;0.0030690065017223043;-0.022228337114516997
-0.006895741932620559;-0.018584574637746577;-0.0024337457472608137;-0.025283939378515388
-0.016097898332526395;-0.008917989652923366;-0.008037090605226479;-0.02867914164193119
-0.018694442505747394;-0.0022982599910883338;-0.010728293476842492;-0.026825436468612955
-0.013629566447088367;0.0010330526227062483;-0.00932758009473517;-0.015917490347121085
-0.0031017124307554595;0.002005835140628823;-0.005467375856094403;0.0019744161670464475
0.008367614084860807;0.0016293040071313658;-0.0025612756251875606;0.019308447015199872
0.015997803390243696;0.0011065525231470103;-0.003425082322052765;0.027788937774020844
0.01709032296759189;0.001899783530333964;-0.00814964383532162;0.023655510853870042
0.012375759346098754;0.004875425855415557;-0.013710013631704586;0.009733122172145723
0.005387196689773307;0.009390617128091252;-0.01570909780858795;-0.006774973677586323
0.00015563539464716545;0.013517844615678084;-0.011158248565297348;-0.018765379441341653
-0.0011236064422620296;0.015200014746787026;-0.0003446387196215597;-0.0228026661754463
0.0011562260562519094;0.013128182886299085;0.013464521681239155;-0.01969884051532561
0.004980242739566175;0.00685173137921117;0.025968464519175085;-0.012477594268050226
0.008222179548050264;-0.003158965669335284;0.03383959611273539;-0.003977370633959188
0.009527361348181367;-0.014915688800415666;0.03571529766534529;0.003934087045949155
0.008342925435557052;-0.024576232790235193;0.03219906562013659;0.00966796271295479
0.004663364078150876;-0.02772975045120775;0.025277081728684002;0.011509914672563135
-0.0009672443852592416;-0.022116645378693366;0.01733449424897863;0.008550525087704087
-0.007272556241998229;-0.009577203936480174;0.010017007378916446;0.0019439619359635225
-0.012357201030126738;0.004711600998534883;0.003601860067172656;-0.005189309667869726
-0.014331915832236005;0.015175221628411928;-0.002526680000164125;-0.009454002995810767
-0.012148498247407918;0.01863587172601406;-0.008640184384897042;-0.00911248867399077
-0.006161664673480222;0.015258016666653525;-0.013881599516893288;-0.004863967184224956
0.0018735624640546934;0.007693223495047521;-0.016779581675248578;0.0008550262622230323
0.009411389936264962;-0.0005424036505221535;-0.016555094471534037;0.00540811678286906
0.014160622070165654;-0.006553342172961973;-0.013876249300370274;0.0073134608437046235
0.015135517828202981;-0.008978237228646631;-0.010305891056649565;0.006609116078551366
0.013103083425727314;-0.008173161474802236;-0.0070129831245536725;0.0041842153764352855
0.01001231967139751;-0.005655064038014093;-0.004019131682928088;0.0008474818280065329
0.007629348489112769;-0.003050877068227875;-0.0007082451622009734;-0.003008807181439132
0.006306824257631216;-0.0011243313875681459;0.0029465124206064256;-0.007043023707347895
0.004919671115178573;0.0004822432264136262;0.005821873217859278;-0.010557533199039057
0.002135047020094455;0.002593245685705349;0.006556576341112129;-0.01269158571030457
-0.002057608167101855;0.005436607163502847;0.005089949308678823;-0.013109342838762885
-0.006000682656554433;0.008058819327701347;0.003053569234525015;-0.012395069095198228
-0.007614380164474798;0.008800512614555096;0.0023619428592500484;-0.011505470806548273
-0.006139169912002844;0.006597582101207842;0.003402848968164913;-0.010620285904588475
-0.002781020225938997;0.0021062796158735054;0.004768170780898192;-0.008630474055707372
0.000319202331620017;-0.002425376929769847;0.004785199469434996;-0.004131939559721479
0.0018012902829652123;-0.0047079033516381295;0.003176083704186687;0.0027714723345011044
0.0019056692494904813;-0.004235407025797715;0.0011566820005960829;0.009670052852309938
0.0017609232096563066;-0.0027712607660010805;3.423578556879302e-05;0.013151401479695403
0.0019680157342514028;-0.0029026190699519856;-0.00012860138498800558;0.011334154975516217
0.0018843755606695197;-0.005757348657179579;-0.0004479994261267622;0.005487739388641982
0.0002825099367717427;-0.009806485006689876;-0.001964040163550675;-0.0007412956956450867
-0.003238688211729541;-0.011877551817288407;-0.004581813440093592;-0.003935903003638089
-0.0074326701081821375;-0.009685208417988513;-0.007237875272695989;-0.003187071279765976
-0.009999219998595276;-0.0038361421259952354;-0.008943059671904754;-0.00021611240477027981
-0.009141559553594624;0.0024194216003476814;-0.00948068113860987;0.0025023654954671507
-0.004833093830239758;0.005593459022948198;-0.009081459654087767;0.003742678273320923
0.0011204421284983165;0.004590532616930262;-0.0076714410986413;0.003959072854527993
0.0061634345777775565;0.0013924711505804343;-0.004777278267196348;0.004186801354417576
0.00843535786923896;-0.0007267572594908502;-0.00030413046552819076;0.004870840313672113
0.007717642254890291;0.00012595699098151493;0.004732121180812231;0.005764874821189258
0.0054240389114418325;0.0031470391099543017;0.00845267238349412;0.006584705989674209
0.0037115269074789324;0.005802851424800044;0.00922702861644702;0.00733326203163556
0.004206880203632884;0.006024731307876518;0.006706608916059206;0.007944924188000038
0.007019789875194218;0.003730567062323801;0.00205119968301309;0.007979554364354966
0.01055531138369377;0.0006192314956560037;-0.0026446678418301445;0.007056397809137316
0.012184547077633138;-0.0012465203867568265;-0.005302665438921847;0.0056607521156047304
0.009401369166630402;-0.0007056266496390701;-0.004770267553563004;0.005268678442288476
0.0010077882302048009;0.0022498500124734293;-0.00133127697454612;0.007268297004111577
-0.01199759090089513;0.006916108381597532;0.0034679176756182628;0.011379912333779036
-0.026190796944431678;0.012100184639950162;0.0076548706876039575;0.015028593357993059
-0.03662980080590008;0.015819539144891516;0.009846572572768648;0.0146416470351315
-0.03896511789746004;0.015275925808123073;0.009788839480298338;0.008301527759215496
-0.031822157654131863;0.008144622915583455;0.008145756765400268;-0.0022589242429467077
-0.017898357997521964;-0.005077640995615168;0.005865821469716112;-0.012253044276301575
-0.0028269780892338555;-0.019769023991211724;0.003686010066617687;-0.01705454877545604
0.00767403369314032;-0.029106810322319532;0.0020447855025245917;-0.01571179950432082
0.010671921975616403;-0.028594881615338134;0.0012325763072205346;-0.01173102043492032
0.007180764492058539;-0.019391255677611074;0.0014293516851867725;-0.010071794903600247
0.0010590740204731162;-0.007161468575922367;0.0024758116646110156;-0.012728498908209799
-0.003412271008022833;0.0024698424386734893;0.0036220708355001775;-0.016960893033216278
-0.003698501024092663;0.0075048469912467036;0.0036967295965197283;-0.017964804229560694
8.919573526288023e-05;0.009372385328292118;0.0017819074352641822;-0.013381573604921697
0.0056247357364699645;0.010295833650601294;-0.0021285267631217276;-0.005222768872958475
0.009652932154980946;0.01137516547634726;-0.007034536950327187;0.002298659147587512
0.009582928387997488;0.012593971197720636;-0.011322374875807268;0.0063103888393584665
0.004844165926674413;0.013574587154943989;-0.013251166275188317;0.006764844212784211
-0.002643655225785891;0.013874923049893717;-0.011501482326977893;0.005315765993270613
-0.009384821362746012;0.012985414232864007;-0.005937990422167486;0.0035205371366477597
-0.012288814167362778;0.010615223291837823;0.0018003693654665806;0.00205477058706788
-0.01042896945912505;0.007112840996729905;0.00871550804387829;0.0010056233205511641
-0.005337627745371808;0.003429663149309491;0.012054220352892824;0.00042673706279535795
0.00018251571792561532;0.0005403839945895041;0.01102337764672921;0.00058238779695198
0.0036598090850517647;-0.0011504476267454769;0.007203276543954632;0.0018297560290579733
0.003941159733199185;-0.0019134790151592918;0.003334410100497722;0.00429284360789393
0.0013101350453744594;-0.002288887554199051;0.0014829130669475382;0.007496788902655001
-0.002939709451838597;-0.002548472383239578;0.0019187775571375798;0.010217113136359878
-0.007082941074880594;-0.0024612679730673945;0.003352028918873466;0.01084875997560931
-0.009483988122242116;-0.001534443783688311;0.004205514920963421;0.008321814347616596
-0.009000173988342785;0.0004901154569007061;0.003953457190837188;0.0030251590161108235
-0.00525124425763347;0.003323257239434381;0.003510163708578211;-0.003082353284506995
0.0012378975973412491;0.006271208922830113;0.004313790443526584;-0.007470612018678966
0.009027947100674534;0.00867118907187304;0.006819507803266358;-0.008479652452884422
0.016002947904116292;0.010178073904276948;0.009766241344125718;-0.00614648785779664
0.020029304422509928;0.01061112712911864;0.011031285689284265;-0.001938290069748083
0.0199517873104614;0.009503627895796177;0.009398662261401292;0.0022511000120579825
0.016366096997885483;0.005859341462346361;0.005567109505581778;0.005140541965622883
0.011492605591929992;-0.0013555079428425793;0.0013985821811404947;0.006530079048690444
0.008020834222957693;-0.011936432033940287;-0.0018190806229317353;0.006901268996658201
0.007543468188033863;-0.02326582888008573;-0.004353513765861381;0.006513663321818189
0.009553134284352147;-0.03072837320218193;-0.007383916607645973;0.005017327513906512
0.011741931733581058;-0.030281387352982463;-0.011519146348121614;0.0021728935023487693
0.011563975410377026;-0.021522014124706404;-0.015945952323612473;-0.0012272130577999807
0.00804995313273366;-0.00847686357265312;-0.018934918047801612;-0.0037282748008038834
0.00253668458310657;0.002891248018100488;-0.01920262780331966;-0.004745513000358861
-0.002223298809704709;0.008485514522666212;-0.01694942400647133;-0.005276449862339124
-0.0038718609886510052;0.008223891983395184;-0.01369030716852138;-0.006572517123901166
-0.001915796069622258;0.005267121575239661;-0.011023831385465128;-0.008218226524216573
0.002013291427801742;0.0033569267340874845;-0.009409955031396345;-0.008023377205944782
0.005172886534000577;0.0043031786778538975;-0.008021087653614414;-0.004040850737454393
0.005358860054859045;0.007172105968266761;-0.005771231056997477;0.0033471356634150575
0.002212803973437695;0.009415952959912394;-0.002555024376030176;0.011199094747857715
-0.002613087032120023;0.008870585418984559;0.0005000511281262269;0.01566707655265682
-0.006533075828764513;0.005109420604851618;0.0020503375966854976;0.014271806105784105
-0.007606766838422935;-0.0005816057428527112;0.0018093075677006155;0.00751780484600546
-0.00555990159179625;-0.006145486657962888;0.0007589022816688918;-0.0010209410024584647
-0.0016677410486908813;-0.009708145881345259;0.00014116144274482718;-0.006430729863683378
0.0022415903752945384;-0.010133499152394051;0.00039320543619959965;-0.005303083798210948
0.004890880857536997;-0.007303920819142151;0.0010659039098149525;0.001953183167758378
0.006078701989788467;-0.002204057061861417;0.0014917499000130837;0.01102726985584571
0.006431662192606654;0.0033718895555022678;0.001265235439219058;0.0163257099116185
0.006698341945169224;0.007556960487731157;0.0001743013701399996;0.01479767425133872
0.007128247449977115;0.009259412588260102;-0.0019620112555960977;0.00814773781674504
0.007349914333642524;0.008595406551759608;-0.005105053120602864;0.001469211271908218
0.00676748653615779;0.006610048110245681;-0.008629821576516063;-0.0008039170950756094
0.005083368036670658;0.004453352989121533;-0.01130269697343463;0.001734254012581863
0.0024811850590464395;0.002568321667665617;-0.011857084668016625;0.005665248444374341
-0.000611955003474939;0.0005136390537441064;-0.009860345467040886;0.007169723669004499
-0.003806839417795935;-0.0023615672709450695;-0.006199315994239381;0.005341258632264356
-0.006697429295627655;-0.005902349930359716;-0.0026607436778634344;0.0023636965179992635
-0.0085872804915745;-0.008777139269376727;-0.0007624126612891999;0.000823594697557506
-0.008543729222476646;-0.009317043915817991;-0.0007128754863575296;0.0012216026864981407
-0.006080362245408582;-0.006953713510460204;-0.0013828594564520799;0.002106675642183419
-0.0019772798632996264;-0.002855642519201575;-0.0012946964347671723;0.002152999994356199
0.0016898950336645617;0.0010072490993451187;0.00028440178771314654;0.0015594744682898992
0.002690070521111162;0.0035431985790975746;0.0030516803432613813;0.0013636013080619719
0.00023710488948721037;0.005258461502655228;0.006191392258459914;0.0018719476723120566
-0.004210422539518927;0.007244848176300147;0.008970818292056105;0.0022767017817572287
-0.007669482241423109;0.009517004743820421;0.01086325231180872;0.0018361754481530477
-0.0074260931822413044;0.010545792610902606;0.011389823820362324;0.0010008206169021894
-0.002681223080834295;0.008621747527172057;0.010173690170974093;0.0009950982225375542
0.004961573767145679;0.0037609653602547833;0.007293581739559363;0.0023187412502792292
0.012307770385258661;-0.001767543998243502;0.0035147245532056674;0.003955950440549328
0.016066274156085473;-0.0049336627962554905;-1.8892237729707744e-05;0.004248975970541783
0.014215500443440898;-0.004175896604600593;-0.002512823129237149;0.0024945049123636523
0.006713895973478827;-0.0004014165805438204;-0.004024664319038308;-0.00043264932531946517
-0.004550245407659872;0.003989956316395964;-0.005176592456202326;-0.0030042715040980543
-0.016411383553285492;0.006935996344458973;-0.00626497045787222;-0.004450464159819928
-0.025473794845663693;0.007692761482054331;-0.006656283755987103;-0.005180134861270539
-0.02931223007667431;0.006448087806292177;-0.00518169230971266;-0.005866854494981407
-0.027419300851743992;0.003536544538748895;-0.001258470954337964;-0.006299764862952991
-0.021372386418369783;-0.0006343413663094138;0.00430876294473167;-0.005342202385771104
-0.013950890688714563;-0.005013076174077027;0.00962725141203609;-0.0021287478904639134
-0.007592923041824649;-0.007744854188506542;0.012866050071139574;0.0027411759063156347
-0.003156615951464688;-0.007115329459771083;0.013274233387136314;0.007303396993237906
0.00015220477905659543;-0.0029969989702445556;0.011331537819826779;0.009605362878915771
0.003657574351696025;0.0025806259383418535;0.008150086925535364;0.009101041293368266
0.0077698708324355084;0.006511954102536277;0.00479268043975527;0.0068684223455244345
0.011321856305137632;0.006685580250096194;0.0019715525632389777;0.004592801091399916
0.012193996734807854;0.0034573186321673285;5.483933830385627e-05;0.003268683877890503
0.008808922672276296;-0.0006428224828330567;-0.0008940600844531801;0.002636532237184782
0.0014616861389329988;-0.002757683490171716;-0.0010987208618681646;0.0016581432223052167
-0.00744426909285173;-0.0017068040655200565;-0.0009598604447603765;-0.00046528663580120376
-0.014457591538997202;0.0013147182429998309;-0.0008590082346417207;-0.0035381720568604534
-0.016796786734682146;0.0037687713948529687;-0.001019845276283995;-0.006381151476712929
-0.013690890202370003;0.0036867268169623445;-0.0015078763291547482;-0.007550795743148776
-0.006589061928186167;0.0010430828732332189;-0.0022953252126858338;-0.006306564564381951
0.0017644411983399608;-0.002340421406972332;-0.0032728447818854;-0.0031969619745894798
0.008670526911914424;-0.004178726513504213;-0.004215366075987408;0.0002502282535287738
0.012345322272230161;-0.0033064783381071797;-0.004858492686161559;0.002661469729017581
0.011995969024502355;-0.00029653975617817055;-0.0051548670600211205;0.003871661301770083
0.007575586412421416;0.0032660533346432485;-0.0054513467612888255;0.004820107335144335
-0.00010788132228354213;0.006161853525265937;-0.006214147378131133;0.006220626298662546
-0.008934489272002332;0.008326562671220165;-0.0074091995363638275;0.007305267651668164
-0.015496044463537277;0.01032548769006718;-0.008224507678826506;0.006128777823455207
-0.016330598246892793;0.012092383162734756;-0.007585429095500193;0.0014676706580448217
-0.009955082722059937;0.01244860575728332;-0.005006590524997049;-0.005383516481022729
0.0017550824278560748;0.01027431976629684;-0.0009473911869911702;-0.010815590197426133
0.014056810430869723;0.006230819192002622;0.0035346494885582194;-0.011352803460916478
0.021579981747611207;0.00279331604829954;0.007325079496693423;-0.006543449229938894
0.020991226079178617;0.001933410764998632;0.009560619892017026;0.00015886843121123235
0.012589119135544953;0.002758689466643612;0.009800902530483392;0.0036013271194388088
9.940350206227876e-05;0.002030138681275098;0.008243054970805515;0.0008266532136428056
-0.011074135552296263;-0.0026024827051861835;0.005767927536716859;-0.006440875711967713
-0.0162528608880565;-0.010069845532032586;0.0035306071222242284;-0.01303484211365306
-0.013505199976022795;-0.016772820322215203;0.0022993923342845353;-0.01451635771078078
-0.0044576464686954444;-0.019747907306963818;0.0021064227327799415;-0.01075248167698791
0.006482201082908132;-0.018707185672785974;0.002469712421522084;-0.005900785133253502
0.014228262172873823;-0.015296401553516548;0.0028870410457462557;-0.00507296156032318
0.015525138765460335;-0.011032763811843477;0.0031541201579590532;-0.010608047087793518
0.010566069707126122;-0.00624905849169542;0.0033564940900247865;-0.020681040948093227
0.00270401383324671;-0.0007262125113815248;0.0036830217490906006;-0.0307490131474073
-0.003652160350709177;0.005040886294410507;0.0042516763123679;-0.03626020219007321
-0.005575203830854162;0.009246681743831876;0.005009292948487535;-0.03457976882054578
-0.002927650160477539;0.009407673548287912;0.005665335261796687;-0.02534888446022636
0.0021460955149154347;0.003980742772781342;0.005692269835561734;-0.010164820680966679
0.006754481039151717;-0.005992085789756846;0.004568637401281096;0.0073641333924477125
0.008618154465038885;-0.016628148878128694;0.002304368679518911;0.021699605463828344
0.006708606609959132;-0.02312641356500007;-0.00017398972567994218;0.02709704833854466
0.0013790811653735745;-0.022784814531960733;-0.0013753985031644915;0.020948848662128157
-0.0057275651044587815;-0.016669168639893803;-0.0003090855273159955;0.006221232705253263
-0.012068625832895101;-0.008520827696225891;0.0026347885245544484;-0.009616718987102372
-0.0150341009017613;-0.0020258881159829446;0.005878782990339825;-0.01889423761465054
-0.013017388323999284;0.0012165655744139066;0.007759615645600294;-0.018216801303714496
-0.006212249151402542;0.001827304839221633;0.007491715981951098;-0.010016258924524473
0.003315064618916984;0.0014517005816006828;0.005287965881499953;-0.0003495639825979153
0.01237955234263182;0.0014566675664052843;0.0018988601918048212;0.00530162005516974
0.017951977363172094;0.002282540664856173;-0.0018254422559026617;0.005293042605126355
0.018394814125077368;0.003506957564781104;-0.005129737895269146;0.00207995057072471
0.014113900091759808;0.004259643944370812;-0.0074104204467176004;-0.00028152993676847636
0.007333341450693882;0.0036439568505111197;-0.008236667126589775;0.000764916783773122
0.0010672462705591428;0.0011190493684517125;-0.007430093157388742;0.004772966664660659
-0.002284285998061836;-0.0030622825277679057;-0.005307066175403938;0.009066346539305017
-0.0020438883076550176;-0.007527742734979752;-0.002904166155605405;0.010887781960951958
0.0005767606102303356;-0.010042907316977493;-0.0016457978878553186;0.009337949759923856
0.003424902871818185;-0.008592800885814324;-0.002284448772638886;0.005748408961791926
0.004853232531517826;-0.002785385791842938;-0.00403337980368103;0.002206698804801608
0.004595062690116478;0.0054460887464110016;-0.005126977927467384;-0.0004572878608238302
0.0034574140565135627;0.012544813837995116;-0.004606533679720856;-0.0031678353577369893
0.0022900605911884593;0.01517372903073195;-0.003436223859747332;-0.0069387432646919565
0.0012912595014593345;0.012068480275496294;-0.003477737780930608;-0.010908228826473562
0.0001879378449584251;0.004656050185060796;-0.005277232176179778;-0.012544079184865645
-0.001193081232898999;-0.00396297416983636;-0.007194687040880522;-0.010085752778892504
-0.0027465684850732208;-0.010835097673120528;-0.00704818561840141;-0.004583386693820017
-0.004374652232645121;-0.014409583678662458;-0.004554199949200808;0.0007711203511767414
-0.006088574003499803;-0.014556026698245817;-0.00177411281840743;0.0033203873668853382
-0.007549398190013232;-0.011851871097858879;-0.0009069704080570388;0.0028681201425836893
-0.007625410453013789;-0.007108702039920651;-0.0018035323741554415;0.0012151028401532044
-0.004889262853287556;-0.0014926714273526681;-0.0020471508247074713;0.00028231138526598826
0.0009728035471129877;0.0033169486924775064;0.0003499173928429588;0.0008631148860146341
0.008160933190398529;0.005662183780917465;0.00459197840187184;0.0027735602328826364
0.013475616797577515;0.005042512287243502;0.007759489536989322;0.005480956107737824
0.014449760884851096;0.0027628147689190987;0.007795802962345418;0.008200502325187431
0.011100405652438762;0.0010585658788391209;0.005568543192526886;0.009734559912286177
0.005786545055271428;0.0010899959785541868;0.0038914759534509897;0.009009163101651889
0.001400550814574334;0.0016493394094937578;0.004719356341414915;0.006249760321846701
-0.0005149707640300677;9.720113235658392e-05;0.007401127071088637;0.003405979841687837
-0.00033160934292628027;-0.005076362684790312;0.009413519484890389;0.002846223259925636
0.0005258721869689795;-0.012430058090598377;0.008495626950967568;0.005293609408539793
0.0008897916731402374;-0.018305373677879593;0.004205764032124447;0.009053989654952025
0.0005456771393045654;-0.019571391056557568;-0.002032978163310568;0.011360577886859778
-5.007521859126346e-05;-0.015988682718091646;-0.007931502292272312;0.010546573530713166
-0.0006062572393187472;-0.010168813069990847;-0.011464928420413006;0.007092816214244294
-0.001580552982264051;-0.005259217624696228;-0.01160868533837371;0.0028443059556057908
-0.003926353890569596;-0.002450947068004347;-0.008589529057089438;-0.000639432355899273
-0.00814499117922511;-0.0004542767702810387;-0.0036970559806772853;-0.003066453202093651
-0.0134519015604179;0.0027670180396737404;0.001280714487020985;-0.005013659008181655
-0.017815411572436185;0.007717203816895941;0.004834912674783491;-0.006770265674283765
-0.01890835154790872;0.012609805940416514;0.006406277635191973;-0.007696688648864909
-0.015340202384806332;0.014708983395768488;0.006568698363016254;-0.006789554481921193
-0.0074421379680143845;0.012506406843475062;0.006529131680737335;-0.003907141403410616
0.002727180148263538;0.006883805980311073;0.007173074049158086;-0.0003855776597415998
0.012015660059463529;0.0004216999866763639;0.008306649674816253;0.0017452206380388171
0.01710381733890459;-0.004419458417200189;0.008754122337113313;0.0014241796655864694
0.015459799954689107;-0.006724705655730226;0.007359112000066112;-0.0003950385351842705
0.0061976759025772305;-0.007135757447898803;0.004121273962272002;-0.001414984019562211
-0.009299061983178385;-0.006685127515233627;0.0004862158955395763;6.912447812540767e-05
-0.02725848637219899;-0.005634640545344939;-0.0015211475496343036;0.0036548499552849934
-0.042239553760486964;-0.0033724595723003364;-0.0006817163501239631;0.00707955740888431
-0.04880723167017033;0.0006194926872576116;0.0025833224632142954;0.007984772644019266
-0.04372424217312522;0.00574997855187189;0.006592880005211068;0.005740499238646848
-0.0276254046866401;0.010397245305718195;0.009686282911151296;0.0020529856891470877
-0.0051170065474133416;0.013228377917608202;0.011304572274768027;8.898611316325458e-05
0.01690362596037175;0.014543064210347883;0.01195123798220466;0.0026381037457732627
0.03183431575589309;0.016083605254106383;0.012194140742741742;0.010175161009373962
0.0356828969817346;0.01916445015977283;0.011843424570281983;0.019869661113918302
0.028398474957677864;0.022933750717889355;0.01023346525167908;0.026505883336449054
0.0139107208532731;0.024772533217242095;0.007224028383052736;0.025390317156611292
-0.0012802245714047087;0.022606310241660037;0.0035367732555386198;0.015706931556974613
-0.010694151184435398;0.016678663257780845;-0.0002833539571361527;0.0017823986804974506
-0.01065050242750422;0.009014046490400449;-0.005127486674107901;-0.009234885712115795
-0.0019114876690098609;0.001628326350430616;-0.012849235268877103;-0.012044258441148148
0.010688128495438069;-0.004267621332372741;-0.02386667524221378;-0.0067557948273313535
0.020558006581501538;-0.007733749312729311;-0.0352866825292956;0.0015462473728823374
0.02259771916744899;-0.007858674744589726;-0.042083503697254644;0.0068358576795502545
0.015768363436410256;-0.004607689624744766;-0.040739367491411965;0.006333016409338541
0.003555078241634277;0.0004771661402944627;-0.03197982737915232;0.0016404662700620347
-0.008005732087937546;0.00501428951534992;-0.020152534345987766;-0.0033803985935894915
-0.013570315496857237;0.007389521837133538;-0.010158294165548382;-0.00568325181087242
-0.01109936577871024;0.007625947718646832;-0.004729092555755908;-0.004739643307903852
-0.0025045984370464292;0.006836111705152863;-0.00377091990553501;-0.0021938685998664407
0.007717625910945492;0.0059961295354984045;-0.005408211526662886;-0.000247398648274454
0.014886758062465092;0.005176053915820348;-0.007435879324185153;-7.151809266397289e-05
0.016279756223308742;0.00374722796751273;-0.008287024105809828;-0.0013018583230500055
0.012034156123862234;0.0012186691903773401;-0.007355670307854222;-0.0028206281301637825
0.004550576134752943;-0.002125598092549183;-0.004872658778770992;-0.003973714285807401
-0.0030362547506128526;-0.005342202414800608;-0.0015612075649337003;-0.005017581975892656
-0.008296406533894627;-0.0074745550763562485;0.0017333161558765779;-0.006435901155130738
-0.010122067588527997;-0.008053716842565029;0.004319845370760697;-0.007997237754687109
-0.008551850151222284;-0.007107141528244781;0.005871811852076294;-0.008705210491734394
-0.0043593881877747424;-0.004932392464940633;0.006581763485311023;-0.007799116850675451
0.0011470589946833824;-0.0019992786061738877;0.00702165380366728;-0.005756316284640167
0.006198891821819852;0.0010413780701170336;0.007518990109094865;-0.0041140937304816605
0.00895234166889978;0.003473725244299487;0.007501324606265977;-0.004075779287054186
0.008351428023851134;0.004751321795860298;0.005677971771418307;-0.005204008950791471
0.0049581595178366505;0.0046116515183583775;0.0012490882893199454;-0.005624763468974569
0.0009058292975018975;0.0029855308508322884;-0.004854215815932784;-0.0037447552112726927
-0.0013637235294316594;-9.544725919201191e-05;-0.009990161056140848;0.0001635402043797705
-0.0008886057177514818;-0.004405603796193834;-0.011351581185021005;0.004217261284995912
0.0008750100002093044;-0.009348902052845401;-0.007923765204804131;0.006868957886811106
0.0009585347485166558;-0.013940143041462166;-0.00131893203394831;0.008420599628710083
-0.002756699609840894;-0.01700538282914871;0.0051217183308227675;0.01017960284848061
-0.009460013228724088;-0.017499040270493545;0.008177165776604904;0.011927269218099137
-0.01541856832470985;-0.014870988511820159;0.006237920376646749;0.01075311589706789
-0.016345544324324477;-0.00936043339578835;-0.00017642433364576074;0.0034158728915392777
-0.010450089504015023;-0.0018919570432221822;-0.008600959940253103;-0.009498177498254741
0.00014752891049080053;0.006562326491999237;-0.015248045652032794;-0.02205781152783693
0.01066174700959996;0.015592834747984364;-0.016361915044774238;-0.026509252976203247
0.016556578939881564;0.02509617313107867;-0.010355001857136621;-0.01915528533358621
0.016116204675211094;0.0341878799053487;0.0005151408845312552;-0.003316683265807419
0.011175419398295682;0.040498463446669186;0.0108193298375117;0.013106803060218431
0.005811083301380434;0.04100505599161549;0.015318519193740584;0.022965108731256314
0.003908333477283187;0.0340751752259264;0.012689531187029228;0.02359129773994674
0.006981654791273465;0.02105133527206352;0.006504883929734787;0.01680599045146843
0.013411298144709061;0.005934650038950308;0.002646638453663187;0.006543226953240052
0.019473411194710796;-0.006718471919111757;0.005339012901564386;-0.003385024200679473
0.021495436110322605;-0.0141744104915252;0.014680890659550434;-0.010266107564574694
0.01777991460749663;-0.01652078473394377;0.026883165474668246;-0.01272364324974908
0.00921691407693715;-0.0157217276115337;0.036553697803208114;-0.010903618200452344
-0.001461625542059163;-0.013662670400877978;0.03956964614064184;-0.006516555446221155
-0.011043920887456819;-0.01088645358089389;0.0350455642598333;-0.0022279007836143163
-0.017103631260621813;-0.007031099450079299;0.02542225884341466;-0.00030675724739176187
-0.018821242782655408;-0.0022992584041642756;0.014781017328857728;-0.0012458347074740903
-0.017143572867156266;0.0017776379123691116;0.0065475246715286685;-0.003453522764371446
-0.014132469794504847;0.003253495663180649;0.0019944050303912554;-0.004504225805410841
-0.011728511472868776;0.0014771606090507642;0.00025058641257527637;-0.003119913405663063
-0.0106303415827037;-0.0021841587275530697;-0.0005324766180118975;-0.00024771699198979764
-0.010039251427318362;-0.005383237796740612;-0.0018118454796471235;0.0017494159637532676
-0.008470647682211924;-0.006626998676627148;-0.00384848488672042;0.0011100484806916822
-0.00506881720944134;-0.006242064990419254;-0.005707502413705059;-0.00188432888934593
-0.00046798006443427085;-0.0056866100691600335;-0.005968774906515249;-0.005278772594551395
0.003456767652801083;-0.005930959788879023;-0.0038278584953756536;-0.007169814716069724
0.004805614289631968;-0.006413513830700057;5.0137894436348254e-05;-0.007122424180600776
0.002994700017111939;-0.005514051771612435;0.0036380879636947095;-0.0060682357383444515
-0.0006879139296424241;-0.0021060987689771465;0.004757126065372229;-0.005095960799646432
-0.003678136857964857;0.0032016813116087775;0.002609666510452019;-0.004554634082882933
-0.003574487506021514;0.008205550125495738;-0.0015579288856355563;-0.004206282751849644
0.00034816890443047896;0.010486174078523052;-0.005271912877184373;-0.0037855387084360435
0.006455686989240005;0.008941319078157874;-0.0065729499853371415;-0.0030686222707625413
0.011474526559436322;0.004429989928721348;-0.00534961398697269;-0.001603043150213841
0.01233947805759281;-0.0007776260115672049;-0.003237169964420589;0.001086611488216818
0.008041430782653992;-0.004339930553161026;-0.00224785941574272;0.004772867653483694
0.00025546867942098785;-0.005221089516500989;-0.00330901674262027;0.00825184488486638
-0.0076343666584754565;-0.004323405067650641;-0.005783728851682172;0.010130712170624008
-0.01241296199093973;-0.0039047136110511985;-0.008069934478834325;0.009938980476944583
-0.01262166403522672;-0.006013400189046828;-0.00859331046069637;0.008339517065200494
-0.009020843472418664;-0.010921628973229739;-0.006541922400812373;0.0062753335718096015
-0.0038886661753675705;-0.01668116449715559;-0.002135857490886367;0.004119271028595918
0.0002697064367721346;-0.020206176045166294;0.0035240433481787863;0.0017415637099387803
0.0018952692093247012;-0.019220895568615528;0.00892568567667985;-0.0008024692965201166
0.0009483682981648347;-0.013815971852913927;0.012715057112062304;-0.0028959407139814
-0.0012463074609729925;-0.006618863485552935;0.014088970459707716;-0.003622718766074836
-0.002698475476249645;-0.0014369813242497602;0.012917722729717593;-0.002226964530640323
-0.0016893593758634294;-0.001105199979037869;0.009720077352627907;0.001562823208026597
0.002316572691123161;-0.00573939773018484;0.005566386505745643;0.007216040703139208
0.008096553048084197;-0.012506503540266556;0.0017946536112169215;0.013167928202669243
0.012887751839834956;-0.017252463917960852;-0.0005230297007508649;0.017228065704762444
0.013657712567363596;-0.01704707019817445;-0.0010940796966051431;0.017740574504464594
0.008935854759388816;-0.011891751097743828;-0.0004816491015851138;0.014602135276945469
1.8818565590254344e-05;-0.0044875598345288535;0.00035315124952900304;0.009258792443265057
-0.009443510227592287;0.001494274808521173;0.0006930901374644152;0.0038958346638367993
-0.015389751827543069;0.0033537049728413143;0.0004374144823941687;0.0005856605787163924
-0.015647771013242426;0.0005774663521402081;2.4612693455934644e-05;0.0006428683801380268
-0.01116649103718868;-0.004958275461336664;6.0684540969494796e-05;0.004062029353008361
-0.0053850654977509755;-0.009782036049256976;0.0009202209680765387;0.009287246542142344
-0.0020590284685012687;-0.010419381231916564;0.002477006212647689;0.013783057913654901
-0.0028707970996616036;-0.005250007679093343;0.004015416784859988;0.015292027104844848
-0.006393604496596383;0.004208540164429411;0.004390083991598594;0.01295676582820366
-0.009121726675057411;0.013417708085830371;0.0025283715453356804;0.007556720655584854
-0.007843137230529162;0.016716261215231627;-0.0017898347928313016;0.0008786651128105504
-0.0017372070883467337;0.010476375372473541;-0.007356885809710078;-0.005139836508181686
0.007088317339247671;-0.004130044142414815;-0.01188141137090361;-0.008994917792486103
0.014780019126486379;-0.020909084662346273;-0.013339027554257619;-0.010016711629575875
0.017826674976159154;-0.03191525145199639;-0.011278916306970848;-0.008788034575470645
0.014893095255433772;-0.03237547197552725;-0.006857778867799796;-0.007165877150472312
0.007466015686109018;-0.02347623204997785;-0.0016987882759926152;-0.0071897162256790775
-0.0009698538382561644;-0.010744166464931254;0.003050477103894836;-0.009217079458671193
-0.006708671735462973;0.00021185709504866138;0.00655284797974175;-0.011131081847873923
-0.007583094359034121;0.00661957552338751;0.007692971621758723;-0.01010012466068408
-0.00388213152704428;0.008264042156139278;0.005306229129802848;-0.005669670545206414
0.001879962873702046;0.005844259897270879;-0.0007282401042629806;-0.0009060237701607809
0.006151567678648731;0.0005532278540779683;-0.008790741726649778;8.279586642174747e-05
0.0060389147484178176;-0.005092790642051189;-0.016214644565299977;-0.003978154843502034
0.0009371658139959524;-0.0071982135790458444;-0.020897049481694505;-0.010156363366073489
-0.006708241657680399;-0.0022993626614857352;-0.02240570833958858;-0.013803738323590626
-0.012361416793752836;0.010094603921629244;-0.021702813651958548;-0.012424641919035126
-0.0120332959626052;0.026263653622839923;-0.019975193357428273;-0.0072819978772040205
-0.004994845130664313;0.03954199794835438;-0.017821686462351723;-0.001577022849663962
0.005556025465897384;0.043764797780133556;-0.015423797777474681;0.0025829188693012473
0.014501103585524242;0.03703186680517535;-0.01304227035252856;0.0053451804280156365
0.01794385678952328;0.02312950632164643;-0.010858170555035646;0.0076071397544919175
0.015233808081374008;0.009170267790912127;-0.008327816762476277;0.00889419011708094
0.008792184821432297;0.0009626498332250427;-0.004241193140429246;0.007189510162362675
0.0023310454221806094;-0.000371204076877102;0.002071924244573037;0.0011243552683767109
-0.0011671636766877804;0.0019185232261925693;0.009551326388706026;-0.007716422887040693
-0.0006666016934098813;0.0035368834345779706;0.015612519523919052;-0.01502306939348355
0.00280288070115469;0.002508609703682802;0.01767015829913042;-0.01669255786438756
0.006894034330298176;-1.3111097516977274e-06;0.014693912840308333;-0.01184917509853991
0.00913990656761316;-0.001553648467601373;0.007791159689898665;-0.0033308362657503985
0.008086634768314751;-0.0009445946748516333;-0.00028656445761456864;0.004455140520629984
0.0038105650650023335;0.0008462291312006408;-0.006379367951588228;0.008303076873627215
-0.0024168696451724652;0.001805538426920609;-0.008422676142608394;0.007668888889908258
-0.008934954664757896;0.0008333156820781027;-0.006513294391016508;0.0042563172876558105
-0.014300966976640387;-0.0012734697569391819;-0.0028593736774529762;0.0004080752907730412
-0.01744170193671004;-0.00247914506712118;-0.0005231316006470597;-0.0024922062443220546
-0.0176821436477044;-0.0010656946466843903;-0.001625276441840392;-0.004587720921733907
-0.015013708746641334;0.003159105467034127;-0.0060450883456409;-0.006793896786616393
-0.010426781252528026;0.008706334831339355;-0.011395840730046063;-0.009366833124057082
-0.005731775864857394;0.01321024801603312;-0.01434446934472039;-0.011079428890468732
-0.002629112768599111;0.014665586621664884;-0.012601029242355292;-0.010005627935288076
-0.0016184800083512807;0.012488312049860777;-0.006493870349502941;-0.005492356549038597
-0.0017152120437253534;0.007863852280741063;0.0008962600442688064;0.0005970183760396207
-0.0013020266207618184;0.003132565969061028;0.005423305355222406;0.005001427344265672
0.0005992155845032101;0.0005177315544401426;0.004567445309956764;0.005813041104598457
0.003672462527838721;0.0009767823149756725;-0.0006904198642993269;0.004118732793290091
0.006625020183807205;0.0038636492187269526;-0.006354370452647664;0.0027316792090528045
0.00799998707452344;0.007470858632523442;-0.008085766834117826;0.0033288579808812137
0.006879029861440909;0.009954997683409565;-0.004076391428676575;0.004993367415811488
0.003301568358491524;0.010085678869044871;0.004059194518818713;0.005440118106302652
-0.001554857031628883;0.007586398801172332;0.0128393018545015;0.0032833953047349245
-0.005604252118942083;0.0031128525524445542;0.019348519395647776;-0.0009567996224491336
-0.0067323421881651715;-0.002076261170429714;0.022527556188903668;-0.005520917471539367
-0.0040686950138223345;-0.0067012920430490775;0.02269433887607568;-0.008488976615520087
0.0012112797786341042;-0.010009525790190535;0.020352797720277024;-0.008371063385661412
0.006329854996763525;-0.011847823091572217;0.01568729562379146;-0.004494214510740841
0.008502898992962471;-0.012199740618786559;0.00906976828065321;0.002431877809932922
0.00667785439943027;-0.010779370052066244;0.001720299135879668;0.010078091175574786
0.0022055122094515166;-0.007327772343579058;-0.004456374289378333;0.01536569267851521
-0.0020635137741248457;-0.0024343901957260307;-0.007908112309554984;0.016219588135315294
-0.0036499162246238174;0.002088161009914283;-0.008428003285860854;0.012871508406108663
-0.001985574782309541;0.003986482819097645;-0.007141155356786091;0.0075542731038873686
0.0013827005789939402;0.0020809747892992095;-0.005472299851547305;0.0028146734770051647
0.003923652796130037;-0.002735804814125139;-0.004083627057236727;-0.00011844561824560522
0.0037138345968353356;-0.007921804087160159;-0.0027619297329377376;-0.0016115572621018743
0.0005052635466220009;-0.010846484813734793;-0.001202163503304;-0.002567309418454897
-0.0041757496204843205;-0.010291156723354476;0.000284532267781132;-0.003281010958570801
-0.007742075635366965;-0.006856423214736374;0.000934775612726449;-0.0033976472366929766
-0.007687752939670039;-0.0022458644495436174;0.0003481653405920965;-0.002814790337298452
-0.002808635551178011;0.0017714533575567957;-0.0009954989281914025;-0.0022222649696340717
0.005885742852055328;0.003964750532037964;-0.002127923604674229;-0.002390843058131902
0.01508887589664028;0.0037511976851585895;-0.0024757238044258423;-0.0029273181287639725
0.02034208528213663;0.00125501693277137;-0.0022617084101578463;-0.0021318111907364756
0.018166675079266986;-0.0024612125503294686;-0.0020484000386141975;0.0013937805558097043
0.0081128321589758;-0.005381468678086685;-0.002113097614181481;0.006703002343786588
-0.006563332736759222;-0.005301186594148153;-0.0025117993699214814;0.010141235093099762
-0.020133711395677073;-0.0013112161176505083;-0.0036654890998823945;0.007445438707137323
-0.02695816204804109;0.004959006839286229;-0.006411073673981228;-0.0030624428046801904
-0.02410282295427897;0.009595729375888372;-0.011017374783298672;-0.01852555530371101
-0.012756028239973809;0.008640585074721532;-0.01614308713388046;-0.032342406517105286
0.0022609108221293165;0.0012242779905967964;-0.019161951647923014;-0.037458661206412815
0.014675206328867286;-0.00885249686262841;-0.017860322999513963;-0.030417949267919915
0.01956011516143516;-0.01509907857089069;-0.011906361180155055;-0.013838612286557828
0.015405836061767627;-0.01305602966730347;-0.002795690745543407;0.004353269321697415
0.004601071998169407;-0.003925678994464801;0.007261867695814281;0.01490016826464523
-0.0077133433487927;0.006315640602613306;0.016167052095871923;0.012438224624564792
-0.015819647544735384;0.011536833346776416;0.022009570033951983;-0.001123268866042088
-0.01578351167538673;0.009408656500228792;0.023119611610455306;-0.01749875098962423
-0.007159123011862189;0.0015371834074344355;0.018752160517240275;-0.026941986293529244
0.006649031334179652;-0.008946275327070154;0.010046905665404135;-0.02399363167082596
0.019644218949325137;-0.01903085777938402;0.0002325556456183747;-0.01032297153739279
0.025758918091280128;-0.025816713458589245;-0.006584970596289506;0.006863516334449779
0.02167956819684957;-0.02674998700968323;-0.007614210999783323;0.01946772746567235
0.008634789238475596;-0.021192689691854883;-0.0031309036369835007;0.023125565215175687
-0.008017691132018154;-0.011695862936324963;0.0036282836143553504;0.01897885571934762
-0.021442178299780273;-0.002979013017656468;0.008574657165862228;0.011846863440733648
-0.026698872954690357;0.000931597930329537;0.00936301214814651;0.006592158356356722
-0.02280672051086892;-0.0009260110790380304;0.006505693736779545;0.005356385995950089
-0.012544785128356719;-0.0062361780213933855;0.0023590754785772082;0.007097802859237576
-0.0005805288406999829;-0.011157711159818751;-0.0008661031083073582;0.00907639533941411
0.008795108762246219;-0.012655801967938798;-0.0023775877091704715;0.008971581056433878
0.013285206459800154;-0.009982416743518444;-0.0026374519772332868;0.006281129552093298
0.013055536055508068;-0.004651538409875838;-0.002346620188392813;0.0022937010931792135
0.010040512459231456;0.0007388778393411007;-0.0016812793792503047;-0.001039197323934172
0.006531606020529239;0.003941609099836638;-0.0004213388983276257;-0.0023149819775369843
0.0038603763936988908;0.004015436499051932;0.001316502575115579;-0.0012120031823088712
0.0019617609406838085;0.0015559763507373924;0.0026396929483404013;0.0016148289836757854
1.0888333365027062e-05;-0.0016897248190528003;0.002349310969452513;0.004827502011573453
-0.0024895251284568327;-0.0036171744292034583;-4.7461864411738286e-05;0.006761979058256461
-0.005132811165295971;-0.0027315311902019303;-0.003827826706687072;0.006117055808599249
-0.006987922253205515;0.0010570524594525896;-0.007657731408696939;0.002960674589328476
-0.007459283879790847;0.0062380323291904936;-0.010761400932232365;-0.0007236154034210128
-0.006724579428078363;0.01035864748042915;-0.013488690568771373;-0.0019016713405745074
-0.005315707745273612;0.011340106551621754;-0.016689600417027748;0.001329627374910338
-0.0033136652097117123;0.0087881265564454;-0.020435926582478108;0.007790513188396281
-0.00014253120622846534;0.004455489056311821;-0.02326721764121929;0.013362375484060676
0.0045321266004654855;0.0013702684096406636;-0.022781671085748675;0.01366564063930945
0.00956576470635151;0.0020325714347005303;-0.017286808367842858;0.007525385627763665
0.012305719798128412;0.006911461817446121;-0.007260887706233169;-0.0016150424889546065
0.010422641876505689;0.014350574976257718;0.0045471558896824455;-0.007888711083832977
0.00430004612838313;0.021800676826788764;0.014492692273504375;-0.00730094076432278
-0.002293546064308181;0.02716745119938595;0.019927996709031535;-0.0004899756128153069
-0.004331773678143186;0.029237245970689798;0.020428878803947493;0.008367886766379923
0.0008634702695140845;0.027396374430409848;0.01783891369403252;0.015119659152738043
0.011301614601361868;0.021608952349488397;0.015439449295809744;0.01818796340495827
0.021175755547556237;0.01292027842090296;0.016691553637620336;0.01827502385657054
0.02433816727909354;0.003613724578400946;0.02363717704172066;0.016466135044512425
0.018004971421234233;-0.0037665811899758404;0.035303660760091934;0.013096188712686285
0.004398731019075694;-0.007970910786011082;0.04733530953652178;0.008262576436278247
-0.010434713344907429;-0.009728531850981725;0.05390731573275631;0.0028924320357078454
-0.01979596152397603;-0.010857601910598579;0.051097424113426965;-0.0011469779409865358
-0.019767555718968384;-0.01261081159095249;0.039252890104278855;-0.0021780033324290213
-0.011142004979431424;-0.014667104330944628;0.02254488387814706;-3.56739062984833e-06
0.0011901524317925749;-0.015451607250696954;0.006237075988351559;0.0038486487895004196
0.011040012631419276;-0.013387178103919395;-0.006131935911509117;0.00710551018977047
0.014212316714124639;-0.00813414828752785;-0.013785758790722916;0.008104701599367978
0.010311255208579322;-0.0009928170812487814;-0.017762687553681617;0.006578122694539548
0.002198959086985097;0.005746765062426819;-0.019206239857120683;0.0035514736908631266
-0.006123609238396355;0.009989284413378473;-0.01837775075807109;0.0006356352585079803
-0.011627973524640596;0.010759867441152614;-0.015060683861605816;-0.0008509113933875964
-0.01324564900955885;0.008454706970341801;-0.009767977520195866;-0.0005178666164247869
-0.011652162303169662;0.0045255787619592576;-0.004366235375990147;0.0010285000710091696
-0.00840694988932836;0.000870606445669634;-0.0012009278905506288;0.0027090447570534957
-0.005017418999008393;-0.0009070598880898379;-0.001312389257935582;0.0036827545610130658
-0.0022775949120813345;-0.00021302910959166446;-0.003424204944422512;0.0037196893883629204
-9.129823128400031e-05;0.002185886002693229;-0.004853794137266235;0.003075594159345233
0.0021526415307217975;0.004515205229819928;-0.0037652377653118914;0.0021749097719347154
0.0048609372974655965;0.004998084442163198;-0.0008852901778946394;0.0014712155235602213
0.00766109994358145;0.0029380597739758437;0.0008733301561131743;0.001441022055506372
0.009451647896630234;-0.0008029644607937227;-0.0012156960489672981;0.002297938806644371
0.009128138207816447;-0.004214934916785144;-0.007040886277527863;0.0033358819704710787
0.006457103324816964;-0.0052207426142452645;-0.012825052848553032;0.002670352704362062
0.002374535536074014;-0.0029066958744020308;-0.01311579565565213;-0.0016469313098748772
-0.0015679215438722308;0.001769270222785752;-0.004604545120492472;-0.009485669381779608
-0.0041952171970734455;0.006393263208795397;0.01085449535324765;-0.017587348939536777
-0.005418502733057808;0.008619778090580663;0.026544355308806302;-0.02150947812509917
-0.0061614753633214905;0.007778305873920497;0.034739222051160604;-0.019493216293985538
-0.007500987343855841;0.005182774330850999;0.031488679525868986;-0.014465484476614044
-0.009591413464630678;0.0028200176188843723;0.018879167443507674;-0.011695449282561998
-0.011263341742499001;0.0016398512317212764;0.0033967300822872726;-0.014102291949857388
-0.010775661976818868;0.0010102925044388525;-0.007991292679936432;-0.019737515496975402
-0.007178349176618794;-0.00030946677805081957;-0.011212859017514171;-0.023694384340399836
-0.001118060116730661;-0.0027425651548034636;-0.006276659623502156;-0.02239267605254
0.00554888082173832;-0.005343197755066104;0.0035233902787460795;-0.01632513329713129
0.010856391030059377;-0.006540205639134509;0.013350803800417949;-0.009200955754280577
0.013591868399774202;-0.005487780855555964;0.018758666667078934;-0.0046960632303187045
0.013467827324711662;-0.0028886487564637937;0.017421824976825935;-0.0037983174411930407
0.01082848456213551;-0.0005814421506170102;0.010189005297059558;-0.004808211339891141
0.006316074392972122;-0.00013585644225986784;0.0008024672517123956;-0.005463017399619751
0.0007330719942419794;-0.0014912407745997379;-0.005963580358336292;-0.004864242180709246
-0.004890784511389465;-0.0027139691232949204;-0.006920541866893723;-0.0035990801325963243
-0.009205063878602466;-0.0012070152441196595;-0.002158938351316467;-0.002597979467849661
-0.010729442725304439;0.0043213969813861676;0.005354852636147931;-0.002272061293069819
-0.008500239087309937;0.012500428394126625;0.01174886550378989;-0.002530776065522826
-0.00287915137063961;0.01970491845636453;0.014073716584343123;-0.003091916673867763
0.004119769096201021;0.022144929756240897;0.010910264759475213;-0.00356222864327367
0.009430800353479308;0.018119231937111416;0.002226898716605007;-0.0035167903373476074
0.010306681856973988;0.00872122301696889;-0.010555010846210428;-0.0028639619322040188
0.0057650288721639254;-0.003258733515698334;-0.024338727102067862;-0.00208937978734966
-0.0027046923439313685;-0.014885487420734124;-0.03494408167098755;-0.0017944533175509021
-0.011634181035408676;-0.023802082851627507;-0.03896542476865687;-0.0018604791330136892
-0.017131165893863813;-0.02830430669220379;-0.03595658398832332;-0.00135289346473075
-0.016836729620710093;-0.027682706650128865;-0.029250936554986194;0.000440953618990235
-0.011311718345021623;-0.02278447395569186;-0.024349785128305382;0.0029751504142132078
-0.003912587045286506;-0.01576372899610199;-0.025458617666483104;0.004764345476843973
0.0011041321897354195;-0.008761955389713975;-0.0323812019548926;0.004783027892036371
0.0012933215871905167;-0.0027924002983843585;-0.04023239874111188;0.0032867668518038223
-0.002285077373690452;0.001980438716972407;-0.04258647920699543;0.0011867113953809884
-0.005795794499260889;0.005137902988515622;-0.03591355262304147;-0.001001846795384225
-0.005441174158836615;0.005694661686636346;-0.02197341817008707;-0.0032170752685354753
-0.0002771864540179094;0.003154292477718212;-0.006481125933176572;-0.0050333847161558995
0.007121254211702633;-0.0012408437229495396;0.004662463736270573;-0.005360172094206741
0.012528076118100646;-0.0046698721562928045;0.008634211687734525;-0.0033308284648974366
0.01291207507179453;-0.004599782619994289;0.0064090864326252816;0.0006145605443073819
0.008247566493924496;-0.0009122672930720752;0.0011867831224096845;0.004815049935096567
0.0012931558443765793;0.003647291945758297;-0.0037558204909868592;0.007629339136548086
-0.004259713338206378;0.005313087140936024;-0.006397787818578085;0.00852122691563196
-0.0059847557111687;0.0020605795822469;-0.0062891084991407;0.008017667205584781
-0.0039288282831686575;-0.004890618329593625;-0.004287033219724707;0.006903733906268746
-0.0001933360973289456;-0.011930835544304966;-0.001988253118554476;0.005625090524267541
0.0026796388382536117;-0.01548154383719956;-0.0008848277933554553;0.004255841106988175
0.0033053332674339683;-0.014131397043699697;-0.0014684645568055477;0.0026660152431760118
0.0019346458011440001;-0.009099089600286254;-0.0028478999516337988;0.0006049708068286623
-0.0003183854573350927;-0.003018223564355942;-0.00331258151940758;-0.0021169262630565365
-0.002609058601947304;0.001838942428949194;-0.0015917277525868648;-0.005191260462107684
-0.004806306436430247;0.004655892511414893;0.002070813178672052;-0.007486939814886392
-0.006989047546930793;0.005965102068316182;0.005858983570561346;-0.0074247567953318085
-0.008661176891400894;0.006719258592629163;0.007474732127857656;-0.004079927893440101
-0.00859071850705387;0.0073821866479351845;0.005687143651171809;0.0017911202227427426
-0.005612479753554726;0.007693976555531983;0.0012622816010662778;0.007815876487626655
0.00013431763249349986;0.007140543893082798;-0.0034533769912581027;0.011424237712582134
0.006581322660388088;0.005595588734627394;-0.006038544677476383;0.011674417087585537
0.010491048442021738;0.0035592605368161513;-0.005450187935824198;0.009898417585144181
0.009355133244871553;0.0018646823798585518;-0.0023748135869227894;0.008329332566065134
0.003149258410145343;0.0011424056942281326;0.0015431178883903917;0.007771110168688115
-0.0054282275809323256;0.0013853979606181866;0.004749962296386736;0.006692639390630688
-0.012509867770439392;0.0018554012060433684;0.006394266740135219;0.0030277127807260807
-0.015299950803662626;0.00149910647248806;0.006461034732896012;-0.0029683574455439798
-0.013455479185324675;-0.00022479828643930347;0.005654344111958368;-0.008002204016209644
-0.00883099546512187;-0.0026822331053843775;0.005027980148875612;-0.0083463447774879
-0.003987193947703292;-0.004250068584713095;0.005329919472115502;-0.003345594723135205
-0.0005633872704231957;-0.0034074139972668786;0.006412202242187167;0.003684663148395255
0.0014476709913919348;5.5144407557710907e-05;0.007251237337475002;0.008051445410124263
0.00316723860722469;0.004680202961850789;0.006658806440375474;0.007302678585791139
0.005590792602988162;0.008166512874624741;0.004134576972585577;0.00273585279803374
0.008673818677082445;0.00881134543163622;0.00026554855363133793;-0.002122442461245518
0.011401872852428361;0.006565485694341632;-0.003495438285781625;-0.004351192215500454
0.01262367092769197;0.0029646080005740266;-0.0055368174986601;-0.003352807155799357
0.011879891635415552;1.4372579084082346e-05;-0.004986755845490824;-0.0004749750846302979
0.009648247923733463;-0.001112067923546118;-0.002249904027746109;0.0025129499990132415
0.006982948041014755;-0.0006048731128763422;0.0013443718747537846;0.004539745777483508
0.004901965023423553;0.0004821055214830216;0.004567337109174154;0.005331285684520627
0.003896927886373049;0.0011679697496843797;0.007003605331980518;0.005011570870168916
0.0037761443030977703;0.0011186946781100231;0.008786240432738847;0.0038941260393711556
0.0038728610244417156;0.0005729478655936255;0.00985222396854873;0.0025291077518774566
0.0034920275278629413;-7.609422316859498e-05;0.009726184814180937;0.0016391097380307296
0.002341551005293548;-0.0006075633435595794;0.008070593777282004;0.0017699495959597586
0.0006887672703842224;-0.0010193910211841039;0.005266537170629754;0.0028876358082991988
-0.0008370122787604308;-0.0013653682225485855;0.0023078878242663798;0.004262961341619041
-0.0016288101806141702;-0.0015545668648825203;0.00011926684380083001;0.0047748796313684784
-0.0014129441226302258;-0.001273326691594924;-0.0010187812062539088;0.0035126310422465418
-0.00034478079891039583;-0.00012183506269630293;-0.0014592439511643901;0.0004271649686285819
0.0010829976512169185;0.0020645810507125516;-0.0016926570076582945;-0.003268447920252927
0.002228371599680282;0.0048885575411390875;-0.0018236372885817099;-0.0052595888843954336
0.002526286781301672;0.007326834693189257;-0.0014333460433944374;-0.0030385290667679526
0.0017187428400913332;0.008120488522329848;6.20501555290381e-05;0.00461491204078778
7.564942891008648e-06;0.006518492344267479;0.0028088110435305932;0.016289208871627894
-0.0020027557369746954;0.002905429015893418;0.006148040572204922;0.02778607044325664
-0.003618436113993051;-0.0012423080917703844;0.008850912745361877;0.03381865032338426
-0.0044391448450028384;-0.004180157814705374;0.00984181646306896;0.030955344180499157
-0.004497847302243471;-0.004941655834450877;0.008833337347603578;0.01993392939301751
-0.004049496362931753;-0.0038494784433066812;0.006396925516506534;0.005569236548117123
-0.003247406837722948;-0.002211527970614878;0.0035759536981286484;-0.005876947242316292
-0.0020420172063743713;-0.0015281551630348714;0.0014732493162070198;-0.010194566742949548
-0.0003855215752893102;-0.002690986739388457;0.0009639958933919269;-0.007381628835718356
0.001497822940362144;-0.005451558801413059;0.002391521050098458;-0.0012025021112532924
0.0030974187846914743;-0.008325767770553074;0.005331492153501509;0.003377661304248765
0.0039377477140436655;-0.009119888128574678;0.008778005145988383;0.0030680564519516788
0.003966089396520218;-0.006070865297202082;0.011754608264160558;-0.0023293946862200953
0.0036249177263069634;0.0008775806081676098;0.013795969491696968;-0.010391509665161862
0.0034858477777439394;0.009501667494178887;0.014859987994659426;-0.017582185726765173
0.0037106496222269656;0.01611207308210883;0.014916164716481784;-0.020837492335673256
0.003757149977289206;0.017643795729396953;0.013786777958993343;-0.018885823069086198
0.002573357155182499;0.01378466487894463;0.011403195730285339;-0.01303729262250727
-0.0007656978260253875;0.007427534825757984;0.008088834147514117;-0.0067232328241550775
-0.0062695613994716085;0.002795320299786942;0.004497396913305389;-0.003461507007879586
-0.012568284894080503;0.0025554210252074147;0.0013014251146346552;-0.004450775542125092
-0.017212119097419046;0.0061557285842835435;-0.0010483430694719592;-0.007831177352548405
-0.017736223790674837;0.010500401189071177;-0.0024145517448754834;-0.010335307567839016
-0.012935282889969946;0.01216581652936817;-0.003027169507871263;-0.009827043011149911
-0.0036642688839538906;0.009470043466517697;-0.0034078574334007925;-0.006548514777615954
0.00717928065435994;0.00323446911688854;-0.003942476752833912;-0.002315796549405567
0.01548724109986755;-0.003908980465214302;-0.004302151804520423;0.0012927107413511036
0.01742237701936567;-0.009045844466652526;-0.0034196657404640613;0.004117833516978556
0.011186821588175508;-0.010380062790899487;-0.0004200585106370592;0.0070705205274692266
-0.001620611819164687;-0.007795136787256018;0.004171599125944892;0.010695640875423072
-0.01594333840933609;-0.002639461643578246;0.008241411630599814;0.014076803505989072
-0.02503535892871451;0.0026901689073005916;0.009404520268570707;0.015258555238706598
-0.023626509080431162;0.005226102528314053;0.006749710990085284;0.012947949953791171
-0.010964968906523636;0.002520476485375129;0.0013669350624310418;0.007954028073216664
0.008139233406436916;-0.005546776662428717;-0.0047597766891011;0.0028796869907474817
0.025270964384261484;-0.01565000967392927;-0.010208631040418284;2.279701438923298e-05
0.032617220826562376;-0.022442714715828344;-0.01443612371558752;-0.0008282044312531606
0.027093820333484935;-0.02225163322263038;-0.016967807662780145;-0.0024615828255816173
0.0118518668474957;-0.015969503100622343;-0.016850014208517946;-0.00746433957099374
-0.005743967397340431;-0.008236144694904935;-0.013368068327702168;-0.014765110187751411
-0.018201844700021456;-0.0035792732590931913;-0.007381633320601967;-0.019170425270819483
-0.02141651182439958;-0.0032197859457226154;-0.0016059569649899377;-0.0153452406200334
-0.015809197880749023;-0.005194971380358521;0.0009875577689493996;-0.0031066391530681155
-0.0051509213443713;-0.006819053106251199;-0.0005019595697235716;0.01120305388803517
0.00559064159708199;-0.006695115722721382;-0.004049399345621898;0.019122203189387118
0.012140408970050615;-0.0049616599881151646;-0.006300492573464792;0.016453667950745748
0.012211104251809494;-0.0025023786092609524;-0.005201484890870537;0.006004149401099005
0.006301523331496054;-0.00016009434170928565;-0.0012669362238688904;-0.0052538090058076425
-0.002329987568888083;0.0016953820184970826;0.003345954960433895;-0.0115992312043334
-0.009037395169756874;0.003186810953051932;0.006586645481106021;-0.012010223312576994
-0.010159961274952833;0.00452811601144681;0.007420484798440644;-0.009495178600492458
-0.004991032125966353;0.0055795339411506845;0.00575359372356206;-0.007774816634907487
0.0039493540985589435;0.005932379906896583;0.0022420087925165595;-0.008467980181203807
0.012395449955698289;0.0054721795897356715;-0.0017407777761881211;-0.010677471128544872
0.016550425697211952;0.004659751389471765;-0.004501017986571987;-0.012423873776825705
0.014862668760540945;0.004074092704572609;-0.004924874545441896;-0.012189576340463039
0.008624585152089786;0.003719155291672812;-0.0031561961426279494;-0.009520701230362538
0.0011837115015342137;0.002899886372569707;-0.0003884685918279641;-0.004854850314490099
-0.003859922226974831;0.0007920895157961939;0.0019923509476423235;0.0008347658196492162
-0.0045263628864964465;-0.0028732156442454362;0.003167807047788826;0.006318450062204562
-0.0013268559992045362;-0.0075603913543416945;0.00314703140641731;0.010341660749816099
0.0033150017082567962;-0.012185035860564637;0.0026081509007793283;0.011850297346002979
0.006546050571708559;-0.015602174954975108;0.0024849216533897127;0.010277910244030372
0.006421169746586272;-0.017008483858276306;0.003428828699756313;0.005966182133708091
0.002464193360241695;-0.016087205275167445;0.005396065602201494;0.0004782750324546078
-0.004395801152488755;-0.01294214205249048;0.0076288435296813055;-0.003787996809257124
-0.012089845254693136;-0.008001323084238059;0.009063320286996072;-0.004936072410209853
-0.017829998885778197;-0.0020005071882350876;0.008951156291634139;-0.00305385671538665
-0.0189862451564068;0.004036569137672162;0.007364728911498051;-0.00042740734975461783
-0.014430055339282873;0.008975536138635894;0.005202944793165458;0.00012795499276038947
-0.005612399790868491;0.011913052433381697;0.003541129153439728;-0.002292318129950882
0.003689149727914646;0.012515451003061574;0.002800867677910996;-0.005625658570844385
0.009266495682733647;0.011165956154550412;0.002545052066205289;-0.006466005975550462
0.008925393222767553;0.008799293036221316;0.002046349066753269;-0.0032751385406503105
0.003687856565201147;0.006397432999767387;0.0008780114141628228;0.0017773281404864353
-0.003151174376459963;0.004363379312111251;-0.001075948827993792;0.004473437829853397
-0.008283858994150706;0.0022999174085659617;-0.003845659073251337;0.002489094676814108
-0.010207442370085865;-0.0004091759018207748;-0.007227585715678824;-0.0022242975583898956
-0.009472721389318373;-0.0035913592117254997;-0.010447815707989047;-0.005190145948903922
-0.0076011079368374914;-0.005877861148106124;-0.012361243832880946;-0.0036361191568827327
-0.00575455735673659;-0.005528238991207694;-0.012313500327347581;0.0010375251727460753
-0.004122956545976052;-0.0019199784655071002;-0.010868949930453304;0.00483942861799224
-0.0022557727520114757;0.0036232730927129187;-0.009577722464194074;0.0049347732903532665
0.00018186101445099144;0.008497600246930519;-0.009833056577572885;0.0018707027467519026
0.0029681491601881633;0.010525044531508633;-0.011705875746281385;-0.001396350451048453
0.005504740559962696;0.009357393399259117;-0.013735962783153824;-0.002214365369154505
0.007304759845422199;0.006513468299695305;-0.013976650667185113;-0.0001455580324731828
0.008286438547272125;0.004132820091829057;-0.0115440185544704;0.0030996485209881784
0.0086861913523805;0.003505553819933726;-0.007344203412250273;0.005028717366023305
0.008770107463550326;0.004444249083830997;-0.003293946747955475;0.0038114905389930384
0.008601066522984424;0.005744576827004286;-0.0007787549936676333;-0.0008082144548405208
0.008000166567565647;0.006172780207546612;0.00018497842659656512;-0.00723084787907612
0.0067188670068855615;0.005255804359197937;0.00042500055264902445;-0.01253094586632778
0.004726289847107385;0.003512820665785526;0.0004781596443926499;-0.013951946045069523
0.002389326786715684;0.0021240257571078437;6.96714780534843e-05;-0.010759224761687735
0.000325900428500688;0.0021853413919766507;-0.0013750646365823193;-0.00504271116826174
-0.001013405496413828;0.003884126439967585;-0.003829691097388217;-0.0004920349472921766
-0.001649803938251382;0.006179010532858911;-0.00631826510131226;0.00016997102880497088
-0.001930189155254738;0.007413841867634792;-0.007465405471526052;-0.002885785924392757
-0.0020605734058673714;0.006520489154409651;-0.006411460013900917;-0.006840441742379674
-0.0018228820759521246;0.0037836167270706945;-0.0032452242579914694;-0.008393205605264365
-0.0008145014292115639;0.0004800549852240799;0.0012819707392592915;-0.0061083830968299896
0.0009935228266935332;-0.0021905464481951032;0.006206980744149513;-0.0011944755327319614
0.0029412329320242674;-0.003856146618252528;0.010480041095395638;0.0037018272117691296
0.003974412119234233;-0.0048500479202361465;0.012975149029204389;0.006523701954628173
0.003356488934087739;-0.005539460373877936;0.01280426950159857;0.006933201345073093
0.0012214087029454228;-0.00582915860980139;0.009834305568722009;0.00580139942769714
-0.00146982113485182;-0.005297807790777439;0.004946014924520512;0.003931222172081602
-0.00351260540259964;-0.0038259392957300064;-0.00017284606584597447;0.0014909434882714422
-0.004132605332641813;-0.002094969224486357;-0.003590568427412717;-0.0013441231233944056
-0.003302406025996516;-0.0013536910019848207;-0.003952562126905549;-0.0034584005525507455
-0.001573902701035652;-0.002435334415350484;-0.001382896960063866;-0.002819435950570039
0.00037234122921634853;-0.004739981410125862;0.002144936660215506;0.00225256590684175
0.002145985132359934;-0.006136746686309416;0.0036882797618056026;0.011452053003526036
0.003792911649549787;-0.004207169927891418;0.0012948010732554095;0.021786123267592123
0.005573871835993419;0.001770163628287578;-0.0043689287407457115;0.028637929121979704
0.007496581711410292;0.009540579023379084;-0.01019602226063756;0.02834648643808022
0.008973876775568558;0.014652000055856264;-0.012583007248033178;0.02071162692104509
0.008996739074285588;0.01327326649286713;-0.009541851530999094;0.009346978827920606
0.006796323389294743;0.005181948574968197;-0.0015204125511198948;-0.000675865461319878
0.0024864480706114894;-0.0055651552767343165;0.009073556748261859;-0.00596208608996665
-0.0028209137108540544;-0.013133485305590574;0.018819204825336836;-0.006131006658079355
-0.007488129795109083;-0.013758182656950177;0.02438163056435734;-0.002810293669365196
-0.01007629677897835;-0.007965366003108208;0.023904926141407403;0.002042057839988186
-0.009903160098062825;0.0002758766750876089;0.018199735798275933;0.006860302015877731
-0.0071998846003358;0.006386002841374657;0.010550417681099131;0.010278206452132968
-0.002931159751910125;0.007797405506011365;0.0047391966404070635;0.01103308844140689
0.0015171601242278299;0.004939848950514101;0.002602132073657123;0.008441915333592835
0.004746574469661519;0.0004987152506894758;0.0031325904671193087;0.00299508953174659
0.005943333943867511;-0.0023182972713695613;0.003876858356046348;-0.003629313710592625
0.005461522849927085;-0.0015651560058230253;0.0033077669944643804;-0.009310340879071328
0.004792795122630603;0.0023804442405682066;0.0020394735123171383;-0.012428395180255509
0.005539211674624676;0.006910849265124744;0.0019076631347268924;-0.012261671105381367
0.007880498816602612;0.008454006901387302;0.0038890743723704983;-0.008775604567143859
0.00973706824163169;0.004400211182790906;0.00677111031408794;-0.0024837654317866114
0.007590929143137868;-0.0053008624729556355;0.007718083922907414;0.005220179362601273
-0.0012013990241754595;-0.017832349876067285;0.004258870740562304;0.011815827387956092
-0.015980372808074763;-0.028717920371501136;-0.003832301053490873;0.014307024236644627
-0.032009149142735914;-0.03387005874254229;-0.014048429635924155;0.010709231179751795
-0.04231838694528432;-0.0314327577707074;-0.022275126440160976;0.001380846685886177
-0.04147790698031292;-0.022565885848833126;-0.02481442852075017;-0.010732532021915394
-0.029043632935184027;-0.010688497336947003;-0.020250149260218526;-0.021056057019360152
-0.010221992725067046;0.0006559998349987622;-0.010233799585812048;-0.025089495330024088
0.006952300025668296;0.010006439507200246;0.001259626359805621;-0.020397068689257062
0.016090117079544636;0.018298012307811792;0.009912670910766492;-0.008286789762286258
0.015607367135878058;0.02665293586459145;0.013241624377413386;0.005994018445025276
0.008774397002125279;0.03374009304314916;0.0116983852381651;0.015625066975893616
0.0011503573143786061;0.03583564212652666;0.00804756453224541;0.016399365042348114
-0.0025567212415086404;0.03011701079639425;0.005466632928560532;0.009685362006007206
-0.00036012700715261017;0.017940228514852018;0.0055802432807379775;0.0012667740459286767
0.006829136275944472;0.004480470352471579;0.00759820004263034;-0.003341274469418572
0.015993012924463937;-0.0050731580137063;0.009019179766488998;-0.00298058146231083
0.023068671499427738;-0.009005081332128836;0.007418562029159357;-0.000807633648974356
0.024230247266759607;-0.009165368689616604;0.002160564790918995;-0.0007776645150739242
0.017468879959193707;-0.008324341837712197;-0.005100384412604497;-0.004337720183079818
0.003945007712941149;-0.007816266876840238;-0.011455198138807765;-0.009894777414239912
-0.011900431565222207;-0.007375511819584171;-0.014540387623800206;-0.014500755220058887
-0.024006836509884073;-0.006479271414009297;-0.013800897695144209;-0.015757329582952263
-0.027419768658445857;-0.005383592824773631;-0.010427812066715378;-0.012839414117275296
-0.020552876300466177;-0.004933619749339764;-0.006276647377114819;-0.006713487970315349
-0.005842658846446766;-0.005652811922661945;-0.002776470405392628;0.0002706951611572767
0.01129298382521216;-0.00714913077149571;-0.0006022608959607847;0.005476074592248688
0.02458802152965838;-0.008347310882735657;-1.1289402191653906e-06;0.007379102514722767
0.02938108036210769;-0.00822924118565263;-0.0010377113399021684;0.006280314481087765
0.024493449187683685;-0.006403639338745376;-0.0033328152473516433;0.0037163975828863514
0.012604280815638372;-0.0031210782143687153;-0.005754717923635833;0.0011742751566988536
-0.001206784714129516;0.0010752038857625823;-0.0068315619399436185;-0.0006928583623072225
-0.011944465735123578;0.005603581449439935;-0.005802111044280837;-0.0018848351085986835
-0.016732437706419967;0.009813722700155557;-0.0031978127626292934;-0.0025404071329538443
-0.015419341384169326;0.012901925274863913;-0.00018228050900921113;-0.00281124753322149
-0.009915586256712336;0.014062021279403897;0.0026139800870598707;-0.0030229213204375858
-0.003065860292527539;0.012862132552189957;0.005342070315768431;-0.003556162842875536
0.0023729673191650816;0.009576998242697725;0.008025863436147524;-0.004362350060126024
0.004565777356630517;0.005210328808138359;0.009750021103966172;-0.004690139607712194
0.0032252704467542206;0.001118180918042659;0.009059138266495138;-0.003525966982243785
-0.0002562053432776353;-0.0016241586307943728;0.00523026750962684;-0.0005149026474938061
-0.0034816749891027725;-0.002745786302775569;-0.0008294330601593731;0.003445779048545908
-0.004387386614090993;-0.002800706856026878;-0.006860283109871743;0.006578436804440802
-0.002510667614828852;-0.002632264448964442;-0.010470564467105392;0.007432806945737687
0.0007042357553291668;-0.0027131367218271958;-0.010409615914177722;0.006035059941633671
0.002903746646429229;-0.002906011203659964;-0.00706353442864244;0.0039286705890462514
0.002501335526271486;-0.0027739119909451562;-0.0020001883105211526;0.002823960340930654
-0.00019974507793464705;-0.002090483093459049;0.002894811371582569;0.0029085680907788938
-0.00329639582883356;-0.0011294226239018336;0.00606569278810446;0.0025509746185207356
-0.0047230815690678385;-0.0005496443171011798;0.006631665915900022;1.4398479967736217e-05
-0.003684664019583806;-0.0009376862732522118;0.004670686041615042;-0.0043888518193339505
-0.0010558952884536512;-0.0022905139100578846;0.0013468499797573304;-0.008065028235510578
0.00137306898724708;-0.003870757260863143;-0.0015472683383879673;-0.008313430085314915
0.0021209449246900984;-0.004663985454875021;-0.0026453467325012257;-0.004801412049460986
0.0008913494683524436;-0.004125874689655798;-0.0018943027812625653;7.41748568301183e-05
-0.0013313077198672891;-0.0025819537398983775;-0.00043982637328760795;0.0031234825088988557
-0.0029104978074589905;-0.0009497343464592941;0.0004224687800225564;0.0026725333638375104
-0.002507944766882725;-6.958190837366415e-05;0.0002600536719812725;-0.0005958778136440185
0.00017034750245397342;-0.00020903916672010867;-0.0003915739841603061;-0.004498112756937109
0.004222816200788636;-0.0010462854950596767;-0.000760970148678558;-0.006882916915889599
0.008050432578794548;-0.0020029033835746216;-0.0005948404306726706;-0.006757572025983497
0.01019764451666498;-0.0026026920883800916;-0.00026845093534815325;-0.004543928596951405
0.01004800516827119;-0.00265238758368183;-0.00031055242966271835;-0.0015882925062770184
0.008001818822387824;-0.0022465936886654245;-0.0008948135686147961;0.0006689111510339242
0.005108062975969082;-0.0016826024225284663;-0.0017293854989632025;0.00142147827370138
0.0024523312087091514;-0.0013291426273870474;-0.002334996398042789;0.0008017795709274557
0.00068611803349194;-0.0014520907469108275;-0.002418697062930472;-0.0003345124018509021
-9.189937598869758e-05;-0.0020297481496511977;-0.002078426978119547;-0.000990244810927848
-0.0001462176404084857;-0.002651306395420482;-0.0017487951475654503;-0.0006636419105388033
0.00019326943400587403;-0.002610888071824477;-0.0019425206079447363;0.00028170778566502367
0.0007350230979575118;-0.0012441700952199992;-0.002913653014586921;0.0007221649647640113
0.0014412413163798134;0.0015885606034484957;-0.004399798634030385;-0.000624916171770069
0.002296492792152825;0.005131733444823873;-0.005602245313251593;-0.004311583033863993
0.0031617756722548125;0.007808934514269335;-0.005504622526488634;-0.00940331904806852
0.0037432185226404686;0.007934383629187134;-0.0034763856055437807;-0.013366314255404573
0.003701483867520387;0.004846027616440765;0.00012597679976700276;-0.01291782505683958
0.0028001194328849117;-0.0002447594892071605;0.003824421506512547;-0.005657714994519448
0.0009838452582818392;-0.004495893608722685;0.005689426278594921;0.008268138646098615
-0.001582689825304171;-0.004947540691308156;0.004595561975306206;0.02543774314938385
-0.004424356139101147;-0.0004692845790146785;0.0011986572625936637;0.040016004504980954
-0.006703696988653161;0.007191910703653274;-0.002262478471717362;0.04621616805267261
-0.007457212400119297;0.014079575271593682;-0.003377319555574821;0.04142602555182905
-0.006158261375013374;0.01613263667027591;-0.001175085421321494;0.028026791680723844
-0.0032454749643658805;0.011585843900780149;0.0032436561053104922;0.012046056818404592
-0.00015107285516389787;0.002286780159714484;0.007371176280243398;-0.0008262202963341057
0.00133468490544179;-0.0070449187104018795;0.008667968992863538;-0.008559258150838219
7.460865201555143e-05;-0.011495824843732936;0.005895364741060212;-0.012579991019180028
-0.0036503455496014695;-0.009011615427407473;-0.00011682366561306467;-0.014832407742941608
-0.008173858220713991;-0.0016707748679837475;-0.0066583294533004754;-0.015477694617016053
-0.011247881029748514;0.005798841650453539;-0.010446097798690287;-0.013339597158677012
-0.011011490556609792;0.009153279792517425;-0.009578622819449269;-0.008053199015811448
-0.006606668509823309;0.007190893893422701;-0.004947286433903715;-0.0014403225225733934
0.0015225535183905983;0.00213409345416161;9.552006897308868e-05;0.003229198965628404
0.01143254993470525;-0.002211285647847297;0.0019128073449072365;0.003448041330508571
0.01977006160938684;-0.0031911123857292036;-0.0008314762230315171;-0.000635947988137581
0.022612341722102667;-0.0010801865661409162;-0.006164754039681735;-0.006167031743979599
0.017134790066691684;0.0013101142431636897;-0.01018450897662251;-0.00947735657022618
0.0034346956839586616;0.0008509423805100255;-0.009698738446766983;-0.008529379385373424
-0.014612307404258753;-0.0036081581522441506;-0.004126210015650353;-0.004139532654738068
-0.030359745432253137;-0.010663238208878687;0.004493872354492627;0.000779987236602289
-0.03723421469752555;-0.017761822880902674;0.012990881933415433;0.003333379674284845
-0.032121162540324794;-0.02301971260699522;0.018787986255967636;0.002696596157268425
-0.0172733824354653;-0.02561652329793852;0.020798920829006372;0.000766583888034809
0.000607374828447388;-0.024724777420581257;0.0192525299637475;0.0008084620574855705
0.013712078735384022;-0.018878318635998145;0.014999030314178036;0.004779235009143637
0.017006967267339843;-0.0073184806007839;0.00907176022444052;0.011250360979644172
0.010549010244441768;0.00782137875054509;0.0027449182630670432;0.015930808120340274
-0.0009124597272287264;0.02142206758763342;-0.0024136053667013243;0.014948693004458962
-0.01068414784169682;0.028435642400018425;-0.005062507742180342;0.008359894275786123
-0.013620110580852128;0.027433843465372396;-0.004971305733766255;0.0005368683073180239
-0.008483066841842331;0.02111720748906851;-0.00334742495394842;-0.003317016422850738
0.001889288107571858;0.013522735129190295;-0.0020153255701563185;-0.0014760021345895653
0.012405661161775525;0.00703290223714116;-0.0020063804804291837;0.0031475886469507683
0.018368955984115944;0.001820911194127561;-0.0028086696056102783;0.005828387304765466
0.017594284993942184;-0.0027488800485518192;-0.002958760594686381;0.003916745844637854
0.011125500630864251;-0.006910989546511975;-0.0014543398875118399;-0.0015908935318965567
0.0024223036181191065;-0.010449336090180946;0.0012059772898659043;-0.007490152624989638
-0.004444259582269305;-0.013090931420572173;0.00324068269896801;-0.010972867013799414
-0.0066393247489364435;-0.014536094797478217;0.002979570381359234;-0.011289482191547455
-0.003599295321661023;-0.014297674396562581;0.00035113547194770436;-0.00965943012408058
0.002995787453141338;-0.011953934276750126;-0.0028626101371512394;-0.00792783991362392
0.010031796417378088;-0.007811946813014826;-0.004344077021745849;-0.007090898948636837
0.014247298456248546;-0.0032205646931109046;-0.0029933525676223787;-0.006748773679244196
0.013733813915238815;8.68855883558388e-05;0.000419860243408949;-0.005844690997160355
0.009028831163776254;0.0012068939827766685;0.0040525906363605676;-0.003953856035772786
0.0029636443820487686;0.0006629982838550778;0.006217264552433361;-0.0017928987922985896
-0.000913563706555356;-0.0002537207055771489;0.00602883495364535;-0.00039607491950243237
-0.0004124626226522852;-0.0007291803747903926;0.0034566887752029343;7.222421805985536e-05
0.004055912172347659;-0.0010232041046937233;-0.0007383427494695366;0.0004330901828729214
0.009737131774559895;-0.0019504634415214274;-0.0051182281824196825;0.0013741780381541812
0.012964010544995746;-0.003884766007266964;-0.008018622500244394;0.002435846156974971
0.010888203317194953;-0.006244055189627276;-0.008286291441312352;0.0023489742340893857
0.002730640602982452;-0.007857684377504821;-0.005825337749650135;0.000427291634016311
-0.009828326141542115;-0.007846383488032689;-0.00161038193696702;-0.0024570381190734047
-0.023152439580136457;-0.006260409356939616;0.0027569343771890135;-0.004356787051170281
-0.032880640823985896;-0.003955137528156313;0.005723947034053352;-0.0038287823847914975
-0.03552272319701913;-0.0018420856367586669;0.006505878103158787;-0.0013140363132764822
-0.029841683373517724;-0.00017738504383869982;0.005527672259068211;0.0008140171905450134
-0.017429111226797234;0.001520743157301613;0.004179719972133589;-0.00020733074436390204
-0.002186524409245897;0.0038885021053213613;0.003881509441190797;-0.005232087116992134
0.011122786747482918;0.006972730516709364;0.005098205644815441;-0.011874001637633873
0.01871344250471319;0.009969075997228561;0.00706972315917589;-0.015679375390879487
0.019246100189501427;0.0117092720733227;0.00839367055167647;-0.013454697519099064
0.014197047885390494;0.011516464603676117;0.007938750715789556;-0.0060365765656235845
0.006887651751885267;0.009687216325088467;0.005470794920945258;0.00229140767384021
0.0007136072748977584;0.007204705551955802;0.001724600500101619;0.007435639666112712
-0.0023989408981134113;0.005027945431986739;-0.001980425513366669;0.00866890840976076
-0.0025077579230428906;0.0036199022299281923;-0.0043106491660411484;0.008317535923059293
-0.0010534853615221389;0.00296863487605889;-0.004451615097445295;0.008714348162550197
0.0002976023204261884;0.0028271004562066453;-0.002508411811942745;0.00984945645060172
0.0006219809962552175;0.002871766674650876;0.00037816582560521367;0.009863506302752694
5.2707689979097276e-05;0.002786897756463488;0.002472407187269113;0.007298568025087606
-0.000563698320493649;0.0023917148406941177;0.0024234476032904797;0.002619427160951231
-0.00033806807248623334;0.0017572809619825637;0.00014690352479704153;-0.0021618267413159313
0.001071257490537843;0.0011577996251048229;-0.0031563022542924787;-0.004989293074060214
0.0032485887315463506;0.0008555844271062881;-0.005882685343180002;-0.00500474064331855
0.005276142167030038;0.0009105527911315167;-0.007037470546324274;-0.0028016232903777635
0.006276781636939336;0.0011718821161397297;-0.006606534156724767;0.00016086574519492923
0.005891181908941764;0.0014166869140719378;-0.005219441990451445;0.0024393779545919575
0.0044016441024589;0.0014943154847180022;-0.0035857056193959237;0.003287053497616835
0.0024839643956280997;0.0013902154218287334;-0.002151404409566378;0.002859778371821363
0.0008100800391033208;0.0012153218142456873;-0.0010754675336488227;0.0019241872507756096
-0.00023959932001210992;0.0011527110944748145;-0.00037637197037104656;0.0012685591214116922
-0.000633622337181612;0.0013726781304028177;-6.521119517042165e-05;0.0011527404968239953
-0.0005626138158237069;0.0019228339225883715;-0.00016288237959490205;0.001112022462867439
-0.0002593085306059696;0.0026311151296033943;-0.0006026872991748269;0.00025650863070802266
0.0001178793428231322;0.0030972494835908746;-0.0011055330275842954;-0.002044314034694402
0.0004950979348538706;0.0028474078200987573;-0.0011568477441269872;-0.005439130117152491
0.0008231833524762634;0.0016590336720494023;-0.00018278947566770652;-0.008308162757135959
0.0010253242395920417;-6.366411495775076e-05;0.002091426605341721;-0.008298847976189065
0.0010144618593738997;-0.0011161049198352678;0.005280038035442224;-0.0036976443287618983
0.000776100827149727;0.00017937598382745948;0.008266227418347497;0.004956213740368132
0.00043557461460695603;0.005018200977568475;0.00964339545764642;0.01417178470459855
0.00021512422830228888;0.012887424428911472;0.008532479534221237;0.018831955714476257
0.0002810208828596649;0.021008639415478755;0.005202301226850516;0.01542918152353313
0.0006069155395540673;0.025386975983326315;0.0009492815439048147;0.005090917702489676
0.0009725746740998159;0.023284455871489043;-0.0026173506693835365;-0.006492285326564913
0.0010689065514040876;0.015393292440375064;-0.004188991332967732;-0.01288361509465087
0.0006107225463645216;0.005726890459941794;-0.002975390886676719;-0.011494670693041638
-0.0005463018523249308;-0.0009858323981258648;0.0010564923595404898;-0.005017510635867495
-0.0022577864026991543;-0.0023749501914302803;0.006726196362050158;0.0012815354963520713
-0.004019570422643743;0.00044914919757926976;0.011633522060341841;0.0037038457474148486
-0.005110189439125598;0.0043168824788204115;0.013243410129872825;0.0022666593986496097
-0.004880228017908032;0.006469952789379211;0.010472031754156197;-0.0002792460937834611
-0.0029867599716921155;0.006170201709033186;0.0043593879313266375;-0.001130908892547778
0.0005038685175507916;0.004633120247263649;-0.0027598052625036206;0.00041773787464491476
0.005075536843327141;0.003707385934056255;-0.008683423514874307;0.002744825670598332
0.009751267028549936;0.004323854318775747;-0.012141659545003371;0.0034731877006624196
0.01316780987989389;0.005729112503727544;-0.01274070956690736;0.001476436397648164
0.013789199969852417;0.005991242249897547;-0.010661990621843106;-0.002227754244103046
0.01028295841320933;0.003438505099698053;-0.006562617183119126;-0.005203206602144532
0.002089278754997436;-0.0019041238846995749;-0.0015808740889940711;-0.0052120078310449605
-0.009878645426415377;-0.007837833955109522;0.002824130568703125;-0.0016118222732466644
-0.02276988766077218;-0.01096943514877176;0.005317897883188128;0.00417033446380936
-0.0321940617296133;-0.008867054973874093;0.005316893287569602;0.00924337755381142
-0.03383361328196652;-0.0021967191845188557;0.0034368429631121762;0.010676046728269219
-0.025720178931521183;0.004856046352025271;0.001260590659406106;0.007110781293125148
-0.009801948482005335;0.006854204962024519;0.0002475031418107632;-0.00030843877655242075
0.008418169149426561;0.0009940029415743447;0.000441410797971855;-0.008382849571457946
0.022236717626561986;-0.01039449324842196;0.0002259056840541891;-0.013617473609016821
0.02690851978259697;-0.021301232811037327;-0.0022520991109733395;-0.014288914811034243
0.021910157024138458;-0.026684042426914262;-0.007011287892938187;-0.011369686144300775
0.011030680971539497;-0.026198508268709557;-0.011535398433668933;-0.007440093842943535
0.00017318059554476288;-0.023467762228709;-0.01248918402016533;-0.00427242155024366
-0.005877919981634571;-0.02183401985791192;-0.008652373083246357;-0.0011885390002774588
-0.005756425016127451;-0.021074851418327666;-0.002481923071379376;0.004034700984169108
-0.00150487400850449;-0.01815704153637345;0.0013615049885964666;0.012257102702153634
0.0034817487463824873;-0.010672676941704765;-0.00042483290893725536;0.020818969615056037
0.006813764451141861;0.0006007980872296851;-0.007069393343239127;0.024515814102697497
0.008003179782600137;0.011818782655308602;-0.014197096586579085;0.019287172141945714
0.007657241350394878;0.018132948350070798;-0.017072512516433908;0.005708349229162267
0.006243411851284309;0.016334822823391465;-0.01385794276927848;-0.010635911409981949
0.0037049779418517888;0.006986240697114309;-0.006400775142788211;-0.022460049912115157
2.4363644840076847e-05;-0.005271606163682442;0.0015302578351799974;-0.02537546442956404
-0.004074178614048453;-0.014173112104481493;0.006673263574202586;-0.020194393307373507
-0.007045762596684185;-0.015937798517425297;0.0076525790359155904;-0.01129174761958773
-0.0072400452895966865;-0.011906914029610428;0.005040932853635372;-0.002900162975802606
-0.003973016996827081;-0.0073001273527952115;0.0007169879030780275;0.003181805215028236
0.0017839948935344018;-0.006965870600435036;-0.003018817816338471;0.006938509571253903
0.007651154816185972;-0.01163104536540947;-0.004420434132886876;0.008238800150199982
0.010981003817426026;-0.01760441347501821;-0.003109637551538048;0.006325125418884248
0.010239234472698111;-0.019868826254628786;-0.00029254932951195637;0.0012058495216653005
0.00579203436980252;-0.01583975197200225;0.001858086945348518;-0.00504447655226619
-0.0003445577118971571;-0.0069157887998565586;0.001430369052463852;-0.009076340385216741
-0.00559197923824368;0.0029107855818600046;-0.0020083542964191483;-0.00874491510695563
-0.008094772558910128;0.00977112571153293;-0.006971854888798018;-0.004867019584649822
-0.00756655182886512;0.011785473720579793;-0.010869494477052176;-0.00043461560098415254
-0.00535505131573563;0.009221601100197895;-0.011704939549990892;0.002053505918261357
-0.003700830751555218;0.0036726512630088073;-0.009452541762574707;0.00265860851565634
-0.004446458173901059;-0.0026970431570177283;-0.006012679627021767;0.003543942315233092
-0.007803692594163572;-0.0075973443322254735;-0.003790388739249821;0.006438366181947339
-0.012000405772603319;-0.009154597178762868;-0.004035416511494512;0.010447277175461286
-0.01425094686951869;-0.0066906247548998935;-0.0061102332159955;0.012365524589834555
-0.01255866643685165;-0.0012279319560261;-0.007988400932373825;0.009344579550668928
-0.007125537757217406;0.004882990451911983;-0.007464481300340006;0.0015800093864122022
-0.00031733183670669694;0.009168193245151567;-0.0033409186147575548;-0.007388163516552856
0.004845070507588381;0.010307462759444263;0.003892232261867704;-0.013120620152249084
0.006591048916904816;0.00864157452376132;0.01205527317669047;-0.013469559538844317
0.00533370907359518;0.0056441552848619505;0.017991587002442137;-0.009860461990726398
0.003057451101437183;0.0028416997545907766;0.018933932293026607;-0.005661721929009683
0.0017708920230291852;0.0010308260828739825;0.014081932395357879;-0.003227905405300305
0.0022031586718649406;0.0002995092282261335;0.0054393054264335735;-0.002345741319048684
0.003529711738464418;0.0005482421086788578;-0.0029694207347176487;-0.0013027875003839846
0.004095046745399687;0.0017655251463461262;-0.007345560536460305;0.0008349905958164905
0.002560482807995244;0.0037641729151428184;-0.006363680772008862;0.0030949498491450213
-0.0011750314255551744;0.005835572704765565;-0.0017202963084394188;0.0034696484954233682
-0.005770769147566063;0.00688280015703372;0.0033850332923131624;0.0007048075109521421
-0.00911394093283849;0.00602195021150364;0.00648459945424027;-0.004510083227853858
-0.009515335437405696;0.0031612360772907398;0.0070229998184694565;-0.00965698407822824
-0.006693174292426737;-0.0008429356673786671;0.0059035127733592626;-0.011695810719093052
-0.0018937806624658084;-0.004474998484227812;0.004284164166214639;-0.008923134472195846
0.002935624031759709;-0.006134743003388325;0.002816087422287828;-0.0022917037029644097
0.00632557790875902;-0.004856369461224891;0.0016475104423891325;0.0049001125128366645
0.007944023395503453;-0.0009283855982498336;0.0006715587395116529;0.009034010005855004
0.0083141667710255;0.004014370377689621;-0.00043164556185943493;0.008530003425632076
0.008008058729507736;0.00771581734717769;-0.002175416336077615;0.0046812654082384695
0.007148218236408949;0.008562303856344322;-0.004863121126897967;0.00034185470993282536
0.005612154406870808;0.006564438040374021;-0.00795984765917137;-0.002280633181172522
0.0035564093512106734;0.003292916710760031;-0.010017240819778287;-0.0028258388051867664
0.0016157775117236867;0.0007601436744185894;-0.009569703596979263;-0.0022642547862842775
0.000576568717013853;9.819065690857962e-05;-0.006284165059681836;-0.0016086652336999975
0.0008662816236082379;0.0010278691576304766;-0.0012033648270230056;-0.0011946986636799566
0.0022880733495426646;0.0023818603498734848;0.004103488923697727;-0.0008920689431916685
0.004130984591925678;0.0030742035846141086;0.008480134361274757;-0.0006009334623460542
0.00551513282362398;0.002720781423584886;0.01133086243378788;-0.0003923156464986477
0.005777588655908734;0.0016241753032759725;0.012243729822084283;-0.0003232244551100378
0.004755358520005047;0.0003849578275785208;0.010918452580250567;-0.00032150914809162776
0.002852379202088136;-0.0004796751939295952;0.0075761480495511934;-0.0002918054025544892
0.0008316436472626103;-0.0007282462885533972;0.0032339089723684307;-0.0002467681014281036
-0.0005805099508112001;-0.00041054682903722485;-0.0006495897860150016;-0.00026668700305129055
-0.0010461674881597472;0.00021897895141457065;-0.002918336742627721;-0.00033752510020670955
-0.0007123666024246039;0.0008267872124365285;-0.00324017716385135;-0.00027057427701917175
-2.843130926630602e-05;0.001124780458412922;-0.002086780918356889;0.0001724882972973561
0.0005593043154604876;0.0009733103473741218;-0.00033402727896415796;0.0010147484787457214
0.0008409530361723913;0.0004500130889208881;0.0011712739112503766;0.0018571225028159307
0.0008953398260452153;-0.00013757673137018817;0.0018642096435578178;0.001931670863065376
0.0009664269970968452;-0.00033021690714908945;0.0015316544860885723;0.0004996281368417856
0.0012508654432561975;0.0002935064389157399;0.00030541323985563057;-0.0025252657834340195
0.001716175580025042;0.0018544972114426436;-0.0013473565476088594;-0.006062192460407417
0.002055491434190416;0.003960927422915895;-0.0026687036168064233;-0.007893037616519442
0.0018279762055031761;0.005722360116415935;-0.002793285511498376;-0.005526410297342377
0.0007377589869646862;0.0061044714522153504;-0.0011218126480148898;0.0022636782138856742
-0.0011060012361523257;0.0045209859791916;0.0022510906541221383;0.014005846606776211
-0.0031506946173465848;0.001291069823726354;0.00637921658419874;0.02536912367698601
-0.004664638845479999;-0.0024435412647399184;0.009837197606519623;0.030987777629004412
-0.005131992848886513;-0.005361797504856778;0.011460980319508613;0.02757998176158856
-0.004473210235488346;-0.006680479763314478;0.010896444300224808;0.016299551736682506
-0.002960815809280735;-0.006404191347684551;0.008572166694459031;0.0024269474188148266
-0.0009922251179663919;-0.005056583068086529;0.005328115030072175;-0.007642288379726836
0.001051629360827791;-0.00328879995978521;0.0021755457107689056;-0.010181120752493137
0.0028212691772698415;-0.0016805035415983288;0.00022401757702176993;-0.006206286216255793
0.004010655134932154;-0.000686343858048017;0.00041185118761979115;-0.0004851464105933773
0.004433592919922603;-0.0005684326632804462;0.002958872198112204;0.00187499086979503
0.00406977068806577;-0.0013227013729624768;0.006986709294577093;-0.0010282748448442074
0.002978795853042228;-0.0026746328071536075;0.010755166118229667;-0.006585460185918383
0.0011808700986388502;-0.004095830182385828;0.0124938162957823;-0.009423680847851546
-0.0012670537118331657;-0.004774968244668072;0.011395120918964182;-0.005034792964462445
-0.003964405829672091;-0.00368788899660505;0.008162482016997378;0.006954196150983701
-0.0059559887653628015;-3.68985353158861e-05;0.004629443342658847;0.021852471519045888
-0.006043545711995795;0.005962259578752884;0.002554781717198893;0.032136525990897585
-0.0036690040701752237;0.01251144986052953;0.002455748360800787;0.03191926460071006
0.0001720021593744269;0.016651747949487466;0.003463254349836691;0.020923953899256737
0.002796978871246652;0.015877983359233676;0.0043427018205448266;0.004876971924857417
0.0009420009006236979;0.010037841034817507;0.004732821816105427;-0.008325932947877352
-0.0072164692704223;0.0019312658178021085;0.0054075813321269395;-0.013716567464320272
-0.020221705336577193;-0.004265670160618517;0.007300502536345549;-0.011642418093277917
-0.03309978519627947;-0.005854441040760249;0.010265619462328462;-0.006184823525588345
-0.03949978910280909;-0.0036167937789000518;0.012826353571416342;-0.0016415945925312223
-0.03530685421927093;-0.0013305937967646893;0.013182137681001032;0.00016014849002853965
-0.021342747866715996;-0.0029398288437937495;0.010515985583822926;0.0003934540373675826
-0.003148325611598769;-0.00929163985732617;0.00545380135904523;0.0017348823716418504
0.012029721050421015;-0.017009830305966978;-0.0004953855272885444;0.005806892980894184
0.019026913614967177;-0.020822455631150264;-0.005719734737092401;0.011246163920360222
0.01707344280373736;-0.017744244052370253;-0.008826187500861869;0.01418037593982039
0.009535998713438293;-0.009394739539955482;-0.008700705201861314;0.011318251432184128
0.0015481850685484012;-0.0002675168529039952;-0.004885168949271701;0.0033445870138845827
-0.0028873203282704213;0.006109441175094887;0.0017812622809218392;-0.004615546814497832
-0.0026202611553398985;0.00922833930791833;0.009053953112529326;-0.006504886636326477
0.0008744303009972572;0.01046307852237926;0.014250145383342206;-0.00017056537708148536
0.005108002441359604;0.01087676288156287;0.01573848637118783;0.010652427695813576
0.008209641324189764;0.01047373459815071;0.013747292355567388;0.01896615330633175
0.009512477107479827;0.008961763785595465;0.00988150108503931;0.0194627074185722
0.00910177232313663;0.006498018384776917;0.005900231576407679;0.011883708011990372
0.007162107227504757;0.003648422130899022;0.002786021219164047;0.00069439827513986
0.003841420917097573;0.001031145157603845;0.0005928472620908577;-0.008113196860041496
-0.00037791947164116243;-0.0008577914917315354;-0.0012252461295512405;-0.01068981252020249
-0.0043515605910284545;-0.0017594988938023125;-0.003459115822235558;-0.007240329346400147
-0.006521497462098155;-0.0018861839473497718;-0.0067647127426123405;-0.0012775160828453536
-0.005793594507141345;-0.0019839582709599477;-0.011051572928245025;0.0029650977445013285
-0.0024892505027338347;-0.0028546955093881206;-0.01499263876242837;0.0030652478797293164
0.001436324680717038;-0.0045462899802189444;-0.016567001979888515;-0.0006871909190653924
0.003325280340837589;-0.005942995895967859;-0.014862434009548285;-0.006192875845929765
0.0015280983006202924;-0.005289286083754295;-0.011714458207155463;-0.011175956451469777
-0.0031334102118763443;-0.0014304310351208975;-0.011195845867736712;-0.014344188809043876
-0.007303885488266593;0.005056213958349116;-0.016731965963445842;-0.015617850439799349
-0.006910284477054708;0.01168151512267852;-0.028071523033519095;-0.015674972748566798
2.8334644421396074e-05;0.015166330668975396;-0.040747877111946364;-0.0152894827602726
0.011563990818379994;0.013456016724160318;-0.04854546657499772;-0.014867754572654355
0.022510124380661203;0.007407129105810121;-0.04709350068076049;-0.014358246675812605
0.02738389578176759;0.0006796921654025377;-0.036212634042983964;-0.013394433714120794
0.023661671157859096;-0.0025555156153102675;-0.019876012121190955;-0.01144592429542191
0.01327540618583929;-0.0005875901210027473;-0.004080788201107682;-0.008005513090876533
0.0015402385678351005;0.004542082219391788;0.0061958803515700525;-0.003001308949120999
-0.005742006167363519;0.00850331091729572;0.009324038374567894;0.0026655396993776922
-0.005354824551344455;0.007743465177483705;0.007216437820243909;0.007029791054064256
0.0017105612333144734;0.0018683681646453308;0.0033436490188287196;0.007967490707579431
0.010944586100587085;-0.006246455155101696;0.0002595626257246714;0.0047851093675662796
0.01696862261859284;-0.012492139285479424;-0.0013768739163935995;-0.0008361217604328392
0.01658414652349286;-0.014149765589275682;-0.001974800649977272;-0.005739611767486909
0.010289558301650655;-0.011280699488232725;-0.0018657422993719854;-0.007604708739112264
0.0013856232739666897;-0.006142866004755703;-0.0011884752814675372;-0.006601064155411067
-0.006398761718557737;-0.0014034031555005904;-0.00048202042862816594;-0.004716866548903001
-0.010873000019873917;0.0014340219780318887;-0.0007035662818083656;-0.003517535217779107
-0.011790043709859489;0.0024979356845821208;-0.0022829674143282214;-0.0028529053281994045
-0.010060298261483344;0.0029301943293319845;-0.0042997943251033895;-0.0018296734637708561
-0.006892953318582497;0.0037799557761451635;-0.0049828768178745856;-0.000567638549655186
-0.003460897498615106;0.005197828521679443;-0.0032734672368172034;-0.00042726159043897534
-0.000806688737890564;0.006495688125675428;0.00011442630128534942;-0.002506734861968655
0.00045393176962058273;0.006962322648796601;0.0032749375041800353;-0.006341631642950923
0.000518385141992716;0.006629760344343761;0.004759045219287681;-0.01024226770993228
0.0003640776126216827;0.006198689915253993;0.004664699947819812;-0.012615915823175103
0.0011002659460342791;0.006171595146210975;0.004253495249032762;-0.012752858943110908
0.003142766230026873;0.006099312823884274;0.0047033361629371774;-0.010639267984671963
0.005868078491562397;0.004797265921908402;0.006236198754047267;-0.006608036466340821
0.008000005063849697;0.001436181236475051;0.008162063322542316;-0.0014787456211917314
0.008395139850303147;-0.003466263472396879;0.00944274570064192;0.0032100405935216896
0.00665776602517561;-0.008056552170937441;0.009217313426621493;0.005639635418237399
0.0032469204622503347;-0.010182218000321722;0.007134935083494642;0.00478063720887822
-0.0008583863501976091;-0.008664846981583997;0.003547720894155906;0.0011606253430087028
-0.004630883750001879;-0.00394708771127479;-0.0005135928281881664;-0.0034122954633979703
-0.007323002990042213;0.0021677403021935224;-0.003675107716652385;-0.006877174580714678
-0.008552106396359348;0.007352073226754541;-0.004736436487006379;-0.007804366454316582
-0.008223823466974835;0.009675358809212798;-0.0031376010548412173;-0.005701132935435894
-0.006448961000031688;0.008312280741177083;0.0007452497888666846;-0.0010560345745666943
-0.0035693769197142886;0.0038667982863267647;0.005597805306203187;0.004560725922434002
-0.0002758398722193068;-0.001880818372132008;0.009648511840345935;0.00867730372648397
0.0023722405917981295;-0.006825792008864894;0.01154238631620878;0.008919699161547303
0.003248038948100525;-0.009563885029097207;0.01103719918803725;0.004564705719203969
0.0017492480476656712;-0.009925448116157944;0.00897908917534909;-0.0025575672597874227
-0.0016887889009696928;-0.008713206438580765;0.006668554346721056;-0.00884773991684835
-0.005589785825075978;-0.006968167401379342;0.005180867142326294;-0.01113120819510248
-0.008071406925296468;-0.0053422075695523765;0.004927653560801436;-0.008721208076972829
-0.00780464514510533;-0.0038972890192329273;0.005380952623173692;-0.0037683289925937048
-0.004718913722211237;-0.0023014271711136384;0.005110880511636369;0.0003923304443266376
-1.9134693816515986e-05;-0.00024270858414122718;0.0025377587743733447;0.0016010997112076784
0.004444290630482682;0.0021653929236056363;-0.002778630782639443;0.0001299748403446258
0.0070231443126762255;0.004246473467786066;-0.0093469564738987;-0.001975362293048413
0.0069018078044501266;0.005046642345895976;-0.014347814436712793;-0.002699314312440011
0.004309040317462848;0.003916022586805673;-0.015351687170073118;-0.0014901236257443256
0.00030509091379506153;0.0010043579669798736;-0.01189966671655954;0.000618217502202398
-0.0037392278159297976;-0.002693282640340903;-0.005829086710233024;0.0019959542482996797
-0.006728696614165249;-0.0058018451729712674;-0.00015450367042034845;0.001627083306053381
-0.008202208716054765;-0.007252808565193245;0.0027442589372262713;-0.00027212194648771075
-0.008317937702853986;-0.006763078090179867;0.00242120391539103;-0.0025116816456255556
-0.007566948860750601;-0.004835803657770661;0.0002598987417082777;-0.003798722696897951
-0.00643754157687998;-0.002346065170157951;-0.0018679961202545097;-0.003607526970145385
-0.005190025822217622;-3.76051730246522e-05;-0.002992129933910373;-0.002441783472893448
-0.0037999485226717917;0.0017448930250840214;-0.0033414050735077155;-0.0013143033458721106
-0.0020822262739661887;0.0029997070305818265;-0.003547594214989932;-0.0008838059311404131
4.3793491289902144e-05;0.0038415512881449475;-0.003759978902238011;-0.0009560098762453122
0.0022998860214863684;0.004315228549996592;-0.0035404328341466264;-0.0007054777730491683
0.004022951401874963;0.004351701748409287;-0.002467575570108394;0.0006331548249763263
0.0044673648027219424;0.003840022515083817;-0.0007259098423428714;0.0031413979700845984
0.0032755974540255124;0.002733553365834093;0.0008794751432025835;0.006028548561884595
0.0007745544811959292;0.001120553171378384;0.0014292180379417267;0.007946224990151149
-0.0021670242585244146;-0.0007753190921565486;0.0004395663602452969;0.007684789565250733
-0.00466385080734219;-0.0026609817843311076;-0.0019418592955747099;0.004971797868226014
-0.0063194932424648735;-0.004262061012977232;-0.005082765683149533;0.000875577801391577
-0.007250663392741491;-0.005367943674401807;-0.008083869031973688;-0.002693582270919993
-0.007575019818949266;-0.0058245531591893;-0.009952929267476988;-0.004308142937247113
-0.006912957353347116;-0.005568997427442517;-0.009875270805310652;-0.0041599923546782975
-0.004605823074787643;-0.004764189951753307;-0.007608482156223243;-0.0037900287665391993
-0.0006865339123764282;-0.003861240998018825;-0.0036876691647799408;-0.004416150680176573
0.003306002289429241;-0.0033277931022157366;0.0008632103660403908;-0.005459627428838363
0.004764735677559294;-0.0031235970671160554;0.005145273191597033;-0.004911681490585675
0.0018323696494572034;-0.002455663493483597;0.008800915323274846;-0.0013554592735880312
-0.004644480636268503;-0.0002899699491034737;0.011931460196949422;0.004343304975284533
-0.010791311299938234;0.003572343174622602;0.014714876068276811;0.00949508464464351
-0.011792266625838968;0.007786184410487441;0.01710101138714549;0.011979766446460314
-0.005252754195165222;0.010118064750760361;0.01872749493524605;0.012392950893807335
0.006596767655987454;0.009417382698757486;0.01898460674331338;0.01371951713724371
0.017699981350698044;0.007216933104028199;0.017217471525420722;0.018400621621946778
0.021633256361607945;0.006775188813044522;0.013104895271523967;0.025288475496768315
0.015408396600635095;0.009480798397812157;0.007053918294748441;0.02971358413692153
0.0011896335286696762;0.011928640291105514;0.0003178439907973856;0.027381111075882775
-0.01489558348609347;0.007623919785631427;-0.005246531815233918;0.018817298482699377
-0.025868316386374813;-0.006945723162591465;-0.007678495949493977;0.009760172183712336
-0.02714270451465203;-0.027399556930584965;-0.005661113470243309;0.00645450309448541
-0.018381475051601877;-0.04317145353457536;0.000559871144727874;0.010092855366176006
-0.0033309061188023553;-0.04503304045082172;0.008678340414305645;0.015807361620103884
0.012010249653711367;-0.0318570408952765;0.015063041827740927;0.01708031422032916
0.02196223408162877;-0.011035092236879178;0.016671632750089167;0.011198107818072945
0.023489578277670863;0.006963891523107144;0.012848874470566178;0.000951807366392725
0.01739503781382875;0.01502903551382164;0.005620792528505134;-0.008140597149752639
0.0077319421238450535;0.012603195542716413;-0.0016891951794453127;-0.011995007921487642
-0.0004247853712797314;0.004610658563440517;-0.006465318959659676;-0.010126811526727671
-0.0035739191280618975;-0.0023667779564901822;-0.008050964979706744;-0.004944786495773028
-0.001145913960330191;-0.004088805538359242;-0.007468580550659975;0.00030139439878445074
0.004936873351298252;-0.0005412237926565772;-0.005990369868804111;0.003101048842296126
0.01168672491197025;0.005036619260824263;-0.003921545077625691;0.0023261179182357825
0.016331165490160338;0.008837081821119721;-0.0007451621182440518;-0.001552395351879357
0.017049114249931777;0.008931071571825487;0.003675297531703945;-0.006566372645109605
0.013410431130982505;0.006145666692972272;0.008310735569138542;-0.010130699424304326
0.0066242505864169765;0.0032003242565969373;0.011532047181103133;-0.010574889311553188
-0.0007347091635217993;0.0028024332544514577;0.012363306698843623;-0.008179232644747122
-0.005763364126600108;0.0058337954358210955;0.01108802608214102;-0.004743823304499636
-0.006637710030458532;0.010718110206261698;0.008787569023930502;-0.0021143339447009676
-0.003542639824739252;0.01439057108129186;0.006516778482054005;-0.0010458517573619939
0.0014719908753325467;0.014231500382646926;0.004843207018185847;-0.001215582990723965
0.005592583066110051;0.009659025108928007;0.0037977825309250335;-0.0019277505685811101
0.0066424109841881265;0.0023707742093822324;0.003003155164210387;-0.0026160156710723008
0.004063438401884762;-0.004792615340982433;0.0019295022940169011;-0.00289921235060123
-0.000956335026525634;-0.0095023716133476;0.00022950062009808903;-0.0025808125410172766
-0.0062168693473224805;-0.011029851394344528;-0.002083308224874974;-0.0017928483439071557
-0.009656885446336574;-0.01016346547801716;-0.004715120332545163;-0.0009775506240698492
-0.010241766970055442;-0.00818778856116041;-0.007189425841263113;-0.0004660339620701803
-0.008125118831722634;-0.005825038783016728;-0.00877819963132134;1.471621536450275e-05
-0.00416881357759752;-0.0030257873673150706;-0.008513162216990527;0.0013055974223893806
0.0006548571103063715;0.00031431502542039606;-0.005638996359347572;0.0040590657320075845
0.005494057811719988;0.0036019118585931278;-0.0004153336220927452;0.007779502666388375
0.009461507757014327;0.005733474704520873;0.005376414415223926;0.01057740463004918
0.01149268572469238;0.006155552503992286;0.008915396503059125;0.010209989851521951
0.010587410764142298;0.005654753061382816;0.007843035692892996;0.00589039047109714
0.006409334521362907;0.005875588072053788;0.0018639225044838226;-0.0006455091302733289
-0.00016688403821301076;0.007823852027078255;-0.006804964268898215;-0.005996014815792361
-0.007065799086208467;0.010702652800237926;-0.014606526415375208;-0.007389375749255836
-0.01177285043143037;0.012254506071421306;-0.01863169751882573;-0.004580616810577915
-0.012491078762561001;0.010469993800764217;-0.018011780900328494;0.00011033666097975609
-0.009006973004426386;0.005281388666753258;-0.013882356535723494;0.0034801519693461688
-0.0027567851370752746;-0.001167334578278904;-0.008251354052429926;0.003492212184727402
0.003913462119267133;-0.005905691969140847;-0.002803951598939624;0.00034816695827212914
0.008828745813458235;-0.0070780044903532065;0.0015738696889359023;-0.003924229451539379
0.010773499922915073;-0.004950021392255382;0.004561889107187973;-0.0069080630488887445
0.009633406255066474;-0.0013350461918044813;0.006022368245628599;-0.007239307312389237
0.006059492696890132;0.001876932055680192;0.005921741867371854;-0.0051749941505183665
0.001085702317198088;0.003810862171513447;0.004508650321222474;-0.002118345116401897
-0.0040876196395314614;0.004649747482998805;0.0023927398186731484;0.0003715990224461598
-0.00826389126219316;0.004980749959076869;0.00033006118432856417;0.0013812096681157292
-0.010518623733114865;0.005195227837661484;-0.0011252142496674898;0.0008835902255092171
-0.010493768820449154;0.005330131591552575;-0.0018061947388517987;-0.0004936525318711385
-0.008522339770564782;0.005230487998378384;-0.0018336334614259845;-0.0018661054275498138
-0.005480561527674298;0.004745641479302205;-0.0013706089522498549;-0.002431113075982827
-0.002438640227236344;0.003810476523293726;-0.0004733148641581099;-0.0017165239356118722
-0.0002830991562130845;0.00244513324349394;0.0008311314582012917;0.00021128947114119559
0.0005338332529253643;0.0007665384347118984;0.002317270460657553;0.0026129911544554144
5.7893646477979435e-05;-0.0009646215344000017;0.0034128413958856465;0.004168633506062341
-0.0012593072219867932;-0.0023424135150039663;0.0033498396494575683;0.0034509772736578456
-0.0027435700344403484;-0.0029622826013166142;0.0016454939670854409;-0.0002705420255454751
-0.0037115399483498173;-0.002698234210041736;-0.0013621285114205051;-0.0063031033960216235
-0.003651296930158944;-0.0019019981353559428;-0.0044244051722348784;-0.012529169304762706
-0.002315518628845671;-0.0012559681383400142;-0.0060777058265163554;-0.016477511038589708
0.00026856149134153723;-0.0012411126723780631;-0.005799862217249828;-0.016903677953958217
0.0038022907894476278;-0.0015760349873637928;-0.00462340681593175;-0.014596797348112978
0.007687062793621613;-0.0011789258007125676;-0.004368399831663206;-0.01159308240267221
0.011028875084803517;0.0010744230042515543;-0.005875726191385103;-0.009386268163141023
0.012795881314831292;0.005185392614139475;-0.00782467261217813;-0.007660859463899533
0.012158650078681459;0.00941152040035917;-0.007504060598558789;-0.004631499130276841
0.008888636606478036;0.010989255108737174;-0.0031834956887374726;0.0012440028573776352
0.0036097160040976317;0.007971769318800347;0.0039305041444062105;0.009491581485263925
-0.0022778204670244203;0.0008162261013908231;0.010069052677707645;0.017222225137059906
-0.007071364964268573;-0.007679035865254484;0.01156596019337197;0.020620245861989153
-0.009496155807798381;-0.01412893623322401;0.007656073048846405;0.017415279339055643
-0.009311709657057283;-0.016562622054267437;0.0009987129133080322;0.008570698615843192
-0.00737945940020861;-0.015145370697134914;-0.004449793967737022;-0.002081863454698528
-0.005078383338850243;-0.011411154743296929;-0.006197520543621438;-0.010026741093421002
-0.003432386829734058;-0.00700705397631695;-0.004317481593695797;-0.012588735207714209
-0.002575004406230272;-0.002942577560343147;-0.0005654114648751321;-0.01021368843376237
-0.001919326752808392;0.0004650584537525632;0.003032666780244215;-0.005810892150101682
-0.0008042435981271205;0.003291561765170477;0.004939593224326901;-0.002691130041567463
0.0009578796271521174;0.005649372061621418;0.004345031759861246;-0.0025013958460299137
0.002987488600553611;0.007401703944969939;0.0013985149532598868;-0.004503366891250489
0.004601755164854244;0.008071606393924614;-0.00269943336698007;-0.006531508716947005
0.005148212015544187;0.007064210822681283;-0.006185759820234047;-0.006737682989326675
0.0042506260365420346;0.004133782287441523;-0.007680656576345693;-0.00477361734696765
0.0019699886365348433;-0.00020287515654338935;-0.006927731581753847;-0.0016963762289178513
-0.0011160817706122057;-0.004633831416267148;-0.004842099997367205;0.0010389933972453397
-0.003989828702076332;-0.007516180714699441;-0.0029283992695480167;0.002541437961123765
-0.005508466228450565;-0.007671765778575008;-0.0024406084250583313;0.0027156726808998106
-0.0049476028862539346;-0.0051495920545286235;-0.0036650273526792304;0.001851191265548252
-0.002603515412266543;-0.0015162105111950588;-0.005664040202066318;0.0002143348201140831
-9.272885015124725e-05;0.0006681811041351495;-0.006705739809525505;-0.0018621720087356746
0.00011502983293081982;-0.0008126962095666644;-0.00523168601003853;-0.003633294078641197
-0.003876478946039;-0.006240083914052192;-0.0007513137116976231;-0.004110219672833333
-0.01160157948122646;-0.013168964145119073;0.005967426039219404;-0.003042854801914685
-0.01948392583694972;-0.01740499509023928;0.013438577566382047;-0.0018173882595883017
-0.022311255602492686;-0.015665206975641343;0.020113848298611216;-0.0028612464281417083
-0.016500699562510178;-0.008235611693352563;0.024570361017752996;-0.007334228450820022
-0.0029443848137325965;0.0007171096137112422;0.02534689756585864;-0.012907172870376057
0.012844326995908402;0.005950015487965594;0.021131876334710996;-0.014170464036973822
0.023604977219697947;0.004992698717978269;0.011732484859481546;-0.006433578357913016
0.024279422476415253;-0.00024756499943055766;-0.0007751862649381674;0.009583761154426941
0.014446049034957421;-0.005406808884280774;-0.01208453115687693;0.026541761379610833
-0.0020004027731850534;-0.007099394246229877;-0.01768213568620537;0.03499735844633188
-0.019117896811914597;-0.004762656226732984;-0.015844397934946148;0.03055012764046055
-0.03136035650873241;8.650947210833518e-05;-0.009225897327416552;0.017187020689988043
-0.03508712848602713;0.005538925768663296;-0.0033984686982030557;0.0036049210367608323
-0.02920139110377147;0.010087655956176774;-0.003157587320101944;-0.003780365495657634
-0.015342539837557768;0.012564594683825776;-0.009343722173167654;-0.004588782619967896
0.002384491686797237;0.01229981652927817;-0.0185257631248394;-0.002590872557247905
0.01851502536801001;0.009650578026753185;-0.025547297522281236;-0.0014433621207477253
0.028227623179248512;0.006045402541494785;-0.026784843960710854;-0.0023050728357306535
0.029472135416718986;0.00318741361989436;-0.021823921048071394;-0.004327595050812028
0.023859108808278084;0.0020513401471484076;-0.012922317531523196;-0.006190652274756141
0.01548205221435676;0.002402789515339868;-0.00330689976361572;-0.006943780941936508
0.008369005435863537;0.003042103330719934;0.004345614850767655;-0.006021228925290716
0.0043652921231006215;0.002617524613165514;0.008690973924543712;-0.0032425576178148233
0.002809163486665021;0.0006302139108252699;0.009895205781345527;0.0007798695304751423
0.0018514135820792083;-0.0020311043241435867;0.00930082064271381;0.004386375271888053
0.00012704545931259276;-0.003596810152768878;0.008503201966733504;0.005567833580894484
-0.002419778089466584;-0.002727636014381832;0.008201461000997744;0.003394407372572147
-0.0048169383428254865;0.0004350308657986542;0.00776070954557067;-0.0011114833660997526
-0.005917963778781066;0.00437815314163263;0.006005087240739023;-0.005570281913410025
-0.005148674177605277;0.007312033119500156;0.0025222962031184884;-0.007788134065216592
-0.002754947544922551;0.008248122300852274;-0.0017836121798506697;-0.006959629900858486
0.0004624612574356854;0.007256125175453063;-0.005287145938491655;-0.0038522277582674555
0.0036284913646687142;0.0049503824534177085;-0.006642058223117206;-0.0002459052650746743
0.006084049720945896;0.0018569266640590483;-0.005381624676028606;0.001918930570275756
0.007313717122248951;-0.0017641675101046867;-0.002047109353419599;0.001536038234085968
0.006786111321401907;-0.005577285523891305;0.0018994849534873118;-0.0008181248352239893
0.004180546610275085;-0.008742640556867373;0.004467124278005466;-0.002944224785208219
5.975957869686973e-05;-0.009968503533642073;0.004074661262261802;-0.0024810464968047638
-0.0036878855998823605;-0.008240002418189228;0.0006948215104167356;0.001046451943992818
-0.004510668712653477;-0.0037591912369048237;-0.003803859823553538;0.005442633106977661
-0.0009582528479007151;0.001747749062795042;-0.006761885105426906;0.007455459160438587
0.005754688096839538;0.005850409888535856;-0.006546815548600207;0.005714740948891522
0.011976171425515547;0.006952796417556163;-0.003478835516032991;0.0022801732323687422
0.013867699284385242;0.005410555659630426;0.0008586292300009321;0.0009714569822070206
0.010074141877758019;0.003214237026184894;0.004935759387696188;0.003731581620543832
0.002730997128747366;0.0023004658119696107;0.007839151961790846;0.008594200305810705
-0.003924749759532498;0.0028293588002685087;0.009014231309888114;0.011520259882867508
-0.006231137031053476;0.0030304931475709776;0.008170848704697068;0.01032860366761446
-0.00320926538074883;0.0009167788390761615;0.005699053489711675;0.006613494095155026
0.0030768675384713305;-0.0036458876227041304;0.0027994308962008864;0.003779039324241385
0.00886890601068675;-0.008474550624849891;0.0007244818381813447;0.003553872542200301
0.010869325541384454;-0.010685877251599822;-0.00021757216947956352;0.004635709183759573
0.00801449954743789;-0.008938251953883834;-0.0007607716334191887;0.004368903900287574
0.001895436754497042;-0.004365496374599457;-0.0017267678901902908;0.0012698005896866354
-0.004391639188419958;0.0004317112327400758;-0.0030451897928188277;-0.003947108279891808
-0.008170046175815241;0.0032762458808032785;-0.0037588796715994767;-0.009180276098383665
-0.008581807380343155;0.0036108631844323953;-0.0029457584123678653;-0.012408305199578149
-0.0066495499166381745;0.002326651383186489;-0.0006095426827280333;-0.012688812370489853
-0.004223757374948633;0.0007550480254758369;0.0022570285712117653;-0.010363110453565217
-0.0027219217058079446;-0.00023477225635058072;0.004386887397520999;-0.006678962928679541
-0.0024769624932491252;-0.0005184023669486232;0.005050716263309675;-0.0031475806962759875
-0.0029136740141989057;-0.0004608991402236493;0.004364468919992426;-0.0009125876264270498
-0.0031968892433208713;-0.0004870911987349775;0.0030177586863262052;-0.0003718533238625517
-0.002813639921371615;-0.0007897939316464214;0.0017631163200508791;-0.0011842727195675363
-0.0017728982575976292;-0.0012900359237639904;0.001038213006156766;-0.0025940621657881413
-0.0004530662650355835;-0.0017805303545754738;0.0008770535134706868;-0.0038477513475900105
0.0006813904407642267;-0.0021048065664881566;0.0010497882452952469;-0.004483215351128307
0.0013001426976817013;-0.0022529740993747897;0.0012776657721902426;-0.004404519093779082
0.0012985045735092492;-0.002334835403365529;0.001389933199081395;-0.0037952005670624563
0.000793983748201251;-0.0024657069316763288;0.0013641235467194233;-0.002976921922306535
8.220598037572757e-05;-0.0026429332604995487;0.001266647995087115;-0.0022895651050106325
-0.0004291138576026637;-0.0026956168706704802;0.0011560288331661456;-0.002006046354677879
-0.00032868412548277916;-0.0023580650002370976;0.0010179453164664589;-0.002256137472307733
0.0006296756891975896;-0.001455455486384157;0.0007757819395267899;-0.0029448916719836014
0.00233636619247461;-0.00011560272220385985;0.00037542414067379603;-0.003699994350362966
0.0042253112643873495;0.0011327686124083221;-0.00010598399535748498;-0.0039252381157190725
0.005396889347003368;0.0015020232184402898;-0.00041308701083006446;-0.0030249964356838465
0.0050044782087084756;0.0003434642076542539;-0.0002130478928226554;-0.0007732429096056847
0.0027487518926103435;-0.002370095753441216;0.0006353628518466597;0.0023420388538771594
-0.0008359729752361747;-0.005802453457350033;0.0017783998824409352;0.005076849019416553
-0.004557263235856977;-0.008542551197893957;0.0023436616538287667;0.005917297325038704
-0.007146416829737393;-0.009403320089853583;0.0014691711669208019;0.004004707165669388
-0.007874348271538927;-0.008266036415416402;-0.0008307119328391846;-6.36202917256552e-05
-0.006806727069490585;-0.006299196115271971;-0.0032988320837026197;-0.004305065537475616
-0.0045994801931370476;-0.005223712260310102;-0.004283282344273799;-0.006502904463046233
-0.002055147040171203;-0.006030048267690498;-0.0033250503279365086;-0.005690545412012433
0.00026635187912948347;-0.008081505241341212;-0.0018949526790407846;-0.0028146305083683906
0.002222387806697516;-0.009367474561776083;-0.0022082627454628177;-7.540302846420061e-05
0.004019151364177833;-0.007857791196355672;-0.00500497269505296;0.0004837007294158823
0.005934788908832251;-0.0030377351538937;-0.008433809066420397;-0.00188352070406738
0.007954488890846151;0.0035082606054104098;-0.009182443789190045;-0.006312197190065614
0.009542238915184364;0.008897253343540065;-0.004857135677224573;-0.01068940906992062
0.009733859713601833;0.010538548310826668;0.004327483258029053;-0.012362345289569011
0.0075009872451973335;0.007466610903891999;0.015552060775968527;-0.009152668411237026
0.0021462011744558134;0.0007430908897023043;0.02472922255103693;-0.0006473602385230755
-0.00640694506852302;-0.007085670957355252;0.02834402121738641;0.010872829585858581
-0.017321575917705754;-0.013095089695638891;0.025081103068744563;0.020914617683032915
-0.028509966133643712;-0.015177933894507719;0.016502243410864113;0.024935467735815234
-0.03666340981978048;-0.01288413524233896;0.006252919550250419;0.020979525101984222
-0.03825488180883169;-0.007560203424615364;-0.0017974577774857335;0.010990380241483317
-0.03141797212705952;-0.001609038154969484;-0.0052632321879952275;-7.524220758135397e-05
-0.01752611285132959;0.002987142081754654;-0.003906434509136114;-0.006795328026665022
-0.0011212135475942085;0.006102555095634243;0.0006726855679356474;-0.006099756279045258
0.012064175060541058;0.009568785387829647;0.005863477654168074;0.001137529782104355
0.017887591709567417;0.015332761469377915;0.009157549624551061;0.010649160707352744
0.015750333154997645;0.023035609485786958;0.009280192833874148;0.01727334229562655
0.00865142440015531;0.029553210810059342;0.006710475082086907;0.018039810170378368
0.0014345397983004644;0.03134905046022167;0.0030854892973847413;0.013907643980472622
-0.0017052093316407176;0.02735799689775506;-0.0001476456422071089;0.00883592300965886
0.0008264802188207318;0.019460762561505553;-0.0027450345858515963;0.006728831246952448
0.007446731244523491;0.010446602988897812;-0.005518556136540432;0.008578243364649745
0.014363813010778732;0.002072542494791896;-0.009192538094383884;0.011974986807146155
0.017596017198862956;-0.004899890629297583;-0.013267822589828017;0.01310992720151777
0.01502783583108026;-0.009585903819379116;-0.01595346957804734;0.009550677041742901
0.00744218111519609;-0.010729937279530716;-0.015393075605433145;0.0019339569138253818
-0.0019639858205562784;-0.007701208489152701;-0.011230353182014857;-0.006308940239835038
-0.00923781293228429;-0.0014480095007542177;-0.005114044815527473;-0.010974045726126737
-0.011562731346930616;0.005653756382206902;0.0003575649431695936;-0.00964068643008524
-0.008388142528800656;0.010912252184054947;0.0033395710654396784;-0.0030749471068995337
-0.0013341780853942517;0.012621214278300869;0.0037265862811354687;0.00541532773006837
0.006792240193013937;0.010869994545978806;0.002874275562293062;0.011997305278236973
0.013132762299843908;0.0074269239272308244;0.0025115304211815025;0.014228418656667713
0.015629842551705287;0.004677469130159799;0.00364098669809935;0.01186835114457968
0.013613582855450963;0.004249043194707009;0.006060898435386254;0.006456790882434367
0.008095847850659125;0.00622941125909339;0.008739875560511362;0.00017361149892022764
0.0014622104798743566;0.009346323404638599;0.010656627247169478;-0.005181571029896926
-0.003574005135018209;0.011753467386984372;0.011299124359361055;-0.008546823556090702
-0.005279262056834502;0.011953203198575724;0.010470931260698417;-0.009573486508651018
-0.0036378541078837465;0.00959257495567673;0.008049522061270109;-0.008811566839673813
-4.821906402010666e-05;0.005758190089673895;0.0044291906986081864;-0.007899281147636075
0.003700006104588946;0.0023207694479129726;0.0011182021785300683;-0.00886212904340355
0.0063511601717064605;0.0005226268499133345;0.00018280126537183563;-0.012418107912364054
0.007445106640647636;-0.00010360012830904366;0.002470677731616834;-0.01666573886899263
0.00702598087892813;-0.0014089860170838292;0.006335305886300761;-0.017728406260141456
0.00532435887561244;-0.004972191462175164;0.008437737282653549;-0.012372057420749892
0.0027570311932397402;-0.010440776001284112;0.006177439116334364;-0.0007638015819699647
7.269105400327979e-05;-0.01533232633958794;-0.0003008653252813657;0.01290635199178414
-0.0017887934612288697;-0.01659494801091697;-0.008177015951674383;0.022757109747046873
-0.002233307826479721;-0.012793230371203605;-0.013923763229356883;0.024974480376962496
-0.0015065863739990464;-0.005278664545673286;-0.015501129538498446;0.020130638070860293
-0.0006136048545256638;0.00255035194960419;-0.013193225614441794;0.012189685602527292
-0.0006489600115297728;0.007371471412879869;-0.008884465053340954;0.005120737062788114
-0.0020678976234413445;0.00785880638161042;-0.004765406225619369;0.00020847305562349976
-0.00442506321893525;0.005031137501790278;-0.002386925281914731;-0.0036160570988310594
-0.0066599825184698;0.001029217119598175;-0.002184898488670036;-0.007287205800591078
-0.007649273164141486;-0.0024479830203395655;-0.0033306397580257184;-0.01001506815612854
-0.006748912143658076;-0.0048525215859310826;-0.00412981092800144;-0.010284569645917311
-0.0041728095817984215;-0.006443110799600456;-0.0031582932883711906;-0.007884556206722274
-0.0010077870738482845;-0.007506362166252161;-0.000507952711441016;-0.004349386084301982
0.0013599827939857292;-0.00784062246938953;0.0020483934240576288;-0.0014703252513813773
0.002253078632480035;-0.006837402082437699;0.0024219433032368776;0.00010081800948744132
0.0023938551318892173;-0.004094602476173042;1.3856570880102655e-05;0.0006636325124083477
0.003475794303155549;-0.0001432125743022454;-0.0037550018439772436;0.00045669029374449183
0.006695460496552246;0.003367200953349273;-0.0067206918468200386;-0.0006059419156307296
0.011421987079541302;0.004485215051609139;-0.007757625133684021;-0.002257520502894156
0.015270132798737193;0.002423953327062081;-0.007344934601752765;-0.0034827755830771044
0.015662071357953652;-0.0015354161159084672;-0.006649603743149647;-0.00321083084018715
0.011667522642990256;-0.004755234242703075;-0.006390120587677496;-0.0013772693667484942
0.004748019261958719;-0.005227123045711276;-0.006603471867269516;0.0009373263197263105
-0.002029955388135651;-0.003164624057286907;-0.007117244039425714;0.002495263034626779
-0.0056946570443753;-0.0007651498250321822;-0.007853899874930494;0.0029050881783637033
-0.004935830420485916;-0.00035715761930224727;-0.008677442711324012;0.002636915700619064
-0.0007124845810670683;-0.0025589897929116784;-0.009223559503863922;0.0023018506548632446
0.00436812391961603;-0.005930991474068759;-0.009060058125123283;0.002165815495011413
0.007532715560292683;-0.00822181177947792;-0.00799040942265149;0.00228034129332347
0.007325605496662455;-0.00803096658568783;-0.006180887631956497;0.002706074860276002
0.004199294169189645;-0.005548186196693732;-0.0041034494769786505;0.0032865796274292943
-9.586353682291635e-05;-0.0019848654569727298;-0.0024665289156021114;0.0031990744122652893
-0.0037845764756251465;0.0015241767030248169;-0.0021245621735573364;0.0010038458519727046
-0.006063755223716381;0.004471351195484265;-0.0037680322734807616;-0.004469479340773439
-0.007246528910860204;0.006669397195321617;-0.007359210467087244;-0.012891809221093084
-0.008182921348320644;0.007703447984876053;-0.011695921471900161;-0.02184405675927344
-0.009516667559380985;0.0068821997528403485;-0.014689473083302497;-0.02760739965777035
-0.011284826428335693;0.003781115008262403;-0.014532380242937456;-0.02719111084159651
-0.013032366869662925;-0.0011728185958207662;-0.011049475452716074;-0.020395475624958574
-0.014249309661565346;-0.0066847876242685745;-0.0060099305512686845;-0.010307757062865448
-0.014737232923811162;-0.011248437740462814;-0.0018738853362838658;-0.0015574537225395814
-0.014623778238227282;-0.013955035258962927;2.0048599176165584e-05;0.002567988069039727
-0.014089576492619228;-0.014766161915961092;0.00012374314398334366;0.0019996036675484483
-0.013112582642625763;-0.014075415258232662;-0.00032870281578624704;-0.0006196657623396676
-0.011459320483451468;-0.01209765175731284;-0.0007543608326725762;-0.0022658534385490937
-0.008914591754381569;-0.008753250235167083;-0.0015558690116885207;-0.0017647312282121088
-0.0055681128819706684;-0.0041272030147632395;-0.0032543534231118717;-0.0002712333938407313
-0.001926851954989858;0.0010350387782641732;-0.005556070144632269;0.00013574503510873858
0.0012823054249986774;0.005353415875995365;-0.0073005835613299255;-0.0016164495631069999
0.003506343857618004;0.007431054554947005;-0.007289875025698817;-0.00479189259526155
0.004631850855382204;0.006646685921041223;-0.005322273500197874;-0.007662451706638892
0.004888315071660827;0.003572915484754616;-0.0025912595969772435;-0.008922348206984806
0.004507920626420456;-0.0002815962899621876;-0.0009801895893642649;-0.008371257329479223
0.0035014235327571175;-0.0032803543712869557;-0.0016789304401070666;-0.006586806288127139
0.0017580122256797596;-0.004537255260751424;-0.004275001347204074;-0.004313476133913244
-0.0006825774387795026;-0.004305804312212146;-0.007114789328855259;-0.002215809259413795
-0.0034771927237403923;-0.003631817430639468;-0.008502454528542449;-0.0009315194342744223
-0.006045886552238141;-0.0035890968959886665;-0.007553398013372824;-0.0010033902533387294
-0.007746100562150409;-0.004732393836928509;-0.004108970312858558;-0.0025594250654331577
-0.008055318779397337;-0.007063378914997337;0.0017029049231430103;-0.00505488109952287
-0.006766435999766504;-0.010198005839167051;0.00938089382455897;-0.0074181836726404495
-0.0041630794215471775;-0.013353092293076643;0.01747492120689486;-0.008550100944721821
-0.0010146206277626714;-0.015305875850995883;0.023478839320526128;-0.0078113556689894375
0.001739982818023325;-0.014783454320971067;0.024866554185983804;-0.005229165242607432
0.0034898087889482657;-0.011266627131515319;0.020717391832075417;-0.0014331014736141746
0.004260282333177493;-0.0055379137115453185;0.012560156370334814;0.002570573957497252
0.004549565860796091;0.0006081352391029567;0.0036083730292964227;0.005737546137471172
0.004807646029691689;0.005303869505218336;-0.0030563234716602344;0.007351306339292769
0.004999128581849248;0.007475489799424158;-0.005977518127640195;0.007201258902364206
0.004607220292026448;0.007109177097435591;-0.005582529303140254;0.005423881724460632
0.0030275636300064698;0.004925104604336535;-0.003404761644174001;0.0021993675250865435
3.5704157520954675e-06;0.0018353620839338962;-0.0011055949395928524;-0.0022700627709933015
-0.004142473406156495;-0.0013991719277951387;0.000152982202646511;-0.007365023580799468
-0.008459440472779372;-0.004141176417328453;5.620971553037102e-05;-0.011708227918551513
-0.011458589518777991;-0.005693646413100757;-0.00063900645313916;-0.013517672860233407
-0.011486152431759364;-0.0053921081092570934;-0.00029635085002401224;-0.011668412156264463
-0.007457115940539074;-0.003133131414573606;0.002609635471157382;-0.006667663040742788
0.00035047409511213294;0.00011218921547559352;0.008050230428535381;-0.0006463880397360333
0.010018784386613;0.0025381463859093937;0.013693909370235758;0.003797665012182722
0.01862956678120658;0.002698487449487238;0.015835333331350065;0.005218342107340061
0.023634321681433416;0.0008716604804857898;0.011769532911449056;0.0043972501728833146
0.024172298281487994;-0.000615965827584487;0.0021118364679347575;0.004152938057309673
0.0214425860619726;0.001359984265766897;-0.008682799746989562;0.007814636946360693
0.017802900914111377;0.008625096927950366;-0.014296903180663454;0.017056593273911805
0.015154438198909551;0.02021308205951964;-0.01000587897687349;0.030291863768441042
0.013745236240789629;0.032533270098230455;0.004540103342006074;0.042778800628547116
0.012291567271106743;0.041111588447478066;0.024920498554377488;0.04881680351391178
0.00931541029405118;0.042769756194286475;0.04398694659336574;0.0449694966190818
0.00460127772003144;0.036886931387763555;0.055005497765353815;0.032173066024954684
-0.0003925673533624039;0.02516822546813225;0.054417324565650106;0.01522625123351239
-0.0034507264965106155;0.010454911198594933;0.04329993524522944;0.00015458294212563662
-0.0031640017081849235;-0.004419608066034345;0.026963050712699967;-0.008690600568532872
-0.0001038957776049369;-0.01712819104470825;0.012499237379609101;-0.010217951219618202
0.0031808478171302173;-0.025804838016014298;0.005193607588128571;-0.0064001903601349506
0.0035256247170556637;-0.028972533546210596;0.005848511250154658;-0.0007818961416156629
-0.0007576353263990059;-0.02589114632119218;0.010855179428293612;0.0033158624443713975
-0.008348552677693364;-0.01730362101072088;0.014965520271440384;0.003977226462628676
-0.015189499583968539;-0.005971595647430377;0.01469416434560625;0.0010110070148855999
-0.016749250308604812;0.0038524240908003786;0.009977250628145765;-0.0042058303466432165
-0.01097039305430597;0.008350547261866249;0.0033341087767619457;-0.009071999691296226
0.00012245801041647276;0.006592101555977846;-0.002343023720336053;-0.010564141708348886
0.011335219119799872;0.0015997981606436426;-0.005630237264525436;-0.006796783757789476
0.01715026954368908;-0.0014944447953133494;-0.006960572369298704;0.001248807889018575
0.014682355864310211;0.0005523274826130381;-0.007628291874103462;0.009339092009266185
0.00504864044705639;0.006172804339839854;-0.008419712748553188;0.012089508188132491
-0.007399191934675988;0.010107076576646458;-0.009038138589610313;0.006736053912909316
-0.01728841965491831;0.007896058687186545;-0.008688975104081023;-0.004277132620902551
-0.02060333717268339;-0.0003560334787521031;-0.007099730485269503;-0.01451707575606616
-0.016194482528978836;-0.010311413149839188;-0.004914159477750779;-0.018135756728625513
-0.006043624497434418;-0.01700780299183803;-0.0031278824421787452;-0.01413082293811035
0.005583194127470098;-0.018123324067570407;-0.002225707699226692;-0.00672293498830858
0.01378176908056967;-0.01452286989082202;-0.001909921395650199;-0.00172400462316676
0.01504796762332089;-0.008716942471692714;-0.0015980841153681517;-0.0020956857930905562
0.009021378979427655;-0.0031140416844635966;-0.0010357949048857187;-0.006183826936166728
-0.001033583694763435;0.0009358421118012;-0.00033518316563918636;-0.009621603479234398
-0.00964889646978034;0.0033072306493201584;0.00047261840026107;-0.008979735342345129
-0.012003365174537471;0.004624881517794545;0.0016428573438215435;-0.004134477964386017
-0.006629046123404694;0.005407481504222456;0.003288727499152114;0.0022854018458814797
0.0036996844637390103;0.005519752430775;0.004864784993371402;0.0074111994639933804
0.013500907571966342;0.004527697789781217;0.005386770803998995;0.010165610758812655
0.017642751181179042;0.00260823829568078;0.0043431316317306965;0.011243358336747576
0.014102595613592703;0.00094445711636468;0.002313854926731973;0.011597985618117593
0.004866815999886419;0.0010072808006096681;0.0005583514576364642;0.011204638073081228
-0.005398863408160687;0.0032959090364467537;-2.7262308420709556e-05;0.009214900953416575
-0.011967091927796146;0.006706897448988927;0.00040560106900347997;0.005099433089594889
-0.012374290774569691;0.009157597402498534;0.0007465561172380585;-0.0004393029191691623
-0.007244112257521502;0.00899106201310118;-0.000552955656050314;-0.0055838700435711
0.0005507355589043246;0.006021864762087222;-0.004797205070123214;-0.008379781873417716
0.007584260993859366;0.001398675475927292;-0.012127123648353652;-0.00782833420513308
0.011345197080471854;-0.003464572207986002;-0.02072202869188148;-0.004460906938490726
0.010845769265146635;-0.007771622220023839;-0.02715732719489399;-0.00013711597615215365
0.00648805066944868;-0.011227932042703032;-0.028366379054752148;0.002893659026068349
-0.00029767396931020917;-0.013321042775074931;-0.023944266250279615;0.003241127468127209
-0.007390045978849244;-0.013082955943501295;-0.016758822996717097;0.0011151444481251745
-0.012517331919378913;-0.009775791031737362;-0.011173292330556575;-0.0020208110446327315
-0.014190830047060702;-0.003815804830041938;-0.010226821022718456;-0.0045207882914589945
-0.012600406754947295;0.0030302496161148545;-0.013774777233856094;-0.005360843814343922
-0.009638946273926266;0.008427438922558747;-0.01863915618019414;-0.004193972549762633
-0.00772527907575337;0.010676761831535483;-0.020525780575603864;-0.0011933197802053224
-0.008152740434940905;0.009553899223986964;-0.01662368452098775;0.002650411440586958
-0.010230288297358761;0.006290676683643266;-0.007441236593687018;0.005197524580172625
-0.01190495565899315;0.0027598528314634113;0.0032820188664154926;0.003995400912380528
-0.011362714374225582;0.0004701898486788365;0.010645271182048117;-0.0016075621580265475
-0.008360056827351059;7.788103417916603e-05;0.011359978220853571;-0.008984136346369955
-0.004339956500219528;0.001552736682336296;0.005467246756396725;-0.01343810794506533
-0.0013774279317892428;0.0044754495942694724;-0.003942795020680703;-0.011587405517602
-0.0008022009063854844;0.007998956255245375;-0.012562900887457077;-0.003969940608943041
-0.0024159495168028385;0.010703263677071917;-0.017011836285333766;0.005429028353742633
-0.004703164724451319;0.010955106200360797;-0.016254108902267996;0.012083706904920652
-0.005790808253862921;0.007873886643251176;-0.011851277599379186;0.013701204270537188
-0.004508421437514976;0.0021821124691259602;-0.006974358365198552;0.011009359085746285
-0.0009170963264294329;-0.003918208769699941;-0.00447570071358121;0.0066266280532149315
0.003912457253801307;-0.007951652775267128;-0.004986064256267622;0.0032117488014613707
0.008561684248658436;-0.008655566922500415;-0.006420075325602509;0.00203885085942532
0.01181669947907315;-0.006656037336155247;-0.005578927177981661;0.0026080762072451225
0.012838163795449092;-0.003801543775208847;-0.0008792185997362631;0.0033317267400631493
0.01119211807579018;-0.001656856575958562;0.005972425158720763;0.002779713675702245
0.007125828219412232;-0.00038138550603770044;0.01091504035623761;0.0006318366241709583
0.0019773948006959713;0.0010659541124529149;0.010460819292509959;-0.0022719580729731364
-0.001938150955313923;0.003595131937062487;0.004260642240113262;-0.004640691020790961
-0.002395214124076472;0.006740477752489014;-0.0046664285442809235;-0.00549352983745494
0.001245294946871922;0.008691498575955518;-0.012001139737496206;-0.004467641306657
0.00729004036022576;0.007703455509604417;-0.0147653254589823;-0.0017919330362247562
0.012472406772855316;0.0037331325520722266;-0.012719366113076589;0.0017499877615679762
0.013807081354559355;-0.0011755367839171122;-0.007879701767146304;0.004901004392628251
0.010299469278566595;-0.004233904940533346;-0.0028687118360649954;0.006317864934780305
0.003419043776446405;-0.003974010403797356;0.0006028530735980903;0.00522632818311243
-0.0038673529562388348;-0.0013871824199094185;0.002251409592995207;0.0019058895344485273
-0.008786352771057838;0.00078141752826825;0.002790728657181053;-0.002393363738738462
-0.010096864625356023;6.082271186294273e-05;0.0031851211274311645;-0.006086881794086917
-0.008366289422364847;-0.003897732667611989;0.004085777577054498;-0.00807793452078901
-0.005228529092991647;-0.008987467721221781;0.00555401306997416;-0.008293617864062549
-0.0022426665176718905;-0.012039726401380344;0.007033035626826183;-0.007571518220525044
-5.306424053310082e-05;-0.010923680615849097;0.007602887102459381;-0.006922444165310724
0.0017408469296818373;-0.005882789644509377;0.0064937247715003525;-0.006728228922734188
0.004023418188433671;0.0007275432994479639;0.00359872279105283;-0.006577769352837705
0.007336225576680407;0.0059734466876241125;-0.0003486890600159186;-0.005911344847291875
0.011371593203566907;0.00803159071854664;-0.004027392312273803;-0.004853614474720992
0.015078959051414103;0.006988797469404955;-0.006055546283791465;-0.004323364810493957
0.017188299460998563;0.004428441553421719;-0.005613853192939114;-0.005145865528144288
0.01677950252608315;0.002274917583901979;-0.002941113721790767;-0.0069998136060457
0.013695228250776006;0.0017335832847280045;0.0007050988325077237;-0.00839489094383855
0.008717303962217184;0.0029135431120892973;0.003860154732475456;-0.007873140397073961
0.0034003388187479723;0.005096914878280048;0.005912412329161206;-0.005268711223950981
-0.0004721175382688301;0.007202528257494827;0.00738428590893703;-0.0017757466609724206
-0.0016067241787360667;0.008138907589950263;0.009089887055872308;0.0010890670452353352
0.00026146928739884237;0.00709661701619747;0.011062715010074078;0.0024405736107264145
0.004236207721157716;0.003840016843129994;0.012372820159915063;0.002150627809600461
0.0084648636794352;-0.0011834864502223898;0.01191605267965482;0.0006132361997963347
0.010499339178297533;-0.007066598597645322;0.009317967534546225;-0.0011239397895792538
0.007831686541960063;-0.012781828529406776;0.005219411113830497;-0.001130813398516612
-0.001175999301862423;-0.017251857279160395;0.0009198834964294327;0.002700034539134039
-0.01599166109019823;-0.019150303210398935;-0.002226959867758943;0.01076173090782448
-0.032945324097965495;-0.01701476586456036;-0.00331839377719479;0.020107174105694535
-0.04575095067581688;-0.01024202589967396;-0.0021685374750862164;0.025174331205194994
-0.04809558652679165;-0.0005489470227812469;0.0006524603432517505;0.021300668510371164
-0.037251506488332496;0.007722809851158832;0.003991604973949684;0.00865425061559032
-0.016351224698792667;0.009857461060507146;0.006557876783914154;-0.006948739106541372
0.006517655499974081;0.004586943680780037;0.007546620058997463;-0.01761267676974728
0.022128728006515913;-0.003989735716273993;0.007011630096348853;-0.01869740991921328
0.024674571829182253;-0.009031165164983899;0.0056030545205049504;-0.011671876261438797
0.014514937011587499;-0.006368741736702151;0.0039035245851941048;-0.00243951372239258
-0.002311660118226492;0.002345780333140721;0.0020536279311447157;0.0032310573737211203
-0.017354637514962575;0.011684138155266376;2.0276827849954346e-05;0.003572664144840651
-0.023835460965142784;0.01716750850751724;-0.001903155408832599;0.001243621103569241
-0.019442482703646086;0.017881798676628383;-0.0030410270854457095;0.0003081286106447638
-0.006786348950683197;0.01537041375824103;-0.0028556975157659663;0.0024780144718607785
0.008279913128839779;0.01131095731485372;-0.0014965666349634555;0.005855543665330958
0.019474881114258928;0.006700343877815851;0.00020958738722880502;0.0070148096027620324
0.02276714257006096;0.0024422459538971397;0.0013444938244951805;0.004124836393056126
0.01785615316465475;-0.0003832891982073542;0.0015390588395220329;-0.0017499529101354459
0.007936556599070867;-0.0011341215209560711;0.0011317965759924406;-0.007774513404419572
-0.002091447130932774;-0.00013064817205420004;0.0007734038663463304;-0.011329781877630002
-0.008091098759649395;0.0016666822768440807;0.0008900910935494368;-0.011221864504772255
-0.008530698371199725;0.0033864706638076186;0.0014679021269075373;-0.007690716301936284
-0.0047417201805587525;0.004573984180804267;0.0022401809779483608;-0.0017824790087051727
0.0003198643065363598;0.005013988220470059;0.0029822868514752577;0.005146135467104315
0.0038332743045563157;0.004553323509549147;0.003608412842016169;0.01146483466759346
0.004333903704272737;0.003212365301227079;0.004071887039372604;0.015203635315158066
0.0019362991157559645;0.0013349289543643742;0.00430933172526115;0.01452922220540306
-0.0021700795189032417;-0.000542622139053151;0.004345544567834288;0.008874467102508752
-0.006353640252790986;-0.0020114269740383346;0.004374813982545286;-0.00011468424514569564
-0.008954006654178477;-0.0029592233157785704;0.0046261782652475365;-0.008930236085288595
-0.00860150841479072;-0.0034826553528424205;0.005144746111074526;-0.014030901236090515
-0.004716841612553443;-0.0037538447854186426;0.005740571845979076;-0.013952069390336485
0.001879300248297585;-0.003989284893616165;0.006042247634331203;-0.010045344796260633
0.008803158129004894;-0.0043870133517226175;0.005449106118010864;-0.00521973066540682
0.01299315002352836;-0.004902015362340842;0.003198106507106232;-0.0017401490535115486
0.01250566617914994;-0.005079294529395235;-0.0010557269733303903;5.082014004248591e-05
0.008019340161643306;-0.004337200444902989;-0.006514623140957996;0.001129829878319307
0.0026367674427474463;-0.0026804297102668096;-0.011394959228195145;0.0021532991786271686
-0.00017856484295253002;-0.0011485040085032327;-0.014145771151342707;0.002523256309936514
0.0009670527067442388;-0.0012354908346941737;-0.014466761536255996;0.0010293439635965399
0.004472083702829868;-0.003469072100983449;-0.013002666316658657;-0.0026745872218588676
0.0069516966086587235;-0.006476164315996327;-0.010290115389943616;-0.007208997874855658
0.005642949314473062;-0.007744834105882176;-0.0063981381070875535;-0.01003013625692737
0.0003857138294787831;-0.005691127498609855;-0.0015841867110662781;-0.009068051233381162
-0.006061483529910177;-0.0011994862152660244;0.0030947551783755897;-0.004308794827123259
-0.009619969156538453;0.0028030713364222163;0.006105195812434945;0.0018967837444966121
-0.007496020103607297;0.0033801845222686884;0.006404327906397661;0.006292275488843514
-0.0001405338768067085;-0.0004047381668845473;0.0041570279207151515;0.0070559608097384595
0.008801250064571048;-0.006868335731383353;0.0006730273727141561;0.005093916292835197
0.014579305021600219;-0.012727810269719352;-0.0023304989634408313;0.003024818369890013
0.01404469377785447;-0.015044974225487796;-0.003651551572931143;0.002760369267341659
0.007187664898799308;-0.012907850174555422;-0.0031400907680164502;0.003989325374599335
-0.003245231595899088;-0.007820328805784687;-0.0015238051731151468;0.00485221937540357
-0.013379251014363158;-0.0025951096127912834;0.0002563561011483679;0.003840570178544762
-0.019853252498884803;0.0004291428802613668;0.001574300499413203;0.0010024717229016747
-0.020783958546913783;0.0006134915237137012;0.002143034491196599;-0.0023586824657134977
-0.01612115478056156;-0.0010223938261534175;0.0018321403013546002;-0.004735319579793006
-0.007630311897142233;-0.002870269979772647;0.0007360471136216921;-0.005131341889485835
0.0015736671830665165;-0.0039569622919443884;-0.0006073341805720006;-0.0032107628746315996
0.008127358316535856;-0.004449731215513323;-0.0013306191548682058;0.0006502813195805603
0.009917524099249016;-0.005150008120323755;-0.0007693268194415646;0.005205323455188144
0.007190209258620734;-0.006503791593429765;0.0010719805325826084;0.008543844611927117
0.0024571923924881028;-0.008089563191601533;0.003546571302504634;0.00909331451867579
-0.0009193001490535463;-0.009056925335974483;0.005778618029150076;0.006886799710826375
-0.0006604799190181048;-0.008948343733007402;0.007055217222591837;0.0038276202637408056
0.0031776534635400513;-0.007924696806721131;0.006978152792665577;0.0023492691139426576
0.008377598630054831;-0.0062120092012893265;0.005467646165940793;0.003480643937475269
0.011950823230847904;-0.0036136755660742697;0.0027644622733712268;0.006068086432618873
0.011804281241445605;0.00016006044665488155;-0.0005738463440562338;0.00781690982860054
0.007689721224269922;0.004681219827632129;-0.0037521029552166196;0.007082242460296223
0.0010173065303364338;0.008526409504523257;-0.005894136457374163;0.003843430361518267
-0.0061238036369338405;0.010018471198325293;-0.006271820671215882;-0.0006553642428440713
-0.01196746941207978;0.008420901528857437;-0.004636724966774133;-0.004893227023511923
-0.015507766566340057;0.004577541373810072;-0.0015450938982278235;-0.007781458491141608
-0.016353718835035086;0.00048308639843596573;0.0016584603783381194;-0.008845287195620041
-0.014392368493978184;-0.0018796643541768312;0.0034539797373143812;-0.008199688114113323
-0.00964614726390167;-0.0016247689967277723;0.0031103071010050447;-0.006528667976460834
-0.0024914627277647463;0.00067273609166078;0.0012463752451345987;-0.004822741493318847
0.005892109000580353;0.003444666828027134;-0.0006584839365745147;-0.0036592801014650074
0.013332971815773052;0.005087418266989731;-0.0015536188201022703;-0.002511708579087101
0.017296142725090672;0.004884026913328602;-0.0017265178315188344;-1.2608922827567844e-06
0.016269986228323326;0.0033947015214204623;-0.0023543497287410132;0.004753648036563469
0.01096188165333739;0.0020377164591857187;-0.004111446880502956;0.010877092968827568
0.004181620989747227;0.002040244104420465;-0.006335014200594845;0.016012592552292038
-0.0007660281941295157;0.003473088664996053;-0.00763477541111103;0.018141702846338457
-0.0020783166761527386;0.005185043987410092;-0.0071559996246486745;0.017252713585027155
-0.00035421795674473274;0.005780458754380312;-0.0050778753273974155;0.015191407100644799
0.0021725611463162147;0.004816357929111397;-0.0020887118029039964;0.013862261706500394
0.0033059223456432638;0.0031248953767018077;0.001182737736719411;0.013606426680653202
0.0021950631164187324;0.0019662512639474355;0.004125644981035745;0.013277214784518834
-0.0004220330317712936;0.0018237909159212493;0.005981697476828493;0.011691878708591954
-0.0028876638655632955;0.0019639949166075834;0.0062063203356137004;0.008820719332114658
-0.0036567774165839717;0.0011238837824535627;0.0050651099866187346;0.005614088361356043
-0.0021870838759891946;-0.0013501042947876496;0.003637929972648248;0.0029800150540778758
0.000656825959105966;-0.004912829251304883;0.0030603289369246314;0.0012321454542121616
0.002856076873159655;-0.008175486578979704;0.003731326079452325;0.0005018004750661528
0.0020984554515569203;-0.009746648171224595;0.0051850894382089;0.0012524072895320612
-0.003029580249398506;-0.008830410130732241;0.006541777913928213;0.0038368600924391177
-0.011972850551596272;-0.0053176312813053165;0.006990802788994928;0.0072787274087276746
-0.021821073636689895;0.0002911140776992028;0.006033402244029037;0.008719726874017333
-0.028103659694855874;0.00675236132149495;0.003621647247858504;0.004765110133436151
-0.026776638343790255;0.011963085630747064;0.00031241943242469244;-0.005706285648647393
-0.016543621714674415;0.013603397811137561;-0.0027344970709418455;-0.019352693740578842
-8.280057208033834e-05;0.01077810086518793;-0.004163464448231744;-0.0290187597752055
0.016794166965087957;0.005462248854145034;-0.0031855685611295497;-0.027720041491915856
0.027738465508195854;0.0018478181560080968;-0.00024559785097307164;-0.01386218619041247
0.028800445609143195;0.003285707228100874;0.002994534356817673;0.006107436286620096
0.020171723297955937;0.009280203770752745;0.00460508359343306;0.020488428045350903
0.0059845104160005085;0.015561318302121676;0.003740752720901639;0.019643078699933012
-0.007562184658657202;0.017374739623614882;0.0012536792123803747;0.002871662340980203
-0.014830297548249686;0.01292583633631466;-0.0010882137253957014;-0.020540124789978298
-0.013076498635452096;0.004118847290052683;-0.0019960092185233435;-0.037243862345223935
-0.0036477397206632154;-0.005246785299252192;-0.0011987638904048122;-0.038495055082825955
0.0084795266483838;-0.011668969389631955;0.0011831503284171826;-0.02538461997451534
0.01688513669280945;-0.013177027894434805;0.005190009834593991;-0.007205548521769123
0.016934830729976837;-0.009781033193297078;0.010509137003982441;0.005389827372219858
0.008447538282617512;-0.003388178094313278;0.015592392734848678;0.007190006675701284
-0.0040300370622671135;0.003122054257475988;0.017823270916439628;0.0005071112664603451
-0.013844062656908749;0.007481354434489075;0.014995071129525622;-0.008026599363770703
-0.01610639341923504;0.00910427612685805;0.006922997430578387;-0.012591982016414168
-0.01023752155302857;0.008746643736688934;-0.004094103630123224;-0.011364466821724739
0.0002449686718199865;0.007277607377134034;-0.014264540069476299;-0.006355073225659244
0.01011681449166458;0.004873508934361654;-0.020143093294634682;-0.0011452854673941705
0.015274615952173715;0.001281485182785822;-0.020359941646899807;0.0014620990947700346
0.014426553977063435;-0.0033070025612820515;-0.016289917393548254;0.0006241371727288681
0.009058208977997457;-0.007695806386022663;-0.011122630052086304;-0.002657868619303186
0.002123841240738197;-0.010033405755121601;-0.007756612893108183;-0.006407916744212584
-0.003563733809523102;-0.008926109587082077;-0.006949187421366289;-0.008697424826705557
-0.006413245700221724;-0.004499269040334867;-0.007164598345907505;-0.008474260851904059
-0.0062907733859165855;0.0014766237277820163;-0.006213809252944928;-0.0060045584261280115
-0.004075199381573656;0.006564590997938656;-0.003194204023024442;-0.002710463881203029
-0.0009502895823400928;0.009007431554642644;0.0009425788111519174;-0.00031878609924930614
0.002119766807877477;0.008487729850721597;0.004412068708129726;0.0003001803850541768
0.004500243124161481;0.005971515928783701;0.005948818766230226;-0.00019878016183019005
0.005749558758634174;0.0030141807858535753;0.005291157969479408;-8.48809251914582e-05
0.0056448675161133695;0.0010227982717355205;0.0028421162532596745;0.0020630070124919623
0.004505166917213561;0.0006743413103625685;-0.0006708968290259313;0.006001747363213834
0.0033497381740139618;0.0015799607423044395;-0.004181094201761473;0.009572846117832089
0.003270300042823528;0.0024270141300576737;-0.0064062495536551045;0.009976259767696467
0.0041857111033780274;0.0017446161571393034;-0.006575572515152903;0.005941383510997632
0.004221961492049057;-0.0010413655944445316;-0.005240136084288446;-0.0007694795146776351
0.0008813612807807478;-0.00500153401913295;-0.004053526161439078;-0.006112588219849468
-0.006487118543013819;-0.008132087105541447;-0.004319354595078696;-0.006788333757410141
-0.015090944726348223;-0.008743103172662733;-0.0056593125577131635;-0.0032030317246018176
-0.019875193865139588;-0.006937370134255378;-0.0063224348689997845;0.000649215785484273
-0.017050749571269994;-0.004912886420200188;-0.004952398291001799;0.0008475027506828214
-0.007250849749043091;-0.005404675142648624;-0.0019951843053984727;-0.0025155077137169633
0.004394979869399181;-0.009154864937307793;0.0006829965757753989;-0.005120370185169055
0.011562202666598345;-0.013602028857224184;0.0014560645739358565;-0.0023865178227874756
0.011004670876190982;-0.014393778083782498;0.00013747731902690965;0.0061507223855625315
0.00470951689018089;-0.00891149554217457;-0.0022189977793527402;0.016145464099948978
-0.0014845334307971908;0.0010795050534075713;-0.004219921642949224;0.021801854156527103
-0.0017490904421784159;0.010121163802172128;-0.004656100142476776;0.020048078566698713
0.005938132252986201;0.012823004131100064;-0.0026271094016130183;0.01217615438287349
0.018393333727504714;0.007795849892388494;0.0020620977936295975;0.002303950290070809
0.02902032586396148;-0.0013116459013059;0.008272858755404412;-0.005517854887196073
0.0317022290955196;-0.00841137720376071;0.0136360921357196;-0.00938221854656718
0.024430545342279553;-0.009181670767418024;0.01588829697362266;-0.009853003109334305
0.010397106218771601;-0.003832423694848884;0.014487794565121264;-0.008876330502435062
-0.004137038394145315;0.003354201683745487;0.011001821335337702;-0.00815499721817021
-0.013676708434807292;0.0071325150048241115;0.007863204767493106;-0.007968695306203023
-0.016378760588145604;0.004783663240206104;0.006587267901810059;-0.00722990376238673
-0.014240607177156963;-0.0022903686786815798;0.006895834260023261;-0.004774316257483428
-0.010936066038090577;-0.009718194080561699;0.007286304875678466;-0.000772150157140513
-0.009181445699522315;-0.013102382168474893;0.006359921805433074;0.0031247980667129167
-0.009469202902585537;-0.010743805912566629;0.0037111543175491766;0.005105833320588883
-0.010649439980610595;-0.004422488136243459;-0.00022073135421922456;0.004688039193912161
-0.011368248150729955;0.002093704598210268;-0.0048156918600897;0.0029168270036417083
-0.010994868476477305;0.00560446205223512;-0.00949213239864426;0.001222711187838138
-0.00953940293767724;0.005277763564106865;-0.01332703653368574;0.00022964873314983706
-0.007129733461656888;0.002599364559208763;-0.01494447788329214;-0.0003387582724641141
-0.0038113983766751218;-0.00015546104089340365;-0.01328030088630569;-0.0008512687968696356
0.0001941252377301316;-0.001535735255606041;-0.008552790207671322;-0.001158829999151572
0.004213150967881118;-0.0014609964124778965;-0.0023050529274645537;-0.0008139032629227543
0.00722258619826871;-0.0006673996266898046;0.0035605556668389725;0.00031043313599676174
0.00829627635673682;0.000125267500475902;0.007717871660268836;0.0017893875310242373
0.007070233177910286;0.0006030975264767794;0.009562981473307265;0.003003832876664488
0.003952704137460739;0.0007487783359817596;0.008924666547474097;0.0036113638102774413
-1.4734021711350646e-06;0.0006087972537297447;0.00603795638877803;0.003655859711157568
-0.0034902598865068075;0.0002132796208867076;0.0017704759820872165;0.0033388146853106137
-0.005478309130948335;-0.0003755789034702835;-0.0024602176965677763;0.002790845278267134
-0.005594138108095716;-0.0010343502420299899;-0.005285422715912453;0.0020493744486190786
-0.0042143700275159715;-0.0016281391721495286;-0.006060126023627789;0.0011716370459280447
-0.002211452342237684;-0.0020832513251421805;-0.0050764727193217994;0.00031345082276583837
-0.0005264821106816109;-0.0024080598991303745;-0.0032258221040274357;-0.00030775650640043196
0.00021742246520853637;-0.0026448381064451227;-0.0014407107723728451;-0.0005316302634122947
-7.455629145820876e-05;-0.0027955571040109103;-0.0002961605160416856;-0.0003732085020862429
-0.0009657422701554041;-0.002785738079141427;7.29585039953135e-05;-6.753921164300253e-05
-0.001670968138948741;-0.0025085009438307205;-0.00018056705383390594;2.6038486558542064e-06
-0.0013933947244321493;-0.0019401057945452357;-0.0008184537889194325;-0.0005033895709976134
0.00024588059202261867;-0.0012617993283388378;-0.0016211663763021978;-0.0016347902445021313
0.0028218148518829697;-0.0008902923993500955;-0.002362613329909271;-0.002963220818271176
0.004983784386971473;-0.0013391462501148553;-0.002735739894344342;-0.0036119482466530684
0.004819400704189377;-0.002917751012955994;-0.0023533241618941565;-0.00260175602267745
0.000752706335506412;-0.005400943845507167;-0.0008978154889521914;0.0005435002654650271
-0.007317259630835686;-0.007904511240437522;0.001628607022722751;0.005210409076889191
-0.017288241801365525;-0.00918380895644395;0.004727381384629788;0.009567540009058538
-0.02525296775049214;-0.008350922370604174;0.007497920639675238;0.01125487790351257
-0.027222019461765806;-0.005599172510208886;0.009040784855195928;0.008809081645456946
-0.021380946967313554;-0.0022141764849166593;0.008924941728887973;0.0030643121235918633
-0.009412320981253585;0.000526880213698597;0.007346549739323588;-0.002632734029122373
0.004129476338830474;0.0028487803142450436;0.00486587293925196;-0.004071745538152409
0.014052898622852415;0.006713365719924611;0.002030003686622237;0.000988398874609174
0.0169933322187525;0.013903184714569977;-0.0007413537790466287;0.010763236735444402
0.012770095273873643;0.023422857423385263;-0.0030074021163773936;0.0200669066682216
0.004142183345003726;0.03108645071369799;-0.004231925991198274;0.02368636716191158
-0.004629067557636921;0.03229350859398581;-0.004010887098812461;0.02011479801029337
-0.009587302528236906;0.02551167411889039;-0.0024550603239938754;0.012492220980969629
-0.008579594256080188;0.013153277207663282;-0.0003836076445675346;0.005825962222448409
-0.002068667134903759;-0.0005098486128780872;0.000904923564847097;0.0029428220922032783
0.007001354812989702;-0.011799861049777463;0.00028235518191322323;0.0026819292224121638
0.01442067475090918;-0.018407977266455645;-0.0024038694832670664;0.0015200772843039796
0.016686903108230344;-0.01910480041491875;-0.005908250766165742;-0.0032180929710005704
0.012803914331742203;-0.013960921735974215;-0.008095281643949969;-0.011204063672992946
0.004815999833748632;-0.005044313511838473;-0.0073347851675892774;-0.01924390330764037
-0.0033688105554732866;0.0038974553433413985;-0.003827991029867414;-0.02337250378154592
-0.008217390479398982;0.00941602917577897;0.00036278993971274726;-0.021666501689422277
-0.008504313391238739;0.010562393097622502;0.0028198267293309313;-0.015954273995477573
-0.005764905664987786;0.009186131122001097;0.0025720879775852825;-0.010818844001459096
-0.0030421060418229936;0.007955518877282682;0.0005834852336698901;-0.01017397281929316
-0.0027967636720006724;0.008020081859499309;-0.0013909063873137717;-0.014067595324331408
-0.00538863513785396;0.008444150788381309;-0.0022822685913466466;-0.01856418373925128
-0.009075885128183329;0.007526743342956747;-0.0020855010503607603;-0.018925980139694466
-0.011344280872134986;0.004395661489347035;-0.0011618059766053126;-0.013423923592648525
-0.010507892051136988;-0.0004335371193710302;0.0003033073716560495;-0.004748712716221897
-0.006545952368108761;-0.005507048524200746;0.0020130755775347323;0.0018745003140439274
-0.0008354358435866316;-0.009233860240227067;0.0031855109601440393;0.0023038678024471606
0.004809235463944784;-0.010597052207397954;0.0030448593532280553;-0.00375308865954842
0.009034657000133355;-0.0095612123227185;0.0018547902208900645;-0.012588381199710348
0.011250326902346829;-0.006992015321285227;0.0012067286112719651;-0.018760750017431004
0.01137656169403646;-0.004075168389450198;0.002918575818548391;-0.018005217476670117
0.009525900919875506;-0.001567386094516164;0.007344541020581893;-0.009051269528756909
0.006027792226454093;0.0006000196081922609;0.012553481327430099;0.006131668210905206
0.0017245789410281608;0.003072314941508474;0.015206730936964265;0.023184154099854717
-0.001914964217020285;0.006395346195860508;0.012731348160948664;0.03681654535595319
-0.0032483950141651958;0.010455082209163993;0.005357960290301428;0.0426377233720156
-0.0013930842923288594;0.014416155680886451;-0.0036077914003560005;0.0389157456517144
0.0029725917331217557;0.01712118805927776;-0.00984100208986752;0.027478785133883174
0.007672293794311857;0.01764405209726462;-0.011029232153846774;0.013076156270639313
0.010152498028640322;0.015697033613220963;-0.008435464793915094;0.0012063127207183268
0.009009110024561777;0.011699127925562935;-0.005631599689009166;-0.00461040008771635
0.004850341641070811;0.00642586833622615;-0.005486321296727877;-0.004424839604018821
-0.00016173440147041526;0.0004210963885093026;-0.0079612012051916;-0.0010621818760565326
-0.0038023667863939905;-0.006280908438989804;-0.01045882913020785;0.0024987860463049137
-0.005233339780384161;-0.013628903989810492;-0.010262218711512835;0.005308457372020813
-0.005288631958950598;-0.020543293886096096;-0.006923800949395868;0.00831102870128087
-0.005299546717911091;-0.024571858852319065;-0.0026076695937580813;0.012272741716782257
-0.005401504088404681;-0.023041861846843717;-0.0002120825546579734;0.01596332082146764
-0.003941606597334115;-0.015115189458161512;-0.001052711922190203;0.016429281149777833
0.0011427942877010396;-0.003077655864632409;-0.004157457883005372;0.011278356932401768
0.009959826774661727;0.008417780804956962;-0.0075205323665245944;0.0011149249185897281
0.019544357398399485;0.014913010926755071;-0.00974454447425614;-0.010086181913476652
0.02532900235036453;0.014799789740501943;-0.010413804813143038;-0.017342221961554227
0.024173455066103834;0.010060750881504562;-0.009316416996229955;-0.01794367787623843
0.016484162296086947;0.004442289399050725;-0.00607192727291301;-0.012793731969443058
0.005884318022181944;0.0005501475643264073;-0.0009673333927787765;-0.004826920134354757
-0.0029825976080535706;-0.0016580124003351586;0.00418149083281857;0.0035033772374860103
-0.006751720487669769;-0.003849020113874478;0.006795304996876224;0.011035784758636083
-0.004476855492484748;-0.007062151478649462;0.005638504778755724;0.0167839092876621
0.0024488187976328068;-0.010544974672770753;0.002056442088335508;0.01906004020125472
0.011026448674651985;-0.012618671769763492;-0.0011462526653917657;0.01644257142247547
0.01765769597786598;-0.012390690504377185;-0.0020871478358487298;0.009586680129294556
0.01933129460396059;-0.010479199781453131;-0.0010640882162011806;0.00158189640390439
0.01478282137779279;-0.008152413400702656;0.00029664559923049227;-0.003960094834708805
0.005147992662170341;-0.005949128446512913;0.000794354774642172;-0.005491285639842371
-0.006325973389917593;-0.0032743646370980094;0.0005492764204852627;-0.004487655955787624
-0.015526364657411995;0.000647458495471126;0.00053447196241765;-0.0040341176450120015
-0.019206336847623715;0.005515492355470118;0.0015625946111449778;-0.006342977986458979
-0.01643575256936138;0.009746746322368261;0.0036864169334595792;-0.01119797639547662
-0.009015027214867839;0.011606693934214755;0.006285918538162657;-0.01633031631016819
-0.0005249710890203072;0.010646056415610929;0.008527409941350594;-0.01916577181702294
0.005522585745142152;0.008113937518219875;0.00977417074183226;-0.01848165418847762
0.007349919986003097;0.005946336679476273;0.009756426594854706;-0.01481750833505801
0.005452676239233244;0.005196390256157745;0.008574073306613212;-0.009624063461337254
0.0018692813428243078;0.0052549647185474845;0.006665258859057527;-0.004144983899557977
-0.0011908868957206523;0.004506961148794588;0.004717780909745992;0.0009556553803543912
-0.0024962227983666703;0.0018233114693600187;0.003397034063084283;0.0051555308363819665
-0.0021665371420329918;-0.002388876913760941;0.0029445518501709216;0.007666297292158615
-0.001267928097990809;-0.006406329298482564;0.002977740370682704;0.00776829370783794
-0.0010342997185308403;-0.008408337358955173;0.002762049578498607;0.005600704693942503
-0.002185627309059032;-0.007663424552172901;0.0017842060187117366;0.002428117054695229
-0.004611715191716217;-0.004820218378007128;0.00013091579594640238;-0.00012005120293915905
-0.0074534669296316795;-0.0012718053686139835;-0.0016174753771990777;-0.0012033585470258598
-0.009487182057131206;0.0017290610297115605;-0.0027896893099055567;-0.0012109511183250009
-0.009668546111356171;0.003523995309421272;-0.0029563349775613133;-0.0011211246926880795
-0.007635741805488708;0.003962254855685111;-0.002046369496089677;-0.0014912745166634194
-0.003933571792597379;0.003165058830686013;-0.00031328102548936024;-0.002037965030826308
0.000193079693544371;0.0014997125732593298;0.0017734470760173413;-0.0020529643178200763
0.0033730366471306137;-0.00030000856171986804;0.0036577135125711543;-0.0011099296626295798
0.004767013016848724;-0.001212395065400206;0.004782526922014964;0.0005809146923161519
0.004447054529149507;-0.00038226048265566954;0.004641737871096248;0.0023312216846593362
0.003265477285685181;0.0022761113822290196;0.002917589245592396;0.0033813193873827633
0.002263373951058083;0.005770342401975764;-0.00023768396129703986;0.003265444366801449
0.0019323240582357556;0.00831688004431578;-0.003956643076158588;0.002035620482603919
0.0017477552245509947;0.008175035260636978;-0.006766495552636741;0.0003288251972171197
0.00029518995716398415;0.004647983387423313;-0.007199122508502365;-0.0008020414591154571
-0.003957845536373061;-0.0012845200144358392;-0.004658355085679969;-0.00036712256348609947
-0.011533898180780763;-0.007146820627192493;2.4775425256495686e-05;0.0019073604309951804
-0.021038894362391085;-0.010088675621059305;0.004889315787052403;0.005140912510882815
-0.02915076496256899;-0.0085888200550897;0.00798516998415184;0.007478190739705095
-0.031884161272098185;-0.0038491330579153485;0.008579786632268079;0.006965605121456472
-0.026729159506824772;0.00026342954134297666;0.007442008299428217;0.0027263896377440915
-0.014425647813960185;-0.0006844028331707066;0.005975653559502549;-0.004285149666449588
0.0009132179517274879;-0.008475357626146186;0.005039145326037065;-0.011577456184857109
0.013608699608208992;-0.020312549085582634;0.004521393840542633;-0.01650979970004587
0.019153234424022628;-0.030235139625614457;0.00390157664935099;-0.01797154651209856
0.016314527993651448;-0.03319357249324487;0.003050263810526065;-0.017033667231833746
0.007513029873111553;-0.02835624679210387;0.002427821916404783;-0.015796091597284144
-0.002562375415795888;-0.01879544469154073;0.0025491289083589435;-0.015257184520212652
-0.00923352150979389;-0.008393899695117973;0.0032853024018229308;-0.01429549867577787
-0.009891691309699892;0.0005947206668074471;0.0036760493433567313;-0.011033472608955222
-0.005018138839990487;0.007403693871612345;0.0024810686225623926;-0.005273571831491421
0.002179245235088565;0.01145651287016314;-0.0008868342682137345;0.0007698641197395312
0.007351420765973541;0.012154943856121852;-0.005706906420699451;0.0044660680055838365
0.007158551888878075;0.009760378448167434;-0.010065102463510202;0.005389731145945896
0.0010255413032846737;0.005714992475903037;-0.011743571515910415;0.005731597377718757
-0.00842374231395476;0.0017543594647575784;-0.0094021887955372;0.008063607415453271
-0.01669644222534172;-0.001151882630416685;-0.003339049546581301;0.01268992083533295
-0.01995159539122755;-0.003003381707446912;0.004660745046181915;0.017094930200462623
-0.017139287812177165;-0.0042684060598313115;0.012221813963909176;0.017965400129372047
-0.010297089333832415;-0.005365746729727792;0.017299755442403586;0.013950844641247242
-0.002934129602544391;-0.00641581557007492;0.018614902804514537;0.006786896218542664
0.0021818070559752756;-0.007203694870627817;0.015818912720796025;-3.4074179339808926e-05
0.004330401503230254;-0.007350426832846978;0.009799652349820826;-0.0037888891524029103
0.004617842052721546;-0.006649200396960945;0.0028324158622556467;-0.004176621918223787
0.004687416346345972;-0.005288954905900999;-0.0021916072122185122;-0.0029329903194474207
0.005401277902946273;-0.0037057554728039937;-0.003476593652215471;-0.0019959165798603008
0.006375328219798689;-0.002174227026606293;-0.0017051219994440856;-0.0019490414743471205
0.006543997023163918;-0.000535696119856564;0.0003440887018184196;-0.0020213415340261066
0.005185722401193551;0.0016410825593857735;-5.117755321956206e-05;-0.0013764792633317751
0.0025579218828704242;0.004505349942018383;-0.003332167232728719;-0.0002710816076119051
-0.00034387174672556066;0.007364564345607638;-0.007318371347597771;8.755376642705915e-05
-0.0026393471045575365;0.008711677369607188;-0.009133667906778265;-0.0011967240060944291
-0.004220966151004812;0.007169913788790812;-0.007754074216633601;-0.00365356160784068
-0.005550142065872218;0.0028451236879991812;-0.004937850604093776;-0.005725834176082037
-0.006713922163348362;-0.002136328236537444;-0.0037241146642658387;-0.006149023149849834
-0.006682569923036814;-0.00471283675285324;-0.005828042819298683;-0.005064304307719258
-0.0037471505589782047;-0.002961775518900485;-0.010175402361583475;-0.003784785578608558
0.0029078019820103747;0.0025233735149861967;-0.013726913772346335;-0.003500234754534271
0.01181787591400223;0.00910900704157508;-0.013709118449886003;-0.004209241240123236
0.019523346616041243;0.013989981154919664;-0.009304906551033389;-0.004886002222121079
0.02262780712885432;0.015911866332070937;-0.0017133492684960358;-0.0047066089950920965
0.02006611465772934;0.01556576616255153;0.006820854183385521;-0.004139996202815335
0.01378279523923925;0.014648848305675864;0.013880131703641179;-0.004715081138899114
0.007418056229381585;0.01444192761391698;0.01747642416110509;-0.007431348419804383
0.004147652708791095;0.014856623295744085;0.016870506406424568;-0.011204283317117295
0.005168778788799623;0.014504010329880818;0.013360961766569639;-0.01302249870293837
0.009482617302849494;0.01173652596232625;0.009946854352205794;-0.010095111867639447
0.014596244274603931;0.005998192773854094;0.009425766962332474;-0.002337534785162948
0.017473735982637212;-0.0015042247132858407;0.012127661992586487;0.007075887167705414
0.015511890705256774;-0.008409715467542276;0.015151839527835676;0.013857929093654044
0.007655292372065077;-0.012634635277525171;0.013878780151797988;0.01570075170060527
-0.004587746860941053;-0.013414907810275958;0.004817727073076339;0.013518402090176565
-0.0170323055252425;-0.011277582324993363;-0.01199212489732203;0.00986950664116681
-0.02427187228255274;-0.007458692922724491;-0.032406298981948495;0.006441156659449163
-0.02234566511593659;-0.003521608647828875;-0.049749680769159664;0.003124152713453291
-0.011150629830482952;-0.0010492775523639221;-0.057830434236893;-0.0008768758044315725
0.005079310834749677;-0.0008845386919995903;-0.053941238022286786;-0.005582831785722029
0.019831683568166777;-0.0022567701614527734;-0.04015463016752595;-0.009996408262460952
0.027770438497193878;-0.002925536924656616;-0.02198559784512418;-0.01297672488718384
0.0273621824252315;-0.0007722180498262411;-0.005267011472581922;-0.01406736814764127
0.02102595026886625;0.004284376178226972;0.00657366102267594;-0.013491325455816541
0.012993550931338634;0.009771110910171318;0.013216321978808747;-0.01154655823160243
0.006624396590007459;0.012203138825055897;0.016325334678765492;-0.008247163389039093
0.0029888119716069026;0.009617830991397743;0.017877825147571993;-0.0037378675889907704
0.0012674577085681903;0.0031478322170342735;0.018931691068551207;0.000998895317599926
0.0001252608091390872;-0.003617237845590831;0.019192909416898288;0.004208711896491906
-0.0011880060095159498;-0.007007324341237718;0.017482682056498628;0.004514015381419516
-0.00263579833192708;-0.005594830866455908;0.012921850187758079;0.0021176549885232516
-0.003872114896927396;-0.0008310426762785793;0.006060692354166993;-0.0011990846517015332
-0.004777029324389663;0.004232870777203907;-0.0010444846699859602;-0.003322849979736657
-0.005556156192060453;0.006973247423810701;-0.00601314747454367;-0.0031378742038119076
-0.006364608029788829;0.006497742671041205;-0.007591364808171767;-0.0009282587574273743
-0.006882360114925845;0.003573367174759801;-0.006156200268148302;0.002096114627605677
-0.006364568302228312;-0.00037109889635803835;-0.0030874090067300377;0.004506900575137177
-0.004285796127759742;-0.0041958561750861535;0.00014603591166595522;0.005254728042505416
-0.0010935877748500758;-0.007290781194007035;0.002414470464511548;0.00417893798785253
0.0016962665611673967;-0.009202240661303521;0.0029404589788788404;0.0022536420414235796
0.0024220738864377278;-0.009293441704230703;0.001426034934309199;0.0011277746840106183
0.0006516972279657162;-0.006978639834450783;-0.0015855384127210546;0.0019507440411201265
-0.0021741136407969464;-0.0024239665806429548;-0.004639865785086219;0.00435031992738003
-0.0035759695088378955;0.002994188854622784;-0.0060672035729527445;0.006617480500429524
-0.0018374196444409627;0.0071676571347313225;-0.005095284379295385;0.0071257001245993695
0.002641059763631929;0.008614335441720296;-0.0024022175353749643;0.005707614090817416
0.007515214809968042;0.007692221564718228;0.0004488283755926867;0.0036392714395049454
0.010037639057752738;0.006426784070231582;0.0021812124027824013;0.002325538861056927
0.00881068144497555;0.006767575127081984;0.0025755944355996038;0.002175245020109592
0.004591363796863164;0.00865577334280837;0.0023826502245449803;0.002807056571234881
-0.00025061446208119245;0.00975185685932303;0.002675249014117062;0.0040436603715029995
-0.0031860587357811637;0.007335175495286183;0.004082155437760951;0.006243636179801823
-0.0030084961077407016;0.0008939872298323905;0.006183426702103596;0.00947457629015682
-0.0004948270766444837;-0.006841886137122134;0.00744611449738676;0.01257476007010962
0.002149565484255941;-0.011478171493660858;0.006089322473843235;0.013402409425280268
0.002728808787731115;-0.010034140619178929;0.0015551267982304596;0.01032252691441759
0.0004554467049289021;-0.003086518824545328;-0.004657644204826769;0.0036727596851935324
-0.003592697606174122;0.0057339127518487645;-0.009793114539537613;-0.0040964067210344695
-0.007214932366670843;0.012335354588574269;-0.011676586103900143;-0.009747398732719396
-0.008539233442123819;0.014577510846835031;-0.009871352982974143;-0.01102452210143826
-0.007332173803232238;0.012765215343462645;-0.0053034011222699;-0.00771850574036572
-0.005391123514993655;0.008513976464392111;0.0007412357145801764;-0.0015674866290242818
-0.005631528048237047;0.003520291925274948;0.006993641271803098;0.004801450482095525
-0.010167368613603988;-0.0008217770727081832;0.011959751106028631;0.009272603424992625
-0.018474553565468017;-0.003336503886775695;0.01398746325437707;0.011135546131279565
-0.027022946103703187;-0.003365064007768214;0.012031012801321196;0.0109359833554461
-0.031006955688407285;-0.0015432402782537158;0.006478679225528668;0.00964182298692511
-0.027273414629721205;-9.750106344009149e-05;-0.0007723016994963036;0.008050265161581695
-0.016469577032136813;-0.0016448782359896447;-0.007160830358323137;0.00686555967303682
-0.0029010112017577886;-0.00690630552562543;-0.010712139326896642;0.006895590364773965
0.007766619606073963;-0.01340650312348567;-0.010917265165404543;0.008588241443046346
0.011462530171850954;-0.016959062656295053;-0.008692988814451661;0.011075987598087856
0.007638431691936997;-0.01503424986596658;-0.0055149845945704256;0.012008848324687238
-0.0007332201110281869;-0.00874227735833001;-0.0024436375337099758;0.009154874841896145
-0.008870114965996339;-0.0013753555364217718;0.0002296874653505445;0.002802436799809936
-0.01253488347752392;0.0047319060702303226;0.002623037364112487;-0.0035220598773655297
-0.009835891917135044;0.009526798267804457;0.004715057454520859;-0.005343682590276068
-0.0017757927644061408;0.013774591316888466;0.006166814471398418;-0.0007909682877879902
0.008465341413149653;0.01719365002316863;0.006608432099712102;0.007849480186957683
0.01698913459820136;0.01850642220548614;0.006017545298824468;0.015909963757649755
0.020658841210227822;0.016859888414905478;0.004760784574962695;0.019618073934008665
0.018094954400944035;0.01255575803437628;0.0032405085497133708;0.01807353638930875
0.0100397962076116;0.006476664292985735;0.001529056691626276;0.012824741552417189
-0.0009193045251159245;-0.0005884335388237074;-0.0005643287374441985;0.006027214825897391
-0.01127056784324955;-0.007784516144379376;-0.0030095246649547895;-0.0010801994489762566
-0.017958273685347057;-0.013765003683457875;-0.005220202529724527;-0.008229472770308737
-0.0197029956312336;-0.01701345780982298;-0.006355647800747264;-0.014904111782768199
-0.01752961499291465;-0.016812679677195193;-0.0059871419233952445;-0.019317406716300296
-0.013988015860978203;-0.013747645172365522;-0.004352882866060116;-0.019056705387987313
-0.01135404613493749;-0.00912516989742757;-0.0019290063363574753;-0.013197956794961963
-0.010030270228629729;-0.004016617403137439;0.0010674221834429687;-0.0038487409248110192
-0.008454613759746646;0.0009960205398894546;0.004557259683979962;0.004807602184180936
-0.004684812468179586;0.005319769768727463;0.008000554097227285;0.009511495321494454
0.0016457926355390104;0.008046184093161851;0.010104392299234802;0.010218377820598095
0.008709843182305518;0.008461183568633467;0.009369862084405498;0.009402632974330607
0.013770412270876135;0.006850022433921399;0.005224381716347079;0.009121555296319646
0.015239794161955575;0.004579221034410601;-0.0011236312171183194;0.0089524695758026
0.013722094541828983;0.003092022276746973;-0.006943915723269095;0.006948308881784011
0.011248497960045858;0.0025893307103709746;-0.009398890179126564;0.002444862383137396
0.009566230486378374;0.0017361811211436882;-0.0071250199213506475;-0.0024625516626748845
0.009031143197379103;-0.0010090731215611599;-0.0008223948353751837;-0.004498170085927856
0.008857534061288452;-0.005508282307727371;0.007319914517703582;-0.002318216565527487
0.0081714559568762;-0.009434796017812618;0.014592869119602071;0.0019435057343119564
0.006772191740675907;-0.009905786997905702;0.018546446846378864;0.004236782485389858
0.005053182765364789;-0.005876384221055518;0.017699129965624668;0.0018740134773130653
0.0034361449851699312;0.0008573576506592395;0.012300931141179802;-0.004280427254450079
0.0020282806992443407;0.006837723115946172;0.00464595774669381;-0.01039509714849332
0.0008060125685626751;0.009194786278134961;-0.0017462090176538158;-0.012456743794317502
-4.4524630707156355e-06;0.007241967710847855;-0.004008100586383582;-0.009158904971357282
0.00012599472015028653;0.002517704620264901;-0.0017188678561314064;-0.0027883690970955744
0.0016139130856150203;-0.002439017333434327;0.0028423715040265126;0.0025890375719988487
0.004239990040344056;-0.005613705134226156;0.0063935715924237;0.004246179317039043
0.0069899271243220144;-0.00643211722879288;0.006988866245051824;0.0026272896396089067
0.008423968962432917;-0.005736344450625109;0.005018263057156641;0.00041740975788704537
0.007379258657963663;-0.0050940487690781895;0.0021566875853703993;-5.135865049828717e-05
0.0036600375765873236;-0.0059008361844655605;-0.0004550150897337123;0.001384240426604568
-0.0016154838519649932;-0.00859496778771786;-0.002915525218952019;0.0029109142453936487
-0.006266860911110321;-0.012235664158197285;-0.00565648392825468;0.0021426375571743364
-0.00795868054361078;-0.014740055875256081;-0.008207729632692083;-0.002590230657328298
-0.005440533087360628;-0.013888104146966696;-0.009176514619020403;-0.011458316844089166
0.000572752635582018;-0.008694904803448786;-0.007550174925082978;-0.022636134360823224
0.0075524227742526;-0.0002942929850635961;-0.003946892006915019;-0.03237227660751973
0.01240789616778465;0.008446524019313678;-0.0004492976188965423;-0.03635982937707871
0.013082077633132582;0.01455773144058712;0.0009556525351060017;-0.032246925055652104
0.009444521285340035;0.016711851313548135;-3.104021332329261e-05;-0.021529160770752048
0.0030408019087501815;0.01564861158008045;-0.0018097446227883975;-0.008889030289201336
-0.003866820376069152;0.013011016950737024;-0.0022464697151789916;0.0008276213839345178
-0.009253044501269911;0.009873708589645508;-0.0004478618351503348;0.005460411292995739
-0.011914003107882425;0.006365699245785059;0.002526148366564684;0.005922169569240272
-0.011667607134519578;0.0023898724990032284;0.0045581474427458515;0.004444948467193776
-0.009211505239145365;-0.0016800820883917434;0.004202956691620073;0.0027992945481817313
-0.005704154437229841;-0.005064057554975087;0.0018284074064662363;0.0017741305188090771
-0.002258190593651718;-0.007071549429695664;-0.000720089082023346;0.0014524568469497354
0.0004404605519124016;-0.007376206728589008;-0.0015578392835083434;0.0014510806493661344
0.0022914115590281356;-0.005959934611832684;-9.144892521871568e-05;0.0010870484339323546
0.003689242711447239;-0.0030625741472676523;0.002679723339235213;-0.0002405174170969376
0.0051760700314387;0.0007024796217506336;0.004878310396515615;-0.002605381439726693
0.006960852242185248;0.004297080074089526;0.004845810260791739;-0.005438974148769391
0.008610738668508987;0.0065484946610444295;0.0020168509709668878;-0.007805247944272643
0.00919639113315762;0.006706153927196507;-0.0027475509467325752;-0.008775909540313032
0.007864587383473782;0.004860514856912082;-0.007528452091548112;-0.0076850101099235945
0.004461404879287839;0.001908012448169835;-0.010393849718512857;-0.004345502085548079
-0.0002405712275722505;-0.0008741448317603969;-0.01059821027990349;0.0006213956009262332
-0.004885392131868902;-0.0023812698757809266;-0.008989218412927592;0.005551099822494542
-0.008238205960106458;-0.0021848320084304133;-0.007115626642243547;0.008143843398675127
-0.00980826721040355;-0.0008242840703877333;-0.005771127821974485;0.006731415679994349
-0.009982045383392223;0.00038564342142671137;-0.004411703447729791;0.001681838646578617
-0.009558584103127443;0.00012680977336959148;-0.00200225934718396;-0.004326293450784838
-0.009011158891784355;-0.002016943094159455;0.0017245858095271793;-0.007767385751964967
-0.008068561197525847;-0.005244512680685048;0.005938030039713123;-0.006624797394326937
-0.0060289402553511335;-0.008075602055172128;0.009351723407878562;-0.0018680099364362173
-0.0026038739890111903;-0.009253226865168813;0.010807671882366398;0.0031993682471820753
0.0014872720554371494;-0.008312006290679895;0.009347593272953186;0.005318152617944673
0.004844977915937259;-0.005586907950399802;0.00443902741529431;0.0035246789219000804
0.006423755028540228;-0.0019615340738646805;-0.003219666267287835;-0.0004792739996280779
0.006234425148927218;0.0013176592718039473;-0.011185008055381057;-0.003890370325356908
0.004924386955496156;0.0028227680025168034;-0.01618488363999051;-0.004692824286489804
0.002668288223204603;0.0014579069170215732;-0.01615649919677061;-0.0023729057802300535
-0.001308800074276717;-0.0026582085970744823;-0.011678140840530904;0.002445280188734198
-0.007795204634566622;-0.007636520593565841;-0.005509683204498703;0.008314362729943925
-0.015983615094339272;-0.010586451498289047;-0.0007550656233860456;0.012850382059547673
-0.022832124805972593;-0.009780015745099766;0.0007912375769346253;0.013132015732842145
-0.024334243427689257;-0.0066088817523994575;-0.0008062328518020208;0.0073887974644419275
-0.01799613201392483;-0.00514124059673496;-0.003955708208671609;-0.0030039108500390602
-0.004774859965512608;-0.008898211974455365;-0.0062705108202543115;-0.013394608106891118
0.010912988505481431;-0.01742720466568282;-0.005623657363924892;-0.018557038856921095
0.02322517644630818;-0.0260935814428721;-0.001402896635704793;-0.016454731662398095
0.027841764450533296;-0.02962022128274619;0.004802951883343009;-0.009813589117344977
0.024145208928880408;-0.026031190008329853;0.009992623831598844;-0.003806883593783264
0.015346652890786721;-0.01732706685381033;0.011778673506630663;-0.0016509754963891534
0.006464717985884416;-0.006945313021552246;0.010009478830321737;-0.002076170427159284
0.0013845991998640281;0.002736931156245176;0.006502246550733559;-0.0010657215843961306
0.0008192756947178761;0.01064855071292861;0.0032513606795223494;0.003820440885408167
0.0023927734425390895;0.016082044500470447;0.0009825912413090018;0.010711580795098014
0.002600389504431234;0.01851467757893957;-0.0006556042499074362;0.014785501168358733
-0.0008317133894079659;0.018109323787296454;-0.0019089295342409201;0.012312699378822938
-0.007680697298824573;0.015571088703111911;-0.0023560980639009666;0.0038237687304151628
-0.015540074952777538;0.011378587442071314;-0.0015342613392615122;-0.00603533519530065
-0.021211453660282573;0.005720571570778012;0.0002561392697604791;-0.01167165774702729
-0.02229068929591652;-0.0005787723851749185;0.002076500950052033;-0.010322073826852506
-0.01817479996799572;-0.005608103754696263;0.003212985941437335;-0.0036705133988296063
-0.010177433148057075;-0.007476138517496546;0.003646983026285005;0.0038137172870973055
-0.0009649561557614515;-0.005969746555949139;0.0035381597470105944;0.00832181116151564
0.0063647156598052035;-0.0028621790042804318;0.0024188256422699858;0.009030100176296654
0.009438295668679694;-0.00043281222936915396;-0.0007051321036907768;0.007600580749595281
0.007757469693989016;0.0003432811737462251;-0.00612793460321334;0.005859236819858774
0.0031616326770399624;0.0002615375696655833;-0.012326944007721536;0.004161339120001193
-0.0010378313673968056;0.0007527767767332656;-0.016390609422199724;0.0018342957534039637
-0.0019840259370311835;0.0023644164289147824;-0.015906988552577515;-0.00128036394099435
0.001000810894703442;0.004283772768615124;-0.010621158994801271;-0.004173126596091252
0.0061387229719635115;0.005221797900329959;-0.0024005037188111087;-0.005594684923995107
0.010494086185099373;0.004664775784416262;0.006145687270190828;-0.005328844215950524
0.011811540047391357;0.003245330084699024;0.012869482958866422;-0.004262105766199112
0.009691851969136099;0.0019858221717922904;0.016348702660728177;-0.003259787599319312
0.005627777879727807;0.0013185505761352644;0.01585834424192557;-0.002294760476142641
0.002130292042781416;0.0008636317625919755;0.011737814227574894;-0.0008338072648738064
0.0014170358287287136;1.9587365531245982e-05;0.00568575470659032;0.0011529092905645593
0.004209012506839277;-0.0013329525660907963;0.00012462613752300275;0.002867087001484974
0.009244332034624379;-0.002581050301985637;-0.003149252233711101;0.0033310753496195336
0.013860285640481034;-0.002617735804845043;-0.0038408037775031537;0.0021710313444972865
0.015375776116007649;-0.0003976845892648244;-0.00284405641180469;-0.00011979574589201704
0.01251867990634291;0.0043272440119034375;-0.00123090832260103;-0.0023355576802342884
0.006142129023686423;0.010418015805875822;0.00048673151427418044;-0.00300282346352937
-0.001152821789969453;0.015471786675778117;0.0023246058070889183;-0.0012783945970714474
-0.00633561292989599;0.016916127452316396;0.004253313215709672;0.0020740154924062276
-0.0075336702868655;0.013515193182988215;0.005730293697302088;0.0048088138519752155
-0.005004808130103946;0.006262764461145897;0.005882882597267382;0.004959062347086973
-0.0009345568423513738;-0.001957351940179232;0.00428068848351896;0.002797960663184033
0.0017962458348903425;-0.007736665767284958;0.0015466960288159687;0.0008086598790990212
0.0011374109294362258;-0.008760235966931875;-0.0009434568760519648;0.0013672083756433647
-0.003114557740679031;-0.004824461635402701;-0.002126211777886496;0.004360025762519498
-0.009222767257418375;0.0022388475070406403;-0.0020484229440182852;0.007105400418046076
-0.014292770905083555;0.00958426439171873;-0.0015871035063628272;0.00661890453794403
-0.015580033176558082;0.014651749482982998;-0.0014387552108273312;0.002108188464012362
-0.011780410649071617;0.016064998996767235;-0.001493544538646121;-0.0043577667328535494
-0.0037167041546745188;0.013877153811869351;-0.0011884277362177542;-0.00930554007816745
0.005943979380580733;0.009306673485560298;-0.0003094821615188919;-0.010121038876157219
0.013848338795681843;0.00418285531196702;0.000664032017100467;-0.006485068258945937
0.017433833549835655;0.00025285914353837235;0.0009397007653740848;-0.00023066411602185778
0.015985090846325843;-0.0014557029558305333;4.890024589354845e-05;0.005952301720691226
0.010769785956117084;-0.000948922852271861;-0.0018117033565043404;0.009959989636411658
0.004268543030187909;0.0009011952145091573;-0.0039058027104045493;0.01107580931406455
-0.0010345857665280084;0.0029020814052904543;-0.005383879809173577;0.00992306804312239
-0.0036804487646991337;0.004151671287708727;-0.005729025076310578;0.007825135354358522
-0.0036241538279242957;0.004386703820821594;-0.0049739627034767935;0.005999845419275537
-0.0018992356667558972;0.003913411928399079;-0.0035824871709271414;0.004970539963210326
0.00014525731516491083;0.0032255573452725323;-0.0021024940144366514;0.004431981118563745
0.0015654646505607302;0.0025943609127932936;-0.0008433772839447785;0.003614032618711953
0.0021519377399238696;0.0019037809909589296;0.0002111225631244825;0.0019657026418580235
0.0022949185145371455;0.0008329254063586891;0.0012256200138651126;-0.0001999509440815586
0.0025551135890416604;-0.0007301819565032891;0.0022234917143352847;-0.0015155363315141426
0.00321791280087645;-0.00231627062757637;0.0029144705183027494;-9.80879805181959e-05
0.004081835472891612;-0.0028428663268986734;0.0028107093890772355;0.005263227713127177
0.004599453380660533;-0.0010807896466495917;0.0016248363566868055;0.013831086084355492
0.0042853888883423235;0.003509673331254377;-0.00029449493972670733;0.02248124729789802
0.0031074706979322387;0.010020174496463788;-0.0018934084317177482;0.02687832129872079
0.001537519581183379;0.016013324319830623;-0.0019716053379649702;0.024041921402646334
0.00016935839228222148;0.018505201061126783;-0.00010192218684385608;0.01461223852666715
-0.0008211883186513934;0.015738310307283482;0.0028702413098917624;0.002727627765131957
-0.001915370738263215;0.008648348059482442;0.0053447717726993;-0.006718927528305311
-0.003913678085155653;0.0007162979043791266;0.0061677056208538136;-0.01110179722108497
-0.007194823673151973;-0.004065346512300015;0.0054406918014874624;-0.010818590394832895
-0.011146878778618221;-0.0037357504886010666;0.004216319640133667;-0.007772089751759306
-0.014307309863104252;0.0005263541807545318;0.0034967066857373203;-0.0036751157084083247
-0.015172143289459024;0.00543569476993742;0.00362420696558821;0.0003636242970437022
-0.013042693108251669;0.007753056716193871;0.004574582835940201;0.0034406830930240767
-0.008321538718805426;0.006018577058231394;0.006519982232236476;0.004719569671004867
-0.002237351415323238;0.001059672135818792;0.009736161645108661;0.0037664759816744987
0.0036455912741768996;-0.0046820877605897055;0.013857345064370911;0.0009058879828812903
0.007884724810652638;-0.008541480493503515;0.0174458960856087;-0.00273985080262719
0.009544320881322519;-0.009047750286181294;0.01861969385608134;-0.005616502747729959
0.008462303527081789;-0.006604297540378855;0.016325484836640074;-0.006443659625947913
0.005272406402549543;-0.0030195528317021074;0.011107352967632949;-0.00490827760893679
0.001131734621614447;-0.00022052373821737897;0.004707193645992437;-0.0018436405740768205
-0.002717218072199308;0.0009417274836466128;-0.0010524706453993258;0.0012809093712522833
-0.005340243224252156;0.0009903078009833787;-0.005119041163644648;0.003224486380984353
-0.0063221935960558065;0.0011291523837219201;-0.007257220897308587;0.003650546510533267
-0.0057741720843157065;0.002179409306478509;-0.007551157900635339;0.0032233090745010682
-0.004191656022173853;0.003963336296666499;-0.006005825925753965;0.0030528683352978145
-0.002250761756552055;0.005542687898080267;-0.002654483554133482;0.003789195632696147
-0.0006302722293152249;0.006022246451825335;0.00200070430647307;0.004978743264538753
0.000123632446829877;0.005198650367646099;0.006784532355015353;0.005270239105094527
-0.0002144523055846659;0.003560342874319786;0.010265155707300634;0.0034681676162342753
-0.0012504227763007175;0.0017950865841163666;0.011563081871937062;-0.00036326451065927335
-0.0017879136929356758;0.0003418808861013887;0.010915080619693056;-0.00471345666748332
-0.0002111365869385546;-0.000712307404801407;0.00952972268706152;-0.007541914785387329
0.004398875815494188;-0.0015280294826848534;0.008766329292194444;-0.0075171553703132395
0.01099728286101511;-0.0024059827728362686;0.00908297402177495;-0.004657380667201342
0.016286704110719433;-0.0036437726620505316;0.009459191202076524;-0.00016226442165026965
0.01613794105575647;-0.005288043387002579;0.007957083967908491;0.004130777709813804
0.008145001569965426;-0.006970589595563255;0.0033275180322807057;0.006311137879847462
-0.006394539886222213;-0.008099141871392783;-0.003584191797755436;0.005054150813193451
-0.022572956557985684;-0.008344348939242897;-0.01003492391532841;0.00040800098514911257
-0.03410048304966283;-0.008038728609241111;-0.013150192742848833;-0.005841924612587881
-0.0363571726584727;-0.008202074408045785;-0.011739263258968962;-0.01096564639618455
-0.028586248361779573;-0.010193549449176676;-0.006832036286349539;-0.013026131999659862
-0.014104735761507704;-0.015046513847288202;-0.0009816883814663458;-0.012117165466895263
0.0014988835600074123;-0.022599826079708982;0.0028947252365056388;-0.009864447379155308
0.013072896204558242;-0.030989084748165065;0.0027007479586121327;-0.0077433120061848925
0.017966339940633957;-0.03730311601393004;-0.0018284619202505628;-0.0060236636183508595
0.016507604070640704;-0.039280118877515806;-0.008824480178218548;-0.004229934874861396
0.011082106676687367;-0.03652826003858585;-0.015235484981301672;-0.002129316358407325
0.0047256658842895725;-0.030015859578632703;-0.0187222457395323;7.916634848411123e-05
1.8745096471620468e-05;-0.02068891232976718;-0.019281684417767137;0.002232484614008854
-0.0015733722182129358;-0.009218928628708049;-0.019321402037738612;0.0041967917966042045
-0.00010091638693738736;0.002864539127150319;-0.02180887368828924;0.0052473441140249415
0.0028096057466794415;0.012702174808680633;-0.027549503900259814;0.004063545105782986
0.004576345056640197;0.017659268970215677;-0.033772301421118874;-4.6462089423401176e-05
0.0029991831364843506;0.01740403101244557;-0.03569874356656638;-0.00595570356552794
-0.0022898151722099856;0.014106094894137658;-0.030232846318056797;-0.011097579619779339
-0.009229597527048038;0.010603868114946633;-0.018560332251340038;-0.013132176425519724
-0.014263892773759912;0.008535495744157753;-0.005254079980007569;-0.011272948060743219
-0.01449972702303057;0.007939504935137832;0.005057887840259224;-0.006308452150164117
-0.009694778709776796;0.008008026627077693;0.010221472038174242;0.0002273566313304462
-0.0025492392268688545;0.007919068468119432;0.010448095709132028;0.006748910489751172
0.003020782899645947;0.0072438273712846606;0.0066935284024063815;0.01176237734265489
0.004400443531002849;0.005991161437757907;-0.0002500739168865023;0.013907491017010389
0.0017843400657011788;0.0043759201030420065;-0.009217702967279926;0.01249797855160263
-0.0023049987676384254;0.0024704316499098316;-0.017896481706544683;0.008333942543581944
-0.004967860474757104;0.00016564354751970176;-0.023261188508751515;0.0037603239786161563
-0.004809790144521614;-0.0023237050584290495;-0.0232373502055936;0.001376147832532345
-0.0024278574035566385;-0.003933965556789554;-0.01816799174807018;0.0021966400124059852
0.000609237283928554;-0.0030928535946212468;-0.010687641071833393;0.004866161533457048
0.0031868139438512807;0.0009612213263544677;-0.004033252555675503;0.0067205167043282695
0.0051969153880449485;0.006979406909254819;-0.00015004544899449256;0.005854193552218692
0.00691841129511689;0.011951019151819682;0.0010873312418652132;0.0024882153553629992
0.008098627654783848;0.012957056461875605;0.0012909804891137234;-0.0013911820760616341
0.007838056158104413;0.00930038257923374;0.0022611452115893042;-0.0036851651193980112
0.005481892113867554;0.0031821806581189987;0.004793296877173027;-0.0037301180468780715
0.0016436147457180323;-0.0017305957315912753;0.008183752329702768;-0.0025998401137633585
-0.0017050878875681432;-0.002804730320889972;0.010699292613927654;-0.002143321286452186
-0.0023455427389917874;-7.463238857640016e-05;0.010770221603307253;-0.0036570912394577604
0.0005990367238348667;0.004177090388010708;0.008089553430271651;-0.007041714121320644
0.00576469119520438;0.007340592534632786;0.003762216449973761;-0.01067859700964141
0.010163764746012088;0.008227919758678344;-0.0005443100663589842;-0.012032061742307854
0.011123443017083222;0.007423251366861484;-0.0036046600553341175;-0.009101733696319792
0.008230261811493408;0.006354263279345921;-0.004995395965984469;-0.0023147319392017906
0.003726293788129387;0.006075892685599936;-0.0048366392237380795;0.0047324485230906274
0.0008967371852417101;0.006631326965846944;-0.0034566730631014355;0.007243165512846077
0.0016190434533326;0.007260998837558075;-0.001249848993147942;0.003065992652684634
0.004988988081235803;0.0071947724339276025;0.001417318597418103;-0.004999324688648791
0.008079033050671883;0.0063861735678652455;0.004334671437734251;-0.011082966623134712
0.008144887974755061;0.005535355671457147;0.007423420705783694;-0.01091720920521201
0.0045319654053861454;0.005345912924466185;0.010472411313524695;-0.005008178096911457
-0.0010117944691794727;0.0057511202290454495;0.012946434641519202;0.002368655194813835
-0.005565904394376266;0.005946984788611358;0.014230755535981016;0.00685768028600482
-0.006767069339251094;0.005234790408998936;0.014164946250948392;0.0067962140433119305
-0.003971629510351699;0.0037236488047708884;0.013247657776782227;0.003161726945559332
0.001574711506128822;0.0019576813853806126;0.012144322823768594;-0.0021762211446523833
0.0073684270390371315;-0.0003034995407710483;0.01091808813560635;-0.007662727387707725
0.010691714902196912;-0.004696029497553783;0.008818393288317627;-0.011989519857760861
0.009721934788387168;-0.012983050799804802;0.004959489215737964;-0.013904941119349937
0.004336891274630736;-0.02451854308424421;-0.0006876325165780938;-0.012918950916714609
-0.003752876890932938;-0.034950236672235555;-0.0068905973531656894;-0.010149630461650178
-0.011659245877064035;-0.03822635303016645;-0.01166299723133129;-0.00782979243253048
-0.016495011469463503;-0.0309713011669295;-0.013213501144270303;-0.0075101632506473556
-0.016574478309686717;-0.01561981765246846;-0.01062990936826382;-0.008731116060623073
-0.012092848671051464;0.0005973065153438704;-0.0039875623461176;-0.009543867345372957
-0.004923218407183421;0.01017383219412339;0.005852108767137218;-0.008302287329246287
0.0023640223457540954;0.009889008587163755;0.017272761855569543;-0.005019355404909958
0.007659524465815697;0.002252440259414123;0.027728874832124686;-0.0012602128138761123
0.009998358492115235;-0.006732246023264035;0.034012388820920114;0.0011036903302608719
0.009562773713598422;-0.01153935424651705;0.03351924104397842;0.0012067921731312363
0.007260265090933952;-0.010105092018790751;0.02594927870604883;-0.0003535399008114167
0.004218121178633588;-0.004230806146433697;0.013973597991282968;-0.0020898635831812624
0.0013775047001433032;0.002263057134064107;0.0020389272523327925;-0.002636931541513775
-0.000727007319734814;0.006050164557146997;-0.005918747195670493;-0.0014381189945643917
-0.0019444008550898503;0.00594784464136934;-0.008254569472693742;0.0011966410359991863
-0.002294116061950431;0.003071146234959466;-0.005908929473127361;0.004436241600253392
-0.001762346410227177;-0.00020059594811177025;-0.0014016122979590721;0.00731911957720992
-0.0003033633739257104;-0.0016569874217140094;0.0026142327194821156;0.009019381166913776
0.0019429791971945782;-0.0003407356470305208;0.0044409922132160485;0.009019907906201054
0.004418534641505123;0.003123952664777255;0.0037259241034817703;0.007267258015844751
0.006169423602508323;0.006970113499092572;0.0012436515081241024;0.004287121599172585
0.006246147483989551;0.009200785296867334;-0.001638055560797273;0.0011223288498159053
0.004303061183675833;0.008523049929865774;-0.0035535199634223478;-0.0010435414676256479
0.0009761382855545793;0.004873133816293499;-0.003653733763368705;-0.0015128316360340868
-0.002330649289321795;-0.000677550168022023;-0.0019326870436401579;-0.0005667053636329713
-0.004235146177919846;-0.006512067194644098;0.0007858327535925545;0.0006890125233664787
-0.004262318134374305;-0.011167800575686511;0.0032843755569132403;0.0012387450313876467
-0.00316259991647053;-0.013739208690185904;0.004615102470681479;0.0011487456674800607
-0.0023107930736409;-0.013839513554629753;0.004556243365614923;0.0015671020704029228
-0.0025225826486008004;-0.011374528811625309;0.00356458970626721;0.003436006407642711
-0.003221617150119597;-0.006562030970725084;0.0023378366302296864;0.006059476097189337
-0.002787826963106192;-0.00030566115211399397;0.0013504397011942625;0.007170794040877407
2.1297494218487332e-05;0.005575168459771981;0.0006579717300894784;0.004810840002789829
0.004722735697365893;0.008922594416531088;7.694622903385044e-05;-0.0006311032777746677
0.009061943733956366;0.008571659142966166;-0.0003892025704428044;-0.0062735147387438595
0.010432659110232669;0.00539237290857107;-0.0003060295351766157;-0.008822152921150801
0.007696456379608282;0.001916844233772973;0.0008215939733141446;-0.00708752503180918
0.002033104193216013;0.0005779557132054361;0.0027617074615745615;-0.0027937723710875374
-0.0037743399730088482;0.0018814640655004473;0.004254129081668668;0.0008726686479333372
-0.007075050025848336;0.00397088922171248;0.00381668499172067;0.001661084856897539
-0.006895850099647;0.003954957507235636;0.0010179415235709566;-0.00023616332359531838
-0.004305309799756068;5.8855420540795965e-05;-0.0031347676757832853;-0.0024911919901733776
-0.001480516180160805;-0.006941164981679543;-0.007090267296710331;-0.0023616676238825784
-0.00023103582035723683;-0.014077727793270397;-0.009840067090484197;0.0013573026841194396
-0.0010134850938349953;-0.01809364510114589;-0.011065294421173273;0.007321479337344981
-0.003012524527886883;-0.017390626073019257;-0.010586430009659992;0.01222306957302873
-0.005018268963971627;-0.012577584354347205;-0.00818904260558672;0.012821563537429246
-0.006263882011785381;-0.00550945181943715;-0.0041954948420861934;0.008245636461693918
-0.006597584298531219;0.002063573244315613;-3.982362284571228e-05;0.000850157149138388
-0.006104607890597085;0.009142372758591234;0.0020472611732133507;-0.005213114757955026
-0.004761881917051443;0.015255946967188351;0.00033939883408860947;-0.006713985089073939
-0.0024851261787411033;0.019926942633140512;-0.004908667107622896;-0.0033304092423479567
0.0005724366542076224;0.022404157320447475;-0.011014685764260339;0.0023982483062770584
0.0038074874094217235;0.021880214493402203;-0.01418163480376366;0.006867151302892483
0.006234313765857872;0.018063281166831258;-0.011955619831422586;0.007574511581938948
0.0068323593325289;0.011708510382285578;-0.004991577226956037;0.004293134930678663
0.005011133483381497;0.00459482255990252;0.003392484425111586;-0.0012313793932398742
0.0008899492922965358;-0.0012939664822693145;0.009511952963610877;-0.006500584694651986
-0.004834867133535878;-0.004918893825400948;0.011528306248094228;-0.009458938921231945
-0.01128343861302546;-0.0066742602574673005;0.009998612237483329;-0.00913196439871618
-0.017585395927360508;-0.00763888299211872;0.0068612586890494836;-0.00580957723130178
-0.02262602538985893;-0.008211020262550335;0.004066566220612345;-0.001043366633316576
-0.02473292894023399;-0.007512783714240142;0.0027795933252862687;0.002695199043515034
-0.02204680190438782;-0.004289769776252917;0.0032229011021849274;0.003148554814268767
-0.01378913072393689;0.0015796433431720242;0.0047953641206874755;4.277149704269105e-05
-0.0015504700684055319;0.00867813190109511;0.006262990035144374;-0.0038437392129358895
0.010731177347832636;0.015312238801424469;0.006182820721786484;-0.003913052420082039
0.01854495832503755;0.02097177821588383;0.0037786313549147865;0.00277974531141099
0.01928070067224045;0.026116013123121683;-9.151132850257384e-05;0.014356429721388763
0.013642672462984494;0.03049356092798947;-0.002929137614727534;0.024434217050759714
0.005018856997791951;0.03229831153212371;-0.002205166103497826;0.026502621052617987
-0.002571464522801059;0.02963569369667621;0.0024191248216578697;0.019002961696321822
-0.00636196656722307;0.02278219894436489;0.00837413175517244;0.006572111044332491
-0.005501634868507745;0.014471227201314787;0.011900825978311576;-0.0037102955311581944
-0.000721480220466412;0.007688931906332851;0.010708899621162025;-0.007523527874259857
0.006192016340425141;0.003348803339866166;0.005247057925676805;-0.005432151136717527
0.012804069744657582;0.0001894063936940341;-0.0021013363942363845;-0.000946387580722259
0.016630547809937706;-0.0033574961251202503;-0.008648412621744383;0.0027448106577452817
0.016126272942711378;-0.007448706071881596;-0.012477175546389468;0.004472973348108687
0.01159132575229012;-0.01072722222093029;-0.012758422015705598;0.0047619826279753485
0.005201071915399697;-0.011538910562506471;-0.009791323959343708;0.004708772644934708
-0.00010236803460083573;-0.009292952545528798;-0.004930295330111038;0.005118376319968929
-0.0022262337154591947;-0.005051805563687234;-0.00017355444127937624;0.006171676257519761
-0.0010273113051735465;-0.001063179141576003;0.0026455611817969224;0.007540998382339002
0.0017515928493122557;0.00048172005627512436;0.002721826029564001;0.008707130322693468
0.003606049818687995;-0.0012658099379110098;0.0006577451964309624;0.009143391427042935
0.002744088609080497;-0.0053110403438184585;-0.0019873874108149382;0.008290773019717949
-0.0009427803378211886;-0.009459994167032925;-0.003764190854466931;0.005661293989333107
-0.005897612705183665;-0.011659352294297003;-0.004245315528504225;0.0013084021635089923
-0.009794674104313958;-0.011088174526246785;-0.0040523414351700425;-0.003731371687691422
-0.010768566889114387;-0.008324978745729466;-0.004020809359514271;-0.007710973730433097
-0.00832591802586643;-0.004674846977310318;-0.004302334659658752;-0.009241318546242766
-0.0034831572215101867;-0.0013071590630950852;-0.004188512666529115;-0.008343507610636732
0.0018845437786375824;0.0011840223805606425;-0.002713118289809562;-0.006494411001876723
0.006011767409768627;0.0026730755395372925;0.0005252863316712108;-0.0054807737265028635
0.0079328554411242;0.003184694032423737;0.004890990874471795;-0.005945830409062138
0.007642354626698029;0.0027534256066203736;0.008829129368182236;-0.006846948633562232
0.0058752286416720945;0.0015321825585307611;0.010527720399286983;-0.00631424055944383
0.0037416933028940657;-9.17052656279512e-05;0.008867541380899954;-0.0032409913982563024
0.0023068576250950593;-0.0015968531421914622;0.004176227542589119;0.0016701642958402224
0.0021231192424266583;-0.0025757788412651946;-0.0017632566003754691;0.00626615253980085
0.0028575638478669715;-0.002874281615368387;-0.006599146837593049;0.008485292874764428
0.0033539038010093644;-0.0025295899787878304;-0.008635756507779986;0.00791276796061535
0.0023433460891509584;-0.0016728635405240894;-0.0075375285875603805;0.006055051896849244
-0.0005426815634584914;-0.0005319019639265516;-0.004167369224838974;0.004954992269862886
-0.004270514745358794;0.0005377950577217848;1.8911418535116364e-05;0.005245163349032032
-0.006954524241997963;0.0011015202777728702;0.0034828528917722743;0.005519655725102625
-0.007124405911580603;0.0007843364820643401;0.004997880483445578;0.0038591102954043223
-0.004742487470895186;-0.0005175908177442366;0.004149049130476176;0.00010216330960709341
-0.0012278532426386894;-0.0024310571572267476;0.0017168541012921449;-0.003568101219487592
0.001448245788635819;-0.004129805002689499;-0.0006365228828750613;-0.004497493592599588
0.0019086014867666212;-0.004747931487618085;-0.001459895831901619;-0.002031442526923182
6.139728122687911e-05;-0.00395165921772461;-0.0005603417313588551;0.001862098409231207
-0.0029523840951267144;-0.0021751548764288742;0.0009619832552443403;0.00423982290975839
-0.005416585212967079;-0.000294646448387381;0.0017315869494249844;0.0033762023208017957
-0.005913216889320604;0.0009563663723015347;0.0012134843151770333;-0.00030699732904595627
-0.003976380268962214;0.0013295110455469384;-2.0584851219839466e-05;-0.004894437529490531
-0.00023540778373728994;0.0009610314191767034;-0.0009218099364568428;-0.008307102625342302
0.003972349993164688;5.9699916151180004e-05;-0.0007685044814686253;-0.009312962658889277
0.0072666189862618125;-0.001250608230033093;0.0005050693019799006;-0.007819849746565723
0.008791437482826984;-0.002801578985818688;0.002486107870944442;-0.004605953035232734
0.00842317197809919;-0.0041630446294564005;0.004589080701044056;-0.0008508415461347615
0.006634367553167629;-0.004656903788415053;0.006233439290630138;0.0022559002329577077
0.004222918074436288;-0.003749388530919781;0.006945271420232018;0.0037794144719525374
0.0020607416018189606;-0.0016402407653781318;0.0064885345076041686;0.003321726652757921
0.0008617141225078813;0.00040717428411732835;0.004954380470103593;0.001405827675940435
0.0009713490113245893;0.00047243332733191593;0.0026890985672188682;-0.00034006524889811443
0.002279488712562176;-0.0027889529834338902;0.00013180878862562866;0.00019884004721314899
0.004304451806642328;-0.008747812699728639;-0.0022526592833746533;0.004089295089382216
0.006353618117549576;-0.014483073608774027;-0.003955585829001994;0.009983381004423796
0.00768460123235726;-0.01633344323647143;-0.004556923447702265;0.014481964771039765
0.007706537685453781;-0.012503674057743103;-0.004074406573284912;0.014421768622527033
0.006223654006047863;-0.004621669347075534;-0.0031607908608511813;0.00928372604613654
0.0035909091184498283;0.003174963374161082;-0.0027212023808373524;0.0016799042123866177
0.0006560868331809197;0.00690783644586123;-0.003105437540650572;-0.004350861751994633
-0.0015144559715268148;0.005117500227624772;-0.0036599246396172547;-0.005826237287001849
-0.002051632333520631;-0.0005970269828602064;-0.003269094159938583;-0.0025031770955712875
-0.0007141603273187917;-0.006875780026004471;-0.0015503787247069193;0.003023913545512049
0.001890979024382513;-0.01066124895502069;0.00043626228127559074;0.006740742767186418
0.004516016655962833;-0.01075164410856861;0.0007990788257932973;0.00538306617487558
0.005862811440314354;-0.008089678163977555;-0.0016402000624846263;-0.0017895643701787644
0.005199787451675209;-0.004859901856955884;-0.006198844824576241;-0.012523823072087274
0.0026448539584895923;-0.0030771098903225;-0.010627073806840382;-0.022569538085533036
-0.0009488147410506322;-0.003462522491496026;-0.01262880176034452;-0.02763454635467002
-0.004335279983519109;-0.005132182909587162;-0.011385472238626515;-0.025480313061532995
-0.006314860968373838;-0.006193440845475818;-0.0079720383367253;-0.017222775846319358
-0.006225050823826646;-0.004925028162375612;-0.004497336769655626;-0.006994856399410649
-0.004325721739546743;-0.0009155730501600926;-0.0026928005327579345;0.00018612457083871126
-0.0017705061836937833;0.004528532359566998;-0.0029517412418526233;0.0013048335103741787
-2.1533787354279443e-05;0.009055543432842199;-0.004400608605031918;-0.002832149085865917
-8.152038295973671e-06;0.01063867274609071;-0.005749199876303451;-0.00817052953462072
-0.0015973587743115334;0.008672595655991766;-0.006109105215298808;-0.010146593007257863
-0.0037381966215725227;0.004050259344440586;-0.005251988284965859;-0.0068346747885402945
-0.005158850558480242;-0.0016317408339317186;-0.0034903143303648076;-0.000333770281841089
-0.005149475868241299;-0.0069625633110165135;-0.0015533731558144415;0.004708968218766577
-0.003969731177844545;-0.011096595653767971;-0.00042188071861845063;0.004530538535253659
-0.002666594538593531;-0.01359455654097803;-0.0008912712122677865;-0.0008603990466615272
-0.002371533972954605;-0.014085290196718437;-0.0029803615534269097;-0.007604102080988063
-0.0034191072033457628;-0.0121496107901306;-0.005637994328652659;-0.010829136463269416
-0.0048668889489744075;-0.007624072017328442;-0.0070972040131307935;-0.00817201133853887
-0.0049335131775313824;-0.0011519863165787964;-0.005833824621970475;-0.0012430497592803471
-0.002261460594201834;0.005554737005634883;-0.0016372449506148344;0.005909924714815747
0.002884474335210096;0.010264019331974718;0.003998989776039345;0.00981050099377571
0.008504413962221945;0.011477085581661247;0.008672307865854687;0.009511201756705641
0.012008535504697371;0.009463975160512611;0.010569125074492166;0.006266562248860409
0.011741008564510528;0.006071468617208572;0.009406298897944225;0.0019115141208488923
0.007780540364419966;0.0033120846712302514;0.006066186888899881;-0.0021531431883609967
0.0016323322692956721;0.001949725014560699;0.0015717834758978211;-0.004704509708880047
-0.004717854713924336;0.0013298068050858244;-0.0033397019730441414;-0.004319418351478184
-0.009670129385884012;0.0004174234569774464;-0.007762168520895602;-0.00013521536477899767
-0.012430226695749128;-0.001184000625442678;-0.01033411960532964;0.006743442301053396
-0.013003516504105738;-0.0032425711117789343;-0.010095867633021085;0.013024073840153076
-0.01188682621647416;-0.005654879697892719;-0.007932648254894831;0.015061191084239933
-0.009615122988626988;-0.00879744630614604;-0.006837240033628187;0.011334630400827338
-0.0064626912530120996;-0.012809323953577862;-0.009929701712414554;0.0033166574405155617
-0.0025921627976858196;-0.016501108184385712;-0.01739564274155664;-0.005872041465186635
0.0014008825451462402;-0.017353212562202784;-0.025114798578435068;-0.01345212503908783
0.0040040986310403495;-0.013171324361106672;-0.026855847858557238;-0.017813961260738895
0.0029537526183805425;-0.004104996771291199;-0.018876274834301123;-0.018050168536825596
-0.0035888532171240058;0.006982070249324722;-0.0032601843023118255;-0.013576112094251365
-0.015179404393312276;0.016293619686784926;0.013035639338789628;-0.004892295214770891
-0.027886071793559154;0.02136967610066254;0.022873269425970028;0.005287384708634857
-0.03535632045368638;0.021837861533035657;0.0235228345804521;0.012526226208908212
-0.032309939245893066;0.01850325439061592;0.017537343917686656;0.013520016233233421
-0.0182899746154178;0.012457186466401734;0.009799748911389336;0.009199761820527988
0.0012736525722721898;0.00543049493868776;0.0038573308479774335;0.004732110774941818
0.017801783359773192;0.00040853357874306057;0.0005370579343268289;0.0055270684168009085
0.024378634377303462;0.0005822854445720518;-0.0009943016180844306;0.012421464466326887
0.01945808806146056;0.006781305648287916;-0.0016897076521401697;0.020562102072923933
0.007206236574096561;0.01613328324650855;-0.0020037115595157853;0.02337976666063091
-0.005356912521022072;0.023935917234614777;-0.0019007413924311644;0.01821717829830136
-0.012263427026516869;0.02708090211281598;-0.0007739895271286813;0.008440435001721636
-0.011227331595741468;0.02557054818024343;0.002556909236205355;0.0001953275616827773
-0.003998784577849038;0.02110119187666057;0.00913057556889407;-0.0028912055037566106
0.005125498313909164;0.015017791053368978;0.018518941794396216;-0.002093407572786763
0.011556949254046104;0.00794273486108776;0.0280488997558818;-0.0013684922346635358
0.01242509821915241;0.0006883625023629975;0.03370143501844478;-0.0033028733944522335
0.007673900808570179;-0.0053538639516438405;0.032433928915270915;-0.007084321582036734
-9.137529054989598e-05;-0.008906218290930482;0.02422127257043861;-0.009742439266191302
-0.0069692598274143916;-0.009615189750650626;0.012182199634087672;-0.008891152402166345
-0.009764289592340016;-0.00814425982242144;0.000719047180627054;-0.004517356285769672
-0.007604529441208312;-0.005693680122757957;-0.006925817944609856;0.001255872713449487
-0.002283800054126227;-0.003465529083887268;-0.010097195867721377;0.0057915014403728945
0.0028274100861972167;-0.002267402996250636;-0.010434989356688297;0.007507411624859725
0.004661012987179366;-0.0022080418353018897;-0.010294274277841367;0.006344900980873389
0.0021078976496446194;-0.00259646253285046;-0.010993260660157402;0.0032007019328421133
-0.0034000278130345263;-0.002293145025852098;-0.011971835082224876;-0.0007585427462903376
-0.008663524513691248;-0.0004845177443667877;-0.011299585760001023;-0.004191475238340283
-0.010411258283487022;0.002628204960223143;-0.007113610977820017;-0.005429886470006832
-0.007010871505462491;0.00584252021088568;0.0009632951644646061;-0.003041879941247637
0.000682639106189559;0.00777837077821758;0.01126924484892708;0.002718198596675054
0.00975708368577207;0.00791434970975977;0.020720910759735374;0.008904896158449173
0.016700319100985246;0.006990756332045223;0.026291268980320637;0.010960051474487658
0.019059394218298012;0.006386798813254959;0.026522016390683224;0.005767934313409934
0.016387541113546858;0.006902625975009574;0.02209954477199496;-0.005582535221130563
0.010114176324143185;0.007951757193004524;0.015105683359028614;-0.017769481475636388
0.0026873908394201597;0.00796848938851638;0.0076195635251554645;-0.02432087421149836
-0.0034349421708230843;0.005832656031698222;0.000872444364587685;-0.021830421868445582
-0.006620649563477705;0.002065945859829991;-0.004535049531382453;-0.012389986256074736
-0.0065909984001123805;-0.001415418320490456;-0.008039737893344584;-0.0023131938274010503
-0.0044559874682268555;-0.0028446386690139575;-0.009119717943033614;0.002215332747635544
-0.0021079228859778435;-0.0019501345361869376;-0.00791506728735923;-0.0005618176933778781
-0.0011359169998755975;0.000135760441408985;-0.0055515406261785255;-0.007022957505287968
-0.0018114695408956566;0.0020702097356441237;-0.0035880554031337774;-0.011257116147250392
-0.002832796925844127;0.003258649774827482;-0.003142873234613113;-0.00969315674148327
-0.0021678942586697645;0.003819515143361317;-0.004588290967552596;-0.0036095889745422684
0.0014279312132915473;0.003968377135871687;-0.007807232945113178;0.0023574222069544424
0.007270584236583809;0.0036259022908139214;-0.012272386861687114;0.004259293103220882
0.012874871514898314;0.0025398437229789596;-0.016739971174213757;0.00185679614007043
0.015328012473522024;0.0006057042529074416;-0.019294892226300226;-0.0018562529518325978
0.012981798362963821;-0.0020179043226259126;-0.018350958120550532;-0.0037216788308018266
0.0063788772053000545;-0.005041525798813015;-0.014015551665188593;-0.002943609651348038
-0.002055225801132662;-0.008160056430639277;-0.008443322442764236;-0.0010179772854800406
-0.00921837580338218;-0.010987275766744888;-0.004502900760380371;0.00019703161759084028
-0.01269906004756748;-0.012954066336135035;-0.003698916565835565;0.00011491275846321017
-0.011681512273124126;-0.01340333871735549;-0.005166063628044946;-0.0005114554639892603
-0.007108324191867749;-0.011905169685250294;-0.006646919714734946;-0.0006871563300410692
-0.0011321160003949038;-0.00858036965220921;-0.006503299041717205;-0.00019647336347563223
0.003872360554727352;-0.004188903668365902;-0.004916223071801468;0.0003345125541889909
0.006294666315890318;0.00010137679958299191;-0.0033826012168477553;0.00022770255782332845
0.0058323903267165165;0.003149746695410888;-0.0032653607932504707;-0.000479886103870593
0.0033909570784919694;0.004250048227483261;-0.004767345403315128;-0.0010924695097739635
0.0004793165514827137;0.0033045483474587727;-0.006962097484740321;-0.0010871096710768605
-0.0015659506569180685;0.0007149928385574025;-0.008543744436458748;-0.000837441592948143
-0.0022125558109295194;-0.002866728023893202;-0.008667902169482945;-0.0013664361505229927
-0.0019702896842107966;-0.006716873323209533;-0.00746401379268006;-0.003212082027731126
-0.0020397596086140168;-0.010067303258241631;-0.005984506501371852;-0.0054989839045608115
-0.0034091185237435265;-0.012121122703306881;-0.005534175161161761;-0.006321562303655293
-0.005904289694186612;-0.012270276451444935;-0.006739677539295853;-0.004378091718090491
-0.007992083243176776;-0.010522771175859784;-0.009091404819555879;-0.0004719400620499375
-0.007728903528449735;-0.007790598902509205;-0.011397884208077491;0.0026395553850525003
-0.004270839221268796;-0.005558671147901284;-0.012690315548046935;0.0021935169982642212
0.0012726103890855977;-0.004876253969783781;-0.012608593613446187;-0.0023822549764933496
0.006403593782181087;-0.005395066800351225;-0.010953663048791192;-0.008899208181762132
0.00880866257053539;-0.005505205010858354;-0.00722018711381028;-0.013885238828329866
0.007760768345423573;-0.00381978741079476;-0.001050985829139547;-0.014795330827591045
0.004437757761750059;-0.0008546261160813366;0.006648893343696719;-0.011365209939657232
0.0011247995599873745;0.0007648898350624032;0.013295693834812905;-0.005608029270081765
-6.11985458749041e-05;-0.0019067384916908897;0.015778297832812527;-0.0008569058557104815
0.0017843342603872457;-0.009606424024980246;0.012401000981521266;-0.00021929291085477545
0.005931211218531996;-0.01959597596366141;0.00396033694045896;-0.004715277446932505
0.010267403177414218;-0.026809580806597816;-0.006765137979737665;-0.012018340159280364
0.012067685677302284;-0.02685322769631343;-0.016308862538047465;-0.017198446892985518
0.00899767460923404;-0.01886893264716673;-0.021563654598690196;-0.01573860752732861
6.83887052145256e-05;-0.006190067451015972;-0.020558633471372295;-0.006892449946088819
-0.013650779905576577;0.00573690373122345;-0.01336960067856519;0.0053832856584462825
-0.028769966415239677;0.012632910338752724;-0.0026579333765701994;0.014841498299352836
-0.0401724094183965;0.013522689983837967;0.007324525199225199;0.016805720941553384
-0.04279679747811015;0.010446940855175012;0.013223610189168879;0.010613414042090413
-0.034145713154907886;0.006445871805863065;0.014600980703543575;-0.0006448018197565238
-0.016069612928397453;0.0037195239500434664;0.013580873157269859;-0.01217624002389388
0.005566085470366793;0.0032309932916655326;0.012576878781863752;-0.019662031529994146
0.02337237586909173;0.005200452868254542;0.012389194511033187;-0.020700839000765886
0.031723424631716714;0.00912302404659613;0.012233417313456502;-0.015569373441136014
0.0291251057155464;0.01328383757441668;0.011195428600534681;-0.00722425707551156
0.01857972038460251;0.015285292122842483;0.009525056111371786;1.8612882311944237e-05
0.005903330417363118;0.014098971962392758;0.008658381556465556;0.0030065728235720347
-0.0030625408031544634;0.011541360985867872;0.010016658448814839;0.0017644798063431012
-0.004946724057357101;0.010860240144627479;0.01362789973119753;-0.0009031780386511961
3.0174880564824378e-05;0.013396369851144558;0.0178370284367137;-0.001982925373727148
0.008593207189208947;0.016936990988836085;0.02044127634191974;-0.0005799046901500022
0.01614860541943502;0.017676601644045248;0.02021419833822996;0.0019903697860683854
0.018885230388644512;0.013668942759182841;0.017450991687642078;0.003932422824436504
0.015414063342780396;0.006284879933077566;0.01327686436816516;0.0045870095776208
0.007328221097434142;-0.0012739261085053658;0.008698733164062939;0.0046330222296618396
-0.0015889291837389101;-0.006441857340782938;0.004395498572692978;0.005083017568480508
-0.007217589121175822;-0.008556061542716369;0.0011811831390883439;0.006150829177565535
-0.0071221092886547144;-0.008506104049966642;0.00022772335370916966;0.0069706353487180295
-0.001710928179869759;-0.007683154618445929;0.0024072747052303126;0.0063874742347898965
0.005995121567700156;-0.007113027415791148;0.007161000407212669;0.004132247084270266
0.011849034794739617;-0.007060335514456595;0.012063428608487112;0.0012950268607630421
0.01269531335177312;-0.007080320059303828;0.013941241185485972;-0.0004667061425049677
0.008145350007313836;-0.006469286765175247;0.0110834128341746;-0.00038472193000775714
0.0009405608575119548;-0.004956284784178544;0.004807052210889135;0.0007094771383068819
-0.0045817548953488935;-0.0032066491279914866;-0.0011915954821447498;0.001297284372184692
-0.005144983706872004;-0.0025914571322005835;-0.003445425800720079;0.0009062838690200531
-0.0005213226731165135;-0.004109020777522756;-0.0011577244704359915;0.0007489579230019478
0.006605621609805388;-0.0072170047697281995;0.0035764325204626197;0.002359624486010284
0.012707937972077034;-0.009794762517956006;0.007738134511266715;0.005648641700460546
0.015688824932281412;-0.009691919695300175;0.009574293789084982;0.008705435372938209
0.015682097309142776;-0.006751691893831826;0.009216530946737637;0.009815296222531012
0.014144361081533307;-0.003410006913027964;0.007755065883110089;0.009517341419500237
0.012380297244227127;-0.0030284654287566653;0.006114750972614281;0.01024939580100263
0.010762000431570754;-0.007177099537355529;0.004718219892429458;0.013668148913089252
0.008967638291936995;-0.01413686913819003;0.003743893453431139;0.018347410227330267
0.006627589510354277;-0.01990495364861133;0.003275660018971875;0.0204178498063226
0.003647702904950871;-0.02091537481224127;0.0031235205388596607;0.016899687842039896
0.0001201188573295979;-0.016381598471914897;0.0027410523591707087;0.008749932487698914
-0.003701436079863623;-0.008609549255695745;0.00166054219558373;0.0006781831837109394
-0.0071161659324059275;-0.001281015091930332;0.00018425418091201748;-0.0023614042522580748
-0.008824267013897;0.0028286377063012434;-0.0005081715467338401;0.0009557309877516542
-0.007466488129359588;0.003066289100667804;0.0007230868414130829;0.007461066713271826
-0.002675533234288866;0.0005426053623189091;0.003774318088947401;0.012368761305396672
0.004238658485436802;-0.0030002317659445273;0.0071106942450945825;0.013260871909772827
0.01066205723033429;-0.006017958119123733;0.008931499122306247;0.011619453976043876
0.013939659593318224;-0.007413779329046595;0.00853330050468131;0.010790879843579002
0.01269850549172277;-0.006651035028902252;0.006533097222454723;0.012650370537546028
0.007467646200261874;-0.003985952132725048;0.003963286574688942;0.01611943345787412
0.00038403248057350864;-0.000510922799147489;0.0014210118395535038;0.018467877433534625
-0.005751961708719091;0.0023186151408057807;-0.0008985403855706167;0.017711315861479573
-0.008639023958775468;0.003466725457541078;-0.0026708998831641373;0.013962167136560523
-0.007408188433307792;0.002839476109488982;-0.003303484361594461;0.009052766823849806
-0.0029267805889646903;0.0011856788446736849;-0.0024175132751971477;0.005194751603692664
0.002698324225408787;-0.0004748742262280435;-0.0003487905942559754;0.0037639156467489127
0.007172655204759432;-0.0014293213798924741;0.0019384629714983633;0.004813338056364535
0.009048354927925162;-0.0014992680161455755;0.0034628464332081502;0.0073288166433954196
0.008205590668652295;-0.0009094741025718206;0.0038067011039770466;0.00990101709028342
0.005620926126283492;-2.1739820757612126e-05;0.0032338692348000335;0.011410551987140692
0.0026834509991983486;0.000862885035250922;0.002368901103586433;0.011422800595086472
0.0005038778010325467;0.0015728957179135148;0.0017644133121006889;0.010190095015449758
-0.00045298503171181946;0.00204765980676008;0.0016473543455555063;0.00836834092069013
-0.00034400088987057893;0.002294506208902589;0.0019187749920951305;0.006666896066700715
0.000325799248551972;0.00236216690875936;0.00230996555646257;0.005610025707750123
0.0010208574252571023;0.0023384596895569447;0.0025590081865347163;0.005451562313023763
0.0013921602010921038;0.002352772192816735;0.0025233209268214055;0.0061723072589537865
0.0013510928505876452;0.002552203913247684;0.002211071177900192;0.0074802442605166955
0.0010319513522434377;0.003032736542198649;0.0017535888642760027;0.008811422554847992
0.0006966266155187435;0.0037422856772105066;0.0013461239799251205;0.009415946013725269
0.0006189958641060953;0.004414175836519615;0.0011725369550135516;0.008624968876265864
0.0009663130358805389;0.004608910487517837;0.0013229606077185736;0.006291586612561214
0.0016957572681948459;0.0039118219380687574;0.0017237305672848195;0.0032174011510398208
0.002506607026913033;0.002247450033269256;0.0021187936972185974;0.0012292492288041223
0.0029065069731923415;0.00015854686458004172;0.002148422688374716;0.002601210239671257
0.002427624749256363;-0.0011728390689270778;0.0015391592641089715;0.00881813979209979
0.0009440908744846226;-0.000330799547333692;0.0003393618160896059;0.019192796691505774
-0.0010803026456177238;0.003551914079527336;-0.0009653018978648318;0.030309225035997714
-0.0026510577351331584;0.009997201552445639;-0.0016497695366280314;0.03719600171813418
-0.0027231857568692833;0.01694588049961622;-0.0012684999131421391;0.03610392798754194
-0.0009043236250578277;0.021522478257907023;-0.00012458611347749865;0.02713476396681384
0.0020735901398310523;0.02163493002783472;0.0008448526725887021;0.014394942343496796
0.0045025607448981935;0.017431724651965717;0.0008337015511610621;0.0032090503868508146
0.0045058057278985755;0.011375874820089494;-9.269135127978365e-05;-0.003250255782767149
0.001136350964507401;0.006608194810550596;-0.0010524967466778213;-0.0050743428911747485
-0.004885018949871373;0.004795458533523858;-0.0011936402069304547;-0.004145524430695932
-0.011374687669920724;0.0052124091671141865;-0.0005337391600552044;-0.002166666865575656
-0.015819385763103357;0.005669162516856214;-5.983856316066269e-06;2.1081217636994266e-05
-0.016685573278312868;0.0042873245849443156;-0.0006385977524737127;0.001999094266358085
-0.014039714098300706;0.0006941344491436025;-0.0025386806344196516;0.0033392889254795057
-0.009256006116153742;-0.003974387618807535;-0.004568168688230235;0.0036821003882320405
-0.004245402784786226;-0.007936582823641347;-0.005120028135740891;0.0030164857004532325
-0.0007141987696735357;-0.00981385735785743;-0.0034855297437178423;0.0017442881800875125
0.00034442298997940123;-0.00926062186406188;-0.0006680725336437609;0.0003975726402453628
-0.0010889816501971148;-0.006865985885310653;0.001139716835866927;-0.000803557451495558
-0.0040975622839740065;-0.0034728649799569164;4.1266144107980826e-05;-0.002155607135875163
-0.007221061674241244;0.0005244983533022965;-0.004289787884059006;-0.004167886884004659
-0.009090295283351108;0.005299326115182842;-0.010393563532128385;-0.0069197711217598035
-0.00899538527238875;0.010994219176639335;-0.01581104080204692;-0.0096027326759301
-0.00709581543194134;0.016954003884930475;-0.01832331325620527;-0.010747461055421981
-0.004232824125729507;0.02160367942589421;-0.017126561379156205;-0.009210308403275308
-0.001582535423779257;0.023287071197440338;-0.013451103547277216;-0.005321461532127993
-0.0004261630822533139;0.02147712197550586;-0.010084136527324844;-0.0012077055544555911
-0.002029704320526342;0.01729879680947046;-0.009717927340832834;0.0002201403390396167
-0.007292805483205824;0.01282517217611306;-0.013084410757478675;-0.0029710317971969012
-0.01593769672096895;0.00969831572086973;-0.01838424318368676;-0.01051042136299626
-0.02568124363967236;0.00818006083808644;-0.02259003613148701;-0.020143479422789608
-0.03240158178903025;0.007204046743968725;-0.02346747716945001;-0.029038825214553175
-0.03191794263245216;0.005124698503449009;-0.02054592156412589;-0.03514657054411981
-0.022660621776044033;0.000694099568417613;-0.014616154390058231;-0.037486877679646764
-0.007345433456237818;-0.00588470461988654;-0.006944148637053247;-0.03565303165403724
0.007948943293842835;-0.012289451935834415;0.000844218413258248;-0.029752999332111386
0.017081799305409123;-0.01492379747924061;0.0067298426756926075;-0.021330152098713435
0.017363967245647226;-0.011632001113785918;0.0089717030003522;-0.014106180269577768
0.010797251692754695;-0.0042958444303489865;0.007107862583190572;-0.012737078664656556
0.0022767138725796584;0.001674791304160829;0.0021585558035254002;-0.01948092101989604
-0.0037050653052051337;0.0013813591509840718;-0.004208412416386663;-0.03143448326230975
-0.005443843198262379;-0.005402204763944632;-0.010586064767971862;-0.04156233332013001
-0.004199449725199958;-0.013891100659797139;-0.015972445387154054;-0.043575216279118
-0.00263812055654844;-0.018067068208951688;-0.019428546998918036;-0.03670759411289548
-0.002922124678205434;-0.015120901511341515;-0.020058272393712266;-0.0261561433542976
-0.0055377258099892;-0.0070795581306576025;-0.01752599511347458;-0.018918199578119577
-0.009199442536288372;0.0009777497500066312;-0.012557686234926391;-0.018765779346232112
-0.011669954558335902;0.004282153725907372;-0.0068381283131977;-0.02428002916088254
-0.011100441627582747;0.001130591941437123;-0.002301906265103995;-0.030787217934299223
-0.007199023245065807;-0.006312587291871673;-0.00032384433278308673;-0.033993870587672566
-0.0014259620993706213;-0.013485742744898032;-0.0013034383138327916;-0.03248767355059473
0.003940489439818699;-0.016312394304266054;-0.004764490034853083;-0.02785444819385548
0.007044939356878964;-0.013646126392506371;-0.009788612468850403;-0.02310986610098244
0.007054580737763422;-0.007635213325736938;-0.015498379063268451;-0.020879530744551015
0.004045721238123375;-0.0019220371345898333;-0.021267956911129534;-0.0222235341211766
-0.0012051034076151733;0.0008354470401214528;-0.026461986810260026;-0.026244441085198276
-0.007192339840756907;0.00038597929604889704;-0.02994815498062898;-0.030396694588608095
-0.011781716069698535;-0.0014527980851633594;-0.030036422351728313;-0.03147528747379188
-0.012935355308835427;-0.0023411402822822057;-0.0252433132351592;-0.027057463004475833
-0.0098960868625582;-0.001012969764139734;-0.015438380553551881;-0.016780360958901386
