MU_1;MU_2;MU_3;MU_4
-0.00023308306982097607;4.93621112300331e-05;-0.0003037752005927643;2.211733163802597e-05
-0.00030199646400870127;-9.046983692832224e-06;-0.0004131163282127667;0.00023121045309426122
-0.0003627493209281887;-6.155349208534903e-05;-0.000502337091895074;0.00042105526940248446
-0.00041352592974378775;-0.00010307111841593665;-0.0005589751635518889;0.0005730138083660002
-0.0004528333186837578;-0.0001301684089793175;-0.0005750857949153469;0.0006744999740154649
-0.00047956202006518964;-0.0001415175426611712;-0.0005484178963791751;0.0007206369116424003
-0.0004930159764830359;-0.00013797029882136293;-0.0004825872358803878;0.0007145368341234932
-0.0004929107735417303;-0.00012225803724503486;-0.00038623895663062726;0.0006661916246421387
-0.00047934438467125284;-9.838410425801093e-05;-0.0002713840126274109;0.0005902273284930467
-0.0004527486308166658;-7.08340436914329e-05;-0.0001512471375646743;0.0005029863023125977
-0.00041383182526325506;-4.3760017567812684e-05;-3.8047360610671075e-05;0.0004195155568237953
-0.0003635231920329557;-2.0295146066941767e-05;5.8869872741329084e-05;0.000351037203934206
-0.00030292765839170767;-2.121722850959206e-06;0.00013421524744749137;0.0003033594440232342
-0.0002332960025673384;1.0638473769419643e-05;0.00018706896452347203;0.00027648026420742954
-0.00015601088575840918;1.9211449751967917e-05;0.0002203236288839086;0.000265384842558702
-7.258497388286862e-05;2.5701361024316233e-05;0.0002394323535041968;0.000261794027155764
1.5335926708832723e-05;3.247973217070991e-05;0.0002507728959175692;0.0002564353756258844
0.00010597334837522523;4.157380224983445e-05;0.00026000462938608447;0.00024131752787251467
0.00019742840023417236;5.4188436662502506e-05;0.00027077958289788883;0.0002115102818174149
0.0002877115102451845;7.046166748396963e-05;0.00028407650121300244;0.0001660599395581831
0.0003747916333444044;8.94987822252446e-05;0.0002982788065449396;0.00010787352782907662
0.0004566625425764724;0.00010966608153566966;0.000309946002049682;4.264156025311751e-05
0.0005314198516844359;0.00012906678294422755;0.00031507060761538946;-2.2914059723450165e-05
0.0005973396835042114;0.0001460807194956664;0.00031050312792858245;-8.302937152124272e-05
0.0006529489928484524;0.00015983522414450275;0.00029518937080901566;-0.00013463463145184672
0.0006970786810565555;0.00017048998148864894;0.0002709058645770333;-0.000178404195527124
0.0007288935757553333;0.0001792603618433132;0.000242291287893685;-0.00021884100441148333
0.0007478974820439165;0.00018816287256118912;0.00021613061468502573;-0.00026333520099152134
0.0007539159734590751;0.00019953012024323552;0.00020001989782001656;-0.00032037197117962084
0.0007470634423434546;0.00021539724181995887;0.00020068615539130778;-0.0003972652840328892
0.0007277033550639995;0.00023689513079858652;0.00022232653795847625;-0.0004979175645722081
0.000696411141421014;0.00026379035796480555;0.00026534345782307554;-0.0006211225277747617
0.0006539475810790129;0.0002942859107762779;0.00032578344400406383;-0.0007598336937791092
0.0006012472579308768;0.00032514565585042523;0.0003956500964714567;-0.0009016323637693958
0.0005394223282906944;0.00035213914177048333;0.0004640833009040444;-0.0010303839678131742
0.00046977740905635525;0.000370735740543529;0.0005192144916373168;-0.001128820948986802
0.00039382779197559824;0.0003769223723345541;0.0005503594533900296;-0.001181586056693047
0.00031331122329882077;0.0003679888307756782;0.0005501277048444029;-0.001178155713518991
0.00023018362018983863;0.00034312564766238824;0.0005160294992639704;-0.0011150648012522113
0.00014659136314714338;0.00030371167495901876;0.000451249116690741;-0.0009969740904336498
6.481679957424256e-05;0.0002532258197225512;0.00036440963991132006;-0.0008363373878927772
-1.2801460174859793e-05;0.0001967882707234878;0.00026834829918058776;-0.0006516945194579274
-8.396697099338842e-05;0.00014040711605779337;0.00017811306764526326;-0.00046488360518243116
-0.00014653227149441365;9.006277924052925e-05;0.00010854127357869449;-0.00029767619500149084
-0.00019860176311405455;5.0794467176743846e-05;7.185949179024753e-05;-0.0001684478310520129
-0.00023861859847035922;2.5953891953523706e-05;7.573657811184586e-05;-8.948255091383442e-05
-0.0002654260121724611;1.6761502809165815e-05;0.000122132565513526;-6.537824643561257e-05
-0.0002782976746806871;2.2244265899134012e-05;0.00020713578469513434;-9.280222263100692e-05
-0.0002769365723651585;3.9561085290955996e-05;0.0003217997875303717;-0.0001615918363678842
-0.00026144660830701097;6.464515598495057e-05;0.00045381344527022034;-0.0002569565937515226
-0.00023228470993834788;9.30269624201955e-05;0.0005896903629846658;-0.0003623578319950067
-0.0001902031917396548;0.00012066266123765723;0.0007170681637068494;-0.0004625424077703525
-0.00013619233327483984;0.00014459275323839175;0.0008266782733066158;-0.0005461898705056726
-7.143179364096758e-05;0.00016330045752172272;0.0009135929046132832;-0.0006076899042569003
2.7430872630865914e-06;0.00017672113695660536;0.0009774849291778846;-0.0006476924929638106
8.485759362885074e-05;0.0001859519422003111;0.0010218454639397765;-0.0006722714047405433
0.00017329837492052768;0.00019279138710522382;0.0010523680374666276;-0.0006908182066265686
0.00026630526631634505;0.0001992677406827281;0.0010749671083391038;-0.0007131217938386561
0.0003619652953561045;0.0002072746340664874;0.0010940585172659416;-0.0007464161993101667
0.0004582225280219634;0.0002183358434272901;0.0011116884530070503;-0.0007933611347059643
0.00055291597895997;0.00023341947403723455;0.0011277994418225012;-0.0008517890616447377
0.0006438508309010285;0.0002526863093370844;0.0011414182144879085;-0.000916503173596115
0.0007288960657434379;0.00027514201244526983;0.0011520338094751963;-0.0009825136472282371
0.0008060879024370299;0.0002983574105079449;0.001160200144918407;-0.0010481810971273249
0.0008737098612693482;0.00031862112717186635;0.0011667109986474;-0.0011163288134499248
0.0009303242603936258;0.0003319192011393393;0.0011705989244847831;-0.0011920010066541933
0.0009747501910988078;0.00033583939871149063;0.0011673636821873078;-0.001277312831036962
0.0010060146791003432;0.00033186546088948503;0.001149531750319984;-0.0013661816326257775
0.0010233315668126575;0.00032680584296303835;0.0011110911664062926;-0.0014433297078654294
0.0010261652250514136;0.0003317810207158146;0.0010551747268328472;-0.0014912232151790886
0.0010143972546350925;0.00035779952186466005;0.001001190175772187;-0.0015046778196858449
0.0009885375562251949;0.00040868404379546203;0.0009851723295759695;-0.0015066182178062502
0.0009498399906972296;0.00047447023280018067;0.001047802935803297;-0.00155308637075396
0.000900155029659439;0.0005301066903109563;0.0012098984754733981;-0.001715618004155598
0.0008414324295991425;0.0005436819490141101;0.001444370883061126;-0.002038083195908156
0.0007749861171620974;0.0004944427502326288;0.0016624861384948028;-0.002482249721361121
0.0007008788097949822;0.0003942727310400578;0.001733919850656175;-0.0028943612220212614
0.0006179191949222205;0.0003002062022488356;0.0015486576539079189;-0.0030311404780049944
0.0005246090761662277;0.00030476419482908685;0.0011039262836436262;-0.0026653966625046557
0.0004208450259499144;0.0004993724142677507;0.000570456653735143;-0.0017461969812377935
0.00030940945880098545;0.0009232113447504147;0.0002780561290325546;-0.0005321331428373642
0.00019571754749738148;0.0015271101481920159;0.000580964252649761;0.000416157744964436
8.458408968882061e-05;0.0021830017355982338;0.0016270111579488721;0.00046358160509233325
-2.5497933959398497e-05;0.0027383174643908835;0.0031427317924459046;-0.0006966383902914363
-0.0001472423736420617;0.0030636739286910774;0.00440669559779844;-0.002685850287450887
-0.0003033670531464908;0.003029779650029977;0.004541462976965245;-0.004447598471020737
-0.0005159091217747689;0.0024246350906225295;0.0030682802080077703;-0.004793742808535664
-0.0007890495186899503;0.0009288436651304977;0.0004105538638022933;-0.003254578444930647
-0.0010955683001686299;-0.0017277782430407463;-0.002086681766748099;-0.0006119971590252238
-0.001378464311183814;-0.005451846393126956;-0.002831416786610421;0.0014390192454565018
-0.001571655765070327;-0.009529348120700578;-0.0010517292301856225;0.001426182241824914
-0.0016312520182569957;-0.012703283111576456;0.0024712579679657745;-0.0007577894468442266
-0.0015607307543412379;-0.013690735716980445;0.005645746137601954;-0.0036191307786565545
-0.0014155685258358344;-0.01190531155114315;0.00628492136995817;-0.004995519906185591
-0.0012835423505506841;-0.00791143991575658;0.0035514620885710563;-0.0035393818085811424
-0.0012488561092689056;-0.0032509870531761626;-0.0013593273486141911;0.00027078655101602016
-0.0013557297890928266;0.00031010841336606416;-0.005830424591752057;0.004314971618534097
-0.0015881105539893982;0.0016971434522657322;-0.007424944876048362;0.0061839283464455086
-0.0018756454672937551;0.0010920121181375903;-0.0055096208662804395;0.004873001787411965
-0.002122939191167497;-0.0001780666996602898;-0.0018339254908747277;0.0016205466239109774
-0.002246588978157035;-0.00039758587776500185;0.0004373271830989658;-0.000841241332755977
-0.0022017785344629567;0.0015311154005980933;-0.0012314561368091843;-0.00020297317291367848
-0.0019887519162782863;0.005399612336922461;-0.006913170233943396;0.003720060456007766
-0.0016419930566336023;0.009744248618247037;-0.013938651848880015;0.008788055072803268
-0.0012126940657369476;0.012636618822164561;-0.01856901655920117;0.012004603134634913
-0.0007540019379617759;0.0127350225748721;-0.01854174401232178;0.011563051528766166
-0.0003122474492373113;0.009933802486709541;-0.014550748343076946;0.007960898376292958
7.657476364613697e-05;0.005258422629902903;-0.009466039225715815;0.00342126283607975
0.0003858724150666193;0.00019573457150752602;-0.006021358295422479;0.00021775744342987193
0.0005943950771400081;-0.004050957190004423;-0.004973768362355697;-0.0006925250274707672
0.000681989936542794;-0.006971502258558378;-0.005090341693654417;0.00018831862689732236
0.0006280068502213876;-0.008677036053363308;-0.004556074871281909;0.0016768744508630982
0.00041388371212804954;-0.009478749967612306;-0.0023969464425178844;0.0026807606940960817
3.092721445332169e-05;-0.009443674332096925;0.001033366918088479;0.002496019826291432
-0.000506657712722894;-0.008258072662475385;0.004472831759705277;0.0008580307396341527
-0.0011471416077335306;-0.005522615391318382;0.006553555679763912;-0.001957598720670195
-0.0017945853009046055;-0.0013086299529237327;0.006531582956024744;-0.005091072455603925
-0.0023234258065180226;0.0034063305709148943;0.00469193647352159;-0.007386514740279149
-0.002622668659628814;0.0068110121812672035;0.002298859160231276;-0.007977245396048648
-0.002659870109005505;0.0070003116279977;0.0010586301916458087;-0.006735965820561161
-0.0025294203199395294;0.0031428531057886453;0.002234879738145702;-0.00414426141630539
-0.0024351487989127635;-0.0035681878879259784;0.00581947250524571;-0.0006327528718790372
-0.0025771923189064003;-0.009949987989232667;0.010360445505267591;0.0039060891492198354
-0.002974531580993251;-0.012187239169323525;0.013826314504054268;0.00966334767968443
-0.003327372096063552;-0.007938422856441637;0.015077004947178962;0.015688584820751812
-0.0030461839076746052;0.0021159558158038933;0.014706485993370495;0.01927620902275582
-0.0015027315953766512;0.014373015062168192;0.014261258509688858;0.017294208915328096
0.001580946763762419;0.024005793538145772;0.014328432956584595;0.008931263535983055
0.005806202740041229;0.027150801778722346;0.01340836510154082;-0.0026433932907667197
0.010043441593987656;0.02238347726353477;0.009078924610956543;-0.011855360726754624
0.01274357686481964;0.01101612954588649;0.0006106867699121574;-0.01478749178549475
0.012521994896041408;-0.0035068535845500693;-0.009695216896115997;-0.012325685286040996
0.008759809724595186;-0.01669944260314012;-0.018027210129389654;-0.00934275264832832
0.0019363170388280373;-0.024469289659629925;-0.021799909148339444;-0.010165729458103217
-0.0064598501435083056;-0.024713056146509156;-0.02072759590326642;-0.014141899561957058
-0.014387901168939544;-0.018333064868716848;-0.0157815444869207;-0.01570885523565659
-0.019881441285546878;-0.008787852670515498;-0.008206588282326453;-0.009588695390842167
-0.021611471344607894;-0.00022139298605544492;6.182868106269336e-05;0.003527028991716922
-0.01920884485327571;0.004602638796099804;0.005958561503054737;0.016509805042663063
-0.013274462107669353;0.005209484691157718;0.006576009657917821;0.021327515812723952
-0.00511763422500583;0.0028513501121629286;0.0014677901789012311;0.015541705947885067
0.0036550412709015845;-0.0006962046084851526;-0.0064205961567821756;0.0040677505289954214
0.011549708430384387;-0.003923147285865668;-0.012337059622944152;-0.004943559266862181
0.01747721146039974;-0.005645428018454325;-0.012634903615446464;-0.0063352128509179895
0.020883081582863946;-0.004867496964652359;-0.0069268727647257625;-0.0013266317378969788
0.021734914749676995;-0.0010605708639811618;0.0018255112534880924;0.004158325305896195
0.02041163872348055;0.005188210675258067;0.009222873730816303;0.004434374954648412
0.01753989395725883;0.011834300213132878;0.012079182819223901;-0.0016454641175801291
0.013820028695831038;0.01596553349278784;0.010095214869163573;-0.009973382918895364
0.00988035327673424;0.015228551134684597;0.005555608016342469;-0.014169273635545255
0.006186080169233786;0.00924873964167309;0.0015130112114169099;-0.009997808964228999
0.0030077510462341735;9.01692522466929e-05;-9.604307210538908e-05;0.001629037091000299
0.000433253605357178;-0.008587598253531243;0.0007955453256479219;0.014849093642867735
-0.0015995683510894856;-0.013220069618997347;0.002916600600645837;0.022170713121812288
-0.003264029179109326;-0.011990303779802277;0.004738182027791725;0.01905390344140328
-0.004798039236490593;-0.005652086770663804;0.005225340209196477;0.006994682184306633
-0.006438289762648756;0.002818168783513894;0.0039233309531529915;-0.007007746487435498
-0.00833061442748531;0.009544277564810527;0.0007265748642948162;-0.014605684498481436
-0.010438296224387137;0.011452572434870722;-0.004119860442631617;-0.01139813572100862
-0.01249731510813137;0.0076381896144682776;-0.009705308858891846;0.00021595851710066915
-0.014063811449983853;-0.000152243654162296;-0.014354757694654106;0.012776901958129657
-0.014652705025619026;-0.008141980962183869;-0.016236657397197304;0.018969613293415892
-0.013910267077720202;-0.012103394462563349;-0.014401307014578391;0.01647769455880065
-0.011745554705861862;-0.009347126312362836;-0.009395708853989083;0.008898805600390474
-0.00837361331863271;-0.0002266898602865776;-0.0029653831618675283;0.00230422922963377
-0.004262244169125795;0.011714247038302518;0.002809054981659796;0.0005197737000023885
1.0779739087830521e-07;0.02122032411340987;0.006281517748804097;0.003009390727968281
0.003874960903217861;0.023776163135818987;0.00665445874512629;0.006649028610071118
0.007015852933617982;0.017772599610054653;0.004192569409369567;0.009041723231756846
0.009311549029957625;0.005282467647062871;0.0002865687307873137;0.009892274218285802
0.010809170824450702;-0.008891505332195024;-0.002926555056842788;0.009583970134915097
0.011574958531151302;-0.019378907391362745;-0.0035407095135698953;0.00752750584529197
0.011594486293919095;-0.02256680807229592;-0.0009196609165959428;0.002878080293603235
0.01078254749308787;-0.018005505153407108;0.004021196629658896;-0.003263233509226382
0.009088997750713652;-0.008289541692025953;0.009397407340487107;-0.007484458098859334
0.006616444617925422;0.0024029406077779513;0.01315827934570887;-0.006856502783480497
0.0036615895747164565;0.010261510478789919;0.013705054591720374;-0.002155437092530718
0.0006506601480545944;0.013282452490342609;0.010464480203724785;0.002171022912824483
-0.0019910467990478203;0.011610952736524061;0.004337228768590276;0.00159457211009923
-0.003964610413711808;0.006871362019578142;-0.0025158338224412057;-0.004710616531503859
-0.005164805428979469;0.0010692974261273377;-0.0077091654737660355;-0.01321514036048403
-0.0056763771297002955;-0.004266326161978283;-0.009806418394266105;-0.018664903872418263
-0.0057155511600042;-0.008340828783527085;-0.008824486777699748;-0.017509971829024605
-0.005540931268001509;-0.01084300011815908;-0.00594518344074416;-0.009755723509228278
-0.005360119774999377;-0.011575040517251311;-0.0028204015724887553;0.0013393785076048516
-0.005264503262118177;-0.010336343847413366;-0.0007753366952496099;0.010956875165948933
-0.005220213146434989;-0.00714620674732375;-0.00013489529988903085;0.014861618399832377
-0.005117022661377718;-0.0025496007683900525;-9.311485327855093e-05;0.0113150172302507
-0.004844417622145916;0.0023493843004207078;0.0005860649659085675;0.002108585844724537
-0.004350519360061583;0.006249590549452932;0.0024830198814740946;-0.007993424979764815
-0.0036546903923936574;0.008208510599272582;0.005019228683886696;-0.013630229573680963
-0.002817498029516889;0.008058902085090322;0.006988182142747487;-0.012023045024177502
-0.001898729712858603;0.006458879914649169;0.007502339504550593;-0.0048638265091917815
-0.0009356743685572609;0.004547488861420288;0.006392139669932441;0.0027158591405039767
4.916010197767883e-05;0.0033535055401305632;0.0038575394912804283;0.005649007468869481
0.0010278842781220716;0.0032285606415278236;6.833053220135044e-05;0.0024345376473607926
0.001958198321007845;0.0036228085225208286;-0.004627939031247113;-0.004006542250404262
0.002792374684585847;0.0034087588195681217;-0.00912163370034374;-0.008795887297881945
0.003489944211960965;0.001640742557360338;-0.011506927495021196;-0.008932451416341249
0.004017699195711428;-0.001721046242414497;-0.010149657427211101;-0.005388946886662551
0.004339604345047087;-0.005663212296984035;-0.005194573827889864;-0.001814283524588573
0.004414620918134196;-0.00871034323888048;0.0009526582884899753;-0.0011501628801866173
0.004212029557402332;-0.009838469568295273;0.0049704870413976405;-0.003248322933674141
0.003733093395921797;-0.009014361299550312;0.00491654019351538;-0.005458216212756629
0.003020864775390196;-0.006968499930721254;0.0015846641328961192;-0.005302407554587105
0.0021528811327377463;-0.004465666799487669;-0.0022183044259478026;-0.002600764101961287
0.001227167395989603;-0.0017631765145020289;-0.0038292474800863826;0.0007261971475337856
0.000353028600023532;0.0012601838248001225;-0.0025291268028949;0.0026035420980930505
-0.00035431148466603626;0.004488897436907785;0.0003430438687749616;0.0024676106314624998
-0.0007865778713942275;0.007156981459000161;0.00277544488524904;0.0012230678442309787
-0.0008699201172698833;0.00816027317841066;0.003617758336063687;-0.00010415593190646735
-0.0005969947601239938;0.006914854993066813;0.0030657107235496452;-0.001381854603980156
-3.9894164770246886e-05;0.004012240387204986;0.0020316349547129164;-0.0029732355681582638
0.0006726158228009432;0.0010519943751087;0.0012665030030325577;-0.004581943196763422
0.0014037366052861476;-0.00027985716452669864;0.001016688045088865;-0.004954119444643321
0.002052488436976836;0.0007659024383933295;0.0012125766725385272;-0.003049459457273697
0.0025679432492236656;0.0035638850286284895;0.0016651590201503335;0.0005168329770588933
0.0029350125173808715;0.006515056315647885;0.0020123238208929247;0.003437153518360827
0.0031530684661822514;0.007979952698401037;0.0017167504594270205;0.0033703111939056263
0.0032257571042789554;0.00712854325649218;0.00044308597373129077;-0.00012180541651259304
0.003162337439338757;0.004256180241666346;-0.0014227461703446896;-0.005096422603694166
0.002979388378336361;0.0005503874547883164;-0.002733398301547236;-0.008659621850082684
0.002697467821199955;-0.0024500208588933287;-0.0022889544817237184;-0.009090453658964387
0.002339357595736447;-0.0034944908429468194;0.00018178339291029933;-0.006892620217068349
0.0019368888806652333;-0.002195343014076382;0.0036022472153186386;-0.004018067879708067
0.001540026886749309;0.0007033622289930183;0.006117929455641908;-0.0021148239553639087
0.0012124412222100235;0.003602304998208453;0.006269022074806911;-0.001369001050065716
0.0010070821808842558;0.004845640974049785;0.0038945483254067925;-0.0007742720834523453
0.0009355887840132981;0.0036348885271845067;0.00015104155207349673;0.0006719942655493244
0.0009546905901257561;0.0004930816811062481;-0.0032563166417233433;0.002991291305499153
0.0009806537283072805;-0.003029441348465623;-0.005004317431057011;0.005167435085516076
0.0009216442669304483;-0.005229765533325605;-0.004654964214599155;0.005859261049599898
0.00070767735526756;-0.005188828694299808;-0.002584607354974262;0.004280005316417199
0.00030512756109771233;-0.0032660525874106806;0.0003994403887883457;0.00073515932321947
-0.0002826062947191227;-0.0009298923035553252;0.0034246836166395922;-0.0034260663076257055
-0.001018805231374019;-2.547243083413353e-05;0.005779381595180251;-0.00647791770832093
-0.0018360836609358432;-0.001807213771321714;0.0070484865716624635;-0.007332428886508224
-0.002642083979710869;-0.0061755413294955165;0.0071750031118645715;-0.006244252904003151
-0.0033361981178781624;-0.011535646018858176;0.006387597803518753;-0.004561020068396864
-0.0038386069807083197;-0.01546882564037578;0.005020016053078061;-0.0035984738724954626
-0.004121084557185187;-0.0159676233191761;0.003378995050803032;-0.003578952128190147
-0.004221749504570871;-0.012562753495890268;0.0017561958103612457;-0.0035906981252198243
-0.004229562169411488;-0.006628571442978551;0.00047973666150261953;-0.00257652864999345
-0.004239776760205267;-0.0006283152104250518;-0.00014863003475336137;-0.0004049833665468681
-0.00430163955408341;0.0032564299339669623;-1.2356205549198708e-05;0.0019477646603315029
-0.00438821171944945;0.0042733863246273195;0.0007280479259014251;0.0032220692413709034
-0.004404830622335443;0.0033470319701383875;0.0017151576343737884;0.0029207136049377914
-0.004228355178282171;0.002327532022181622;0.002600735025398961;0.0016340428332947518
-0.003754458500189456;0.002748888422506382;0.0032466482455109002;0.0003968568824902568
-0.002932000556362158;0.004875905788802032;0.003790098055390968;-0.0002756865741222573
-0.0017751874690127465;0.00761554851892932;0.004487211953831627;-0.0007597330749396343
-0.0003566348071522594;0.009305128245386193;0.005354653416990925;-0.0017609131565484496
0.0012098209699561238;0.00880969718504899;0.005839749966970777;-0.0033383469298218687
0.002790338506077186;0.00618371690361512;0.004923127518757584;-0.004444036550314108
0.004254533482569844;0.0025287644606989085;0.0018474162755617572;-0.003521476822027685
0.005499197275502541;-0.0007299554471584839;-0.002965100179229977;0.00020951423483496696
0.006465744057536931;-0.0026147263867288694;-0.007658785907014176;0.005834704243281484
0.007140405978256184;-0.00297737738144241;-0.009777477584193556;0.0110101344344312
0.00752776260675197;-0.0023483826557683138;-0.007677719586923768;0.01326391197900844
0.007600866207158505;-0.0014111828938453762;-0.0015794720150078443;0.011435314604707468
0.007252712566792641;-0.00047449634505780436;0.006310033047772566;0.00637070892650689
0.0062911416799002725;0.000670194218554174;0.012573291388308152;0.0005050284613955023
0.004514740746990753;0.0023626525233334753;0.013942966504539241;-0.003493055383745097
0.001870382324049859;0.004406512603019153;0.008814678630184142;-0.004354861548227115
-0.0013676526469685046;0.005653024400274991;-0.0016913970831744496;-0.0031420644827549484
-0.00450903640182167;0.004311474791379248;-0.013802612117405936;-0.0026596120932761247
-0.006561026348720982;-0.000978938570675296;-0.02261634542046865;-0.0054195273663962895
-0.006577551605782877;-0.009870953084809751;-0.024558643057328345;-0.011392046587174265
-0.004140477242082709;-0.019715350674218323;-0.019450717267042908;-0.017310445414408036
0.00025282983481341294;-0.026309402319279977;-0.010732053839600651;-0.01852983695096026
0.005141924015642446;-0.02586639634522547;-0.0033988018676359075;-0.012543985014353588
0.008514295891797058;-0.017178624083027425;-0.0009603807361476706;-0.0014673585467177843
0.008558428660630476;-0.002592763127586132;-0.0036386546671117025;0.009000588304513052
0.004429632192182733;0.012916560739245547;-0.008861805571362168;0.013788551099491609
-0.0033390717718936405;0.02402094272299411;-0.012970441317900764;0.012415297445863104
-0.012972322610310545;0.027348050685215737;-0.012562710632415404;0.009162593840510767
-0.022058429989660434;0.022766455280125237;-0.0054614140872208256;0.009161291731734049
-0.02835661431575199;0.013246218077180459;0.00781470261343378;0.013725292999821607
-0.030485957116903228;0.003396274377565799;0.022707619043617077;0.01901527446031816
-0.028256748733332223;-0.0027667348257383075;0.03167464864248406;0.019294037437824714
-0.022567757784492003;-0.0037726786667977197;0.028500463808901404;0.012072345431623978
-0.014969125845564209;-0.0012271097736122451;0.013139332072685705;0.000747347906861601
-0.00710608966171315;0.001516171839057638;-0.00721828573546426;-0.007617520775125188
-0.00026544196680008985;0.0016991809785888619;-0.022433446295931636;-0.007618413478613422
0.004847485405625389;-0.0011182722143530843;-0.025990950213085878;0.0004204534364817412
0.008100537193746813;-0.005106340352848547;-0.018749640992317348;0.010798069226073244
0.009778404104973382;-0.007768090734988979;-0.0072855173027985476;0.016638695266478293
0.010378211854477635;-0.007822277235095269;0.0012423549372739273;0.014582104363621454
0.010429703881864798;-0.006015755668884079;0.003498646787244838;0.0067094697138091065
0.010372698678410997;-0.004343796352213459;0.0009113581452258969;-0.0012860038007545481
0.010492638862360569;-0.0043518313905049014;-0.00255215694314986;-0.004115258472705398
0.010900181202487638;-0.005898368573640935;-0.003556272109543564;-0.0002739507463916258
0.011540822097445017;-0.007336695289457284;-0.0012984358910825106;0.007276163691744409
0.01222766454932028;-0.006867655107628005;0.002765662600006549;0.013177388286197973
0.012694094965786032;-0.003910020954805575;0.006616048295892132;0.012931179472774152
0.012657413944057764;0.0005516078799707659;0.009149613312775067;0.005464624129193288
0.011879427449628397;0.0047710410966015915;0.010381807809389515;-0.006202207957529474
0.010218406308757567;0.007437644784436384;0.010645981993156207;-0.016434002694770734
0.007677626377899816;0.008340163265910984;0.009863272101397402;-0.01991625598593661
0.00444660699652399;0.008150022248534691;0.007629470775909459;-0.01466527291382508
0.0009070505688030577;0.007701518960681888;0.003925972209288596;-0.003504261528954761
-0.002430970281311713;0.007417562194720836;-0.0003984204298935636;0.007113854436289249
-0.005065639304816106;0.007245036928744572;-0.004018029538597794;0.010716821631582796
-0.006665102464052196;0.006966207152560838;-0.006118646397055139;0.004914783447533222
-0.0071768743286303215;0.0064788361247794645;-0.007007733370347569;-0.006741357091571187
-0.0068250307350851466;0.005789459380142091;-0.00767945414782433;-0.016688718624410306
-0.005990794104313744;0.004851735196861789;-0.008680603020228711;-0.018022674014710256
-0.005031795047844938;0.0035746959064719024;-0.009297923928836797;-0.008844108627967369
-0.004126196441959831;0.0020922307856613654;-0.007854824839475884;0.006607803502896007
-0.003216012052022592;0.0009863611842592566;-0.0030550734324299063;0.020678453496144732
-0.002076570679277621;0.0010808088337491066;0.0045413472730784325;0.02691017789709788
-0.0004782241958535728;0.002818011488439286;0.012138095057242011;0.02353370967228078
0.001640275284617362;0.005706959789867677;0.0160614091391295;0.013908414753832225
0.004076875038961669;0.00835800288049809;0.014141346854754218;0.004057320378354593
0.0064036328611054615;0.009155302326882105;0.007271514246171009;-0.001012010213247816
0.008121938563534806;0.007134076288633102;-0.0012480403847466332;-7.826807762179012e-05
0.008858407460819206;0.0025390910202668145;-0.008030999634558592;0.004008322867745521
0.008506370441101497;-0.003218798519923178;-0.011566669603993584;0.006667595463182056
0.007251411162973821;-0.008178339115367517;-0.012398013958048782;0.0048754127220552385
0.005479054714782938;-0.010716202937864272;-0.011901886659280854;-0.0010298995421494227
0.0036183795787851397;-0.010264980374024376;-0.011062775411990656;-0.008117343487351835
0.002001219236207048;-0.00752831886216989;-0.010118290201495054;-0.01313374512926318
0.0007961711860772265;-0.00415111337814427;-0.008893891865672774;-0.014367913568265238
2.393113520639556e-05;-0.002012520377843304;-0.00718838678398937;-0.012131713137996231
-0.00038378258201296397;-0.0023785239082279495;-0.004900164884078438;-0.008122778259661864
-0.000527155867039065;-0.005234680185238816;-0.0020483900526835413;-0.004372717785508659
-0.0005061608553579129;-0.00918245387447979;0.0011247075809998125;-0.0023236140383950366
-0.0004104307095506843;-0.012083871580697141;0.004067847579160664;-0.0023519925964164616
-0.00031835051337613084;-0.012182519308786225;0.006070776184990056;-0.003853432352811781
-0.0002978978686999275;-0.00907395340052551;0.0066565401428835816;-0.0057390551050268265
-0.00040712311873446173;-0.003960093109828186;0.005928969989972211;-0.007018310911853642
-0.0006902806835180098;0.0009452996004420001;0.0045567874601909215;-0.007197010478939457
-0.001165349273705347;0.003512597050638673;0.0033678997611297037;-0.006390647397040604
-0.0018074321277600062;0.00272350461847235;0.002849690091816706;-0.005147411332156271
-0.002541551827334904;-0.0008484453588810184;0.0028979870938664267;-0.004036259897269272
-0.0032555314493202293;-0.005315275226790953;0.002959547424412735;-0.0032239931974584976
-0.0038311494908756;-0.008403270240623187;0.0024824660250283214;-0.0023958755610585056
-0.004180306518417593;-0.008616351952043811;0.0014175305390479007;-0.001165868586955836
-0.004268820902553862;-0.0060255616175922564;0.00042382063179344156;0.0003499535764917026
-0.004116157611808345;-0.002186366683997954;0.0005195492117888216;0.0013739896659488331
-0.003773892409474801;0.000823245640260983;0.0022728261284492525;0.0009923966870205487
-0.003299026076489325;0.0016392390111461279;0.005109241181334308;-0.001007981753281616
-0.0027387868826112337;0.0003054362690156426;0.007440399265415672;-0.003733360843909429
-0.0021319821481118636;-0.0019616000519942414;0.00770116450334755;-0.005628548474044806
-0.0015194824537734632;-0.0036374692700310114;0.005489356402249677;-0.005458978844876241
-0.0009524498768691134;-0.003740360082587208;0.0018529350651035597;-0.0030870980839178878
-0.0004920220532952093;-0.002187032703269835;-0.0014211785022241372;0.00045501993785745606
-0.00020191432535278522;0.000415445794699092;-0.0028417810231056734;0.0035334219827181153
-0.00013942647356945492;0.0032679279561521426;-0.0018736563828107384;0.004725305080497799
-0.00034890667816300433;0.005787553357824651;0.0009612103416350565;0.003498475189092639
-0.0008570170882533423;0.007697210898110624;0.0043797226932740805;0.0004808571424376493
-0.0016656898193211905;0.008843483447961008;0.006873154719940555;-0.0028818854504344426
-0.002740911485931971;0.00899089484985005;0.007362336272354588;-0.005224031104951032
-0.00400292604853147;0.007828178828745154;0.005735715868441989;-0.006158879717781718
-0.005328982367398856;0.0052213074596289474;0.0029424626447164424;-0.0063887204270646905
-0.006575735341501476;0.0015201527416955783;0.0004926427827691092;-0.006802126516225968
-0.00761535018495765;-0.0023563322041515048;-0.0003864143781784332;-0.00737118843139639
-0.008367267423420609;-0.005203280425014846;0.0005915974132344547;-0.00703362947633805
-0.008807258873309663;-0.006067943061334786;0.002725928958691202;-0.004836832334568618
-0.008948917198409628;-0.004722583107147614;0.004893735566317892;-0.0012528478122955326
-0.0088112683245083;-0.0017736917961403839;0.006281850829143357;0.0017883843021429696
-0.00839501979108661;0.0016501345278184206;0.006736348674185937;0.002449502347206029
-0.007680271628972898;0.004432140966613322;0.006550166845381321;0.0007927048555368743
-0.006639412328117612;0.005935670043712905;0.006039873262187462;-0.0009956848301397284
-0.005250518980706223;0.006210707748934366;0.0053869712716168566;-0.0005349102477691031
-0.003505648864698051;0.005902607247431398;0.004781535224319949;0.0021911400253682807
-0.0014193332985092694;0.0059360505147423165;0.004459542663141339;0.004177620665016909
0.0009605139591196109;0.007073119843608646;0.004386364276482574;0.0018074426133860128
0.003547539582636577;0.009471005487564606;0.003958558630823783;-0.005414373187294366
0.006224808330597425;0.012445816497581627;0.0023510893956665314;-0.01327776898749928
0.008857953524949674;0.014664924883591404;-0.0004951131997887821;-0.01545512244829846
0.011298823509716;0.014790813515737395;-0.003210134320142322;-0.008577978857609374
0.013379570996023053;0.012251290140481446;-0.0036717997763971687;0.0044711373732648505
0.01491775399878879;0.007610024502815472;-0.0007556532267677354;0.01617234720798395
0.01575001260887272;0.0022277062236274636;0.004441299505986251;0.019851069174875263
0.015781967985517734;-0.002533682125164226;0.009223231716213172;0.014544692133327706
0.015018038482164974;-0.005891716773852974;0.011307094170722455;0.005265002198955609
0.013547450383744806;-0.007556008146602919;0.010392289889323185;-0.001326958003183589
0.011501570524799196;-0.007251812711440347;0.00794364060394919;-0.0020009856422714928
0.00902201791165334;-0.004615419859847005;0.005606879338761441;0.0013231206786803742
0.006262203039613545;0.0001538956427425855;0.0038840126737418484;0.004153364901773109
0.0034049549230280806;0.0054390737165973336;0.0022298178393566096;0.0036564418396666746
0.0006600687492001716;0.008234455726551123;0.00019980486632521741;0.0009095776390953394
-0.0017726491996269591;0.005613237077324469;-0.0017341611434129995;-0.00041517139457542587
-0.0037538624146618077;-0.0030668277722902494;-0.0026236134127690745;0.002511154224802816
-0.005236292727192314;-0.014839902024474588;-0.002281679911165314;0.009060580259461397
-0.006263269090629772;-0.024028702056594634;-0.0019886384628415754;0.01534846921539776
-0.006942795578798617;-0.025241366679882592;-0.003784432570762774;0.016960856451908243
-0.00741067407492748;-0.016723767583983595;-0.008768455543480646;0.012167586981002764
-0.007787320212675869;-0.001825304217532243;-0.015808123378761123;0.00335098350721333
-0.008129387203225877;0.012539821586464056;-0.021842490208965625;-0.004437246288554001
-0.008389547242979408;0.019592119579595686;-0.02369342966925787;-0.0069230410147329766
-0.008413919753892381;0.01631194182682084;-0.02009917580743398;-0.0035369177248441787
-0.008000552779328913;0.00486378011889143;-0.012581415977194138;0.002531606124055596
-0.007004732520622977;-0.0088538672962988;-0.004638082992980915;0.007083230698487073
-0.005434977959719917;-0.018468873605837977;0.00020804608114319804;0.007924334709213976
-0.003476342942539675;-0.020257810105666085;0.0003638573029873928;0.005740414325246321
-0.0014175527886723948;-0.014525856723189597;-0.003049008302336601;0.0027155443374203537
0.0004811600156061897;-0.004787130407508976;-0.007143287410631419;0.0005685834493009762
0.0021077789965966635;0.004470654651829017;-0.009352946540619255;-0.0004017648893078634
0.003545980048367916;0.01000868845624055;-0.009065149859042786;-0.0008809356685515382
0.005028733282349422;0.01092276450219607;-0.007481257477367592;-0.0014989813121060944
0.006813861871418859;0.008366213380296235;-0.00601989789474985;-0.002269359351086245
0.00902775161763268;0.004436399382826062;-0.004959420280616569;-0.0028342912636484326
0.011544443297745417;0.0009756896563416286;-0.0035919447747390955;-0.002918897148627426
0.013967018344148614;-0.001157662647721755;-0.0014664619623339376;-0.002359564377726843
0.015746590455177588;-0.0021643965493613206;0.0006977591746761356;-0.0008238830770618641
0.016416240335653025;-0.002873008058049354;0.00129429421018594;0.002154548428094201
0.01585257551343023;-0.00409926323428495;-0.0009759713982746469;0.006545752021877749
0.014434849113658279;-0.006073807864794193;-0.005941938237957775;0.011099522019647359
0.012980473170752321;-0.008159625450964427;-0.011727341797345732;0.013433796944465143
0.01241549185112759;-0.009044040488210526;-0.015770575491307795;0.011391089330709803
0.01327738559866981;-0.007458102671304444;-0.016508404703875643;0.004975413002962711
0.01528247825880684;-0.0031472764214767746;-0.014381278585398363;-0.002809439485340113
0.017224031489790067;0.002527817197282669;-0.011157777817152945;-0.0075238927894676596
0.01733910204272735;0.006954871775589651;-0.00819176643547191;-0.006551279250026599
0.01403451958883144;0.0076290981350304625;-0.005483696385797403;-0.0014422423434346352
0.006637024041597555;0.00374313710312392;-0.0024779536844333136;0.002898982127114467
-0.004209992460546531;-0.003159051308875626;0.000675971482298111;0.001909270989775991
-0.016693151378977263;-0.010094314775515948;0.0031324383170109778;-0.0048344991796418265
-0.028422235162018125;-0.014501475573459413;0.004380879802911194;-0.012946040994518123
-0.03718119852836338;-0.015616628443538812;0.004574749123240288;-0.016664980235220984
-0.04153796207663721;-0.01439489241131618;0.00367019595992132;-0.013753904077209188
-0.04113355783977453;-0.012263143435487185;0.0008659590012177835;-0.007530483363980952
-0.03662185336273259;-0.00984530626325559;-0.004489172620409349;-0.004076183467718611
-0.02934400560702921;-0.006670364616947518;-0.011448070585795948;-0.0069629331808128345
-0.020882109953676217;-0.0019949956335033915;-0.017246787114943617;-0.013953591458785284
-0.012650602534453692;0.0040594714506616385;-0.01874409999759383;-0.01848944650074769
-0.005645604794432625;0.010110011656279111;-0.014362832048195523;-0.01499453634718934
-0.00038737299141635654;0.014255894057549321;-0.005179749067770632;-0.0038206332263374487
0.0029964843269643378;0.015363224850024594;0.005389852635190828;0.008479366845429095
0.0046402994453779425;0.013818468731976353;0.013093548932163293;0.014217011646192731
0.004837805074877586;0.011134903307822694;0.014861753137334262;0.010904105824143208
0.003991275236315181;0.008755806361254316;0.010418351658278615;0.0033621454342550212
0.002585440996680357;0.007044298148938128;0.002573838697416464;-0.00034991903570888135
0.0011405948088870333;0.005273974190858735;-0.004152507509563332;0.004247745292262094
0.00012323453978402835;0.0025811256242543826;-0.005960186710053148;0.01423229058068932
-0.00016099594678662437;-0.0010015033600842091;-0.0018456708440824508;0.021458388096884034
0.0003597354657802099;-0.004367469063568494;0.005995868362826245;0.01873311258962676
0.0015204337072380603;-0.006132450690152138;0.013703086526576478;0.005095359868231792
0.0029838268680402445;-0.005650834490563839;0.01808065463978774;-0.013441875195728183
0.004347331249831987;-0.0034407898866174067;0.018092270194931436;-0.027684236699068002
0.005266911401810163;-0.0008416310913152616;0.014789902724012443;-0.030729137071623575
0.005570426376440271;0.0007155995601518983;0.010270271450457906;-0.021786371070303408
0.005321158275712573;0.00038263215316931907;0.006594855393659588;-0.006363986435035283
0.004794208204321033;-0.001715891594916589;0.005057849308719205;0.007061574736218169
0.004361989533004693;-0.004456924273911944;0.005791557223860673;0.011824489045763003
0.0043320287016138815;-0.006091010889912337;0.007775016544472044;0.006476647191214135
0.004807393499009679;-0.004949922449484453;0.009345675256665995;-0.00496064040667296
0.005632478483659445;-0.0002431574632766638;0.009052139996606432;-0.015608768018461845
0.0064522176721113905;0.007429261254313226;0.00642207733494206;-0.019393385245601188
0.006864527356624758;0.01613258009121263;0.0022491455749767968;-0.013844949056012803
0.006598734843392042;0.023246768522207827;-0.0017479461696017615;-0.0010122650831151576
0.005631193963043401;0.026475134538265888;-0.0037848482889933817;0.013553333836956111
0.0041768592515917195;0.024815345777485513;-0.003015583033970899;0.023162679011157487
0.0025652006761528665;0.019046565828999357;-3.614391492185524e-05;0.0229068226508083
0.0010757799023058403;0.011426189442001192;0.003640596569753221;0.012251022235380625
-0.00017301052939187807;0.004677865919648576;0.006843768507644122;-0.0038914540295602812
-0.0012273185702491027;0.0007925373235700687;0.009567256210413948;-0.01693302780488645
-0.0022039129718833717;0.00029458519710694046;0.012453212999636991;-0.019296607844899293
-0.00316212269755443;0.0023095229189691794;0.01545697585077505;-0.00948046224422348
-0.004020264363632992;0.005245099160930372;0.0171906344769411;0.006432067345225811
-0.004568094194241249;0.007560453182246541;0.015724206463800582;0.01859960923329635
-0.004570017332956475;0.008192403736133148;0.01006518485487715;0.019997138175690217
-0.003898399394293;0.006603615939651776;0.000988884930078697;0.010787454318124372
-0.002618333381051137;0.0027093314465615986;-0.009218012981833314;-0.002491085070155497
-0.000978864656683039;-0.0031073913490372892;-0.017565106457018625;-0.011745086194929958
0.0006748056759041356;-0.00991400268049316;-0.021250519390605585;-0.012426111362615132
0.002014936846307596;-0.01626928828935408;-0.018705967588023252;-0.005700365214630749
0.002821077507718575;-0.02057189793721427;-0.010685026674157914;0.0031576755872658874
0.003023301748357744;-0.02170586823765279;-0.0005509669307040289;0.008608439542518389
0.0026979425880430327;-0.019665051799140926;0.007059209278669754;0.008229916962810882
0.002023980670672279;-0.015673855449096427;0.008767402388307933;0.0035806075882362535
0.0012137563608247178;-0.01154624442569329;0.004479783691083307;-0.0015710629950170705
0.0004410300566038493;-0.008583586645294634;-0.002656032345494166;-0.004010734386613096
-0.00020349732918669282;-0.006778692006732201;-0.008377565392841901;-0.002870864525474939
-0.0007081261834087901;-0.004980863240810347;-0.009962975355824686;0.0004684130701359613
-0.0010944094861833583;-0.0019558573656370815;-0.00755348922473322;0.0038536780435865763
-0.0013643128509136086;0.002463850683945296;-0.0034014432387492;0.005864772638485607
-0.0014778765473973656;0.007033879534168811;9.02360889268771e-05;0.006299670984135585
-0.0013733667241479098;0.009828409260591508;0.0018986343129395015;0.005649199393042824
-0.0010089026268530663;0.009512944798872332;0.0024972632113702342;0.004384482881956408
-0.00039125304653226187;0.006260893757683206;0.0028995372739225042;0.002725721474344219
0.00042687378012747665;0.001725239904935057;0.0036758127035659595;0.0008282986882636251
0.0013723636368589388;-0.0018411326103553814;0.004643460123255608;-0.0010742543846186624
0.002377310273242205;-0.002727531776758266;0.005181495936346749;-0.0027784615389268
0.003388498125967632;-0.0005600914195652017;0.004732807096921709;-0.004260006281752982
0.0043601342690814514;0.003550859321665192;0.0031562434053006064;-0.005590799872859644
0.005240765119542295;0.007458602748213829;0.0008458765392472419;-0.0066402192068845765
0.005967528886887313;0.008773194948971778;-0.0013303399841084174;-0.0068649958808322635
0.006474372103604202;0.005744330411344986;-0.0022301126181507457;-0.005499840128858107
0.006709683049318835;-0.0019614643128810392;-0.0007859076636904534;-0.0021512504065443402
0.006649634642408207;-0.01281931233159489;0.0034977649706600367;0.002626940407918948
0.006293040640504451;-0.023663189568890852;0.010051946671127241;0.0073548039357842505
0.00563404351102858;-0.03075828885652116;0.0171161968615897;0.010434153510034587
0.00462607268093639;-0.0314109572893348;0.022305360115857993;0.011214457552998304
0.003165120138625295;-0.025259310716865206;0.023722826483865422;0.010401815186813273
0.0011206320717517685;-0.01445732530491928;0.02089616951144874;0.009320323690043408
-0.0015830449380609985;-0.002685696067325557;0.01484462071373785;0.008547271381532297
-0.004875036457688511;0.006408043003752822;0.0073545152981622525;0.007208551387553671
-0.00849836189716091;0.01061527855903911;0.000183578619907805;0.0038531547854583786
-0.012053929217256093;0.009899058094706741;-0.00530011162705658;-0.001699693952538677
-0.015103538571617055;0.006179667336218535;-0.00820069279961578;-0.007420802759058365
-0.017277955075246862;0.002267827337855644;-0.008256816778457816;-0.010287756028151209
-0.018344241261072723;0.0005197182533901389;-0.006048526103721554;-0.008725217665565981
-0.018212022478963513;0.0019512777440405251;-0.0029020735979785116;-0.00397794919724267
-0.01688990437466985;0.006132965597666609;-0.000352200176522699;0.0008639582341540664
-0.014430011791387372;0.011613816093189056;0.000596102772447795;0.003227776138591812
-0.010901288548174359;0.016488537636003463;2.087176902138254e-05;0.0026776445866705354
-0.006407291924928884;0.018977226344332583;-0.0009231072603157719;0.0005519459789077378
-0.001132629383713391;0.018019263681078413;-0.0008026779791615551;-0.0016754292007818954
0.004613617457191101;0.013716288913672235;0.0008436993633885338;-0.0035559102699647726
0.010385253452182252;0.007330944061793871;0.0028463912001303934;-0.005425173494551337
0.01563244024919172;0.0007352422101806319;0.0031586282820454934;-0.007424457591973457
0.019782527584322557;-0.0044324991017161775;0.000534940069490185;-0.00897630858429995
0.022350560395804304;-0.007418203988734619;-0.004344932307655039;-0.009153460260577806
0.023042869430779874;-0.008433523226090102;-0.009271214118642195;-0.007507387333255136
0.02181620163002238;-0.00819117287777896;-0.011993900337260787;-0.004618877905714288
0.01887650707464135;-0.0073102660876243775;-0.011579783766632178;-0.0018340125953903396
0.01462642916668267;-0.006036946624927469;-0.008751821207383655;-0.00028470948902085307
0.009581079998207771;-0.0043709848064728005;-0.005216481340551028;-2.8500157783720532e-05
0.004270633316393873;-0.002326628077542405;-0.0025873953342788374;-0.00017397606772219656
-0.000853137426890393;-2.7256534784158676e-05;-0.0015378522624580253;7.029453498134534e-05
-0.005488405897088044;0.0024046407604406896;-0.0015326847369771552;0.00045249709778481925
-0.009515572957466144;0.004956004725788871;-0.0012323976641423426;-0.00017034025122520551
-0.012974688229143449;0.007628607409500728;0.0005456809085524313;-0.0025639946444988193
-0.015975526761294677;0.01016456235421406;0.003733856041383096;-0.005741116939690329
-0.01854406626628311;0.01184065363179912;0.006545083182622821;-0.006875559909985774
-0.020451389941466374;0.011604428025809922;0.006271932152874235;-0.0032219500248773063
-0.02112437504605838;0.00862538228585631;0.001113389500606448;0.0049942987432358005
-0.0197510797430426;0.00304220972229381;-0.00827549904185772;0.013323259640198435
-0.015619905235500832;-0.0035595735900026946;-0.018863469835846716;0.01551273407753043
-0.008584559182281624;-0.008478108094819388;-0.026957866539424245;0.008571377777044935
0.0005819933900662247;-0.009240329954984304;-0.030063198218277656;-0.00368158204754618
0.010185856383317938;-0.0053351327447346015;-0.027474191493122645;-0.012462714568029009
0.018053183000772653;0.0010321189211078877;-0.019865249825483804;-0.01073660837568148
0.022270306785309734;0.006138846552978301;-0.009184461478356882;0.0006133474551519344
0.02189609464643715;0.007242409580507045;0.0010285507486171028;0.01292273116904418
0.017309753898323718;0.004361350610054013;0.0064481067103078025;0.016785337510027868
0.010042064200186825;-0.00014380314397493768;0.004617384147660167;0.010167539705158319
0.0021958553491908546;-0.003655255880459715;-0.00259703595729035;8.777869763073824e-05
-0.0042704715831455116;-0.005121494769723807;-0.009665819304774748;-0.004128061444946047
-0.008111492820265014;-0.005244379191728036;-0.011294490349028102;0.00023829764163200415
-0.009035951081911403;-0.0053018082332707455;-0.006319469104267039;0.0069377134112418885
-0.007592175971312048;-0.005923419180456671;0.0016886657023929977;0.007180664832168652
-0.00480754991218584;-0.006830605499752505;0.0073439945427631005;-0.0016267206835061927
-0.0017696531944451962;-0.007441459831297694;0.007341445529076661;-0.013168108057967158
0.0006780843159264305;-0.0074511020049234334;0.002530306989984637;-0.01768146418902513
0.002052107391316204;-0.006755041800552052;-0.002985230893888887;-0.010358762536890762
0.0022002888558778173;-0.005021922994764642;-0.004880498045859061;0.004538318511341663
0.0012290081356128456;-0.001718101628641083;-0.0016152330947561296;0.016893896162295453
-0.0005514886087147911;0.003169385678534179;0.004729339509205057;0.018313016652291923
-0.0026743367043880685;0.008417191117168474;0.010284566331480633;0.0080902479081149
-0.004597261582459037;0.011779002679366924;0.012267919335716108;-0.006607518857970526
-0.005825504895092698;0.011249485269676271;0.01057924760013376;-0.015985538251584913
-0.006035690428426855;0.006497550995344933;0.007185988897739309;-0.01427511402893043
-0.005149743639270218;-0.0006487343041536098;0.0042869191836324766;-0.003307385703173941
-0.0033377127738454947;-0.007073339754841452;0.0028906064748810893;0.009051044301068973
-0.0009618330898041444;-0.010024000719151827;0.0026316259104309904;0.01429127777660533
0.0015138941911716152;-0.008499106257416084;0.0025137600398435545;0.00889188361650489
0.0036297890481579048;-0.0036030837769980254;0.0017855557764530263;-0.003454131106122657
0.005038563216166665;0.002187920128663094;0.00040046329630738053;-0.014453922924008891
0.005596082716751869;0.006287624409867623;-0.0010065128285919676;-0.016893427447284323
0.00540499927972477;0.007068593737726839;-0.0014497829134749876;-0.009461863889452075
0.004782858853633377;0.004321003132890545;-0.00010427625419794167;0.002619987071460024
0.004151012388882981;-0.0008856710544891957;0.0030921067385565205;0.011482370020011033
0.0038791007551011916;-0.006688989423276514;0.0070201010492402125;0.0120617724480233
0.004145872075016282;-0.011037196333367366;0.009604834679241253;0.005191035083884862
0.004871921947734916;-0.012290683924557334;0.00890106476872304;-0.003643253546296297
0.0057498742780068305;-0.009739444381019932;0.004555831268097104;-0.008525399832510602
0.006362537010861815;-0.003905119619367829;-0.0013968182287304913;-0.006941751576481049
0.0063493909539322786;0.0035315112736373547;-0.005217285550390985;-0.0006135200655977168
0.005555547899859711;0.010252024447299212;-0.0034294432865227607;0.006588771646958109
0.004088335743530371;0.014150316274206516;0.0050313010806095045;0.011416811920766975
0.002242493206466546;0.014178530772058363;0.01772839284768255;0.01260523385906852
0.0003331975028612176;0.010781412771713655;0.029399712308077707;0.010601404570534987
-0.001458581045154177;0.0056682155118892965;0.0343245491060828;0.006865175555174353
-0.0031311741649363437;0.0009894895568286885;0.029338869632943087;0.0034762484462092704
-0.004779533780923073;-0.0016897902073030689;0.015693466222629182;0.0024710743883879583
-0.0064551201420565635;-0.002060165951969679;-0.0015853214053192862;0.004372134870057219
-0.008070905727425427;-0.0009813016105061204;-0.01640075086751859;0.007010899608718108
-0.009412344888449713;0.00025694375162668644;-0.024480255830123678;0.0065186799604995274
-0.01023733239451748;0.0007439976757759727;-0.024828125283765667;0.00046846717803380143
-0.01039306033658746;0.00026319456412144597;-0.019416193275117812;-0.009521170660693702
-0.009878745392847128;-0.0009475986496828616;-0.011734394179227229;-0.01840329678527499
-0.008828683292923998;-0.0025894614864498816;-0.005009702369893759;-0.021220139851884343
-0.0074415634446407695;-0.004468463292045792;-0.0008445998842342721;-0.016540647253743056
-0.005904673411060665;-0.006394612060884814;0.001103815719987266;-0.007173826330789448
-0.0043473024596479585;-0.008020625372005106;0.0022796167336582977;0.0020091468763208734
-0.0028286040292476258;-0.008823174977158265;0.003852745358427758;0.007220765956627366
-0.001348353367925887;-0.008285852418170063;0.0058076808772428625;0.007664183210166779
0.00013099289024545458;-0.00618603624138672;0.007067531122762794;0.005219337434342883
0.0016572503494342247;-0.0028002423670780165;0.006414884367298949;0.002515999272502332
0.003260274408981329;0.0011176116310055194;0.0034789929909888077;0.0009472583649803404
0.0049280222400859474;0.004589766798141989;-0.0008456960462423137;5.371523188354128e-05
0.006596188415228001;0.006777053810640987;-0.004744481406774221;-0.0013747379889736064
0.00815941196116437;0.007298413448897392;-0.006334553985522082;-0.003535739069019339
0.00949949688063042;0.006392195615807488;-0.0045393641308704245;-0.004873978758600868
0.010510935173481801;0.004833313709725523;0.000397323214675121;-0.003182415150463283
0.011105661157318711;0.0035767836725315487;0.00687158825954715;0.002350426470621521
0.01120127768494671;0.0032524481840196153;0.012351638472932688;0.009981178281254883
0.010717273529953494;0.003789491500554887;0.014303423468986994;0.016195700447538493
0.00959777960798581;0.004423630368911697;0.011432005017886234;0.01778104695720455
0.007851069535856021;0.004146725769120561;0.004608657766416084;0.01356592056575457
0.0055745020777708595;0.002425289421867297;-0.003302349337575428;0.0047857943370932425
0.002942661614553476;-0.00021332046729681758;-0.00892399540827527;-0.005688056320779093
0.0001677061329942473;-0.0022218239586683348;-0.010347893535604738;-0.014404537999252247
-0.0025390778216762885;-0.0018980484288779653;-0.008216029172728853;-0.018257062608702423
-0.00498652564504779;0.0013678100203477776;-0.00500809468623095;-0.015466910202916339
-0.0070100509294478645;0.006358312914062626;-0.003053723383974942;-0.006654061462792337
-0.008480037732238092;0.010476016113739666;-0.0029424826287216405;0.004747146435791286
-0.009314550835519613;0.011209289746073528;-0.0036838084816722375;0.013708217484473418
-0.00948524859795276;0.007637963773452392;-0.004268117881429673;0.016355449029768463
-0.009008324803729564;0.0009197716842263594;-0.0048681045731046885;0.01246878486226867
-0.007928568400155444;-0.00650360512041746;-0.006392906729858719;0.00555526046702965
-0.006314310843696563;-0.012270111181193795;-0.009006668657018055;0.00014507562905544257
-0.0042716023882000504;-0.015056879047715755;-0.011390912162121018;-0.0014989040623392513
-0.001966994355047615;-0.014716274524356225;-0.01167011451326981;-0.00048565028841528006
0.0003630059699107374;-0.011869761752731566;-0.00909610524385928;0.0004363820429818869
0.0024341410269045336;-0.007469719803941897;-0.004831808943388581;-0.00048366419109276045
0.003970118456282604;-0.002571012736474175;-0.0011369837811549338;-0.0028408461174902256
0.004772250952764112;0.00179851844508932;0.000241285902404797;-0.005028990844889463
0.004771751998029909;0.004845639086416312;-0.0008981040511982817;-0.006022872341707759
0.00404248973108299;0.006264263137909129;-0.0034141253347408297;-0.006269251816446979
0.0027739275914499166;0.006323585397158175;-0.005801335299315636;-0.007023826536516758
0.0012195086469401983;0.00566692123285176;-0.007039247194138178;-0.00891041578282221
-0.00036259128855240137;0.004941503017720196;-0.006862494924422693;-0.01110083005135052
-0.0017626405823936116;0.004512676874269774;-0.005603415031603947;-0.011864280804183416
-0.002852963210398387;0.004413928810791841;-0.0038921453047778705;-0.009980890957497685
-0.0035908808014671733;0.004477938714969827;-0.0023249945949083257;-0.005824722681007159
-0.0039926240092369595;0.004492559946042169;-0.0011670258577268962;-0.0012968239803737834
-0.004097192004365363;0.004293268239198924;-0.0002654682662112678;0.0013113137247872083
-0.0039439970516368566;0.0038188198320567336;0.0006871714849813288;0.0007881218785489602
-0.0035728802531501272;0.0031736122053476396;0.0017015977751467586;-0.0021025975709192337
-0.003033432367039398;0.002652012509897923;0.0022902170210607658;-0.0049756034886078585
-0.0023840485770976676;0.002614597278031123;0.0018160632908791438;-0.005418726760300504
-0.001675106099223483;0.0031804636218966792;0.00014958018782478967;-0.002845805324699095
-0.0009288376993035068;0.003884728498496181;-0.0020022200877573737;0.0008702506624402015
-0.0001328301896452768;0.0035895254536524573;-0.0034711575397669663;0.002728625584527385
0.0007464039045112132;0.0008909386609877833;-0.0033966129825219503;0.0010272863529445187
0.0017360327301714;-0.00499037639882642;-0.0016886374887177722;-0.003080190353493288
0.0028265688809954244;-0.013226181845756402;0.0011775494789688869;-0.006340164760204252
0.003946748387060114;-0.021010668216648865;0.004673657605605103;-0.00603303712878272
0.004949788502083597;-0.02444263514084328;0.008355475309350787;-0.0023090638651409555
0.0056210438989170875;-0.02060070721890378;0.01144944532805396;0.0019377804171403414
0.005720752811337385;-0.009703868956510184;0.01249952236017531;0.00371645618502286
0.0050652241184792075;0.004249358306788986;0.00979292904594985;0.0026963395087414035
0.0036202363955723763;0.015209165100338045;0.002531136693929241;0.0014094730984727096
0.0015521776514129603;0.018360119189738747;-0.008097598247674564;0.0027475058412564637
-0.0008072049691487625;0.012897953088911127;-0.018880136829769554;0.00726465150166017
-0.0030708224943053375;0.0024660126653719056;-0.025853524648808794;0.012714726029153247
-0.004917045345385116;-0.007016101214089895;-0.02625274485800987;0.015857455937988138
-0.006158189690096615;-0.010730987860563408;-0.019938006232651236;0.014724162764636202
-0.006738128050603777;-0.0074980184129869;-0.009412370104701749;0.009711539484455533
-0.006683135228071619;-5.9900729309432344e-05;0.0014389520506459391;0.003109855363500552
-0.006044510761550856;0.006841705442595995;0.008943975892345354;-0.0023498861919262607
-0.004862265195524473;0.009269304082603074;0.010805588361331206;-0.004979855888707483
-0.003162489991213633;0.006096786526844226;0.006760047223440147;-0.004827729340462113
-0.0009855780704954669;-0.0007600660669496381;-0.0012182966055522078;-0.003270152805134688
0.0015723430479986518;-0.007749862990380951;-0.009540059595845413;-0.0018918300380532376
0.004331976865073226;-0.011741863251304979;-0.014632735764564107;-0.0014967460839316082
0.0070393762753562334;-0.01153859756810261;-0.014767039521532134;-0.0019380135501742188
0.00941281190998583;-0.008104985299141028;-0.010784006444404285;-0.0027080583355709857
0.01120788721665658;-0.003603642806935905;-0.00524155389268839;-0.003567180312630439
0.01226779103295228;-1.0510310346382803e-05;-0.0007263104092160151;-0.0045921645987353965
0.012531329153857488;0.0018087259260068562;0.0014648712791095384;-0.005743937620013068
0.0119963770673827;0.002148175666514568;0.001554823870195711;-0.006560421420512336
0.010667113198202304;0.001848240779645867;0.0005377681502735937;-0.006380395163932639
0.00853019746149957;0.0015629167752112024;-0.0008639970211911343;-0.004896424256962094
0.005596308609153175;0.0013625965451522976;-0.0027750302253057835;-0.0024876484872887964
0.002009548085463269;0.0008106404360245492;-0.005855321441803934;-3.8088779211863516e-05
-0.0018223302217490384;-0.0006255888600780428;-0.010270358597494438;0.0015222307319126165
-0.005168549195485308;-0.003087175125393982;-0.01468976585188456;0.0015425558682264668
-0.007085195546589324;-0.00602185461176377;-0.016281416975498914;-0.0002055733734036084
-0.006731532480554723;-0.008286228631158455;-0.01217928406609839;-0.003264091246552149
-0.0038065821372706993;-0.008731745640361128;-0.0017157427271999883;-0.006083142643332439
0.0011025967242929804;-0.007045930224423222;0.012388988852089547;-0.006163782766549237
0.006498151006761028;-0.004276457839197877;0.025309998691891034;-0.0014665914839796582
0.010390705616126346;-0.0024451071154778753;0.03308165329199955;0.007454179731742798
0.01104253196941266;-0.0032030771378957286;0.03456500306855345;0.016498883618568085
0.007700969379805492;-0.0063418162764388155;0.030846789288609986;0.019827538475219248
0.0009547457514308096;-0.00940420391832698;0.023546158418715074;0.0138175542719972
-0.007459143237086722;-0.009002403426110755;0.014410561424057357;0.0002932436157508667
-0.015287013838583578;-0.0030909485881066754;0.0061147714930920695;-0.014083094038785783
-0.020537092424310278;0.0074080358454608215;0.00204415500669457;-0.0225639729072483
-0.022103071635296685;0.018782509226620496;0.004207469168271041;-0.02348452831043614
-0.020034360628169545;0.026370253908040903;0.011244046004604893;-0.02101895471991097
-0.015398839650802621;0.02685415495950035;0.018802372763479357;-0.020570192653753462
-0.009824916958774332;0.019686747431308833;0.022192222499124403;-0.02313264832570471
-0.004917882592209432;0.007080185608361992;0.019232803603239035;-0.024094213671284583
-0.0017800354282236593;-0.007066595427792768;0.011354150250388866;-0.017685006347576693
-0.0007937358984282543;-0.01855826264737783;0.002410181493482776;-0.0029496361651666267
-0.0016838210994601303;-0.024133184680644654;-0.0038908547327674166;0.014193826785609473
-0.003753265552271072;-0.022420200980764443;-0.006197862601629742;0.02462034563423164
-0.006154384233731569;-0.014499991345695426;-0.00590980277749659;0.022328609699351083
-0.008106390568485645;-0.003704677995358753;-0.00564493586065759;0.00858005172957784
-0.00903631427907683;0.0056295126960158245;-0.007095767447257748;-0.008810163969055424
-0.008655916160507494;0.010108105646519915;-0.009858008831874302;-0.02008543462098715
-0.006985234159911411;0.008910190064992995;-0.011832060657164863;-0.018995840294384222
-0.004317033344881693;0.004114525403154843;-0.010613963661027424;-0.006078758576920229
-0.0011181929459961584;-0.0004881228167620467;-0.004946571752060179;0.011852617964327652
0.0021063177004182502;-0.001393714169765275;0.0043644989405382945;0.02572876071491726
0.0049346728534537185;0.0028752028740672104;0.014443852193980514;0.029541638721560123
0.007093805737551279;0.011078295057358748;0.02153528920794946;0.02374381321951863
0.008469405789624662;0.019838909614529394;0.02301114419309248;0.014449297544220505
0.009090538910640076;0.025183319107723413;0.018829518266242302;0.00889608077122869
0.009113289352879665;0.024322474888149464;0.01122536816344323;0.010367959408923435
0.008798126737885157;0.01685180159947971;0.003059290167238878;0.016258426817667856
0.008457602420683823;0.0048744583469777164;-0.0035710362699431903;0.020547960545839336
0.008365635408677278;-0.007870626135215482;-0.007585199672687126;0.01854540052819651
0.008653060863205601;-0.01740015259921785;-0.008616631273547656;0.010191325621570808
0.009237491532141241;-0.020868546622808775;-0.006972076256266468;-0.0002875068171919684
0.0098332599146305;-0.017520984232841808;-0.0037702371938148;-0.0075431118492276985
0.010058014448683511;-0.008931046158339596;-0.0006343108257448842;-0.0083206306410241
0.009602774413413995;0.0015743840612607838;0.0011913633524996336;-0.0025853582489345807
0.008383596575393674;0.010146849057314423;0.0016587653432745407;0.007326321488209182
0.00658414910122468;0.013899124973814925;0.0018977604320039307;0.017951108429331765
0.0045543174330984005;0.012070675158099002;0.003253927302263017;0.0253755298741219
0.0026226272503325244;0.006335772663281657;0.006178377703136962;0.025971718726063152
0.0009395645080958475;1.6745895391205444e-05;0.010013255691461083;0.018132907995568447
-0.0005539837916430855;-0.0035207739506176667;0.013803407401158608;0.0042512979967313
-0.002025230894878089;-0.002522545622326611;0.017050054727672726;-0.00945561142866191
-0.0035910900142975396;0.002360571647581855;0.019436766300868262;-0.016490539512414637
-0.005204930107743132;0.008620571971745778;0.020072212118335216;-0.014720804360269577
-0.006650409785515855;0.013415584238853343;0.017639688185835993;-0.008004078692309952
-0.007635743918524727;0.015039046616968596;0.01166187006356695;-0.0030682430474052898
-0.00793054522567182;0.013424739932260774;0.003443808823291371;-0.004222694796123098
-0.007472851121443198;0.009616498787480866;-0.004511484230749598;-0.010275961341651646
-0.0063935498402811555;0.0048947217416303295;-0.010035532225732844;-0.015889764687926754
-0.004951269864017272;0.0002574294523352776;-0.012277983464085788;-0.015952262188908474
-0.003420679233409507;-0.0036072317456646054;-0.011566381866619712;-0.009501608538221294
-0.0019968918092214062;-0.006170127183407387;-0.008829451024737747;-0.0003969441581006696
-0.0007572873474032559;-0.007064795510154925;-0.005341388273183547;0.0055720410284110814
0.0003169527590837805;-0.006316424236061317;-0.0026875395943191335;0.004929062618201032
0.001286110651625417;-0.004572435259284853;-0.002341504220839861;-0.000999671776693144
0.0021980761203471005;-0.0029980874301580997;-0.004723239225806929;-0.007177074546985624
0.0030579903093617164;-0.0027125415335146454;-0.00849814825955486;-0.008726541129695056
0.003825326938220105;-0.004069605092387806;-0.011075337010874162;-0.0046241702739919545
0.004431118364252931;-0.00634093157197518;-0.010326913432922833;0.0017041480379281055
0.004806543447828116;-0.008131063176041179;-0.006282083283514703;0.005328588432411704
0.004912499964103126;-0.008289558955304763;-0.0012974449521409995;0.003800049034596805
0.004755786656561064;-0.006658555494550317;0.0015865350389747956;-0.0011161202235225856
0.00438131411482363;-0.0040783479050589665;0.0008037208414805223;-0.005152348773976326
0.003845822924462608;-0.0016508258188512274;-0.0027938137580947914;-0.004962842259388412
0.0031943462827804616;0.00011153196050061348;-0.00682588225877749;-0.00040889672800562866
0.0024581585071062543;0.0015154112661246123;-0.009181851621893212;0.00578727212701055
0.0016710462301905396;0.0031259788477479475;-0.009207555108403704;0.010240180252009873
0.0008812516299669347;0.004976405041587256;-0.007531299044943629;0.01098438755771347
0.0001404937979439555;0.006300798989023172;-0.005082908656816467;0.008112181374499178
-0.0005248891401822142;0.006039834631142777;-0.002434115160125185;0.0031405124288317442
-0.0011351285086295996;0.0036754496777122807;5.147445182454441e-05;-0.0019177613393507654
-0.0017465930207740158;-0.00030203955617423545;0.0017982411837654988;-0.00523943248106029
-0.0024098290281991783;-0.004631757383607286;0.0020957257435264692;-0.0057864013637009045
-0.0031231411337243405;-0.007980766936874417;0.0007183706652341811;-0.003871060799531417
-0.0038154048962433266;-0.00957551170801817;-0.0015952345838814847;-0.0011938758900717746
-0.00437283874026314;-0.009401746445384952;-0.003414372936819164;8.404027449174975e-05
-0.004695476761795708;-0.007977397302158261;-0.003547720765910189;-0.0011934826705226453
-0.004749882129247111;-0.005967477705728329;-0.0019475035575781704;-0.004267279218314373
-0.004585724512612959;-0.003913335609423898;0.00011953718309402129;-0.006862760682985037
-0.004304556407982989;-0.0021561477620939207;0.0008454553800241041;-0.006667599013815573
-0.0039986190401473136;-0.0008656012352719745;-0.0008518248370669473;-0.0029107139279701977
-0.0036972321625891556;-7.702843129546238e-05;-0.004431995343360777;0.002985996412457574
-0.003353370402761547;0.00027680707456101053;-0.007903179846316433;0.008147299473810677
-0.0028761371098231783;0.0003112591800296101;-0.009028968664007242;0.009953789005265813
-0.0021858870492680355;0.00011563588802901892;-0.006766402346618724;0.007608048189904897
-0.0012579529274369338;-0.0002873472751505445;-0.0019511565497270134;0.002520964041455765
-0.0001329459344973865;-0.0008929028006602979;0.0031848106713109727;-0.00265835641230058
0.0011052957477489763;-0.0015943558049246658;0.006270324570390643;-0.005620132167116497
0.002365177812762214;-0.0020987142837393634;0.006020929374427581;-0.005561719513553028
0.0035740220108753935;-0.001979142770351254;0.002775534776898917;-0.003344727568442371
0.0046838503896283355;-0.0008547478585983313;-0.0018481165533883188;-0.0006992236527436046
0.005659179268404594;0.0014095018106083932;-0.005861623199873777;0.0009394852004833282
0.006459597624493534;0.004580003960471671;-0.007761459132492931;0.0012142383983668504
0.007029891037292314;0.008032196621621485;-0.006865813188182657;0.0008261021745020855
0.0073034530967192885;0.010810288796231915;-0.0031900895441877263;0.000879234809537584
0.007216933656698435;0.011777478544609867;0.0026792945830817014;0.0021242843410528883
0.006729427881343528;0.009913601327640915;0.009397466615265165;0.004518841096015028
0.005838325628224994;0.004789805950037316;0.014593415228069562;0.007178260453997584
0.004584897384721019;-0.002912953300516153;0.01514329440865443;0.008617429316531582
0.0030449272700646393;-0.011190349616007813;0.008401945300191695;0.007266008853236798
0.0013036695167316916;-0.017199690509749586;-0.005937309437264742;0.002296661064298562
-0.0005789763012434929;-0.018500554728962875;-0.02449668081165755;-0.005446393610281599
-0.0025983174112277074;-0.014466223550719623;-0.04072949030594593;-0.013083215104900818
-0.004807499502971085;-0.006872415623842064;-0.047732284346304166;-0.01665904282214918
-0.007273961694572737;0.0009193327659500253;-0.04202596827962937;-0.013443083613026619
-0.00999611346491976;0.005727993053732589;-0.0257912882734037;-0.004272540133955922
-0.012825435106415229;0.006111603044979355;-0.005855938185586594;0.006078682423091723
-0.015452017859970657;0.0028163916282187697;0.009965220189039769;0.011547799194781654
-0.017472250271924075;-0.0019522856805590705;0.016841275953632804;0.008991926202109693
-0.018500116576402575;-0.005848814661946397;0.01490202160204897;0.0005974311451342235
-0.018263871509777343;-0.0075341098210153865;0.008295383424077898;-0.007810319105741754
-0.016654854120328452;-0.0070684659940834695;0.0021839200893657845;-0.011263098374555323
-0.013730092958657077;-0.005390540457091886;-0.00032906455609664904;-0.009075279285184775
-0.009687787610473576;-0.003315255716316571;0.0004005557299716504;-0.004471660567011416
-0.004832056333426859;-0.0008691960363912533;0.0014051007048182596;-0.0012561148626416138
0.00046755287262013456;0.002500899106146134;-0.0003828375832618766;-0.0007559875465300429
0.005821546687597365;0.007090811043943344;-0.005465378213592323;-0.001557270584806593
0.010865587671471316;0.012235920136278786;-0.010951851380822454;-0.0017649331881147434
0.015293614519954727;0.01632688222421487;-0.0126261837238379;-0.0012954384333995319
0.018872702692887797;0.01754368711298723;-0.008550230700471747;-0.001945256731290906
0.021445868027063407;0.014829719296208691;-0.001073089884103698;-0.00529641893558367
0.022930968580235786;0.008508975590133505;0.004745369210146043;-0.010611459114346645
0.023313208703275825;0.00020590202344138574;0.005013577890112476;-0.01479453597958069
0.02262462240157798;-0.007809894494308434;-0.00014613897406400483;-0.014537720692279247
0.02091724411607751;-0.01342353194502342;-0.006975418225328183;-0.008860516706863308
0.018251426702364872;-0.015274762059197108;-0.011030021064389982;3.3535294214080524e-05
0.014713660530838675;-0.013082192046751028;-0.010249040888645044;0.008234914672626293
0.010451061727084298;-0.007709830290602528;-0.0060221564486131855;0.012703676503013558
0.005690526282627;-0.0009164875468390689;-0.0018187120078245174;0.01293452317288235
0.0007204575503017447;0.005249834329025676;-0.0005953168503187949;0.010618604700746118
-0.004158166116810047;0.009232155995110868;-0.002807354580991748;0.007869320588112759
-0.008683977651289627;0.010522966556208607;-0.006228642754095197;0.005569629160067398
-0.012665736363303209;0.009659868938931162;-0.007538102782091629;0.003099106573869209
-0.015983883576837943;0.007681925259943052;-0.004591274866892673;-0.00048764148516756875
-0.018570545239856674;0.005449803606973858;0.002045996388300299;-0.004934643218549646
-0.02037907524062655;0.003282660819150458;0.009275730608415208;-0.008342461058539334
-0.021354451972710974;0.0010697304513099842;0.01331094517893081;-0.008411023275654123
-0.021419501219020386;-0.0013243846433328701;0.012065919240024219;-0.004505713807251862
-0.020492201837017672;-0.0036725038860213562;0.006527975720002749;0.0012497221632004067
-0.018536549387619474;-0.005267857489529778;0.00013215781663147174;0.005130353243749127
-0.01562733652057877;-0.005204588941271143;-0.0034734470629878226;0.004664692369711073
-0.01199261766047768;-0.002994505640356005;-0.0027051617775627926;0.0008639535554604849
-0.007998317654321989;0.0008137765458355153;0.0011946555932011577;-0.0024251061903129176
-0.004058454990195814;0.004513030684719063;0.005273499201159603;-0.0018825027081122204
-0.00048605203196125976;0.005903112646016267;0.006921364965125519;0.0021573702926527285
0.002662385149330645;0.0034837802432439373;0.005518695291652751;0.005929933979703945
0.0056634512291061055;-0.0025540458207984006;0.002837673058502007;0.005819944801063105
0.009037986559889365;-0.010211855904374574;0.002103658956036982;0.001913233188794311
0.013269189022869811;-0.01654102040689718;0.006182119155891554;-0.0018928180159888176
0.018414687278055862;-0.018975885965620456;0.01573554101580675;-0.0012656104683122155
0.023811133996095753;-0.01648418153173822;0.028406586882882525;0.0048196457623258
0.02809145365599481;-0.01007705578243029;0.0397048634859968;0.013066438118661898
0.029611340581132087;-0.0024279413826119494;0.04506047764407303;0.018069938409754578
0.02714609132063747;0.003410971053799613;0.04158098827465029;0.01582587887672009
0.020512007277374594;0.005669282631776623;0.028801749932845018;0.006176548972229023
0.010763375200287263;0.004866261990473482;0.009075508881042162;-0.006972141979316666
-0.00014408241509663056;0.0034021547141595563;-0.012179245460532867;-0.01756515350347203
-0.01002652311485577;0.003946906801707142;-0.027710605833155665;-0.02065271260559533
-0.017143570432322498;0.007640913997053995;-0.031948052422994165;-0.015450950936037783
-0.020612221970487368;0.013204322535270048;-0.02466061516900385;-0.006072950986401319
-0.020490007540791857;0.01752131241869055;-0.01127398937040462;0.001159429164505592
-0.017591756873584944;0.017401935428471443;0.0008398424081946214;0.002170449150777463
-0.013154622215438524;0.011476718115797093;0.0069396587785592965;-0.0020857782122531763
-0.008469484071783105;0.001097092612337307;0.006828570732450642;-0.0066742433028445305
-0.004581551098087167;-0.010228267505156924;0.003507171173908343;-0.006631746258980462
-0.002121869473804876;-0.01846487545771943;0.00047356985450408204;-0.000796849056492617
-0.0012730216589820448;-0.020856766723470435;-0.00029906378796414496;0.007245953398100195
-0.001830144076392776;-0.01705412703323964;0.0011210214081767197;0.011748845108133954
-0.0033107422735363895;-0.009125666488608603;0.003360748235773763;0.009038013755592492
-0.005082434383070595;-0.0005292995862170838;0.004944260268561227;0.00032362105958120185
-0.006496084442082784;0.005466131883325483;0.005147042002056046;-0.008993923433361565
-0.0070180635979189936;0.007205874333462877;0.004100140494397315;-0.01305127837756271
-0.006345781635723732;0.0052810614946173;0.0023298604068351853;-0.00957052715849256
-0.004475610507411223;0.002068497047069654;0.00027615560053558837;-0.001278552262457429
-0.0016925221595742075;0.0004061513324802934;-0.0017713065143902152;0.006231602464501276
0.001521825134458896;0.002093625580097463;-0.0033670352368112954;0.008449456420408749
0.004627098021670951;0.007003245161115443;-0.003771367510946346;0.004808903149738046
0.007156461529273985;0.013229189700643617;-0.0024534323465901725;-0.001327802640079018
0.00880984295316329;0.018109117733336788;7.134630426552848e-05;-0.005205490219884919
0.009503835258930948;0.0194900446635052;0.0020777185581921866;-0.0038555830873270823
0.009380024593167596;0.016572856731441613;0.0017274720824429508;0.002097728170580216
0.008761479812254567;0.010070161179402059;-0.0013228009134593616;0.0090147623106661
0.008049791811620894;0.0018660428856255768;-0.005305647526548253;0.01270088405959888
0.007585772688563192;-0.005555214185088995;-0.0074426701569531625;0.011074806046209584
0.007528541053281025;-0.009854725116427718;-0.005956702330717766;0.005315665807177809
0.007806595468838792;-0.009724266232738255;-0.001421333972546529;-0.0010950673352892505
0.00816092816692875;-0.005580243405715641;0.003539374702325705;-0.0045874551486777436
0.008262132985048848;0.00044550060012153665;0.005901054604803839;-0.0034906376110772795
0.007857626033503018;0.005421978558311013;0.004050664823995765;0.001242446201027429
0.006887855489401337;0.007044621186581071;-0.0013514095764314323;0.006658051040301902
0.005508829970567648;0.004786969390323503;-0.007826135972482431;0.009160879216790607
0.0039965945348680405;0.00011805901429224132;-0.01245175178398477;0.005949875846115612
0.002583188671689651;-0.004351607673648801;-0.01333330096525681;-0.003735250670380247
0.001327900295712641;-0.006338643449895101;-0.010333648570305743;-0.01766089428280005
0.00010837636359106267;-0.005161752024228993;-0.004731255479763894;-0.030524703145150083
-0.0012665453980351341;-0.00208650989262834;0.001755110885779672;-0.03574921341865289
-0.002901332437973727;0.0004918186000726354;0.007747167400585425;-0.029152599219322593
-0.004715650910347758;0.0005582042243207631;0.012373565341283681;-0.01234328777235922
-0.006457758892374245;-0.0022548400311546103;0.015102434344259716;0.007219465269676871
-0.007811788777835721;-0.006475760913941017;0.015684942889258775;0.02036037356031171
-0.00853480834059686;-0.009830934686355375;0.014261539411306742;0.021772398564814468
-0.00855655024669072;-0.010788690976973648;0.011408303643580621;0.012934120842612857
-0.008000418452176776;-0.009494885627801734;0.008004026488992004;0.00045586840082173475
-0.007121569076696542;-0.0074626586965310625;0.004953587798979826;-0.00849165141325188
-0.006195038083308355;-0.006328075961251218;0.0028624815976478818;-0.010213847049888307
-0.005408256222262458;-0.006616300724018487;0.001825535942547184;-0.005583954984372042
-0.004805235701862381;-0.007380682772205191;0.0015013949576376075;0.0017038454198484315
-0.004299534542255922;-0.00693651579922407;0.0014710709734034617;0.00782748107454889
-0.0037385308162509673;-0.00415938674271936;0.0016362762420056584;0.01062154143966413
-0.002980374550847115;0.0005688952751549915;0.0023314654161958825;0.00984091165556258
-0.0019471620089852636;0.005448486878609061;0.0039964695334157195;0.006448553214783594
-0.0006397580639114257;0.008346283689500128;0.006576451267181212;0.0018163421628908081
0.0008767738059954188;0.008128556326781656;0.009095062063211602;-0.002669386569145817
0.002498833029500811;0.005326056796454436;0.009887242128218239;-0.005726428979559165
0.004107150251661461;0.0017239827337225135;0.007589851534232787;-0.006399956555575211
0.005582169209031867;-0.000789626539929351;0.0022931622035778517;-0.004440123494665082
0.006814472511844648;-0.0013785999728743263;-0.004091087144779997;-0.0004423797129866002
0.007714385329267039;-0.0007604588222230541;-0.00865590448730861;0.00452815358897184
0.008221043166420776;-0.0007636667770523918;-0.008971861345814083;0.00952258710061012
0.008306564561430526;-0.0031116768292353096;-0.004273126168892349;0.013935924680615717
0.007970104304492085;-0.008045698152220298;0.0041577733116768744;0.017237731543214955
0.007220267419541505;-0.013620486491242903;0.013384576664721703;0.01864517054129413
0.006050644240873588;-0.016306090330211683;0.019812802459811558;0.017240252851454266
0.004419184926447245;-0.012854833335173978;0.020593027980565774;0.012566009742194153
0.0022453899767721957;-0.002502743933458188;0.014990708491173515;0.005247021909675174
-0.0005614404126686032;0.011932937821157964;0.004949479757467441;-0.0029037374248923565
-0.004038055314569994;0.02504168700115944;-0.005762443045013821;-0.009506011254981581
-0.008084578928980244;0.03153851121241568;-0.013536137135124544;-0.012670178810158661
-0.012408920646441716;0.02907386156071129;-0.016782820928417243;-0.01180265885922148
-0.016547388064508256;0.019339806743076206;-0.01638753670141454;-0.007632222126139793
-0.019970503441494265;0.006870349024986455;-0.014550778692710879;-0.0016953077897988971
-0.022227201627292376;-0.003499600424825142;-0.013078905113366244;0.004089748296134656
-0.023055348556533718;-0.008869781586058265;-0.012499492790926825;0.007768858806568787
-0.022407708628944433;-0.009076357445511609;-0.012454907428832566;0.008170326899787247
-0.020392001747187864;-0.0059909836305224295;-0.012598262411790717;0.005950821799578164
-0.017171037030246906;-0.002070642056859625;-0.012936349358966592;0.003537605241989823
-0.012887789843268972;0.0009145459692661264;-0.013395234849911493;0.003266789321050991
-0.007661074912011915;0.0024490651351820806;-0.013327706857145747;0.005114032283854386
-0.0016506825805332633;0.003099440358152019;-0.011806839116186216;0.006413570745791674
0.004856978000344783;0.003817132598626147;-0.008722890513739404;0.004281990554391004
0.011408770810333934;0.005092504901933275;-0.00559032662407004;-0.001361614461723105
0.017428788211077868;0.0064895719947199015;-0.004830632590790677;-0.007221288948438427
0.02233205106117695;0.006947540934627698;-0.0077550351606659185;-0.00935843880998899
0.025653923987950765;0.0056736334477613575;-0.013130087037406573;-0.0068066774932426756
0.027140822660172006;0.0029108039047971404;-0.017904194841583877;-0.0025658850795001716
0.026778032104578842;-0.00010207791076267569;-0.01950434456189211;-0.0008883692302790525
0.02475980871266985;-0.0020055021383136953;-0.017558997885295434;-0.003374768717385705
0.021418288784579805;-0.0023305005540959333;-0.013634853343165585;-0.007538464382671806
0.017131833616932227;-0.0017995305629572873;-0.009577092158017737;-0.009059103576254678
0.012243577692731765;-0.001663181386100906;-0.006162127380840897;-0.005514907151554976
0.007027271910197567;-0.002644718447511367;-0.0031195503929632874;0.0016947717549365222
0.0017168070434681602;-0.004389396651160831;-9.364541660306845e-05;0.008566926564626756
-0.003430826533075102;-0.005845354856694183;0.002682684449807898;0.011405446958222088
-0.008102759239153155;-0.006185317915125539;0.004680419028954676;0.008964612069303029
-0.011973960120898597;-0.0054704745012405034;0.005813222613903118;0.0026359792514836517
-0.014813496181225048;-0.004571402001051877;0.006589083123378553;-0.004659721695578405
-0.016581984077264435;-0.004525707759315114;0.007393689034736659;-0.00968879373188414
-0.017438976455167843;-0.005908296249485464;0.007747246079685895;-0.009911334624838286
-0.01762749303534061;-0.008616367623097247;0.006517714405530117;-0.004641221192615701
-0.017279114114111427;-0.011994140891338068;0.0030597847845428216;0.0038695735819171493
-0.016239136183550728;-0.014982523132167969;-0.001768251443394983;0.010666784498564652
-0.014019183271124943;-0.016191684340615804;-0.005718186253101989;0.010613828766124362
-0.009945618391083325;-0.014133646722525465;-0.006441622317720259;0.002193481748155245
-0.0034976161199802465;-0.00785981141062311;-0.00306590330587339;-0.01033266355429228
0.005267317661201356;0.002153334456511817;0.0030659667466650864;-0.0188998988303554
0.015389856062777586;0.013475379544547897;0.009126878307159319;-0.01710122275441548
0.02500320745612124;0.022208880755708142;0.012633249830367758;-0.005160827471113258
0.03177274732956634;0.024635713296648043;0.012932788724158716;0.009735591023410397
0.033693618222768756;0.019296328833548104;0.0109966543076368;0.018312673146657688
0.029911816544260224;0.008167496826529314;0.007935318906832281;0.015576294117442303
0.021146152024229318;-0.0040415363971181804;0.0042025147124104606;0.003924462950960951
0.009476983321083687;-0.012184450289700399;0.0003942478747512924;-0.008959659841904551
-0.0023849801145511777;-0.01316760788069576;-0.001936946295957742;-0.015522739037950201
-0.011984807581501587;-0.007258890505143091;-0.001280084882566576;-0.013144174876726193
-0.017790016582934647;0.002266540322627133;0.0018452589278844086;-0.005154051292863468
-0.019441983385791072;0.010761010788872554;0.004551784572760705;0.0023101576896232554
-0.017609307937277986;0.01430498717292615;0.003815314872197463;0.004963988386226659
-0.01359296660558716;0.011367001719477854;-0.0008292555999214033;0.003002342652032454
-0.008863877547408102;0.0033222711170353227;-0.0067365719482159366;9.424453785130515e-05
-0.004677047416792985;-0.006350869017279366;-0.010114014894980723;3.1407495497058774e-05
-0.001840562987590424;-0.013737437294415216;-0.008693832211123126;0.003689532351368424
-0.0006505205051062333;-0.01616975754378186;-0.0031041328892024334;0.008307993275894831
-0.0009554035371894776;-0.013188777221034228;0.003762299474523524;0.009437328679578593
-0.0022939347835181146;-0.006498067571758035;0.008652049861242206;0.004267556563393328
-0.004055176128365573;0.0009180344224850144;0.009774504105279832;-0.005876076232663838
-0.0056269817346896725;0.006079479965019618;0.007512246795893767;-0.01572386173297145
-0.006514871162261763;0.0071858407422391735;0.00382324623968967;-0.01912637742137069
-0.006421386435660831;0.004237170811169658;0.0009062769973963815;-0.013166053968730218
-0.005280235651851834;-0.0011167927729422542;4.7620805830598675e-06;-0.00054222461291785
-0.003245897420414952;-0.006375605490741026;0.0009837743414709674;0.011618982014531713
-0.0006468926157193132;-0.009222546053924795;0.0027385964017692973;0.016057780496230124
0.0020857606627431857;-0.008334572092328265;0.00398420623293308;0.010099045774550537
0.004505611239007684;-0.0037325209198963076;0.0038821425972015836;-0.0024058730575851873
0.006245582063415994;0.003277134071918243;0.002274662327486958;-0.013425394953616693
0.007106640217319591;0.010431442029346052;-0.0003649425695133978;-0.01598261785485065
0.007115175746445914;0.01509674623730176;-0.0031199052689573556;-0.008749921731679981
0.006519961360983446;0.015154609208239606;-0.004953242115543921;0.003221506382204707
0.005713903994607484;0.01001300897760308;-0.005148140891695892;0.012163096558823423
0.005096235610133334;0.001228611619230877;-0.0036550516497014054;0.012979865171295396
0.004921821424718887;-0.007826898651873184;-0.0010791062838959172;0.006453162896467423
0.005198120949896242;-0.013353261893493763;0.0017254745736754503;-0.0019479531870817547
0.005678461432813117;-0.012935430465709686;0.004152694521869932;-0.006442787828691879
0.005965412963052787;-0.00678784073375284;0.006002422611742567;-0.004942679641517537
0.005689204767566075;0.0022689072970600676;0.007121604231846925;0.00023262857388922837
0.004680475932498052;0.010088729268772923;0.006857008408629633;0.00486677155137501
0.0030450588328702712;0.013094465579853573;0.00397224470684297;0.005959045513071221
0.001095634335424977;0.00988723123114361;-0.0025366311480102413;0.0028933406417210174
-0.0008185185606093663;0.0018467808276027143;-0.01203157922422504;-0.0034561348910996824
-0.0024787154919242295;-0.007537111191227566;-0.021337997838845647;-0.011674380733975137
-0.0038645320193707975;-0.014313588040273368;-0.025569154017883067;-0.01938810258623184
-0.0050976034907722545;-0.015933954277630114;-0.020765131271937652;-0.022648821441277823
-0.006316151011301721;-0.012367225835969015;-0.006786456162890557;-0.017350006973578625
-0.007565054022348349;-0.005845528806237064;0.011765389951403506;-0.0025698221312174504
-0.00875724574877588;0.0005640289429853593;0.02764352172689203;0.01722527353173724
-0.009709908143996757;0.004602238195461844;0.03487393058921003;0.033810650731755806
-0.010224329811247762;0.005645945904278766;0.03188517003749996;0.03990825615718941
-0.010169643315190942;0.004412673817091873;0.02188316134427983;0.03346715706748907
-0.009535628579981503;0.002085138770682461;0.010557679019861913;0.018513939478261906
-0.008434382261091666;-0.00037710801641348333;0.002856048081708721;0.002372148540139363
-0.007054108806782682;-0.002399009739962567;0.0007461446400510519;-0.008467203135912923
-0.005589089777358203;-0.0035953276869850506;0.002941475837081076;-0.011191739946874996
-0.004176958914124232;-0.0035834639946795703;0.006346895383100121;-0.00709041764162837
-0.002867859093793638;-0.002042339181748052;0.008153914676347131;-8.289421869720097e-05
-0.0016346990526847677;0.0010158400308867552;0.007346675376341724;0.005455587129907667
-0.00041528809973401563;0.0050133464699350485;0.004865477261626548;0.006617290756949527
0.0008357452325652485;0.008874335457331402;0.002553844258754062;0.0031006355506182377
0.002108928708564798;0.011441213782359027;0.0017754214985634482;-0.00273229363227429
0.0033318415073633144;0.012017199862187352;0.002703092280879583;-0.007009229410825536
0.0043934214576058445;0.01068412176557212;0.004657442764555367;-0.00644111316624656
0.005186489817723435;0.008172024592294588;0.006990378342164131;-0.0004258259508507268
0.005643598270185128;0.005353357431891907;0.009582541738885814;0.008174475331699084
0.005747542804991176;0.002672255407421516;0.012426792249130915;0.01440981063659327
0.005518258655793021;-0.00014288657421185366;0.014699309780265468;0.014189215672763383
0.004994368434670039;-0.003861029169594249;0.014348966209019914;0.006921061568968663
0.004224905398355289;-0.00902929946710232;0.008916240456808961;-0.00401247313059748
0.0032678814339192216;-0.015091076122447072;-0.002760455814175881;-0.013305677477014013
0.002178207246628239;-0.020008310975577318;-0.01913078660772581;-0.01680848132685744
0.0009767605472790048;-0.020999399816226644;-0.0358767062399876;-0.013475384495671677
-0.000380598076525627;-0.01626140161687851;-0.047418142614848176;-0.005166322009557081
-0.001998096746711142;-0.006550890820024753;-0.04933606936579502;0.004856095982589343
-0.003976489199650678;0.004709257531887701;-0.04064103057248079;0.013190361638489124
-0.006308002241474137;0.013119153246215036;-0.02472967111054348;0.016836008469823006
-0.008788932401631058;0.015735713765064958;-0.008218574038774393;0.013819559984991013
-0.011016232495558257;0.012656220757847744;0.0021433092798738176;0.004433087774342842
-0.012488600871767177;0.006775982218665137;0.0029786888361271855;-0.007963650486027082
-0.012767484888407864;0.001960977806700605;-0.003903686275833413;-0.018209789796460162
-0.01162217386169503;0.0008584638874779111;-0.012665166565316379;-0.022505263366760658
-0.009099244078294603;0.0037078087583526835;-0.016941358083548443;-0.020871423189233643
-0.005496535924028589;0.008732869803898874;-0.013491987464133805;-0.01646017270525562
-0.0012615279796599065;0.013559107147023325;-0.003781399041145959;-0.012358197539804487
0.003138961936239583;0.016499707701645088;0.007301263168342806;-0.009141518270755463
0.007323468992920973;0.01696717292655303;0.014580362727454582;-0.005487007086340818
0.01103979482988618;0.015167748875133003;0.015462754930726763;-0.0008037590099651474
0.014152505674991378;0.011665395907468595;0.010756840547781454;0.0031541254938827405
0.01660741738067536;0.007130247667513991;0.0034005965533712053;0.0034830649122279452
0.018399340390305347;0.0022181806199726307;-0.003411570508784673;-0.0010432520855597938
0.01954331315173614;-0.0024937909473748106;-0.007380844223382165;-0.008369751296453154
0.020042167537117128;-0.006474902951257954;-0.007451652989614542;-0.014432665815409225
0.019861043113369677;-0.009143763286215462;-0.0038896695777580325;-0.016152002473460977
0.018932651960044587;-0.009910682992591293;0.0017657665822274774;-0.0134217652386271
0.01720099253767091;-0.008498853922221931;0.007161320790718063;-0.008544530770899861
0.014677932654158423;-0.005355872731653602;0.010087940968334472;-0.004036454833684508
0.01147193658408221;-0.001734672439548862;0.00950170045204793;-0.0009339554701136248
0.007769166920895277;0.0008012471420192384;0.0059648398777217395;0.0012107437643254144
0.0037849329733360138;0.0012160465024261956;0.0012223244563791585;0.003170196977734658
-0.0002773432558145863;-0.00039289793268689106;-0.0027567033811354744;0.0050089298372733675
-0.004236798287900227;-0.00287576379320826;-0.004617655611612196;0.005942068926024448
-0.007922771969463295;-0.0047612233463190795;-0.003916035652380352;0.004933567125152832
-0.011163974721396968;-0.005153819173806274;-0.0009706629354937735;0.001483846580749946
-0.013796157769052027;-0.004229757001361297;0.0033413592125709772;-0.003784771473899008
-0.015684493729725902;-0.0030539652265284788;0.007681572512103607;-0.008981278398556933
-0.016743394851923884;-0.002876807303435171;0.01047478377324808;-0.01151858628658746
-0.0169412453249547;-0.004356541522538325;0.010519931535211753;-0.00947473067281261
-0.016292610102246786;-0.007134039510905357;0.007776190838508448;-0.0031071219476479692
-0.014848403611803875;-0.009940803600432202;0.003687377076983473;0.0046787107605137
-0.012689103296787968;-0.01116443868014712;0.0005873235544068835;0.009691129501557719
-0.00991889787896314;-0.009641433679797121;0.0004292551228666408;0.00906959812105273
-0.0066612101075999375;-0.005347502582788368;0.0036483120848849423;0.0033222598563056598
-0.0030634808743581566;0.0003961270201312005;0.008885184188960164;-0.003942215304228189
0.0006830945388344019;0.0054389441725949195;0.013706204160075348;-0.008561456837662365
0.00431960587086135;0.007870565785691268;0.015867329931938994;-0.008599464102703097
0.007518550077596724;0.007039607259152363;0.014423459129594017;-0.005059405817268947
0.009930010170797404;0.003847155091799018;0.010115598084137818;-0.00022396539132425597
0.011270989673781746;9.099767581117916e-05;0.004882248669321074;0.004410790273735922
0.011420107967588864;-0.0026770882837972216;0.0008402867427688643;0.008569176235061246
0.010467976089529828;-0.003951983650478801;-0.0006563705852320777;0.012076123186322023
0.00869651301301827;-0.004198249025621513;0.0005505653192483248;0.013974992071902925
0.0064999467246958115;-0.004086313955743131;0.0035150458823184957;0.013084466732132998
0.004283681222220247;-0.003769531079372056;0.006592352176213266;0.009329708320586095
0.00237377851691694;-0.002826398740842634;0.008044903378719553;0.004306749434227922
0.0009557410494822712;-0.0008664949419701404;0.006822134244149256;0.00039810093288881337
5.2406895106085884e-05;0.0017897120714500394;0.0032614792510342197;-0.0008214920641295385
-0.000453207008730918;0.003999101418561393;-0.0008333080526706861;0.00041010690082184147
-0.0007529274941491832;0.004411346412876057;-0.0030698151186376063;0.0023496231741305523
-0.001027290248144281;0.0024027789749577026;-0.001916279626692951;0.003097336334021958
-0.00137552572751672;-0.0013158194314452341;0.002185614807233023;0.0020552856872914755
-0.0017934694196233094;-0.004874297869740328;0.006791584414772421;0.0004987175104395781
-0.00220229753497937;-0.0061820935979815285;0.008646142471007742;0.0007661141228457712
-0.002502537577690654;-0.004114466286451561;0.005590756935891636;0.004468608887329167
-0.0026212925919206153;0.0007662635399588679;-0.001826292696610724;0.010933506079965388
-0.00253407721674142;0.006414600434541978;-0.01021669517413695;0.017138815387648266
-0.0022614928169488145;0.01034076771872469;-0.015217443024691654;0.019425654259108895
-0.0018536948138315427;0.010872963146277389;-0.014372975708767303;0.01592481386481654
-0.0013770258914567132;0.00789479369676873;-0.00887192331123803;0.007966295120398887
-0.0009082729810684494;0.0026950460339517086;-0.002620229949451696;-0.0006130587714432693
-0.0005298505023766631;-0.0028400801289674717;0.0006233353952401155;-0.005798972247991595
-0.0003142462685961279;-0.0071421562505953945;-0.00032192302663389144;-0.005710330124302458
-0.00029526113976769655;-0.009512053510430935;-0.003804444495043266;-0.0013994362549965167
-0.00044155118935046964;-0.010119563977929633;-0.006961559898470861;0.004114897989146827
-0.0006579697362833046;-0.009578117546591793;-0.007630444891631144;0.007703425735260694
-0.0008297400707076481;-0.008440245142679782;-0.005318715063846685;0.007704582923764585
-0.0008979540122647997;-0.00694110507837877;-0.0010636593377337303;0.004472776708678394
-0.0009286807281547673;-0.005076515861428779;0.00333763475932289;-0.00017763267456653945
-0.001127907836983674;-0.0028534463363259445;0.0061985583283141864;-0.004117363059570541
-0.0017686874233708123;-0.0004883321115534005;0.0065971861005437935;-0.005899499697939109
-0.0030339295828773817;0.0015643466624770334;0.004667420580160508;-0.00512387711857676
-0.00482782110135867;0.002754950446449456;0.001463648762856052;-0.0022216419774441294
-0.006652120214322128;0.0027145694428830805;-0.0015434242452729168;0.0018588993121915487
-0.007654512214143598;0.0015819253691212152;-0.0031184127126033137;0.005686173515151649
-0.006907170884929323;0.00018181926450531056;-0.0028031771614207158;0.007361099342099827
-0.0038580045429225445;-0.00021366336928557454;-0.0011785133759920534;0.005184102036617803
0.0012387537607343247;0.0013798542881478654;0.00033404151001032286;-0.0010041671001047388
0.007166913413975935;0.0047832924534170354;0.00026500597416794484;-0.008934924949450454
0.012033449018867352;0.008328615658198002;-0.0019015428476541747;-0.014679084400145141
0.013941293542280466;0.009612488417490113;-0.005443607513697697;-0.014919760319841059
0.011765262635393174;0.007101125083065357;-0.009184583221053783;-0.009194912826341791
0.005656085449783463;0.0014766558577188555;-0.012352015597616228;-0.0004069409795026143
-0.002972520928326784;-0.0044765211952311115;-0.014430740423749889;0.006951448346621868
-0.011949166195428003;-0.007564865340222905;-0.01456006245053021;0.009619565529678954
-0.019088964585809425;-0.006263536108048819;-0.011924194123810888;0.007276876201536508
-0.022856407625594603;-0.0017165342515566085;-0.007067475392326629;0.0020607448695849832
-0.022718739483707832;0.00294319579686079;-0.0022577079313399083;-0.0032164693946015186
-0.019129836565500383;0.004460800124885552;0.00015293652516300905;-0.006591938308093334
-0.013232819982792228;0.001377176115121919;-0.0001702761795804843;-0.007451213258619954
-0.006441389925409274;-0.005120064435474132;-0.0013280344448992995;-0.006089770881313026
-5.509685765395902e-05;-0.01188095446960952;-0.001101514331710017;-0.002891997399344866
0.004991487665283611;-0.015552061303528252;0.0010559746388151858;0.0020056457310452464
0.008220736611438477;-0.014324000344312594;0.003828058050432107;0.008030666880195434
0.009579581908777305;-0.008666614007342748;0.0054747719608194585;0.01315418579655433
0.009339273045243903;-0.0007724190108866637;0.00529410406229271;0.014113559776251594
0.007975591056112168;0.006738341079594855;0.0038629323174778018;0.00864807270714998
0.006057878132973004;0.011964628982481726;0.002157219656765788;-0.0016373833858633802
0.004154151832216948;0.014183369243231148;0.0006058370130914899;-0.010645726964409827
0.0027452323706507018;0.013698148549065179;-0.0010138992358465708;-0.011161802387427226
0.0021411608977665456;0.011482227955957831;-0.0029341576933282045;-0.000554228744181709
0.0024091529232431507;0.008876447679808405;-0.004897235758524171;0.015746973908829575
0.0033436067508925077;0.0072687582710075785;-0.00636154292669993;0.02670729249458368
0.004513918804319966;0.007556982155947898;-0.006998533033910959;0.02322286207250141
0.0053983619706599656;0.009462398607906042;-0.006767791921966468;0.005307536794066959
0.0055650218213521094;0.011195034386098788;-0.005535501273277121;-0.0169120142143988
0.0048299267671104654;0.01005348465582065;-0.0028272606540099914;-0.0297623976721972
0.003329927984030341;0.00399608047624909;0.0018314455313216606;-0.025594458924580007
0.001483513128797991;-0.006598971385462518;0.008096916102488779;-0.008224003914619362
-0.000146612862599342;-0.018194054764729174;0.014125818668647714;0.009905907004054283
-0.0010443843162688347;-0.025221715340255416;0.016869346898854404;0.01668368333248218
-0.000923460833665972;-0.022873597869834155;0.013726690982479398;0.008638424471864433
0.00015930043048433088;-0.010131935466042739;0.004698957429507302;-0.007417821379145623
0.001806785358862601;0.008891394399697812;-0.006778624904235652;-0.020087630432311647
0.0034149541643875413;0.026482969156090143;-0.015474327700219337;-0.021630433113597677
0.004398791004295924;0.035127181054832715;-0.017564604746816582;-0.012595089296649563
0.004419440219797855;0.031353238235878336;-0.0130025385902931;-6.230807043795025e-05
0.0035037387638857244;0.017256662834227724;-0.00525214011192778;0.008215777968509507
0.0019935391973541485;-0.0010298021662420733;0.0011995418435913779;0.00880423084601795
0.00035533975305259265;-0.016559613660051785;0.0034653214369922028;0.0033873580124519063
-0.0010358293405669074;-0.024424716513725745;0.0013318226465988208;-0.0038290335872620475
-0.0020118600311524217;-0.02307436155556402;-0.0032363141918331203;-0.008961297119384256
-0.0025743475764444523;-0.014163565024235917;-0.007293096174229135;-0.009698917601877235
-0.002759008982007878;-0.0015114040769851958;-0.008293356069912506;-0.005627729922798622
-0.0025146063625680714;0.010343871305502666;-0.005413416184460174;0.0014128993699388792
-0.0016852765124566792;0.017642749530614392;-0.0001585329764379181;0.007577545716353349
-0.0001040381852679433;0.018558103789408788;0.004432196426787582;0.00890396613238813
0.0022727129334115343;0.013593253241308733;0.005687648672427118;0.004041872634670915
0.005279222080582479;0.005070683819130238;0.0029745175327750045;-0.004529361848650079
0.008548172283102845;-0.004008208398078935;-0.0020680429929018176;-0.012081910801831056
0.011596255485635467;-0.011155008300440826;-0.006735574875920068;-0.0147531696100714
0.013939741287323068;-0.015098267388227646;-0.008879282397471329;-0.011727974312017166
0.015197428694086064;-0.01579457638925302;-0.007882902837853296;-0.005143580301356243
0.015157195720325874;-0.013955418360428722;-0.004627888585515237;0.0017051378559682928
0.013796067056874124;-0.010506702642847561;-0.0007399226752501273;0.006309201846738007
0.011254832473240889;-0.006279269084493609;0.002324488397845303;0.007862319608288388
0.007782091328539199;-0.0019518532409191138;0.003867257023389663;0.0069874360959994
0.0036720148231197884;0.0019104897538283702;0.004005029284915451;0.0048769041810909795
-0.000782679108718849;0.00486727331290632;0.003315373702391295;0.002561151949786763
-0.005313059392782213;0.006687402488185138;0.0024011096635361954;0.0006330401717366062
-0.00967533209197696;0.0074308517190393554;0.0016559998755990737;-0.0006849121602979294
-0.013643534963518014;0.007434786238842651;0.001274029673972949;-0.0013899260824426181
-0.017006908549116465;0.007169227250414331;0.0013291072608153456;-0.001578721227898718
-0.01957851897698505;0.007005129032577604;0.001764843494238697;-0.0013136836784661265
-0.02121202382580419;0.0069983160165071785;0.0023307625367570877;-0.00048573855729894136
-0.02181848458541796;0.006821590144776584;0.0026205572655559153;0.0011575966337550052
-0.021377649047149564;0.005948943642895982;0.0022672774962275003;0.003690806875467425
-0.019942426823886458;0.0040698416604685265;0.0011841730660949055;0.006567528992348588
-0.01763488701790114;0.0015070268784651165;-0.00030408254684771523;0.008480478886680704
-0.014630141514628733;-0.0007190113686887116;-0.0015437980608668134;0.00785565499943434
-0.011129442597676363;-0.0013929016806094098;-0.0018866993152914663;0.0038728602349912392
-0.0073345580115970165;2.6307297607476248e-05;-0.0011826041715963227;-0.0026342504643617577
-0.0034389956202247776;0.0027466158722093442;-0.00010929769875875941;-0.00921390113115977
0.0003603558624962094;0.004747291619780864;8.981117128655522e-05;-0.012989783011789486
0.00384568001945853;0.003733880740884613;-0.0014352472184370742;-0.012266850364532827
0.006775848255248008;-0.0015372540133700148;-0.004085471099242187;-0.007455872413167157
0.008910956811478242;-0.010331263240541242;-0.0057024462225838705;-0.0008130670009967369
0.01006138172270766;-0.019997825829963654;-0.003918632223455727;0.004712666443774818
0.010147395079585345;-0.02707386636052363;0.0018520393332909113;0.006889926325841623
0.009246303835700027;-0.028861273491244926;0.009505599357081567;0.005263433337353549
0.00760251983765326;-0.0246253902445094;0.015441701428760168;0.0013543071610179196
0.0055875044518883645;-0.01579211296612648;0.017019032602292497;-0.002244047731308372
0.003614843236159794;-0.0051018874481873425;0.014266538364691;-0.003487069897287955
0.002031524652762814;0.004756476006069427;0.009551096436139155;-0.0021579118580801046
0.001018709902754088;0.012243486403165697;0.005682242714727149;0.00018544803585054793
0.0005435375195019307;0.017183855139042588;0.0040834230799683515;0.001575479645869852
0.0003992560328163745;0.0200736129585186;0.004343984746896985;0.0011716347015649478
0.00034271553499952607;0.021122223567619416;0.0051962828905317;-0.0003427310412294328
0.0002872057151527677;0.0198644870926795;0.0058560067932686985;-0.0017792626329350858
0.0004582871383811233;0.015658296925672357;0.006550352602866144;-0.0028328770248731315
0.0014045933861914816;0.008606840475457714;0.00790736786248209;-0.004470777469750063
0.0037978713058463218;0.00011166819873940857;0.009866691348641729;-0.007932045374171765
0.00805623536531227;-0.007429081508518259;0.01110872896277257;-0.01323477462292629
0.013945160251346655;-0.011695752549118229;0.009620527990926999;-0.018535718433407195
0.020379186235028494;-0.0117584509461466;0.004257355581564721;-0.021023793961269178
0.02559777403394778;-0.008845567642615803;-0.0037420269160531013;-0.01881811619142193
0.027719841925062494;-0.0058872318415215145;-0.010812302752216353;-0.012458231139680394
0.02546958062432555;-0.005814180461320736;-0.013260864105678925;-0.004684309362109386
0.01873693374011728;-0.00961283449016238;-0.009989422777219118;0.0016342225532624275
0.008694237826041297;-0.01556920978251547;-0.003152945621021919;0.005947212947817024
-0.0025835604242845276;-0.020289420731513196;0.0038251816356783845;0.010501687663589498
-0.01280580642334842;-0.020701846723724517;0.008666681677714621;0.017760084813557533
-0.020160180598373434;-0.01569397670585843;0.010804653504088123;0.02679253930320157
-0.02376332803645847;-0.006570825284064955;0.010348447005403884;0.03252460315088242
-0.023758110482898265;0.003668103578393661;0.007345056894990676;0.029448605860339074
-0.02109107621670389;0.011723410997672788;0.0022265695032197903;0.016859444474971785
-0.01709863353831794;0.0153757170247657;-0.0034736267016343136;0.00078795732779297
-0.013066814108731614;0.014296368044239326;-0.007319087954516755;-0.00944583963876823
-0.00990873040040472;0.010071388259222712;-0.007175682467302589;-0.0076148096543301215
-0.008031990110586196;0.005502653583564442;-0.0026425160809607356;0.004901678362908212
-0.007379026803989299;0.0033924337269683924;0.004217125185517776;0.01987278082415196
-0.007566320486677143;0.005188625388824579;0.009547591459311142;0.027691017913303195
-0.008046402874071878;0.010088395751271835;0.009810680233744599;0.02356327001699579
-0.008251342569017491;0.015214881147189845;0.004230322365955228;0.01014677531987036
-0.007712704974387886;0.017067347034083392;-0.0042438602462626495;-0.004749356240641793
-0.006162450249235493;0.013639013556264738;-0.01057123703838387;-0.013331079246033179
-0.003599802484466551;0.005871933234909444;-0.011023409322478767;-0.01232993048628004
-0.0002923049241192045;-0.0027281424082848823;-0.005814907250113232;-0.0043390506320774595
0.0033017455761133983;-0.00821936001077723;0.0012574677626497543;0.004329115004813082
0.006658776867716029;-0.008606865219294577;0.005855493251403816;0.007669450008076847
0.00931076163554814;-0.004821129169634281;0.006116163173512563;0.0035253076173634252
0.010929783284457066;0.00020355086496830918;0.003237430996943779;-0.005307338997027374
0.011379303253212937;0.003464127611040153;-0.00022581497895878672;-0.013012873209047317
0.010743570201243335;0.003455207711934244;-0.002351440979359983;-0.01456040033321286
0.009325446040644975;0.0005498160559589598;-0.0026156109276629295;-0.008963879391844346
0.00758559932617913;-0.0036547772818651494;-0.0015123476907706833;0.00018415259544238331
0.006014322478380269;-0.0073089375633483685;0.00012516879003030443;0.007269194512328342
0.004972784927703016;-0.009001038424993191;0.0015724100929379703;0.008448581743568582
0.004571137735658636;-0.008032815778444133;0.0024107507555384657;0.003949756481824392
0.004638610099407275;-0.0044606226953344905;0.002584130290173816;-0.002601127789185222
0.004799948582160182;0.0009403451926872492;0.002324255439103657;-0.006958305407632146
0.004632996016069728;0.006807510283363998;0.0019458208212578415;-0.006916512614846381
0.003852669921398443;0.011500793794054418;0.0016268507636217362;-0.0032312516016979194
0.0024442294553403557;0.013573833519035242;0.0013093560353630216;0.0011872522260117325
0.0006715866336500115;0.012272165280351875;0.0007072743255678926;0.0028031452992827504
-0.0010585738116506995;0.007896389699805498;-0.0006617418956529602;-0.0010010939783534649
-0.0024061781211279936;0.0018792423310900349;-0.0033172904679471017;-0.010408544529874187
-0.0032546278083209765;-0.003574341663137738;-0.007320412116079381;-0.02199446889403336
-0.003722444736350523;-0.006325814378831557;-0.011649616904060541;-0.029257257673681317
-0.004036520436255395;-0.005327720040294838;-0.014217519623291403;-0.026058327601485767
-0.0043618337676271934;-0.00120855210328634;-0.013011339634776116;-0.011576901167769897
-0.004697612795534025;0.00407291224959441;-0.007684579522597424;0.007397428494075119
-0.004891491308532356;0.008307852369768566;-0.0002586220998170626;0.020010498815884473
-0.004742432062775207;0.010042924900674901;0.00572630947413508;0.018853073900461606
-0.004117914066945961;0.008852537577633246;0.007106171504921069;0.005415273795846805
-0.0030213214606636747;0.004992471103935335;0.0029880660734522826;-0.01113457666970671
-0.001589253422519702;-0.0009300460490297986;-0.004394531137701117;-0.020754927848445154
-3.9006019487593016e-05;-0.00791474056646858;-0.010641252383056365;-0.019327153350023774
0.0013993814293926973;-0.014454893541516876;-0.011811729221485887;-0.010376665559502502
0.0025412783583396666;-0.018857343572815093;-0.0071313905694845;-0.001142411108270089
0.003283528476143595;-0.020020171798055902;0.0003321520432026585;0.0032261809947117547
0.003612477866725211;-0.018079460212862004;0.0057359972004067256;0.0027260321012123312
0.003584048349994868;-0.014286447612810007;0.005771517240914962;0.001051846898554909
0.003287425346278367;-0.010105706696063409;0.0007505476419679099;0.0016550196586151893
0.0028135059277182317;-0.006250463591955231;-0.005930425041374094;0.004884354647772727
0.0022443256310159614;-0.002470347831742549;-0.010307487306135179;0.008272135669235325
0.00166012848171934;0.001758008890999989;-0.010358533138715627;0.009133917382487457
0.001144395837188572;0.0063018835960966715;-0.006789314315330641;0.006899193201418058
0.0007709751383338912;0.01007082609819213;-0.0019208265938278752;0.0032824461453286385
0.0005773511953955503;0.011636529185247274;0.0020686367255904623;0.0005937309588864341
0.0005445445351975448;0.010269056479300962;0.004174756881722282;-2.3036682536587407e-05
0.0006022579643508093;0.006552417085457824;0.004509788000554764;0.000958543171261694
0.0006595355202361989;0.0021162955192713874;0.0037158094562209716;0.0022288079122574126
0.0006426786217354249;-0.0012812483548014278;0.002480078164347635;0.002664797803332163
0.0005191388545015116;-0.0026648863250875805;0.0013329319703988816;0.0018349757477749517
0.00029838623561132384;-0.0022034109036921804;0.0005924628237659688;-4.180466388658225e-05
1.5463537686406728e-05;-0.0009116089219600861;0.0003339504537009886;-0.002321452491812575
-0.00029028983476831355;1.7407680978189692e-05;0.00039137481232085175;-0.004123463201935579
-0.0005909833075754359;-0.00018116525239270852;0.0004497897265769913;-0.0045587523021944805
-0.0008764327278232595;-0.0015930780632095705;0.0002435397498379399;-0.0031336093535959484
-0.00115261540418643;-0.0037589939732816714;-0.00021021714693828392;-0.0002287061720973569
-0.001436194546655148;-0.006009904509856262;-0.0004886764197833783;0.0027402902696415793
-0.0017480295346821082;-0.007768927201405603;0.00010016881955442758;0.003860722917761088
-0.002106507197124712;-0.008684629797970316;0.002097202137245955;0.0018698351390152139
-0.0025202421123785707;-0.00861780247039745;0.005379116096578553;-0.0027921732653302957
-0.0029801633914920754;-0.007601914783198482;0.008904736055325914;-0.007903581934389113
-0.0034530103500198823;-0.005877518736074086;0.011017912747020485;-0.0106880023229193
-0.0038803402165051475;-0.003992210836986853;0.01028553453483128;-0.009673674480264953
-0.004187065404999826;-0.0028439698127334123;0.006424778260832781;-0.005778934632745372
-0.004299797342009923;-0.003491881633230622;0.0006851675808373822;-0.0015707649526138223
-0.004169840186299371;-0.006615126656509105;-0.004659180434161343;0.0008354104170667772
-0.003793758265334595;-0.011746161230599813;-0.007458192163459236;0.0013801184638250416
-0.0032275295346498997;-0.0167835049995296;-0.006796357277056272;0.0017047784675371272
-0.002592088212077535;-0.018430359545060785;-0.0034248179086966233;0.003372543612342363
-0.0020638531153478246;-0.013733426951560686;0.0007022946801831941;0.006601569647534524
-0.0018402689328112826;-0.002021832712623156;0.003500620132051003;0.010630941063856562
-0.0020778573131417398;0.014002938146344731;0.0038376754368206834;0.01486261343255026
-0.0028188110828825225;0.028972942573979827;0.00205938704888738;0.019156814542278636
-0.003939909851404831;0.03726153793512684;-0.0002663335403955259;0.022912704149293896
-0.005158386317543683;0.03583742802943561;-0.001259283668956383;0.02430459025971333
-0.006104193400775913;0.025843460012327808;6.420388652749052e-05;0.02116237421822218
-0.006429886847713387;0.01189623312611717;0.0028919770735661757;0.013127723339234884
-0.005908518901164136;-0.00042657057374055277;0.004798940349018635;0.002921607232225481
-0.004481802876574009;-0.007324497100685332;0.003280938183025524;-0.004917145578691424
-0.002250574450794269;-0.008164238500180327;-0.00227142364546401;-0.007007318255597819
0.0005757485820796791;-0.004977253847078983;-0.009796058132463705;-0.0033048131816611342
0.003744796974502765;-0.0007565587743018379;-0.015804523467687195;0.0032304148525022914
0.007018283949145858;0.0022054306544742955;-0.017666924709780204;0.00893025594214969
0.010202481046608047;0.003081468041148607;-0.015031477021778757;0.011651995070169929
0.013144285783087404;0.0023072685175056884;-0.009456277389454783;0.011393270935585849
0.01570274352219335;0.000873640585974548;-0.00305538171872523;0.009360269680944396
0.017720656171184932;-0.0003490882760357678;0.0024848211341100914;0.0066736143693910946
0.019018340685206296;-0.0009313773710325718;0.006080584044554712;0.0036959435080104915
0.01941456704294678;-0.0008308683230414831;0.0071436480171619314;0.00012929956539162386
0.018763386257462683;-0.00016575083577192548;0.005671644040043654;-0.004450165321554836
0.016989514627658946;0.0009640640058979692;0.002408670609743357;-0.009945754099824091
0.014109407917475456;0.002519238285345709;-0.0013048781845710995;-0.015267396047207409
0.01023550227502676;0.004463828637969982;-0.004069005979703984;-0.018408798471608735
0.0055694195702845435;0.006677455727995718;-0.004998411637976308;-0.017353872398634236
0.0003891884665520013;0.008885934951594244;-0.003929641869265076;-0.011528839086078952
-0.004971951961693602;0.01065305371378662;-0.0012458223927709867;-0.002795827008143543
-0.010159748549185424;0.011471243934795866;0.002313302866554313;0.005102291932020843
-0.014840433418949568;0.010938507178501752;0.0056368295143813165;0.008719422684101039
-0.01873185661225327;0.008933690729892472;0.007346577162562519;0.007266021703785491
-0.02161099570687288;0.005687479105933755;0.006445779556262785;0.0031430374054601798
-0.023305735558998092;0.001724471931254119;0.0032052031133373835;-5.798758924730462e-05
-0.023694349067355916;-0.0022631958623325283;-0.0007022595947213708;-0.0005194895152886656
-0.02272743717167785;-0.0055610085541806555;-0.0033205376362889657;0.0004822773921296377
-0.02046258403473367;-0.007620857055115989;-0.003963180897452858;5.85060208930927e-05
-0.017086728692470347;-0.00829647685663463;-0.0037364676993099028;-0.00349818323589848
-0.012909040383839696;-0.007960156939099986;-0.004444636749536965;-0.009268671137764068
-0.008327544399785107;-0.007271636043627073;-0.006877061023069419;-0.014783491635776342
-0.0037831930704604693;-0.006666226371988905;-0.010165423376277726;-0.018231698249707336
0.00029632399336908466;-0.006035454757808054;-0.01287467712610975;-0.0194776927297562
0.0035783532613441822;-0.005020503448549966;-0.01464858876277648;-0.019141303152581984
0.0059389933832667404;-0.003724664244339977;-0.01649569072658293;-0.017200177431343246
0.0075699846907088825;-0.003088586216061135;-0.01917051878963041;-0.012905487698188452
0.008995764548949913;-0.004333173198693647;-0.021302229333804396;-0.006046204319544659
0.010926273662325155;-0.00773888626562525;-0.01956903646992366;0.0020775994020931264
0.013948275271947934;-0.011827639939785112;-0.01142098128515088;0.00930411813464661
0.018163456062353416;-0.01390935310389939;0.0018402612553780522;0.01432847659645481
0.02294685280312392;-0.011867288168556632;0.01484627523188712;0.017578514506434835
0.026982433777056374;-0.005874455907633829;0.0218697312798512;0.020108020606711196
0.02863700930302423;0.0014103344226156884;0.021459384356391074;0.021599057596652094
0.026579402077896674;0.006475824274683756;0.0173349455747179;0.019787486601285473
0.020391702917147078;0.007250531072365233;0.014472309229193988;0.012359381456346264
0.010867101553203922;0.004348533086173019;0.014597934186006106;-0.0001425218533529628
-0.0001754936795458447;0.00043458425364541116;0.01568936599462171;-0.013182785149187738
-0.01048149527491722;-0.001655170446992106;0.015115876630346345;-0.020514432061339186
-0.01808586914090619;-0.0006257789862274565;0.01228199887398848;-0.018618754393709806
-0.021873799625517838;0.002757800408583773;0.008323704245133392;-0.00970843138329729
-0.02179069918689254;0.006423978753945537;0.004330957138714081;-0.00042938604352942087
-0.01868694031729121;0.008334273669109302;0.0005795245825729377;0.0029555032786985065
-0.013921430302447793;0.007525202411168885;-0.002855733206940787;-0.0009916710789680313
-0.008906697187322003;0.004358462408356561;-0.005437298821515396;-0.008242372814832389
-0.00475560534735988;9.704457893742608e-05;-0.006334402277470827;-0.01264676745065752
-0.0021101523847230404;-0.003754621489001913;-0.005098823083933924;-0.010554013503262143
-0.001139777771430528;-0.0060108186233180354;-0.002128698044958159;-0.0034026823842098286
-0.0016403296240762957;-0.006167129943585932;0.0014130493086380474;0.003410515168928951
-0.003164206383293222;-0.0045629098769156195;0.004124182387767025;0.004500263301679799
-0.005143904375462256;-0.0022871977298589458;0.005020140840259068;-0.0014752051738375445
-0.0070004491813685215;-0.0007520695516451913;0.003959646901551438;-0.010504250211829548
-0.008237847502722214;-0.0010081764780000071;0.0016042991508127716;-0.015625699658902432
-0.008519586917532062;-0.0031132975685203143;-0.0010216374781481282;-0.011632903284399736
-0.00771801247817506;-0.00595022737454864;-0.0030468198844564864;0.0009274517537214445
-0.005930360991642951;-0.007683219481074094;-0.004032626340680883;0.015271165270741025
-0.0034608522199396615;-0.006657158245595371;-0.00396505922362404;0.022177281176869214
-0.0007669499251105123;-0.0022697104734852322;-0.003148348124348616;0.01603435064590845
0.0016373210922655753;0.004622642221412375;-0.002152150331294626;-0.000772118109605344
0.003319267246454645;0.01194095857191128;-0.0016847971214837701;-0.018522773688881448
0.004071849398492395;0.017147641883010246;-0.002168265968572523;-0.02614052496514337
0.003996180426360558;0.018232771231413782;-0.0031978788486588428;-0.01870697032778559
0.0034631986857912643;0.014560998428936323;-0.0035499386665835343;-0.0010104109586660094
0.0029580012622570234;0.007258645944741102;-0.0021163079530889407;0.01575846003478663
0.0028803073512354096;-0.0010870925137218086;0.0008796231771192367;0.021770793126670036
0.003394657182605521;-0.007430347220101847;0.0036189062388150475;0.014942717153334242
0.00438596311322127;-0.009572407391694376;0.0039030875118402824;0.0014625534824704524
0.005521872756227091;-0.0070524483960155504;0.0010220511120250123;-0.009237880611856892
0.006391287912900599;-0.001132765698247265;-0.003221396462664823;-0.010798748820599025
0.006675585728259483;0.0059465868679441725;-0.005232907481800553;-0.003082292283082355
0.006293490614676516;0.011862392898365251;-0.0017217922072540312;0.009183428694460845
0.005447915314802596;0.014864018236797604;0.008116796604947822;0.02014222407451065
0.004530546228501526;0.01418253438640999;0.021610234277809684;0.025780898765516005
0.003919255212940095;0.010266481711413396;0.03343740926284874;0.024803366748597237
0.0037825283705762536;0.004727144597074035;0.0380704657197569;0.01834758263246876
0.0040120326489955305;-0.00021454406030447536;0.032666700028659824;0.009595803067270304
0.004322598623099273;-0.0027213878103318225;0.01862294028360752;0.0027739017971327396
0.0044470540948298885;-0.0022569844944149826;0.0006954530918551535;0.0008133214479815846
0.004295732738287373;0.00022658116033949608;-0.015573998256885446;0.0029956973242302805
0.003986509982704351;0.0029933394926028784;-0.02623259581480229;0.005207344795623068
0.0037451345987293523;0.004561679056007948;-0.02986160756857847;0.0033453344760182913
0.0037536557637064807;0.004309389607152659;-0.027262936229940582;-0.0030286111282750343
0.004040364569767043;0.0023905857721450807;-0.020634627082654244;-0.010199706382694058
0.004463639558569235;-0.0006621187365930307;-0.012667747890342702;-0.013272816023977256
0.00478080074929186;-0.00418802918682259;-0.005698171627886633;-0.00982938294565189
0.004751322532906326;-0.007423164256895068;-0.0010968723835388977;-0.0014789676848747785
0.004221563141174284;-0.009530938566467218;0.0009082478806950047;0.0072865701292110585
0.0031625891832764174;-0.009823868836350563;0.000989548258402919;0.01169367790919962
0.0016581159850758607;-0.008112862753618104;0.00023147549150344062;0.00916860301021318
-0.00014289973891604753;-0.0049320992446268;-0.0004182360709811061;0.0006689311535510404
-0.0020824329196079453;-0.0014169955961968763;-0.0005729744085754196;-0.009614679212604279
-0.004029883208648373;0.001152804120791699;-0.00048483800614276205;-0.016201840602099053
-0.005884755420589384;0.0018940642579119067;-0.0006686926735985938;-0.015226557240213384
-0.007554503869659315;0.0006560536873800505;-0.001323216909785065;-0.006818800229151798
-0.008931657761213038;-0.001983568640962759;-0.0020695245276228917;0.004665603982735882
-0.009891053576019734;-0.005024542404485997;-0.0022870853194671085;0.01309957890284555
-0.01031072923388725;-0.0075044584835088565;-0.0017144189400889033;0.014363571833231809
-0.010103407644134319;-0.008903557747272866;-0.0006884147878142848;0.008850874770674045
-0.00924168515952741;-0.009276180287794424;0.0001999212030698928;0.0008147622007790889
-0.007769416233715967;-0.009010747067575325;0.0006380110622246002;-0.004937679159225722
-0.00580350749945883;-0.00837129391273053;0.0007976918014917517;-0.006386481994390195
-0.0035318085517703655;-0.007188853624717189;0.0010976817825795186;-0.005128358971319068
-0.0012025532102307528;-0.005007465242513951;0.0017849835361110132;-0.00434743415560311
0.0009071503119362401;-0.0016052845056193025;0.002660785048418689;-0.005904250210667304
0.0025468268153081043;0.002581608873008057;0.0031359674922844015;-0.008985430466269916
0.0035533886151144106;0.006581974547173392;0.0025775623811901227;-0.01116186683380235
0.003887963365284831;0.009502733928106034;0.000685043458619426;-0.01061384686812341
0.003633370776156808;0.011058970645145157;-0.002357015046739893;-0.007509138778832095
0.002960107715924128;0.011484838061017242;-0.0059230228116586014;-0.0035596932613129735
0.0020800266610045822;0.01089556760646213;-0.009008964117187424;-0.0005010218219381336
0.0012021389187115601;0.008744064654935308;-0.010347246303273295;0.0009965641094656847
0.0004956624049843163;0.004003563919118428;-0.008790626801619386;0.0012343831481294682
6.200919023614308e-05;-0.003869663567323319;-0.0039654280452490745;0.0007435146063379789
-8.124878205705531e-05;-0.013830686034043985;0.003181826105561285;-0.0001495071848377845
-2.193391514791766e-06;-0.0229456242335948;0.010440510724010612;-0.0011574326781222009
0.00015669137803935636;-0.027471523412153056;0.015250856285217745;-0.001746465914215682
0.00020166557113691425;-0.024921069116431438;0.01619661194459327;-0.0012522986067845007
-7.362582205067195e-05;-0.015802705987946232;0.014142453758669498;0.0005936675459008673
-0.0008295072380831345;-0.003722402002372079;0.011880412252905953;0.003146208057100064
-0.0021106148086986716;0.006398623056892474;0.012036189072612384;0.004838632502123921
-0.0037970309728122204;0.010924882409669325;0.014637498627927997;0.003997454564937481
-0.00561380502438608;0.009313904973396903;0.016571918500338026;0.00022838901608484305
-0.007207345504058167;0.004069198977631388;0.013866685195553669;-0.004689870904186377
-0.008254834532243478;-0.0009968703534611817;0.005150602259074771;-0.007606748287768198
-0.008554057038897405;-0.002975200714399411;-0.006659862711652577;-0.006400261560804402
-0.00805507458077456;-0.0011733268293208472;-0.015966911062882044;-0.002075869903629741
-0.0068280263230052094;0.0030777765257459233;-0.018130701322805316;0.0016091490717389423
-0.004994982910589787;0.007683437841135079;-0.012467794191058005;0.001156713491251683
-0.0026685780460946203;0.01109329842136057;-0.0026815567005679716;-0.0034645350528549257
7.142533999856785e-05;0.012852271691852447;0.0054811295286002195;-0.008426712538981435
0.003157572568294128;0.013298842897264468;0.007869172843559993;-0.009137193869858907
0.00648842737137449;0.01289885989882981;0.0043909525231770824;-0.004248537351577763
0.009890022674215706;0.01177680074989295;-0.0014955639507277605;0.0029876734026044447
0.013114174608947182;0.009682306033097703;-0.005750801988683155;0.007276492474731576
0.01587715145251946;0.006283301415589139;-0.006673423326185528;0.0055450197270851855
0.01791410583902704;0.0015637227976848412;-0.0054998341148616335;-0.0006919819027217677
0.019018188268600213;-0.003856182132177662;-0.004563848590263431;-0.006721814875926541
0.01905343478333549;-0.008674204154422887;-0.004949838201282977;-0.008398242514956758
0.017956921862580646;-0.011330568096426455;-0.005761128840493578;-0.005021808340728748
0.01575037347125402;-0.010827517221670127;-0.00539443747689768;0.0008432802889626264
0.012559541639816442;-0.0074429642500245365;-0.003308825827367213;0.005907670057612767
0.008617596239177487;-0.0027453498084713964;-0.000579466705951004;0.008511861779579345
0.004232687896135111;0.001223570526128448;0.001038952204701025;0.009018161891099944
-0.00027518295559470776;0.003096451928665992;0.0004936617538663268;0.00855337290904601
-0.004642911489697479;0.002889200368481765;-0.0018488289700021076;0.00764945006261732
-0.00871254654503171;0.0017994912680363003;-0.004495527722724512;0.005942455021439971
-0.012441130486207033;0.0012519123286986688;-0.005781751110114774;0.0029383953105172034
-0.015858623024489295;0.0018527134904315387;-0.004869454256819978;-0.0009542974699959069
-0.018966431988994868;0.0029526945882929704;-0.0022306719763347097;-0.004025301238557054
-0.0215943121734484;0.0030899061359013335;0.0006786780311971014;-0.004000699077505793
-0.023280533214658165;0.0010272358753416148;0.0024110110163638523;0.00027378772361926775
-0.023278219124995038;-0.0032282163713170313;0.0025459454747346214;0.007243928869246297
-0.020769534651503465;-0.008017996680544951;0.0019188803125866996;0.012645221443223689
-0.015265918307298294;-0.010570273615639874;0.0017618095415401504;0.0118732285460073
-0.0070319657183622744;-0.008419687545704857;0.0024755067235236873;0.003612922563925821
0.0027086019883371844;-0.0011350794828405327;0.003288909481334916;-0.008091104889580897
0.011967719310430905;0.008696883198181954;0.0032380038499525334;-0.015725079099500307
0.01858409606764312;0.01626812118645225;0.00234556567753927;-0.013605610018969242
0.020983802433414057;0.01718570041595412;0.0015736371608246833;-0.002690694765451347
0.018760274547275614;0.010419699692969;0.0017154369529873374;0.009489669968163781
0.012798000243572652;-0.0007060890514180278;0.0027297537552842376;0.01446713099062166
0.004902685843631325;-0.010487395169849577;0.004126370412445969;0.009537610520994822
-0.002855981723629923;-0.01444028279634093;0.005403854851733136;-0.0003969882671276832
-0.00878509196956809;-0.011951997706714509;0.0058277340936470695;-0.007406277482815225
-0.011963801547883169;-0.0062361617187765795;0.004349159871368379;-0.007193273895078422
-0.012323509361807547;-0.0018499482842638994;0.00046382279269114457;-0.002028388667585084
-0.010474343263582804;-0.0016678126799334518;-0.004827323536933186;0.0020451168570718545
-0.007395726380335116;-0.005376151907919693;-0.009352533219813847;0.0008172568047022571
-0.004113913471738487;-0.01021888573378937;-0.011229748234799625;-0.004494121082653643
-0.0014636443927722475;-0.013048558160662404;-0.00991555091898095;-0.008482488219779042
2.8893447767570688e-05;-0.012081766676391131;-0.006028716925846668;-0.006420874676062865
0.00017188592538247482;-0.007403138833912884;-0.0006440771583858663;0.001403090929192019
-0.0009069292241816916;-0.0003828949175604895;0.005030280534945831;0.009579436231078408
-0.002799257524843062;0.007181716269191869;0.009627863056286172;0.011853478738071837
-0.004898679938095368;0.013564143747010848;0.01186273585514769;0.006307261953648316
-0.006538376391625606;0.017256295337269044;0.011190588882051876;-0.0028054057396983663
-0.007157504726713798;0.017204242281613942;0.008300717333672863;-0.008167592462964907
-0.006442501933003285;0.013341159482185965;0.004804705215366507;-0.005095455730397784
-0.004396031620380846;0.0070294924706378065;0.002252831346790432;0.004660690022864507
-0.001316604561742965;0.0007922920951580612;0.0013025997970275544;0.01404078332618538
0.0022949156581601265;-0.002794400629161202;0.0016772888583917235;0.015871127410649118
0.0058662805055122065;-0.002422771973637223;0.002727147403029431;0.008151175785529404
0.008886184329558492;0.0012822267308173832;0.003910994696653902;-0.004476438575030148
0.011011443257806562;0.006152629934217196;0.004843420783804167;-0.01399876240398196
0.01212973790412762;0.009610411981288466;0.0051741352755279284;-0.014529303338203514
0.012362307873866054;0.00985327878485182;0.004687182550434156;-0.006091485222461937
0.01200063406830964;0.006525521552685025;0.003570052049648521;0.005799995010555591
0.011392010313484958;0.0007040593481204691;0.002456896936672345;0.014136742322081447
0.010811506076567615;-0.005641707444005752;0.002053189621146027;0.01491448953947322
0.010365516226541374;-0.01044279483606618;0.0026206301729386223;0.009011463224886058
0.009959607174578531;-0.012304603025861404;0.0037658184091709057;0.0005729268377150563
0.00934188684262865;-0.011006601711186443;0.004685518699430013;-0.006338293473957936
0.008212828006170297;-0.007530642856657532;0.004628291953764837;-0.010111386032408864
0.0063693763264442965;-0.003582205124101934;0.0032046194220253232;-0.01153059581602855
0.0038237386151901654;-0.0008047942131872003;0.00035548026292566505;-0.012042985429313705
0.0008289034308541363;-5.64909101068197e-05;-0.003913253904627569;-0.012287731820092495
-0.0022165591473417437;-0.001076776568289905;-0.009684102217938216;-0.012050106556412992
-0.004934911867289978;-0.002656379770505618;-0.01682189318171876;-0.011037220195711179
-0.007105111863760809;-0.0032159629193055993;-0.024302158713271696;-0.009144242938170167
-0.008688898435767688;-0.0015769900929901973;-0.02993474086726454;-0.005989992830232158
-0.009748066770428427;0.002388991608641454;-0.031249760025185383;-0.0008541717135778765
-0.010325137134268678;0.007569890093004508;-0.02716598096346452;0.006269838183773035
-0.010371485521068997;0.012038738972430622;-0.01891622209090303;0.013531093477292066
-0.009762579292309708;0.013927818325622177;-0.009230983385613307;0.017615742913432986
-0.008381709193293197;0.012334250259822741;-0.0006066974487402436;0.015799795077771107
-0.006221692127385487;0.007807048475585475;0.005640982298420074;0.008005567952926281
-0.0034548159935108343;0.002147382545463976;0.008973177159114777;-0.002796672437233519
-0.0004378687360558259;-0.0024307278518751036;0.008928476498222399;-0.012034571287394852
0.002357889459280588;-0.004403855713569967;0.005314557024317583;-0.01579354152443781
0.004471538972677869;-0.003729578000434141;-0.0008836411807169785;-0.012677850039998701
0.005583738053129069;-0.0018352664518480643;-0.007157681150707254;-0.004461432442255036
0.005601300438362813;-0.0007676021777104104;-0.010510850655894492;0.004773758112651215
0.004666422798298358;-0.0020181228615306123;-0.009247455558313073;0.01068667529813214
0.003096159208396633;-0.005725537226985818;-0.004081230642438084;0.010939705620935717
0.0012814722886645398;-0.010636863825207806;0.0022812071070435922;0.006429451572037805
-0.0004168877099334886;-0.014739264304612698;0.006715432923285356;0.000662108622017577
-0.0017436795898899194;-0.01620447814892797;0.007370013728451544;-0.0024751016910371285
-0.002577984079523005;-0.014233924450145218;0.004573107122145629;-0.0011693726652685108
-0.0029160590627434466;-0.0094427014218514;0.0005638911937293278;0.0032380537924775092
-0.0028259308102234855;-0.003576909478795089;-0.0018271493202287094;0.007203308286106405
-0.002400801569431671;0.001334631812111384;-0.0009230827241763801;0.0073240867692277575
-0.0017319476309538041;0.003953786237701282;0.002656623453860628;0.002677269819689426
-0.000903065743336212;0.004190872539006491;0.0063592668623267175;-0.004294952736573604
5.535597859266028e-06;0.0030643548090410096;0.007514758179935552;-0.009122139921296752
0.00091283441160496;0.0019943095355716856;0.005303990197629815;-0.00824952073051491
0.0017354293884895798;0.0019582335684541264;0.001265783730498022;-0.0016131659378512116
0.002389097722151245;0.0029966366639808664;-0.0020863334432165257;0.007129029705052474
0.0027971266323178986;0.00433935961055388;-0.0032853585591312326;0.012978665468749949
0.0029067699524436357;0.005006283648506583;-0.0028058685303216126;0.012846600879856413
0.002706325379004788;0.0044349529771440304;-0.002216791101901705;0.007347959084680596
0.0022297608535216196;0.0027792617111240757;-0.002566909225451488;9.189051033512495e-06
0.0015430405422836475;0.0008329337460824047;-0.0034935954287999412;-0.005346841337496786
0.0007214875709446187;-0.0003119895608118373;-0.003707412745726003;-0.007034705307200576
-0.00016520467530629;0.00022805436948945774;-0.0022645044934143555;-0.0060356031719870935
-0.0010529539885262332;0.0026150217481226232;0.0005271503824298387;-0.004497288133914124
-0.0018769534497615336;0.006058168819170227;0.0032736328140769554;-0.0036971135391139164
-0.0025729829560805816;0.009109687060006788;0.004494198829449679;-0.003214073408948613
-0.0030895371819921378;0.010411901886897439;0.0036144432978310447;-0.0018166288176150224
-0.003399838863817323;0.009449106657216754;0.001268234823619748;0.0009486257865777848
-0.003501690820344359;0.006791699720363875;-0.0011736737428851955;0.003974914020175775
-0.003406376059089847;0.0036770126457115124;-0.0024471544746926177;0.005324940925895128
-0.0031295432400111713;0.0012543172876872874;-0.002095198292698438;0.0038740727862772648
-0.002692591896910305;1.2643336316800022e-05;-0.0006467501809282654;0.0004920333525769996
-0.0021281061944895792;-0.0003001587213297412;0.0008394712682670417;-0.002327638258983873
-0.0014766034881745333;-0.0003217066499073072;0.0015876211526786451;-0.002305321023065852
-0.000772154155676699;-0.0005693057921015245;0.001651438580051448;0.0006790360485763531
-2.840169163042852e-05;-0.0010921264548194058;0.001684065642327627;0.004209737067872759
0.0007620227707217208;-0.001469898967629446;0.0020906592946270297;0.005082140783075449
0.0016131388946043566;-0.0011589015016829883;0.0023872528221326426;0.001930102405163226
0.0025259567000026004;1.776485915943976e-05;0.0015263505763046608;-0.0034312133447763223
0.003473925387290601;0.0015627921735800216;-0.0009195244149623032;-0.0072345270384838265
0.00439717382303737;0.0024252077486070864;-0.0037831480196322833;-0.006739012878254711
0.005205606883134661;0.0015050211259284504;-0.004682154802738757;-0.0025026628791878134
0.005794000145491024;-0.0017662298406200903;-0.001781290427533231;0.0020968437788273855
0.006072196020660896;-0.007067755697370915;0.004434307316312249;0.003766074356952174
0.006001379658642946;-0.01312701204500839;0.010993857791200906;0.0020425700560291918
0.00561259640530408;-0.017887153240957087;0.014218712411210975;-0.0005803587755050416
0.004985683628863186;-0.018939728790510993;0.012157725752137478;-0.0011412733603563935
0.004190932241382168;-0.014364208252003923;0.00590594287322291;0.0011016604734994146
0.0032258369695930766;-0.0038805844029818717;-0.0010602294530463663;0.00422258936214488
0.0019930175726982267;0.010288007978750843;-0.005002689790385134;0.005616645179707685
0.0003508020748832767;0.023650044257266925;-0.00409573896942531;0.004329926592942823
-0.001774747451099831;0.031060009447233045;0.0006448646855058099;0.001501220892824432
-0.0042798161900458;0.029060123326448632;0.00609235022243507;-0.0011706649079832197
-0.006854838717599666;0.017696840432476466;0.008841885569418444;-0.0029638801160283995
-0.009069047402543788;0.0007471049379673985;0.0071363069114689995;-0.004114138418949565
-0.010521522405153184;-0.015855629712476667;0.0019090446594021498;-0.004830654720496778
-0.010978167564588704;-0.026604808128544703;-0.0036816836341214674;-0.0049171143693405904
-0.010437784474853485;-0.028667542396288295;-0.006079293133112848;-0.004354296472089991
-0.00911555422103367;-0.02269133871060348;-0.0034711273719131358;-0.00377721274625212
-0.00736247550147307;-0.011977900544245152;0.003037214152037733;-0.0039863548251762885
-0.005544428650369414;-0.0007595426904063977;0.009917667718997105;-0.004943168996651264
-0.0038989055600932563;0.007415889295582839;0.013204199273734226;-0.005451820629723854
-0.0023954532489877545;0.01060607332272997;0.010926506786566235;-0.004149694351693888
-0.0006558452779262939;0.008685451907932063;0.004452114241915354;-0.0010946861729488374
0.001983245650298649;0.0031035479580358064;-0.002304087217167085;0.0016045261442618351
0.006206709137813917;-0.0036154512528414817;-0.005394448288606323;0.0010887041059350528
0.012300550885111816;-0.00862205294512069;-0.0034153795456782804;-0.003772105991235605
0.019754916197461114;-0.009756006855452734;0.0016094033962222231;-0.010841498676138815
0.027137295236176234;-0.006572582878285603;0.005704254363175642;-0.015777822608262
0.03239869967149325;-0.0007719328720933298;0.005728475645234687;-0.015157900942475244
0.03356019279099132;0.00454597951967334;0.0012789516129054507;-0.009179864568059144
0.029497184323607258;0.0066589108630224145;-0.005690798997007296;-0.0016484621176856556
0.020447287647284932;0.004899139196445979;-0.01262005646759512;0.002913747274469432
0.00799599540601157;0.0009152603574384082;-0.01741429991624782;0.002842712567096646
-0.00543605821240065;-0.0026694830602007943;-0.018348748306095126;0.0005713313615820668
-0.017352784400362344;-0.004029631546677988;-0.014217535796660947;0.0001460836931431696
-0.02587496030673438;-0.003003296731693302;-0.005522110852050459;0.0030176638587724614
-0.03014209604065942;-0.0007130683160122004;0.004661385575041637;0.0061477448525529225
-0.030355663336838916;0.0014098740599129368;0.01182581542451598;0.004604755483501561
-0.027524846779718837;0.002352916564992341;0.012735255809519211;-0.0034494383096809627
-0.023044921628388698;0.001651491234452315;0.0074443007519878895;-0.013906654995264913
-0.01825891319514364;-0.0007922001575838;-0.0009258654791088617;-0.018868122681464566
-0.014133697336949757;-0.004724846331695584;-0.008192928841863612;-0.01257592560292395
-0.011121372343854215;-0.009293659343899856;-0.01131058677192349;0.0033547588116763323
-0.009198500382797287;-0.012901753459225524;-0.009532313830587797;0.019829417810713495
-0.00801758104152796;-0.013590326324629117;-0.004263307612026229;0.026158281904268728
-0.007088270951997752;-0.009980131669285514;0.0020274440692612454;0.01799854516984118
-0.005929880793880782;-0.0022835377686615944;0.007233947560845958;0.0011267793862566634
-0.004180488800762359;0.0073459422040524506;0.010679719660207795;-0.012512319705163722
-0.0016756498451358365;0.015560932308392858;0.013143382959036009;-0.01386366365981448
0.0014987988074085471;0.019392731203645864;0.015670613309839113;-0.0037093295080335522
0.004999980288617194;0.017761255162330496;0.018014759645629576;0.008305081587109771
0.008291000831246767;0.011978294486064429;0.018212989614294683;0.011742929282400639
0.010769778898804967;0.004916067150077057;0.014088833179663116;0.0037326965678623706
0.01192734747760434;-0.0005860135503549469;0.005597170517931288;-0.00908684499212634
0.011490426461879071;-0.0030285314557718275;-0.004263945872377585;-0.01593460978977358
0.009515518550475222;-0.0025731081480849425;-0.011168940816834994;-0.00972986399944144
0.006413621359156486;-0.0004760371278884331;-0.012524449552660402;0.008376979015304186
0.002887720935994129;0.0017500012897855041;-0.009295315641934612;0.030224978927021244
-0.00022370309907722438;0.002937571808293945;-0.005135586972747768;0.04596288529579263
-0.002170011472988407;0.002554206955577035;-0.00361119660728736;0.04961053810234427
-0.002509716255508587;0.0008308041464937696;-0.005682981745462106;0.041452194691295366
-0.0012459349340485746;-0.0012624672194882103;-0.00925097927067775;0.026402160222741906
0.0011782942259848793;-0.002345888768354704;-0.010939928147965326;0.010304718541051895
0.004023212659189652;-0.0012836125294884266;-0.008692680987585851;-0.0029106128768006667
0.006484312033489071;0.0021162608574456527;-0.003260974769024913;-0.01171150661066032
0.007937967032840899;0.006776807197362419;0.0024067295398290845;-0.015838202319823823
0.008117118093738003;0.010712607589756583;0.005286811048627338;-0.015453514984945727
0.007146990661697456;0.012042646665586536;0.004220622349738111;-0.011599027878100542
0.005425728489456451;0.010151165340296187;0.00028752844628687877;-0.00703668801934467
0.0034176611164010422;0.006213592512768281;-0.00430693321215486;-0.005537184211697977
0.0014757655162148699;0.002590418582101367;-0.007577892253818675;-0.009067826416792575
-0.00022250749392202743;0.001379320680193555;-0.008385186449375965;-0.015154999480939917
-0.0016276244240051993;0.003095864739657814;-0.006470926313071591;-0.017717443998972404
-0.0027259733014890334;0.006403268325584767;-0.002412253809399027;-0.011816396769508452
-0.003474650377731627;0.009044350988573317;0.002521988866117791;0.001524761897041172
-0.00379355221925828;0.00928723668097028;0.006821170560447118;0.01509382216137366
-0.0036030027407572456;0.00690643700514706;0.009237887787787408;0.020478425305021992
-0.002875767815406442;0.003101638992396848;0.008955120339246397;0.014172685104720157
-0.0016731364344129468;-0.0005031190926014338;0.005611532349575506;-4.588520577269729e-06
-0.00014647569287750144;-0.0030087936693469347;-0.0002946250158204772;-0.013650819476152067
0.001495419833754698;-0.004679285859575271;-0.0068041036335048525;-0.019338824648513442
0.003034362690594967;-0.006379334375753115;-0.010733643380288914;-0.015124461740916693
0.004282937784901446;-0.008554011942407368;-0.009373526634473588;-0.005173004867116118
0.005106954817755454;-0.010674519674151136;-0.0026696201410656077;0.0036638521481184906
0.005436418383809376;-0.011639935227708181;0.006109594476885104;0.0067031619959396944
0.005272257783320659;-0.010752940765916883;0.012248684140598768;0.004135367962789235
0.004684769919273513;-0.008375535848901076;0.01277275904630791;-0.00017411156827603947
0.0037949020256477276;-0.0056751309448838435;0.008406671350228344;-0.0023433098072953478
0.0027402503446283216;-0.003704159639201435;0.002759322567012582;-0.001382372652889936
0.0016423748152683132;-0.0026558698716366235;-0.0004846199646594382;0.0007754135643434839
0.0005926850468240065;-0.0019494763754200005;-7.508162711691454e-05;0.0015798305113402758
-0.00034198512410131245;-0.0009990595160086527;0.0023981168174564004;0.00018727423865856245
-0.0011093768912330336;0.00010889386012564341;0.004190020474381427;-0.002110103303918716
-0.0016726550857855233;0.0006633614177883825;0.0036050467120619383;-0.0033767443252521764
-0.0020221090986762775;1.461902133318249e-05;0.0010283095769928953;-0.0028583190738469856
-0.0021835196301583488;-0.001758658698793544;-0.001723254925653954;-0.0015018652994428293
-0.0022104635665563177;-0.0037761725344141886;-0.0029105990227506345;-0.0009158050434897318
-0.002162463529397508;-0.004893148438727176;-0.0020166942479843703;-0.0019099795867895091
-0.0020829088880406437;-0.004394215638074088;0.00012812734341652716;-0.0038972295409125594
-0.0019897180243800584;-0.0023619370992034572;0.0020473946533384286;-0.00544853373995216
-0.0018817114509602007;0.0004527651642644138;0.0025076919278566494;-0.005327882677199561
-0.001754169212269087;0.003091451285799534;0.0010725024197252551;-0.0032081740882074165
-0.0016135475424369629;0.004858342076550933;-0.0018161527917331134;0.00022183479690668457
-0.0014840570482575514;0.00554822139710934;-0.005090511651815534;0.0035919140707160293
-0.001404823618269122;0.005375267578644377;-0.007475902505467308;0.0053821525189144
-0.0014214231190554294;0.00471338597502746;-0.007975559324862684;0.004532525400026818
-0.0015764552316780483;0.003814412922552374;-0.006312813293560255;0.0010320056662573897
-0.001900566014473807;0.002638248291432215;-0.003137102178396093;-0.0037822981531401997
-0.0024019705589409263;0.0008709499728125935;0.0002017090778586249;-0.007621039696530163
-0.0030539289514501665;-0.0018585436336861542;0.0023024370565557614;-0.008456033906630205
-0.003785818587304815;-0.005644534004587425;0.0024608439070420937;-0.0059347573657548905
-0.004487888165599502;-0.010032249758015725;0.001038740242366529;-0.0018437498828119227
-0.005035335753272012;-0.01400669369890419;-0.0008187600881704511;0.001044669105454905
-0.005324721200904591;-0.016327464297490882;-0.001940601728291235;0.001034292258454836
-0.005304668249420266;-0.01608075745223197;-0.001850756324745846;-0.001193800898343811
-0.0049834062323547085;-0.013140560285688049;-0.000985300520799912;-0.0031648490004941173
-0.004409062772738486;-0.00824239007777136;-0.0002937957811912512;-0.002617487426483883
-0.0036360034527457316;-0.002612073022204907;-0.0005180806733198474;0.0006654559334135229
-0.002698999126699483;0.0026066388235910934;-0.001654452811179022;0.0046205894780841986
-0.0016089235671853197;0.006763695255471233;-0.0029776710997734654;0.006475171759377125
-0.0003659574334138449;0.009748122628274543;-0.003573266431021159;0.0049593271826138515
0.0010237315460576199;0.01174285901440451;-0.002925094081712049;0.0013690430069960042
0.002536399674921758;0.012936372592581062;-0.0011445848464274161;-0.0015095566475547106
0.0041234583440980365;0.013401942463015378;0.0011411399942938365;-0.001766328068641985
0.005707771974816977;0.013186732472391749;0.0029644804525812392;6.857702013397368e-05
0.007188399417736129;0.012469347058154345;0.003220374614875455;0.001659255918295645
0.008457393245392507;0.011550287210895339;0.001153092589756999;0.0010695875579686675
0.009422703980214421;0.010557249764208812;-0.002886536633072606;-0.0014659038787689577
0.010025203392009843;0.009066403322380727;-0.007030114308216055;-0.0037372343799935335
0.010243708213725286;0.006059113492979388;-0.008534468022244552;-0.003495761750266479
0.010092413876544491;0.0004604805027992673;-0.005439255529776378;-0.0004225332260214054
0.009616536874133694;-0.007936620117432442;0.0017617492338630012;0.003562189648359464
0.008882529736895812;-0.01771266621178185;0.009731067924177286;0.005843941288963156
0.007952897918244434;-0.02583413830871256;0.013781695330783605;0.005102442029480155
0.006845072155786744;-0.028736991873947577;0.010632416024752718;0.0020794841199140786
0.005494165259492139;-0.02414032460990112;0.0008419246278584876;-0.0013303746315334686
0.003751975700235566;-0.012606819420966404;-0.01077313619390287;-0.003702433709842116
0.0014436647560747825;0.0022169918438093668;-0.017482182786632758;-0.0050424506228841665
-0.0015297842700850305;0.0150545292092166;-0.014718558253552222;-0.0064265360931429006
-0.005090462310287501;0.021476699318209683;-0.0032979702743327404;-0.00871695951028219
-0.008939888953803037;0.02002566906545574;0.010688426295060536;-0.011385940514763609
-0.012601776186501178;0.01273398370368284;0.019552820959429403;-0.012469045868848635
-0.015538599430485408;0.003764453672091477;0.018782581766426203;-0.00999573996621423
-0.01730010101894644;-0.0029194814746369606;0.009528524918232592;-0.004004775266778817
-0.017649686888543174;-0.005429972995696352;-0.002770234359561631;0.002698531832784775
-0.01661804594458213;-0.004412429102135205;-0.012274861876121675;0.006223180798680024
-0.014457176366437716;-0.002095736791490689;-0.016237589337798366;0.004682490096932104
-0.011505542608901655;-0.0007434216280218325;-0.015911323532547286;2.001822907581532e-05
-0.008009426426073881;-0.0014694975057869485;-0.014629298351602317;-0.003273522085613645
-0.003971441217607984;-0.003923796802273127;-0.014601317968538956;-0.0016989371614274567
0.0008887874928592606;-0.006742321541587579;-0.014851468060302088;0.004367000486940154
0.006995376796993781;-0.00834696783098711;-0.0120549873615159;0.010876656335552064
0.014602691408204256;-0.007716037241503593;-0.0038164846226163315;0.013276584893826469
0.023418106556327315;-0.0048936105705211655;0.008345840654535992;0.01007733219952535
0.032355231262604416;-0.0010752196592969535;0.019227586521633536;0.0039550539424064455
0.039609211064621626;0.001855860213182386;0.023652309757480516;-0.0005059365701479115
0.0431287158850061;0.0022840094273206117;0.020508837880651963;-0.0005826136959216683
0.04135413672854331;-0.00011414025127149846;0.01331690547270266;0.0024467199913443894
0.03389849573513925;-0.003974788999135584;0.0069564503111889725;0.004606244908857092
0.021818726367942874;-0.006959126534065165;0.004068227539223236;0.002878553019790379
0.00732461376644161;-0.007250900128023302;0.004341874127796102;-0.0019299297995204088
-0.006931060764797255;-0.004770235523122513;0.006132391183347374;-0.00569085009610764
-0.018652272012448148;-0.0011756824706398925;0.007733387383168367;-0.0045213916622096955
-0.026473784334694658;0.0012919062403010837;0.007474656572935267;0.001668198991339647
-0.03014730309380612;0.0012118849259219635;0.004097328101040489;0.00877327596945696
-0.030360096533054617;-0.0013112456737515107;-0.001970713571109393;0.011597355182295245
-0.028331106022553353;-0.0049535460821177185;-0.008048413840798466;0.007940936123238861
-0.025366051021373535;-0.008083657321793756;-0.010756926533501077;0.0005373907378131529
-0.022515693321392864;-0.009571636960301751;-0.00860216160733995;-0.004676825580384576
-0.020402262497514527;-0.009047377295399178;-0.0031799215958786906;-0.0029217999832217155
-0.019200914212130323;-0.006673496162743311;0.001969382418345866;0.005477215154656837
-0.01872316143519057;-0.0027937908599131827;0.0036836848700001015;0.014644583862452569
-0.0185490429324413;0.002233418570857043;0.0008986152655737255;0.016972276443627494
-0.01817013053317433;0.007930022201774575;-0.00509381564552872;0.008748031278015747
-0.01712082731778097;0.013464486024324967;-0.011566136429500396;-0.006498453071859275
-0.015086804609180613;0.017584003096351886;-0.015696063674660716;-0.019713688184567934
-0.011981892986992239;0.018958455749616375;-0.015710152018715732;-0.02232881334201146
-0.007979636855879048;0.01687721243843167;-0.011520478023138422;-0.012382270807191445
-0.0034863176810417226;0.011862131857382411;-0.004714916951195375;0.003924958243127564
0.0009432507484368709;0.0056677012087040755;0.0021236220508824913;0.016610313082351273
0.004727509290750457;0.00051001485499941;0.006543481956647869;0.01886561838290577
0.007389260513783318;-0.002056135047120323;0.007282128828185578;0.011233715255078488
0.008668213395052691;-0.0018971272691628938;0.004731970753505647;0.0002128971413036652
0.008590249508524342;-0.0002257189593399294;0.0006395482378443493;-0.006939205224244521
0.007475332014218249;0.001199469583196245;-0.002734668294973226;-0.00700522389298455
0.005876727339965785;0.0010520442477713514;-0.0036200062608651574;-0.002198571114027391
0.004456385728014378;-0.0009279329538936425;-0.0015744793083598738;0.0019989597512433707
0.0038156706807927275;-0.0038232994626229413;0.0021574597716006146;0.0006271993160086294
0.00431923961676471;-0.005889686648388013;0.005072181722131726;-0.007662225404694129
0.005968916465606831;-0.005282573201961256;0.0046511606064117555;-0.019695147136141688
0.008389725015505079;-0.0010145218825031203;-6.662289477948399e-05;-0.029246793246294877
0.010960703498921446;0.006248602949861617;-0.007445574351024752;-0.03013480289761425
0.013053418304758799;0.01407109372181033;-0.013511839120039535;-0.01964613362379149
0.014268114265612874;0.019043807090920784;-0.013739713136660316;-0.0006677771418480478
0.014544239976742668;0.018220813879747312;-0.005780486236612018;0.018966880134220307
0.01409502619073196;0.010601587291329194;0.008335213525823082;0.030155762426035612
0.013224395840208195;-0.001974664369302268;0.02229827381053539;0.027522845924509425
0.012144586902483597;-0.015020654902625007;0.028603104609870394;0.012843409450411226
0.010887985313512104;-0.022860192131177404;0.023037638323180013;-0.005428564799182433
0.009333605938872959;-0.021000098381560733;0.007481962763677283;-0.016787649084334656
0.007309037312130864;-0.00846211411672115;-0.011121485169154628;-0.01501573947310393
0.004711039330799709;0.011169326425637168;-0.02486973414078571;-0.0020579871321464425
0.0015987677948276586;0.030824685940298652;-0.029073469206098105;0.013507813005504596
-0.0017727135833460119;0.04288814713558523;-0.023878309625618554;0.02230688412417453
-0.005000554309175914;0.042571027700902174;-0.01303579055283537;0.019900972559334793
-0.007659921684799781;0.029959343713854225;-0.0013840523262237236;0.008630709565350943
-0.009456381771691726;0.00974901982021976;0.007356257982932639;-0.004810419929915808
-0.010323788781935333;-0.011033782848866686;0.011730249542390452;-0.013718258621423292
-0.01041204524989368;-0.026075844011489276;0.012490845818865256;-0.014866332706436369
-0.009973570968541316;-0.03212527493446289;0.011562212451062124;-0.00955780954487281
-0.00921411124541893;-0.029688717508751346;0.010665921313692543;-0.002206616482227357
-0.008190896839651485;-0.022025529110286258;0.010364572539840753;0.002483367531347544
-0.006811342097405878;-0.013202622821220363;0.009982357053726193;0.002195688905462837
-0.004925526405481186;-0.00627670139849208;0.00840687223301727;-0.0019176444494791425
-0.0024529125411448505;-0.002402010343323536;0.005221879837432374;-0.006362861418037571
0.0005300095857320975;-0.0010594478486538044;0.0012435522098292948;-0.007811076510876262
0.0037843604966795396;-0.0009884361620535514;-0.0020327136311904985;-0.00519889298093843
0.006977460428918363;-0.0011113724205830254;-0.0035169163211356295;-9.69985040159902e-05
0.009778716688899678;-0.0009476682201999639;-0.0031281251385670665;0.004589374707523113
0.011933417625791504;-0.0004985969941288781;-0.0015493854705097775;0.0064886415103132585
0.013291628474276087;8.623847111235778e-05;0.0004031176434851803;0.0050291317367572854
0.013799930861292177;0.0007556578057829111;0.0022056218870105102;0.0015152305534600603
0.013477800883430393;0.0015982159672611959;0.0036662258154206494;-0.0018495811866197716
0.012395882194362782;0.0027253461847305477;0.0047393778965088545;-0.0033138152093996668
0.010661239308831212;0.004120957662859552;0.005322564013362881;-0.002485951142248726
0.008406106398352403;0.0055830151069526;0.005154706269577833;-0.0003222757076146513
0.005775953053857624;0.006812168145109176;0.0038789940517911584;0.0016795742644028875
0.0029173727804167405;0.007576497428047315;0.001293257910842371;0.002477563551604597
-2.9589952235600474e-05;0.007789654482615835;-0.0022904686635774993;0.0019955892271278047
-0.0029313611469231685;0.007395955810033681;-0.005805453709345633;0.0008538965862822925
-0.005655794143821441;0.006147893326945516;-0.007601972588593125;-0.00033596227377835744
-0.008069824659201013;0.003518791829312092;-0.006157870773668169;-0.0013715711723904698
-0.010045849672220091;-0.0010507552640921063;-0.00106278188843769;-0.0021543758701564612
-0.011476445441318412;-0.0076191038159446455;0.006350106866010342;-0.0021575141436796534
-0.012292337682151775;-0.015241250257902555;0.013306580979793045;-0.0005794359002521494
-0.012477657870373964;-0.021900886143224167;0.016847533489949808;0.002607154984483797
-0.012075867519251054;-0.025082807206807514;0.015361287448378265;0.005712998053645065
-0.011179457177667197;-0.022825160390890106;0.009461027134469327;0.0058295393421635535
-0.009902529950988226;-0.014784874652819135;0.0016807305371087284;0.0009327620221979921
-0.008348434086980362;-0.0027676559799318327;-0.004801836330107946;-0.00796983183952282
-0.006594702667444653;0.009659100373940467;-0.007675624669449928;-0.016742200464171103
-0.004711387253642171;0.018474712883216123;-0.006462095700728482;-0.020623279051498484
-0.0028033038356937933;0.020948736481513738;-0.0025194550211821466;-0.01750212451625141
-0.0010392737113823556;0.016963254877486806;0.001822814952699146;-0.009278225937882568
0.00036961942336069997;0.009105720145660419;0.004477587532318214;-0.0002527484646818934
0.0012469171718470934;0.0013235852223642478;0.00450235308595037;0.0059451907585009525
0.0015426573649825138;-0.003167672818514173;0.0022853506159001224;0.008368492570092293
0.0013814676567713213;-0.0034550473098393674;-0.0009487203190259227;0.008455387300863265
0.0010324340991863675;-0.0010059633055149676;-0.003957931137471719;0.008237846190863474
0.0008137656651452264;0.0016713631544859385;-0.006136813709894822;0.008748032071662705
0.000976689195869949;0.0027306905159463907;-0.0075999022698686625;0.00965180414730105
0.0016131683277476514;0.0018709658548818802;-0.008719618603958139;0.009983880298622653
0.002617485070736546;-1.7486228288440504e-05;-0.00960820283040521;0.009209829950205308
0.003715442253294183;-0.0018924895469959976;-0.00997193528936647;0.007808162356022434
0.0045536598783720615;-0.0033433825034784336;-0.009326125019148918;0.006907388630144854
0.0048175459443270665;-0.004587576415717036;-0.007358821563397939;0.007196836921532977
0.004334654550583661;-0.005899336162950457;-0.004270186556785538;0.008064663469781418
0.0031285126609318175;-0.007110448009841473;-0.0008538000791453312;0.007906597815870331
0.0014097266907082077;-0.007638003895367574;0.0018850775266900908;0.005510261791714197
-0.0004866871604754844;-0.006963419372987298;0.0033849203692849997;0.001293029959713012
-0.0021959333638031575;-0.0050968264456957065;0.0038929960613564964;-0.0028102812682446856
-0.003425181277504316;-0.0026116958496275955;0.004173718300146005;-0.004773266080554282
-0.004037945056077939;-0.00022194423320487486;0.00480272965420005;-0.0039525978620911905
-0.004096899122976828;0.0017534041010657693;0.005637176620706554;-0.001341721528870212
-0.0038434102362472906;0.003609665795269729;0.005865488262535167;0.0015061663387104332
-0.003601498415835742;0.005968087149610146;0.004630475451398824;0.003788087874005008
-0.0036168543266038374;0.009157272543941296;0.0018839095213796998;0.005704664386041782
-0.0038793104277217677;0.012689410429626506;-0.0011030197261255258;0.007415521618147266
-0.004013661220195933;0.015235905944968783;-0.0021619790890539006;0.007900410881042054
-0.00332833195264285;0.015238143624405717;0.00034215338188229395;0.005292721375953559
-0.0010615604803571597;0.011879516930278406;0.005945996609828148;-0.0011655606447757377
0.0032315755623259154;0.005797330452971166;0.011778066443981603;-0.009348940056504529
0.009307318080745136;-0.001054748973067536;0.014160369802907082;-0.014787900925279306
0.016075037946435233;-0.006434009610776109;0.011171888679315707;-0.013739579831268023
0.021796195767791498;-0.009066196865743491;0.00411667241749396;-0.006516099290774502
0.02463523093766642;-0.009233402847563008;-0.0036237085402787052;0.0019210190139216045
0.023367369871342993;-0.008294643158268502;-0.009625011853357046;0.005162223213513796
0.017920987704369933;-0.007620248685126278;-0.014362579456942824;0.00024018501317395663
0.009476681399401644;-0.007823169721019521;-0.019676855010411554;-0.009683058640568946
6.511697582517714e-05;-0.008667237803275349;-0.025210263401441297;-0.01739561408228003
-0.008139289854961772;-0.009348201219739416;-0.027140777003073848;-0.017244261412053874
-0.013506002620342959;-0.008853152753840248;-0.02135791630919786;-0.00972246418657454
-0.015354141894275962;-0.006482714571967499;-0.008042187253607133;-0.0009417598296243493
-0.013986418707998275;-0.0025262701082745106;0.0073390521810554185;0.0026898985929050987
-0.010423061081327487;0.0013979616609806004;0.01788986248299406;-0.00010921179609054882
-0.005987401429457411;0.0028973850311604164;0.020311706966801728;-0.004630619038757514
-0.0019028837863315114;0.00020078405268158524;0.016626447327578977;-0.004309552212856234
0.0009790324289570757;-0.006403734833954525;0.011612238991210905;0.0038077983428391037
0.0022762477782079017;-0.01408800799634212;0.008645397363819415;0.01649807267112084
0.0020291859893192565;-0.018463108999687495;0.007436053233556031;0.02633138462203339
0.0005729284484139205;-0.01570028407665477;0.005150727717075864;0.026596808839803168
-0.0016156044013277396;-0.004791012190982301;-0.0004156354051531623;0.015880607856993356
-0.004055917901746429;0.011305962712446755;-0.008471765257508994;-0.0005638821636898974
-0.006357717586882736;0.02651031462960449;-0.015623594817480005;-0.013542545854804357
-0.008251992779238299;0.03434299355119635;-0.018495091392088863;-0.015328074022659876
-0.009568609051847003;0.031222674981130877;-0.016177225372234344;-0.004690764351677594
-0.010201759988505824;0.01843761909026496;-0.010506036051741099;0.011731590241167194
-0.010107917536999144;0.0015163863850539312;-0.004267351575668522;0.02315218448425752
-0.00934201214785051;-0.012651752640694545;0.000867516697403291;0.02144415027257924
-0.008089098443907062;-0.019165068918867816;0.004938412103917787;0.006523550445030147
-0.006636011635667509;-0.01706510738528617;0.008588927581477794;-0.01345421618271657
-0.005264744168038033;-0.009165446198870242;0.011578656143242196;-0.02729546294147493
-0.004110513395709646;-0.00025128442261457246;0.012492170828797212;-0.027955840089996208
-0.0030659085831326975;0.00526395073823265;0.009912171044823283;-0.016937789298796312
-0.001798151794662135;0.005195504872644136;0.0038359632662855483;-0.002849171767220473
0.00010997013581902301;0.0003139873409924813;-0.003976159619690394;0.004872866190723142
0.0029497861764100223;-0.006256502034586705;-0.010891058198822861;0.002409577525481002
0.0067020214026990025;-0.010707878732879515;-0.014738495742330215;-0.006558488059603419
0.010967815476528515;-0.01052056890271921;-0.014721075543212206;-0.01445431790693693
0.015057127698502204;-0.005701263596121454;-0.011487742472757754;-0.015525212458060642
0.018208906664328114;0.0013812034398167526;-0.006520958363838245;-0.009278717783056603
0.019857101348278186;0.007358459239249073;-0.0013879606459738076;0.0002377984059792163
0.019824001194298193;0.00956805266102823;0.0026117959928109165;0.007822256630999192
0.018343601354105378;0.007254547495312053;0.004339544592703733;0.010204960682128608
0.015902386312470963;0.0018418363801907987;0.0027547293129121125;0.006957482517296741
0.012989931187138867;-0.003741940986352115;-0.0024833683750278405;-0.0003707617606687697
0.00990218912071421;-0.006431315876690296;-0.009859155630410697;-0.009214159717019464
0.006698452664225911;-0.004562233961156367;-0.01554546293839639;-0.016295178293284893
0.0033109611241145466;0.0011700342800580936;-0.01502443536266434;-0.018203620342251186
-0.0002844364149979126;0.007976638775573556;-0.006322351010220825;-0.013119736619016777
-0.003950622055827561;0.012452226985253768;0.007822023454011123;-0.0026306819292595492
-0.007388470831963683;0.012416481916713911;0.02120397976580864;0.008477412373289972
-0.010239144563119739;0.007956688022079068;0.028013683020580625;0.01504249981206069
-0.012222996067634249;0.0010404801378681224;0.02603376503243671;0.015025725874998574
-0.013242085359136397;-0.005911299548230786;0.016952203883829956;0.010912882738424482
-0.013401376066767792;-0.011379911516666053;0.004552215706777647;0.007818715806548608
-0.012946513131160636;-0.015087848682547646;-0.007184822179562998;0.009600628621366191
-0.012155084542771016;-0.01727654255362125;-0.015175970548879373;0.01577154454171334
-0.011235779935739874;-0.01772949146002702;-0.017855517401346516;0.0214664935669726
-0.010277723453653114;-0.01548475777053664;-0.015491693254425381;0.020633937489658548
-0.00926164476969064;-0.009559469820254601;-0.009902052062242967;0.010418050877258849
-0.008117297184283803;-0.00013030203847410427;-0.003522584077291611;-0.006258881522326669
-0.006799388210952833;0.010845098296054222;0.001676603693412226;-0.02189662581182054
-0.005352873786007039;0.020217070631097536;0.004850545758893928;-0.028770907637829406
-0.003940982858616026;0.025167283175799634;0.006260343876937677;-0.023430563942054998
-0.0028173221556006545;0.024673112985380503;0.006687383579397228;-0.008321999778871663
-0.0022412382397604693;0.01997014565260347;0.006636276516868317;0.010054762222353375
-0.002361997691311396;0.013761834847586623;0.005799803795652927;0.024593349207958776
-0.0031231150850599713;0.008712084096422377;0.0031967556603239734;0.030410117545782385
-0.004243829675007193;0.006142859449658096;-0.0019841241439032173;0.026206005238511867
-0.005301239188706353;0.005647379863394056;-0.0093909585020329;0.014404694152262984
-0.005876671467408005;0.005702643660071069;-0.017176788626596055;0.00019566771051442833
-0.005691459075484374;0.004774754956801084;-0.02267963214472944;-0.010639198154997585
-0.004673911557955352;0.002226729272338215;-0.023714661906207357;-0.014532995739632341
-0.0029506811050915085;-0.001418797223040946;-0.01971173685926433;-0.011982509723917456
-0.0007921247345404594;-0.004891368930873031;-0.012079748633880668;-0.006980663625332122
0.0014605915487240161;-0.006959346174278234;-0.003602893889928188;-0.004164900792909557
0.003476116918644039;-0.00715607993471168;0.0028342869855811194;-0.005605113155547994
0.005012621861097353;-0.006050965227730845;0.0055677679161361465;-0.009587253178431954
0.005975914609233661;-0.0048886913473259325;0.004901271770868105;-0.012335137635618044
0.00643147508892221;-0.004786153267799337;0.00288900270594132;-0.011320634456483803
0.006561086025427;-0.005988111830300285;0.002110982823211387;-0.007448194548170579
0.006580630457159268;-0.007682386221534489;0.003984167112728077;-0.0042417437979708735
0.006655351087277121;-0.008513530136141381;0.007734793532435234;-0.00465745598357689
0.006849396396279937;-0.007443122263320078;0.010963594891526726;-0.008206280105059983
0.0071267558828950655;-0.00435205244741678;0.01154320105825936;-0.010932997628087414
0.0073921826038304255;1.1733287573358885e-05;0.009372673704906364;-0.008506562592851187
0.0075427233502549425;0.004612708625909853;0.00648770897985504;-1.704745404331683e-05
0.007505802971149981;0.008701136499186133;0.005353429110036813;0.010712709029794636
0.007258341901364214;0.011915521175416128;0.0067700167228076985;0.01756402035011843
0.006830866648153608;0.013931995169274389;0.009242673340890056;0.016474710605962395
0.006295988296533022;0.014137215056693832;0.010378948503505807;0.008297829763973549
0.005738217307533565;0.011816638045044783;0.009002073574656011;-0.0019688684397469293
0.005213771169922558;0.006860564087803443;0.0060593338151116675;-0.008778812265153207
0.004724423947992507;0.0003833867944268649;0.0036438242356598553;-0.00956760199939209
0.004227319360877645;-0.005457308871879152;0.0031822338841720347;-0.0057163301047833985
0.0036774887487849304;-0.00853886822672702;0.004389654879492357;-0.0007210607800795416
0.0030720183506074772;-0.008042788329795773;0.005699370373878069;0.0025653680920279852
0.0024613264816347774;-0.004977731612417174;0.0056005048147019934;0.0034695143317231775
0.0019189820124973782;-0.001553073693804001;0.003744318595255091;0.0030753532691120637
0.0014943491835095746;0.00016209586765717933;0.001066451669092336;0.0027477884005910596
0.0011837395916992374;-0.0006224105394905857;-0.0009879339239796362;0.003017738828565056
0.000938095207664007;-0.003178353628017733;-0.001451094420508533;0.0035191668505071163
0.0006967828565379485;-0.005928778717332587;-0.0003445931616990019;0.003639796769209376
0.00042191780064287763;-0.0074595776739976;0.0015129039795470443;0.003126632176138719
0.00011330357513873485;-0.007216920821668014;0.0031227710566676856;0.002204805454936873
-0.0001997964894755029;-0.0055740121662208745;0.003864856330739888;0.0013075808943216708
-0.0004807595024323567;-0.003395493464020327;0.0036833676212742286;0.0007621534051934056
-0.0007079580761435005;-0.0014812441847623248;0.0029156190733413633;0.0006577809389046315
-0.0008864930171677247;-0.00023179197123935274;0.001991351348568632;0.000895856064601433
-0.0010442901292451018;0.00035063834397815923;0.0012225295300820644;0.0013045251454220958
-0.0012138905802545126;0.0004400746583771896;0.0007626525472977289;0.0017179914353216217
-0.0014072109084816197;0.00015930311606894692;0.0006757431980026696;0.0019955108336062316
-0.0015954759290881658;-0.0004827185659844866;0.0009976566817844828;0.0020170621357416766
-0.0017084207754898466;-0.0014548749943674064;0.001707430567837392;0.0017077309493052772
-0.001662423393060531;-0.002484947874941735;0.0026193864770341314;0.0011090693046084158
-0.0014143066428487251;-0.002960439872850968;0.003299350588445444;0.00045688489555483614
-0.0010185463960482393;-0.002123953899379613;0.0031408875301336962;0.00018052454425145187
-0.0006494629896395952;0.00041710891498151966;0.0016723850282730763;0.0007474322334694603
-0.0005500087050461568;0.0040802881353671355;-0.0009884838014426233;0.0023557570264593035
-0.0008956657893808766;0.007008027985720196;-0.003792374193837289;0.0046041928537192455
-0.0016138218154550083;0.006497638444428267;-0.004869848441865338;0.00637422629380959
-0.0022542993897728693;0.0002904380859310281;-0.0023129141658148294;0.006153290537872081
-0.002027710069571406;-0.011707184510128903;0.004527824782516389;0.002840376598750193
-7.929395652715653e-05;-0.026262074384960372;0.01388178913903796;-0.0032715917170094695
0.004056087330610083;-0.03732545780562347;0.021511447158014084;-0.00999020606637567
0.010012756149776782;-0.03862399264403999;0.022502135596703075;-0.013883906071035616
0.01642560552235876;-0.02732915465128702;0.014473687200842368;-0.012201430667583483
0.021210614326128568;-0.006575420922993725;0.00016452049519047595;-0.005048173247971851
0.02226011317306093;0.015275749726194951;-0.013239768597015604;0.003885109184408848
0.018282368836162386;0.028821717373463843;-0.018570960594950683;0.009116396578653548
0.009396478160795278;0.028863698014995724;-0.013788142264707193;0.006991697769398605
-0.00281042576297409;0.01721325547675891;-0.0033088432618279587;-0.001244935933785748
-0.01578954989203537;0.0011883429952685891;0.005574176211024834;-0.00958293114220956
-0.026858742025023277;-0.010971813555317834;0.007816918621978294;-0.011315260864886809
-0.03399706863044798;-0.014611676645390773;0.003135199784894429;-0.0043729595078976615
-0.036319941354199976;-0.010446313831589001;-0.005089653769684709;0.0066391134952671895
-0.03412727624197663;-0.0030728663824817356;-0.012556707041429823;0.013911874170949473
-0.028594790084099292;0.0023427134673109657;-0.016372202405169723;0.012697391759885813
-0.02128334429198384;0.002962936210189809;-0.016129785831015767;0.00510706870107837
-0.013662942215379866;-0.0007541488867613022;-0.013537408947481617;-0.0016154304299319
-0.0068010376978153595;-0.006033149076962428;-0.010808497953556895;-0.0008362876722968228
-0.0012670741165532815;-0.009663478751327472;-0.008974162042612335;0.008233450303431256
0.0027968258022675035;-0.009643411238293405;-0.007533050004925381;0.0197495731175032
0.005535713531649238;-0.005920384483797051;-0.005511544390254323;0.02535061763030387
0.007247517803762748;-0.0001224856562206808;-0.002590263353153547;0.020015603891601532
0.008281528189824272;0.0054054108397159125;0.0007503815495616743;0.0055091629124653305
0.00896400342871133;0.008753082827572213;0.003777180833710853;-0.010717638950323181
0.009539683583085021;0.009293750601653852;0.005920197935273169;-0.020203498959833865
0.010127372658796017;0.007894386664862328;0.00682192027798362;-0.018668704080080607
0.010696755847347156;0.006402989430452436;0.006358118183319791;-0.008480888707142168
0.011074897962597655;0.006649097743730022;0.004821768836089159;0.0031635293100534642
0.010986159771889234;0.00946290853939736;0.00301525026954436;0.009172367747398935
0.010123623242017113;0.014238085040169582;0.0019333193878345878;0.007274829114521478
0.008244527114461402;0.019250434968596623;0.0021374805815929077;0.001204619511082792
0.005272448112423627;0.022488671299417468;0.0033557094501254913;-0.002546640049781707
0.0013739573981071563;0.022498447855281486;0.004757248999571834;-4.6624380260049813e-05
-0.0030317992412083276;0.018860010933071897;0.005693089265571028;0.00676030270793685
-0.007357397670719463;0.012240032959896417;0.006119879745523264;0.011484700011824191
-0.011008179086358871;0.0041541898600349365;0.006225700709415703;0.008533038284507752
-0.01355473940206433;-0.0034598298867980297;0.005762328288458201;-0.0020750637119490087
-0.014839529517860182;-0.008822168708626944;0.0040368237899550425;-0.014463614906571132
-0.014977569950326865;-0.010901708547290946;0.0007122727056675548;-0.021530837013446935
-0.014264683148586832;-0.009736619254865535;-0.003534949498523986;-0.020394332900166637
-0.013035300891920135;-0.006305110553450139;-0.007382885254762412;-0.013906641468657957
-0.011516198020368103;-0.0020818772328005147;-0.009913056710931553;-0.007256424780561363
-0.009728785932849674;0.0014168099270719635;-0.011168811819053678;-0.003248916235909205
-0.007496929329423939;0.0029794518055338204;-0.011679019002281542;-0.000864335019722895
-0.004582831550938698;0.0020659342597782915;-0.011651600200051716;0.001843714974190594
-0.0008942684352431751;-0.0007876255014504802;-0.010799463047351928;0.004134416869240925
0.00336011678730788;-0.003894697932867549;-0.008843811495145107;0.002804792428198074
0.007676743818448526;-0.0050945731838988794;-0.005980858905897452;-0.0035393866437350985
0.01143504786337067;-0.002998482286110456;-0.0028127662816698215;-0.01111003367066596
0.014144022421387811;0.0020639882596887793;0.00011248715329665908;-0.013079766031947385
0.015609304689422196;0.00820774884913471;0.0026546742120783454;-0.005805802405350323
0.015934792927559286;0.013200030303909203;0.0049327708700795175;0.007149277289289821
0.015393987273223332;0.015769238821590544;0.006760341018117004;0.01739360166164809
0.014283427450276089;0.01600163748161885;0.007298188818018466;0.01821154471736715
0.012844014584158599;0.014639861452050252;0.0055491071439328875;0.009287453007540495
0.01125202594457555;0.012096429954298297;0.0015008778793868854;-0.0039647364049190115
0.009630984971903534;0.008197786769804325;-0.003183429308114352;-0.015073626782698253
0.008052836490957185;0.0028405250554166335;-0.005904319839069902;-0.020878305953870708
0.006540417448094716;-0.0032573047019973044;-0.004965091175361579;-0.022355280951453862
0.005093761293414792;-0.008615279356174123;-0.0009714243763451489;-0.022121105236433174
0.0037308980832486288;-0.011883386982769412;0.0035071442540611283;-0.021478037943365523
0.0025066510160774965;-0.012736331560789063;0.005778777334872951;-0.019629609294124377
0.0014896848261172308;-0.011980609528868449;0.004841377285871932;-0.015234891611702222
0.0007187127189463087;-0.010851249492150229;0.001789041067514897;-0.008351056627101526
0.0001759115774324107;-0.01013460360063489;-0.0012607646184455477;-0.0008765464268973077
-0.00020396756884651231;-0.00978792158317071;-0.002666429999044454;0.004671980055549385
-0.0004997874346833162;-0.009252810210706348;-0.0020738621778103477;0.00677180855212145
-0.0007694403454518355;-0.008121954378281919;-0.00019946181506193484;0.005608823521631344
-0.0010320541643562965;-0.006603263797151856;0.0019603341474096606;0.0026047550474839116
-0.001270700130851833;-0.0054308340361595075;0.003781284829059042;-0.0006159663826142429
-0.0014490072501354247;-0.005297186497136146;0.0051148471422473255;-0.0030045822513072268
-0.0015321327382046069;-0.006223774894176274;0.005943287663084784;-0.004233298169074236
-0.0015046436191530957;-0.007347114626830174;0.006017876922662371;-0.004378432049858703
-0.0013810600625985836;-0.007347890211439346;0.004873374150288524;-0.003564871418221394
-0.001206893332886303;-0.005318473875737666;0.002268252180482597;-0.001879152675661083
-0.00104903688424919;-0.0015091865916587212;-0.0013029186329140219;0.0004491268885473663
-0.0009758824195451453;0.002606521813700085;-0.004526215974566466;0.002851938191040098
-0.0010315628550901141;0.005091910230956639;-0.005839663211644617;0.004505478020285667
-0.001214675444678463;0.004715840808109496;-0.004384695100826669;0.004789252162533674
-0.001473818233825759;0.0018044980233308384;-0.0007586298118949925;0.0038911398106149715
-0.0017247090178789768;-0.0017982136002178267;0.0029416516828934015;0.0030514308685355186
-0.0018807589891424155;-0.003703034701223054;0.003992102279072585;0.0040043309910939495
-0.0018817143281710206;-0.002334415850861527;0.0005960761280157764;0.007744145673507623
-0.0017081051183444717;0.0021310997622770124;-0.006672575437484964;0.013461082049130229
-0.0013782580931154442;0.007818325244454697;-0.014666266843774358;0.018627011969032003
-0.0009333604798304297;0.012171117158145527;-0.019307644454537854;0.0204344183117432
-0.0004206653934498319;0.013300707856768916;-0.018243420260271627;0.017657891016377904
0.00011599437259496117;0.01084664746881792;-0.012493724746390107;0.011527020230302682
0.0006346063286182703;0.0059375498341542226;-0.005665991063614114;0.004917872088057102
0.0010862308072422605;0.00045925454511786977;-0.0014003257769043375;0.00054303945008265
0.0014093419662561256;-0.003857504809007075;-0.001183684618851745;-0.000443132492803799
0.0015364818476060619;-0.006095465973506271;-0.004005790742342669;0.001381352378822575
0.0014126076814792333;-0.006323627468920228;-0.007516225072279549;0.0043821251071463905
0.0010135559309320792;-0.005285610872842565;-0.009425851876936184;0.006623936588502788
0.0003509160800942478;-0.0038555436454506035;-0.008392299768491325;0.006474010791731464
-0.0005410577860422657;-0.0026264872501040675;-0.004380795416258045;0.00324729627391188
-0.0016265499042975588;-0.00184811624929583;0.0013668623592646481;-0.002231516953356159
-0.0028793967424421718;-0.0016269337613738053;0.006789186721161246;-0.007741520995677243
-0.0042729603080052525;-0.002094066819930634;0.00986102007582203;-0.010791943267458545
-0.005754796565051704;-0.0033175363424588246;0.009539319253379993;-0.010174682963577745
-0.007227198656570083;-0.005029270432194934;0.006308086171851436;-0.0067441081326223
-0.00855371912687935;-0.006468463198537726;0.001960407633955964;-0.002726641596031387
-0.009593950847455268;-0.0065861316250180515;-0.0013362601017342358;-0.00012042704417102952
-0.010247599626393102;-0.004569208763613621;-0.0021818075781045144;0.00047531823568851413
-0.01048132076699901;-0.00036989228232747393;-0.0005912487548829434;-0.00024061442400042813
-0.010324126595771406;0.005124633392432276;0.0022461757400327907;-0.0012381875936413843
-0.009838995733462393;0.010427198657660352;0.004846568381656715;-0.0018781694215960474
-0.009091140920160291;0.014102348359343042;0.006267046078551513;-0.0017981560431805578
-0.008128017678664584;0.015360318833458907;0.006403767482358989;-0.00048380957773635743
-0.006972382014772963;0.014301011259999505;0.005790460709601146;0.0025314090689540184
-0.005623932322603794;0.011752319782867626;0.005187537691271377;0.006722996489501985
-0.0040691688839082805;0.008838833831744967;0.005120171659896587;0.009968184960470085
-0.002300679426429117;0.006470771845552549;0.005451244908707865;0.009453267309175013
-0.0003399021636274104;0.004926154850484681;0.00525194931440101;0.003905838448783343
0.0017496355966116095;0.0037080364429858026;0.003295367779464888;-0.004614007778652635
0.003867602129306491;0.0018426492146275224;-0.0009119463562268778;-0.011266256039517539
0.005895871780394942;-0.0014104454991428657;-0.006297369245343708;-0.011508414556478773
0.007716368600541202;-0.005824766616308345;-0.010487756292694866;-0.0045812549521628484
0.009218454579587572;-0.010050165991997762;-0.01128703152249406;0.005527210100684247
0.010302474358177308;-0.012365802610346815;-0.008282663083377372;0.01280331543284514
0.010892375692496284;-0.011988134279133372;-0.0031207652863602577;0.013650434323285804
0.010957870933109818;-0.009971931993355868;0.0019345306668609391;0.00943573631841257
0.010530340976285265;-0.008795022142724996;0.005903521349173997;0.005050748551905205
0.009696023150616484;-0.010590732222393574;0.00966395810316491;0.004745805981780914
0.00856533103624537;-0.015148692766778458;0.014605579758657177;0.008654290485584918
0.007232290157955969;-0.01929888393334797;0.020605829020547306;0.012724774342087897
0.0057411231286932105;-0.01852879215421809;0.02531277562557691;0.012070564088954261
0.00407226115209926;-0.010032450220948372;0.02567367509555607;0.005147268557275411
0.0021567123126268726;0.004895958366570216;0.020616864687589942;-0.004526133325658429
-7.651557634628309e-05;0.020961356520117592;0.012490477084598467;-0.010638844027755737
-0.0026301139697057067;0.03156286860128829;0.005639042831997626;-0.008779353972561176
-0.0053775734146075385;0.03234349958653857;0.0030067565466422594;0.00015390518998567438
-0.008050077590216679;0.02336397060723293;0.003651407619374604;0.010638271031745257
-0.010284620816561032;0.0087640985162598;0.003448438991028636;0.01668031046446272
-0.011710425526652904;-0.005582099412406464;-0.0014759496017176835;0.015924501889220552
-0.012035059563233157;-0.014881476989447591;-0.011349992622946349;0.010566674169135464
-0.011103320262916078;-0.017189960723367856;-0.02210861271366841;0.004877809513955518
-0.008923725268732393;-0.013461608827694893;-0.028063129090341348;0.0017978135427330181
-0.0056711135846337;-0.006298122858651807;-0.025964161244916746;0.0013686634945331698
-0.0016717169799508387;0.0015412039090073018;-0.017429447875599278;0.0018619160981357985
0.002637113382605435;0.007993683810069645;-0.007853460481380548;0.002053052435096315
0.0067929886353845885;0.01175892637246361;-0.002610146310175345;0.002298498202897012
0.010450295400487598;0.012032850667097594;-0.0034503830115713854;0.0035461008005778535
0.013539665945559118;0.008455961193793066;-0.007674695753677012;0.005562595428587761
0.01634699240307631;0.0014531677475159567;-0.010383919285727607;0.00634093254933748
0.01940554119551862;-0.007353980007756066;-0.007989880277304757;0.0034565023127900055
0.023178883772934717;-0.015235183436981825;-0.0006431911170408588;-0.0036219949479355086
0.027652622658308788;-0.019288430446570467;0.007876110240570727;-0.01221471205715393
0.03205551380720408;-0.017952008305568444;0.012742929537075334;-0.01754724358417996
0.034916929715496384;-0.012180338556887198;0.011488840021044838;-0.015935067768800344
0.03452493357066389;-0.005243999526611437;0.005676728127771953;-0.007748954992836286
0.02963231768682663;-0.000883815417432782;-0.0006336115971891399;0.002409509541101612
0.020082245369118606;-0.0009151151923534845;-0.004235368257798631;0.008882527834904133
0.007026264718726039;-0.00409255071814109;-0.004711121471051361;0.00918821308580475
-0.007383710395252985;-0.007128774498231068;-0.0034166178949823554;0.0057807627195839715
-0.020673360851193923;-0.007005803182676001;-0.0013142921857202;0.0035804355432865146
-0.030783298912115765;-0.002869421880089883;0.001697620212109254;0.005234519739024338
-0.036583527583692675;0.0035988918406799214;0.005680194059780628;0.00846901205826928
-0.03802523010300365;0.009268602252839745;0.009647194581612525;0.008233287790405384
-0.035945939137888155;0.011242095248532253;0.011961907691765744;0.0017954570283397234
-0.031655786077517185;0.008173464339599966;0.011562114694276864;-0.00800064388476426
-0.026484590111947343;0.0007497235415316058;0.008763382312972532;-0.014479178098679825
-0.021451280596111833;-0.008565982287853513;0.00509317669493399;-0.01254170733552644
-0.017130515769610437;-0.016262874370417794;0.0023498098359818463;-0.003227667287171094
-0.013686151944010051;-0.018902764144723843;0.001416547935944275;0.006438952539978927
-0.010986153964404112;-0.0145648836655549;0.0015804897099157087;0.008454970185859688
-0.008728853307085655;-0.0041193728239741064;0.0009631611240861112;-5.7404864581332255e-05
-0.006557293581389228;0.008578026269125093;-0.002127589558911071;-0.014412863954230153
-0.004166249462367314;0.018151830425311762;-0.007919343476936805;-0.025531842308114994
-0.0013979794579897988;0.020333107854454236;-0.014899378057032365;-0.026220078525091988
0.0016998955426689194;0.014282589261882955;-0.020647067023965637;-0.015785692979891377
0.00488494086618453;0.0031681156588656096;-0.023135061545705403;5.4416662240940785e-05
0.007801935082968459;-0.007416335265375179;-0.02169050068550564;0.013167966967030268
0.01009795968390579;-0.012303930673694058;-0.017114512154539636;0.017667157538231844
0.011515413989895341;-0.009283182405151077;-0.010986024280759071;0.012536781082921195
0.011937973559906605;2.2697435675363146e-05;-0.004698310969320279;0.001470292677823881
0.011408306923315792;0.01123199598065885;0.0010420614086290528;-0.009470621702881049
0.010139568264969192;0.01945428726667008;0.005954554247243778;-0.015165300887596525
0.008505796255295218;0.02144579658801526;0.009626543707141015;-0.014127389626574966
0.0069736745454298706;0.01672470107783221;0.011421899242853471;-0.009030039165771662
0.0059662485370764904;0.007418908787234835;0.011015037850395516;-0.004586508632477227
0.005706842129205015;-0.0028404725110603734;0.00886204501434391;-0.004141101485066896
0.006123322882890439;-0.010460706768306042;0.005939239113371073;-0.007420806937444941
0.0068665235996632976;-0.013285785309803635;0.0029942553433948563;-0.011055202251718164
0.007436873160697444;-0.011311256213890614;0.00017241718985829392;-0.011291659511401906
0.007368694743365785;-0.006438513092533785;-0.002571533812457747;-0.00671976038418762
0.006406236416293056;-0.0014359026353623777;-0.00476100616955091;0.0009076111159037943
0.0046030859879518495;0.0013660459823138672;-0.005189839564170718;0.007942239541610708
0.002290793421427734;0.0010501796379843587;-0.0025848642073738647;0.010872036679713003
-8.352437921296742e-05;-0.0016177759055285646;0.003226962816669842;0.0077828810181830455
-0.0021706601700226913;-0.00466301321219468;0.010557973717162827;-0.0009652531721667103
-0.0038611590499580298;-0.005871285969163399;0.016351703055095822;-0.012455268232776246
-0.005274915924925129;-0.0038325332926417415;0.01787224787068196;-0.02164440037545345
-0.006618225510960185;0.0014217690362662815;0.014403902145430615;-0.023465286568154203
-0.008010051725670762;0.00850615987085904;0.0076296582444197085;-0.016262242557145288
-0.009386518729139781;0.015402797692459015;0.000517029132912052;-0.003944588450162714
-0.010529274857269016;0.020351291444730923;-0.004255724703977807;0.00579296440042131
-0.011183768807456904;0.022419298035037685;-0.005322431918360578;0.006578495511244383
-0.011192400200692973;0.021561664584499634;-0.00294287169246668;-0.002075337936495036
-0.010575016147043283;0.018309032285533038;0.0011788422592167618;-0.014313697243030445
-0.009521976019378259;0.013388492481267493;0.004636518230007865;-0.021784080456919746
-0.008306114331750755;0.007520103529634395;0.005596867238674931;-0.01900615592239734
-0.007160212707844909;0.0014309807872143474;0.003883109562936673;-0.006868745882665431
-0.0061857197116112796;-0.004070048098913287;0.0009275664977989471;0.007868516301899922
-0.005338366536136733;-0.008171660031269047;-0.0014648845079280666;0.016890144635240852
-0.004488231853397299;-0.01036813997188861;-0.002489055538929931;0.01579181723421424
-0.003510813727824256;-0.010812814550290718;-0.002660481832073815;0.006933044203302585
-0.0023577765574478763;-0.010361652692292925;-0.0029034880863883722;-0.0024962554730312767
-0.001078116043318629;-0.01009287184609487;-0.0033987023867300707;-0.005836702466264285
0.0002095146273459885;-0.010539689946839046;-0.003377419572042012;-0.0016661855999781981
0.0013729172514192743;-0.011245499497213209;-0.002037813889715028;0.005726319488015304
0.0023240108314422836;-0.011092252778337685;0.0004422711176099507;0.010217746806374356
0.0030530387749289154;-0.009212102127354387;0.0029240733206754264;0.00871046408653334
0.003624393258372741;-0.005747685100380558;0.0043760335191171005;0.003073003525640566
0.004138380040385632;-0.001805164065936848;0.0048885577667485925;-0.002016061349788665
0.004683425683124893;0.001385919852337195;0.005558084526683661;-0.0030882587556545675
0.0053088296562612105;0.003398856623218954;0.007269640890814274;-0.0003649960966311956
0.006030483477441643;0.004826642123895414;0.009514098037754382;0.00301496031766229
0.006853214443013121;0.006622814520618042;0.010440945115441852;0.003986621148921048
0.007780592623497599;0.009172557439796603;0.008265964922003547;0.002163877104524499
0.008798531779846363;0.011890402070579481;0.0028968309206443884;9.235497704725087e-06
0.009845772892252993;0.013612813852448504;-0.0036151099155257663;0.0005842807332751318
0.010797523611313902;0.013373369689940679;-0.008234371345742373;0.00483702576763807
0.01148049011624293;0.010943909672021194;-0.008883965340655713;0.010656892720990345
0.011717812196051279;0.0068563783133013196;-0.005779283095684786;0.01437637964475439
0.011384201255801456;0.002045423506216623;-0.0012242164907721321;0.01342265916014891
0.010444077465092514;-0.0025684863241824847;0.0019599835652028682;0.008044243370505882
0.008953470129948344;-0.006285651247607005;0.0022501229864430802;0.0008953760922830453
0.007027706779162562;-0.008557736901127565;0.00023306046678700523;-0.005059998123100951
0.004798392733980774;-0.008861869365367687;-0.0020750476378592854;-0.008597472119622732
0.0023874626093750764;-0.00683797885757311;-0.002830083567744289;-0.01058075155401902
-9.16347074802671e-05;-0.002723455641147987;-0.0016781838183995473;-0.012407027992673842
-0.0025194937285242763;0.0022998677623892573;0.00016933887999903024;-0.014052146993264155
-0.004765283971237177;0.0063159545660326066;0.0010809295789390013;-0.013634902835540409
-0.00669983195517696;0.007520497267289439;0.00038412594231861536;-0.009056247455693665
-0.008217768238446183;0.005235807762504564;-0.0011362662016824905;-0.0003193492143577066
-0.009251424852739236;0.00039974810579103084;-0.001966665749187186;0.00960343465399258
-0.009767097206514972;-0.0048627576457492645;-0.0011769011538466856;0.016336264943922374
-0.009748627304399788;-0.008364684319316466;0.0007775058192617169;0.01702354018999783
-0.009182156905829767;-0.008997112630520353;0.0024371166719358646;0.012310015874481927
-0.008055091675528935;-0.007203385206775076;0.0025792521002402187;0.0057430269977102886
-0.006374843133268881;-0.0045264778331928195;0.0012456538062968084;0.0010637251082108237
-0.004202653154951955;-0.0025333514167384355;-0.0003205526611488901;-0.00038011713809488245
-0.0016868384011743801;-0.0018062494286555705;-0.0007571065928680304;-5.0412230972674165e-05
0.0009277550906387871;-0.0016589018249949065;0.00023922006410090615;-0.0003916343075299077
0.003332790386380581;-0.0007596878641412619;0.0016259194740991516;-0.002577403756976715
0.005229251960369163;0.0017761887439037077;0.0018590027620661608;-0.005732076509716895
0.00641066939053271;0.005557886343286749;0.00015850672450091043;-0.007960157532335237
0.006818718032649116;0.008848310469503209;-0.002852262285328765;-0.00796338104440787
0.006550713623620837;0.00925238693333983;-0.00559887805883465;-0.005823325333950881
0.005823810965580371;0.0048395121537229725;-0.006640144222497563;-0.0025501303566571373
0.004912339161491336;-0.004689010801568729;-0.005545959616798454;0.0008622524523052021
0.004072702977103333;-0.01722040975212334;-0.0030923877021041078;0.003893527590513288
0.0034692075945116137;-0.028383396806968417;-0.0008164900518690433;0.006264412753462586
0.00312059406771556;-0.033030397812273855;-0.00017940647368692818;0.007659066858397328
0.0028910359892436225;-0.02772874465946855;-0.0016418409525234118;0.00793540571632785
0.002538435433793266;-0.01300609454918625;-0.004132284276740335;0.0075044310491914155
0.0018096324252117333;0.006168153945107097;-0.005449610624949578;0.007172824050193665
0.0005502790099298224;0.02231010587773413;-0.0036455850859975175;0.007358771482972471
-0.0012138290230777038;0.028928483217353106;0.001433668228681765;0.007457023186321981
-0.003261895311471783;0.023733858381698184;0.0076309192235294145;0.006211549034058582
-0.005241853091259601;0.00974518260854169;0.011507364884001262;0.0030059967024127455
-0.006787411654631017;-0.006331375981021192;0.010295693775295016;-0.0011393080148590703
-0.007636753781957013;-0.017515088784767707;0.0035306646413357954;-0.004033153842876482
-0.007700900068114768;-0.01985094098476106;-0.006567936571581739;-0.003983422847042471
-0.007055413789918752;-0.01386809900344471;-0.016069572233262937;-0.0011444171768551126
-0.005868788459481096;-0.0036332026224420834;-0.02113608785118103;0.002643537331591482
-0.004311364241845876;0.005751891415488232;-0.01982641873426334;0.00527325980996135
-0.0024917980252135426;0.01064264047984072;-0.012997813172944888;0.005826827336081909
-0.0004470822655697884;0.010133481828421668;-0.0037480399524402316;0.004995121583366835
0.0018178419331892797;0.005849395551289433;0.004265150300790262;0.004259212704349033
0.004268416475616236;0.0006920060304500375;0.008532688538263835;0.004566127697868341
0.006791010660425471;-0.002737818755538136;0.008512163921517985;0.0055716628206174046
0.009180314907009124;-0.0033337091250586442;0.005461175658570751;0.005968661804196572
0.011169968602698713;-0.0017944317361842635;0.0016549855544337121;0.0045170944444696695
0.012492989082285355;2.9555891360324863e-05;-0.0007404609567381853;0.000986549543285055
0.012945924525253763;0.00032321034404074846;-0.0007900873562116243;-0.0035535250001282126
0.012432740878252177;-0.001684855286501668;0.000798338142711354;-0.007233951554489536
0.01097774095433818;-0.00542851464010349;0.002416698551380663;-0.008406750265541413
0.008710091952490557;-0.009467010719017172;0.0028658011547584303;-0.006574535912658723
0.005828417856872664;-0.012305479867638976;0.002057024965050083;-0.002602946329339322
0.002553248496363206;-0.013044815880529404;0.0006208060165947096;0.0019043439591181215
-0.0009250224789479498;-0.011555051399655509;-0.000925710719681358;0.005537380739922506
-0.0044885162288509405;-0.008261870253636377;-0.0025267368567739867;0.007621520128704547
-0.00810066114855112;-0.003871899073770632;-0.004265598106367613;0.008129193324269958
-0.011756884489794173;0.0007527870708519328;-0.005956181670763382;0.007293253364651768
-0.015372748797273912;0.004646175670609851;-0.007202576674605993;0.005384550240662161
-0.018645644526255143;0.006915964332543515;-0.007821570985728424;0.002778643033865432
-0.020970328869270048;0.007105152711655094;-0.008070164384560269;6.149553167431833e-05
-0.02150541229004027;0.005554124250867662;-0.008396748532147455;-0.0020877946429016334
-0.019444873739770073;0.0034686872591245077;-0.00906059467188653;-0.0031743377698156446
-0.014437743122030815;0.002518703099917722;-0.010096988795939458;-0.0030345748369652163
-0.006967241074805896;0.004057925738810954;-0.011512004313711405;-0.0017641563908354701
0.0015544601473307714;0.008299594823852433;-0.013139478049996023;0.00033469574354834397
0.009120201313636537;0.0139040853527917;-0.014165786676006214;0.0026434059284656053
0.013805863482931759;0.018372219656996442;-0.013221000285169699;0.004208891194691055
0.014487031062767736;0.019249788709252962;-0.009503026615437811;0.004169374535652705
0.011240634765227705;0.01550443634636248;-0.0038106655035694617;0.0025965503833122777
0.005253335038370616;0.008139640695933233;0.0020114036593511073;0.0010772647929993147
-0.0016727544138332058;-0.0003562930490388734;0.006817709017046239;0.001958422366762026
-0.007755407313013903;-0.007270392599568528;0.010949660651020047;0.0060645477387516866
-0.011747776485424475;-0.01085554720016661;0.014959784541500255;0.01079658015695667
-0.013185280080058573;-0.010938847877608265;0.01784755457463628;0.011252398957071976
-0.012345869194969501;-0.008804484760769416;0.01717171714958175;0.0043960794136563165
-0.00999859547904282;-0.0064852785565811515;0.011276599864480584;-0.007301652222084239
-0.007063817564604093;-0.00579337324140737;0.001497505116370117;-0.01663423105246782
-0.004320552345795671;-0.007465272550233236;-0.007832527457630103;-0.01694167830733963
-0.0022585538622236657;-0.01072208858845722;-0.01183967247958492;-0.007748321278855956
-0.0010835727020095975;-0.013478191948500159;-0.0083697644892661;0.004113663790110729
-0.0007990720358494758;-0.013291189630608666;0.00028152292364404995;0.009235046851578435
-0.0012726913077315697;-0.008751478620420992;0.008613748359017404;0.0027293235254871873
-0.0022544986624556396;-0.000526114790079666;0.011534317349730483;-0.01185241215798107
-0.0033840776252677747;0.008755064034163627;0.007829945825165208;-0.024861579338246308
-0.004238571334488809;0.015871258259311915;0.0008441536307474704;-0.02729559472376513
-0.004428220511081196;0.018785451546118735;-0.004252333697203458;-0.01689126387577682
-0.0036970986473723664;0.017618352762341465;-0.0044353050919159285;0.0005916554478018384
-0.0019854728254882275;0.014211787737373239;-0.0007793954022836681;0.015295998547893857
0.0005570722052501572;0.010731578478077186;0.003068609409600041;0.019352739445785208
0.0035983353753588796;0.008418613262373578;0.004188567645068833;0.01122619941316713
0.0066869477179349185;0.007308824975122927;0.0023555551239306427;-0.0038763685350595395
0.009357238555618147;0.006807815215269493;-0.0007374008831649268;-0.017193066381419646
0.011264319142623635;0.006346443610570672;-0.0036209350033650977;-0.021162990019644983
0.012303491840272917;0.005548579068788738;-0.006176785410825467;-0.013326559417593488
0.01264851778979934;0.00404585266311984;-0.008880038310763316;0.0025003766989530637
0.01267058381640122;0.0014583586198290465;-0.0113878906457836;0.018410624550670048
0.012765161377247465;-0.0022276836350768703;-0.012196638341978363;0.026843843365527614
0.01316904668523535;-0.006230319953956367;-0.009750437411410146;0.024720872890473453
0.01385327410578766;-0.009050182667134227;-0.0038933646383698408;0.014735356654889729
0.01453320133457191;-0.009222222376313491;0.0036163744096796326;0.0031227265644214845
0.014782981222968474;-0.006299897170432931;0.0098624355827178;-0.004351429230982987
0.014207188511938435;-0.0013890663582657656;0.012234804360250384;-0.0054326859315684565
0.012606530856150877;0.0031818778925479544;0.009815645532190847;-0.001829422967954798
0.010069837837395216;0.004968690393979741;0.0040550585132799076;0.0024981944180286018
0.006943323022687185;0.002777102145040873;-0.0016687807022106485;0.003653261081131404
0.0036834656247337377;-0.0024368011501613197;-0.003553670885648773;-0.000434388148259379
0.0006682595242899733;-0.007748394445000722;0.0008130156961778431;-0.009027621861236025
-0.0019295572134726646;-0.009667607334674875;0.01137925929359617;-0.018472825893822226
-0.004143607071209032;-0.006157070550732677;0.025706399704983937;-0.02353139648178237
-0.006104979116850483;0.0019354114919030252;0.03974679476153072;-0.02033301681008408
-0.007897669793284393;0.011084674592087687;0.04889512376694301;-0.009405787824458754
-0.009458675770483932;0.016963522239376493;0.04948578867294563;0.003885243347733221
-0.01056969273430778;0.016825497447165026;0.040611592031556454;0.012584987953215979
-0.010940989784606545;0.010896234002173183;0.025019676317426055;0.01286364662564814
-0.010345753990686006;0.0020453544119484043;0.007895851020980556;0.0063829522592492435
-0.008741121216361914;-0.0058385372697940955;-0.005832430506430155;-0.001491310076999021
-0.0063222538075232045;-0.009731093857683063;-0.013636596522561335;-0.005811466925041756
-0.0034882548233902888;-0.008716219868898312;-0.015655335248552178;-0.005073936011907369
-0.0007330457483313029;-0.004168733515515748;-0.013565207137411241;-0.0012892321434413022
0.0014966657249673573;0.0010921354879099292;-0.009396620655679028;0.0021491348049019134
0.002917258473593176;0.004238029226916321;-0.005065540325279238;0.002839080827374969
0.0034518862349275006;0.003731805460844381;-0.002326692261448823;0.0005375497315446466
0.0031989638200400515;-0.0001438562213370071;-0.0024403073782603723;-0.003200061108398209
0.00236214744061357;-0.005693822121316144;-0.005431422765045781;-0.006297894954279729
0.0011835954510618833;-0.010799913566152845;-0.009683788576984244;-0.00736743940216514
-0.00010274484837947197;-0.01390252641620144;-0.012626627194661086;-0.006181557559801555
-0.0013050642366289474;-0.014502800092025031;-0.01227125910729389;-0.0034304890659890936
-0.0023021987765553605;-0.013066165252304682;-0.008466013064525154;-0.00016812941522681006
-0.0030588817514649157;-0.010555607182591104;-0.0029503105070888954;0.0026986992706844806
-0.0036146127743674253;-0.007929524442990016;0.001734674644442419;0.0046830208226217775
-0.0040465131723808195;-0.005798608814845404;0.0036713799876403074;0.005664677132751893
-0.004424103526689455;-0.004268647657530049;0.0024776362314007055;0.005613407396624434
-0.004778764629759431;-0.0029554225706120547;-0.0006854804190666735;0.00439665707583177
-0.0051001675357154885;-0.001179252791142866;-0.0038720662914050992;0.0019362174566514962
-0.005355155434352877;0.0016868793804224213;-0.005404554874960164;-0.0013720882262777605
-0.0055125806877942204;0.005825194784775583;-0.0046441696594213275;-0.004428032564696628
-0.005557046487852377;0.010695419721081012;-0.0020565659876264834;-0.005822562303420689
-0.005484356772979279;0.015006584816393264;0.0013798702600641033;-0.0047731198141344475
-0.005285013197800258;0.01701621775358009;0.004851012138557379;-0.0018978944322620031
-0.004931502269844388;0.015170379770576453;0.007836547930380416;0.0009358769794878973
-0.004384427921905919;0.008964994927555507;0.009624461440194415;0.0017979862932610705
-0.0036204651858533347;-0.0003410705852867944;0.008866448978626842;0.00014650269820557884
-0.002668689740791168;-0.009731992658187192;0.004022088196273593;-0.0026082058290921944
-0.0016338532869531717;-0.01552875501723219;-0.005174605197313994;-0.004047121238500697
-0.0006915404464925205;-0.015215060834300914;-0.01633127366254105;-0.002616251144331426
-5.20424779593325e-05;-0.008920987669607455;-0.024765807613742512;0.001038946563262909
0.00010262962354741793;0.00044268216589368265;-0.026160723884295713;0.004412282543320026
-0.0003051341807127066;0.008518323655758926;-0.019818767070823643;0.004934534337498924
-0.0011906712663417173;0.011537833695414642;-0.009706983882913548;0.0018738391688188202
-0.00230665119615516;0.00804746655403371;-0.00193542212213704;-0.003066354773037064
-0.003315299012805619;-0.00042214671375077076;-0.00033718923358377374;-0.0069325826805650284
-0.003904935693737945;-0.010028095549964065;-0.0036753807073282396;-0.007688557705753408
-0.003892772114094584;-0.01638472728975568;-0.006841945500631985;-0.005697947871297291
-0.0032589443606561535;-0.016647036555319607;-0.005064888834131522;-0.0032541068253480955
-0.0020962420227912133;-0.010843312602396606;0.0023848270119335726;-0.0025604343145909886
-0.0005176460047340136;-0.001685788181085353;0.011833814549528506;-0.004018299458620226
0.0014074507430842868;0.007063739385361942;0.01802724411651209;-0.006295337041383726
0.003648581024678976;0.012695668078295058;0.017613528460928417;-0.007776516612897212
0.006163200243455969;0.014826108864564204;0.010877543046027947;-0.007734326099593531
0.008854732273987637;0.015075920956121399;0.0010624417061066364;-0.006218223130019242
0.011572645870248473;0.015458046427429876;-0.007727841014961613;-0.0032951716383380772
0.0141391896027471;0.016672449594102016;-0.012538255019522241;0.0010808378247841677
0.016366564505098543;0.01756123366866485;-0.012558663211218004;0.006290453322830152
0.01805314120292638;0.016090354390613605;-0.009045952399914927;0.010461408863970748
0.018982792950465194;0.011048092147230588;-0.004489339191232277;0.011233936415658917
0.018954198859150857;0.003133478240303364;-0.0013252372987967269;0.007586171962554678
0.017835543007772785;-0.00530962071090119;-0.0006707839974252377;0.0010515941170116607
0.015611721388794974;-0.011548230771673398;-0.001804178612962442;-0.00501533533927617
0.012396126176844768;-0.013747595746883301;-0.0028527614730630684;-0.007675593045283998
0.008407949255611094;-0.011612512064519277;-0.0022849716364640176;-0.006270537355716372
0.003935725616582152;-0.006306132673705626;-9.798742018110867e-05;-0.002429842297408982
-0.0006979146591738348;0.00010123531598245226;0.0022294925019519405;0.001510959939825905
-0.005171104473540321;0.005383283305615526;0.0029743781695326563;0.004099682567082626
-0.00920099801310343;0.007886682720278532;0.0015881016844970887;0.005124334193088815
-0.012578349302684054;0.007022798957383933;-0.000847356006765261;0.004930651915669721
-0.015184174354713573;0.0033514924274170837;-0.0024816755402698055;0.003809560281331373
-0.016981235072322888;-0.0017655493398801069;-0.0021750786079856557;0.0021099510327788054
-0.017986793942072213;-0.006769735598162685;-0.00039469896163502077;0.000618955693888293
-0.018241762298438054;-0.010474904676907556;0.001203637681881222;0.0003574014015735183
-0.017790583374250667;-0.01234125835734457;0.001140823680411591;0.0017180041698868116
-0.016676968166962222;-0.012381076944863168;-0.0007355115672455133;0.0038501810838647496
-0.014948432707128532;-0.01086646227485367;-0.0032295077029010576;0.005144785063889639
-0.01265870308288122;-0.008135727451473722;-0.004781932644065074;0.004572976363256783
-0.009867748562676183;-0.004663472315225398;-0.004537979448958412;0.002662668229818752
-0.006652727026177106;-0.0012440409365199216;-0.002697722761628591;0.0011136694187902
-0.003139372509531271;0.001055917026958081;-0.00010072126859047186;0.0013111500417964076
0.0004598898213184314;0.0013459565745152216;0.002421336347793097;0.003107586959694419
0.0038346686311517635;-0.0004918635069888752;0.004390946385073932;0.005080772293991344
0.0066191761750986015;-0.0035582824744016853;0.005592769119805347;0.006048991267137175
0.008485095482899005;-0.006318791514368227;0.005807355425919403;0.006278212354498778
0.009248724753408485;-0.007388790833072537;0.004758045729727983;0.0070598869315232375
0.008942224911862785;-0.006198577384289289;0.002410439491061679;0.009073860641220044
0.007812654627185901;-0.0031463080387128927;-0.0006584481017642424;0.011307373300617263
0.00624883562098409;0.000756288279782589;-0.0032854060117097983;0.011732664243639671
0.0046712186648846694;0.00441280672081482;-0.004305097431508434;0.009086169804343439
0.003430131185983078;0.0069980397903387165;-0.0033120886639899285;0.004011865784829261
0.0027418497875899006;0.008059295716626433;-0.0009674457631831868;-0.0013976428370559696
0.0026678605227269257;0.0075199344522146215;0.0014300177168799072;-0.0050589375774087696
0.0031285827518076834;0.0057023076731405236;0.0027467049665635124;-0.006063008050110173
0.0039420348525980795;0.0032934924711501934;0.0025620024824889514;-0.004829535737024128
0.004879104607071602;0.001135227904167307;0.0011668465324364745;-0.002472736084242361
0.005722214218575994;-0.00011885478634740035;-0.000774778339577372;-4.124811744894289e-05
0.006310611314174324;-0.0002927808103819627;-0.0025289743816367728;0.0018827271770832142
0.006562162542355386;0.0002411479454931664;-0.0034149987234680552;0.0031528077760273427
0.00647247996873544;0.000753291016734737;-0.0028731662449706027;0.0038199093938777423
0.006096230851034448;0.0005250633230957036;-0.0006376419722751666;0.003960440357823606
0.005513149118126363;-0.0007687035394254095;0.002995497798946864;0.0036834151818560547
0.00478214191577388;-0.002835365366051156;0.006996337031638182;0.00320365252803424
0.003895770908924065;-0.004813971831375499;0.009762268843472881;0.002783045412392811
0.0027593362391495025;-0.00561824880646423;0.009709819164809508;0.0024843922888851803
0.0012228738915077586;-0.004471553764911415;0.006117675867655014;0.0019314716273677898
-0.0008198395483359097;-0.0014127104678732555;-0.00021237357688518146;0.0003773053609484577
-0.003286212364375898;0.0025061563803296773;-0.006929648080043601;-0.002812611690153297
-0.005779332498969337;0.00553504323784083;-0.010912128192781517;-0.00753157438124565
-0.007576648370526546;0.006032508105977032;-0.009601958925180796;-0.01262965574727687
-0.007808858471144672;0.003430257662033203;-0.0023678485730160917;-0.016205249519654005
-0.0058213614276094155;-0.0012092189084034256;0.008720528575338728;-0.016324441512273642
-0.001587653002862498;-0.005560348593924195;0.019296965205300304;-0.011789703732308966
0.004043755142460821;-0.007378659102002936;0.024604624946520846;-0.002759905956682642
0.009463024291453024;-0.006096741278965791;0.022266396001790773;0.008795211180283308
0.012812742120964981;-0.0034230706215643194;0.013963429966248313;0.01906522242840243
0.012718113730117903;-0.0021752058036475885;0.004207552378775431;0.023417739281153857
0.008887035629837;-0.004052325088299413;-0.0030613633068999674;0.01876070186618402
0.002264219568151081;-0.008175569139017772;-0.006946547767571424;0.00623888374329239
-0.005339271379334117;-0.011648718285801203;-0.009065380116566922;-0.008017418608537486
-0.011935906994418469;-0.011638469292042463;-0.011245604005020709;-0.01581277901559361
-0.01603145457740715;-0.007342282782774804;-0.014020405591999591;-0.01228869650232824
-0.017009996954996675;-0.0005206053054368113;-0.016727713188335366;0.00022746047536883725
-0.015156566443314931;0.005619799356694728;-0.018196443026973638;0.013421274776250101
-0.011399163290717504;0.008368970444055003;-0.01733824831254372;0.018702119380034604
-0.006921632490169481;0.007034453339433115;-0.013865750646485884;0.013111572798227262
-0.002800347094180955;0.003184197493169305;-0.008918690350824092;0.0010587419052323697
0.0002243664043713923;-0.00036715057637636515;-0.004713328539755501;-0.009133942297901789
0.00180857655622747;-0.0011280199082784879;-0.003104257513681958;-0.011164360821205246
0.0019430239798122158;0.0017891674726008362;-0.004239934189651671;-0.004937120489579
0.0008505540331191909;0.007254512349281422;-0.006493778889611573;0.0038339566467737057
-0.0010972182364584286;0.012691073957518298;-0.007648095115584865;0.008143053353794392
-0.003433499224153053;0.015296438719370073;-0.006330257764975726;0.00491199722496228
-0.005647855171412862;0.0133452100311691;-0.002746115076626775;-0.0028979242217387815
-0.007263201520715118;0.007018409838449899;0.001565456582390875;-0.008685644281268962
-0.007933035600957653;-0.0016014075985573799;0.004670036932770841;-0.007264827853203863
-0.007523489677403377;-0.009406203610143212;0.005370020774819264;0.0010899958527665786
-0.006144139795890607;-0.013651885146399744;0.003968850658077969;0.0105426112452585
-0.004114340530708856;-0.013208692917780995;0.0021516171489372967;0.013723123044598556
-0.0018759160126824406;-0.00903301264975591;0.0018465350784309749;0.007105409499744864
0.00012385249009427322;-0.0036087553184696516;0.003664021455477317;-0.006098329989505556
0.0015507858541572526;0.0003248638283252222;0.006126584283537428;-0.017698385761254196
0.002274428812462793;0.0010538645421085341;0.006620216038481064;-0.019901097360135695
0.0024025762275990967;-0.0014761276906033428;0.003574100282962155;-0.010643594584197415
0.002241428872094877;-0.0058808599418637055;-0.002004178217130224;0.0049110198576684545
0.0021849035512638486;-0.010108217209639482;-0.007138095348719291;0.01779715612357999
0.002564570670561783;-0.012246104777655477;-0.009128997430724359;0.02098526614324077
0.0035128744842281615;-0.011061174274873232;-0.0074689667673101074;0.013330597688790006
0.0048949844406493415;-0.006282944311074735;-0.003981916049791117;-0.0005037007915536204
0.006345505161863811;0.00128374433186117;-0.0013524095412019434;-0.013263797847300045
0.0074086712342114345;0.00988811506747013;-0.001216579685128132;-0.019009604437761642
0.007731711189072741;0.01731667522442822;-0.002996475343357978;-0.015763262458991446
0.007220154178118501;0.021650187404333433;-0.004163570697725871;-0.0061375698236175525
0.006066014105035541;0.022001699240713976;-0.0019196563426746034;0.004042241392587183
0.004625793699525656;0.018900122027515946;0.00460589168453183;0.00863172464471407
0.003221136459588946;0.01409370913479855;0.013198010302374044;0.004538244777967309
0.00198663886672905;0.00978062114641758;0.019573751092785863;-0.006057181463196013
0.0008537270077052804;0.007617154515155055;0.020101093257883455;-0.016415826840400837
-0.0003336271908023974;0.008065522160725268;0.014232379088567065;-0.019457638286034383
-0.001657484204147191;0.010416031802808017;0.004804291071883321;-0.01316294173526028
-0.003024726575302664;0.013315941811194325;-0.0038763735153851675;-0.0026630341623765474
-0.004183324116833965;0.015374503793854934;-0.00854367399954256;0.0035662477151682122
-0.0048347274119122895;0.01556445423240637;-0.008352704201117172;0.0005865449480177903
-0.004769213731891248;0.013415826885294543;-0.004638723505025452;-0.009206073679554934
-0.003953439448568301;0.009118843518847793;0.00027216618803393847;-0.018663858667523656
-0.0025381756800266983;0.0035617596801667843;0.004258324648025539;-0.02198799414329792
-0.0007969037826555813;-0.0018551256420951117;0.006020848415163653;-0.018658004696461894
0.0009676795320172702;-0.0058062836898767085;0.005107032732660097;-0.012389211092839062
0.0025091701079300267;-0.00788908934639495;0.0018051031719797698;-0.007116805742003444
0.0036890968941801668;-0.009159722571388543;-0.002673641333722291;-0.004018494262346007
0.004484392925157686;-0.011708755380895443;-0.006008105807430919;-0.0018125142425140935
0.004950254846619478;-0.017185902381749184;-0.005413881492658131;0.0007001237691041142
0.005151474135730916;-0.025098995030000723;0.0005796187261748126;0.002732473209493749
0.005094878331309467;-0.032245889275740514;0.010347103031860995;0.00218069623267353
0.004700988854261824;-0.03412800723181201;0.01928094874378926;-0.0018993833509338537
0.003829903451678627;-0.027756409928106743;0.022516312752006946;-0.007592613967358308
0.0023438589425196434;-0.013976987365838718;0.018530080176612146;-0.011016288754083652
0.00017677495785393165;0.0024701157075493955;0.010579165942793347;-0.00917591583233909
-0.0026096493447957275;0.015376384533658942;0.004444653129919076;-0.0024292110083167988
-0.005796365436944171;0.02039663993637951;0.0040992437876875175;0.005477370750789228
-0.009019707561749166;0.017112608114148192;0.008782822058578502;0.009976115683375576
-0.01183693327998348;0.00866388153930487;0.01379874741805666;0.008985622753238647
-0.013831933481137437;-0.00047343852947303645;0.014219535130381605;0.004324493769057465
-0.014722696403828103;-0.006882041124371447;0.008423517657567204;2.363693554764763e-05
-0.014422725755782455;-0.009365364379207961;-0.0011110965921610771;-0.0009637817540979308
-0.013026210588217025;-0.008609857066132445;-0.009823595019914779;0.0012001259348525277
-0.010728544994945232;-0.006049694804733397;-0.013986598317270673;0.00390459802028358
-0.007731910435745464;-0.0028617201699105716;-0.012579894494250557;0.00443847750886823
-0.004188375551348743;0.00038443475837959975;-0.007354677725957538;0.001951450357407039
-0.00020230619946438682;0.0034972806585523873;-0.0014433212900070512;-0.002230877396608144
0.004122730493588592;0.006294709082958683;0.002479455816675779;-0.0057784351653546555
0.008628568399596841;0.00845853831732204;0.003380584566937653;-0.006930784708413827
0.013073149763951387;0.0096495942410588;0.0018673270938223733;-0.00537757628231673
0.0171423810933683;0.00969849628269276;-0.0006403075621598766;-0.002083541758482442
0.020495021976883625;0.008698739428861136;-0.0027750722922170387;0.0015104140705432868
0.022819776668088092;0.006954163241256177;-0.0036485218000070134;0.004252490203826631
0.023884424528956782;0.004838891621510538;-0.002899017764609573;0.005649586161251712
0.02356519277629001;0.002667072029627972;-0.0006430829265690397;0.00584207311460395
0.02185418629866828;0.0006435063583673533;0.0025197821472021276;0.005347475927230078
0.01884969808738378;-0.0011000062698073088;0.005522714053512834;0.004729538874830963
0.014737171221355134;-0.0024409220804402945;0.007048567767993453;0.004294645373835757
0.009767642968925504;-0.003251103863549859;0.006037241404162476;0.003899018968845513
0.004237119064981617;-0.0034642830492317366;0.0023237115605491696;0.0029699938716788894
-0.0015330224093128297;-0.003181167572709256;-0.0029810160232540983;0.0008272023822196434
-0.007215514749232565;-0.002711109554941245;-0.007742830538349686;-0.0027450303665258217
-0.012496090757207578;-0.0024676333523441702;-0.009744325146927128;-0.006951009584113618
-0.017089813905265584;-0.002735500507881926;-0.007901781352065809;-0.009901855575905786
-0.020753362808653676;-0.003448742458184675;-0.003064780504897527;-0.00932416778612544
-0.023293550463617727;-0.004164410804200265;0.0021669507986662616;-0.003923586683136498
-0.024573297674716926;-0.004316384930644366;0.004658135629102239;0.0053162540918384816
-0.02451585674111883;-0.0036109541861890975;0.002405018735456014;0.014898524643726782
-0.023107299456624937;-0.002247670535240013;-0.004292038165565269;0.02025867589614747
-0.02039640753435405;-0.0007343925036878724;-0.012890498292304275;0.018441753850926498
-0.016492285935862997;0.0005893674207380755;-0.01987803170426984;0.010407045333564062
-0.01156678582748629;0.0019114452340144466;-0.022473767417537833;0.0011355756477589617
-0.005873872733873025;0.0038332615339922833;-0.019843850897529536;-0.0030690071577088476
0.0002149130237674307;0.006814327252105642;-0.013343041833503544;0.001298125061867568
0.006188914203822457;0.010594767572718258;-0.0057530205486605234;0.012180816996111605
0.01143541858110604;0.014048195441291626;0.00017572289219020622;0.022860767382363083
0.015352975899062569;0.015589327617229096;0.0031491901148585845;0.026287164583946507
0.01750509041670925;0.01391641574733853;0.0037349077770194613;0.01980374963813074
0.017745621145654995;0.008732983968367608;0.0033572530263587925;0.006758977076206481
0.016260492822470465;0.0011074802398305032;0.002796171015213512;-0.006043018124632691
0.01351187149178821;-0.006759275566726898;0.0016765596540159436;-0.012854688311598585
0.010110917844347039;-0.01236343119865013;-0.0006585913033093755;-0.01205136566137488
0.006666419419098125;-0.014035316044882845;-0.004055017941361889;-0.005967106861135591
0.0036559472216820526;-0.011823590363256876;-0.00744875227885759;0.001542783209130902
0.0013504270963707137;-0.007517280974154539;-0.009612520215328404;0.007479174774097026
-0.00019832923615662598;-0.003636000560098137;-0.009784760838386065;0.010516489647757568
-0.0011159288099648196;-0.0019790098472008298;-0.007785972636559504;0.01049965867043464
-0.0016287324779718864;-0.0027144883116153005;-0.003965577289836611;0.007755871433209723
-0.001976556603170128;-0.004570909104724996;0.0007697877333761642;0.0029378773391889467
-0.0023414225652963346;-0.005852582770470397;0.005059277909142516;-0.002776535999278197
-0.002812694164424384;-0.0055025673256711765;0.0075731519149924665;-0.007713375420205467
-0.0033912994418007747;-0.003580302949699972;0.00770697705827773;-0.010248528502009916
-0.0040183159901855114;-0.0010139954288516998;0.005967060790113477;-0.009579800656969074
-0.004608882897821923;0.0010777177528374896;0.00367812515575747;-0.006143060766206059
-0.005079616106473879;0.0020279391025903376;0.002168361615532251;-0.0013603731364945962
-0.005366032667675768;0.0018721539699343395;0.0020083702482995695;0.00304583634907439
-0.005430651894078352;0.0011430052029826733;0.0028280837702278384;0.005685972016090571
-0.005263950157533078;0.0004316062590377919;0.003763224704787512;0.005850341379240939
-0.004880907449383479;4.5872119294934713e-05;0.00411202550645364;0.003692929640313745
-0.004314936867806619;-3.592610282659284e-05;0.0037222799961046512;0.0003376470275365981
-0.003608723886935583;2.6561023525244434e-05;0.002966299731838313;-0.002350801139626675
-0.002801257787213025;0.0001499773127874434;0.0024797377863993173;-0.0026346942431437364
-0.0019149528519115007;0.00040068612294617606;0.0028359861710691376;-0.00014230459927473243
-0.0009522265797242322;0.000927645510187959;0.004188351475854554;0.00346501569497299
9.160578279377948e-05;0.0018440089470411329;0.005967413072494408;0.005268074268490576
0.0012048822528413165;0.003107648074632994;0.006903955181027234;0.0031457847626097965
0.0023433182661671166;0.004412297414978173;0.005613106761345845;-0.002282967010764092
0.003435810835953848;0.005170610477366364;0.0015920251881854936;-0.007543977834691201
0.004408476084404852;0.0047312199917890745;-0.0040080514662423645;-0.008569745715157147
0.00520539346952009;0.0028228770083312186;-0.008618515830800092;-0.0038853657617970174
0.0057880353133151225;-7.724176026111752e-05;-0.009710295392626855;0.0038838567827626557
0.006118907092331153;-0.002849112593453533;-0.00660732621312439;0.009700657552121331
0.006152371034662721;-0.004382570765739387;-0.0011758813707859032;0.009831960284561486
0.005846744256704268;-0.00433753110445116;0.003382304376079318;0.004587496245434921
0.005188843120178776;-0.0033734544099617747;0.004786973817216761;-0.0021008617142692586
0.004211906247163126;-0.0025912992504126056;0.0031611669138906545;-0.0057478332862643585
0.002997147372772228;-0.0026082571101270586;0.000593304081097622;-0.004461933601982821
0.001662338501382842;-0.0030481466130949948;-0.0006886044187706879;0.00016504098981749045
0.0003434690323276839;-0.00291234731733881;8.075346874506372e-05;0.004752608286174285
-0.0008290292582968502;-0.0015407754092468483;0.002028579601904787;0.00677640977556641
-0.0017575921822257994;0.0006590755201162748;0.0037374211809603243;0.006082815618530979
-0.002398511916038574;0.002358886732778886;0.004442727823526102;0.00437240455689352
-0.0027617312269806096;0.002235892854896671;0.004354379517395749;0.0034222558967083503
-0.0028837153669681636;-5.452658214215229e-05;0.004122845768177293;0.0036039130822888726
-0.002788674492547672;-0.0035730885667571064;0.004182505627414796;0.003745442133782309
-0.0024676715764270795;-0.00659425545140347;0.004530139251606633;0.0022960192982513995
-0.0018958596001229146;-0.007497063055718226;0.004895889724320146;-0.001104378857406365
-0.001081470123023822;-0.005515604412490932;0.004991844147208287;-0.004857086156560485
-0.00011798012377144816;-0.001034553515748914;0.004668307959348353;-0.00621780884001148
0.0007960321538732445;0.004591716181349786;0.003941494049248601;-0.0032935372953372386
0.0014003699803661507;0.009534088945403143;0.002865463043114409;0.003293010160382551
0.0014938062769283603;0.012097305335013867;0.0013658074986497967;0.010486861205915151
0.001105095127857854;0.01126554632981097;-0.0006511705171397752;0.01464252873628824
0.0006297967713229258;0.007041648302847911;-0.0028171645433116366;0.013710950349509584
0.0008129159759052975;0.0005159077127529916;-0.003958812505109584;0.00821023399402519
0.002496994415598435;-0.006327240873263049;-0.0026201865935775496;0.0005590239947722922
0.006182697205572627;-0.011099052420924948;0.0015706292871004333;-0.006388839312862874
0.011599894073789646;-0.011856819178726639;0.006864475312239199;-0.010519013972504465
0.0175485112109414;-0.008142008919477932;0.010036427313440592;-0.010954536550556442
0.022169342570661225;-0.001613680463088698;0.008587082418521899;-0.008125745025964954
0.023585875720702396;0.004431479235323644;0.002557664253514196;-0.0036025328532310373
0.020645732153493697;0.00675107815039295;-0.005794744575654461;0.0004694951160589023
0.013417665987884747;0.004082234197724027;-0.013851071164780092;0.0024421195194642494
0.003220004027100465;-0.0021621565178833674;-0.01982290760434284;0.0022541052171459065
-0.007810401618849396;-0.009004061920302862;-0.02245024122834737;0.001496434792111426
-0.0174028658927788;-0.013897472030173186;-0.020604646934511788;0.001964298520654855
-0.02381642020665351;-0.016101517134319867;-0.014028934655129133;0.0038076901936975553
-0.026260832094688935;-0.016626851981042003;-0.004336990271857185;0.0051721859868831795
-0.024975874651474383;-0.017040790947953785;0.005353811813814016;0.003859721285170376
-0.020999186680307726;-0.018024302473054702;0.012150449484254271;-0.0005179718503942493
-0.015748345604432286;-0.018566990147856753;0.01488375113558991;-0.0058414145488561225
-0.010587638062784408;-0.016311733377476663;0.014223468670595816;-0.008765631531802851
-0.006529237383298509;-0.009004869498363615;0.011719606049858503;-0.006901500837488575
-0.004129436969069231;0.003662689891356417;0.008772461677534942;-0.0003741195267965462
-0.0035313356903697306;0.019022021097603117;0.006151403147063027;0.008033587014381139
-0.004550298754254714;0.0321234939392125;0.003987112794516589;0.0139814621196484
-0.006732090824540768;0.03797051875811861;0.0018420288636660429;0.01339566722503044
-0.00939869141254113;0.033980020924919294;-0.001233717800202751;0.004561676757132129
-0.011748156212455427;0.02121745675372916;-0.00629756094805908;-0.010290313061543066
-0.013037067884140798;0.003857135147743406;-0.013615567917418777;-0.025243489055332406
-0.012787478324699359;-0.012578305112661144;-0.021936038275886027;-0.033572207099357154
-0.010916271641098298;-0.023199013356345263;-0.02881857818810295;-0.03189683619338021
-0.007723748596856031;-0.025226338283141872;-0.031925843717739544;-0.022506378342909538
-0.003759124621673901;-0.018692808794204208;-0.03018539755443894;-0.011648285722939201
0.0003642061876596048;-0.006298492979670113;-0.024053251576109318;-0.00484706235916466
0.0041312935534946115;0.007574321195261617;-0.015142505181007673;-0.0029518513851778216
0.007226944131381712;0.018466071127931326;-0.00570920679957533;-0.0021131440389504856
0.00956669812044334;0.023472568188414495;0.0019779223072658248;0.002341693575762601
0.011263545811074128;0.022177949026165784;0.0063890075457928176;0.011361332661511781
0.01254330376499537;0.016506984106135842;0.007247379132277403;0.020689798812437075
0.013629353741718203;0.009680818977650765;0.005485473951845286;0.023654199811598834
0.014628476795427175;0.004814646215365437;0.002718739424416469;0.016062282351802744
0.015455948653879892;0.003724428410432579;0.0005137922309446806;-0.00037124277417591595
0.015831789649547963;0.0063498633415771675;-0.0002892971662502563;-0.01833944038539898
0.015362411523816672;0.010948236743632668;0.00011602269079483577;-0.028709556229004934
0.013695041802657166;0.014919309951536994;0.000873530025038946;-0.025544942710593554
0.010694739971612431;0.015901885651505392;0.0013710663678855005;-0.009692654354585297
0.006559909817753094;0.01272784496054792;0.0018654745584535295;0.011048570395582514
0.001799772301160755;0.00589290275192375;0.0030044798938719613;0.025625409118308313
-0.00293220910645737;-0.0026487123263227498;0.004561474318089876;0.025744139952033986
-0.00706116690434667;-0.010323555219246579;0.004928561072101519;0.010985897137668494
-0.010244042833625304;-0.015067587399737957;0.00251348457755056;-0.010389027021087972
-0.012384021923400131;-0.01617374987922808;-0.0019384106526976438;-0.026248983744746483
-0.013540783604901822;-0.014367187227739246;-0.004690937243290678;-0.028433277107491294
-0.013829720104276274;-0.011104663857032779;-0.0015133724891295713;-0.01805180770850418
-0.013372777332947504;-0.0076848066018490825;0.008387687319798711;-0.003898375340933006
-0.012292466214461848;-0.004849237280615342;0.020681916242320908;0.004754822803739273
-0.010709864146335608;-0.0029662184533826696;0.028461675283742747;0.004669449467551522
-0.008734166121982787;-0.00224097044699428;0.027118586126742;-0.000907198765931208
-0.006459393445022209;-0.002463882768886455;0.017518204812111336;-0.007031075365669325
-0.003971565305033153;-0.0025604956619939534;0.005101547713644185;-0.011464045360236621
-0.0013456583481738934;-0.0007603072874812345;-0.003938327172696701;-0.014592191393048617
0.0013759040009686822;0.004224482620428656;-0.006271701417021758;-0.016352208674065994
0.0041906080531822565;0.011735871959769575;-0.002585509140839732;-0.014766006236378491
0.007086421592666967;0.018785961741048057;0.0036998619097213747;-0.00812128475434934
0.00994592089811133;0.02146252025818404;0.008668709760195821;0.0019400350969878805
0.012481527026158375;0.01734744227108202;0.009764724282784736;0.010478671200115168
0.014280285292941798;0.007205146719313789;0.006740510920287807;0.012985789965317192
0.014956773231168041;-0.005289919419589671;0.001610231212460209;0.009121126795318008
0.014324930549467648;-0.015496645292830123;-0.0024079567318242676;0.0027216311341940074
0.012484911833294938;-0.020031458508045285;-0.0026586550296702565;-0.0017160452093220961
0.009786948041673505;-0.018028775701499918;0.001334884414727599;-0.0024687063509810465
0.006713594675907254;-0.011100152705905038;0.007451905708182415;-0.0009594743115874759
0.003748356045597828;-0.002383091853211892;0.012176021146911074;0.0005035240516947253
0.0012728338712361016;0.004756052064094065;0.012726348689923075;0.0009271437696454386
-0.0004967695514645487;0.007927368673299323;0.00871180475375157;0.0008843281099932808
-0.0015313597920957038;0.0064954961660156916;0.0022375971293004536;0.0012521555369893235
-0.001963472187095184;0.0016623047767168116;-0.0034968515702487905;0.0020948677963437945
-0.00201709837631717;-0.004205123401095086;-0.006087806701577619;0.0026894159623583086
-0.0019164911839801165;-0.008698214793022423;-0.005099545900421614;0.0023561808760730837
-0.0018126643211046377;-0.01037902548858152;-0.0019292764140105966;0.0011347745298740533
-0.0017570804701746631;-0.009200286684947427;0.0013173384279405228;-0.0002612784180557586
-0.001723565430608892;-0.006222814982916738;0.00306821840662469;-0.001017433678281933
-0.0016547139641722938;-0.0029021169178744793;0.0029054281748935947;-0.0007556626795522099
-0.001504121041863863;-0.00038100315974368127;0.0014060411554955284;0.0003306501763000945
-0.0012575127171763289;0.0008797567289610493;-0.00045585686469568965;0.0017126604856413858
-0.0009315238538753915;0.0010593034245958925;-0.0018885606985867972;0.0028752879058772654
-0.0005592013705185642;0.0006742878090435645;-0.0025688819559932722;0.003549959875471461
-0.00017371113723850694;0.0002410923623632664;-0.0026102588476716046;0.0037518331063120863
0.00020187903875265703;6.397061174104837e-05;-0.002347496448070393;0.003673182607089929
0.0005566139324746653;0.00019413606768380176;-0.002104722878248284;0.0035351396543383228
0.0008878109601461364;0.0005121376780557397;-0.0020562910590417203;0.0034806788068174168
0.0011953943925822452;0.0008502793047476628;-0.0022066150761474996;0.0035413987372104336
0.0014776571292688108;0.0010870429868086043;-0.002452562858423928;0.003665151473717358
0.0017297793210919671;0.0011845151537383152;-0.0026701312214532937;0.0037696948935987467
0.001944670490546073;0.0011756786180642197;-0.002779092595054045;0.003789732708724366
0.002114831462820126;0.0011264184442942669;-0.0027662279104232693;0.003700370340212806
0.002234005930781583;0.0010967323594050981;-0.0026719783468474615;0.003516695342398657
0.0022980156553901354;0.0011153177946941228;-0.0025579024443285353;0.0032789575078486163
0.0023048464764821187;0.00117107993675875;-0.002473349102778309;0.003034160451779869
0.0022544214784348555;0.001219569707768366;-0.0024343209450974255;0.0028209367845079413
0.0021484636817233243;0.001201535998001242;-0.0024206726619659938;0.0026599028037348747
0.001990539513790597;0.0010706126007031089;-0.002391777318166117;0.0025493561566357716
0.0017860330366219856;0.0008238899829024481;-0.002315156675407639;0.0024665278377756614
0.0015416725160946638;0.0005227463953039395;-0.0021965565940062757;0.002375671019855862
0.0012644432923206877;0.00028664930552680756;-0.0020949829816341945;0.002243472629052825
0.0009602124105512398;0.0002469681235561796;-0.002106504758827542;0.002058371664336962
0.000632898954218802;0.00046574216865615594;-0.002310865650151558;0.0018448169387754072
0.0002851688789608046;0.0008520854285538953;-0.0026958418836844017;0.001660321641485291
-7.890053369801258e-05;0.0011320191487915634;-0.003098542047876048;0.0015670307875815604
-0.00044996319396454104;0.0009250729170332196;-0.0032150337281494196;0.0015824269942283594
-0.0008105684400174189;-6.257343556255408e-05;-0.002712593205222891;0.0016320174464982608
-0.0011363137583865629;-0.0017977879854894835;-0.001425826347301157;0.0015401105030517599
-0.001403074383698418;-0.0037795302321150474;0.0004541456707626129;0.0010898524280802996
-0.001599577461560144;-0.00515335589403383;0.0023335187484943365;0.00015227462548211135
-0.0017407008507331922;-0.0051203752733547615;0.003408742381758242;-0.0011685827461909498
-0.00187377818749025;-0.003459678288638163;0.0030514330191636833;-0.002479383183820272
-0.002070017222578061;-0.0008220144498649123;0.0011760320348611615;-0.0032429641809758156
-0.0023981154986310927;0.001465508976318085;-0.0016516921282649102;-0.003134054953326504
-0.002888073300544959;0.0020398144174149564;-0.0044600296532652925;-0.0023780498655118546
-0.003504480855849872;0.0002528237559648906;-0.006354254673230624;-0.0016777628817904343
-0.004148421602895775;-0.0033850078551377577;-0.006976635988313981;-0.0015807443038553454
-0.0046911440248406325;-0.007348658102490931;-0.006650909521375665;-0.0017718088002980062
-0.005023100237034123;-0.009819642562752567;-0.006050954248217088;-0.001107276547660211
-0.0050940010545909575;-0.009634311684087153;-0.005558043252536623;0.0013543528489609296
-0.004925526404801053;-0.006908116659758526;-0.004795487665344561;0.005111944080820129
-0.004593006739753194;-0.002925570537475363;-0.0028228190551104386;0.007995459867412907
-0.004189485452657157;0.0006369901070587989;0.000987164018093929;0.007469236401004492
-0.0037943224152156402;0.0026138641217992088;0.006008503073914469;0.002664517314212732
-0.0034604500007726774;0.0027846275614772016;0.010249837576223041;-0.00448137429705539
-0.003216700956353717;0.0016710022721704687;0.011419993216124158;-0.01012757723234302
-0.003071771076407206;1.3074704203123974e-05;0.008478853125937401;-0.011033737186528086
-0.0030127355107973626;-0.0016265749610808468;0.002451728398620494;-0.00678921946091795
-0.0030042339905536524;-0.0029207459530054816;-0.004128827294603953;9.372814606307787e-06
-0.002998700391076144;-0.0036093534436181913;-0.008685526261579606;0.005719695971414434
-0.0029586757330948422;-0.0033697066869892533;-0.009922718637587192;0.008094172656682384
-0.002879065821227107;-0.001899440125696588;-0.008267524916087367;0.00733500796545872
-0.002792597120456682;0.0008464411184363183;-0.0053536650817104965;0.005263432166580016
-0.0027506382992223835;0.004482743474560981;-0.0029851440869731205;0.0036191263969137613
-0.0027888655217097836;0.008248564867545896;-0.002177819339083171;0.0029072920514616823
-0.0028997817397792736;0.011266544736266622;-0.002754770221576942;0.0024756569645537647
-0.003030380648841928;0.012860264848403668;-0.003655238016736164;0.0014731661217781957
-0.003105545331605326;0.012786815661739555;-0.003720389908281353;-0.00022671930302719335
-0.003060694789006835;0.011301468244355174;-0.002444877315388558;-0.0019027264142974824
-0.0028631234554026643;0.009031519939248916;-0.00022553649030035943;-0.0027236554065631986
-0.0025108044529784;0.006704232338633058;0.002001574780721859;-0.0026496286642040895
-0.0020120413448275775;0.004850164919154942;0.0034106759099882572;-0.0025940440767596783
-0.0013606051291573966;0.0036432433137700243;0.003713875807119426;-0.003553376729466487
-0.0005237558627735138;0.0029836654768125533;0.0030818472412608286;-0.005397591497608306
0.0005456012473060021;0.0027698549026602443;0.0017430678965202424;-0.006512568503155914
0.0018724619625733105;0.003135088390374931;-0.0002480454835392421;-0.004946362717040249
0.0034100972229492424;0.004399924865602707;-0.0027955162998693148;-0.00038114885149105165
0.0049991132012203515;0.006676050362738451;-0.005389029326846603;0.004854699348801177
0.006367553904627444;0.009336158035036438;-0.0071168565079027446;0.007175489857845415
0.007205180054736161;0.010758822551383164;-0.007151250944464477;0.004921745122347594
0.007317747517197303;0.008739430219171555;-0.0051653558607065485;0.0006022017648653258
0.0068087406361061;0.0016627710434712843;-0.0012014784975111217;-0.0004044219028406915
0.006178585732346367;-0.009996673638195208;0.004715769648699371;0.005613215063497801
0.006225565589262138;-0.022806619435693447;0.012405716254816367;0.01654764304354857
0.007709337321890707;-0.031178955271111194;0.020583627959549978;0.024865607447530066
0.010879216447079508;-0.030073495438464604;0.026249868141691782;0.023286613471485328
0.015102402914007572;-0.01832669250785441;0.025909270989920397;0.011479840226433339
0.01885208294297219;-0.000293344360027714;0.01839697770394196;-0.0024410466111576927
0.02017119110637928;0.015832548385230405;0.006726426072665661;-0.007882136216270147
0.01746301726939458;0.022443782492033864;-0.003479314032445774;-0.00046838902854880713
0.010238908555141934;0.017014624233957328;-0.008092746129059076;0.014302047626002729
-0.0005526662433130065;0.003638072807979172;-0.007335334836745626;0.02581138941879632
-0.012767718114326627;-0.009570276243127281;-0.004723213820486071;0.027117625422244815
-0.023744908316577547;-0.015502333468016525;-0.0034583675674835328;0.019861236480407947
-0.03111775257167629;-0.01210731102202899;-0.003905088428543603;0.011256804210424241
-0.03345834482557989;-0.0029022803128229044;-0.004130694405882206;0.006677875626815515
-0.03056646693699241;0.005962895516348481;-0.0023368345248305764;0.005153519128453885
-0.023372843545522035;0.009719773939330066;0.0012932360594967317;0.0016122002285157851
-0.013552704120759925;0.007397089284400871;0.004740742219212595;-0.007073569339194828
-0.003013718614957122;0.0014986485010576316;0.005852522196529223;-0.01834261699243204
0.006569503635346892;-0.004216531549433628;0.0040297898932892436;-0.025766022176872384
0.014048347646039114;-0.007035806458382769;0.0005651266163252079;-0.024493105287093184
0.018882077254245903;-0.006317580519851503;-0.0024742508782414595;-0.01558163027886043
0.021058355379228594;-0.0031075818850463846;-0.003764280765329116;-0.0057065102508967545
0.020941916403318616;0.0008564830708948243;-0.0034300570073667954;-0.002416387783622158
0.019120433031240117;0.003939560951333255;-0.002551808248030102;-0.008468456806098605
0.016269994381489444;0.004991928181742721;-0.0020969603385920525;-0.019522276608315892
0.013034401441221246;0.0035552775036716533;-0.002248597951348115;-0.02700769585321056
0.009918312173757047;5.0361659438557675e-05;-0.002579559629466643;-0.02411467196455212
0.007213171864568088;-0.004202547015677737;-0.002721430215778917;-0.01059982685101294
0.004977876085114095;-0.007356490945377019;-0.0028261839430373764;0.006904945397165295
0.0030782927433671715;-0.007770905872017805;-0.003413481888670338;0.019155477443521602
0.001269364675714707;-0.00475640487872619;-0.0047810748716312695;0.02015564590478488
-0.0007041057741558511;0.001070168739545843;-0.006529423917182463;0.010726320730028252
-0.0030095181651391737;0.007975935750456504;-0.007638599982907365;-0.0024696275996298426
-0.005651462213980597;0.013697946337403876;-0.007064831413240075;-0.011598255987511094
-0.00844101117053282;0.01615427941982061;-0.004427838421524384;-0.012649431851580824
-0.011025481595454485;0.014079081052727246;-0.00034501821296905704;-0.007295177725088029
-0.012976621661008254;0.007462438100559201;0.0037712456426400908;-0.0006670710527684129
-0.013911447448454997;-0.002320394009279299;0.00636979008612367;0.00276117138266638
-0.013605686097235784;-0.012780133458044445;0.00659150467561621;0.0018449046612562395
-0.012062384534641982;-0.02094962953984864;0.004834809940871613;-0.0016556740840750724
-0.009513227505295261;-0.02423345072812585;0.002612948665531741;-0.005373270012346834
-0.006350291605291892;-0.021309167035740085;0.0016367711760595831;-0.00795471575354548
-0.003009274954396781;-0.012882714599941622;0.00269083735700904;-0.008836511262612506
0.00015006821226435312;-0.0019108161124945149;0.0051585040746089375;-0.007389496851991132
0.002908697698411731;0.0071864553843306025;0.007549903925131052;-0.003221767523070259
0.005164023204299126;0.010378863443444533;0.008520571110608298;0.00246125495757911
0.0068401394402912525;0.006164022341147977;0.007574487322473307;0.006517975535106852
0.007807735788473501;-0.003328790241466629;0.005163721329941641;0.006012723062541353
0.007887184950142007;-0.013188764197635426;0.0024243607839286186;0.0013550352086318575
0.006947049571570409;-0.018228375779089933;0.0007209950727381373;-0.002999501608727501
0.005034534447774394;-0.01567332538522346;0.0009921047796178132;-0.001915548157702263
0.002445086912404422;-0.006406442137334975;0.003160047805337657;0.005567772218605768
-0.00032256828350102714;0.005829561010535367;0.0061322579393865385;0.014560311176601904
-0.0027082163392492045;0.016498315181779247;0.00847662147921688;0.017811447076120927
-0.004260741515583967;0.022251187092003563;0.00912594298880288;0.011474075275497351
-0.004764083650805362;0.021926944351210037;0.0075390090452539535;-0.0018186359090741637
-0.0042753502189914515;0.016484473171544018;0.003591874824669902;-0.01492224307882124
-0.0030748336555117863;0.008255282499996753;-0.002216187428521052;-0.021214139741375645
-0.0015591615256187244;-5.4072116162451735e-05;-0.008421714473971071;-0.01862788987526064
-0.0001184595252465295;-0.006286324775858256;-0.012917266541027749;-0.010039964100810359
0.0009640258072413599;-0.00943279705057651;-0.014096275253470153;-0.00047623045434950226
0.001559215185484465;-0.009732617885662471;-0.011890153111371083;0.006250190242735057
0.0016763875385036862;-0.008272305469858856;-0.007714886528962265;0.009077340639975541
0.0014038554732432743;-0.006313456808772917;-0.00340285360898232;0.008926476327585949
0.0008424802730629133;-0.004697849406926272;-7.516941759666151e-05;0.006942506654476963
6.17439997108406e-05;-0.003605917405276715;0.0022108789020278165;0.0034599455721058985
-0.000910129538442626;-0.0027320883910107903;0.003955712660258553;-0.001569740631590266
-0.0020658761935631606;-0.0017114115123051579;0.005410939106324542;-0.007394950426632999
-0.0033820061020584627;-0.0004950316859179628;0.006167860462837702;-0.011972756594244906
-0.004784097011558928;0.0005908384568661489;0.0054558418082206045;-0.01298570954705721
-0.0061351508088779;0.0011465388732353834;0.0028703736826053623;-0.009681460725972212
-0.007258718677087636;0.001130440322534445;-0.001081483998395923;-0.0039008807307361203
-0.007989799411849827;0.0010652153871070669;-0.005053340688639387;0.0007984175962869743
-0.008228653766984643;0.001801631389106444;-0.007507063872151252;0.0014781862502600935
-0.00796938110774224;0.003953744620045104;-0.007511208427938769;-0.002033173501530558
-0.007290405643306249;0.007404508919913275;-0.005203948794297255;-0.0067829753992998225
-0.00631655120774848;0.011256977574610794;-0.0016725634647053935;-0.008528766268229512
-0.005174503460064289;0.014270995179581556;0.0016343350124243788;-0.0046623816074765605
-0.003958757519267821;0.015487658933056224;0.003584636878801326;0.003713786576336165
-0.002713992895720456;0.014664491039233528;0.0037559324814012912;0.012079297396476986
-0.0014346100188979112;0.012296350743539861;0.0024045537154300674;0.015177398066549873
-8.219346265658223e-05;0.009248902771415159;0.00014042945003821657;0.01044911892346758
0.0013824645659857818;0.006269477769331171;-0.00242641176115164;-6.979293966852468e-05
0.002966315828267977;0.0037005716980434335;-0.004829087530621977;-0.010769499475319896
0.0046285038007108075;0.0015340158481112081;-0.006623697706150575;-0.01585802020459928
0.006290201242559666;-0.00031819671884000876;-0.007240276573772611;-0.012944903464116296
0.00785878162526422;-0.0017899043744844963;-0.006158537284859887;-0.004430945923642161
0.00924752365273166;-0.00266164742182352;-0.0034393901524978924;0.004261297392858357
0.010382112323011856;-0.0028034084394975016;-9.896384803573001e-05;0.008395603115809416
0.011198585219299312;-0.0024536783410310493;0.0022913344755407603;0.006920626013359216
0.011640370869717987;-0.0022498170306912866;0.002723781936534491;0.00265619062792911
0.01165787464643872;-0.0028692194947537736;0.0016695211511327383;-0.0002268071187770638
0.011212435442224002;-0.0044581607429153665;0.0008123512674184027;0.0006904064585793523
0.010288381334035236;-0.006299397291295582;0.0016395600270365342;0.004670232538573503
0.008913748860880956;-0.0071092295551695535;0.004068970730073361;0.008797945819642933
0.007178277905742355;-0.005886427627184237;0.00637607446240328;0.010200418899332413
0.005229160834135145;-0.002721456861308661;0.0065589032678694875;0.007735373641755511
0.0032355410581724766;0.0010806014963300867;0.003973757951360624;0.0022320842641962244
0.0013369075372803194;0.0037127467460154762;-0.00016380219522921227;-0.004295091065711325
-0.00039300771245010126;0.003932282845175723;-0.0037472720376915385;-0.00952479229093717
-0.0019426144559276095;0.0017498165943809468;-0.005246943472603708;-0.011443702564645289
-0.0033225580517245628;-0.0016735269856900422;-0.004453490136935809;-0.008988835250990243
-0.00451875439373679;-0.004750457158141954;-0.0021648411761061165;-0.0027892426529459984
-0.00546970605722878;-0.006286213591056858;0.0005547039324559317;0.004624531450760414
-0.006077994521549325;-0.0059457384837240225;0.0028202753598385987;0.009847544831642258
-0.006241944341317731;-0.00424195523801947;0.003984364548913163;0.010590227617570011
-0.005886311536361471;-0.0021738174863285124;0.003691404986013005;0.007204737655542868
-0.004981260729086818;-0.0007186562314725842;0.002116250051266771;0.0023455470584695932
-0.0035534470236191083;-0.00035522209966618197;9.039245785359266e-05;-0.0011287876053449064
-0.00169789041962656;-0.0007851004960909555;-0.0012508694591382105;-0.002261055689807461
0.0004098120274527209;-0.0010415020958841517;-0.001206026701853119;-0.0023068344615838473
0.0025161686626758942;-8.519712457886214e-05;-5.41751459585632e-05;-0.0031478154160848757
0.004326213044081046;0.002326087731122651;0.0011374651157588385;-0.005438542344200209
0.005574386404293695;0.005073973382081108;0.0013963883564692863;-0.008174865868833142
0.006102186954334329;0.006009545652930449;0.0006862295956773812;-0.009849326982530692
0.005903146405665685;0.00322657091045384;-0.00010133469099702214;-0.009893537679650961
0.0051129956608830405;-0.003417015734038875;-6.72459919131855e-05;-0.009028261563211072
0.003952272797051271;-0.011575010112551291;0.0007095765157758093;-0.00830262113217314
0.0026465383588511345;-0.017183124183701284;0.0011045398088236713;-0.007845216766403878
0.001350938456241785;-0.01655140291983198;-4.347806890146929e-05;-0.006581682387264509
0.00010194152087397544;-0.008684267317779635;-0.0026929665783901094;-0.0032148818010023983
-0.0011825633935716887;0.003665211612411759;-0.005267859652510991;0.002430976727354036
-0.0026412133238483395;0.015117052806652266;-0.005689052057818229;0.008865286331642458
-0.004360615352766729;0.02048341713802552;-0.003078892134240877;0.013614385126728662
-0.006277076446878543;0.017581878630044227;0.0012321468971077752;0.014700479934374356
-0.008155772008760711;0.008290413430944232;0.0043341837823335375;0.0120022017863987
-0.009667971675565854;-0.002699929340052245;0.0036822865467163175;0.007490146325191933
-0.010519526555743597;-0.010487298480341937;-0.0010251597245291761;0.003907198039850805
-0.010554093915856605;-0.012307736605830132;-0.007433644944604842;0.002751714337523857
-0.009780020895287574;-0.008449900614155077;-0.011959371481781349;0.003281714849812884
-0.008322323790995376;-0.0015400324475584903;-0.012146832384662704;0.003481206044618865
-0.006341488623809922;0.005106072101229783;-0.0083745411618007;0.00209256528357085
-0.00396800083319494;0.009030018048019884;-0.0036432594716254594;-0.00019507596489495328
-0.0012817057428371114;0.009378577314209616;-0.0014182398539132873;-0.0014808130475470723
0.0016636609213971185;0.006777677815196488;-0.0030408226599993203;-0.0005531158748070002
0.004793328660215066;0.002665617137859146;-0.006782543884975551;0.0018749060894948759
0.007971566568714356;-0.001492300646247933;-0.00932839750295778;0.0037252662406869665
0.010989653591151683;-0.004756271842044851;-0.008386337427491812;0.003307625891832471
0.013586691796474976;-0.0068467373396610565;-0.004307347892058007;0.0006628221040679326
0.015495380454070845;-0.007914824758525747;0.000327548952482024;-0.002537763597016403
0.016496961465029304;-0.00819424429562271;0.0025876185844822862;-0.004276002164134988
0.016466718446898166;-0.007803347625202962;0.001168908771173047;-0.0036033673905411087
0.015395325161642916;-0.006799408299790448;-0.002756641561620899;-0.0012291904168391374
0.013381331986596105;-0.005346665257325546;-0.006319905142395093;0.0010384879553233762
0.010601209353885388;-0.0037506506618157557;-0.00687133527840818;0.0015567042995115793
0.007269953217605882;-0.0022514657308265033;-0.0037745316272585973;-7.960600648874079e-05
0.0036053504178648593;-0.0007456118465553449;0.0011345616335898662;-0.002869139494252729
-0.00019539988535573823;0.0012413784963449315;0.004716478962648067;-0.005173291864800236
-0.003964140416161438;0.004165783109139622;0.004526667309243609;-0.00582791014730402
-0.00755835537665052;0.00787542301347524;0.0003451342334623605;-0.00484315430189086
-0.010851888658606045;0.011302121538684007;-0.005705197124185956;-0.003240347672567261
-0.013725163514524297;0.012791803729594637;-0.010447784912893656;-0.0021182273007514982
-0.01605838892870698;0.010972923980479837;-0.011443415464298019;-0.0015862136149784921
-0.017730534476216614;0.005646679252911472;-0.008170995712491346;-0.0004484003489626594
-0.018627052369373672;-0.0018734825057856207;-0.002055965524744364;0.002863237711812031
-0.018657825280680922;-0.009203004646149067;0.004446838430784286;0.00859536524904717
-0.01778151104036701;-0.013871635738204694;0.009135035006614127;0.014601213981283603
-0.016025670163784977;-0.014366442324979585;0.011102245140462598;0.01713292765355173
-0.013491308222083715;-0.010788309615425467;0.011018569227320715;0.013345438650386352
-0.010340002395510547;-0.00485783146936876;0.010378699010920492;0.0037260509477053134
-0.006774207774818102;0.0007637324986763049;0.010115306112823214;-0.0076219386322579725
-0.003024091194873459;0.003597088887994869;0.009699196098628838;-0.015311238222057632
0.0006559212017363175;0.002446603005292034;0.00767272783626207;-0.015917140605152185
0.0039909595259685696;-0.0020299262255476496;0.003241739469978319;-0.009709776028206997
0.006703072682143763;-0.007615720493510058;-0.0026146150780497622;0.00013531136292905876
0.008543716454528293;-0.011610357760503103;-0.007629693875616926;0.009691051143113775
0.009327889490710468;-0.012116349824658772;-0.009852729435937515;0.015946584718093525
0.008959216624634635;-0.008814301027387138;-0.008937678679826847;0.017404267432246427
0.007459885081460524;-0.0028804302073358067;-0.006188949169636635;0.014287962559441288
0.005032038827318853;0.0037270517426778137;-0.0035318038859455804;0.008653724023496937
0.002142120696658157;0.009109226657943182;-0.002232594718358914;0.0036963151224630383
-0.00044408932700566684;0.01203941809218318;-0.0022149023868552097;0.0019050095733191932
-0.0017749709705727431;0.012270813965189415;-0.002398436153922108;0.0032525197733174714
-0.0010185462870580513;0.010535104815660817;-0.0018082956898763654;0.005240721988230072
0.0021187930352123377;0.00814674197762248;-0.0005503086503619481;0.0051869547045381385
0.007056266107071026;0.006261817986610248;0.00038040941268357054;0.0028171184681448306
0.012309802448822845;0.005229876399814225;0.0005628448551241137;0.0005286556711490877
0.01588947060567722;0.004588576385346675;0.0013521810269656615;0.0007825012794632213
0.016028331969734275;0.003751028742695837;0.0049175219583544325;0.0031537714511519917
0.011931427167144728;0.002770062763952725;0.01153607269791342;0.004301823451273444
0.004171567034829398;0.0024340801829100867;0.01822363916935982;0.0013747866705495593
-0.005470995587630995;0.003542737871907609;0.0208424761856117;-0.0043357166791171
-0.014635121788651707;0.00600682148674502;0.01781442185272165;-0.00753823813899938
-0.021170322715492264;0.00862459458907925;0.011537971523462377;-0.0035758355864698574
-0.02376812042926318;0.009778545552411585;0.006190628557021287;0.006470173228396972
-0.022232334527471687;0.008492661572600719;0.0043841912350059955;0.0153672304106672
-0.017361250946193733;0.005025781971149041;0.005679613761799375;0.015065149303735165
-0.010556466967459755;0.0005930011231359627;0.007542781961928482;0.0034677447123495457
-0.0033429557720049898;-0.0034903669709906646;0.007369803322009027;-0.013065973113079983
0.0030247314226143096;-0.0065182648593479576;0.004181356134546614;-0.023725225980608302
0.007769309623388109;-0.008428177506774796;-0.0007575136451381658;-0.020945888515791856
0.010607755367569562;-0.009285286051893948;-0.004706758730529624;-0.006145792140277502
0.01164586326755664;-0.008855127186190982;-0.005316962045460119;0.010928863535271754
0.011234323586985884;-0.006792202768696043;-0.0024016305240315053;0.019036940557793928
0.009842909545334396;-0.0033257922099006673;0.0018272143293560775;0.013474483312481486
0.007967008165381753;0.0002727660692851906;0.004407026467838873;-0.0007134973361067077
0.006053800262361823;0.002120862438589736;0.003845413093842461;-0.012662962592687121
0.004437882377605032;0.000990912378872333;0.0010457492099690215;-0.013682370523375285
0.0032951057381756794;-0.002506575181650728;-0.0017442957404394776;-0.003400176783611307
0.002632503889645705;-0.005896419600400657;-0.0028834159059653924;0.010206843542007517
0.00231855770208447;-0.006228595662238368;-0.002460560562543437;0.01666957100062785
0.0021364239957154143;-0.00200026685643986;-0.0018024989969310306;0.010496385137458262
0.0018394107580376004;0.005747212518853249;-0.0020667061438390164;-0.004917271745734412
0.0012073191923347615;0.013902878751599223;-0.0032639033234596057;-0.01952518918640527
0.00011597485484356225;0.018934295892592226;-0.0043880978654613385;-0.02342474694033637
-0.0013872822695629782;0.018598808605283075;-0.004238962427376677;-0.013615432396973728
-0.0030465304402874913;0.012817460037234656;-0.0021918035420800527;0.0038423323766341405
-0.004448155428322792;0.003537815472983507;0.0013724384052552065;0.017793674998142116
-0.005160762997647915;-0.006104337136540012;0.004982218546776635;0.019461326168778603
-0.004902542975623711;-0.012970053606725884;0.006535738783668743;0.008297220773366256
-0.0036531247730377425;-0.015102796835828181;0.00444566997159032;-0.007890763480030214
-0.0016586756769723123;-0.012459742369656796;-0.0010594976445872698;-0.018543279388653335
0.0006663996168745258;-0.006808080039977306;-0.007521146626365981;-0.01744109618480735
0.0028920832879091216;-0.0008332486568035697;-0.01132287265385087;-0.006100120781268371
0.004708625976829433;0.003035644491728486;-0.009710675468575247;0.008455918419710206
0.005983805953331162;0.0035033751045865824;-0.002450826383895858;0.018949032518387168
0.0067224270746805625;0.0007214679441508872;0.007917952450121507;0.021802494977579655
0.006967190066240553;-0.0038859539945735795;0.017332120281686212;0.01763078567976298
0.0067158349859667045;-0.008123476759244542;0.02222096116514715;0.009380551989084236
0.005915101836735786;-0.009805533853912377;0.021221037894856302;0.000335138191549918
0.004535775021530629;-0.007722691915406823;0.015610429274885944;-0.0071185433996613255
0.0026733215492618784;-0.0023693661340046727;0.00817322247129231;-0.012254014837686919
0.0005965672519600727;0.004156469317781097;0.001385497478178112;-0.01619140017748829
-0.0013023658467716324;0.00921647623687851;-0.00360516142100403;-0.020841983951946037
-0.0026406067189001536;0.011018275705935186;-0.00666699824874968;-0.026882974478480978
-0.003189969665075088;0.009399962772007862;-0.007930781537710123;-0.032473835248804324
-0.002956938198563292;0.005605612947631037;-0.00760561177407954;-0.03416378598399626
-0.0021592623982991414;0.0014012210731576108;-0.006242956848919132;-0.029408458747926674
-0.0011221976567702503;-0.0018258659624600009;-0.004694056007591235;-0.018610325507844777
-0.00015591282792941382;-0.003559223587089117;-0.003595400238648307;-0.005162662329808192
0.0005312759997794376;-0.004141916490382888;-0.0029583464540959355;0.006327410940989748
0.0008632648634538098;-0.0043844661316879115;-0.002328561841085125;0.01233352081576822
0.0008776410744492599;-0.005032886412880207;-0.0013299657444940005;0.011923141580094578
0.0006773302548913083;-0.006349307487291931;-6.825045136440762e-05;0.006877792594435995
0.0003742108921986813;-0.00797321691156264;0.0009057779613559251;0.0005737757550427757
4.442179716673283e-05;-0.00912406897996069;0.0009862163931658294;-0.0037252871111413434
-0.00029217943145479745;-0.009083138342402021;-1.934103870683902e-05;-0.004348286455571818
-0.0006653500875583986;-0.007715952358125185;-0.0016330537232618796;-0.001788131659198713
-0.0011255676691714783;-0.0056791582599205834;-0.0028794000755578797;0.0018899455074012953
-0.0017044304580699765;-0.004096506019149597;-0.002864165529235237;0.004434324086321408
-0.002381075765672036;-0.0038571688833780237;-0.0014015236127633683;0.0047381618246557285
-0.0030717087656439487;-0.004987539731530003;0.0007620542148129851;0.003314495273922145
-0.0036502380336376344;-0.006525102132884112;0.002304992518771269;0.001672242988283453
-0.003991685394347223;-0.006999500914583257;0.002085429740199635;0.0010436327193228563
-0.004016884552077075;-0.005241219583022055;-0.00010633720496556367;0.0013834872864974587
-0.003715904327080988;-0.0010520966396439992;-0.0032514417703897055;0.0014785188936613835
-0.003139788237007591;0.0046300982870174845;-0.00554927606866749;0.00017801422769402514
-0.002369711005971511;0.010145493189570653;-0.005469899007700525;-0.0023020649924143126
-0.0014865210078726613;0.013844404711771374;-0.0028121587981900643;-0.004261773314152569
-0.0005594209551512615;0.014725835132401652;0.0009686068569656923;-0.0038204683484574257
0.0003466674277994522;0.012717756277845448;0.0035111141302354675;-0.0005503746016430957
0.0011617210217712071;0.00858897173127539;0.0029776272735973033;0.004003254207122668
0.001814429379693644;0.0035915808186499786;-0.0007880077814589984;0.007423546452476634
0.0022480875672230664;-0.0010236307641346457;-0.006140717381374707;0.00823296171964266
0.0024341596986347308;-0.004375483548872114;-0.010548713686096051;0.006842935415141332
0.0023733671823696467;-0.006004472667828837;-0.011921053142860183;0.004866881518458666
0.002089285662674361;-0.005709348096304929;-0.009657084860103525;0.0035819126471054205
0.0016255051027943474;-0.003482972506033465;-0.004942787035664902;0.0030448547896835434
0.0010474014457306196;0.00031212119218119446;-0.00011021402005947998;0.00252018828538931
0.0004377758944880973;0.004742325367642301;0.0026654764715615797;0.0015107751144007784
-0.0001219622950334007;0.008413227165721321;0.0025768362331000305;0.00028454620000960235
-0.0005785528908158562;0.00999578429451188;0.0005171417643547512;-0.0004467627282385795
-0.0009237178081670523;0.008906251693317999;-0.001667782606406578;-0.00016622719379680761
-0.0011874597391194788;0.005704345975841897;-0.0024568994266885177;0.0011186003843544248
-0.0014108528667235094;0.0019352343580112228;-0.0015708740454849729;0.002944466072156437
-0.001615744805701088;-0.0005200904342842639;6.43697232882617e-05;0.004548208773458619
-0.0017895065914521606;-0.0002789854730508886;0.0012091895573647041;0.0049605233790311854
-0.0018918595051916095;0.0028629516431843585;0.001350915444323221;0.003281733570191819
-0.0018775726055386302;0.007652120637671139;0.0010951906979961919;-0.0006238810815667698
-0.001720350533223234;0.011632669853909256;0.0016275019031380218;-0.005354293560558311
-0.0014226421885528825;0.011959969390348345;0.0037034176664781215;-0.00801881832881895
-0.001005822691903418;0.006637048221550615;0.006953437490841542;-0.005738522469301383
-0.000491911861197542;-0.004190119682522669;0.009932610159011026;0.0020149073910569444
0.0001019630582178172;-0.01750299399585054;0.010739572566466012;0.012053222722114686
0.0007442540005506621;-0.027964209948917698;0.007815066101771238;0.01868914101120913
0.0013555078530543634;-0.030058056966559797;0.000745067379447191;0.017295548269053305
0.0017878277384756063;-0.02109542553695425;-0.009026839232240583;0.00783803542476419
0.0018410158777838284;-0.0033489896494318075;-0.018032359114514045;-0.004478007308464233
0.0013200918912968282;0.01634587708590707;-0.021862414484026513;-0.012435080187213772
0.00011627323264183001;0.02970779143394283;-0.01756544941937292;-0.011889850588206304
-0.0017231814000176308;0.03116319457635236;-0.006083599794825506;-0.004888203181994733
-0.003972992533110581;0.020581213353579958;0.007264033482150946;0.0019059623159565905
-0.006274464632641772;0.0030357991327248273;0.015262242291862304;0.0025089390094989814
-0.008234885712538538;-0.014052097718701242;0.013047942181035799;-0.003663988314660497
-0.00954257717274844;-0.02450755623950173;0.0012838045862095426;-0.011642593064676503
-0.010045613008567234;-0.02571733066433063;-0.014072231582363249;-0.015225238080552659
-0.009754691707062469;-0.018802781602171907;-0.02530863346137996;-0.011824109522322247
-0.008772654217752432;-0.007190220884318708;-0.02741228745695943;-0.003889666867128271
-0.0072002225685245;0.005180749283852476;-0.020591724709095344;0.0036491476551712104
-0.005080292713408399;0.015062269620626843;-0.00948527996892367;0.0072646573506164065
-0.002411455658900678;0.020377324404386093;0.0001400303740531356;0.0068525445942425635
0.0007873864660242682;0.020356853156404828;0.004829675565928297;0.004751230898024896
0.004410437594024745;0.01559254169392635;0.004789223464666834;0.003178512968023623
0.008240096314375365;0.007877985284031549;0.0026797239623753445;0.0024821817827265654
0.011973648099765012;-0.0003535682010043503;0.0012761445010922635;0.0014275893373241187
0.015279733585832156;-0.00687884091311572;0.001794587387426349;-0.0011774176199298692
0.017856528716547186;-0.0104329989515723;0.0036662536118996928;-0.005114637687879542
0.019477210169285802;-0.010995189859988139;0.005386074644185112;-0.008683216630378583
0.020020119411884304;-0.00950004126869469;0.005642990124080229;-0.009807529139826177
0.01948063905383958;-0.0071717184788828115;0.0041133572788883055;-0.007428686935056062
0.017956696099782066;-0.0048818790108802095;0.0016289377935318737;-0.0022387447356326043
0.015602827537561282;-0.0028826429439037953;-0.0002986291724417024;0.003685723317000353
0.012563785518972073;-0.0009792958872020755;-0.00038209015980465835;0.00811098562922797
0.008919886061736134;0.001076460371276737;0.001567331596154463;0.009935889368644198
0.004686301541213465;0.0032613952056226064;0.0043701598701901415;0.009638191717366042
-0.00010725687161782549;0.005185329728921089;0.0061195310096430235;0.008527621182553187
-0.005273366105185533;0.006226401627437357;0.005409222387957687;0.007396572423110108
-0.010331055419233136;0.00581551683999136;0.002301606416032395;0.005744032746397399
-0.014479749795356886;0.0037641160375498687;-0.0017170008680051992;0.0023863933239849306
-0.01676232962472129;0.0004945233672725935;-0.004828112102341793;-0.00289035984720399
-0.016411288386699786;-0.003001570779032534;-0.006240646703310635;-0.008054076063594704
-0.013257773118215969;-0.005575958517529204;-0.006713613492521424;-0.009364432806099646
-0.008004030489079264;-0.00655966465029758;-0.007626896718076125;-0.003900974625282974
-0.002171399634104667;-0.0061943465211189595;-0.009253615776237253;0.007536398943979352
0.00234413269490293;-0.005435995039918145;-0.010045074596658895;0.019684856144678655
0.003977539170381109;-0.0051691379405474575;-0.008131174002959617;0.025588060793291262
0.0021467040525927706;-0.0054748304792553056;-0.003695634746957719;0.02135107712494397
-0.0024859480325333735;-0.005656389838010453;0.0006802539057293337;0.009202313433416442
-0.008279955490060971;-0.005001622306976168;0.0025540882667739106;-0.003872368176490273
-0.013265693329000306;-0.003504891712241674;0.002291900371424403;-0.0110704352545481
-0.015864245522597895;-0.0018691182487637398;0.002681902356346525;-0.0103610488193108
-0.015386786518550912;-0.0008820442143618693;0.005827362094851188;-0.005107424010986321
-0.012156234410632648;-0.0008128317640978654;0.010778216793494125;-0.0006164776300768892
-0.007258129553345507;-0.0013218827376911425;0.014371661016366043;5.816512560924616e-05
-0.0020706445197678142;-0.0018038916767666037;0.014188126570919642;-0.002377652022051717
0.002205400253949469;-0.0017244097203306477;0.010586812121313821;-0.00511898340701059
0.004838497012795117;-0.0007057287140602457;0.006096536061444436;-0.0059046583134455925
0.005630979620027621;0.0014742734915173723;0.0031126312199347994;-0.004456218970141689
0.004821713806347574;0.004748679949158853;0.0022096762493875066;-0.0022199050721689647
0.0029217308329496498;0.008557185866281432;0.00237424097394541;-0.001176712717836463
0.0005453413046464675;0.01181940097329889;0.0023931377299996758;-0.0025871782552569548
-0.001730579537635234;0.01323611168491923;0.0017965474045410022;-0.006138705482435186
-0.0034571096940343667;0.011848150233173668;0.0007728938349153723;-0.009788137898154844
-0.004347356184741461;0.0075926627761911;-0.00030116313806279597;-0.010614984641677983
-0.004273854873511511;0.0015346880789836562;-0.0010576087131609236;-0.006653302411322258
-0.00325974025548924;-0.004404241751181816;-0.0011068831964434031;0.001211715276927985
-0.0014756081386082113;-0.008133294559586692;-0.00013171357237834347;0.008857857125416358
0.0007733956630212536;-0.008214207679032083;0.0018080001346472416;0.011055421991404954
0.0030938341899551373;-0.004487823195994506;0.004008304682637715;0.00522422096730976
0.00509021524380109;0.0017615877791128977;0.005223174234525651;-0.005908420153469194
0.006470740452381284;0.008208425178296992;0.004253525960900808;-0.015312188941200618
0.007133547536696546;0.012329260815097939;0.0007631505452887267;-0.016231108569726378
0.007195805897509847;0.012370913384292652;-0.004212123687593013;-0.007131631884820699
0.006948604286370279;0.008067890371350951;-0.008530966571263062;0.006863560293620379
0.006749892908442171;0.0008201190417717393;-0.010012970635627335;0.017338107102610446
0.006892685538635358;-0.006775757107455765;-0.007712755109222906;0.018261927120084422
0.007495298738797201;-0.011913265840928954;-0.002516805095582726;0.009776961680190432
0.008451760348560716;-0.012710900127842033;0.0033823352556701116;-0.002445912350531036
0.009461874935571732;-0.008991101860387374;0.007706075801565225;-0.011319511501606209
0.010139234973916793;-0.002325124469565257;0.009110502221020184;-0.01265793849698308
0.010167636536326009;0.004663990128792224;0.007471105314842077;-0.006961456865180194
0.009441798551628262;0.009384221021808999;0.0035775658840368815;0.0016973883609498308
0.008113472745955625;0.010267021513363414;-0.0013365915377557224;0.00814536126848957
0.0065037420695087285;0.007306958339687271;-0.006002158203459816;0.00832146496834104
0.004927064174118043;0.001985202924171443;-0.009411253974068733;0.0007764224044057174
0.003537257542848574;-0.0033807015747764992;-0.01090648059975663;-0.01230228050562144
0.0022910065851257247;-0.0066086345213250105;-0.010032505900753486;-0.02496049370847851
0.0010399288399736545;-0.006532653364353212;-0.0064345393865282005;-0.029467144554795984
-0.0003246934771958266;-0.003398125349015233;-0.00014216908102181002;-0.02059622823460525
-0.0017761172327831474;0.0013809332235787633;0.00794153189660039;0.0002564655917376123
-0.0031597431256939544;0.005925921072371284;0.015970734354135274;0.024708183835734927
-0.004282120758832876;0.008663678500831625;0.021780534110977814;0.04188277191231081
-0.005012822418410044;0.008790102057030702;0.023763390684280263;0.04480960393598362
-0.0053391175282981075;0.00632999278205367;0.021421496151625384;0.03413947653201484
-0.005356058150452964;0.001987555696615277;0.015444144761309056;0.01683123888562542
-0.005214594714843552;-0.0030225622601051873;0.007456327878164078;0.0013020385212640217
-0.005064812575391953;-0.00720963610459677;-0.00043069815267736617;-0.007309886622273177
-0.005020566108858891;-0.009240654049689061;-0.006179816667050607;-0.008916325741515239
-0.0051501111139164646;-0.008516462226386887;-0.008395883383463972;-0.006913966248010059
-0.005479700024918073;-0.00559824653106452;-0.006795826010759744;-0.005032096847123602
-0.005993481626475995;-0.0021508365420686007;-0.0024541750658478335;-0.004924546386053126
-0.006625449970550555;-0.0002752088088402109;0.0023881828940128095;-0.005859759409415082
-0.007256897172160959;-0.001469810705908152;0.005164737669816451;-0.006161944394874267
-0.007737877750968201;-0.005773287310316859;0.004329478766774075;-0.004905248615635084
-0.007935401053566883;-0.011639332121386651;0.00042142150649881295;-0.002534521542464448
-0.0077869152064790345;-0.016699948841192615;-0.004141276661477004;-0.00019727721314836643
-0.0073274306726592246;-0.019003015818566716;-0.006668674221185184;0.001394529710223281
-0.006671764023008147;-0.017956605258870408;-0.006047838075609415;0.002528694974141808
-0.005959508137591279;-0.014389835800645432;-0.003356101336333805;0.0040603396253168665
-0.0052919303122870714;-0.00977359521508063;-0.0008256378311508383;0.006438909426620078
-0.00469412314597705;-0.0052273466640887735;-9.816340185088616e-05;0.009055640928061411
-0.0041196893794312765;-0.0009935837923100274;-0.0011421473561742885;0.010461705430530342
-0.0034896837892480774;0.0033745222970529773;-0.0025388011965607146;0.00931551225111207
-0.002739974784735991;0.00835877783553382;-0.0027421261622500442;0.005370751605836927
-0.0018515393988008748;0.01381322940814226;-0.0012397091747161615;-0.00020183309595321874
-0.0008522615752365014;0.018676391914204404;0.0012341447939496037;-0.005355168311776316
0.00020464564800608536;0.021235234878494505;0.0034236390303414486;-0.00816902731033495
0.0012698166100407278;0.019889741666432287;0.004503241183050398;-0.007722201596989599
0.002316571534882391;0.014144186326587418;0.004530844596472135;-0.004480674136753025
0.003336890280627985;0.005350602737215852;0.00419278130330639;-0.00015269471715824995
0.004312823805452886;-0.0033462871321158255;0.004151313122320772;0.0029408067385156425
0.005175189733112632;-0.008172261851428877;0.0045021665183285;0.002920463014739238
0.005773513530198832;-0.006666418659175999;0.004733667487523124;-0.0004513578015981257
0.005885049048353964;0.0006405545168026215;0.004255932866392845;-0.005138957393664359
0.00527859706384007;0.010014014108140432;0.0031228160567944303;-0.007643508841423227
0.003818813905904305;0.016220719624715222;0.002258590469288778;-0.005384486922287521
0.0015618175195492223;0.015350959964331019;0.0027523574553290236;0.0007502601943236182
-0.0012182474744776549;0.007081518833828781;0.004628925699255219;0.006049701269947742
-0.00409880300317922;-0.00509520027274279;0.006207922274810217;0.004988084870475185
-0.0066423416744610725;-0.0158796982979589;0.004888232392608808;-0.004224446702566517
-0.008522502535118527;-0.021123655210115166;-0.0009555397927680229;-0.017331786971976005
-0.009581204987165673;-0.01985222770127099;-0.010303280374865244;-0.026309048034771593
-0.009803644018712483;-0.01419030184676206;-0.019431585107453124;-0.024813775506583754
-0.009247899886443142;-0.0075108372355165735;-0.023865396477693694;-0.01274297459485519
-0.007980817613009505;-0.002273461480897766;-0.021272270299282258;0.0035254857155958405
-0.006048995042148481;0.0009870357561433548;-0.013240618191585094;0.015400536380009832
-0.00348436414327347;0.003147212804707466;-0.004370420447685537;0.017772329725688988
-0.0003302402382716002;0.00525456966866787;0.0009024527562412018;0.012072556918940686
0.003327321102654068;0.0076637669713980035;0.0013859127975298406;0.004596157014610051
0.007334212916374916;0.010041348730471283;-0.00029791347994312535;0.0014456041871834925
0.01145574165178931;0.011913702463840055;-8.100391392449646e-05;0.003955577587166789
0.01538118224293576;0.01310396818590517;0.00412486750760631;0.008099773482485877
0.01874834242680787;0.013689293452414921;0.01061916685083438;0.008243094910353025
0.02118722195305721;0.01362590582646877;0.015129322721796167;0.002052518526199351
0.022375640519788305;0.012500896182681777;0.01410028127359597;-0.0075159831848341276
0.02209480938801448;0.009775535340234221;0.007481934835096153;-0.01463658600480763
0.020272897610185386;0.005425130329712285;-0.0011049996417474752;-0.015213084961341827
0.0170091539942382;0.0004038133869623028;-0.006849746742171424;-0.00984236855079662
0.012574720411660495;-0.003625432387448929;-0.006945162666234577;-0.00294959182176857
0.007385880886775763;-0.005257435137956965;-0.0021928394369851146;0.0008710222142709343
0.0019462902635514494;-0.004312954516537658;0.003935888534817264;0.00015433922270378372
-0.0032366808026935835;-0.0020285960555816245;0.007822601622754907;-0.0030293881088194145
-0.00774165294590342;-0.0002835410470087138;0.00787562028154742;-0.005413885905026831
-0.011298646675829206;-0.0004322601256847379;0.004991096656399636;-0.0052044997546953535
-0.013804994244349394;-0.002578496170788564;0.0013396332079730453;-0.0028081363121080227
-0.015288880523103123;-0.005724077475813433;-0.0013682709460895491;0.0004445100706678345
-0.015843397708770617;-0.008549557877910764;-0.0028250731977704775;0.003770417702341109
-0.015565612343764157;-0.010182157963643655;-0.003763850588625789;0.007037022846521725
-0.014526691122102784;-0.010430150042685247;-0.004883133140819821;0.009759454955424827
-0.012777940986234216;-0.009454763371479687;-0.0061308832891847674;0.010541943990095946
-0.010377183536476901;-0.007320550662723004;-0.0069069064912305545;0.007970835967946796
-0.007413381021164376;-0.003933158551756672;-0.006823538517986972;0.0022840293462710946
-0.004018614572708267;0.0005455369337665135;-0.006224097623791466;-0.0039493087016928595
-0.00037304461521255977;0.005251457975591249;-0.005991425650396837;-0.0072399155074923055
0.003288243623309636;0.00870172649917176;-0.006843911809847761;-0.0057869949982879195
0.006671434824040364;0.009511866595606959;-0.008711448679362037;-0.0009636051926037666
0.009442432338461855;0.0072577994840095994;-0.010672392553655138;0.0038198998199266403
0.011283361992089276;0.002822023688508234;-0.011487214411574059;0.00588935885689783
0.011979609245765317;-0.002046700414715461;-0.01034164853113083;0.005149832655584959
0.01150037945892232;-0.005634422185972779;-0.007308679354663419;0.003457902453151884
0.010024598068270517;-0.006999795477976477;-0.003288503794036076;0.0024764349089812327
0.007889803903885398;-0.006156820166422474;0.0004475919987922024;0.002245717533736654
0.005490064157473762;-0.003807072688097297;0.0027837810612417135;0.0016134569484407126
0.0031780920868914016;-0.0009669217690211247;0.0031088014213946297;-0.00030300105193449003
0.001212178238089042;0.0013435699516515345;0.0014551049105443567;-0.0031859220911433996
-0.00025194263898392524;0.0024083862610125794;-0.0015018585402557815;-0.00581673505881658
-0.0011521927070126251;0.0021104546408362472;-0.004587276748233372;-0.007081250413685069
-0.0015179455120771128;0.001008262700407069;-0.006476947611576665;-0.006728718203436769
-0.0014756711363438108;2.583050444571568e-05;-0.0062140655769551125;-0.005379466920903637
-0.0012462425000839019;-0.00012020433120908521;-0.0036817156394345477;-0.003943243267199074
-0.0011123991254359572;0.0006029280556230554;0.00021838942685848848;-0.002947858705291308
-0.0013382648983859221;0.0014804326539752993;0.0037873462411045994;-0.0022088569662412775
-0.002039879138889801;0.0014606082622527685;0.005086020205141559;-0.00100413733618071
-0.0030432601895700397;-0.00017748083302228577;0.0026873152835787126;0.001344052604284971
-0.0038112352488540342;-0.0032752130667520764;-0.0035790442804709438;0.004780719685379352
-0.003534859345193124;-0.006708571375516517;-0.012243969108716597;0.008193141143745152
-0.0014333746671054436;-0.008898352815341232;-0.020583487945075134;0.00990189298664677
0.0028108936589241757;-0.008726035663066711;-0.025756970750584977;0.008896226543229292
0.008681337430955097;-0.006347047810656368;-0.025950570475385012;0.005854015024396791
0.014758685234130027;-0.0033034783481498396;-0.020696343550480105;0.002768797759276689
0.019089081237643715;-0.0016799952423682187;-0.010597353242512158;0.0012231070365150214
0.019896415944633337;-0.0027114863267922434;0.0025262693151517153;0.0009178906750614567
0.016324365364011953;-0.005779725146057991;0.015124689725525735;5.613197377767859e-05
0.008837963876021445;-0.008630559603943879;0.022642371677086506;-0.0026144126409610243
-0.0009105139818248659;-0.008802439664721998;0.02219815479099917;-0.006073128233604681
-0.010663858254146433;-0.005284047583939577;0.015074624785897866;-0.00756357357548713
-0.018308161798704425;0.0007894638680625667;0.006077390538065175;-0.005257454621552723
-0.022485711607834906;0.006841342458352788;-9.627461144934474e-05;-0.0005145776352130054
-0.02288221093795485;0.010406129556948095;-0.002020707854028343;0.0027916519061538993
-0.02015095105059856;0.010497256038967706;-0.0014197114468701556;0.0015420346975352688
-0.015565893979964959;0.00798380396674717;-0.0005366364698818632;-0.0038009096587019752
-0.010568194216308955;0.004863190259175093;7.395435058810593e-05;-0.009382952498415404
-0.006372470882289668;0.002999472209750799;0.0015290789411044026;-0.010917383403486587
-0.003735416827863988;0.003124046230238749;0.004918785801948784;-0.006974886440223322
-0.0028994799012195256;0.004595832125042277;0.009664409208221663;-0.00018991099935227723
-0.003663162213352856;0.005901225537774715;0.013339289879370022;0.004406367626374746
-0.005518442307230676;0.005499057663301353;0.013197763738268864;0.0028325906153721953
-0.00781193952913693;0.00254944414859068;0.008313724771038406;-0.004814325982876658
-0.009900379587027483;-0.002751389412401467;0.0005524422978052547;-0.013779816171067204
-0.011276527141437443;-0.009258607123922761;-0.006571248201010575;-0.01720653875374376
-0.0116472315960891;-0.015253590298116834;-0.010258821831620357;-0.010572037465845476
-0.010955383157539677;-0.01894136418435406;-0.01008014662920236;0.004753481090562584
-0.009351492459694447;-0.018961161033931136;-0.007728822122459001;0.021497708067314204
-0.007132986398109059;-0.014836178214148748;-0.00535992294104557;0.03056778308735468
-0.004671059864046222;-0.0072425285336502505;-0.003995678330858936;0.026812754169341507
-0.002334359483873158;0.0020706323191360954;-0.0031656044167147845;0.012526721487882461
-0.000409945183546215;0.010785820031250327;-0.0017855990516461556;-0.003939932861564663
0.0009706093310251073;0.016797544502098943;0.0006942218217250772;-0.013682007473011447
0.001874629350720929;0.0189453712878949;0.003852019184932358;-0.012997843856402215
0.0025509946719000304;0.017401149040777875;0.006706965534260348;-0.005225721882723283
0.0033428696226935877;0.013585290649635397;0.00836624830807388;0.0025609488920852936
0.004556329768904797;0.009653428255297632;0.008358123741883099;0.0051412445566876895
0.006333603762341576;0.007691714529770616;0.006674314398380367;0.0024514083039295694
0.008577474241965425;0.008865460849154556;0.0037642187615282334;-0.0016492036079199658
0.010955520176633086;0.012889617379869482;0.0004544049716021648;-0.003263085400907106
0.012992304379783486;0.01812722167939041;-0.0023300534993623725;-0.0011674321332829538
0.014231708033308754;0.02225628368908963;-0.0038318501981052405;0.003547163653762889
0.014413382868757672;0.02308821765083828;-0.0033866841514591734;0.009428061815671322
0.013575999560283786;0.01917852375943522;-0.00024292536479102918;0.0154916463673261
0.012018739455349871;0.010216222272405972;0.005979364639819611;0.02018810358575968
0.010134114260243961;-0.002691411800895898;0.01407111133471694;0.020505864695187743
0.008214515635949757;-0.0169516544458703;0.020510937339368818;0.013495684352755073
0.006352597407017034;-0.028958605458730646;0.02076592010257459;-0.00038794603310687273
0.004481285872283563;-0.0352347838668518;0.012432697111105274;-0.01571639155781649
0.002495862127621059;-0.03384533697041813;-0.002087850822195225;-0.02506367988136048
0.0003542428102663719;-0.0253225191216716;-0.015887799573613533;-0.024696852114248345
-0.0019055742487036887;-0.012562082588923178;-0.021194771097922387;-0.017672144869701423
-0.004206647664429777;0.00022045512996369659;-0.014097619687763603;-0.011153932379067784
-0.006463414142445679;0.008962114317523823;0.0028309063207845983;-0.010498452877100673
-0.008564115616064115;0.011148974647492997;0.0217657231382574;-0.015480887948362668
-0.010332533971342565;0.006758575918215445;0.03398605468514537;-0.02125058026827665
-0.011523075391169119;-0.0015967761957713393;0.034778335880464875;-0.02220950227434578
-0.011874603610376263;-0.009562594199470437;0.0258805572979507;-0.015632809291622342
-0.011198074292074279;-0.012842092501211018;0.013839510183241744;-0.0032062535418434955
-0.009445169724817171;-0.009221302922653217;0.005480245258622601;0.00990023274235268
-0.006722066113597796;0.00025634483161238;0.003838522004972537;0.017914034982700573
-0.003255396222496072;0.011781660973195012;0.007218117348302013;0.017786500450727376
0.0006572670190744783;0.020748792440548187;0.011283640400681635;0.010897919568047752
0.004690806508327524;0.023999087815918814;0.012135616731572114;0.002003084710653378
0.008530059284006013;0.021036007359168114;0.008439158137566256;-0.003821526931790982
0.011906315799934532;0.013754063458209509;0.0017871733067579684;-0.004176399550402085
0.01462775916251224;0.005171395633739992;-0.0045819749569253835;-0.0004024477342076429
0.016592576805560894;-0.0019932556590439255;-0.007860000325609908;0.0038111596022025658
0.017778428495453694;-0.006259059270676015;-0.007232379659462583;0.0051591591207011634
0.01821249493378578;-0.007577806184195629;-0.004001119943244456;0.0028487812025164657
0.01793485837415031;-0.006884774128558711;-0.0004408086091767928;-0.0012513185309092224
0.016970927506212107;-0.005367598960703879;0.001608589683497835;-0.0042878617681467585
0.015325259149927472;-0.0038747518809756198;0.0015097992769600589;-0.004487587830447857
0.012998951251359818;-0.00271070493407692;-0.00027306230730300755;-0.0021291842181041377
0.010019232667419553;-0.0017874300299843653;-0.0028096287646425596;0.0010084599376169096
0.006462923949169782;-0.000913357895790627;-0.005357351055926263;0.003054018497512482
0.0024623753370812676;-4.606391193092823e-06;-0.007657422209407539;0.0032616240194514898
-0.0018028487749239216;0.0008587122924995658;-0.009784794357221547;0.0022984445141735507
-0.006117587949588083;0.0014840339142602821;-0.011727236350727793;0.0014862364366133563
-0.010241066861491144;0.001646004899701993;-0.013009190124805153;0.001559796703084148
-0.013921408931880073;0.0011434165959870461;-0.012701613922807818;0.0019343200181016003
-0.01692307691190676;-0.00017262014519186188;-0.009998277865120296;0.0012236670753853463
-0.01906429500534076;-0.002373216469300331;-0.0050936741364056995;-0.0012634384788050201
-0.020247023077870754;-0.00540514859797362;0.0003591668949355804;-0.004361645829420842
-0.020460767551314086;-0.00901852567463345;0.003824657807609042;-0.005496083897264941
-0.019757617157059575;-0.012673054793833799;0.003324070960996045;-0.002669223789352696
-0.018215183095089252;-0.015464347078300375;-0.0012142658867483492;0.0035891713066478754
-0.015909803199119377;-0.01620636992239739;-0.0076810862399724926;0.010101408090397366
-0.012913078413786234;-0.013834425513740116;-0.012836952127135932;0.013136155241296696
-0.009311906470425966;-0.008084051787250274;-0.014045997515325351;0.011181657347618909
-0.005243230356590528;-4.395650934203667e-05;-0.010637720063532018;0.006085895839267457
-0.0009278756393260082;0.007952298166910088;-0.004115664331478818;0.0015093765173880601
0.0033177406152658175;0.01327731224974056;0.002814398661920184;3.805776645005441e-05
0.007110255532518665;0.014337663243687942;0.007682112912496523;0.0015669369134329602
0.010069203597635447;0.011422674301133156;0.009243100115090143;0.004225553902578754
0.011905941618010446;0.006489790532906602;0.007590495469820564;0.0065016405438671696
0.012497647213956534;0.0020488789380832214;0.003656738001218354;0.00823222030015326
0.011917960348703292;-0.0001017812904985803;-0.0013258483738750528;0.009760577155668125
0.01041363408076447;0.00044041220475666014;-0.006099685626355672;0.010691755987876628
0.008338153522983905;0.0027808897411481567;-0.009514199863540615;0.009874849219373445
0.006068467092709025;0.005296696290476143;-0.010757969398866387;0.006594209137175344
0.003931892164591469;0.006267533010169375;-0.009666722682891359;0.0015748109880955941
0.0021586818236360825;0.004421213450909457;-0.006809761404787332;-0.0032833261784812042
0.0008617024905156915;-0.000562527599408212;-0.0031837071031124375;-0.006184488729279863
3.846118589745787e-05;-0.00768778884224574;0.0002541088508570275;-0.00660426136433824
-0.000406940424220309;-0.01475298142116319;0.0028389099863384494;-0.005446814978291542
-0.0006239535105416082;-0.01916202210844635;0.004170252329695712;-0.004166118651577967
-0.0007674881040677158;-0.019160367878235416;0.0040539952879223564;-0.003599922472965333
-0.0009572039562100203;-0.014787355985203416;0.002588824781413397;-0.003445986746146327
-0.0012541796301695936;-0.007920637079771314;0.00025705939446453126;-0.0027871707206403936
-0.0016546869890196423;-0.0013413448829003457;-0.002212178036732979;-0.001202355863585545
-0.0020973523638063074;0.002667996028641294;-0.00419314039688003;0.0005462022741538402
-0.0024809525492016384;0.0034371112890330194;-0.005466315373670827;0.000978767377495804
-0.002688829080700391;0.0021476388281304187;-0.006233098157047413;-0.0007384684883687932
-0.0026167240276643274;0.001075658245132083;-0.006803724364822112;-0.003705194375134055
-0.0022069280386692704;0.0022481320333003732;-0.0071519075504257405;-0.005606551620406912
-0.0014906572630233779;0.006251209998999984;-0.006727411092006964;-0.0044142176207470595
-0.000622053332003678;0.011848773570920587;-0.0049036117584075984;-0.00010352987739072255
0.0001350002992543198;0.016602139683046392;-0.0019411842770776955;0.005165887796161723
0.0005029403306457492;0.018083610454448118;0.00044335901989457047;0.008623175312109247
0.00036072987581238166;0.014963707525055277;-4.918447624343546e-05;0.00879799750729719
-8.879241943580357e-05;0.00749037319593424;-0.004188102979424216;0.006127143002442378
-0.0002743513044600942;-0.002606412149357006;-0.009731567723205057;0.002039111498028779
0.0005757468339348887;-0.012543035244603895;-0.012470273592017442;-0.0021939911512251914
0.003069381431498005;-0.01920771453572578;-0.009489334207825667;-0.005603557122974132
0.007234836151334389;-0.020264438050326836;-0.001934656077901752;-0.006927664147203493
0.012270080372951452;-0.015395760755039553;0.005457891518744089;-0.004667084807054387
0.016637488058968863;-0.00694446222672895;0.008015421980285486;0.0015218012958698732
0.01854191547924169;0.0008716516458759499;0.0047499465451074216;0.009324406932464543
0.01663164419792618;0.004215232128720031;-0.0013823857153033375;0.014199249982005993
0.010606333606846154;0.0020556459870865497;-0.006463339936586728;0.012277405386621277
0.0014251656823321517;-0.003114546685963277;-0.008497898482961142;0.0037607035860091494
-0.008989541758754525;-0.006967535620700684;-0.007665223254762343;-0.006231172870957426
-0.018398027958733014;-0.006153301540759392;-0.004839143171091155;-0.010798546121756738
-0.02494159502762277;-0.0002016913308302666;-0.0007851490326557275;-0.006438560169973263
-0.027629252392427514;0.008542597306583428;0.0034078733067892148;0.003944328344428993
-0.026483092979532045;0.016521015108279868;0.0061281723008856795;0.01297034206079745
-0.022358948513958424;0.020869213358072965;0.006175613259621677;0.014224574326036297
-0.016563374724076596;0.02055670255773069;0.003862851583643542;0.006841236942926114
-0.010433489930337969;0.01641950400956995;0.0009334924781105172;-0.004102510467827904
-0.005023125181925605;0.01044632325525734;-0.0006971376081144975;-0.011254669967851912
-0.0009578504587026976;0.004884905301521197;-0.00021596017167780407;-0.00993562243644831
0.001565515963502214;0.0015187540275059422;0.001771502806725286;-0.001182190059239055
0.0026984564185434795;0.0012021788106572247;0.003888582780424245;0.008933759754356814
0.0028312185828886826;0.0036457511752461752;0.004910987758530806;0.01332567166565119
0.002478061906860405;0.007473631125473599;0.004321112506142479;0.008771010514362649
0.0021629898640662657;0.010611865167345318;0.002360747937953114;-0.0016039878425883351
0.0023087328054120474;0.011018082817379926;-0.00015788441489467415;-0.010161770757814359
0.0031408592942124168;0.0075886122972518765;-0.002074560974257538;-0.01000501162673567
0.0046312105988889265;0.0008508734253026474;-0.002214868371865065;-0.00018657267300226088
0.006505769600515063;-0.007027167782179872;1.9512126542041164e-05;0.012967051337740064
0.008324131711108507;-0.013107055925321343;0.003998325209293599;0.01983270208293335
0.009609790681035006;-0.015090140245143043;0.007741741451204434;0.014278096321913701
0.009988682791854024;-0.012514117130396256;0.008793830542584672;-0.0016720023152747066
0.009290007570652058;-0.007023330009599853;0.0057704035599999105;-0.018895766459977217
0.007581114250899916;-0.0015032004207871429;-0.0004984525153253982;-0.027237421805658902
0.005137624297110792;0.0014552160330054012;-0.007215936334533936;-0.022088297244639336
0.0023725252609103084;0.0008734366931713423;-0.011240248469044537;-0.00688326007572807
-0.0002504811554913385;-0.0022521638370508515;-0.010968979515767682;0.009750358694480486
-0.0023082651782087623;-0.0056635654447374645;-0.00712336498876577;0.01959006094571706
-0.003510197928924054;-0.007128230342229654;-0.0019576934423913912;0.019142674132487845
-0.0037734764792310203;-0.005567095614532488;0.002289762878949723;0.010414392898762451
-0.0032451406663999505;-0.001484454151490136;0.004451168445766074;-0.0012341086332833026
-0.0022364249444806546;0.003408031411643961;0.0045222854548424085;-0.010085910289077819
-0.0010764298095205195;0.007069571887941591;0.0032755641681469078;-0.012511747088866562
4.338330919322671e-05;0.008049742973985315;0.0018988379684630637;-0.008448198265502927
0.0011296367844699671;0.006102314001819619;0.0015623877066571936;-0.0015541292128187952
0.0022983281312563848;0.002322139552844797;0.002686264101635366;0.0024779494749670805
0.0035951586806519057;-0.0012609072201396928;0.004325591772395883;-0.000755573988753548
0.004862878196577368;-0.0025612089615543896;0.0045302032990225845;-0.011060634474105751
0.005762690337536651;-0.0004585701273307777;0.001788824538808011;-0.022843107293981535
0.005938927807607374;0.004578543898756699;-0.0036407759627576338;-0.028262719765348162
0.005214356293395084;0.010652040094503228;-0.009838654545449506;-0.02281781904288089
0.0036951887690282723;0.015253052563332705;-0.014594955838640938;-0.00914438003098653
0.001738471604019528;0.016202776963242262;-0.016570457271706456;0.0044512845862077505
-0.00018106528544123394;0.012234111252664276;-0.015294920705972596;0.009813474006362715
-0.0016307327903108666;0.0031630738970443383;-0.010563421122585192;0.004309158861195526
-0.002345505118850102;-0.010038024704305244;-0.0022975910556851022;-0.008291747463422941
-0.0022887731889785997;-0.02504570337051734;0.008890138588223516;-0.021137756004794075
-0.0016421096799913788;-0.038155215963136514;0.021074349611461877;-0.028446047435331613
-0.0007372981383525161;-0.04503691422097423;0.031112672409251217;-0.02774091848570733
4.264092178206606e-05;-0.042475846690206306;0.03579249046047868;-0.01983142545505119
0.00036533548105414227;-0.03031080554848881;0.033589046675384815;-0.007621264472504632
3.395468850244424e-05;-0.012198888313019778;0.025835433902717905;0.0051636780297530036
-0.0009596545430957513;0.00566270465153429;0.016171480017723613;0.01490821323688813
-0.0024298284128690495;0.017395222182737285;0.008402314339828831;0.018965385186425435
-0.00404956044801354;0.020256161039414255;0.004319433211786623;0.016774197617901197
-0.0054466412021799936;0.015714711235678653;0.003140936859963984;0.01066723756572473
-0.006307587869275939;0.008186686882893215;0.00285377956688619;0.005015490473083001
-0.006453025568943458;0.0023186884029994088;0.002185644521114978;0.0033907182469084325
-0.005862085723175304;0.0005470759693701021;0.00154838725609125;0.005731683745800442
-0.004640244590914654;0.00234258725643971;0.002291467247555417;0.008239135345757511
-0.0029475866931464754;0.00533952201160892;0.005052473523918939;0.006504639100619083
-0.0009266505599399093;0.007287480697992551;0.00872960310562185;-0.0006474664605851439
0.0013296350912477004;0.007400156963265503;0.011075234954892085;-0.009873751058913662
0.003756292943776444;0.006397451354759154;0.010471950516259106;-0.015683645134658204
0.006265396579008233;0.005562473107932214;0.007288293355204644;-0.014522931639143873
0.008711444047172138;0.005638821994330685;0.003538646398779496;-0.0072936249592732896
0.010903294411307078;0.0062731622138595825;0.0012030107460310894;0.001529720723695045
0.012651979906983727;0.00628497709434744;0.0007811949125268852;0.007198528825170513
0.013814618933298052;0.004552993876889209;0.0012100609020912118;0.007716396670658595
0.014304910004522638;0.0009217721629629722;0.0008945598500576388;0.004559454317531109
0.01407629598580557;-0.00350739567520213;-0.0011378566985315837;0.0010499595400668828
0.013106498205771464;-0.006937240564677168;-0.004647311773334414;-0.00011307619424621564
0.011402638077878604;-0.007932362456901989;-0.00829105974306208;0.0015492183054615942
0.009020419235534571;-0.006264981817837565;-0.010337408358363723;0.004416198796527471
0.006076400060206832;-0.002993617483203511;-0.009758591744272687;0.006262059239281833
0.002740366153785858;0.0002229400853450812;-0.007134556283853808;0.005974276058326578
-0.0007871530938230312;0.0020588628770983907;-0.004557462687677286;0.004286866994432963
-0.004298658494081493;0.002109852682138383;-0.004238612005231731;0.0030262693980530014
-0.007597141114565923;0.0008741209314589222;-0.006713023748758249;0.0034979517971262765
-0.010509132088904772;-0.0007417796473099793;-0.010221279801796082;0.005396666066138516
-0.012897938173215098;-0.0020251653602478604;-0.011992777376786301;0.007207539736228312
-0.014676587204601167;-0.00278819373891634;-0.01041401529123142;0.007686092749474429
-0.01581332607614053;-0.0032662537471612107;-0.006244959651671913;0.006979925498286309
-0.01632279578349256;-0.003732997212238061;-0.0019574496079345824;0.006329194302986135
-0.01624554733275201;-0.00413800676310673;0.00011382593555906194;0.00666920787174127
-0.015627859064736287;-0.003999382903531822;-0.0007046486011769553;0.00751870445085815
-0.0145120873967603;-0.002620923315802569;-0.0032517457566218952;0.007295524060403332
-0.012938164363166253;0.00043966837242540057;-0.005553928631806019;0.004855307259218842
-0.010952355748522885;0.00487435657701229;-0.006073224252726435;0.0008219145813433448
-0.008623273795270378;0.009448699205838863;-0.004356115073330517;-0.002626027265745467
-0.006065803669859525;0.01241591026961041;-0.0009752933028967952;-0.0034331550262911925
-0.0034632518993731693;0.012413248576084638;0.0028878378720172356;-0.0013237881672844899
-0.0010670849910911463;0.009297623866048158;0.005944041221093663;0.0020415721565901603
0.0008416329614666389;0.004307054811484931;0.007285769628793984;0.004449102271918213
0.002024252186470985;-0.0006180027480293649;0.0067346126462142905;0.004719207491152039
0.0023636328133077806;-0.0039000761217281165;0.0048521324988474316;0.0032341922450911547
0.0019153837545445895;-0.005060073189449857;0.0025991675791623013;0.0013332692891566131
0.0009060231345649625;-0.004691664184210375;0.0009084683377398512;0.0003538576925421164
-0.000322879501044617;-0.0038069339723450024;0.000432989456993259;0.0009199095140934669
-0.001401500622698125;-0.0030875915522842333;0.0014249321278740857;0.0025604492405602946
-0.002017680316818107;-0.002555081029435474;0.003559763357039943;0.0037098707961556116
-0.001977642776004497;-0.0018019374102306268;0.005801247249290722;0.0023900609527456405
-0.0012305670459971819;-0.0005220730890696443;0.006663666440719131;-0.002391450181377327
0.00014428578304004997;0.0010795084224704576;0.004991587621601138;-0.009350051629286576
0.0019820738066797005;0.002292888925595672;0.0008580729266175721;-0.015051723506517279
0.004089520551750927;0.002356084398012318;-0.004088303259660471;-0.01596613304931766
0.006281565643997232;0.0010933389185066858;-0.007279654275682498;-0.011170953035424341
0.00837289821821801;-0.0007374459856014849;-0.006722260691256298;-0.0033590056677719406
0.010138472518398686;-0.0017868922890617522;-0.0024508721880439773;0.003079014787248185
0.01129452144571112;-0.0010631431943404351;0.0031770449207913685;0.0054886169252850395
0.01155096199071504;0.001173005498730643;0.00677625662109982;0.0049341064651938545
0.010745370931238962;0.0033544951478415106;0.005983520534576691;0.004967552618913167
0.009011925735153716;0.003622652244371953;0.0007672108769639988;0.00825048639950084
0.0068908929352788995;0.0012645798744198892;-0.006852217384247329;0.013897498023271188
0.005270097439474097;-0.00252819688580035;-0.01422983197523177;0.01775557560469814
0.005097564457069879;-0.005271414768700991;-0.01951569826866499;0.01549409812732037
0.006923538206880633;-0.004852993755467147;-0.02219577311966046;0.006213676587177874
0.010472077553755312;-0.0011123265273015304;-0.02264031294991666;-0.006224388615551099
0.014505358905850859;0.003799203577982572;-0.021187042766421655;-0.015370768962626031
0.017147015439510728;0.0065967623700151695;-0.017617657818294594;-0.016408945026974812
0.016594390172974892;0.004892468937951412;-0.011651785619981902;-0.009306551649645771
0.011906019368172031;-0.0011685231976982073;-0.004059583282154958;0.0013903806905859652
0.003473803299254246;-0.008755084194758362;0.0029873852296885862;0.009861565378897283
-0.0070473070490800595;-0.013919437101632402;0.007148235791035941;0.012937843439174151
-0.01729287100825983;-0.0139524157573374;0.007652436338548809;0.011695424950817053
-0.02495705943042606;-0.008951826584613581;0.005650713369524625;0.009488218776674022
-0.02846945074703038;-0.0015876034479256724;0.002868784238845227;0.008252998244026625
-0.02736846992024832;0.004654333794932528;0.00021353707289055356;0.006662335404332236
-0.022301462346019273;0.007510817084170739;-0.002274241178479113;0.0019566064624969895
-0.014712257038694117;0.006997776244134792;-0.004577115369903539;-0.006421435256939268
-0.006365174044032554;0.004969138211007021;-0.006263841816112114;-0.01509610719342213
0.0011193373174333842;0.003655342652372844;-0.006858149044933003;-0.018843348317231452
0.006585838149064138;0.004255109141998552;-0.0063871341129042485;-0.014879356627847435
0.009477858781578412;0.006451455984285697;-0.005499752440167089;-0.00571224212546039
0.009816413087023784;0.00892377263573382;-0.005118538471673316;0.001997092230877323
0.008082202214674873;0.010245671329375426;-0.005891156648284957;0.001968137977733266
0.005050490039186915;0.009539954589116672;-0.007715918565061052;-0.007023672447432553
0.0016096052740936315;0.006717317614322119;-0.009648498585080259;-0.019804633091854096
-0.0014153010942804015;0.0024443476445437655;-0.010435419545631357;-0.02795528516747923
-0.003411146990928881;-0.002062233519314635;-0.009456493813771515;-0.025388678373660524
-0.00407354505484245;-0.00543695245795119;-0.007310283886408283;-0.012490143896004488
-0.0034319371137997642;-0.0066988873667075;-0.00541013158338044;0.004023528326328551
-0.0018013627938273618;-0.005662825360758641;-0.004855058173945873;0.015352366011615003
0.00032202272480017836;-0.0029611197355050318;-0.005575531025189987;0.016093280903049623
0.0023949492240980036;0.0003321446808817602;-0.006500390380827919;0.007454583037738658
0.003963150632775377;0.0031854486485301202;-0.006515801767027146;-0.0037403301575386692
0.004772642841012714;0.004886190516594135;-0.005297213635550621;-0.009592517318285235
0.004827806976172193;0.005054570961915056;-0.0033294061567178818;-0.00631408449760599
0.004372425512424954;0.0036025175369337305;-0.0012809855833876111;0.0033727596762473523
0.0037904884397119932;0.0008339368707349752;0.000512638918772067;0.012318781242188237
0.003457221013173737;-0.0023926429418610054;0.001964536396881258;0.014083240645012872
0.0035969317801814683;-0.004758318075052322;0.002837251936543152;0.0074017112740196135
0.00420335274716578;-0.005039094086789343;0.0026980387229076285;-0.0032612107493929484
0.005050888615093928;-0.002894624506969259;0.0014301400352350788;-0.011271678265913227
0.0057895666772366065;0.0006621454448116266;-0.00024253022225207053;-0.012526215949714932
0.006087779806595648;0.00354781128202823;-0.0008908489671883639;-0.00770711043872401
0.005768329148830374;0.0036140940322629653;0.0007756458402750689;-0.0008603911139714394
0.004878131841965063;-0.00011380293137944485;0.0049646804504008026;0.0038874402681412256
0.003652831612048274;-0.006653245398593732;0.010409927566035813;0.004649149220289466
0.002388599049488674;-0.013260140154900048;0.014789897683859143;0.0019304999034051465
0.00128975985187422;-0.01665476676199462;0.015859346346519827;-0.0023873701538975234
0.0003808751494548176;-0.014742838075698629;0.012852685995852464;-0.005872330916618313
-0.0004661960700927303;-0.007905462992758485;0.007255195218469162;-0.0061802033571488136
-0.0014133503758208808;0.0010016338576017776;0.0020592425441364865;-0.0022526431442582598
-0.0025250255956631054;0.008153764551341381;-0.00027378573865257245;0.0043641952243964315
-0.003704888133742305;0.010978699520565665;0.0003946309866842621;0.009796642085997872
-0.0047311716777053816;0.00964028114355784;0.0018134723156155925;0.01041123385952455
-0.005361401908767854;0.006710394971878017;0.0009732873744091034;0.005769683473249231
-0.0054435705398979215;0.005241850531523836;-0.0038885478654995084;-0.0008678840959846036
-0.004976717027687732;0.006599755313062986;-0.012157621611334173;-0.005139196333943146
-0.004099786964730386;0.009497484573676246;-0.02096723530392722;-0.004934784525737496
-0.0030274780523574306;0.010787811462538802;-0.026360574695381642;-0.0015915190253676299
-0.001970604171257495;0.0074465483557553105;-0.025037137144981243;0.0017941291584434964
-0.0010757091080955655;-0.0014396388584512045;-0.01594990765171325;0.0031087450328833965
-0.00040770369303549437;-0.013763731008963628;-0.0009330375029143119;0.00263159746206622
1.8692496967262864e-05;-0.025054804396084235;0.015919625890343417;0.002262196609041942
0.0001793253244785645;-0.03048625816186037;0.029699284797646094;0.0036656577261454425
-7.024451439767717e-06;-0.027362361103048585;0.0364155355731619;0.007040528157942379
-0.0006771728138396703;-0.016756259663304178;0.03465014072932474;0.011218740858702681
-0.0019604994595595277;-0.003191753424541172;0.026432627548008052;0.014523331524145481
-0.003879168022632587;0.007634889662568043;0.01638694627024918;0.015560426229099223
-0.006270146050931904;0.01177090951308468;0.009207393806905119;0.013763585731493283
-0.008787718920691388;0.008789951916820395;0.0071177963555297845;0.009819381958090616
-0.010998190413047346;0.0015246070889677204;0.009152702552804348;0.005623131709433469
-0.012518669821615657;-0.005767068807189417;0.012529159668673025;0.003215794558737904
-0.013128037183614032;-0.00951475587106738;0.014775105411841167;0.003123547909471812
-0.01280139496436107;-0.00813318969950925;0.015040194102073728;0.003633263413328251
-0.011664874177752561;-0.0021446193012665538;0.013920261752142568;0.002098719186074941
-0.00990628123624958;0.006538946213065952;0.012269092828321369;-0.0025330755733259506
-0.007691741963294447;0.015542651141341499;0.01019753904747105;-0.008264498087682752
-0.005127193184910192;0.022699855707018428;0.007257452504059839;-0.011336460575612052
-0.002274677154368168;0.02638808616180364;0.003540524025622806;-0.009460902615638419
0.0007979959378109645;0.025709639733977992;0.00024256092814595585;-0.004068689494888673
0.003971216763897777;0.02067190299784866;-0.0012187506836030626;0.0007323842971654015
0.007059431624409208;0.01231048022158089;-0.0005954349928222692;0.001657995312914138
0.00983353181201466;0.0025564442955746808;0.0009634438434555414;-0.0011049035338663402
0.012063514089453171;-0.006228952413270578;0.0021026818232198438;-0.0045464793052384335
0.01356002476350621;-0.011888414144958169;0.002440370560366765;-0.0059170349963113475
0.014204197100639237;-0.013059204937136748;0.002455599339248814;-0.005085957334286006
0.01396691448064307;-0.00963204504360604;0.002418273760558313;-0.003971328791319312
0.012917422883881969;-0.0029904780803737003;0.0017814356880432854;-0.003909128370904898
0.01121295340897574;0.004218248837940629;-0.00014876592646719946;-0.003881940010266436
0.009062580972274406;0.009005831664918112;-0.0029965111651876217;-0.0015595415569762672
0.006674693223043371;0.009434950430431858;-0.005035779988774075;0.003867132832463529
0.004214565901359346;0.005692889836786044;-0.0044138754291637465;0.010040048948454634
0.0017971962219664774;1.6395368167572446e-05;-0.000823893940700504;0.01286197837870563
-0.0004849667966968432;-0.004642980530960839;0.003996852956479386;0.00982209554801468
-0.002529081063957076;-0.0063638369896039035;0.007461596036801754;0.002203202447614588
-0.004216512343314205;-0.005205390149302285;0.007946197149878076;-0.005671751103354215
-0.005439117068590239;-0.0027703268249707515;0.0056814913265418755;-0.0093081559948764
-0.006129563524608066;-0.0008631476095704353;0.0021940039861271655;-0.006725528344099896
-0.00626662345579944;-0.00033373949936579047;-0.000921077315553188;0.0006646663186481777
-0.005856261148330132;-0.0008526077515194837;-0.0027578053266507424;0.009082046633346177
-0.004915355795077907;-0.0014995411298399754;-0.0030004476379627593;0.014413576991460682
-0.0034782528576459814;-0.0015047375065577234;-0.001509122773019246;0.014233568761699456
-0.0016194942727210452;-0.0006263248655184528;0.0017136353157898548;0.008980235547124824
0.0005285554751707064;0.0008772355754601374;0.006136754497096762;0.0016556811917751288
0.0027751441319119386;0.002447886603535967;0.010472819098883842;-0.004092790113384363
0.0048826410769525165;0.003443988719569439;0.013062038959466686;-0.0065186941333347
0.006582112870295418;0.0033765055761655976;0.01268733913872294;-0.006952180430738175
0.0075980168065627775;0.0021486352314053995;0.009229749457072948;-0.008247309442845421
0.0076959827606759195;0.0001396023256300756;0.0037470354927075797;-0.011576825464082107
0.006752827070454932;-0.0020028317966259463;-0.0019641314367388387;-0.014632369962648483
0.004816291600781802;-0.0037374030877679247;-0.0059874132914419925;-0.013318941894985397
0.0021080760987524203;-0.004852766318715419;-0.006868706251878904;-0.005623714587121407
-0.0010436275355626258;-0.005378999585126519;-0.004168022026154043;0.005990024107984463
-0.004295145276588833;-0.005400801766561928;0.001071924484621955;0.01600155263806619
-0.007324923139556464;-0.005107876592192551;0.006321315482719332;0.019824275750590772
-0.009780092695206358;-0.005066569745155585;0.00846492482396991;0.01687103381940736
-0.011179389206984401;-0.0062478163829663156;0.005451930803836784;0.010216801244879597
-0.010885243789130755;-0.009400228342239286;-0.002297807745589037;0.0034906527121292877
-0.008247827681119186;-0.01402652657504064;-0.011874565247972934;-0.0020045839033209245
-0.0029291000628602197;-0.017891625421048832;-0.019494846673293202;-0.007328799821367291
0.004718882819712662;-0.017881364161254052;-0.022685519445394695;-0.013313716764888598
0.013439786578605903;-0.012027119629353634;-0.021374736525120605;-0.0183014249184253
0.021221793865105774;-0.001359467994628375;-0.01715370933140158;-0.0189755118024751
0.02585743521133324;0.010029565910306164;-0.011802921823099189;-0.013801608428142455
0.0257342652505916;0.017225329939063883;-0.006788161277818171;-0.005583547457276628
0.020499289531641207;0.01762684700509859;-0.0037445308530052158;-0.00012551832604938007
0.011259090808104182;0.01256630271867159;-0.004235373751299235;-0.0016280631488920728
0.00021257678393017841;0.006140084177733695;-0.008128378129279626;-0.008813441013235763
-0.010097514245074282;0.002294084090287616;-0.01254670456585658;-0.015608005140261822
-0.0175776141983449;0.0024208479197426113;-0.013503440224196065;-0.016213972635206454
-0.021125152258257455;0.004967010445894485;-0.009203996895799826;-0.010071638561123432
-0.020777596643280445;0.0069103534305884305;-0.0016598331643403069;-0.002072030738995388
-0.01749266270500854;0.005835837763003641;0.005036419371539956;0.002063118532909204
-0.01270182340427373;0.0012736386081725701;0.007896155640967203;0.0007718115979111822
-0.007829525483820494;-0.00527693606819603;0.00678409677957214;-0.0024060547011859764
-0.0039436134864476256;-0.011315396216937841;0.003814222668903989;-0.0023483393415854297
-0.0016096966293171595;-0.014565889143069739;0.0015258883737888204;0.003007424279951652
-0.000918135279500293;-0.013880010382981844;0.001332710861527847;0.010767492155888387
-0.0015995092578811989;-0.009592101753408121;0.0030285129083903323;0.015303366351396213
-0.003155988554698647;-0.0033392883402443402;0.00533464029674563;0.012693380556032016
-0.00497828365643001;0.0025632607841929804;0.006915977351765632;0.003890571631252976
-0.006452598382040621;0.006039904420599364;0.007133162891378365;-0.005773223337371717
-0.00706984093481725;0.006170989185226953;0.006124020428686237;-0.010327452584159411
-0.006531353845897048;0.0036802567899184516;0.004370690841256374;-0.007328204771930628
-0.0048201640280867205;0.000646324236014841;0.0022659687642983713;0.0006177058135385159
-0.002200738109813771;-0.0005284778506106093;9.23118507456828e-05;0.00795498505411132
0.0008631756327435516;0.001611194113360752;-0.0016525786283957448;0.01015276334861885
0.0038415367307377125;0.0067645887097306165;-0.0021314672870833043;0.006608743603895741
0.006270491503115432;0.012980844318019545;-0.0007181522842014115;0.0006531392996802084
0.007849074528027716;0.017601935943484324;0.0020978750563854717;-0.003002009657305163
0.008492671874509914;0.018496037309188657;0.0044920378160161634;-0.0014722451626977533
0.008343025579566987;0.014941300607424239;0.00439905028571768;0.004488177758573578
0.007724231540950697;0.007850548020158452;0.0012063355752534144;0.011114890391961996
0.007038094810496199;-0.0005612377519596172;-0.0034569833045113656;0.014196003704542432
0.0066233157667884264;-0.0074711826319568036;-0.00662232557570117;0.011837943217500639
0.006634347882738785;-0.010442294129048867;-0.005898743080843672;0.005619410082698069
0.006994022122666333;-0.008567005948877451;-0.0009770855908944704;-0.0005166644337327885
0.007439474192145147;-0.003232778953050301;0.006199921660175257;-0.002770254917150328
0.007641450929830051;0.002181238444788466;0.012431368684430845;0.00021753116194366857
0.007350118029715691;0.003897450585046598;0.014587957754217451;0.006524446544249657
0.006503484890087156;-3.431115676611352e-05;0.01063180423334709;0.011852517630870281
0.005235636388159841;-0.00817485963664776;0.00023718120423443337;0.011608402970092364
0.0037654577262289067;-0.015981588559624324;-0.014838609250481373;0.003240261795352474
0.0022263456337462593;-0.018173764597478857;-0.03073536102283038;-0.01201009475437826
0.0005538175941537733;-0.012026030869127628;-0.042271149730088914;-0.02870640927093187
-0.0014774821077190544;0.00048522585528093905;-0.04485092288750317;-0.038967492140837584
-0.004074749396930922;0.013318613833140657;-0.03694927468955009;-0.036521688424234346
-0.007216718328065292;0.01964482697453714;-0.02161390584468225;-0.02124110779289695
-0.010556068183563826;0.01578401368394713;-0.005554701254541215;-0.0005111777584454272
-0.013510472881565197;0.0033598471176318153;0.004105341737359027;0.014866511751754845
-0.015493036525897216;-0.011609285004512217;0.0036204426519242223;0.0178711312372594
-0.01614552254900711;-0.022077669580257062;-0.005407468139547172;0.009793747471820536
-0.015447673777079847;-0.023747405862544636;-0.017138911637800108;-0.0015739092905593906
-0.013661280430019853;-0.017020720077086784;-0.024879054270648394;-0.00812858888755388
-0.01116350245817466;-0.006156610319454181;-0.024540280551305558;-0.006716743302470476
-0.008272774077464766;0.003496554782088919;-0.016341853640344992;0.00012635997186056884
-0.00515304132044359;0.008300968651006897;-0.004237959870339054;0.007373435456255283
-0.0018232745997256421;0.007688994216188368;0.006346552988112524;0.011394777187145969
0.0017587020482324367;0.003766536163563155;0.01127287567264157;0.01170499985451859
0.00559679519579858;-0.0002463230263503116;0.009509388112393182;0.010026131631844138
0.009591419758512977;-0.0017996562699122824;0.003141149959509605;0.008159570914284556
0.01352813652523019;-0.00016755571648755687;-0.004116715148956083;0.006557027791719241
0.01711193935109559;0.00348446709363802;-0.008825544048325808;0.00445507400720239
0.02002508316766799;0.0069898395874645304;-0.009265034669876167;0.0011305754771726891
0.02198540819477475;0.008429374205771122;-0.005973143129192183;-0.0028956325868675727
0.022789196431949068;0.007048353043015485;-0.0011584363534183153;-0.005761163209353189
0.02233203568400913;0.0034392659636141303;0.0028166421123328716;-0.005441483485164805
0.02060904536229392;-0.0009748860839684406;0.0049360084319028516;-0.0012903777482160947
0.01770117686943186;-0.004764759808015025;0.005876330362667346;0.005330806621858519
0.013756499257676396;-0.007112880264350604;0.006972010800586398;0.011823305497083603
0.008973980720861167;-0.00790285664497574;0.008779600684550184;0.01581342095717875
0.0035933735706893785;-0.0073585291403176056;0.010512130017277094;0.016142316509445163
-0.00211050901768654;-0.005628061072516787;0.010771422565946176;0.012832882807953042
-0.007836281886422302;-0.002688988648582506;0.008882777856307552;0.006470512877776509
-0.013275734524360894;0.0013650275354500294;0.005667302505730223;-0.0021208803761020244
-0.018145896776334474;0.005936492893394725;0.0029806047136576893;-0.011492436806795852
-0.022221416194963987;0.009823414237783448;0.0023860746577201645;-0.019040465169428398
-0.025349206321722023;0.01160040122900676;0.004057087949093207;-0.021444804042636323
-0.027437697272817828;0.010337206236469002;0.006764839182995249;-0.0165184493843434
-0.02843124834430986;0.006262965446544726;0.008831876589227796;-0.005387889665729458
-0.02828716628272687;0.000954409543088305;0.009176567221143858;0.006992880906635
-0.026964071433537837;-0.003201075179683905;0.007726952677062707;0.014140085984010333
-0.024423026895943698;-0.004168244281390573;0.0052039866046009135;0.012083448564799731
-0.020648192896982234;-0.0014976617725745663;0.002683442270080296;0.002284796095678201
-0.015698073436453786;0.003190043125726661;0.0011599783378034023;-0.009057964031682795
-0.009781813969247297;0.0069801582258923545;0.0011088920456292822;-0.015098013339212377
-0.0033218917523730163;0.007372918366909951;0.0021832162974567953;-0.012738112774795833
0.0030541368198341735;0.0038595475471853353;0.003346978765407994;-0.004041497565853077
0.008626652793843271;-0.0017013588935976714;0.0035001028828889435;0.005936123602983607
0.012775344846127162;-0.0061938568658715595;0.0022003263506967814;0.012599780928520807
0.015164654741965447;-0.007122972633548633;-6.988247312906627e-05;0.013927042480300196
0.015830077796663712;-0.004035222647879617;-0.0023070851502594732;0.010559221492086202
0.015127252097389392;0.001378320474391742;-0.00367537183847867;0.004842596781859745
0.013583721232314485;0.006418126740163633;-0.0038116790555331567;-0.0003388821988543813
0.011731598188085236;0.008912541993618578;-0.002567377143502264;-0.002832917192814856
0.009982055378529323;0.008226885051778569;0.00022938674464912366;-0.0023167231634326577
0.008565120918944263;0.005292673841036209;0.004446284232383322;-0.0003944490832764107
0.0075330053333097936;0.0018195653050279818;0.009127523258317933;0.0007017549288652063
0.006812333500332564;-0.0007428804540409692;0.012665894274945943;-0.00010165686265137869
0.006278180974850224;-0.0018739360333149195;0.0138240344878264;-0.0019903071981875113
0.005812809228043027;-0.0019366412562790548;0.01268652731041365;-0.0031992453578058837
0.005320948606029865;-0.0015600480624447096;0.010568450040966113;-0.0026363787556251974
0.004707068047960845;-0.001020636377862174;0.00893385177518578;-0.0006410121820612932
0.0038546412992272704;-0.0001899796057929849;0.008331683834831747;0.0016823467557100838
0.002651200447164662;0.0009237060426525064;0.008291952730952264;0.0036430741950577885
0.001072341126177425;0.001623348606855281;0.008162235080726499;0.00529232891874682
-0.0007049162857792821;0.0006239075458395873;0.007940410300894622;0.006561711138095886
-0.002224017421174476;-0.003076416395770147;0.00818527459456356;0.006331860850972038
-0.0027849457669690495;-0.009136122536427597;0.009064281245954405;0.0028294684808575026
-0.0016483123421916356;-0.015470666429444665;0.009535622750596426;-0.004601199853619403
0.0016173900138051565;-0.01899078530935519;0.00762388482493472;-0.013934312120205567
0.0067785361702794285;-0.01722957627291495;0.0018197014399147788;-0.020868743377537025
0.012769788842260746;-0.009983043041265204;-0.007358126966926278;-0.021437057861503465
0.01787769991634709;0.00011873321390105509;-0.01695802339720568;-0.015088097184305531
0.020278905136771753;0.008775410469770616;-0.02307386702067158;-0.0057228130456400935
0.018738172198862514;0.012494586393182648;-0.02342914447475259;0.0006344663404755425
0.01314665239400379;0.010780523266681085;-0.018903066814048543;0.00026049859705608313
0.004630961359463137;0.006335086724798248;-0.012375921710478506;-0.005077576325330201
-0.004823365816252581;0.0030598601741971187;-0.00594415045680448;-0.009117678220757788
-0.013052475403578106;0.003432837920588044;0.0004780419807321899;-0.0061077546438695245
-0.018397471398397855;0.007154629238044705;0.007655351422022443;0.004051011265857888
-0.020131278086320842;0.011720087882146105;0.014610447378824214;0.015125771483324668
-0.0185198805759133;0.014164645084802656;0.01841865115256484;0.019300527190014086
-0.014570211120824227;0.012739900622141183;0.016680675483474433;0.013423382847157377
-0.00961680863760925;0.007678956240595171;0.01004353343190091;0.0014929581575653607
-0.004917279395978055;0.0009202481852633177;0.0022035186975874806;-0.008473381312265523
-0.0013764227667561935;-0.004858572489455384;-0.0025573614324432515;-0.010384929149158721
0.0005647251159117998;-0.007412502136645414;-0.0021745437055442616;-0.004183854862834903
0.0009058036319302004;-0.005868585675289185;0.002111883545706095;0.004624283580910221
-1.6832569703498566e-05;-0.0010981829957191836;0.00691783510166247;0.009204603877424002
-0.0016691961142914129;0.00462542540833909;0.009074339291020741;0.00617937908118443
-0.0034600017323284673;0.008560589240976748;0.007507803669816671;-0.0021897024373903704
-0.004858852172461652;0.008645054310892497;0.003555423032951347;-0.009630710904983285
-0.0054807174187896995;0.004372377350396243;-0.00016432959187165401;-0.010130824250188174
-0.005135595696676443;-0.002976309267527195;-0.0013500258524022975;-0.0021466595041424825
-0.0038469400429631652;-0.010824370062485787;0.0009037681721248801;0.009949493018241435
-0.0018415548325236002;-0.01628568904274583;0.005932942118138103;0.018339632815063636
0.000489851204786853;-0.01726078616595254;0.011993845494002847;0.016860012078761574
0.002665178877648055;-0.013276260230403101;0.01697235491546953;0.005478618892973373
0.004217373557799425;-0.005780013474038283;0.019073083707202124;-0.00912612404927836
0.004821481235440402;0.0022865065344192;0.01745469405903795;-0.017760061473278584
0.004406351181891531;0.0075915069452631755;0.012678671090630814;-0.01505631989991595
0.0031996389202987633;0.007817778273821234;0.0066242350740605025;-0.003371249008566356
0.0016668196859422825;0.002773963321494319;0.0016297999039981183;0.008865890723668123
0.0003501853157954569;-0.005340585068552494;-0.0008323189548877231;0.013253433753927187
-0.00033043096088460083;-0.012761185699478293;-0.0010818429347544205;0.007320380944689304
-0.00022709647433932653;-0.01581669397171654;-0.0009365664744625737;-0.004209779155361658
0.0005010511475337889;-0.012674912768071103;-0.0022148653599519895;-0.01340416881455523
0.001476803929520378;-0.004282600040921755;-0.005095843616438637;-0.014870555992120905
0.0022772174690381102;0.006014638181483538;-0.007726182346853557;-0.008850979718097552
0.0026183669122930254;0.013986438592541733;-0.007653045437075603;0.00011361336516739496
0.0024731904045731294;0.01638755294572327;-0.0042064782909295145;0.0070696766732602145
0.0020629812144889663;0.012288830995802311;4.773401982282447e-05;0.009643304161422128
0.001720267793217649;0.003362888033464436;0.00029214422116773326;0.00824638139445834
0.0016965508703919716;-0.006850728214890347;-0.007303642503034164;0.00451753281910512
0.0020287578532894248;-0.014357938135428365;-0.02216659751446003;0.000285888227606154
0.002541243131009502;-0.016308552839066542;-0.038456497000922976;-0.002250100157848293
0.002968513137928142;-0.012150996816639155;-0.048011277305788025;-0.0006575630339432797
0.0031097044237603385;-0.0037615417782644613;-0.045363807087853474;0.00606404302031897
0.0029209995456668737;0.005556553169057243;-0.03106581399734333;0.01562874694868379
0.0025072864888468875;0.012626000028041779;-0.010853863309695769;0.02294971732141064
0.002038882807425466;0.015609237858184114;0.008196124200717662;0.023343333366232833
0.0016498175214031646;0.014344017597690427;0.02121998910413445;0.015870378821044456
0.0013665806150132168;0.009942004337401751;0.026687502380474317;0.00400455922199656
0.0010923033741888208;0.004164671555670938;0.025488180027360828;-0.0066681989272789986
0.0006479153981109398;-0.0010912265143555684;0.01955510824834993;-0.011742623721157194
-0.00014773173567030276;-0.004241374119739769;0.011049060127491971;-0.010176706708513594
-0.0013917485796122564;-0.004530960585301483;0.002150672000005682;-0.004490979634735869
-0.003042789689916917;-0.0025122209701324547;-0.004945236028053394;0.0007916943205801185
-0.004923775434200287;-0.00011125045604846103;-0.008214572145698745;0.0016674737920522637
-0.006780349937306926;5.402775212218912e-05;-0.0063576401437498;-0.003012301244731612
-0.008366558209982862;-0.0039433934206699935;0.00039658426138291836;-0.010641455756917249
-0.009518183387177479;-0.011852755794323634;0.009772354159858011;-0.016143767016467196
-0.010184975019722582;-0.02061600750188036;0.017946515585756412;-0.015014500614849952
-0.010417052339168623;-0.02535614700164627;0.02129304915365136;-0.006420622409420733
-0.010321875354506863;-0.02184510417697417;0.01851611426484965;0.005779108310297643
-0.010013889391294833;-0.009189430428359149;0.011609932237812289;0.015169898262842109
-0.00957026954714652;0.008970113485369876;0.004664349899016548;0.016890820625466967
-0.008997756187858133;0.025721680256896858;0.0011710022925571736;0.01075384048119955
-0.008219949593745212;0.03413529735486285;0.0018210779217483083;0.0009898083290310583
-0.007102979551893402;0.030791647312118992;0.004470356131673702;-0.006971115371659014
-0.005527219581473736;0.017593140974891532;0.006066275398256409;-0.009930419096675852
-0.003479084661095584;0.00078464780200792;0.004677699095917675;-0.008141414940074837
-0.0011069373405662238;-0.012271318478018819;4.013758768151382e-05;-0.004097714530215789
0.0013074525930617804;-0.016740358988911196;-0.007186445853819286;-0.00035202284800721573
0.0034584594319251186;-0.012392040465858787;-0.016060534720399637;0.001986897805176318
0.005144309519212766;-0.003091152788910245;-0.025187706594074148;0.003238373955432071
0.00633848102435953;0.005782133275467442;-0.03243871457238131;0.0040098740572178685
0.007176108964065143;0.010307058899691234;-0.03550068872006793;0.004245863621990902
0.007880718589733486;0.009661850709940436;-0.03311175989403483;0.0034260810876658586
0.008674855031629975;0.005723535773635214;-0.02593864689596527;0.001510971038243443
0.009704887629290086;0.0012510246850263485;-0.01633705591721758;-0.0005779637806962158
0.010992972630078994;-0.001971225501625432;-0.007154734953473662;-0.0015601051423157466
0.012421950543062036;-0.0038695244179277476;-0.0003864951407296535;-0.0009039640500617922
0.013757123149350493;-0.0054716119237913155;0.0034869628849776837;0.0006603782959842569
0.014703573376278064;-0.007668758936902448;0.0051828678364831526;0.0017466252798782618
0.014986479979175227;-0.01036138644932347;0.005759002225370416;0.0014746990410659593
0.014429278418378962;-0.012522055244482933;0.005945714993088064;9.615114840816623e-05
0.012999599791032984;-0.012940728882774366;0.006012726103628802;-0.0014714726325102294
0.010803624538490098;-0.010997070520836223;0.005963484678289507;-0.0026627579388648504
0.008034144353489918;-0.006955919975855382;0.0057040995284634724;-0.003717736738072219
0.00490263448245176;-0.0017285072302802176;0.005077435344770235;-0.005026984597577601
0.0015932980138776821;0.0036097575718931746;0.003917081347670868;-0.006094633546752001
-0.001741191372884721;0.00819544515765976;0.0022747325834993146;-0.005470625919177405
-0.004955153014209185;0.01148034739662377;0.0006792561340520382;-0.0020927696802275834
-0.007889808462175229;0.013140378026834992;3.157357738033512e-05;0.0031701958530540755
-0.010381123018098381;0.012988869653731708;0.0009762769127720249;0.007534956310548778
-0.012289850903890433;0.011004212706398167;0.003214429145797545;0.008290713726706202
-0.013528048851092397;0.007410357586877881;0.005489989172359577;0.00514918927301438
-0.014062438668886365;0.0027179465250939307;0.006441774243842787;0.0007058670207007018
-0.013897211632473334;-0.002260672332792125;0.005661394725230518;-0.0016921475129915084
-0.013053635326554689;-0.006402281642478078;0.004013011138177312;-0.000927810043661286
-0.011559375887699785;-0.008396228066376896;0.0028692244651670304;0.0008289365022738239
-0.009448048595165575;-0.007175413047443868;0.0028938350368298386;0.00018617770483273495
-0.006766735365013981;-0.002590389173877105;0.003459353397514084;-0.00401542935709374
-0.003594944733732364;0.004094306157438181;0.0032329067412702416;-0.009117234287937466
-7.619237767221543e-05;0.010389295081117645;0.0013996929453543817;-0.01063691619309501
0.0035520364228001865;0.013573733849311388;-0.0015358276125733733;-0.006186105954541008
0.006956637359207097;0.011997292478693638;-0.003985267070815421;0.002282619502356837
0.009754773414240027;0.005894914248261128;-0.004293510094009233;0.009959580500908406
0.011602025021835832;-0.0027696058892147206;-0.0017751418561970235;0.012921146387452254
0.012292643135034179;-0.011250704743754942;0.002867947001322693;0.010714114737322353
0.011828877880155065;-0.01711385522971196;0.00789080123775648;0.005835558548909456
0.010423111430606053;-0.018906064076297073;0.011317564342615568;0.0012317449714495444
0.00842672232810098;-0.016318267214817956;0.011786263097515622;-0.001645060117623124
0.0062189619447297305;-0.01013704819132567;0.009079212199972762;-0.0029491874042561496
0.004108481670725031;-0.0021729604239648787;0.004156396773386715;-0.0034527600796533
0.002284803575891517;0.005039232382507129;-0.0012979610638659837;-0.0037676019047934504
0.0008216261875716566;0.009040614629015328;-0.005601977289170964;-0.004239236106504102
-0.0002920465919869944;0.008565097412921737;-0.007742057028267453;-0.0050791118464420465
-0.001116232357289883;0.0043016128658226495;-0.007696865443753846;-0.006261884713638302
-0.001727463053370003;-0.0013166541276730768;-0.006306000793096533;-0.007293896621074952
-0.0021902208189313243;-0.0053066193990079155;-0.004735402695213868;-0.007337593599752336
-0.002538082693280133;-0.0056705379344279975;-0.0037656724531232515;-0.005866810266590237
-0.0027718884209602954;-0.002406184721592297;-0.003316575257616401;-0.0033695070251601516
-0.0028746794960345557;0.0025769119201700906;-0.0026081880469202377;-0.0013541602186904807
-0.0028352194851575282;0.00657499026358431;-0.0009659156225318987;-0.0013928308526370936
-0.0026684290532496694;0.007553233636852409;0.0012958318575248238;-0.003787898308456843
-0.002421430717378249;0.005072041662215411;0.0027306853356958488;-0.006963267074504534
-0.0021606200250117685;0.00023144229633641797;0.0017171740472719818;-0.008303912097719258
-0.0019472287102286602;-0.0051174156082377815;-0.002121968180067313;-0.006002696428337392
-0.001816851908991424;-0.00929102993201244;-0.007294273554123122;-0.00047673623879562895
-0.001775605042574539;-0.011357109876927987;-0.011274489150945059;0.005827609667592279
-0.001814561437489878;-0.011247897113701492;-0.01214110718057354;0.010031639058073395
-0.0019324128204202264;-0.009520263695008638;-0.009696072113315931;0.010502996434209865
-0.002151272368572332;-0.0069764568004874895;-0.00536879281182331;0.007498775015252603
-0.002515188079435359;-0.004327301862244527;-0.0012331231311484595;0.0026783157282182857
-0.0030711371559477827;-0.002002281786289894;0.0010968464873970375;-0.0019082522050995398
-0.0038409671005503205;-0.00014573122851873192;0.0011393059263756571;-0.004771240745325816
-0.004796492798895654;0.0012435740874703505;-0.00040671701588719685;-0.0055645751645591445
-0.005849383200247518;0.0021703398336434016;-0.0021867093403385414;-0.00509546287762987
-0.006863353973422649;0.00264723800322492;-0.003019783314608028;-0.004663412931787446
-0.007688022300179149;0.0028484656474342404;-0.0025559414137989464;-0.00504781334216221
-0.00820292341331623;0.0032269716069265276;-0.0013509995570281032;-0.005892034113824781
-0.008352593123449896;0.004383572950627561;-0.00036113751658079765;-0.0060498782774022096
-0.008156013420395786;0.006687199532131089;-0.0002647243384083859;-0.004641387563997666
-0.007686452985196175;0.009914908488732579;-0.0010765828018531201;-0.001877297024487858
-0.007032982311597806;0.013222055828534267;-0.00226206770209374;0.001110049027359366
-0.006262044071126626;0.015502683778180872;-0.003193183280152993;0.003252094854866932
-0.005392518027864729;0.015906713365308245;-0.003533388177236134;0.0043506769446586225
-0.004389006828730533;0.014212150920267204;-0.0032362466910871076;0.004859839844008032
-0.003176088840099363;0.01090511379474942;-0.0022908953520384464;0.004872434717447747
-0.0016779276098018946;0.006989467323110558;-0.0006681535992099975;0.0035057382071143907
0.00012057492162031281;0.0035992262562684115;0.0013263918179944943;-0.00036244995069679303
0.002116216896289618;0.0014975831182804504;0.0026769362106245894;-0.006438450416427059
0.004077129261948691;0.0006386157421362182;0.0018951615317157602;-0.012063506458497885
0.005716678989603303;8.033711158107134e-05;-0.001976197285694695;-0.01331484335014068
0.006848508234629295;-0.0015445847220714795;-0.00830475256595993;-0.007792601184149234
0.007561096942073233;-0.0051461979995287765;-0.014815975635374687;0.002999408109941304
0.008307208019340444;-0.010399160519709329;-0.018885316639379233;0.013891419548685243
0.009808782329825273;-0.015624951367981968;-0.019284390735764347;0.01921963024721325
0.012746391922622221;-0.0185174382740642;-0.016980826183419118;0.016759916943186504
0.01732140203549315;-0.01735356174663196;-0.014291748936024973;0.00936835349842112
0.022897076812660285;-0.011980191047138173;-0.012917075884915608;0.002913067185564593
0.02796119824133236;-0.003954000300249457;-0.012269562851743977;0.001960155330486755
0.03054363052837714;0.004291856001003959;-0.009622304753683048;0.0064623903299040435
0.028980443751748318;0.010744376764170473;-0.002475232769462253;0.011960630159932921
0.022671545248334316;0.014683112525681444;0.008588199612944996;0.013137212613897251
0.012427868323039864;0.016517918267201483;0.019408915767033425;0.008042758468195393
0.00022517828819769808;0.01686892092772569;0.02508877907655035;-0.00023192849484780507
-0.011486767760911471;0.01584507264808379;0.02367169613784797;-0.005882919290009386
-0.020573700820081194;0.013176580393183892;0.017233761159571075;-0.005102450313156536
-0.025786521585605234;0.008940816628961639;0.009773280201912595;0.000604584973624987
-0.02695662977076261;0.004090574332852403;0.004332335083535589;0.005402272211610626
-0.024832189348251578;0.00020682274168579417;0.0016319778021155382;0.0037472931327401614
-0.02067845862541885;-0.0014808247372299183;0.00043925690693353783;-0.005056813479288022
-0.015812410727460924;-0.0011535602785125753;-0.0011142730138761648;-0.01594011126563319
-0.011239286046585504;-0.0006850913869808515;-0.003913256436052249;-0.021521834087638823
-0.007496645119694536;-0.0027094929358829818;-0.006783295912567307;-0.017538600142020615
-0.0047049616525414156;-0.008846110547927083;-0.006991281100807101;-0.006300451984315357
-0.0027353061035656676;-0.018139408652169835;-0.002393292815899335;0.004661431784493475
-0.0013847445298165088;-0.026899607223254702;0.006306118952818242;0.008106648649232197
-0.0004896633432810449;-0.03042838631724675;0.015272162863849916;0.0026661193212322554
3.754168425025387e-05;-0.025799387161782327;0.01994727220367976;-0.005932153124310334
0.00022717173295608916;-0.013880511882604751;0.018473055463959817;-0.009117642617984308
9.746100568925086e-05;0.0008751935491589283;0.013178909254146646;-0.002134558448096191
-0.0002969494616374381;0.01279173796830933;0.008594752544918732;0.011834163832132434
-0.0008359399062721595;0.017928633577747995;0.007614878472438901;0.023315708295177102
-0.0013456340097660596;0.01583731616109257;0.009264519161045816;0.023122225876725556
-0.0016524160449512702;0.009294777748003257;0.00996656881769292;0.009246055286011967
-0.0016492467286548377;0.002478710444590432;0.006878767700798867;-0.011108512050890262
-0.00132863542058254;-0.001224752983041418;0.0002484748147426216;-0.026096637016241406
-0.0007512161062989249;-0.0006664013710115724;-0.006857775610083109;-0.027148372963567605
4.014768678223092e-05;0.0029077768598173657;-0.01068822802398697;-0.014492479835863945
0.001103989957907942;0.006866310925557288;-0.00910012617574544;0.0034482226054377715
0.0026115838057325165;0.008749353909475757;-0.002829710198902619;0.015942386077473853
0.0047593588423814615;0.007546999839817768;0.004799804398006586;0.016740297537160956
0.007625618325184004;0.004052553850922551;0.009695856603345553;0.007239257924178912
0.011055520269973767;0.0001682142805096995;0.009391144309608914;-0.005542168776857174
0.01464455885325905;-0.0023383486339151327;0.004452636980665746;-0.014027653401940635
0.017838946231444226;-0.0028140463037431883;-0.0020423445823442876;-0.014352757640109149
0.020111767592721347;-0.001884817938305811;-0.006471097237473692;-0.00737759213653428
0.02113130563763749;-0.0008730829601986633;-0.006660967351877091;0.0031756253484430544
0.020834119847074204;-0.0009755118623291618;-0.0027789933134381656;0.013240711435994751
0.01936487036915857;-0.0026667751809057436;0.003097501800897669;0.01976194346716755
0.016928970542644865;-0.005489590195162401;0.008291063500494737;0.02090105338114214
0.013663857960738738;-0.008214277079746464;0.011119745770830674;0.016295805133535773
0.009616810386682485;-0.009355649818707195;0.012010836518958214;0.0077492166379610995
0.0048322343396731025;-0.007931099270030703;0.013174776613692074;-0.0008780964607978864
-0.000529962604457877;-0.004061770065978026;0.016625366773925693;-0.005652834218053387
-0.006136648581015496;0.001050575382542421;0.022053233745448732;-0.005347804196627526
-0.011521931040906975;0.005811818758453156;0.026737106872434916;-0.0024961439169783454
-0.0161969588297688;0.009052119457680426;0.02781790988975464;-0.0015240155369194651
-0.01977091817684471;0.010341775660177147;0.024690540759557796;-0.005398300246112763
-0.022034603545465055;0.009707693625861226;0.019134429016143283;-0.013347792634433439
-0.022981541525200756;0.007219643203606327;0.013281846159035278;-0.021108595252643372
-0.02276685760645508;0.002922121656287101;0.007680106187307506;-0.023352359306507968
-0.021627890190978463;-0.00286516491950352;0.0013577421885889536;-0.016883675843121317
-0.01980243730421037;-0.009229504370547727;-0.006359407706131828;-0.002915541505644197
-0.01747377158466002;-0.014685921245839971;-0.01427372915372187;0.013008533643872678
-0.014754520533010655;-0.017626639552345478;-0.019643073714646124;0.023828518302363242
-0.01170543144169057;-0.016996261689496733;-0.0201056971783873;0.025116407071788888
-0.00837510159684061;-0.01285099590331639;-0.015431077885576351;0.017851921805500538
-0.004844476276847234;-0.006502875125465975;-0.007717929519408956;0.007701662942508535
-0.0012622637744514834;-0.00010941944062054117;-0.00010975865790361822;0.0011066854952808385
0.002140965159422556;0.004187609781266823;0.004908997891295489;0.0010003869860330868
0.005070107876625977;0.005194617355885098;0.006564451578450658;0.005402710948028946
0.00721613525371382;0.0031640933986135287;0.005730699210080468;0.009775695332214725
0.008328837006558416;-0.00043508126005462137;0.004008099213795417;0.010821852573364895
0.008289968726382118;-0.003708518046651016;0.0026394453735117934;0.008444337150022239
0.0071604551581223716;-0.0051808949162946835;0.0019218504349554984;0.004725926929466989
0.005179894768144201;-0.004243921637288365;0.0013325581776400693;0.0015916824076852704
0.0027145802248849885;-0.0011313007042724815;0.00010730564592643619;-0.0005206793984801367
0.0001746547525936446;0.003330684064672981;-0.002172481040706193;-0.0022569622835385424
-0.002066763640829319;0.007965740511061784;-0.00527865211784324;-0.004188071626316568
-0.003730426567423563;0.011500068839139947;-0.008368122173037316;-0.006103693657651981
-0.004663457107048664;0.012933151716057282;-0.010284984649343496;-0.007124901691796239
-0.0048549520930231335;0.011933321329849512;-0.010078774884340459;-0.0063177057020697746
-0.0044292120001452615;0.008980092448179466;-0.007587997313755462;-0.003415619320326174
-0.0036024407208691627;0.005114018279452374;-0.0037379324890561704;0.0006479585980085439
-0.002606515105864622;0.0014650046802171517;-0.0002283794965816847;0.0038057075279753112
-0.0016122870029065357;-0.001150002060064801;0.0013052052577455094;0.00385278589891217
-0.0006911640256636181;-0.0023953468830612565;0.00014394553476675812;-5.3386741473834016e-06
0.00017186618849641456;-0.002361965734084955;-0.003159806031414612;-0.006213456222980063
0.0010345079701554497;-0.0014053053476537768;-0.007045239681614332;-0.011513129823141604
0.001956028088241707;5.41728591279514e-06;-0.009605413204335314;-0.012968641711111475
0.0029757945420357443;0.0013918407416816923;-0.00939080750165721;-0.009995634140313316
0.0041048266974491;0.0023546476539528546;-0.006150638184522037;-0.004830087911733587
0.005318657111121695;0.002649020585439534;-0.0011972831062670003;-0.0009220357318027403
0.006552908779151443;0.002212063134380176;0.003025528104957085;-0.0003707704917807748
0.00771137402711849;0.0011405691460732923;0.004240780362804616;-0.0024149556344089723
0.008688470501426968;-0.0003184729805597857;0.0018093752562275108;-0.004211045716662534
0.009395423054006258;-0.0017174697731313045;-0.0027301749186840266;-0.0032313907416995588
0.009777984775140046;-0.002380290680979253;-0.006592325192102723;0.0007182895919802179
0.009822927686082866;-0.0015915006846479087;-0.007524945065359429;0.00545151513734703
0.009557035757054109;0.0009219783654258519;-0.005127950762126093;0.00821270207120882
0.009038658454833775;0.004494201950448484;-0.0008094038752467231;0.007767668852569469
0.00833779159113493;0.007514754199400652;0.0033877467609346053;0.005120794624361166
0.007507108840355305;0.008166271626239986;0.0060129914097035615;0.002453900544464181
0.00655880435645131;0.005538990666357204;0.006607005744972237;0.001315764017049057
0.0054651383602454745;0.0003379658519544908;0.005339445436057778;0.001523876434151499
0.004186120065216769;-0.005374764708940845;0.0025992895815483003;0.0014788416528044015
0.0027068544155706598;-0.009254684472134882;-0.001029855123467281;-0.0005075768302089984
0.0010599676037741426;-0.009859424440748268;-0.00465486227201766;-0.004829057129069736
-0.0006780395239360109;-0.007251051603795533;-0.007247442836307531;-0.009995438389207039
-0.0024074873805224966;-0.0027786387481011318;-0.008106961300083142;-0.013231263019012375
-0.004025618374304774;0.0017046917967203051;-0.0072093904967226894;-0.01205372299360043
-0.005435863523840026;0.004702972681926417;-0.0051579880867806994;-0.005990911595690335
-0.0065484337976893835;0.005609078898634192;-0.00287438604425572;0.002713721361021777
-0.007279347273117822;0.004747790855544598;-0.0013333153397392607;0.010130479074999718
-0.007551914584630585;0.003006554731938371;-0.0013794765419166471;0.012963871243820856
-0.007301937826003076;0.0012802211411993892;-0.0034237264291824324;0.01060430477585309
-0.006489073539147296;2.5968321263549024e-05;-0.007030515898960761;0.005328807726591605
-0.005116626255563757;-0.0008216030886489408;-0.010806411644307342;0.00044367763178433255
-0.0032561584382037557;-0.0015413291964122158;-0.012958866341140286;-0.0021099255765943594
-0.0010653100159791458;-0.002191161825574312;-0.012335903372799741;-0.0027168706025022873
0.0012161221862602575;-0.002450066217019322;-0.009235590819034908;-0.003015460512688944
0.0033012858316295727;-0.001907107027869537;-0.005316278193597234;-0.004057614287713324
0.00491767015325519;-0.0005365376171414945;-0.0025743769609115957;-0.005467585432845645
0.0058733594176930476;0.001111324528478668;-0.00211312034373809;-0.006153250003734671
0.0061006961322528684;0.0022291900844806905;-0.0036321316206459325;-0.005609451996002484
0.0056619064082756194;0.0023378253044061877;-0.005942756355650943;-0.00447190870514891
0.004721507691305993;0.001641794518955478;-0.00791719092169788;-0.003858843561266014
0.0035012208141060076;0.0008480652201905648;-0.00902785408052742;-0.004232321620951014
0.002230190232404993;0.000581554966258525;-0.009211108765437431;-0.004942014124070093
0.001097928825467955;0.0008512870481651128;-0.008459780998242638;-0.004905000370197591
0.00021871927113577052;0.0009860112668864244;-0.0066529294470794725;-0.0037235149649634696
-0.0003811949889688836;0.0001190171089654554;-0.003768005082426108;-0.002111754317528562
-0.000748669548475564;-0.0020999194195532272;-0.00024579682865472546;-0.0012207763085010307
-0.0009696348813591317;-0.005080773711715743;0.00286713257608771;-0.0015471870424521804
-0.0011331507620694016;-0.007512615328717719;0.0042641166259057214;-0.002478636422377639
-0.0013072708994452337;-0.008148193824595133;0.0031324722287415156;-0.002877692501529949
-0.0015305736959116518;-0.006652726914598127;-0.00016811574281147578;-0.002135712538214452
-0.0018152117420866206;-0.003924540945291186;-0.004075630593986457;-0.0007439973769618819
-0.0021540985467261775;-0.0016468465488962201;-0.0065971815623774984;8.80656761907922e-05
-0.0025264018284606323;-0.001359275718110466;-0.006434422867522882;-0.0005814131019254133
-0.0029006087282893935;-0.0036133939290704815;-0.0037632780313234583;-0.002603435649974314
-0.0032379389153048372;-0.007645637803057058;-0.00019655668170484242;-0.004662398711765307
-0.003497263020066884;-0.011682663411034131;0.002099237458320614;-0.005062193394592292
-0.0036403621158543702;-0.013728098104676748;0.0017140772482631013;-0.002957669652798386
-0.0036371862012223974;-0.012500977416905156;-0.0010321997923019666;0.0008111922530534897
-0.0034709087153803084;-0.008091378439886027;-0.004191755176911088;0.004042199701725125
-0.0031403856739174747;-0.001969920496991478;-0.005484122644156033;0.00461003061945183
-0.0026583569401958792;0.0036955668648362334;-0.00397987710605506;0.0020327993507692054
-0.0020484859979674067;0.007063286374472988;-0.0008869435463400624;-0.002037453657392427
-0.0013463481300683355;0.00742952471769693;0.0013047406253573917;-0.004841086121512635
-0.0006045076996224174;0.005414852333351568;0.0007316014631884122;-0.00434154507344109
0.0001049260284626466;0.0024777041055332027;-0.0024536012346161712;-0.0005206272622514823
0.0006969688067798535;8.588292048742088e-05;-0.006340241820661599;0.004750672392180469
0.0010895106897269961;-0.0009553069071778414;-0.008794863305484096;0.009002646895727672
0.001222423226512502;-0.0006728060135302198;-0.008897510681048259;0.010561863807655456
0.0010745196321924016;0.00038732744247374674;-0.00727006044909127;0.00918326703700807
0.0006745225337378209;0.0016415477708726196;-0.005342802229144818;0.0058081518207165955
0.00010084530862996216;0.0027724567111469325;-0.004277057354210584;0.0018765129781913251
-0.0005369548801331053;0.0036967052032357175;-0.004245894640027801;-0.001340526164092402
-0.0011386358247005468;0.004284817635297508;-0.00440134953124916;-0.003149108285913189
-0.0016670739722632923;0.0040900397830811825;-0.0034723930709972075;-0.0035258009952439814
-0.0021901458371233916;0.0023680524884005807;-0.0006766681016324391;-0.0028949319870361376
-0.002875090787503057;-0.0014801340549108549;0.003509644659068235;-0.0016567686953890418
-0.003908656278651159;-0.007205543116552513;0.00720060330613064;0.00026377741797072653
-0.0053507126832133475;-0.01321836021601087;0.007882348932546716;0.0034145169650447683
-0.006980198163757103;-0.01685228666960719;0.0040065632290129235;0.008148645908507082
-0.008233776793384313;-0.015564461471540763;-0.0033856736006207333;0.013694965642217168
-0.0083321216024628;-0.00851094353786269;-0.010305344605957941;0.017874122411054384
-0.006608968829259448;0.0025806354530489603;-0.011684369711077537;0.018176318767646728
-0.0029241187353758924;0.01396593924723336;-0.004802184046872958;0.0138135800309052
0.002059882461912293;0.02156085397603045;0.008335147955001728;0.007023162309908069
0.006933240158979984;0.022720290295558266;0.0220999091615292;0.001898962488524372
0.009969255218426608;0.017271974759114198;0.03112353028347089;0.0011275241892051578
0.009778179785295136;0.0075648201406302625;0.03331331027001497;0.0034005121354147324
0.005901133989530351;-0.002369682045001641;0.029562006649532357;0.00421441031592524
-0.0009314418276400278;-0.008389738688870187;0.02173021070328198;-0.00010413832862409652
-0.00899303713611831;-0.008120269269057658;0.011935667997282146;-0.008515132516726795
-0.0161112508340479;-0.002191588952609384;0.0032876952077029163;-0.01540543105090176
-0.020346575420801295;0.006098831041239995;-0.0005228325676939926;-0.015314210140061586
-0.02055445021436826;0.012684535782882193;0.002234824655922252;-0.0081625133149009
-0.016651884519702672;0.014983667746280113;0.00924337617036814;0.0001909498985969145
-0.009527340534739486;0.012999584722370085;0.015311626201621237;0.0029581420471185807
-0.0006685445070939353;0.00866207360523482;0.01608318404340615;-0.0015520167598855922
0.008314802371650032;0.0041752985529849955;0.01094979378796902;-0.008389872180341481
0.016081814645749808;0.000802356100549938;0.002962087479300621;-0.010224692666644719
0.02175679523731444;-0.0011281380483438984;-0.0036688917568289572;-0.0036718086855310876
0.024945645209325098;-0.0014983156006848537;-0.006340417368217389;0.007638868044700431
0.0256587224111985;-6.887373250083003e-05;-0.0052558592899653025;0.01573066861763519
0.024213268328644635;0.003005681596444698;-0.00252668128334389;0.01445153769758898
0.02113527976462163;0.006477196503340966;-0.0001528727462594529;0.004239385014403495
0.017050536923039927;0.008139460368126985;0.0013725577873143092;-0.008064676038979134
0.012564607426101122;0.006057868867932931;0.002764475521766954;-0.013978119524313945
0.008155558613125665;6.128978512502901e-05;0.004509196175248597;-0.009169554155220536
0.004110659212680308;-0.007698940969974303;0.005866304592517371;0.003575764133221338
0.0005222701017507057;-0.013656929774451675;0.005333610171753677;0.015936882170762875
-0.0026671518791557634;-0.014686376974493131;0.002129540243416713;0.019095968122696927
-0.00559600821560426;-0.009774147348018168;-0.002729617613061767;0.009245725379051268
-0.008411812931052833;-0.0005753910587916602;-0.006846040678313248;-0.00965411380623948
-0.011203887020261337;0.00935252968309837;-0.00811583643932854;-0.027638631619390775
-0.01394075535280732;0.016108969692790246;-0.006266165307676687;-0.03430010861686992
-0.016423753733746608;0.017004129439476417;-0.0029349356081151564;-0.025100424108596035
-0.01828660375118655;0.011538541185533827;-0.00028521330675680185;-0.0045574152519962715
-0.019068393061007872;0.0016058488308104445;0.0005665058569387089;0.016036472332772285
-0.018351806591045697;-0.009092507169733187;3.0130415245489247e-05;0.02531859718254346
-0.015914608373288813;-0.016351683713827975;-0.0006874541311814815;0.018816326972788813
-0.011828943356279664;-0.017175580646250545;-0.0006131477088674143;0.0015480030541563108
-0.006469057562562002;-0.011187762003697423;0.0005223074118761011;-0.015498600586170924
-0.00043007911304620796;-0.000911627705683159;0.0024370989278155895;-0.022542858547775012
0.005605606316735198;0.009391053603164709;0.0045842262912108205;-0.01687423649805662
0.011001931802151919;0.015745396324916523;0.0062727427441291944;-0.0035815697637565447
0.015257397781525043;0.016221980366860803;0.006785259090668689;0.008754882472482944
0.01803377101468378;0.011509229491450805;0.005701563799305572;0.013760378311132956
0.019147943574235913;0.004164022086810314;0.003308331447073452;0.010341071785202117
0.018563303768115543;-0.002822306104146928;0.0007605926343371109;0.0019194550897591906
0.016399949096034407;-0.007271359822399209;-0.0002794150126384976;-0.006391663533591561
0.012955853734051585;-0.008367720336631254;0.001413056867990781;-0.010404492622902758
0.008711861529902927;-0.006539264533520476;0.005484745860406274;-0.008405668953301396
0.004287169728627224;-0.0029914998287975812;0.009602388793139828;-0.0016471881210949474
0.00032711183266772215;0.0007984123340656963;0.010573811952921433;0.006412176384225987
-0.002654326948478023;0.003476839305618131;0.0065430094986921525;0.012054549344532093
-0.00441249293914427;0.004075309096527503;-0.0014180710197076376;0.013346257793775636
-0.0050196797427700035;0.002182693441564141;-0.009752848709245861;0.010859262186627295
-0.004794595527571319;-0.0019187550080459067;-0.014676996148079676;0.006769958588859496
-0.0041509880112488426;-0.007180363618060852;-0.01453640337217701;0.003344468976790066
-0.0034429646617101;-0.011930083256969218;-0.010544739595234517;0.0019338820458616054
-0.002873310477556029;-0.014381327662330726;-0.005539003226521934;0.0027476786324700493
-0.002484964164466514;-0.013419712401935374;-0.001883897893183248;0.005029382889915078
-0.0022125223370971264;-0.009265368057680749;-9.07520567224633e-05;0.007360416995611634
-0.0019530933415819712;-0.0035270829522916903;0.0010265537924187055;0.008165161837581904
-0.001623240267184862;0.001515508752884952;0.002970563850688343;0.006451389588156233
-0.0011881133005196066;0.00402523374262015;0.006064136645828504;0.0024507704630116734
-0.000665959491471103;0.0034333732519310953;0.009022055863937924;-0.0023469268940600474
-0.00011784915262796218;0.0005222676500331115;0.009940077385289181;-0.005936078628901498
0.00037022775647302223;-0.003159524034649831;0.007822639322505352;-0.006877213021548912
0.000710191061698422;-0.006118114091469844;0.003330528547383633;-0.0049932802438055635
0.0008366792223280162;-0.007533362386733865;-0.0017370705670739295;-0.0013100363237311726
0.0007267695147458512;-0.007431105421861314;-0.0055804421820094905;0.002532635361257918
0.0004056618741795659;-0.006417249629540488;-0.007245204035824448;0.00497367067698461
-6.596602755229505e-05;-0.005206168494162566;-0.006812660332056952;0.005105399141290713
-0.0006177636668207593;-0.004245010645862744;-0.00510577499025501;0.003023078101989806
-0.001195657386928765;-0.0036043705094443404;-0.0032062097351440977;-0.00022580489107573208
-0.001774736329883175;-0.0030926423234776384;-0.0019925467974954143;-0.003176506469498941
-0.0023539995797887837;-0.0024309966228918457;-0.001825827002171685;-0.004721211450714758
-0.002938951757024463;-0.0013668560846919352;-0.0024505313067298895;-0.0046522926078069815
-0.0035243641096552414;0.0002815059040616344;-0.0031442148133640816;-0.0036362890449770286
-0.004086798742213936;0.002594367183866125;-0.003107953661914437;-0.0026661155707146324
-0.004587674168197972;0.005497667358178262;-0.0019600569370690065;-0.0024025119881401456
-0.004980995780957233;0.008703667852122676;-1.9582640402223855e-05;-0.0028937703664574078
-0.005220945179612417;0.011704865998904811;0.0018957738516434215;-0.0038230999203833706
-0.005270112698489233;0.01387958171977365;0.0030374324273151035;-0.00489864584956361
-0.005110914336939312;0.01470237982068722;0.0031527266064146917;-0.0058548762331427145
-0.004756983919496661;0.013968562511474556;0.002423578280513118;-0.006086560507398819
-0.004254556659014279;0.01191052515152633;0.0011484976699715817;-0.004608994520811421
-0.003666607116498092;0.009131051981869923;-0.00036781654395485536;-0.0008755568419606225
-0.003045837638794793;0.006374066540344023;-0.0016809894984236465;0.004075521941929502
-0.0024138344591642376;0.004230983921589073;-0.002245634308690208;0.007474192725268151
-0.0017603304196087699;0.002894544467480848;-0.001846901723534409;0.006423365631815482
-0.0010614092930811743;0.002047859223839429;-0.001035345640425245;0.000358477499465497
-0.00030311313423498417;0.0009627076626138951;-0.0009439717568498268;-0.007702790592811198
0.0005028937215361609;-0.001148574617858305;-0.0023878728088530432;-0.012611367894767054
0.001315608722988116;-0.004610512421211104;-0.0049664403380436225;-0.010636016443191886
0.002069527372667834;-0.008876757309954634;-0.0071207442791706;-0.0025057067014558503
0.0026854240546844398;-0.012594114178766509;-0.007305861487577895;0.006702788797373997
0.0030876461041066954;-0.014250283878747654;-0.005285956783288819;0.011089183499217102
0.0032250323764350954;-0.013071910259341606;-0.0023077586977814056;0.008173759752925948
0.0030853888487686206;-0.0095620085958061;3.309229272225005e-05;0.0004664278437576037
0.0026944441275562297;-0.005242695477604684;0.0011142698239505278;-0.006721603800721684
0.00210247624208707;-0.0017321770298789096;0.0015341966843224603;-0.009216439094422501
0.001373379466334771;0.00019030506187824666;0.002167417768736469;-0.006566380224990579
0.0005873422198689808;0.0008568906968757099;0.0030859539674657583;-0.001608057230542944
-0.00014946323586076399;0.0011870312801115235;0.0034394342465332117;0.002231883722810532
-0.0007082725392526348;0.001862426707981921;0.0023867867854790326;0.003566994662962871
-0.0009683456591065405;0.002857698856688542;0.00015072806111706474;0.0035595156559515436
-0.00086738167661683;0.0035974230284448617;-0.0018872237693947922;0.004173461750392569
-0.0004429947295145059;0.0034944979315091615;-0.0022693384123079626;0.005997005206487317
0.00016791716025378714;0.002414484880377073;-0.000781571631389737;0.007659049608835206
0.0007834489989685076;0.0007688076411852919;0.0012667131541635294;0.007206223921428221
0.001258764819587362;-0.000757567337153085;0.002161025645469486;0.003999334879985754
0.001546726737137878;-0.0015956438084044867;0.0013207924498148543;-0.000615614786722013
0.0017015171517612657;-0.001495413116353464;-0.00014390261607004486;-0.004350837149580456
0.001831057058160619;-0.0004475279381196871;-0.0003694037146764793;-0.005708926990422802
0.002037823018960066;0.0014657045732223394;0.00164524471869526;-0.004913601334193538
0.002385973443813943;0.0040353687745654405;0.0051123318325604974;-0.0033849973848829834
0.0029014269814510068;0.006739658309320351;0.007957234709272733;-0.0023949346240435725
0.003583494107208237;0.008701120703032127;0.0082921905298095;-0.0021346837612723963
0.004406869938342528;0.00899648407167271;0.005689370933908794;-0.0018797083465042141
0.005314191011097654;0.007179762659639166;0.001369903519560038;-0.0008739821721783413
0.0062150424395442695;0.0036336125241722313;-0.0026613408655960184;0.000969313581024633
0.007001729589998056;-0.0005325989594994115;-0.004792070790489696;0.0030665747135945006
0.0075749696107997805;-0.003977726944580579;-0.004511549085199548;0.00465281630354032
0.007863437299937909;-0.005696931375154749;-0.002364792529537309;0.005243349374722482
0.007827222749337743;-0.005361156062560956;0.000593430874458627;0.004795059703938124
0.007448470778249644;-0.0033474341087684043;0.0033739014708285896;0.0036504349926031543
0.006721097768098986;-0.0005837782653683159;0.005349562029516255;0.0024188876951216232
0.005650401198609048;0.0016449393120797958;0.006270417449818473;0.0017880961019953276
0.004264622057153235;0.0019302279799269407;0.006157082236882226;0.002182251487578693
0.0026297555263161245;-0.0008505004410697722;0.005175182678509277;0.003354734600470058
0.0008526569723501997;-0.006882031331037806;0.003467357099567565;0.0042450651862166915
-0.000939198418172522;-0.014761526416601934;0.0009363196881636342;0.0034237557165600436
-0.0026398037236313805;-0.021417431102479022;-0.0028369829512736354;6.47567657012214e-05
-0.004210907646658888;-0.023107122718252767;-0.008246784246735158;-0.005133795452151436
-0.005706328790735063;-0.017354203922499492;-0.014892518283683168;-0.009856577640924926
-0.007253191520921323;-0.0048023267863690055;-0.021004918259553;-0.011263325143540602
-0.008985116436432029;0.010351185258476125;-0.023914232299430974;-0.007763791635754289
-0.010944807248139283;0.02196101014347078;-0.021633845708351165;-0.0002919854264105042
-0.012997484053373094;0.024881655593737374;-0.014409817371291258;0.007973520249246479
-0.014808160152423094;0.01759642054703667;-0.004848870989900226;0.01346457806513927
-0.01591558419155893;0.0029792178131891815;0.0035413282592276795;0.014392115943968916
-0.01588651821219536;-0.013187039660445142;0.008197771428927;0.0115406048766296
-0.014486413911442494;-0.02493815708505446;0.008461338999853176;0.0071114019782471454
-0.01178640433007964;-0.028560524737941084;0.00540675940426529;0.002823280706111181
-0.008152411964827305;-0.023686229063586195;0.0010881844928139095;-0.000992073884608746
-0.00411889412529233;-0.012910888490808865;-0.0023509116451641975;-0.004857674288721601
-0.00020609908174422966;-0.000425273083457284;-0.003559893401791571;-0.009159096453033139
0.0032357591083972356;0.009666216590634094;-0.0025800541014752206;-0.01366676253986263
0.006090262998944732;0.014765557101391715;-0.0007377378880893356;-0.017662183236302302
0.008432403596233973;0.014522493714023617;0.00021025892621453796;-0.020261786688705843
0.01042068794279581;0.010653892044422799;-0.0008371708867719864;-0.020679760870846976
0.012186670670746302;0.005904522133441904;-0.0036444995027487734;-0.01847778836283293
0.013765770379363908;0.0026298754458653163;-0.006690568196993461;-0.01389910915261787
0.015080593638057731;0.001731540296463956;-0.00791396302195536;-0.008100929533495867
0.015968443882656228;0.002500766463669917;-0.005858864026736227;-0.002857830932426043
0.016236892597032326;0.003371816065288275;-0.0007109996226082211;0.0003829049345252061
0.01572500195116084;0.003020965193729955;0.005443605217852574;0.0014712322066508096
0.01434650020822888;0.0010936036039398281;0.009592773759752541;0.0016193672353458203
0.01210307122599018;-0.0018026920658422727;0.0096197284638563;0.0023641686302051687
0.00907475634464259;-0.00466232445564458;0.005672926783198495;0.004341564134922345
0.0054032976911547485;-0.006716061905769732;-5.586795142769158e-05;0.0069651722903949845
0.0012774807007243628;-0.0077229073939240655;-0.004922738029149364;0.009101380314180512
-0.0030805068960293317;-0.007836577162020084;-0.007408977040118213;0.009879086830738362
-0.007430985746875806;-0.007281891694379009;-0.007542921016660351;0.008927759946076648
-0.011535151881574184;-0.0061554320770986415;-0.006221365499283462;0.006205924015921908
-0.015173025618280466;-0.004486666754428153;-0.00432640805627797;0.0020128943814606702
-0.018155748518548877;-0.002449490445190169;-0.002370569238025283;-0.0026753392241789724
-0.020326896142386565;-0.0004953842145855012;-0.0006683692555956927;-0.006109578083527327
-0.021554481321135133;0.0007651607983204605;0.00044719470245682533;-0.006532589781116236
-0.021728266724100963;0.0009445789057471324;0.0006876166976510774;-0.0035999356881989174
-0.02078213670563565;0.0003411514519869322;7.339259727203682e-06;0.0007524789544516528
-0.01874424135126015;0.0001425805436182404;-0.0014011034908569654;0.0032280479890825007
-0.01578518276668985;0.0020354721539271674;-0.003369000672205385;0.0016939134037099117
-0.012216049864579283;0.007187994903519768;-0.005925899353990529;-0.002668773779710203
-0.0084070475427456;0.015099156985859312;-0.009077271730738756;-0.005807180915641071
-0.0046454479285766735;0.023177633862888368;-0.012391784344982061;-0.003949362924195398
-0.0009971000572107454;0.02767851595164326;-0.014930844589448903;0.003124209804879926
0.0027473487640126966;0.025735837077350596;-0.01565711700133087;0.011731127408252166
0.006980038569529104;0.017269929122396267;-0.013872400224506639;0.01728247838178947
0.012030792919389388;0.005389636818109048;-0.009353684103171977;0.017871766300259034
0.017844339790788956;-0.005135291789932356;-0.0024130290195157555;0.01520549205786932
0.023732408186079714;-0.01039555830525704;0.005937815726215691;0.012269359200610437
0.028376986590032814;-0.009277891693688508;0.01404265417329551;0.010255756290996737
0.030186907430214877;-0.0037548538281119825;0.02003621932964817;0.007807603585838791
0.02793059125540455;0.0024025670556448494;0.022237923670043836;0.0030642513126017787
0.02136187406383839;0.005581309780539704;0.019430285871101016;-0.0038846924219919413
0.011488629196423536;0.003938996349688072;0.011671446011287922;-0.010612450437076745
0.00030718379757490113;-0.0019301121909000081;0.0014833599234366367;-0.014107610467061426
-0.009870533609873373;-0.009424506746799267;-0.006347694836390628;-0.01288101876676834
-0.01716385963980037;-0.015267689667039692;-0.0075012363638106115;-0.007879815744549412
-0.020625305442664374;-0.017167618769801822;-0.0015148550512227043;-0.0018441700929757393
-0.02035379863064366;-0.014897345772817346;0.007559444420762743;0.0023711714428401517
-0.017268021646688968;-0.010097677300746802;0.014189888865354425;0.003476482103829769
-0.012696390131495174;-0.00496684034985543;0.015338375478084965;0.0023624973317146244
-0.007952367054365295;-0.0008379612924574613;0.011957660988412866;0.0013015351300349261
-0.004020605696418765;0.002329139499771277;0.0073361298794011685;0.002324787766875853
-0.0014140783606068647;0.005318785781088908;0.004359434595004215;0.005746638770553467
-0.00019377302182533088;0.008579125430801296;0.003952174538520489;0.009637810615175315
-9.23297073146651e-05;0.011622764936950237;0.0052706099270383115;0.010700807285052292
-0.0006679966115546195;0.01329715708376629;0.006781071874528531;0.0063927788675754065
-0.0014342095465434946;0.0125748167302924;0.007225622595086372;-0.0028167867128911345
-0.001946348646500587;0.00923891449751815;0.006083332012311416;-0.012788714049290282
-0.0018573616850265711;0.00409416042357172;0.0035833879315783027;-0.017701983806283666
-0.0009607095790193472;-0.0013043052519082963;0.0004299544817318389;-0.01380805232629092
0.0007745577363722059;-0.005231753445524052;-0.002567332178973571;-0.0023991957816912888
0.003187414983963643;-0.00645776726152802;-0.004739309952077188;0.010403353090500538
0.005941887274676474;-0.004734734722465585;-0.005602068902118459;0.0173052067806754
0.008584969661737944;-0.000888631951436251;-0.004869080705900047;0.014626456525348072
0.010641362428235981;0.0035450825762427113;-0.002637832490810691;0.004870391262881364
0.01172872588363171;0.006961361424476867;0.00034302158257621404;-0.004897144306744786
0.011664977626637287;0.008272957112733063;0.002728025682975991;-0.007919298929164998
0.010530616389928152;0.0071862305178144684;0.0032024583278111277;-0.0025318154749499207
0.008653182275711681;0.004147181763088367;0.0013506537569063584;0.006592144918984077
0.00650522811383518;0.00012990240474471183;-0.0019636784978226927;0.011767618699220252
0.004545431656250163;-0.0035922464612880207;-0.005113119797639544;0.007899295961022573
0.003063481814394;-0.005718764703293349;-0.006738205801840401;-0.0036930921636339933
0.0020929156953080974;-0.005313269536181336;-0.006457705112280286;-0.01601029288125692
0.0014298288265702107;-0.0022316593148463825;-0.004755499366550798;-0.021058646209082363
0.0007532298097378665;0.0026625503377581813;-0.0023187394997125246;-0.015027740731151913
-0.00019961158359878332;0.007699207038871089;0.0004517668639413226;-0.00041157587943969155
-0.0014801325893575544;0.010996641650425184;0.003327582602444897;0.015964805231138565
-0.0028773927283635807;0.011218155139833794;0.005787427662783733;0.02711988233004699
-0.004006088124641351;0.00817478833236454;0.006846801318372534;0.02929927372439261
-0.004494310009994982;0.0030113666533384837;0.005612678664623814;0.022874251876282708
-0.004169041863512393;-0.002137266895015278;0.002352716412863464;0.011240936426598284
-0.003137374254171585;-0.004949962568715905;-0.000827942678975947;-0.0008884642396027823
-0.0017268057305881318;-0.0039368948603696755;-0.0007610646478381441;-0.009189071399985697
-0.00033113152683921437;0.0007405759922990299;0.0045434588817592466;-0.011491361012186214
0.0007473234317705236;0.007121415726890644;0.013875992770974831;-0.00901138309613958
0.001383867076699921;0.012204467740506899;0.02307460589186242;-0.005734514249396937
0.0016223088272009523;0.013320067853430177;0.02762062625081356;-0.005738694795952776
0.001596968787082766;0.009392338717233613;0.025365278720334502;-0.010324464662512224
0.0014400769119392149;0.0014507473571065638;0.017264747582514475;-0.017264118544974335
0.0012263298636289474;-0.007793688565867838;0.006167003932173816;-0.022578471648767914
0.000972599758498761;-0.01507743653716489;-0.004820373397318648;-0.023162244969703136
0.0006685418902017115;-0.01796223137810473;-0.01331622058721308;-0.018355170341454837
0.00030098388061239236;-0.015911355118203952;-0.018025083539563506;-0.009845431616201186
-0.00014058825256410575;-0.010605644595517473;-0.01879548233358921;-0.0004897534716625142
-0.0006620542907598525;-0.005330759936616537;-0.016411178140543103;0.007063634466184243
-0.0012506508584681207;-0.0036022467982592473;-0.012069603854489172;0.011329529236711423
-0.0018551816960357128;-0.007482689870941981;-0.006789386076917287;0.012231512710268158
-0.0023823282693747417;-0.016284307108636868;-0.0011690033699847068;0.010667539922312832
-0.002724672902589719;-0.026396458164155666;0.004338645113532467;0.007763495911261383
-0.002814496604199633;-0.03261708280955399;0.008975831861015124;0.004351718476448626
-0.002677284310550699;-0.030613324420784634;0.011675913329608326;0.0009700256728340484
-0.002453826723921231;-0.0193327646997376;0.011786508198468474;-0.0018301043803582383
-0.002371701839668706;-0.0019305018789300109;0.009928040935126945;-0.003349556249149381
-0.0026672663026324067;0.015493262142443091;0.007885923292946706;-0.003037284149558679
-0.0034825792407377934;0.02671864719016523;0.0072040092375490646;-0.0010211284658758564
-0.004783919218850295;0.02825619854334989;0.007650011808828109;0.0016170980462783969
-0.006350830203709676;0.020766707585918424;0.00716831183927079;0.003273033211493782
-0.007849899497127047;0.00842972804162218;0.003579207007434802;0.002877906231051125
-0.008956443309410847;-0.0032814944245279994;-0.0034298610945875116;0.0007280771954907697
-0.009461151011719354;-0.010156819455804898;-0.011716219613300792;-0.001819594347658716
-0.00931215781215657;-0.010819072122601945;-0.017881038766266403;-0.0035746384569322978
-0.008581715587229729;-0.006694251674379472;-0.019251956550552014;-0.004405317023439801
-0.007388331068411069;-0.0007116394538299842;-0.015355561772297901;-0.00496106430352566
-0.005825799909433012;0.004348987806621437;-0.008160106295105577;-0.0057252249852496676
-0.003937604383358005;0.006980382394055416;-0.001024242159487029;-0.006485376045518222
-0.001741617028284757;0.007166203641255552;0.00312112467439776;-0.006646491745579778
0.0007198241042512413;0.005878894406902755;0.0032833681643866866;-0.00586564962316863
0.0033401886750512523;0.004320234226220688;0.0006077254129870499;-0.004286056229541204
0.005944461378406971;0.0033362505052687884;-0.0027497548195532344;-0.002269402921957156
0.008321846639435804;0.003222161628372972;-0.005056611837556804;-0.00016432986925891415
0.010275089691645395;0.003869135635101729;-0.005690841654204904;0.001478960769254781
0.011658139421007943;0.005036446726684159;-0.0048822127481799775;0.0016009169898044196
0.012384550882213604;0.006541298181644585;-0.003103727126788603;-0.0009588233296273983
0.012411758788158006;0.008285000419644528;-0.0007749664101162115;-0.006132328655069525
0.01172443678498908;0.010158339492373113;0.0016271622058639994;-0.011472823571759393
0.01033720327280212;0.011927796656735335;0.0034943182798694676;-0.012835064016234302
0.008314330213990207;0.013205973993677513;0.0043590501465776655;-0.0072271991566887385
0.0057844828359705095;0.013571195342764086;0.0041933105312228205;0.0041465493755885605
0.0029324627188071065;0.012798643758867172;0.003237816460529349;0.015543546346685812
-2.870270231446801e-05;0.011014186592185312;0.0015131857985290842;0.020045027131459583
-0.002888053095380619;0.008561576139438245;-0.0012702858169290183;0.014415215261163726
-0.005458009983364081;0.005645537769907073;-0.005086677113643909;0.0017012016171824623
-0.007588360726966431;0.002144945313935189;-0.008882085819523825;-0.01058483005782539
-0.0091766363041425;-0.0021006220929545303;-0.010758470611873567;-0.015450175696530195
-0.010169877555856905;-0.006767498601427269;-0.009295076834269332;-0.010883390257789092
-0.010549825550316713;-0.010885152814087;-0.0050460423983222785;-0.0005929376312095902
-0.010306729407661974;-0.013318503408655934;-0.0007721610112593725;0.009152373388834135
-0.009423930301679114;-0.013509379475740645;0.00014602071562512908;0.013794506887373598
-0.00789287846081797;-0.01180088625911991;-0.003928016703438275;0.012741424966397805
-0.005752296057902202;-0.009060435020733145;-0.011583593549360388;0.008683039902821073
-0.003120565364511881;-0.005983471244269229;-0.01915115262169164;0.0053101519166671935
-0.00019316878089298481;-0.0027453196954015714;-0.022970719550642556;0.005199621554647574
0.002793919086295107;0.0006927080996613847;-0.021496104903386232;0.008723668325778353
0.005605715504657312;0.0039666514033765;-0.015869695346964523;0.014105122257291472
0.00802601040740276;0.006037716419999459;-0.008801826423839077;0.018493597717737544
0.009852119115969699;0.005616745057701787;-0.002762559414194064;0.019548039829216737
0.010894760216612688;0.0020348307324050807;0.0012068935228348218;0.016536137903316678
0.011008480566189693;-0.004069590139233916;0.0034735606267817473;0.010232884046550294
0.010146961224216487;-0.010769925641480934;0.004988300791622945;0.0019826155770914654
0.008407639356376609;-0.015631725077415965;0.006456277731576537;-0.006982279541772405
0.006030667473846296;-0.016846554987356238;0.00796268845965168;-0.015393396252544388
0.0033475768306425475;-0.014137047684301181;0.0090180347902015;-0.021554688172374614
0.0007057325912277282;-0.00895975961610073;0.008848624391767182;-0.023679891311142016
-0.0015998430326030469;-0.0038341726898432674;0.006874853170019369;-0.021050362355613264
-0.003372145432119362;-0.0010771377306314817;0.003246269210918064;-0.014946331515034567
-0.00453455200104716;-0.0016267264554591394;-0.0009576949837694431;-0.008241553393671863
-0.00512792630400717;-0.0046539709574133165;-0.004184286072003645;-0.0037229078167365236
-0.0052770685688150135;-0.008173656359752219;-0.005304629283296629;-0.0024230962605685507
-0.005131661930276369;-0.010212040682731668;-0.004285539826957184;-0.0032742513580347192
-0.004804599457129935;-0.009776070439235793;-0.0021202762617408464;-0.004223333919393053
-0.004337364424579804;-0.007103869219901519;-0.00010049100273720719;-0.003802237126460884
-0.0037120541115675835;-0.0032207367951689295;0.0009937872956485955;-0.00198950026942115
-0.0029073184409158983;0.0007516880886287384;0.0011995616219660765;8.654611905881995e-05
-0.001967355393532974;0.0040523585256656116;0.0010166692578706395;0.0011967824942704806
-0.0010324541190497613;0.006317764337450705;0.0007583658690221108;0.0009703218321391217
-0.00028603258658667374;0.007353099343330966;0.00019191353833077868;8.750277006714708e-05
0.00018443084309930304;0.006941698118043331;-0.001186657645518149;-0.0003665488776796692
0.0005518481332416371;0.00491041391988092;-0.003433240114686271;0.0001496787294011655
0.0013295395715750777;0.0014403965813770791;-0.005618126271598068;0.0011252737743209014
0.0032614080776398576;-0.0026194829907313076;-0.0060887870032907835;0.0013705263368297752
0.0069955117572445295;-0.0057798190730688846;-0.003605153703411968;0.00011495026602177648
0.012645022245055725;-0.006484644496493555;0.0014226791509748234;-0.001946696807081529
0.019453574754193084;-0.004065915612304539;0.006837157774838713;-0.0026837663170455454
0.02579591812190926;0.0004993119446393872;0.010269677680610647;-5.1978340592158585e-05
0.02962013049440175;0.004714546634510997;0.011028990568922278;0.005829959355250967
0.029208268553243218;0.0057979386522933815;0.01031200392775552;0.011898669623319204
0.023916551338523245;0.0023845965853299214;0.009524847858902905;0.01379065496688128
0.01451648312074384;-0.004484486289064309;0.008854056442118311;0.0090488081128107
0.0029587971335550975;-0.011825967690213034;0.007753938105763405;-0.0006076759867336209
-0.008311891123499577;-0.01628823226828051;0.0062593618873994965;-0.010155135827212445
-0.017164124968613945;-0.015818684816453685;0.004987822285969033;-0.014964620083880052
-0.022380268568729142;-0.010572343173258957;0.0038426436348773718;-0.014186969306766996
-0.02386598853270892;-0.0027596480208709646;0.0015366535615824438;-0.010669448789237625
-0.022464684707058733;0.0043924665939793954;-0.002949847057340449;-0.007636948936499963
-0.01951311372350705;0.0080704456646828;-0.008500428998826831;-0.005600337572236012
-0.016340721141355964;0.007079903530061849;-0.011825062911037009;-0.002453748752208892
-0.013899142559039453;0.002357746919159112;-0.009618590480242393;0.0036675504052603104
-0.012617305659877658;-0.0033926828522753516;-0.0011855695918564257;0.011739010823982977
-0.012456636151939775;-0.006854588164869243;0.010545950339670155;0.01792589484189763
-0.01306354325183882;-0.00567119914400859;0.020435783530867745;0.018369862341350233
-0.013922479732986442;0.00022553304769918752;0.02411217458936917;0.012341131926026752
-0.014472877473393127;0.008306169115120193;0.020627855276068932;0.0031105449486528007
-0.01420622514645026;0.014577274279524774;0.013016278561149926;-0.004198057993616051
-0.012768601919442353;0.01574930195488411;0.006235099709882133;-0.006034806894350747
-0.010062606335001346;0.01118513097450807;0.003773281355930964;-0.002524391081946968
-0.006304380221191655;0.003288688174105254;0.005350668556248504;0.002997959429234343
-0.0019882584877090018;-0.003986970341254136;0.007519543156402622;0.006230573505886288
0.0022438065164057837;-0.007444253224464958;0.006667123665826869;0.004342473938289141
0.005775361032169453;-0.006190538492987462;0.0018347607673536287;-0.0024900450425629993
0.00816202958170916;-0.001646165902735418;-0.004923033990417601;-0.010981406872469483
0.009212978939180919;0.0035653369074148938;-0.01047736557229757;-0.016343065949801616
0.00900877188556121;0.006855380150061194;-0.012768968774156132;-0.015131028269998388
0.007871099750265;0.0064074135180729646;-0.011468605871411647;-0.0076834906374556354
0.006288761753600891;0.0015014980820570948;-0.007276146323008087;0.001758238997375286
0.004798232095056705;-0.007173127562991367;-0.0011190596751468134;0.007699792964320946
0.0038363902799112165;-0.017164901927192618;0.0058975363765635044;0.007106288476599157
0.003609938740881851;-0.024380027226381128;0.012096539723447652;0.0014252766287590382
0.004029727270095331;-0.02427845148254793;0.015308547676475801;-0.004685809000855937
0.00473573050998565;-0.014065365369893822;0.013872725472426179;-0.006896485422613364
0.005211490960658279;0.005211726301324319;0.007973770117612274;-0.004070355791260866
0.004966234911517983;0.028178010276617843;0.0001359909462070699;0.001712391283213715
0.00373640925815688;0.04702814604264866;-0.005832759137289964;0.007315139817431399
0.0016218980090485881;0.055040026231248006;-0.006993023234916459;0.010370417051381744
-0.0009355965739607158;0.049781601686688826;-0.003238879861299795;0.009517156943148126
-0.003352779928761834;0.034207853299306104;0.002183698428562932;0.004334469518744247
-0.005177912880615765;0.01510719991866823;0.004225916748272618;-0.0036001019052215727
-0.006262308192710092;-0.0001861516294288241;-0.0008083779111285285;-0.009678848191744815
-0.006724141380806624;-0.007086180722973193;-0.012281310644800283;-0.007925359873702282
-0.006752665786535665;-0.005394575647843967;-0.024731457179166496;0.004370423963240311
-0.006408849512081271;0.0014808462888033366;-0.030886677816356477;0.022816297136076698
-0.005557758914569981;0.009024190903507477;-0.02657045098874603;0.03733624493970321
-0.003954759857088663;0.01400433461110612;-0.013998991245768559;0.03890482165636461
-0.0014071006838837143;0.015273640544131623;-0.0006520637816814532;0.026366228499273753
0.002089685911274408;0.013034707396790472;0.005829767815750389;0.007494002012609444
0.006300419950286599;0.007832026534238222;0.0029007392678592355;-0.006709105094796896
0.010788520688003105;0.00029697276214537443;-0.005556804523673038;-0.009797436564105443
0.015013308179427804;-0.008434365190597782;-0.012591925652633047;-0.0036403019839164785
0.018449051722722536;-0.016460506047221567;-0.01327010199392324;0.004269406463472448
0.020693557396084236;-0.021624390394822324;-0.00760467390921883;0.007087783817411025
0.021536457724630018;-0.022570066239786118;0.0003623699175878333;0.0032608661921372665
0.02096647385050918;-0.019493993573444297;0.005977825876569934;-0.0035448473182525565
0.019123239496933734;-0.01392765294144485;0.007024558899723499;-0.00816292923435164
0.01622732189325277;-0.00773253144890171;0.0043963713882650465;-0.007788593738523052
0.012526536302144137;-0.0021635956737517106;0.0005657635606981718;-0.003232605513561617
0.008274227921115073;0.0023045586957263723;-0.002435740316641649;0.0025660338547864184
0.003728289745653495;0.005490446283060531;-0.00394357279374759;0.006880978858326426
-0.0008495798344959238;0.007047842733746672;-0.004244435473228172;0.008476587240092148
-0.005205779368454776;0.006556983901476358;-0.0037051927291586037;0.007372212125711633
-0.0091153018419316;0.004018205137824655;-0.002364267495703786;0.004014573643189618
-0.012400482252829897;0.00015880808141250166;-0.0001639179515664747;-0.0010558366034708142
-0.014939214700151877;-0.0038343551623506705;0.0026034782390435903;-0.006829382370862808
-0.01666072351443244;-0.006966963795425021;0.0051252595830515455;-0.011456858513240872
-0.01753286731338458;-0.008936003185176272;0.0063841489575262155;-0.012743212707894582
-0.017548490874065723;-0.010088749252141618;0.005803949582061889;-0.009572657272843683
-0.01671957499452833;-0.01088877401917575;0.003773807446094605;-0.003246711600570337
-0.015082845536273154;-0.011304901547666973;0.0015824111147537743;0.0026291339125934427
-0.012709915012155355;-0.010624546181627885;0.0006843082419020401;0.004159657145924357
-0.00971062774019829;-0.007926214845523534;0.0017700553221335227;-7.515961045678122e-05
-0.006227863666050562;-0.0029519566105633793;0.004310500115242998;-0.007632706870658247
-0.002435648570884252;0.003261536775692529;0.006879762500719076;-0.01361689146037107
0.001448182574914482;0.008559150481023363;0.007994191359817009;-0.014108757023659949
0.005142898021893633;0.010675883601395205;0.0069308383906507695;-0.00894260532673339
0.008307835546023984;0.008496068242508011;0.0040981398526659975;-0.0015273085371487302
0.01059297688385532;0.0027767454742325544;0.00080437773792674;0.003993371528660756
0.01173093667729779;-0.004111014654648258;-0.0014473108579220431;0.005622438785579225
0.011625692482365316;-0.009258694761129822;-0.0017728289671310898;0.004132033560849905
0.010383750211556016;-0.010523085223377535;-0.0003809392563987991;0.0015763330759050239
0.008269467186486506;-0.007454362684525263;0.001578649276573878;-0.00039949824819517885
0.005619275839277275;-0.0015090333029821744;0.002719847086207394;-0.0011460201666554505
0.002768862731785912;0.004520741253797758;0.0022623565909338297;-0.0007920860781030817
1.851626894810551e-05;0.007693583487558534;0.0005098185909779788;-8.900290771537562e-06
-0.002379419096389458;0.006287703977925695;-0.0013122792693654548;0.00021012938619119204
-0.0042392363598178166;0.0007149518939754724;-0.001781200925600717;-0.0008450282631698323
-0.005471862833100549;-0.0065706974341308505;-0.00018801601874908396;-0.0028399305326797424
-0.006102599759466199;-0.012236625109620744;0.0029216635158866512;-0.004358123145899456
-0.006251040227393037;-0.013721018078975777;0.006044938176631977;-0.003957301435335723
-0.006073827341892279;-0.010448893106035875;0.007783302831263117;-0.0014972570622946
-0.005698785422458314;-0.003973520121721455;0.007867368911171515;0.0015120739609087311
-0.005184699435492861;0.002931394534345461;0.007185694322688238;0.0029657854212408654
-0.004523328985130159;0.007639828117245634;0.006712132499433435;0.0018197358837060912
-0.0036749824261676197;0.008775093789961589;0.0064041896368019465;-0.001008620970089795
-0.0026134297467280765;0.006594549302539797;0.005292007777680603;-0.0033053097191931106
-0.001356599504468586;0.002630415406900373;0.0027077812014500856;-0.0033084097960403808
2.858707186817109e-05;-0.0011379879909091566;-0.0007051048170726411;-0.0010689056176768665
0.0014440053623260725;-0.003176342072625515;-0.003320434436202395;0.0016997932698797073
0.00278663677170769;-0.002952670509790365;-0.0038268198651098045;0.0030036138944857255
0.003967811410766171;-0.0009418076990273641;-0.0022161635824739434;0.0019308245043144494
0.004917904052478551;0.0018198480672478067;0.0002948458614602337;-0.0009330869956691952
0.005580255608686095;0.004287972176433342;0.0021487020747228774;-0.004032386567067753
0.005904651476284218;0.005758207756518191;0.002431079379899967;-0.005765390837374595
0.0058489115662068185;0.0059281161690074155;0.0014119231773907692;-0.0052883185637468836
0.005389160247021519;0.004812149431174;0.000414482965919296;-0.0028729092252115086
0.004531472203946293;0.0026797803549899885;0.001056026927278912;0.00033857892425953324
0.003316098399511191;5.2159374302286214e-05;0.004184209961418316;0.0030586529667717224
0.0018114518718222678;-0.002340509897286379;0.00908588232195849;0.004572164630186972
0.00010292027229982525;-0.00373760330476148;0.013554238774394274;0.004880171211320858
-0.001716049779408109;-0.0036314297378543226;0.01498550754430856;0.004174199864968551
-0.0035484316397133846;-0.0019928704201453776;0.011985778545674841;0.0022268524743652893
-0.005298650743053147;0.0007177633500398015;0.005475149999058196;-0.0015147202110877532
-0.0068832073339067075;0.003756674978060921;-0.0015701614409555976;-0.006956361322582554
-0.008242339831402965;0.006371425417757134;-0.0057521554309807954;-0.012326059293353911
-0.009338876015120536;0.008001733679342357;-0.005251641369484151;-0.014379278529680888
-0.010135478530929633;0.008385251737656764;-0.0008191829312252161;-0.01039171580167797
-0.010561181050058216;0.007621943388194689;0.0048636828408691645;-0.00079371543349167
-0.010494610650400837;0.006191609410503528;0.00879067600227882;0.009916699680319295
-0.009787466354726231;0.004819109595699361;0.008981953519358182;0.015504234120821756
-0.008328916441250963;0.004117509759026978;0.004986528987997473;0.01235342162155264
-0.006124967968628089;0.004154456886112246;-0.002155127965099351;0.0024234386922096117
-0.0033520758468916336;0.004285881428917206;-0.010081780575646139;-0.007893121083173811
-0.0003488321854852973;0.003511055364732766;-0.015608971562036007;-0.012364508862429442
0.002470061209944273;0.0011826136829792186;-0.016010694841555283;-0.009362983078578704
0.004766286822872507;-0.0024889065287856033;-0.010841830309891644;-0.0026744566355207354
0.006452953319875871;-0.00658841566064204;-0.0030086397467743702;0.0017316668635897169
0.00780819248996733;-0.010152357588937906;0.002259756565807491;0.0001485876146540922
0.00942177003074035;-0.01268196404645971;0.00038986152336143565;-0.006620353103527322
0.011919014529172382;-0.014055963840231934;-0.009573618937360424;-0.014396383184403162
0.015540248804939366;-0.014076468144782332;-0.02416863022922369;-0.018631218005532708
0.019792464761809087;-0.012321691901708436;-0.03727685002303675;-0.016964520739921506
0.023416640122623674;-0.00864471190107692;-0.04308145665362082;-0.010158399223073992
0.024779315967265708;-0.0038493291803817736;-0.03869140798391289;-0.0015582329062125636
0.02255926813114718;0.0003175415127933381;-0.025577981050933122;0.004430287308552482
0.016399075207581357;0.0021441859586629037;-0.00916101044798837;0.0044488579981792195
0.007176359991031492;0.001186942055461396;0.0038478394929721336;-0.0018528935594396506
-0.003246544507207825;-0.0012955852983046786;0.009253087342488189;-0.011241515385348518
-0.012656801440095686;-0.003097384699390219;0.00762221132976233;-0.018576100341598418
-0.019207068000811237;-0.0024588292051412005;0.0029863209194382835;-0.019960925987280578
-0.021927320342168932;0.000860096283830628;-0.0007964036934938768;-0.015040377890759038
-0.02088232657639147;0.005472727462510677;-0.002567030428532796;-0.00661699431575979
-0.016986868598289018;0.009181117641828065;-0.003358274915498771;0.001804945588975708
-0.01161028768312199;0.010145788488395978;-0.004288300940283613;0.008239739475803878
-0.006145214660884886;0.007783289175559185;-0.005379896433432806;0.012615382491738474
-0.0016821029324607878;0.003021212975000879;-0.0059936414732254745;0.015647165646229602
0.0011494045646980229;-0.00215312895787614;-0.005719760006238732;0.017491860978521376
0.002189485142843631;-0.005613430634907487;-0.00465071130589562;0.01720928049474553
0.0016627685272820952;-0.006019799127807149;-0.0030557969487386492;0.01332975775745092
5.261131817428818e-05;-0.0033261566255456346;-0.0010605228121153493;0.005199892758721809
-0.0020288169699963707;0.0012636658263818097;0.0013120874568417025;-0.005688787143651701
-0.003958279514115056;0.005781946274962892;0.0038668248122138205;-0.015429583737672002
-0.005205420722566134;0.00825185327434582;0.006067396939362079;-0.01921672518072532
-0.0054223917848970305;0.007502520054906475;0.007175365723826891;-0.014252479471984745
-0.00450648661567874;0.0037441056658666276;0.006639458484524471;-0.002259227591429369
-0.002614423478239454;-0.001410220392260581;0.0045000315629167235;0.010557993233983078
-0.00011628298064473674;-0.005584459264092812;0.0015185147293906038;0.016793094839582773
0.0025015906127776686;-0.006706136144957295;-0.0011553308783147167;0.01257543260370449
0.004759475298549701;-0.0040145485662852354;-0.0026441327267108837;0.00046542845160022937
0.006303795388121345;0.0014529041946201547;-0.002846760285764432;-0.011830281543246637
0.006995697671714385;0.007118591063824295;-0.002331683401772103;-0.016319818677920074
0.006943198972997822;0.009811097846659867;-0.001686318075085339;-0.009864890792580428
0.006459403740929702;0.007135471479535196;-0.0009358600908270387;0.003958278229737823
0.005950073468665316;-0.0011853619663567039;0.0003771965773650961;0.01740840785989252
0.0057619231677149075;-0.012636823189688569;0.002518484097894886;0.023514302659852566
0.0060413929940639575;-0.022527613976101;0.005007124380313571;0.019966816285697707
0.006652028241648906;-0.02599600838737448;0.006807428570590279;0.009783523774208703
0.00718430287362109;-0.020569127877706685;0.007096982769024838;-0.0009380390633891709
0.007074535805773703;-0.007787057228695108;0.005798551326539953;-0.006324048515524777
0.005820182874436537;0.007212142317856412;0.0033350115354602253;-0.0034674339039387925
0.003221686218506874;0.01801428004518642;-3.472427221454244e-05;0.006130874063813412
-0.00047545389462424657;0.019921432606417676;-0.004475373646962392;0.016893216400095706
-0.004644829731287114;0.012115213141480287;-0.010080383911095675;0.0216638113551113
-0.008534263001322607;-0.0019851935159473683;-0.01605566807396922;0.015788886495287032
-0.0115650659046403;-0.016271157718553125;-0.020314925006074975;0.000650038793981721
-0.013502342881527445;-0.0246673412576317;-0.019967415533538254;-0.015976621547611734
-0.01441756255230411;-0.023760407878954493;-0.012684523861862163;-0.023850792017529324
-0.014501236956822603;-0.014077483497982107;0.00163250111831033;-0.01665731536162531
-0.01386788626842665;0.0005228789404616998;0.01990895614876422;0.0033712198677758754
-0.012475852921157472;0.014825145236167457;0.0366263916837497;0.026264203116866548
-0.010188385230763916;0.024426559489437023;0.046236622153056725;0.04036224517500852
-0.006911513224545172;0.027087221567845095;0.045899482931975225;0.039347199407168056
-0.002715382741922556;0.02293790583504726;0.03669810598480141;0.025398362061926034
0.002123743528727315;0.013877722842015293;0.022657509590520222;0.006814215885517653
0.007167922654779039;0.002695924609821893;0.008575651048069505;-0.0075598169345016545
0.01191232237073147;-0.0077549993657257035;-0.0018821847273604428;-0.013040844801747182
0.01588466610178524;-0.015241957312876043;-0.007172202722620343;-0.01029658239337835
0.018719508495550208;-0.018613900924088933;-0.007962800979432458;-0.003274596594862233
0.02019705814829526;-0.017909845011612364;-0.00640391224173166;0.003862086399484032
0.020248237833751254;-0.014074620043152146;-0.004772861284036359;0.008657902523473345
0.018933656848136613;-0.008458544819355322;-0.004161731199909529;0.010544144064333065
0.016407452907388702;-0.002374903677298094;-0.0040659309543089744;0.010045764541814018
0.012878165209193932;0.003131794540601797;-0.0031661806509335625;0.008050549069473386
0.008577420948219979;0.007359629896809395;-0.0006575613809928048;0.0055174510105668855
0.003742715324341483;0.010003152878581443;0.002960476761887025;0.003314575488769438
-0.00138625532037365;0.011219247595778263;0.006216459241462501;0.0018619044027797652
-0.0065646118451965114;0.011582767993440015;0.007726109022273408;0.0007628732642237693
-0.011542171131105871;0.011818216522735948;0.007049488162163472;-0.001064836680067583
-0.016072280579018126;0.0123850347917619;0.004743302137023921;-0.004538198143688104
-0.019927589230472498;0.013163859124845663;0.001767280292871195;-0.009315397227107954
-0.02291492960694136;0.013464564208296463;-0.001111361813453451;-0.013421384517517164
-0.02488485909062056;0.012391268633963587;-0.0034320020255118426;-0.014218179170887921
-0.025739473188597158;0.009404782409579928;-0.004780580498705128;-0.010252370190757917
-0.02544139080198147;0.004806844414297178;-0.004665766370636955;-0.002604121675122458
-0.024015478178489695;-0.00015523803705805086;-0.0028335890698051374;0.005426370580689412
-0.021531179867570055;-0.0037549806243526197;0.000244631989363613;0.010216243063220585
-0.018071422604357908;-0.004707251224814044;0.00326087557975029;0.009951431017416874
-0.013718437909524685;-0.003039630309674959;0.004589526288699142;0.005415045200661693
-0.008585226644089467;-0.0002836680560268091;0.003152609491288338;-0.001008426979495293
-0.0028842496362542986;0.001289653436403501;-0.0008990360316508697;-0.0069758692440595365
0.0030170404856237794;1.3649679551400957e-05;-0.0060467629848476555;-0.010935668646227088
0.00860920829632702;-0.00409529809803334;-0.009899773875542498;-0.011789579775933411
0.013336633784225877;-0.00925603198237134;-0.010256824117784608;-0.008781042613892282
0.01673586885680076;-0.012903196006782313;-0.006390955403432871;-0.0024919645928486453
0.01855172907920489;-0.013069894149201611;0.00020576410894505536;0.004197144014576996
0.0187867342648598;-0.00931523618324373;0.0063564926459820726;0.007120552833570991
0.017681230747015046;-0.002776062119794001;0.008917941236294129;0.0037945493320244816
0.01564813132209829;0.004482594941722804;0.006630915001213311;-0.004208140757982068
0.013184416637071046;0.01037501932988996;0.0009043902478300558;-0.011962715952137838
0.010769456172045935;0.013579253941561327;-0.004980618219423746;-0.014692154377490954
0.008761641815057163;0.013935880504225303;-0.007843948033203103;-0.011201972386789836
0.007319315873104917;0.012294716992954258;-0.006610745815256207;-0.004470533270670218
0.006377195718334674;0.00985893450379622;-0.0029687391488448186;0.0009251527579988375
0.005692828908354277;0.007405581037368417;-4.8363589468616704e-05;0.0022855656075507057
0.0049528137140407566;0.004915972758104059;-2.895303898099026e-05;0.0003364365404376666
0.003915255465349434;0.0018778749201600914;-0.002537456079743794;-0.0021521969474827983
0.002560313019736099;-0.002024103371813042;-0.00501011369737316;-0.0031430994485679097
0.0012039437152311734;-0.0064336466515498856;-0.004537804986073817;-0.002982896354270707
0.0005003673816206957;-0.010429127555825913;0.00024363596884653408;-0.0036573149825039693
0.001257648549480278;-0.013035508908706974;0.008306614426573407;-0.006556951565578502
0.00406482228515396;-0.013692142642680732;0.016615432553682506;-0.010821700367006607
0.008862898251424793;-0.01243710311067999;0.021415676142334295;-0.013667088151267857
0.014693522235685595;-0.009911856047129807;0.02005297755710811;-0.012422949552045589
0.019831097320549815;-0.007298906701259465;0.012660257721324012;-0.006732762775731293
0.022330854239848374;-0.006003953317010813;0.0024626662357129904;0.0007425171409619881
0.02078972840866871;-0.006879038681901759;-0.0061133156059305456;0.005782356911765458
0.014962389897355126;-0.009379146359279127;-0.010284909402365896;0.005466937335319613
0.005922923095017919;-0.011526485014714928;-0.010116834324029335;0.000584231332911106
-0.004300218604659089;-0.01103344111687427;-0.007189420923876599;-0.0044099903855214255
-0.013424921378110386;-0.00684517651554936;-0.0027280619866237917;-0.004485352439652864
-0.019635667563711014;4.5713214881835525e-05;0.002603317142863684;0.0018065446680400872
-0.02205647301892528;0.007059667269239248;0.007633480697067505;0.01067663304505661
-0.020858179377790578;0.011418937019999582;0.010395156613777632;0.015794132590657584
-0.01703375053459089;0.011585778494021613;0.00936408068835701;0.013292720288281474
-0.01197681700945371;0.007926592840815485;0.004853431855817368;0.004885689210094649
-0.007038090665773921;0.002346281630442691;-0.0009591664315891296;-0.003412620308162874
-0.0032074927385492484;-0.0027140370057973724;-0.005356706390125694;-0.005794646007909626
-0.0009857563145113865;-0.005293704011058777;-0.00661977477497363;-0.0008978130574431366
-0.0004160160190893447;-0.004549920745819261;-0.0047724358065214245;0.007252747725518374
-0.001199713264343511;-0.000940660691046463;-0.0012572007337396246;0.012138436446037352
-0.002831824286519357;0.003986419880878823;0.0020982065343864683;0.009366376376603057
-0.004725377626220273;0.008147390901140219;0.004108289758372898;-0.00020074946406688305
-0.006321230182660886;0.009732312328673111;0.0046156255923816385;-0.010914402661548384
-0.0071840169405277985;0.00801953638945476;0.004108238500783976;-0.016045561872479505
-0.007075925193199596;0.003774622319839331;0.003034176451662133;-0.012235435358496465
-0.00599184673303545;-0.0011002263121344773;0.0014763704634680975;-0.0017859067631519061
-0.004143573993085814;-0.0045834896639706905;-0.0005407957669380192;0.00867482025619531
-0.001895580172720177;-0.005647629162380471;-0.0025107817817147473;0.012326622210124502
0.00033016011648072537;-0.0047527920382950326;-0.003384645521082419;0.006525240117049689
0.002156832899747749;-0.0033888512195709678;-0.002289558584321376;-0.005369197006231635
0.0033415152215786397;-0.002998760972821429;0.0005001122881053082;-0.015978848759339317
0.003831451800322224;-0.004052340512907085;0.0032868282886224084;-0.018554596825622646
0.0037704704628323217;-0.005884383872557236;0.0038376378447317395;-0.011268778343082686
0.003444519875411807;-0.007290327286537262;0.000903963007429026;0.001716386171540098
0.003174553587495699;-0.00732867225289772;-0.004758405850009634;0.013021090084683296
0.0031912101475543376;-0.005758663374879505;-0.01065636393969245;0.016567895863420404
0.003539756130050786;-0.0029570624940069208;-0.01394907482151316;0.010771508245676034
0.004053127589081664;0.0004442558121586072;-0.013037398667208518;-0.001261290794394433
0.0044057556953896685;0.0038657828078296325;-0.008361287210558944;-0.013870230973169785
0.004237874192731188;0.006848730298368269;-0.001954692845196519;-0.021557150388794542
0.0033165958794337245;0.008920911864758829;0.0039043701301369493;-0.021088731901978908
0.0016685300929054367;0.009473922622326636;0.007983512657865914;-0.012737572444136215
-0.00039655060712472584;0.007898198576640444;0.010341780844392353;-0.0005154479280009216
-0.002409509775965358;0.004036912398536299;0.011381718652485915;0.009173897178161403
-0.0039593318323442265;-0.0013222618540211725;0.010730090443335092;0.010754979692339682
-0.004878635735513738;-0.00642707576755859;0.00727715811499528;0.0033152786424419005
-0.0052865801119452065;-0.009296049465896584;0.0005236698334452939;-0.007839694266720753
-0.005472772943258131;-0.008839260397011772;-0.008160359333667233;-0.014189292424589007
-0.005705668751850981;-0.005530220582356143;-0.015811942408115832;-0.010203340191739203
-0.006083473113355455;-0.0010919583137038711;-0.019551082619913313;0.002196981998344347
-0.006501426118309068;0.002537852683913077;-0.018195144248121582;0.015033698154156701
-0.006730578916022488;0.004187403528208665;-0.012664910778914414;0.02039450899605985
-0.006546896508360734;0.0037831774597978512;-0.005258249911080009;0.015914918643456153
-0.0058400917458650845;0.0020260135723868334;0.0014688717373139946;0.005422955945306419
-0.004656588804698484;-0.00015765762522198124;0.005654827586559193;-0.004700745524370843
-0.0031682370486042053;-0.0019723404212333433;0.006666545145406297;-0.009779970949674794
-0.0015918452285357699;-0.002828922181608787;0.0050810192874950946;-0.008820685731424189
-0.00010345142673540866;-0.002315670696190924;0.00218648760024549;-0.0038948788363821203
0.0012109359744935325;-0.0002419386505608738;-0.0006391070763153457;0.0017274650172075488
0.002348707677853794;0.003225947634892953;-0.0023160607488985066;0.005334550764002812
0.003341144919372299;0.007442189645325631;-0.0021839226696387395;0.005818918390317036
0.004199180848453176;0.011305688498895164;-7.915226189413686e-05;0.0039471194573277735
0.004892470945579653;0.013521857674802813;0.0035027131824017232;0.0017988800310626502
0.00537055651873778;0.01309668382961153;0.007298784998836533;0.0014069306536524104
0.005598431132723337;0.009914842282464167;0.009417552516551509;0.00326745024010749
0.005568509417885999;0.005105260215251458;0.007780596956612503;0.005926332228612288
0.005276874944341715;0.000836072955231626;0.0009226830488690523;0.007208884447227749
0.0046869211821047455;-0.000630630821214132;-0.010813251402838977;0.006103033083697487
0.003713853526560123;0.0017435135695130096;-0.024229249136033488;0.0035020906516411965
0.002246291608765025;0.006990001264277971;-0.033680367059430956;0.0010534538111563495
0.0002012731920090674;0.012604708732497477;-0.03376434411728421;-0.0007170590541875807
-0.002402656328420446;0.015980647725916303;-0.023067616022968068;-0.002999519645525531
-0.005383725529020348;0.01569290617748216;-0.006081722404177156;-0.007139985970897698
-0.008387216016755364;0.011810794988083136;0.008804451966974536;-0.01225110223008262
-0.010952363323714822;0.00538840115530465;0.014408752763459922;-0.014638591803568215
-0.012638077195256734;-0.002141898967843341;0.009417228312309577;-0.010458958344823936
-0.013150810489256615;-0.009229171950975014;-0.0010049819456410792;0.00028812974358121465
-0.012408742914907955;-0.014291807671815619;-0.009177524788114585;0.012436466712559354
-0.01050900162174845;-0.016033938910554164;-0.010253111472274578;0.018967320938051507
-0.007628484022303816;-0.014050890640881199;-0.004901094102649856;0.016338019098712905
-0.0039373448970066085;-0.009276650496294532;0.002168166573060883;0.007030724464584076
0.00041066248668499987;-0.003692936654420533;0.006082148010875891;-0.0027809774570322914
0.005216650593664526;0.0007570505010272063;0.004985814535899955;-0.007990433380320183
0.010172186533775598;0.003295332932949839;0.00046400891193776995;-0.0075525385819162115
0.014861085679236018;0.0045085562855010815;-0.004481217698593837;-0.00382997549134186
0.0188387325182579;0.005436128835391278;-0.007760891541459287;0.00014958031864954746
0.021738917217710593;0.006401849135487583;-0.008979081396827461;0.0027287503283355435
0.02334497581101578;0.006660752640786574;-0.008706445057336972;0.003668537532755306
0.023598832877446917;0.005140926097354318;-0.007586835592527542;0.003131174511093103
0.02256753605331935;0.0015663545674012883;-0.006106739463849877;0.0011960699701473066
0.020402852855355372;-0.0030440671879522494;-0.004716367149018084;-0.0016669967987247437
0.017311693650106517;-0.00690852117679713;-0.0037639233481011718;-0.0041595565368044325
0.013531716174353614;-0.008578109237216925;-0.003277671270901935;-0.0047153380339422365
0.009303763919384478;-0.007747468347369397;-0.0029570836355140976;-0.00271753082266929
0.00484669158440391;-0.005258701194014812;-0.0024730126889754233;0.0008634237619173762
0.0003472885208832832;-0.002427634901794356;-0.0017969114933603307;0.004082971305018426
-0.004031157211190185;-0.0002685658436357371;-0.0012157355478354562;0.005300431021584094
-0.008131696864162886;0.0008451871175649088;-0.000978610263875745;0.004017052181269501
-0.011792608357431575;0.000976342349437477;-0.0009134583397207368;0.0008060936782972207
-0.0148510389050363;0.0001993789115704334;-0.0004637557183174691;-0.003205911597729899
-0.01715970160678023;-0.0016235869169949125;0.0007848563350303689;-0.006669221694828209
-0.018607304383947483;-0.004697201862528748;0.002577887344867534;-0.00814768894415964
-0.019133571993786173;-0.008926489721865693;0.004055719434823166;-0.006564024328539168
-0.018735590863903563;-0.013614237080892655;0.004440632132019299;-0.0020716552104178177
-0.01746568490525207;-0.01743726793705462;0.0037366173282003426;0.0033832818473350096
-0.01541994144760472;-0.018785411202584812;0.0028042086680095113;0.0067381786161380885
-0.012718704152115986;-0.016425493600473927;0.0027641669127080196;0.005701892895596247
-0.009489766123265539;-0.010262540307666894;0.004230073123843696;0.0005339554050768021
-0.005871165084929583;-0.0017449167237255049;0.006883279576509643;-0.005867283301540717
-0.002040046542518562;0.006513603008263563;0.00958245352377252;-0.009856204148210881
0.0017501949570297535;0.011875597837647273;0.010940838495740257;-0.009426672667021076
0.005159940196272032;0.012986837224242574;0.010128633404670951;-0.0051455350433150015
0.0078078096167726796;0.010432932072768507;0.007460342915368788;0.0008788294793340493
0.009363882355479962;0.006308836146136779;0.004311599079021476;0.006651783236216281
0.009650573477017112;0.0029898457240687677;0.0023174092827342673;0.011003087705235505
0.008700066148591815;0.0019040036254730835;0.00237168372390348;0.01326931153699986
0.006743233423009666;0.0030040489385547518;0.004110550507580809;0.013022420915414067
0.004145699202313272;0.005070339568032204;0.006179659144765527;0.010377220534530378
0.0013265652929797043;0.006467396237843021;0.0070590473032900326;0.006258460571953745
-0.0013156414006046794;0.005882296583093642;0.005933709113834041;0.0019849011946888977
-0.0034644537454246787;0.0027981392438261566;0.0031321766130463077;-0.0014779877378704146
-0.004933876574061427;-0.0023322321215532775;-8.520291663423492e-05;-0.003781181727263493
-0.005694145203805609;-0.008216563663633302;-0.0022590482966319395;-0.0048484611596624734
-0.005858919527836497;-0.013169778814564449;-0.0025634941190600708;-0.004574977541850041
-0.005628354636445674;-0.01575453226708926;-0.0012280139770984308;-0.0030046643994562218
-0.005206199292148;-0.015322827091531998;0.0007350895443793557;-0.0006524460298593463
-0.004726689088174786;-0.012199734568773676;0.0023056501790026307;0.0015862735174004543
-0.004221872027227631;-0.007472585999992795;0.003150354474210433;0.0029590486541829037
-0.003636102964331168;-0.0025343567673436237;0.0037129517832516935;0.003298127807929592
-0.002871102663445294;0.0014208801941691903;0.0046756136447647315;0.002936898099517212
-0.001836634796368509;0.00378084133305186;0.006269961848878078;0.0021827471487459644
-0.0004880438641973981;0.004662146172954358;0.007985063033470479;0.000896512457995615
0.001156826826337043;0.004780562200330335;0.008845244133423868;-0.0012816066237088827
0.0030202028629539306;0.005090725528016713;0.008001806919877062;-0.004137337662174085
0.004980369672365436;0.006328835127005721;0.005254566443289996;-0.006363581516045172
0.006892603132183832;0.008639391010292059;0.0012464310883501535;-0.006163383809294837
0.00860857212401355;0.011446135309821146;-0.0027844945201129932;-0.0027461159721384075
0.009994592703679745;0.013647877806206975;-0.0056374908621581715;0.0026186357376657373
0.010953199445707839;0.014091061824515153;-0.006790138648380593;0.007133317507421841
0.011445243972031413;0.012116084801705874;-0.0065050536423402385;0.008325954362123278
0.011495890682003008;0.007911250478382242;-0.005271081021879133;0.005756912617615526
0.011165602368849009;0.0025322162504285294;-0.003173901489129817;0.001224345263412858
0.010488611740949508;-0.002385019090098048;2.1458718678050468e-05;-0.0026455025191512126
0.009415091776727781;-0.0051634801574273964;0.0040114138987029395;-0.004253532802312174
0.007810486493513505;-0.004826274572104601;0.00721441322653171;-0.0038886316630793263
0.0055447642625302855;-0.0017975976164396746;0.007234989940473925;-0.0030851543895556457
0.0026512044309839862;0.0019360284397833783;0.0026599122397404328;-0.003208248574622244
-0.0005216500659572941;0.003624771415242126;-0.005069997230480586;-0.004440901668809096
-0.003266943984821882;0.0013494656246680094;-0.011485898053738024;-0.005772509260656676
-0.004663897662425025;-0.00449290762959952;-0.01135597700235571;-0.005714909678264156
-0.00391452049086027;-0.01095289206740602;-0.0022362761677266474;-0.0030883418804986637
-0.0007720278340997493;-0.014031682971670222;0.013173666474683423;0.0024943524606904108
0.004133911989208448;-0.011195682744870147;0.028017469362284247;0.010344247565378608
0.00929079079879685;-0.0032767162320991184;0.03548993566560608;0.018504132080322293
0.012728591629642605;0.005668590196799644;0.03320104359012044;0.023981492380709176
0.012770778766804394;0.010667774759736195;0.02399689713444572;0.023831259159175718
0.008777281190377018;0.008895733123498067;0.012805643033357446;0.016847024335721453
0.0014871953189639921;0.0014556586617693616;0.00299445611913986;0.004865143676396861
-0.0072322874941491005;-0.007295660029686362;-0.0044649545669643445;-0.007436749533573526
-0.015097038489504751;-0.012356377081738772;-0.009514345404025987;-0.014724654387267362
-0.020221308217641322;-0.010927146138579116;-0.011949753738051256;-0.014287306527699621
-0.02168356969136843;-0.003868184084191753;-0.011840643483934656;-0.008113394892866242
-0.019664479942817958;0.004920119808164169;-0.01006293793863593;-0.0017197699839167086
-0.01519471249979159;0.010724114817200607;-0.00785673775909444;-0.00018737166055519686
-0.009693103747568727;0.010533370790966232;-0.006115563245614597;-0.004415781432027424
-0.004503641858402497;0.0044476426017774654;-0.005321956843211894;-0.010552370608047257
-0.0005805702806241486;-0.004645052217417858;-0.005743584113582122;-0.01300132535391489
0.001626040123253684;-0.012693356824971589;-0.007199932837975238;-0.008720762239587398
0.0021198440977313747;-0.016416989540749317;-0.008778693278758097;0.00035708401514321304
0.0012224285431756158;-0.014644296749962796;-0.009254622093491129;0.008556354685313732
-0.0005738908605163951;-0.008587011846174433;-0.007962455817840546;0.010460995711379428
-0.0027237981763926925;-0.0010807030705646272;-0.005185027932683665;0.004810774360886329
-0.004711786766304935;0.004788514956402153;-0.001754634542159051;-0.004496865804157907
-0.006115292674817253;0.007051095397132397;0.0015390110330608198;-0.011035593269683999
-0.006661100203379136;0.00562544159486484;0.004149385979229303;-0.010295401392884498
-0.006270050084693054;0.0021616745932554714;0.005641595510767227;-0.0028313849466889015
-0.005071265171460656;-0.0009385993522207609;0.005664861390106049;0.006098378861939694
-0.0033705907178644906;-0.0017899774740488834;0.004219685878529793;0.010158285737621876
-0.0015741374400480644;0.00011076346048252776;0.0019146580856928652;0.0063345940285327315
-8.364654453176714e-05;0.0038387070336560027;-0.00022677684779652025;-0.0028946017776138515
0.0008112510057652534;0.007706479854149837;-0.0013978514053404785;-0.011159689451233456
0.0010162310606036348;0.01013079263154323;-0.0015000599599817293;-0.012603363139126411
0.0006638846037085888;0.010200531634792892;-0.0009589912366021784;-0.006099498322809131
7.448073204453676e-05;0.007810406526765314;-4.9569546175979294e-05;0.003811853485881583
-0.0003518117739051619;0.0035609794462329782;0.0015084238827865228;0.010166842915765863
-0.0002778824409744239;-0.0013789655762157253;0.004229300996198791;0.008700745642047696
0.00044702436780936117;-0.005491428340902302;0.008185212515586586;0.0009033467592398532
0.0017332939985707544;-0.007338008715843895;0.0126792917040752;-0.007397955205883267
0.0032871546386819116;-0.006109451027887628;0.01650055033307338;-0.010672232196765944
0.004724108263167221;-0.001983068769437941;0.018418235836574322;-0.007692390022396205
0.005718912611023118;0.003938071551389783;0.017550849826821185;-0.0018393256734798792
0.0061315479898794295;0.010022581263972588;0.013588001307573903;0.0021145172892284582
0.006046849825810476;0.014581638421687413;0.007002076266234034;0.0017742146812790276
0.005700732111477537;0.01625110871042341;-0.000797323270673491;-0.001611599915726003
0.005331192051111232;0.014303776109238846;-0.007644378136727331;-0.004975101676336563
0.0050422976278968416;0.008897376067606638;-0.011337166609768096;-0.006164075374918239
0.004762025093865602;0.0011082189790427885;-0.01070584257266641;-0.0049906008146059526
0.004313446704759344;-0.0073731355797520114;-0.006461235188635315;-0.0022808672948497035
0.003545943507224699;-0.01471671113119655;-0.0011930300882344728;0.0011989816012991697
0.0024370626396140985;-0.019260561160379084;0.001778916556177632;0.004615629158678228
0.0011004778122989261;-0.01959915480787705;0.00028131046718486946;0.00657253477735903
-0.0002967697443321363;-0.014835321225563625;-0.005272253476388;0.005632423089522468
-0.0016430651254186871;-0.005281515504172763;-0.012047969063066944;0.0016276402052717775
-0.0029379655680472514;0.006813067441178501;-0.01664067629668247;-0.0037369672799969665
-0.004255669112333382;0.017429320971228318;-0.017277386500317706;-0.007796773865014824
-0.0056451035639633745;0.02228402632439472;-0.014687233309913996;-0.008640698863177967
-0.007042386447807973;0.018991081546471052;-0.01110547024312583;-0.006212508022508848
-0.008257490411312761;0.008498251590515874;-0.008474182016852735;-0.0019983845132143696
-0.009037532955645687;-0.005184448484120194;-0.007356441602824844;0.0021846836315123153
-0.00916011596241466;-0.016838897786700557;-0.007107900054072675;0.005064282631740246
-0.008504223060074756;-0.02240023265527343;-0.00670691936191331;0.00593073160950595
-0.0070713473063500005;-0.02053633948243444;-0.005464982924949292;0.00448154346364934
-0.004959802732752885;-0.01273520101244742;-0.0033713951495493552;0.0012080677871859884
-0.0023142596724481774;-0.0021501287136839638;-0.0011246439840021116;-0.002111386702559401
0.0007214981048720556;0.0079081073307369;0.00023023614610740445;-0.0029243223644755943
0.004023692464523384;0.01503862803008439;3.75009545694146e-05;0.0003379922635328119
0.007470163990736276;0.018131583160964544;-0.0014099529648348135;0.0065774753832403745
0.01090259423841263;0.017251479222862836;-0.0031332927283118264;0.012171661179422784
0.014105012012354416;0.013296620746699357;-0.004349682030142911;0.013259502561020467
0.016821011565100793;0.007607055599536268;-0.004977504107615941;0.00848176060897748
0.018800126150198937;0.0016213334391546334;-0.005218430175323449;-4.923830054290278e-05
0.01984474947802891;-0.003349611633601009;-0.004851627876227585;-0.0082650698991447
0.019837407746249505;-0.0062592013572147776;-0.0032371662511719544;-0.012787192286706406
0.018749559939035924;-0.00650345667726115;-0.00013876208423544098;-0.012626851724132181
0.016642638701587612;-0.0041921728179090435;0.0035365374989440074;-0.008957812998519001
0.013662330422794217;-0.0003223512385013365;0.005985334170138395;-0.003696910140488012
0.01001643788448217;0.003442435105731993;0.005694236985200634;0.0016311950482419107
0.005934384756372309;0.005448375030288115;0.0026106412325238655;0.005999781231021417
0.0016255352125646785;0.0048497895690117025;-0.0016654936359345063;0.008442468329818499
-0.002740235738610608;0.0020207470799410033;-0.004811538186353646;0.007986327026178876
-0.007022256390710275;-0.001706111984932593;-0.005137984308728314;0.0042385079362616445
-0.011083448006324048;-0.004819002836483695;-0.0024903817020695677;-0.0019290867065198034
-0.014770832728841696;-0.0064456313716142665;0.0017454533017748279;-0.008341335835793799
-0.017913239715480502;-0.006732497026463694;0.0054037926705373255;-0.012360393432992134
-0.020333161237497455;-0.006604202997623249;0.006601934337321518;-0.01217342381186558
-0.02186474981296009;-0.007102640705154144;0.004609386413479324;-0.007787514343053731
-0.02237484226207049;-0.008717398837873864;0.00016546963996443313;-0.0011666218930424673
-0.02178854029337184;-0.011060090316316551;-0.004898234095130534;0.004601887964213209
-0.020115864056886486;-0.013012051036748575;-0.0085850591488994;0.006784786498682966
-0.01746508565192734;-0.013249452636623246;-0.009746078772329463;0.004507365773031353
-0.014027472386698301;-0.010896118699876048;-0.008584368549518915;-0.0005033725818357038
-0.010036630848369347;-0.005993061935739512;-0.006333568397870354;-0.004649436819381378
-0.005729676865000451;0.0004512723486767245;-0.004356636654478349;-0.004670139091690648
-0.0013403679105652233;0.006846671324799146;-0.003299433244278316;-4.551049213161759e-05
0.002873529114211157;0.011618093331342146;-0.0028303454881963355;0.006385654464516605
0.006603115998991049;0.013707790109958031;-0.0020547724618302753;0.01044023029743731
0.009508094538239541;0.012795586983990474;-0.00027076534915000065;0.009740373314453713
0.011301998662111575;0.009238682692557535;0.0024535633528132983;0.005304007649424057
0.011868410764960903;0.0038737166612046797;0.0052639962644481595;0.0002922831339856647
0.011335859553363819;-0.0021397565542004083;0.007036900946197693;-0.0026943877389900544
0.010054899334406458;-0.007401135869876711;0.007022054017972335;-0.003242161663439286
0.008482822967688746;-0.010478744381435609;0.005212349303573663;-0.0025993433291229802
0.007036705777357295;-0.01042882277998013;0.0023616964683063116;-0.002107445400459928
0.0059823851226634564;-0.007414888582029842;-0.00022351574021848146;-0.002244322995357695
0.005393302113604061;-0.002900920662842324;-0.0010876645418300816;-0.002775142777349295
0.005174748503476386;0.0009102497753556316;0.0007160433491049055;-0.00331440617192839
0.005129404240068357;0.0021544091556842536;0.004886963912282804;-0.0035467890720561816
0.005036345977858437;0.0002617793384414882;0.00963570914921552;-0.0031197835625745227
0.0047174489534900915;-0.0037597826689291392;0.012471907128600369;-0.001728546200664503
0.004072560165514343;-0.00784439000969532;0.011721944050419767;0.00043539176359049306
0.0030805361999727545;-0.009890042668360228;0.007615511826964699;0.002384175117361358
0.001778122749513469;-0.00873564904598542;0.002039136029664236;0.002757212596262857
0.00023231420592802332;-0.004585908312407658;-0.0027381003185562042;0.0008496884232686375
-0.0014826308171343703;0.0012728473208209877;-0.005300123036927325;-0.0025348440034874517
-0.003296724031785622;0.007184744561513919;-0.005537894446513695;-0.005189410278385497
-0.005141818101149994;0.011801764797239354;-0.004309255005685053;-0.0047437766149905775
-0.006939948583236256;0.014426920118915353;-0.002733923880888992;-0.0003927803957741341
-0.008593611595758251;0.015008992916853899;-0.0016268754384650196;0.006095902896121317
-0.009987590985286503;0.013936859313472365;-0.0013557165192048509;0.011085268483164212
-0.011002659302948255;0.011772784741002658;-0.002004693017097459;0.011357021990367673
-0.011533774605962586;0.009009841057011329;-0.0034824554749508753;0.0065136777184531345
-0.011506180467246168;0.005942340560796386;-0.005405544541779593;-0.000409013804306483
-0.010888087617619183;0.002739096957815468;-0.006988536618856488;-0.0049014800964018715
-0.009701195776473067;-0.00031380140693812745;-0.007269296617980673;-0.004260255358443095
-0.008029287622659847;-0.0026325475448913437;-0.005672697056888244;0.00032763393125038917
-0.006022447018767567;-0.0034848219726126796;-0.002534287600817129;0.004649384393121888
-0.0038903030018080198;-0.0024717207013911237;0.0008564994354896226;0.004747681813667214
-0.0018747475561508664;1.156107273601109e-05;0.0028362652522768376;0.00013897261192620937
-0.00019804752348283357;0.0027732940697636935;0.002285424094428921;-0.005586448356365913
0.0010016428226248993;0.004405737127904497;-0.0006735766096680607;-0.007456430084246359
0.0017194124523166232;0.004117990130230559;-0.00467594503494978;-0.00321987342528991
0.002088545106764983;0.0022651029636548527;-0.007880057254734946;0.00437187981692821
0.0023315766874655143;0.0001886684599615614;-0.009077152723690522;0.009236279517795284
0.002677138159858011;-0.0005832689896914337;-0.008439071591669556;0.006678288286385431
0.0032823106007146777;0.0006827168981833233;-0.0072947303720184665;-0.002453578355245694
0.004194320065815927;0.0033754670927571267;-0.006904059480706669;-0.011753358776232606
0.005356640078488525;0.005820715371704947;-0.007091794652645881;-0.013840164848339597
0.006637910611213235;0.006295034794216267;-0.006078743010249877;-0.006146132752757059
0.007861812653026367;0.0041549417746603165;-0.002056527225837383;0.006771319071628798
0.008837287110526774;0.0002911307819200854;0.0046998117992444015;0.016463502565127904
0.009399853786057307;-0.003469998186430992;0.011311927374733764;0.016895691698729516
0.0094586309012007;-0.005582371374781198;0.01423201112364042;0.00875471223401597
0.009022199723397841;-0.005638374401161578;0.012081627823382277;-0.0015737087975667271
0.008182703221074979;-0.004220052311296622;0.006831079731684091;-0.00716071952327359
0.007070311080154422;-0.0020453331044037394;0.002228769294266622;-0.005390435268991176
0.005813590551622506;0.0006578260060613662;0.000861012782443377;0.0011410942000655141
0.0045284877342050365;0.003936453711888668;0.002352324573620635;0.007642210769039686
0.0033254334080398762;0.007362671499517124;0.004099855558827335;0.010935381689836427
0.002308985504516834;0.009639960798673174;0.0037060385668408495;0.010984297065582417
0.001560226943207069;0.009144484310644296;0.0009346497181596423;0.00961728545088324
0.0011151379283320122;0.005087886434101547;-0.002334955934208823;0.008319137802516854
0.0009553851732168928;-0.0016379912584937007;-0.0038135319563918878;0.007194295254010997
0.0010112995511074186;-0.008663743803325248;-0.0025573348530544444;0.005589096774521473
0.0011644339714782493;-0.013304613774703449;0.0005213330604396275;0.0032826772067310736
0.001248325954476719;-0.013924727000779092;0.003449043512265972;0.0009833859749334326
0.0010706639306698098;-0.010710012661802893;0.004473252245803874;-0.0001838636392713966
0.00048719932786654577;-0.005510675275923413;0.0030077823616023454;0.0003881615561339205
-0.00047204729423767786;-0.0009339959882720493;-0.0001087604129137547;0.0021923818443483887
-0.0014791807207091647;0.0008377759084808373;-0.0030013763543245997;0.0037341850476539503
-0.001886065172080947;-0.000986538689653002;-0.003611695500990251;0.0033204615624184987
-0.0008906332582479832;-0.005409433795386705;-0.0007693294904543877;0.0001452356013079084
0.002106570476056929;-0.010005405559454126;0.0049276377280674175;-0.004884006594316576
0.007083162099625827;-0.012028782014335335;0.011035687787421027;-0.00919805452912503
0.013133885754029151;-0.009918511462339;0.01446384990694295;-0.00984039078999501
0.01856992053531509;-0.004423507991088348;0.01350720870739494;-0.005514150459921687
0.021431376906489046;0.0015689133574143684;0.009093879063976806;0.0019761349763095545
0.020241831167243617;0.004773399371938195;0.003850759972879386;0.008336004360505389
0.014658680143206985;0.00377963884191709;-0.000188156724882763;0.009566139930141934
0.005686152190573659;6.921367762263143e-05;-0.0027058525607005007;0.005119016727564007
-0.004657080716280747;-0.0031146360597846556;-0.003976928780367265;-0.0012427023325613466
-0.014040478027062724;-0.003117215877615805;-0.003365573556095924;-0.004162772453228459
-0.020569082687560608;0.00037694873851528554;0.0002599325493564178;-0.0011619495143564726
-0.02329040666752603;0.005316230977369571;0.006602262560141826;0.005045959640506851
-0.02232704467171888;0.008745695075517182;0.013018249021209858;0.00877271978883427
-0.01866033072049812;0.008621669834834632;0.015977215595383346;0.006315477459281046
-0.013699610813700818;0.004827251479049583;0.013607932207280094;-0.0007613918486653651
-0.0088182933261804;-0.0010306205342984623;0.007097994672371201;-0.006849226162646961
-0.005016328618810903;-0.006629133754547188;-3.804655868999236e-05;-0.006847692657839805
-0.0027847796217539095;-0.01001993883123532;-0.004136555142092879;-0.0002679425753532706
-0.0021471462652697757;-0.010325522988817185;-0.0035404421538717543;0.008250392091509684
-0.002794246570166343;-0.007928272007682551;0.0005438315584815353;0.01228288366551904
-0.004233525967052292;-0.004202029986133603;0.004916470481969792;0.008325295206271765
-0.005912154250415967;-0.000864315319793188;0.006378749686969271;-0.001489420750061407
-0.007309799110878911;0.0008594873346362237;0.0036420885112757495;-0.010565610867466314
-0.008011752151605107;0.0008512849884116156;-0.0019201646466120487;-0.012175782114945325
-0.0077668689857935585;4.038299889940888e-05;-0.007059269712248341;-0.004110611032148283
-0.0065223431748717324;-0.0004157877797982897;-0.008521029031416225;0.009438691204972002
-0.004423933000366675;-0.0001842260179540171;-0.00494872232901658;0.020083047131761213
-0.001779057909287565;-0.00018858749239388534;0.0022424856011317184;0.020213169187343533
0.0010079088930876154;-0.00191156179635175;0.009443588460389011;0.007702161055884088
0.0035132234617001436;-0.005933580224831319;0.012512011517075181;-0.01253301798987397
0.005370088824899413;-0.010842165287435004;0.008786570307777268;-0.031122412563937777
0.0063308682253460325;-0.013603589386184658;-0.0012704210536827883;-0.039538001978186736
0.00630284828542293;-0.011466271960933557;-0.013619843482071329;-0.03489803292507174
0.0053507389778319975;-0.004160346916216182;-0.02212104618495201;-0.021252171887181766
0.003671250289810951;0.00530687426790105;-0.02170864250918416;-0.006642224325717968
0.0015519354126624619;0.01207386601734225;-0.011545433211585859;0.0018292308310111146
-0.0006817627921946784;0.012279479630836877;0.004030906120558678;0.0015912170167824843
-0.002735408471320129;0.005470065187089351;0.017608745067866177;-0.0049154654234874265
-0.004419105785092837;-0.005066111416169357;0.02266032279962031;-0.012299934964788673
-0.005686470120470297;-0.014236539855197235;0.01702242958370479;-0.015273829300775647
-0.006600363585226432;-0.018030700093429934;0.003944521060445363;-0.011412154263023501
-0.007232696944233836;-0.015506672554175583;-0.009757051527076918;-0.00258871422012704
-0.007562805921801077;-0.008760864938158782;-0.01731653116785176;0.005770845017227118
-0.00745105293332772;-0.0011452112903085115;-0.015508237309286266;0.0076404489606632445
-0.006709237578593572;0.004903072906660076;-0.006246841895370823;0.00025083438302989206
-0.005212041533866487;0.008957253810901693;0.004643733530799295;-0.013401626738408374
-0.0029667680337613013;0.012112757282919913;0.010965054443417482;-0.02555145464957085
-0.0001029926190344309;0.0156096367113317;0.009852660601674017;-0.02851464447080692
0.003189674828079248;0.019719151661247384;0.0031775250473326695;-0.0204699237309784
0.006718557097728583;0.02356047784763536;-0.004209972765470671;-0.007289770225306421
0.010305516586435986;0.025730702641291233;-0.007904632316149553;0.0018865880574078723
0.01377164623342193;0.025163021752779704;-0.006567164002774224;0.0019173768304239908
0.016913027147990117;0.021633181005682893;-0.0022250879756822786;-0.004621846072002869
0.01948502078725013;0.01573044588717198;0.0015300238284083158;-0.010301333244638614
0.021207328638976834;0.008545308158023613;0.0020155796461265034;-0.00916387330623835
0.021801095431006556;0.0013611580849636042;-0.0010132195552070174;-0.0008125969715836088
0.021054487134003583;-0.0046252090925234385;-0.005549787869170317;0.010469187203445302
0.018888240390913816;-0.008590121305807852;-0.008767885954989726;0.019619270740000357
0.015386003373927978;-0.010239248563119939;-0.008624209020214898;0.023969008228917316
0.010777556282342473;-0.009707261981128307;-0.004847330745504781;0.023699533348766143
0.005393909048956046;-0.007337376101740378;0.0009866490708479074;0.020305068531838305
-0.00037801188498250973;-0.003601159566247431;0.006297981641816795;0.014967066405281504
-0.006131895857432872;0.0007908174718077432;0.008905281864180223;0.008085843831993178
-0.011481521942709676;0.004813066153531929;0.00818750248184571;-4.5593839297360746e-05
-0.016111021127540738;0.007324218890766793;0.005221059020729189;-0.008228253491786889
-0.01981865823402196;0.007525890378166978;0.0018195930531519965;-0.01394945719552691
-0.02252263318312333;0.005403420411924113;-0.0007225178924130255;-0.014214198372220556
-0.02421664434815716;0.001845851241125857;-0.002188275869809323;-0.007495297485534878
-0.024900857707768707;-0.001640415357365886;-0.003011522557323088;0.0043575095054862725
-0.024534283578054032;-0.0034758453220895542;-0.003492142133299403;0.01599140002892046
-0.023039494553560927;-0.002607951513349575;-0.003487732391273696;0.021162876182475605
-0.02035619297923008;0.0009759546169311845;-0.002773835176650728;0.01691867364794453
-0.016513644628132602;0.005997905458953469;-0.0015147553939070656;0.006266246202424041
-0.011685423920742944;0.010168108697388734;-0.00020890853662064782;-0.003348428503319687
-0.006200170747799128;0.011139158535604215;0.0008956930803775168;-0.005285423210302922
-0.0005035637936721782;0.007821079877429972;0.002224751213576749;0.001274926925136177
0.004910037827759094;0.0012613962428788348;0.004437134977357168;0.01078342780283803
0.009569908592247175;-0.005676726398665857;0.007282856955714517;0.015778451090363545
0.01309258400656362;-0.009875800974609942;0.008923517300592935;0.012612967597328006
0.015239503883102053;-0.009839028261522867;0.006839922500902591;0.0038961956461015493
0.01596557216307473;-0.00656456492787976;3.811575242914269e-05;-0.003912119466656053
0.015436751419987974;-0.0027421643264988796;-0.009304325135226414;-0.005539118259865001
0.013992920358091496;-0.0008607239886876944;-0.016582849620906812;-0.0006980922982313723
0.01205882992923614;-0.0016569267207493775;-0.017765261374373842;0.006030067338609733
0.01003750108826972;-0.003987754226002211;-0.01233916916561784;0.00894967277638514
0.008225863249245;-0.0060107963020924245;-0.003721624220440263;0.0056266710924904005
0.006772276828177051;-0.006596901342740641;0.003226632378171474;-0.0015352716766150515
0.005677027036296335;-0.0059070605940252825;0.005507843474613377;-0.00753497166687501
0.0048318685359491475;-0.004860436097401929;0.003551270896571577;-0.008677460424844971
0.004089088118286133;-0.004100718272644125;0.00015413842322799305;-0.004921951221658726
0.003336566003572682;-0.0033961202348362558;-0.0019528442457922048;0.0008052991746539923
0.0025466565714149653;-0.0019699005262803094;-0.001866552254789303;0.005200397801881401
0.0017772827941508207;0.0005798292982905311;-0.0004581266478538182;0.0067511078927331965
0.001128748331522963;0.003628444463915807;0.000994116536868682;0.006013512943928
0.0006824483774419898;0.005748474872533599;0.002029153050087497;0.004318906322075773
0.00045493304238579347;0.005647676859070873;0.0030773608888812784;0.0023971773982858612
0.00038978843182339265;0.0030678684376654742;0.004620280672388157;0.0001135693700601065
0.00038693845030371297;-0.0010297348097290972;0.006438987751004808;-0.002747033667864872
0.00034877179999417155;-0.005059571728438808;0.007659039711470504;-0.005686934746041837
0.00021794209908335672;-0.007699012840250916;0.007467793934501708;-0.007578836036804456
-8.376063187009914e-06;-0.008480373899065204;0.005837298513828563;-0.007540908370020868
-0.0002895703697513671;-0.007806285517933243;0.003660102932818375;-0.005736275831741695
-0.0005695478356440276;-0.006520917210521069;0.0021935000785061015;-0.003327376183913966
-0.0008063966741620118;-0.005404920103295096;0.002215268837071617;-0.0016155119210131323
-0.0009872051186614206;-0.00489471010221413;0.0034858453163340124;-0.0011116574440676302
-0.001119075586384777;-0.005064971836444698;0.004884026379018048;-0.0012947480758372007
-0.0012029118230639552;-0.005708403427648648;0.005129567573990277;-0.0011980810026727406
-0.0012115388052093784;-0.00637269433077637;0.003645912686887974;-0.0003111758470283476
-0.0010964906912346428;-0.006403315231836366;0.0010317112009411988;0.0009200186093114802
-0.0008317887254275605;-0.005147371734055975;-0.0012030612709658308;0.0014044235378135555
-0.00047365758867215507;-0.0023478833752778442;-0.0015786349343237345;0.00034799724495874573
-0.00018986435638138153;0.0014830054914077696;0.00027969013462891183;-0.0018776714986855978
-0.00021154087760149736;0.0050316408736528736;0.0032039486149414162;-0.0037020672807289937
-0.000694206743497421;0.006665334085039426;0.005087649255943583;-0.0033426596564875566
-0.001534858110585254;0.005293144113146342;0.004171754272699045;-0.00017991817424533308
-0.0022501515529175322;0.0011856033748111215;0.0001427197622712435;0.0044860256576103015
-0.0020359169349323403;-0.0037648037305139785;-0.0056907757322504915;0.007954549873786678
-6.66125830007617e-05;-0.006695254892249585;-0.011271319999935095;0.007781240553925654
0.004040904669446583;-0.005240460710401257;-0.015134914453036857;0.0036040732157797766
0.009816758940416578;0.0008722183676844252;-0.017194041826765757;-0.0022501053459798625
0.015843512495098303;0.009130110226277096;-0.018266434341972795;-0.006190045909106346
0.020122577277426994;0.015161865554580656;-0.018854293496923292;-0.0060094298127510845
0.02080367954130381;0.015069259529143734;-0.018591910540502337;-0.0026202150216994837
0.01695274786073474;0.00791204654219332;-0.01702398925328757;0.0007602953559671564
0.008982422372953198;-0.0033344990510334573;-0.014608775796614968;0.001464244996319874
-0.0014558246240659167;-0.013262423246321051;-0.01245492285724043;-0.00014037072511896955
-0.01204001569039588;-0.017154754952452774;-0.011028087762615872;-0.0009282610280659612
-0.020531341730745608;-0.013668153510687423;-0.009560258323040895;0.001840836479362652
-0.02541028973662507;-0.0053422827450184595;-0.007053152073049441;0.007348801116482359
-0.026197752744998533;0.0031853484999309046;-0.0037673163422369776;0.011337846865122287
-0.02341754058325004;0.007905252100344054;-0.0015151234872585752;0.009752222210886473
-0.01828464097922266;0.007396255327050035;-0.002367156998585991;0.002514095695398722
-0.012270980162790655;0.003093137958549401;-0.006845865304897548;-0.006126636802833709
-0.006706382969100367;-0.0018999719172343222;-0.013038930708809132;-0.010886495896271924
-0.0025228570339563953;-0.0045232874649233585;-0.017399962902785546;-0.009373196124353143
-0.00016744140345023687;-0.003122567256043427;-0.016851769481497227;-0.0034809593397932192
0.00035808126728807227;0.0019897925829354653;-0.010798189435529583;0.002414303777852742
-0.0006095523706652617;0.008803358763896011;-0.0016203667180486353;0.004644408866778646
-0.0025250540831280558;0.014504931346588564;0.006629845725601712;0.0024389652081222807
-0.004763887683967251;0.016701917309649726;0.010378144379305895;-0.0020670047466989617
-0.006738478131152939;0.014543337437451866;0.00827690662000793;-0.005561524484064026
-0.00799411866153976;0.009173035381884838;0.001843625670159814;-0.005673793534120694
-0.008278883861485002;0.0031318422411527745;-0.005168634873609625;-0.002267967424107743
-0.0075790064651515745;-0.001078379207485824;-0.00847395638141651;0.002614259229540647
-0.006106307585201234;-0.0024516806369952538;-0.005434803410334792;0.006051931764738594
-0.0042274735806015935;-0.002013785353899487;0.0032821153118534315;0.006184464569163303
-0.0023453752690949783;-0.001992291527627636;0.01358564188377151;0.0036848767152736573
-0.0007720004938937039;-0.004066999311085628;0.01975879037790109;0.0015142422975202463
0.0003541293321513035;-0.007893401001360595;0.017537886468914576;0.0026927220214804826
0.001072146066690327;-0.011065173923195696;0.00692245399492367;0.007635985098401519
0.0015312883142992735;-0.010695387836330757;-0.007073682546443251;0.013419399548810199
0.0018957244073895994;-0.005528686800859851;-0.016634344586977694;0.01585299712528577
0.0022778120884262482;0.00296655470788742;-0.015398833715725858;0.012669120177955259
0.002729287909025845;0.011318009125912432;-0.002304329343661777;0.005041935969174004
0.00326925189635753;0.016060545270432037;0.017362380257049097;-0.003730803424433553
0.003901091710762647;0.015674756023020573;0.03434735894521911;-0.010807977537089116
0.004599461723265565;0.011216573233479975;0.03987779822537095;-0.015054259983172205
0.005298742542048927;0.005309295539589808;0.029858424263846207;-0.016152367023420676
0.005923123742843587;0.00025995516927431524;0.006938286603244735;-0.013277392172772962
0.006452775922649546;-0.003338872798511532;-0.020237849073068057;-0.005436104646998992
0.006969322168544834;-0.006497934856941484;-0.04025101331266769;0.0064706781062047
0.007623630545500007;-0.010342050415350293;-0.043610913791135734;0.018139653401913626
0.008530450252745656;-0.014531448085835796;-0.027218846044284237;0.023387836802911552
0.009664655932853651;-0.017033906199385343;0.0036640115642411998;0.018528511544349667
0.01084139556024985;-0.015572206563676297;0.03736838848515447;0.006009777819134
0.011796261605389533;-0.009576807918475818;0.06092024441890956;-0.006630926577522136
0.012305157465851702;-0.0009480733185959223;0.06575950813794953;-0.012400050530726115
0.012263434048221248;0.007068620382474102;0.05142313519516695;-0.010286758637081027
0.011686973921213343;0.011951125092895573;0.02547893078168764;-0.005528265665814614
0.010657600502958402;0.013225210686731615;-0.0005321690155611284;-0.004501376300078778
0.009262502877213736;0.012146070441569934;-0.01713504162182575;-0.009009151638563815
0.007561791215900967;0.01028796763719965;-0.021170271999871416;-0.015033694285291523
0.005585949037949154;0.008356798493247495;-0.015667806291000102;-0.01664090933122112
0.003348292000131966;0.006099231723096642;-0.0063850500412818804;-0.011140338579340372
0.0008647685381968637;0.0031124979763810334;0.0017010854374055239;-0.001011586010301331
-0.001817732611239413;-0.0003575626344735043;0.005865028030569097;0.008521524219310236
-0.004592121708545741;-0.003358582236678222;0.005486031460531372;0.013568783317425157
-0.007281353049444428;-0.004865941722122188;0.0015846310660067;0.013678992135888971
-0.009664074603233276;-0.004486402056525756;-0.003541497255922267;0.01070551214598218
-0.011532528003805102;-0.002680286590546112;-0.00702218483388669;0.006263075440794825
-0.012761400879926029;-0.0004448375289348449;-0.006693230812085152;0.0005323234977658123
-0.013355646991466276;0.001187165652049281;-0.0023971698895913817;-0.006649143824025487
-0.013446746017307672;0.0014660839325205516;0.003656014996768662;-0.013975913166935885
-0.013228855739861824;2.2924690919215853e-06;0.007984017409896668;-0.01843534912360038
-0.012862902984550261;-0.00319839413162464;0.007859690997790015;-0.017307738853854407
-0.012399664905503946;-0.007601306188434556;0.0029626357517134826;-0.010746366195092774
-0.011759923772254002;-0.01203690630176195;-0.004450768747186732;-0.0024327738303015142
-0.010772647932659404;-0.014887841099643697;-0.010911474608896554;0.0027286416657049477
-0.00924400029762303;-0.01468355337345011;-0.01367256243246491;0.0022910302763225732
-0.007029378098323553;-0.010890197776253982;-0.012009915488762408;-0.0017584289399234676
-0.004095550984133615;-0.004427208928058845;-0.007226765896814145;-0.004634058490893499
-0.0005660442173924348;0.0025325276707424717;-0.0015568615192833573;-0.0028235761427901555
0.0032654579431730187;0.007537943271998685;0.003180101040549328;0.0029090801104010356
0.006973450374091447;0.009112637331898913;0.006266739345545319;0.008352623448912471
0.010094020329680214;0.007495033135679645;0.007856358124607509;0.009795214102499828
0.01224579062652495;0.004367148987654278;0.008344441847813045;0.007345544226047996
0.013230022135741978;0.0017685078217040918;0.008020915758656136;0.0044708824983034825
0.013068888038531234;0.0009462531308098514;0.007122643987312968;0.004381201192554125
0.011972842913449435;0.0018799398209839327;0.005906491628789594;0.006953688766448706
0.010262341918272098;0.00365223922916504;0.004520299028601473;0.009096967933506431
0.008282105631977699;0.005190932294733182;0.002899860605281998;0.007882518067154601
0.006333410806379748;0.005772490603225351;0.0009667917049070999;0.003252818886984801
0.004630174637137108;0.005113828287030134;-0.000996396087063563;-0.002074174598796515
0.003277341550860078;0.0032951047402395273;-0.002227066643036974;-0.005054087053452646
0.0022752630605314145;0.0007034839897861911;-0.0018917319124856853;-0.004717190190265855
0.0015546628463281842;-0.0020672527032190254;0.00020486609030177176;-0.0025507211476614
0.0010315981556284074;-0.004428675154120793;0.0032015733496417995;-0.0008903285333017857
0.0006526748486532683;-0.005993001349872218;0.00548139653386652;-0.0009639663513170172
0.0004028023416597996;-0.006596595268446348;0.005548963092345848;-0.0021920362726959197
0.0002758936188257054;-0.0062055207679881964;0.0028991434461498695;-0.003021545875200013
0.00023773771570958455;-0.004903778270146227;-0.0016530514307117707;-0.0023284843557103475
0.0002134556007279501;-0.003034810772370516;-0.006311981970570528;-0.00023327620967323841
0.00011026349856635698;-0.001305101514193862;-0.009086485303625028;0.002101482383304005
-0.0001394076607123161;-0.0005845187430997559;-0.00865253312088982;0.003325781100285992
-0.0005417063786700212;-0.0013809116113669194;-0.004956390015698392;0.0027926446944317174
-0.0010340565234359955;-0.0033231949618572764;0.0006304140074399441;0.0010525836089521796
-0.0015110709180379768;-0.005115435938707022;0.00565631174108279;-0.00028403694705975645
-0.001869103239039272;-0.005156569159920013;0.0074567866626866425;0.000600430365924246
-0.002046261756308787;-0.002528488972764945;0.004447596012977128;0.004461066433645164
-0.0020393934676483866;0.002277754500402481;-0.0026839074669332556;0.010110325124356827
-0.001891815447442999;0.007430058522440463;-0.010848717771128587;0.014767621545029867
-0.0016592205686239898;0.010657635404598865;-0.016100732456774156;0.01569427794037018
-0.0013721818022359035;0.010456114792177567;-0.016127406266119915;0.012081838867455577
-0.001017768275619195;0.006846780636036564;-0.011776952401375922;0.005749879679632892
-0.0005562053542167417;0.0012831095568773385;-0.006250938532910441;8.559720745386819e-06
2.9124407426824606e-05;-0.004116384962962291;-0.0026632093806372844;-0.0024834292895261835
0.000672812535913422;-0.007512376982522811;-0.0021118843489147435;-0.0012077309353223486
0.0011998470165423274;-0.008035495295769942;-0.003659999531919209;0.0023697114009042573
0.0013663659533447456;-0.006006447331159105;-0.005661297459550585;0.00611118213481841
0.0009796516440834762;-0.0026769064975175534;-0.006899532695267638;0.008406899321571432
6.372859551738304e-05;0.0003456853723728496;-0.006740342108912798;0.008501850718458772
-0.0010106754822858913;0.0017521355472339998;-0.004714459885857025;0.006175099553118132
-0.0015352093062194724;0.00105850478224215;-0.0003839700682875793;0.0014556785917815933
-0.0006804775935900462;-0.001152758153194601;0.006134848554095638;-0.0052128006125372875
0.0021118826715003113;-0.0034159223419503895;0.013414976927187875;-0.012547244339017204
0.006719011798082775;-0.0040495724874562685;0.018651011069180247;-0.018358756696903684
0.012135112409537673;-0.0021294781867645797;0.018930427624347174;-0.02035065618314158
0.01665180155541357;0.0017636951375124962;0.013308004495866391;-0.017578446017313495
0.018421790259764426;0.005696438794399086;0.003903402041661734;-0.011566164996494141
0.016192868888149362;0.007623719002268002;-0.005344827021673897;-0.005944977608032894
0.009868451861744095;0.00691341065097739;-0.011293191521632155;-0.004325723809583113
0.0006115977470438515;0.004846930766598987;-0.013023265605005361;-0.007526031513296399
-0.009554704431442004;0.003584384836692241;-0.011079260505574222;-0.012332051641729862
-0.018444183617852907;0.0044549945814504185;-0.0061894755185642365;-0.01344512596334033
-0.024383108399158776;0.0069422133477505575;0.0007569935484599907;-0.007739696927504633
-0.02661673249154111;0.00904700695970988;0.008023872352165472;0.002585549976496675
-0.0253640414671838;0.00866281933340408;0.013274271214574768;0.011005598000776934
-0.021585390082890343;0.004956599387989337;0.014849927054375357;0.011391774159878115
-0.016596754506839645;-0.0011804239586047027;0.012607944822970044;0.002752851979679565
-0.011671992283163173;-0.00782764863549389;0.007516857546480026;-0.009748403275454235
-0.007747370962761324;-0.013233758136154546;0.0008539688140369167;-0.018269183812535696
-0.005286948862198841;-0.01658885613669728;-0.005950919576576419;-0.01770889399017124
-0.004302197218255336;-0.017927060029217037;-0.01101420728502812;-0.009278567022728128
-0.004475322180514434;-0.01749859244169139;-0.012257461858686577;0.0002613242634453157
-0.005320942951328398;-0.015337677011328396;-0.00864834699173901;0.003318553025552882
-0.006327554161030503;-0.011435980734579581;-0.0015250531311051063;-0.0029386654547493693
-0.007047198045012033;-0.006246783254728889;0.005483617154995866;-0.014110077042962426
-0.007139106702506113;-0.0008693363464872984;0.008455497739340305;-0.02136484747689812
-0.00639444353414449;0.003440422397281996;0.005797854840613912;-0.017846093561129966
-0.004760377234536944;0.006112615605395989;-0.0006104608742978059;-0.003996952539771071
-0.002356907795508122;0.007731533171833391;-0.006719625246786474;0.012347689659747555
0.0005357336877519556;0.00963749338025804;-0.008998043816003106;0.021333112869535233
0.003534525005687283;0.012856164702266668;-0.006492643456224043;0.017958188577869794
0.006248905314493118;0.017118522884568714;-0.0010049525452344985;0.005373437102535979
0.008385869360169955;0.020725476719873123;0.0043638805975958;-0.007709766307440848
0.009829131891925452;0.02142686259150008;0.007092823799309966;-0.013364458553705534
0.010663299847946377;0.017770784176631887;0.006406955946979653;-0.009712330859278005
0.011131181001588924;0.0100626031855253;0.003296451099909259;-0.0013674920193577059
0.011534233914425436;0.00036182132371969994;-0.0003234541184062611;0.004759106392826962
0.01210693417365286;-0.008429316791261007;-0.0026658623760412066;0.004626803251329664
0.0129090567954748;-0.013845646208977911;-0.0027661735460341257;-0.0007144149269805398
0.013778725379921045;-0.01485784975657173;-0.0006173828596422189;-0.006884866421863136
0.014372455245755868;-0.012143810601878652;0.0030590155704436706;-0.009740126396106918
0.014291071242824853;-0.007568482805116412;0.007103176496931346;-0.00777336909282656
0.013254166977051679;-0.0032094906661947163;0.01016299876857239;-0.0021842014584055928
0.011246917545443382;-0.00046737939837770786;0.010977499426118809;0.004360959690188979
0.008551268964827689;0.00032273864030943507;0.008719909832470164;0.008755351636208171
0.005623845485392855;-0.00029889376805128143;0.003298849831803234;0.008033699991496094
0.0028812443120915503;-0.001448866514355637;-0.004438720841275481;0.0005416628156703459
0.0005248597530569878;-0.002413836860272298;-0.012624524043442864;-0.0119459518571672
-0.0014864068392918398;-0.002839022578018393;-0.01864782592180376;-0.02306193078343548
-0.0033146414990819755;-0.002489917893076297;-0.020142756576303298;-0.0243579340548697
-0.005076038987248885;-0.0008428162068848196;-0.016439156392773487;-0.011252062421173246
-0.006749448609397466;0.0029460901315995235;-0.00936139481721991;0.012182572124341543
-0.008205062158802812;0.009342417675507118;-0.0023685620820248967;0.034609996066602526
-0.009301901062302196;0.0173757350774953;0.0015955515938134977;0.04489883168466822
-0.009966897370139742;0.024193685186695887;0.0019225881845350325;0.039762946567692574
-0.010205915781852745;0.026018338942114253;0.0004680953667961861;0.025274485263648994
-0.010059899839867529;0.020306423301996113;5.817906062072668e-05;0.011413481920405295
-0.009555497394657856;0.007791297961126631;0.002533712046937454;0.004749249395420092
-0.008690289546692544;-0.00720087176374138;0.007481222802385646;0.005233055986863719
-0.007457207783487076;-0.018728536191355526;0.012251508698554243;0.008618527118867793
-0.005884420388523576;-0.02239767487621934;0.013355562104232568;0.011040268391812078
-0.004060258947147793;-0.017683530391090562;0.008696207859885303;0.011464405226894812
-0.002122775778630672;-0.007959198869488837;-0.0006959049260617559;0.010853899124986494
-0.0002139011145549422;0.0016634458644737397;-0.010901646527895196;0.010027647402990551
0.0015804075500865078;0.007179465770260174;-0.017519618213662616;0.00862087983881864
0.0032718013047732322;0.007437954906915197;-0.018474820717140173;0.005826591853182918
0.0049654823352372176;0.003970407649684425;-0.014937398984127555;0.0017448986862000698
0.006803115310899153;-0.0005516533510440761;-0.009813380402674439;-0.0022427325775054943
0.00887483312837733;-0.0039859791396972925;-0.0054705179844828705;-0.004466564063186474
0.011143971811573738;-0.005553781159187542;-0.0026510939736985434;-0.004288711634755106
0.013424269267733243;-0.005648486934507539;-0.0009415497061100632;-0.0025155706790893637
0.015420871845351623;-0.005079682547328689;0.00022786887196171816;-0.0006792360712262728
0.016813268251961364;-0.004409034229624761;0.0010486382403898677;5.46884607174767e-05
0.017341451107247826;-0.0037742458668228443;0.0014476695380263287;-0.0005006165327214499
0.016863157733721126;-0.0031477827599035967;0.0014720785097422878;-0.001699239492731534
0.015370213565536651;-0.0026737050237612804;0.0015052919300001825;-0.002669197080491431
0.012970345036337592;-0.002736733300910599;0.0020984846003201944;-0.002888675132704957
0.009849323038431066;-0.0036775696815724694;0.003515635992814997;-0.0023947304610619897
0.0062286755038820935;-0.005374953761118957;0.005332844123017926;-0.0015883939788269097
0.002330967530192652;-0.007064666342713624;0.006464938897920447;-0.000868782188912066
-0.0016403097619779971;-0.007642645939974817;0.00576275890011957;-0.0004219843888941526
-0.005505736214018377;-0.006343172052636216;0.0029058917059397033;-0.00032693949280339444
-0.009105648884641092;-0.0033425181098949604;-0.0010435089512730207;-0.0008055947669381556
-0.012294762791026762;0.00017397808209307123;-0.004000808780101213;-0.002219722544265006
-0.014941102511783733;0.0025842632659765557;-0.004100355737256551;-0.004589082026333054
-0.016929019671948497;0.0027151962678660805;-0.0010350249566096848;-0.006960485731861985
-0.01816202561541267;0.0005336884968033965;0.0035127827436654637;-0.007423017639483166
-0.018563023162313872;-0.0027347823595455126;0.006782279084099391;-0.0042867432553287625
-0.018077179975739696;-0.005128488737987696;0.006669114815735836;0.0021657018992916497
-0.016685649950338572;-0.004867854407187126;0.003155813524785183;0.00891805309571891
-0.014427442673588005;-0.0012485776426817221;-0.0015332018618045165;0.011625003496570734
-0.01141397590215124;0.004901037519160013;-0.004242748591647887;0.00759914693674907
-0.007826285526647167;0.011436136490172409;-0.002931322558779292;-0.0018349275107827137
-0.0039033190538147276;0.015738655552908182;0.0018644159473358334;-0.011707390978509622
6.477310473864767e-05;0.015839582490763532;0.007263228459137901;-0.01652201033541398
0.003740824063936301;0.011304025772040453;0.009963890742943463;-0.013830980782625839
0.006762752011700225;0.0034436904451679534;0.008482895624723279;-0.005524126156854938
0.008800890780642813;-0.005267864427655692;0.0040017990634470604;0.003941005470496541
0.009642420529621167;-0.012289133166929278;-0.0007034747014228283;0.010595204484528458
0.009265346104669088;-0.01602827705092049;-0.0032298472582822026;0.012832722524850886
0.0078567526950627;-0.016251649574340468;-0.0029155885381968397;0.011225422589571125
0.005758070746420484;-0.01377428312078438;-0.0008943905426529899;0.007293357987416021
0.0033650636524146025;-0.009796212181693416;0.000849842467681458;0.002547797324574205
0.0010328695678260003;-0.00537005453037422;0.0006990403994179857;-0.0018691582138421303
-0.0009803393017914685;-0.001209091233735117;-0.0016912051194380624;-0.005324557701463172
-0.0025312138574270153;0.002282733478613804;-0.0051588450295793516;-0.0077798475146164
-0.003587514737983978;0.0049497347787346;-0.007658932959719602;-0.009596948582497454
-0.0042111084980255105;0.0068493716242807815;-0.007505719164951394;-0.011012819916869115
-0.004523795626143328;0.008199038214960984;-0.00447701139863201;-0.011724177058135884
-0.004657078688930086;0.009280728185739827;1.5304467252192542e-05;-0.011073814104778448
-0.004702640837355103;0.010320799197410333;0.0038311601831085926;-0.008760321175032929
-0.004686362131585459;0.011370849777415728;0.005414768217805871;-0.005418819168291368
-0.00457775117884888;0.01224036398861364;0.004579020905515223;-0.0024378929896148277
-0.004327582408925833;0.012552085169340074;0.0022980594554790523;-0.0010001459199230284
-0.003911161051925068;0.01192823823636209;-0.00016202023552393705;-0.001085591085091106
-0.003351280987524423;0.010206114781306588;-0.0019827682396969144;-0.001406412229990906
-0.0027075920485323353;0.007550866768403408;-0.002886337416203999;-0.0005633311003077213
-0.0020418452745508365;0.004412969407603804;-0.0028033539491752863;0.001467970666947976
-0.0013846029018853838;0.0013687594635667791;-0.0017392016867312796;0.0029738533798783647
-0.0007253862067775212;-0.0010960417584217957;-6.932085008538019e-05;0.0018758839468558176
-2.94970339024657e-05;-0.0028055194552954795;0.0012141073495739196;-0.002191495375842543
0.0007321370180598785;-0.004017001675959374;0.0009330138074506802;-0.007005564428009514
0.0015570141620229146;-0.005301796620496288;-0.0012185268933267417;-0.009128976519261763
0.0023986067842076972;-0.0071349654304160275;-0.003914346252073223;-0.0066214968054573425
0.0031702080356414675;-0.00941378807935645;-0.004735522418788767;-0.0008357178920494065
0.003765949450783044;-0.011308606841105079;-0.001939655247915065;0.004369572060553941
0.004095240969892482;-0.01167742647544202;0.003910309473451756;0.005487160687767192
0.004115232750029638;-0.009827747204851934;0.009957062371567555;0.0019289777571235062
0.0038400815970905037;-0.0060743383462570286;0.01286301373573462;-0.0037906262971886123
0.003320555773415123;-0.0016351243734471677;0.01103466295329579;-0.008181953308677041
0.00261439066281517;0.002102969018401592;0.005553672481118883;-0.00921148065228295
0.0017784393453697833;0.004405299146603956;-0.0007421888213488124;-0.007125959433160754
0.0008901458558369539;0.005468733591739867;-0.005109851937758425;-0.003475177382487086
6.785533637637965e-05;0.0059797359216814125;-0.006260614702958792;0.0003596557862165587
-0.0005489215558670258;0.0063763058548961995;-0.0045515174657372775;0.0037815252044300653
-0.0008607851197679586;0.006456240827232893;-0.0014016344974740434;0.006541541398333199
-0.0008666389823432437;0.005624095720494434;0.001391232723794032;0.00816313570819479
-0.0006685190714221498;0.0035006451311444353;0.00227022124021456;0.008095543147383602
-0.0004145724537988346;0.00036742317468094394;0.0006129574172086757;0.006405231233079761
-0.00022032288566760914;-0.002848516159323981;-0.0027574880656405973;0.004039991920672198
-0.00011905653476341018;-0.004971854916520736;-0.005849795166139944;0.0021712948160947454
-6.14068130173515e-05;-0.005115638758595066;-0.006709045863690134;0.0012551510521080327
5.160067506731774e-05;-0.0031242038176681293;-0.004774961576545093;0.0008321492271353969
0.00032743283471790537;0.00027346164178894107;-0.0013015407624391892;0.0002388074566383789
0.0008465862686930625;0.003710559608428857;0.0015341019516105308;-0.0006082490193805209
0.0016365499868209092;0.0057625205104988725;0.002115175781758433;-0.0011724164336602164
0.00265951831934036;0.00560068033654982;0.0003244222182674365;-0.0009245776022045222
0.0038198353066079853;0.0033807186990673856;-0.0026323209683000674;9.894258264704574e-05
0.004990797064887335;0.00013990731237664678;-0.005177882748602114;0.001342915847430029
0.006049293946461106;-0.0027508828463558605;-0.006288910819262991;0.002240234847444026
0.006901663263132312;-0.00426908433723646;-0.005814536660128621;0.0026378159650148024
0.007490720456113018;-0.0041775715654622176;-0.004179771983153663;0.0027950723042438354
0.007786535995008861;-0.0030130471573720807;-0.0018934420590397641;0.0030661759790744526
0.0077719304516902215;-0.0016974177831041671;0.000707245856906485;0.003602070354968564
0.0074334546863077675;-0.0010318781658102713;0.003358647366375126;0.00426929925146053
0.006762663211456282;-0.001340932592277434;0.005634114414735721;0.004730281297983279
0.005765592181544494;-0.002398028327630097;0.006880932390855742;0.004538302214776314
0.004473614751600721;-0.0035953738652384506;0.006470115747765982;0.003216139311068316
0.002947698958630518;-0.004216984906495599;0.004206306977339806;0.00044052328708256265
0.0012712797418049306;-0.003676193937725163;0.0005672181590039559;-0.003578285226613348
-0.00046605347943947544;-0.0016626357999078517;-0.003449296403354581;-0.0077140501682366495
-0.00218469521546322;0.0017620541297338993;-0.006763727920901298;-0.010012439043155885
-0.003820326237456069;0.0060585587538095915;-0.008595742135751953;-0.00859442855160717
-0.005315133161688686;0.010121085584856788;-0.008560073317833193;-0.0030675110131707017
-0.006602566323267265;0.012363868355214112;-0.0065999931482281044;0.004572128911903494
-0.007597801778726898;0.011156742883857998;-0.0030464799942383756;0.010571744278498184
-0.008200756155899769;0.005586823088123525;0.0011595430868178763;0.011607880126974467
-0.008310717393524621;-0.003767422741915478;0.004429595640706149;0.007148344140057979
-0.007849997038502872;-0.014518460435068268;0.005047339012778204;6.958466355933849e-05
-0.006796893266228678;-0.022982197919592676;0.002164163438501311;-0.005263504403911769
-0.005227145812848532;-0.025561751933767318;-0.003352794048721466;-0.006099517560289435
-0.003352722553019756;-0.020527229702436704;-0.008973629295229848;-0.0030277337665778102
-0.0015297787564237208;-0.00925063020843926;-0.01173117092738805;0.0010488661773906953
-0.0001989689966679686;0.004007147167007065;-0.010033167271461025;0.0035127706754029546
0.00025352054815831667;0.013910061777793123;-0.004854360210957602;0.0037444260277189325
-0.00033586804320185194;0.016592638420604454;0.0006634870166294389;0.0027697116318713185
-0.0018074533632833909;0.011538411721998874;0.0031082795977464338;0.0018088618057317456
-0.0037152730522079405;0.0017525380356356566;0.0010033166944348585;0.0012915224848344946
-0.005487677510865987;-0.007823892549675126;-0.0041495493645693;0.0008511120901684901
-0.006629756950022195;-0.012750397051883544;-0.00875294493620042;-0.00014670856661461594
-0.006877000568972085;-0.0110732406637623;-0.009439520102044964;-0.002019151869280283
-0.006245401954036735;-0.0039059091805272307;-0.005379325679517021;-0.004377330893445854
-0.004968359252335739;0.005487401592217638;0.0009458091113689901;-0.006158340788712799
-0.0033441200865835952;0.013377555784545346;0.005167216343253528;-0.006169715801029592
-0.0015429016389015542;0.01706642605178989;0.00403253736791496;-0.0038962944194183093
0.0005508924884689999;0.015617599970268918;-0.0018354486203268205;-6.799402408708732e-05
0.0033701483167702636;0.009801677460392014;-0.007555371316532439;0.0034992729527328114
0.007501633497968637;0.0015652865254312004;-0.006791561977383186;0.004931337458395032
0.013338078080237662;-0.006657633364798407;0.0038042347766918637;0.003678246687303388
0.02067146394881703;-0.012661057676382493;0.021618355987028427;0.0012092792576727373
0.028439970432196152;-0.01519583689388491;0.03901959109963413;0.00020629440194802414
0.03482677623407955;-0.014522168410792404;0.047940263809519386;0.0025198398898594993
0.03776895446167261;-0.01230761247629298;0.04475296424461373;0.007333222762602224
0.03571536827406311;-0.010582378961893159;0.031647649847341974;0.011171736144959386
0.028292072547719774;-0.010304508959290418;0.014054453391418902;0.010185417015634857
0.016536573991133962;-0.010707966734581312;-0.0026558614217934732;0.003296532190277532
0.002583027410856179;-0.01005847626060056;-0.01439427437361128;-0.006277022231855735
-0.011033076197181423;-0.007175429715645572;-0.018229593258236358;-0.012807884954643679
-0.022128647326150674;-0.002449743651462565;-0.013112870314826646;-0.012225419135206864
-0.02940173839430435;0.0023845572997758455;-0.001326650214875016;-0.005357999043158971
-0.03260135806263067;0.005441571525742849;0.011681657479243579;0.0025652958817746962
-0.03236043137969403;0.005883971789950579;0.020088589910879105;0.005761114753192279
-0.029819375088096237;0.004283019469974568;0.02107595017983278;0.002010650937742105
-0.026206149503994483;0.002025564637887123;0.016050360982480413;-0.005839160650039186
-0.02251126800100283;0.00038404500059071965;0.009064530217298432;-0.011782435215864898
-0.019324724654646873;-3.2856819464338724e-05;0.004028899048363464;-0.010719853390123343
-0.016828104988963203;0.0007747781614537105;0.002731887784284489;-0.0022245277812768024
-0.014890442689684778;0.002553135369855042;0.004617864459253035;0.008562638019619049
-0.013203540045804497;0.005011720511978846;0.007858570216308956;0.014039549400831861
-0.01140448870949701;0.007712974263893451;0.010553717239174684;0.009654537116786346
-0.009163585263933134;0.009827721034818063;0.011310262008315659;-0.0020977354269360975
-0.006248821490195289;0.01018820322918993;0.009314556707098694;-0.012779738967868373
-0.0025888913093255056;0.007919107972358053;0.004359720435035516;-0.014153054918246522
0.0016664491450070155;0.0033675299130569076;-0.0030026083623579127;-0.004848285550831115
0.006124596782750228;-0.0014778259694584162;-0.011368125336582054;0.00808040410818802
0.01020783063789996;-0.0037545529374447576;-0.018678918000217735;0.014448454967886283
0.013292945515437192;-0.0014493278126327047;-0.02281643825451566;0.008930912071245127
0.014886303823241081;0.005101016541136948;-0.02247541946324272;-0.004823425690265681
0.01477050079916854;0.013134701543735458;-0.017912348948266734;-0.01713763744343309
0.013078355823586662;0.01897660193143685;-0.011009468924278874;-0.019568639610448198
0.010277928579198181;0.020084125204534464;-0.00442817817331141;-0.01066132352473254
0.007068649528276386;0.016275901191707055;-0.0003250405022820879;0.003726476208745783
0.004204157738027425;0.009543773377639234;0.0005311118870143219;0.014955610405741487
0.0022844725247097406;0.0028323462983032535;-0.0011846415770185733;0.017191989541736247
0.0015838948685065152;-0.001385678833114497;-0.0038829889052801117;0.010286484611815291
0.001979204192774222;-0.0020693443153760563;-0.005776304244595485;-0.0012246432946499508
0.003012744951126422;0.00017677392200920826;-0.005610234361031561;-0.011375651756551418
0.004078588131030721;0.003583530092579714;-0.0032527916871344263;-0.0157584273802565
0.004668913185073017;0.006115684603802883;0.0001989440657604967;-0.012927027769076057
0.004577514915152598;0.006395666859767766;0.002959128130187141;-0.004522063599442839
0.003956892411553724;0.0042940695781505;0.003343119631919047;0.005244718969202472
0.003190652682872801;0.0009692998871905921;0.00021443234976220856;0.010891435256301325
0.002652465469247151;-0.0016988849913607725;-0.006907308600389553;0.008237778867900735
0.002498987218415021;-0.002123625716358336;-0.017488793868742882;-0.0024119036130861595
0.0026192622638912463;-4.957485165125208e-06;-0.02926211543474752;-0.014878966689755193
0.0027512846876948977;0.0033545616245390735;-0.03810553820450582;-0.019936534165697264
0.002665204198333804;0.005772885703239635;-0.03952997958361667;-0.011713274107673132
0.0022856213225610723;0.005563230708593754;-0.03129990904689603;0.006973321372772667
0.001692972510359513;0.0026040919501689364;-0.015322997206591363;0.025445733735887367
0.001037953788467379;-0.0016814326164801138;0.0027723166760040413;0.03241046288260868
0.00044466477762153823;-0.005415925142949096;0.016311133724694397;0.02400346760500162
-4.449489519659098e-05;-0.0075779307265696925;0.020933677648703315;0.006149789363636007
-0.00047041031498829846;-0.008495825910452025;0.01667786910923179;-0.010262354758241792
-0.0009179382796512982;-0.009180784090265006;0.0075752085341957804;-0.017052146985760613
-0.0014570899890091109;-0.010178038856576711;-0.0009503671903850465;-0.013337143387478493
-0.002091310654723952;-0.011011093585061568;-0.005173960955489579;-0.004355794662436879
-0.0027403439263106147;-0.010683354089780526;-0.00465564089412326;0.003473259245820643
-0.0032716127392254024;-0.008710404749208908;-0.0015404565970038911;0.006917414716673739
-0.0035653452986360874;-0.005718387135003629;0.0014672107472637193;0.006795708799166302
-0.0035732032478049164;-0.003086160294328568;0.0027718881031850236;0.005773512610427516
-0.003332120276640297;-0.001957232806907504;0.0022827406695229385;0.00568585536743299
-0.002927692681676708;-0.0024409155441088497;0.0008423740427416426;0.006492880284683245
-0.002437449491987903;-0.0035891630179171966;-0.0005284428967048372;0.007019207595655511
-0.00189279270864445;-0.004079966140943406;-0.0011169022791979405;0.0062784389267286946
-0.0012775068826269265;-0.00305973266946323;-0.0007032988344414926;0.004224102185873745
-0.0005538257881312433;-0.0006038059507331281;0.0004753227925865964;0.0015966770342794156
0.0003057715138568807;0.0023891063164799514;0.0019305831515365156;-0.0007302547088402374
0.0012989958279247562;0.004684653598510209;0.0031946887657155172;-0.002296638068608508
0.0023921346185143276;0.005270049412290114;0.003993872385040122;-0.0031507272474229713
0.003530783606436064;0.0037689635531308013;0.0042256352578558054;-0.003554924219086167
0.004652534788703066;0.0006358982048179472;0.0038118563018244367;-0.0036092147043250474
0.005693661344452067;-0.0029165776707931897;0.0026218736201256776;-0.0030848611456709544
0.006588177330639559;-0.005317195984947356;0.00062187507211316;-0.001585352579253681
0.007263370615535512;-0.005327736915859881;-0.001794879602538113;0.0010579030561817559
0.007638082987571317;-0.0027562366524059973;-0.0035934019066585702;0.004405287285332563
0.0076286949288444286;0.0012564034593066506;-0.003370011926822917;0.007327064358533006
0.007164323308822148;0.00467447574592651;-0.00019771692291379795;0.008366371149159002
0.006207540099585468;0.005578960210038486;0.005404715188564838;0.006443759315894361
0.004771906017346582;0.0032068958829678364;0.011157083571215424;0.0015610200074604524
0.0029280684802601184;-0.001566534383737087;0.013873623486662115;-0.004958040872918435
0.0007967413823489807;-0.006576842035762158;0.011234306220650714;-0.011009740243507659
-0.0014683373233241588;-0.009378467516325152;0.0034336860779736085;-0.014840838422063582
-0.003704492929175862;-0.008421936038487338;-0.006478658379413915;-0.0159893177691108
-0.005766049227191429;-0.0038674083063929736;-0.013989210432039724;-0.015274941621965441
-0.007541605122346446;0.002304628674334544;-0.015505996739750288;-0.013879048200997366
-0.008954154380194928;0.0069492860537524286;-0.010357112840498025;-0.012379762013469759
-0.009947230374711421;0.007000034352498818;-0.0012538800126468512;-0.010586018297588696
-0.010469935163678733;0.0009152624797565307;0.007118818775617293;-0.008169212004965058
-0.010472557517277634;-0.010242376610214973;0.010676883346373291;-0.005294128084057452
-0.009916832274109397;-0.0227357709732508;0.008146422758334292;-0.0025135052631342684
-0.008799430505735483;-0.031448797060629106;0.0015376182733835328;-7.19416429789166e-05
-0.007184846361859247;-0.032177833928608346;-0.005234791292384816;0.0024912276744736136
-0.005238729125306602;-0.023760682438101206;-0.00846596424663413;0.005852591706393283
-0.0032426766200912057;-0.008735380709083794;-0.006263748392313765;0.009978692636148976
-0.0015641080358699837;0.00792306172828254;0.0008452294207544165;0.013735417297145398
-0.0005664815953147201;0.02115520235897693;0.010161248852334359;0.015448128176101309
-0.00048352304066119384;0.027830949329252837;0.017746890548847923;0.013965511017739109
-0.0013202747203035394;0.02752887772873636;0.02000688608589181;0.009482706291784961
-0.002840810518105665;0.022133666380268622;0.015499877485592962;0.003605530631202376
-0.004652019803277874;0.014773299196210206;0.0059598096114149915;-0.0014522266762464799
-0.00633612812101173;0.008544308463298862;-0.00438927556514668;-0.0040976429006499
-0.00756211980322486;0.00537788525003668;-0.011001133154318906;-0.004157633471556858
-0.00812875556180799;0.005453768415322753;-0.011314579411223002;-0.002687035405062105
-0.007942102319753378;0.007436818738995699;-0.005879003742542609;-0.0011002713047467236
-0.006970841907992106;0.009371229315895372;0.0021416865616411215;-0.0004030821185666867
-0.005223716242823511;0.009696708957500664;0.008705854417034352;-0.0008939664273846965
-0.0027621804508158204;0.00787194056214513;0.01096015332824214;-0.0021621622504688913
0.00027225803317369577;0.004400320643621165;0.008506882933310604;-0.0032250299832789773
0.0036487597333555903;0.0003834814633038005;0.003223034272287592;-0.002938148488136698
0.00707465191737287;-0.0030724602298024296;-0.0020252343730181106;-0.0007623196849008746
0.010251315134230774;-0.005262976166588252;-0.004862884630824424;0.0024905851961341593
0.0129307693292585;-0.005956644410774006;-0.0044069723193472694;0.004664180393544268
0.014946610734938984;-0.005250733994987104;-0.0015451883101287845;0.0034120620273317397
0.01621132030125206;-0.003445496684986699;0.0015835026136322209;-0.002051842225662161
0.016692016048618342;-0.00103103112528933;0.002814235701622924;-0.009879166595872558
0.01638476275309702;0.0013470578761951273;0.001352049139767905;-0.016208874653281125
0.015301615013264406;0.003102630226095767;-0.0015855777240662563;-0.01736383038336978
0.013472703823058879;0.004023955194041317;-0.0035331694122433693;-0.012242522618183645
0.010957439764515596;0.0043890574665197985;-0.0025898442196126584;-0.003141884615998025
0.007857569027846697;0.00469663677408083;0.0010704302984974343;0.005696281123283506
0.004326272362869416;0.0051936558647581454;0.005300480437124544;0.010707916642429934
0.0005674268483326657;0.005599164749154719;0.007732357942947289;0.010796488619624142
-0.003180230354851641;0.005278454633073369;0.007734644485717321;0.007216147126035132
-0.0066716781441324416;0.00377171432912354;0.006835870304004872;0.002195816437578024
-0.009681950251349764;0.0012857237818474697;0.0071899598386834405;-0.0022942526535873094
-0.012013909683733077;-0.0012917797994755227;0.009443589543077504;-0.004924438863783714
-0.013491504132794312;-0.0029684361730206374;0.011951293202389694;-0.004902020670174394
-0.01396682359739683;-0.0033838045355113187;0.012101367410828298;-0.002047280794712248
-0.013365575501580315;-0.003042066832600131;0.008627664742601054;0.0028764831250863944
-0.011755516286617279;-0.002809103624944963;0.0029090939984980062;0.008180578264510349
-0.009378128149490378;-0.003175419449781196;-0.0018281054626742431;0.012078823777627798
-0.006583121202741934;-0.004026154331465477;-0.0027347194845435976;0.01381273971245582
-0.0036639065560932146;-0.005097943198267223;0.0006611578347650932;0.013887478605160236
-0.000673697106914836;-0.0065360683017776;0.005942001023560831;0.01296538065625064
0.0026527387062768287;-0.008827650423898582;0.00897223680852253;0.010586674419100316
0.006775515848641757;-0.012039842854278256;0.006051954032856748;0.0054748161703688505
0.012027896990177409;-0.0151022863193754;-0.004038413918819187;-0.0023886584148955304
0.018227144397813772;-0.016029711492168107;-0.019062467881783948;-0.010067457759295304
0.024432401778951295;-0.013235738143620165;-0.03387436165906272;-0.012809649200774858
0.029041563620288407;-0.007020471251308351;-0.04240717393073335;-0.007838077726812729
0.03027789729843918;0.0001115586267531223;-0.04058193309975911;0.0024815719516575094
0.026907044694436222;0.0048600484721468135;-0.02892981118189373;0.011416489077262688
0.01885442759813536;0.005307902435492822;-0.0130339194183898;0.012495176062021735
0.007394776636348802;0.002113355831380072;-0.000585273393223327;0.004366366464105946
-0.005203275215351587;-0.0021727339777668237;0.003528831183700685;-0.008038340810320246
-0.016411191806748594;-0.004903103046966421;0.00032691493371785947;-0.017019080857646016
-0.024221844301919374;-0.004794369224802431;-0.00474373910662887;-0.0176385603509382
-0.027672630857382134;-0.0022706522817428913;-0.006521281842222491;-0.011003179591530214
-0.026960955247774775;0.001132545935591983;-0.0038076848341102028;-0.0028037432845667556
-0.023184228996226307;0.003722733378811748;0.0007880746831826679;0.001468382111751001
-0.017864681610521606;0.0044592062944558905;0.0037805555876833682;0.0005928637221151069
-0.012462152542898062;0.0033366234995403847;0.0035179581647339702;-0.0020896559900979625
-0.008036561821819856;0.0012782139748720015;0.0008400923306976435;-0.00194166821991123
-0.0051217104448464945;-0.0003627977317712964;-0.002070804270255149;0.002955408181994772
-0.003770312399385276;-0.00048077115131080976;-0.003342949098386902;0.010018941197771112
-0.003683794241007878;0.001202777023204523;-0.0024096587854416825;0.0138258017768946
-0.0043569454324297536;0.003917636916289807;5.1424122160981506e-05;0.010066012035306295
-0.005208174205953495;0.006123885205188282;0.002848341886878744;-0.0009273694601422475
-0.005692648772475447;0.006233895507916291;0.004977908369919407;-0.013635893685868422
-0.005398214487974377;0.0034903186247220584;0.005874069018187592;-0.020465236564568175
-0.004115093282224127;-0.0014425274839323897;0.005282366946491176;-0.016643111977016442
-0.0018663278376359305;-0.006569579721423228;0.0031562114308893606;-0.0036295496911282477
0.0011069057559140356;-0.009425770687639792;-0.00014599638055383849;0.011418348025751701
0.004399142228169838;-0.008333764738898443;-0.003545710323388347;0.020001370631961723
0.007521604053449795;-0.0033666661259266423;-0.005350489479200215;0.017705777022506034
0.009999958579284785;0.0035679113211245037;-0.004082236128293996;0.0070685629600382585
0.011478700152375296;0.00959625684997653;0.0004147372933290699;-0.004192554114015214
0.011812574784472639;0.012229120663621529;0.0065085674609687404;-0.008505873252813928
0.011112500648367388;0.01050698322654816;0.011477841414580412;-0.00364966202035765
0.009714345369800011;0.005423216727629303;0.012938910880604344;0.005864708459631117
0.008064648400423648;-0.0005269744863632878;0.010029106244817829;0.012175943495796385
0.006557846259234177;-0.004471076431877679;0.003707602586153328;0.009695839675645206
0.00538925450906113;-0.004490289078540792;-0.003768491045642998;-0.0010640142602279827
0.0044882357978070385;-0.0005566914718218582;-0.009770219050206133;-0.013974974177884462
0.0035674397445012267;0.005399250043718523;-0.012232267817247462;-0.021398735938707954
0.0022778551038422352;0.010356241026434105;-0.010327647142018247;-0.01887483381359766
0.00040828308655856295;0.011604761796870262;-0.004727937846037863;-0.007406549572427734
-0.0019673043560315103;0.008039387958238213;0.0025599125216068967;0.007574890854406565
-0.004480630704131432;0.000745594728805148;0.008717483570901994;0.019264495685725018
-0.006615861179251718;-0.007424002934118717;0.011007178198165992;0.022523516409207085
-0.007935918923966676;-0.013140391721279182;0.008030681490562465;0.015754881763191748
-0.008258940185476158;-0.014164177712106846;0.0009439868960345142;0.0015672868843178583
-0.0076894425471213;-0.010384903162031054;-0.006393526525437788;-0.013750575534011317
-0.006508086673826242;-0.0037508686204470254;-0.009221154822314111;-0.022409002356724807
-0.005011974413823654;0.0028697488880683303;-0.004969797636221675;-0.018895258497377578
-0.0034095586287941826;0.007192714775636654;0.004726916302923763;-0.0035827105540005254
-0.0018114597596664715;0.008482699878869493;0.015025574213789425;0.016575805943311265
-0.0002824962344034224;0.007493678143054282;0.021100873507816902;0.031542190219803305
0.0011070747628873228;0.005606928168345694;0.020874890480173516;0.0340381822480496
0.0022678482044876705;0.003888340725943265;0.015428818436019719;0.02384091368735023
0.0031135802904394237;0.002714821712209655;0.007606660857366434;0.007534690749680597
0.00359500026613052;0.002039734505715498;0.0003648412581730354;-0.005982667055048763
0.0037177464254427956;0.0018413562510497848;-0.004282118475269003;-0.010929815692422077
0.0035320537674071455;0.0022946300963735257;-0.0057598299019386125;-0.007384710088419434
0.0031043988970173558;0.003559240040518748;-0.004941791835628658;-3.5635874245290426e-05
0.002493313287283295;0.005361527377590641;-0.0034577667880638847;0.005575582891719403
0.0017438535661754848;0.0066738877762813715;-0.0024479690110003204;0.00653407776770528
0.0008976798161095389;0.005852918134280189;-0.001658463180025658;0.00362119338401129
5.478936875110306e-06;0.0014483451932263442;0.00018923941052267397;-0.0002609720140684988
-0.0008683814706809692;-0.00658796080492765;0.003877021071464459;-0.0026980153157698666
-0.0016512150570767742;-0.016068611035432404;0.008319136086447524;-0.0033314579193335333
-0.0022772121208529976;-0.02292389553347694;0.010731961291801052;-0.0035014702888558585
-0.002713379627222911;-0.022952209965151557;0.008539808076166947;-0.004697052648807754
-0.00299140183628187;-0.014215153562120908;0.0016794267201368166;-0.007171602987532766
-0.0032259982575509796;0.0013632771705431258;-0.006621351631543496;-0.009581698413144522
-0.0035911749496091968;0.018375152977337172;-0.011525588517399439;-0.009764695743861095
-0.004241930601762387;0.030282368274995555;-0.009725249252019919;-0.006283131558371682
-0.005211457483668178;0.03250702783366985;-0.0017503085226128355;0.00010171955778676477
-0.0063483920226061466;0.024587612683580805;0.008241766944805235;0.006223738076444163
-0.00734461080742657;0.01026725028222381;0.014931028890495811;0.008227953062000548
-0.007846411502149132;-0.004480574462243308;0.014753093285829256;0.004282338495793766
-0.0075880723701650665;-0.014366313744459697;0.007536920101099312;-0.0038137266174133335
-0.006475419876541162;-0.017059475531919863;-0.0036449330015288586;-0.011561898576000524
-0.004583340191816756;-0.013699516873211177;-0.013895697144685788;-0.014705869656813513
-0.002089057451683943;-0.0075896190080892755;-0.018549674091155124;-0.01210782845428252
0.0008035573542543948;-0.0020702600439463756;-0.01534934315158628;-0.006447780563687684
0.003908655303334014;0.0010741589665970292;-0.005814169430462406;-0.002113119657311339
0.007068865020776859;0.0018868408587009173;0.005373595595833608;-0.0018155430643103355
0.010146865573175318;0.0014029784001483273;0.013051962330378803;-0.00464192863965664
0.01300969696695653;0.0005906373601620512;0.014621642407395047;-0.007111208475753396
0.01551205161254995;-0.00012670393192115508;0.01123156671274392;-0.006232363439071527
0.01748794877934756;-0.0006193287804587047;0.006386082825406475;-0.001949352362432666
0.018763327477766448;-0.0006001919113811917;0.0032756963614219235;0.0029247357748791365
0.019192479515652398;0.00038928133613302913;0.00287965438437478;0.005019978852829717
0.01870121467709599;0.0024724692291257853;0.0039960576333839285;0.002992112006545939
0.01730871419632434;0.00496763812887309;0.004770596343828985;-0.0016246039317215073
0.015112558726378145;0.006555830451539914;0.004262904761232413;-0.00576919873252126
0.012248492984244701;0.0060858982310471954;0.0028400693132493624;-0.007121710694223093
0.008854288562821196;0.0033957296272377827;0.0013906017743616512;-0.0054632485113444516
0.005060283686108427;-0.0005025791561608244;0.0003350211477957619;-0.002320577103540258
0.0010057719048663849;-0.003991186889298297;-0.0006609047240498141;0.0004401783299018833
-0.003138058523503522;-0.005733561382776919;-0.0021714841440636182;0.001790338516260887
-0.007159320203254629;-0.005311546024364283;-0.004270437360730097;0.0017444803632925968
-0.010820541024499187;-0.0033006230360283187;-0.006228057545843743;0.0008252482710976751
-0.013893901853977188;-0.0008464100272079995;-0.0069215418814713905;-0.0004688857776923574
-0.016201844042392194;0.0009329394030597285;-0.005680897682141282;-0.0017244755471346241
-0.017643969302620365;0.0013713133394112464;-0.002926662422297411;-0.002410393120399337
-0.018197928963037145;0.00036075106026037566;-6.960877585260464e-05;-0.0019622245802421367
-0.017897976756462364;-0.0017565231116679712;0.0012958659607015183;-0.0003187230013922455
-0.016808083028353932;-0.004318850361069298;0.00031864799975360117;0.001634358098571247
-0.01500526991397134;-0.006438840171244783;-0.0026964032010610827;0.0024330963706141245
-0.01257623583106974;-0.007182888204921352;-0.006547163660943868;0.0012193980082610125
-0.00962178495373142;-0.0059531484827021666;-0.009725992375696131;-0.0012285638149311928
-0.006266549730633489;-0.0029453511060400254;-0.0109520270275231;-0.0027614055215324836
-0.0026757910063877036;0.000678417344623883;-0.009530400636411215;-0.001531872267618584
0.0009253080862603899;0.003182107561914035;-0.005600785222133902;0.0022589977153185353
0.00424670433586486;0.0030917442651558834;-0.0002533353779352976;0.0062710562195487625
0.0069618468510945965;-1.4388945989502492e-05;0.004644317115781402;0.007922907368154115
0.008773441542797536;-0.00524021449760152;0.007040814795594087;0.006599477594216568
0.00949779704043047;-0.010754815250535874;0.005631134949572713;0.0040366120522753925
0.00913140953056146;-0.014568373716969224;0.0007151655866717282;0.002529002191400349
0.007863882218852938;-0.015292095291212579;-0.005626478125054526;0.002776759646211061
0.006025261637865603;-0.012577536001359978;-0.010412177006397818;0.003415685410188458
0.003990021822709555;-0.0071571930328634716;-0.011343125635397825;0.002442565369679399
0.002078999742209867;-0.0005624773535137275;-0.008075791441434653;-0.0010097091033895102
0.0004932965770207651;0.005378874684106111;-0.002294329458309765;-0.006027082267490202
-0.000707276843866233;0.009137607016482486;0.00338333335920494;-0.010558356769560007
-0.001584461814554559;0.009958695639122815;0.006802299315185374;-0.012599180006306063
-0.002268887909964417;0.008013050474178437;0.007110105739870357;-0.011234306525383922
-0.0028893449681612984;0.004203947372223693;0.004787244618190362;-0.007184142043430867
-0.00351173193584732;-0.00020306142144678916;0.001136646388133704;-0.002570554292202596
-0.004118204120879959;-0.003959459012563221;-0.00237883701636346;0.00019921119508628865
-0.004635613653923155;-0.006175868464560143;-0.004679617855141666;-9.834699474495223e-05
-0.004990477078721347;-0.006611871482298714;-0.005355864222971977;-0.0027084639011773497
-0.0051526087380007034;-0.00580772061542517;-0.004647028285891611;-0.00542829998254623
-0.005141566109186758;-0.004897758323525374;-0.0031496977471843486;-0.0061027797203253515
-0.004997600365087924;-0.00506427213457546;-0.0014065146785769915;-0.004037530989562845
-0.004742435494292717;-0.006843627590890325;0.00037448575577945993;-0.0004132104188053107
-0.004359497180824732;-0.009684252698998811;0.002266594185780159;0.0025321239987864887
-0.0038060892977192567;-0.012094993642054203;0.004276069151761588;0.003031022258081983
-0.00304587107594278;-0.012404199162339327;0.006021209866309614;0.0010198985831667696
-0.0020777485112316767;-0.009744526382117993;0.006790554510690617;-0.001823387753049158
-0.0009435007277530627;-0.004660325479819973;0.0059917157014783805;-0.0033452225952275475
0.00028744951387715237;0.001085490606220313;0.0035988349658028483;-0.002601379697487475
0.0015441991964928884;0.005436821166042154;0.00018706272130755944;-0.0006666151384408804
0.002776175628358056;0.007177757984345034;-0.0034665866382937397;0.00020339887710209688
0.003962868594403996;0.0066137883828782;-0.006846885774363146;-0.0013823979369628715
0.005113346353491122;0.005381081553491017;-0.009797598151304179;-0.004309835652768745
0.0062557811824807755;0.005455173171476619;-0.012117130176420408;-0.005388126496768393
0.007407627474386735;0.007908786127527366;-0.013026139182632858;-0.0019222114025321778
0.008522372092779774;0.012147600927844471;-0.01121326792235312;0.005590330943790464
0.009437617882602138;0.016101845604684663;-0.005824237736403817;0.013156784791775133
0.009875415452877484;0.01728227119350055;0.0021997586010296857;0.016003323698755883
0.00953554686368476;0.014082386397904368;0.009743245555782027;0.012213213575194492
0.008271097049596823;0.006639025807542832;0.012971644824002686;0.0041948279222593825
0.006271068350564281;-0.0030477722416974106;0.00995903451651735;-0.0033337210264820093
0.0041373259759540405;-0.011669024937359433;0.00243064233945029;-0.007062414346529417
0.002762287901200077;-0.015709874769411054;-0.005167782661183566;-0.0071489705605962805
0.0029936734194272916;-0.012923294082578685;-0.008911861429940014;-0.005833228784916888
0.005188616901178654;-0.003669888092362429;-0.008318242731904731;-0.004221609886249406
0.008859734961215636;0.008689648918540061;-0.006221171921112297;-0.0007536657042019857
0.01263557924807458;0.018942886116777094;-0.005565042665187274;0.006808701065704092
0.014653077606894126;0.022458667157533252;-0.0062975787453267516;0.017730753164156957
0.0132845667305643;0.017673506338891993;-0.00573501446459166;0.026878278607544975
0.007880996135476664;0.007080771783390474;-0.002005923490749392;0.02765840324297514
-0.0008490130799610592;-0.004057539501148583;0.0034393136280342997;0.01745969641602347
-0.011026335786743531;-0.010583959941211555;0.007122261697043181;0.0009560380578365978
-0.020257271369332763;-0.010110302348628874;0.0069298286683973365;-0.01222599011757114
-0.026448493660349476;-0.0038672068367668518;0.0036981663957948024;-0.01431226784612074
-0.02844685605851451;0.004541340444998678;-0.000317564755366859;-0.00519700633954088
-0.026292061600435034;0.011391585172496103;-0.0037634227067484326;0.007701078292357443
-0.021048237155756145;0.014593355813970846;-0.006726304353273467;0.015312541859233983
-0.01433928226537338;0.014078205326669806;-0.009530778171758772;0.013509902179566938
-0.007803135809795392;0.011042805521970862;-0.011631978530643362;0.005406976255948168
-0.0026710341629122333;0.006949459691776258;-0.011796406781945764;-0.0017541950063331847
0.0004241185272450261;0.003004565985841083;-0.00915236470591055;-0.00233413752905376
0.0014320862157739375;0.0001265518687811896;-0.003985219494457314;0.003533259782957428
0.0007502362793962115;-0.0010432310397891912;0.0023292017850728274;0.010136418042618495
-0.0009529713147005785;-0.00036659979245945163;0.007981273064198019;0.010522881386731176
-0.0029153047799675784;0.0015004852877507112;0.011359927297156522;0.0019071805085653967
-0.004440010379336575;0.003140333319762798;0.011408291817956207;-0.011700561591973756
-0.005020898115732478;0.0029331541743736755;0.007926200980171933;-0.021660685226245133
-0.00441733840427166;-4.754258135155165e-05;0.0019688332751011937;-0.020481071237609092
-0.0026706781580031914;-0.005311094525781237;-0.004052441057136271;-0.0074566626824368884
-6.551585993411407e-05;-0.010920024536562595;-0.007164473266576232;0.00992320594630695
0.0029514575477642946;-0.014329896822648382;-0.005455079278227279;0.02042367897826435
0.005878015961162368;-0.01373199187702114;0.0005244888415498577;0.016793854616438283
0.008268380304375619;-0.009145029642753537;0.0078049015572844264;0.0012389151708720196
0.009827712663205925;-0.002558387324045037;0.01270247627892975;-0.01575801363009789
0.010467400325754522;0.0030613012701640814;0.013041406730407273;-0.022713504560707008
0.01030807321758935;0.00539271389754656;0.009307557385521211;-0.015155710680834489
0.009631347491663538;0.004046164174745396;0.003980332340509567;0.0015852579866923366
0.00879441557248154;0.0006898122725419926;-0.0003201455534356132;0.016650821694900318
0.008128693467592936;-0.0020903747474118324;-0.002391322042458704;0.021441774889503357
0.007845584387347164;-0.0024956751311257944;-0.0026088113944529546;0.015007670675395069
0.00797255440816522;-0.0007340582674048855;-0.0018817430158911891;0.0034918120102504667
0.008342593755682057;0.0010095745550151825;-0.0006265355597871378;-0.005045185568174552
0.008655513090073641;-0.00010339846210774285;0.0012537741687055433;-0.005938386852964001
0.00860683137468283;-0.005653377348374023;0.003590612488369878;0.00020353358088954696
0.008033604981326473;-0.014538572930688503;0.005424026643881268;0.009177142828797214
0.006988620892521329;-0.02293850598249523;0.005461969020012545;0.016063492955232787
0.00567735807823185;-0.025914596966526645;0.0032350654197795445;0.01725266804344792
0.004282878506172932;-0.01998507511657036;-8.025450079946239e-06;0.01139866692499181
0.002797816969544308;-0.005310460643563968;-0.001476300054936684;1.5672823266957666e-05
0.000997804095098725;0.013790048956973265;0.001714461045293405;-0.01248360164741317
-0.001399816440345778;0.03040690378001055;0.01036415604541212;-0.020515099452647893
-0.004486546136133052;0.03806309933398749;0.021622791243619936;-0.02081325071063192
-0.007995299905808623;0.033800128923047935;0.029646620791835592;-0.015045707648113122
-0.01133662745828313;0.019709536031086824;0.028887257545792976;-0.008630268456398952
-0.013821767913247036;0.0019239618302071535;0.018068086243312333;-0.006331457010664381
-0.014940167429397069;-0.0124946618607093;0.0016564520223832317;-0.00866319861891368
-0.014538408465151888;-0.018982114429633275;-0.01263702164341969;-0.012255283368777754
-0.012818412801809412;-0.017216877503036288;-0.01850811821714396;-0.013278479740718675
-0.01018440590219284;-0.010381392874056289;-0.01447942738072639;-0.010484328253841324
-0.007047946836210227;-0.0028128047746592386;-0.00405180982308259;-0.00556704583866662
-0.003698492194935845;0.0022724584501540956;0.0069785593577548185;-0.0013157034618424246
-0.00028140815834164825;0.003801753602868414;0.01395489049210782;0.0004675778388129724
0.003142961482883082;0.0025400773270888473;0.015363710374423845;-0.00020118994454443835
0.006515562989139652;0.00013146242112382822;0.01251775863055624;-0.0020250065582808076
0.009718076278956869;-0.0017884589495856659;0.007744536396424968;-0.0035277995188609215
0.012556554655780422;-0.0021081713954763646;0.0027098501708277332;-0.003879401860311369
0.014785061669761458;-0.0004797338666991758;-0.0020585914177751853;-0.003090325568219446
0.016152125824591912;0.002594075002012338;-0.006560616493667165;-0.0017153359397182257
0.016452460473604706;0.005898764969684559;-0.010516032812076357;-0.0004173412597247829
0.015571967460908425;0.007966505338097275;-0.013159747117636256;0.00032844896224020376
0.013517619578277452;0.007710374956569238;-0.013741802473255633;0.00033786567023980985
0.010423908057579501;0.004921284856864196;-0.012219473444010203;-0.00022570399914295056
0.006531343952185631;0.0004030462001333879;-0.009556082506880828;-0.0007523100612142497
0.002144016719463694;-0.004291090913182723;-0.007366514880589907;-0.0002538701005746942
-0.002416790265404495;-0.007436608941059193;-0.0070152216211660364;0.0020840556518292564
-0.006847921336016786;-0.007859693302283146;-0.008588014704213935;0.00598841590487057
-0.010884603016588227;-0.005524689008795487;-0.010429688532856479;0.009579525806729352
-0.014311433061190924;-0.0016693050018729506;-0.009887536915317255;0.010079571858824422
-0.016972116304069914;0.0016694703834796661;-0.005169409265703469;0.0057398319576132005
-0.018779524118072835;0.0025668163872306637;0.002903856299401795;-0.002279779351048704
-0.01971832614115264;0.00011223612815816069;0.010856361688600802;-0.009835133760540123
-0.019830947318072296;-0.00516194753977677;0.014621990442595463;-0.012149919897201511
-0.01918805246039736;-0.011527352141203246;0.012223709321298896;-0.007164152901124799
-0.01785799395098291;-0.016790295959882427;0.004996731156297823;0.0026509962443810567
-0.015892054052483475;-0.01907501257523391;-0.0034019519325035608;0.011616420758007074
-0.013331054088386035;-0.01734768621547934;-0.009233794588522207;0.014652963634133837
-0.010226921277516563;-0.011672351149103432;-0.010581854436435466;0.010905739927936269
-0.006672573539309592;-0.003281203104775828;-0.007910144723004135;0.004275211986008626
-0.002837650041714685;0.0056304902177345476;-0.0033197382032615587;0.00017076087734263292
0.0010009362623552283;0.012553573846645965;0.0007170372317018244;0.001114395498010388
0.004462314838852831;0.015658190984899394;0.002373789732299761;0.005082429573760575
0.007126540827194697;0.01462140941272631;0.0010023193521422613;0.007963088392903052
0.00865360167619277;0.01071920916707543;-0.0027000960086273344;0.0075247112157371555
0.008904139257728719;0.00611019783814924;-0.006886382399618018;0.00503345285101774
0.007997332933818829;0.002846742361890601;-0.009273744059752112;0.003345765269642735
0.006277653431643844;0.0022166571607219274;-0.008281171112515617;0.003801707286129474
0.004216393923921576;0.004534513551339165;-0.004023765297626723;0.00499424164326245
0.002298844081188258;0.009116503473300803;0.0015344667687574856;0.004294852043015306
0.0009305052840176304;0.014320601986085871;0.005514006350256612;0.0004721557097970396
0.0003677471743616587;0.017893742069991145;0.005670575178239496;-0.00491416713092841
0.0006736630819969626;0.01783357993317725;0.0016654683746278774;-0.008383492008049394
0.0017146406319599246;0.01345777782608156;-0.004682406328084769;-0.006946851171634707
0.003214807617721021;0.00595658852930235;-0.010292742619247463;-0.0003670338748216918
0.004856512555299342;-0.002069387037177272;-0.012380718197193918;0.008273896667485266
0.006379707322027256;-0.007878574387083398;-0.00988630729019975;0.01421714970737344
0.007631567821749236;-0.009923014939716285;-0.004043590482575206;0.014004618927386253
0.008555229044607458;-0.008521846709541876;0.002274668699144966;0.007890259565371977
0.009145914342100358;-0.005559827732390967;0.006182510133835819;-0.0001036449659674696
0.009409834895164396;-0.0033923521740898766;0.0064817119536499474;-0.004838560453815546
0.009341509585592687;-0.0035288208492100437;0.004305285081221669;-0.0037813745273396013
0.008917808709089934;-0.005819154153650251;0.0021271958203104265;0.0009572519868857492
0.008105888544123682;-0.008638171502238372;0.0017905826177174228;0.004079604951762139
0.006884605312684696;-0.009972096566487561;0.0031353298353255024;0.0012029974775477914
0.005271584026485001;-0.00870786112925267;0.004379723301863746;-0.00751777357139694
0.0033392518060636226;-0.0052684598053463665;0.003863605309968017;-0.017147721757516037
0.0012087203231164613;-0.0011881013895349457;0.0015811098179996915;-0.021349736231944163
-0.0009717998412022172;0.0020193331896172385;-0.0007860021687297532;-0.016811483287011018
-0.003045698852194748;0.0038286864508150784;-0.0012785141949641563;-0.0054849301080455775
-0.004852555600621979;0.004783248654016941;0.0006941887003199608;0.006803524621501708
-0.006226220450844276;0.005693622663342052;0.0037830473875891126;0.014176919841608937
-0.007004563156618566;0.006692016080549463;0.005629570354950903;0.01422172548712083
-0.007059907954002229;0.006967735608287159;0.004567592418635071;0.008893446910583361
-0.006339443997575735;0.005400931266768914;0.0008101723075749552;0.0024972458585905623
-0.004894185431157026;0.0015742484889377062;-0.0037050345523621927;-0.0015050479098743254
-0.002882966630794423;-0.0036131723101922634;-0.006609708380236493;-0.0024601740922673486
-0.0005535571870406551;-0.008184993886673772;-0.0065993814200272765;-0.00205640198926743
0.0017914449674866664;-0.010086305812825627;-0.004161434944882095;-0.0022406056379439205
0.0038413419410465695;-0.008389059579908764;-0.0011020890611924045;-0.0035017073168554327
0.005334075519966158;-0.003960700170030725;0.0007753032282373578;-0.004887777780251355
0.006109687424533102;0.000904740914420897;0.0008625137416290551;-0.005408927295210131
0.006140835687636263;0.003744863168925646;-0.00010981221476437643;-0.0052796343164976485
0.005530337362217715;0.0033024703654716044;-0.0010279586218604243;-0.005750708291514826
0.00448076882313081;0.0001455700496302894;-0.0015244862413478586;-0.007674702848259561
0.003245705370528521;-0.0038185469908501722;-0.002235031266269373;-0.010209673970526526
0.002067720891696097;-0.0065627895767318;-0.004015259936788699;-0.011059888545521285
0.001108940139622657;-0.007094423756580685;-0.006940584010656386;-0.008245281104304914
0.000392515927034396;-0.005865818014128471;-0.010060518590329857;-0.0018669191872009276
-0.0002127106967985137;-0.00431522494146552;-0.012108160344975085;0.005716638549356448
-0.0009352893991134621;-0.003976472498435847;-0.012456021692243994;0.011410721963438005
-0.001969680809593777;-0.005745906724184553;-0.011419527600746118;0.013269980316914395
-0.003307238600531786;-0.009591673966150013;-0.009652526328868516;0.011314393963813127
-0.004603096469756536;-0.014611979474860405;-0.007204373901272464;0.006896836596786527
-0.005171360058303316;-0.019242558403775947;-0.0031436215597718015;0.001409426260011353
-0.0041789830609955765;-0.021565857783734134;0.0036972612835104793;-0.004452376616551361
-0.0010247270971856372;-0.019833206396070516;0.01316835146132948;-0.010250336761643853
0.004234332344345429;-0.013277005652144565;0.022673942794066808;-0.014804901641988688
0.010633550629825664;-0.003014704634912884;0.02788041923424045;-0.016027729816067815
0.01642575065391962;0.007566369037959047;0.02543485840138216;-0.012337793411300691
0.019618989570848653;0.013717379901896767;0.0157862735915026;-0.004694162404156453
0.018740398256429026;0.011668567582147378;0.0034321765511759095;0.002915176313952968
0.013475074672905265;0.0012273383849178456;-0.005998529429597775;0.005855938820275282
0.004854186904687391;-0.013270885675476612;-0.009339895857865502;0.0027333773713311867
-0.005106646909622625;-0.02465195527722721;-0.007213020816905922;-0.0028032287869183587
-0.014137451854302744;-0.026406976569621148;-0.0026441992188571623;-0.0047912596199971335
-0.020476756519746234;-0.016075224928675053;0.0012879960031692299;-0.0003432402489943849
-0.023363849737548154;0.0032751414409404305;0.0031952115483849922;0.007347204545187663
-0.023114324560722183;0.024267014277907315;0.003923437697103797;0.011458578328232204
-0.020815655359959457;0.03858882979748864;0.005688314111433429;0.007264900771352488
-0.017817362275998613;0.04083406812341891;0.010082051894755598;-0.003934220901242422
-0.01524561571753887;0.030871739895920677;0.01629846426674083;-0.015657139386936216
-0.013723616585986226;0.013648404209681;0.021178711230177113;-0.020722100919501996
-0.01334814116065495;-0.0033145854434961457;0.021224577824050378;-0.01596904128790627
-0.013841180851761992;-0.013375669056190037;0.014989458517243549;-0.004241998573839011
-0.014742647834929321;-0.013529867976862214;0.004123901956548373;0.007450934389631113
-0.01554679247335302;-0.005307033851217671;-0.007377211929702891;0.012377991771893512
-0.015764461524599968;0.00642398221016034;-0.01510383090294357;0.008251528245638481
-0.014953810225274465;0.016027014304079663;-0.016410434839951395;-0.0015381353476866886
-0.012767367833492973;0.019743452428011222;-0.011805832213753252;-0.010239724255780505
-0.009026009692695148;0.017164796881376305;-0.004600142162013632;-0.01195946107593164
-0.0037920172517077032;0.010939865595761973;0.0012057776029833346;-0.005182601161286887
0.0025965026430596052;0.005034472893874581;0.003392708321846199;0.006365898800530152
0.00955067849359583;0.0025710174606000994;0.002535967847065127;0.01591350208938103
0.016314089234686364;0.004389753323918072;0.0008949618883537278;0.017629742097149292
0.022091307068999075;0.008938458906472933;0.00020430671356341245;0.010169238455265007
0.026203735247353463;0.013302175752086084;0.00022952628267669122;-0.0023589379784338684
0.028241881945416363;0.014657262647730599;-0.0006606085222099547;-0.012791950606649049
0.02816304247919362;0.011444342249541705;-0.0033995355274851406;-0.015395363458194266
0.026280382851065598;0.003944216611965403;-0.006663942410684416;-0.009547286701217749
0.023129298758569037;-0.005743639259200567;-0.007630444387636977;-2.2250546745060676e-05
0.019265969356266035;-0.014326071309036658;-0.004599710748956366;0.00643660053426368
0.015095530899732005;-0.018564776819786525;0.0009927024116374238;0.00584485374140793
0.0108035259864219;-0.016800396319966528;0.005264106325562174;-0.0004124262980782443
0.006399308163805714;-0.009914804403355794;0.004841690567821083;-0.006908265336290938
0.0018308009125765979;-0.0009752959902485094;-0.00044072931863190314;-0.00829462716086415
-0.0028830831379144982;0.006361274426699478;-0.007364483575461587;-0.0030786613125355863
-0.007555225109575592;0.009689497651554572;-0.011740168226320506;0.005582821217656508
-0.011817887567681677;0.008786445518850985;-0.01143552717833351;0.0122751329099667
-0.015217056899527528;0.005212478244563433;-0.007718510360918624;0.01287083047109358
-0.01737452207275913;0.0011122136597265823;-0.004044343826340072;0.006879360733224442
-0.018126520305773355;-0.001874311078542373;-0.0033635467406792742;-0.0024131796845515163
-0.017556598689182145;-0.0030287807836254454;-0.006069518915517559;-0.009685102657656621
-0.015909136308653333;-0.0023518970046229578;-0.010096876617201569;-0.010351822429458268
-0.013445962707199043;-0.000163171047305302;-0.012862277675603882;-0.003181400306164594
-0.010338013409101895;0.0031071928719737635;-0.013219487517598836;0.008833601412483847
-0.006651949521083022;0.006843464543135663;-0.011808481510374015;0.020246698775256304
-0.002427634227457935;0.010104687495672077;-0.00987776503168325;0.026414107463463142
0.002208071779968453;0.011723080215979459;-0.00799818100795292;0.025759105811248673
0.006959367007987658;0.010743104200481099;-0.005785122014861392;0.019715565071586345
0.011361155602304402;0.006980095342797362;-0.0025495731789598004;0.011220094375554558
0.014872316781276932;0.0012878739273716083;0.0018732781411142185;0.0032917305270397583
0.01703014760910742;-0.004742176943809233;0.006737537438337998;-0.0017959802556693364
0.017598586462706473;-0.009509037423858415;0.010670572667967441;-0.0030921881053738473
0.01663914153603598;-0.012055765795010253;0.012453430945977258;-0.0013276765470884124
0.014472583949595117;-0.012234426748352938;0.011740944126913063;0.0014182134736682526
0.011559462140640166;-0.010433459802611771;0.009138804258953996;0.002838750877825025
0.008364093709296309;-0.007247795575189637;0.005638460060494476;0.0015716746478977347
0.005256278618771752;-0.003350301059639302;0.002057255649774197;-0.0024062557467036077
0.0024662246324206882;0.0005021516056028142;-0.0010039812559166437;-0.008165229249081501
8.023302538328945e-05;0.003526541427125455;-0.0029360366018261743;-0.014304569397233883
-0.0019348121853759036;0.00510127667838294;-0.003209510916482888;-0.01909474389465064
-0.003680807925302567;0.004971533187032975;-0.0018258274555373031;-0.020596189442988654
-0.0052601905916879925;0.0033314480803965756;0.0004386917586966594;-0.017315613923641813
-0.006713875243758887;0.00074438026274422;0.002433660240060459;-0.009331488760851736
-0.007991498674882866;-0.0020457851224445047;0.0034053017426496713;0.001018946281978452
-0.008963917077585098;-0.004348963031812011;0.003444416819391784;0.00987098943246775
-0.009467722550932178;-0.005762489739458388;0.003264166243925369;0.013929929619562161
-0.009361010379532733;-0.0063334753274066485;0.003606953075091942;0.012518953720687464
-0.008570868803461683;-0.006537264045412901;0.004796728421164475;0.007869582934783154
-0.007121659733520405;-0.006989762466664509;0.006639171217793635;0.0033252673589961716
-0.005142542883724379;-0.007967199372413684;0.008527466043301823;0.000977981013778938
-0.0028563211594337737;-0.009023781062041778;0.00960470388009425;0.0006736636869945605
-0.0005490073453172501;-0.00907397987183267;0.009025568317209368;0.0009122795881627076
0.0014812032423171014;-0.00704509539597772;0.006382555971935959;0.0004893289799472207
0.0029877456520515976;-0.0027196174661924736;0.0021081532496647873;-0.0006181220430376529
0.0038314114877138717;0.0028677638264434486;-0.0025327951898857634;-0.0016271594971022415
0.004005942668475471;0.007820157776422488;-0.006012282824959943;-0.0019415162414503542
0.003626234173951946;0.010301368102414245;-0.007307967313424979;-0.0017471160638204634
0.0028886049755366566;0.00939936054062046;-0.0063066208355085;-0.0017108103910771883
0.002018415338055808;0.005500292338986704;-0.003655620360491366;-0.0021683064716263726
0.001216961963461927;0.00011460951320628125;-0.0003739768337386394;-0.002672519388683995
0.0006164878538503484;-0.004700520505433147;0.002446060888289033;-0.002372444591834386
0.00025362606832726183;-0.0071484524517647155;0.0038773487750696145;-0.000823660548717135
7.173190419960478e-05;-0.0064808176557716295;0.003494572736622161;0.0015468865014993329
-4.5919453854194256e-05;-0.003397846509594483;0.0016771747090039992;0.0036680564897680194
-0.0002240061550293692;0.00022710680825211807;-0.00047546639727961585;0.004466939835916958
-0.0005452073144606664;0.0022371492571039023;-0.0017321654366507149;0.00346203351105681
-0.001022116125151101;0.001267595439824683;-0.0014744838182729786;0.0010371553436566909
-0.001599780838380381;-0.0025402909388441888;-5.728791253000817e-05;-0.0016926274501937388
-0.002182944213978288;-0.007570965095192716;0.0015032924146548526;-0.003434706884866024
-0.002672316543184014;-0.011534660557267347;0.00232227645278277;-0.0034994113782835655
-0.0029939664984705077;-0.012647218772792113;0.0023618833992608682;-0.0023033091548757528
-0.003111481537805112;-0.010551877902539154;0.0025156073680954153;-0.0011172513610967728
-0.003018605653765377;-0.006447354292195362;0.003892769263147137;-0.0011394207014996454
-0.0027206465157897275;-0.0023462711972343903;0.006713854839022654;-0.0025797607033827812
-0.00222071544824703;5.921856815883264e-05;0.009679131241229398;-0.004500248809048532
-0.0015232298851797523;0.00022119822963511862;0.01056089277858617;-0.005585703448093218
-0.0006526026474266272;-0.0011671210454453078;0.00783485179497484;-0.005217885835491335
0.0003294283040091068;-0.002708248945167024;0.0020656712204256537;-0.003853048812659166
0.0013261094867485289;-0.003074536322211642;-0.004219343949901544;-0.002302922497787119
0.00223047527455554;-0.0016253497960791652;-0.00809315506532508;-0.0007122818225866466
0.0029552807136955443;0.001370990256083096;-0.007943672382430798;0.0015294810977232855
0.0034467368051989255;0.0049494153913257856;-0.004211274950624135;0.0047447790944282866
0.0036780112785983073;0.007944942808966557;0.0009958019781280527;0.007993740046072366
0.003637493915873957;0.00950888480801849;0.004967370934273567;0.009407881822342881
0.003326782269620857;0.009389614562977563;0.005691747032863883;0.0076719959888043995
0.002766942003518845;0.007890996576090584;0.0029167769275609988;0.003270573929896834
0.00200020445989741;0.00565419416021656;-0.001628639946515842;-0.0016793277513500776
0.001081123000806761;0.0034686485984934835;-0.005182126293611124;-0.004875810438428043
6.620582827113238e-05;0.0021368155274103934;-0.005634146259125222;-0.005301958661025382
-0.0009855846732985765;0.002263980103658475;-0.002874415118364115;-0.0035397009178964765
-0.002002105544321931;0.003948500100603164;0.0011741263785843205;-0.0009161297761240975
-0.002891846054207084;0.006569635795919684;0.003909223147985688;0.0014884930362024556
-0.003556202578124031;0.008920336182026159;0.003830759976925065;0.00309987162076305
-0.003919182677220298;0.009725540488715833;0.0014549307003040488;0.0035536377185784564
-0.0039581601533715;0.00829095194302769;-0.0012611075386490698;0.002642415984760587
-0.003715283588571406;0.004889554602670065;-0.0024440705280180186;0.0007668409233330831
-0.003278952331469526;0.000639168499795898;-0.0015290163496098107;-0.0008146199453682763
-0.0027426577762244817;-0.0030474524704053995;0.0007071286905608193;-0.0007151665191890893
-0.0021633832417749656;-0.005101717515934143;0.003075311938323168;0.0012042863465006634
-0.001543122730053126;-0.0051903555278397795;0.0048411447084553486;0.003203477717288954
-0.0008430733451601646;-0.00373846125946867;0.005795398683872458;0.002783536372199588
-2.0367489049519824e-05;-0.001683383525927213;0.005773411341719937;-0.001088580971591297
0.0009343597104011556;-0.00011024420425332244;0.004438276806248983;-0.006594020710970587
0.001977236106851633;0.0001559340398943209;0.0017333207882308662;-0.010017261036836552
0.003015644243603396;-0.0010603661450245268;-0.001498577274289141;-0.008597579596523932
0.003932868679187293;-0.003105161092524811;-0.0036160336614587943;-0.0029972654723736136
0.0046253361768296315;-0.004787086247049395;-0.003215833412014215;0.0028705462287538204
0.005042285883403029;-0.005166271105277751;-0.00023460736934985638;0.004753263075245518
0.005209707652136625;-0.004396951183866234;0.003992881989817592;0.001339625673474132
0.005215593585381093;-0.003905975132158722;0.007805124667122451;-0.0048321057685675
0.005148378053987104;-0.005482995556300704;0.01028783939825532;-0.009435486085105268
0.005015369342873534;-0.0096732309034466;0.011215830117855919;-0.0094498967835907
0.004698604883478474;-0.014643935930714645;0.010027789670915;-0.004790889323765996
0.00400016672460448;-0.016694905037205485;0.0052452936191735525;0.0023933369146278845
0.0027790124730970316;-0.012510882858445203;-0.004472624709154219;0.009591736641968336
0.001116190094698557;-0.0017591787722126084;-0.01815282971130465;0.01514762450667762
-0.0005897565882259059;0.011984339729246965;-0.031335603739578874;0.01806565140365377
-0.0016776235785305772;0.02293768765064688;-0.03771923151680054;0.017250077284851773
-0.0014512892018301666;0.026366494310772183;-0.03310708118216759;0.011617792077075813
0.00047295668527583333;0.021088515722907306;-0.018845970196512393;0.0015240151550633414
0.0038358608271484465;0.009623071781883864;-0.001823015506827055;-0.009865644707161073
0.0076141403983164425;-0.003714599426591617;0.00952002254577515;-0.01735282492962009
0.010258347988030986;-0.015085944900749711;0.010436751373673702;-0.016995765935773326
0.01026403417653519;-0.02224817349559792;0.00237731712303844;-0.009379730145182359
0.00683444368073012;-0.024305613059931296;-0.00891412186762373;0.000381986184367676
0.00030029944052223785;-0.021068194387738482;-0.0174961800869266;0.006449063040553976
-0.00791979411143284;-0.013031537195924783;-0.02010229995401939;0.00679529146620969
-0.015789729541545866;-0.0019289233810082386;-0.016584752531152942;0.004435721855928319
-0.021329870503545147;0.009142140952876474;-0.009015700502259905;0.004066037893622237
-0.023217623761924613;0.016719487907777834;-0.0005659054713201214;0.007215233436097305
-0.02111665107542389;0.01861860586626805;0.005664516696263848;0.010696838856170251
-0.01566901826981732;0.015012277124883395;0.007828028434785417;0.009912639865112014
-0.008205430416374185;0.008170274826908953;0.006060623910796357;0.0036066703065017035
-0.0003079428928641002;0.0011181761399053497;0.002306774963801172;-0.00463595278117496
0.006612393974703897;-0.0038326489911416975;-0.0006969435532641875;-0.009404145807290244
0.011592612976061931;-0.005834056582774313;-0.0007813555029301746;-0.008034895691735336
0.014202772795456994;-0.005334023957632397;0.002517105377435689;-0.0027474337918170773
0.01447982831894879;-0.003424072644470845;0.0075346987656726505;0.0012784677616815624
0.012791930950756297;-0.0012703320440944743;0.011170665096341343;0.00016290243569975598
0.009698530972191963;0.00015466169756332446;0.010625785542734282;-0.005468667089062724
0.0058321098053710175;0.00021105398828069597;0.005272236362692445;-0.010734620070920168
0.0018006508445444387;-0.0012158634005841982;-0.0026968142666760004;-0.009954650358253074
-0.0018937072198208934;-0.00354828815644377;-0.009440752092157641;-0.0008626662150082502
-0.004916546270188999;-0.00559697764906701;-0.011661340108353256;0.013236377909925058
-0.0071345483870974575;-0.0060000604412359946;-0.008309425831362852;0.02482376217499337
-0.008612689803108248;-0.003880617623214851;-0.0008947901644106148;0.02643451198019337
-0.009572764568611286;0.0006236406065564222;0.007440391857423064;0.015457136178806207
-0.010315510499223272;0.006298974831436305;0.01335502340192937;-0.003554600717042251
-0.011115614658926673;0.011335253224737914;0.01462921923928768;-0.0209599002354325
-0.012113501248679754;0.01409947483375563;0.011042878064937131;-0.027706408097965925
-0.013243097741801794;0.013839153025628966;0.004550386986735568;-0.021078466860380802
-0.014231661317297238;0.011044921912185264;-0.0015052410270276423;-0.006442485438927776
-0.014678666816205834;0.007330678523531626;-0.004008397328807188;0.006501303396455724
-0.014184962093282604;0.004794084227721202;-0.0017041670896214846;0.010364107876266045
-0.01248762208586802;0.00501420413859224;0.004193696338472171;0.004667924809467636
-0.009563848544139704;0.008131398037169215;0.010805985822589258;-0.004945488567489322
-0.005679053881691357;0.012573529194145186;0.015222378945899444;-0.011733880917012928
-0.0013563588137815714;0.01570042710864143;0.015986303063551116;-0.012486924823455736
0.0027491543721232387;0.015072987881158365;0.013762688362421865;-0.008139620277013072
0.006053136599777933;0.00965785153323411;0.01102976631326318;-0.0011332584492664583
0.008243740130787996;0.0003731600830531149;0.010907133892785748;0.0066943855619228014
0.009370524362307881;-0.010166486217905118;0.015362828580658922;0.013552067436844437
0.009755322967829551;-0.01848498124421814;0.02343528497447497;0.0164053686102141
0.009776684226992184;-0.02141219110830929;0.03068686711985852;0.01216652273312556
0.00967197587299064;-0.01739097258594381;0.030971848546189045;0.0012491649728429294
0.009479191672716115;-0.007504123560445236;0.02012552212428576;-0.010537182274661331
0.009123489866739396;0.004524175522495576;-0.0006718783557770171;-0.015149810828192705
0.00855227342866288;0.013854978792302925;-0.024462426515939384;-0.008771413045903297
0.00781593832045477;0.01703573049538275;-0.04180840026149022;0.004350091862798925
0.007057932980985925;0.013879585963391745;-0.045964889280683985;0.01476605786762704
0.006444618278224403;0.007298630942502952;-0.03663610317687155;0.015152423824174888
0.0060872443139879375;0.0011804009653096127;-0.01992341767437818;0.005644293830977648
0.005992668559724067;-0.0020681119950816972;-0.004617221885820953;-0.007077133168026863
0.006056752018679617;-0.0025471312819996903;0.0027195054230415394;-0.015342499752954418
0.006100794415588464;-0.0019922514466486764;0.000882652029265551;-0.015628600360713757
0.005940542510873091;-0.002004926087660385;-0.00627497037226251;-0.009690410973620098
0.005461381837297342;-0.0028411329570536058;-0.012963562692446072;-0.0020019619822164957
0.004663594905542922;-0.003513501848692554;-0.015070271966513475;0.0036715424025574694
0.0036557853574036496;-0.00286659146091254;-0.011978851232835883;0.006048574298283039
0.0026054584540292185;-0.0006574924247239731;-0.005949666579583333;0.005924127082973911
0.0016758400961803845;0.0021500087059311995;-0.0001455932448758086;0.004746980730572827
0.0009759378121294604;0.0039796126153516746;0.003157731149307003;0.0035601204952098483
0.0005379925845208368;0.0036116581035985015;0.0033601523256690624;0.0027633402585422718
0.0003239257567349954;0.0008802849148189354;0.0013604517485678958;0.0023210705656238925
0.00025315163952953406;-0.003254930756345614;-0.0011892175305803993;0.001980805141824884
0.00023904150545646952;-0.007219566964689606;-0.0027856802748733797;0.0014336020410196744
0.00022004036389970918;-0.009593520997997915;-0.0027521174349435587;0.0004994701817915302
0.0001741219027601679;-0.009723030235396212;-0.0013998044237946352;-0.0007250699805145959
0.00011327032234059728;-0.007890416830699475;0.00035135180356919894;-0.0019043441361530152
6.492534157683059e-05;-0.0050347528675725945;0.0015970408044546753;-0.0026867751939283536
5.2508350186698696e-05;-0.002247595398584523;0.0019091650442976647;-0.002935231025651477
8.424405488697763e-05;-0.0003219049889425222;0.0014093310928553042;-0.0027869353143512164
0.00015249503739185347;0.0004665790650763892;0.0005247399170230716;-0.0025194498058892065
0.00024015781431412246;0.00032090578501427046;-0.00033768944965451735;-0.002339241919599288
0.00032877812098185393;-0.0002786145979007231;-0.0009897478547982704;-0.002239279958718481
0.0004044010918926908;-0.0008118454189716668;-0.0014574302999829406;-0.0020130290966003826
0.00045982023298769104;-0.0009036594481493817;-0.0018303122084072257;-0.0014214830880597685
0.0004939100613068786;-0.0004246215818123222;-0.002092874453027614;-0.0004256791698660257
0.0005092615251646082;0.0004922919989898452;-0.0020625294750678557;0.0006558792300664054
0.0005088100684727859;0.0015150513554844324;-0.0014928864584579384;0.0012002642813288033
0.0004917470207594867;0.0022460512555406856;-0.00029797523928839766;0.0005904593614042137
0.00044971975992462215;0.002383049667900273;0.001245120577941464;-0.0013369798108791053
0.0003658256144418337;0.0018295838772848236;0.0024932537304567944;-0.0039948978895732795
0.00021930554762486317;0.000694725020661037;0.00272572162755458;-0.006201091664301351
-3.7165157992076723e-06;-0.00079971501111541;0.0016093600301416663;-0.006826946102084328
-0.0002980463648851392;-0.002420217127261999;-0.00047283291249319295;-0.0055555079724990885
-0.0006339697990648833;-0.0039615493742067315;-0.0025275947467832973;-0.0031555729835996524
-0.0009647156341930747;-0.005234495530558831;-0.003497514213548255;-0.00098368525230062
-0.0012451597297782353;-0.0060687966672004125;-0.0028996888571210713;-5.786427426047469e-05
-0.0014516463168461342;-0.006375889050197401;-0.0011135002837886624;-0.00042018298401066506
-0.0015903705700763932;-0.006231060852110369;0.0008765981903065651;-0.0012559266051451014
-0.0016879911837016117;-0.005879800132115108;0.0021051694612679197;-0.0016209975514029928
-0.0017696630564148618;-0.005615779278315175;0.0022160125147122297;-0.001195286095394497
-0.001838822310439765;-0.005576737959019725;0.0016392743662138134;-0.0005083847655241252
-0.0018726774176686292;-0.005571894153247705;0.0012090555760643868;-0.0004779164402622567
-0.0018370521395589521;-0.005064688809308891;0.0014496681714361733;-0.0016003095736859534
-0.0017116827818530744;-0.0033930320988537085;0.0020760397904259925;-0.003427410079308158
-0.0015111831460075107;-0.00018818815197285799;0.0021794065334371612;-0.004783078853871068
-0.0012899263080302105;0.004226187811566369;0.0010035225560414737;-0.004583675216771708
-0.0011270456971346795;0.008758463238494909;-0.0013623306589006774;-0.0026266130103798882
-0.001096501934961759;0.01194217295406984;-0.0039880383351928;0.00022819293813081357
-0.001235048369450088;0.012620104865705537;-0.005755033682211868;0.0025616809898321162
-0.0015247581326328639;0.010524371097093687;-0.006069524646689342;0.0032289958064697084
-0.0019006895298451722;0.0064214624479891815;-0.00511658156430779;0.002025980402503118
-0.002279068820952198;0.0017618435589261243;-0.0035646472900585182;-0.00022845572870917825
-0.0025891746668632804;-0.0019551925688478288;-0.0020047285331801163;-0.0022876373931809773
-0.0027927269184082077;-0.0037773438666819886;-0.0005601368092923695;-0.003336224142328637
-0.0028843425082806175;-0.0036034509466377073;0.001008799401801673;-0.0034418194128406207
-0.0028769698510834334;-0.0021249372720265817;0.0027307498170418792;-0.003262728664629854
-0.002783066218530702;-0.0005154918734585241;0.0038350885699698894;-0.003315290840015215
-0.002603614963140281;-5.845347323097462e-05;0.0028370820933983957;-0.0034463170005441927
-0.0023313119292192983;-0.0018303886862345653;-0.0013383388357645926;-0.0029274192832233884
-0.0019638264142076414;-0.006417535217002066;-0.007800474874851611;-0.0010255446749212656
-0.00151584198219967;-0.01358378725380668;-0.013145621655998578;0.0024679164798957548
-0.0010221794537537815;-0.02192384332011082;-0.012898137423246941;0.00709043417713851
-0.0005359788039704336;-0.02876931744871254;-0.004283933515449047;0.011829631654190882
-0.00013269868749541484;-0.030759198354929324;0.01154180467232552;0.015304871784711677
7.658908957014498e-05;-0.025244548904555183;0.02940600187260594;0.016151497177213495
-6.379897122696879e-05;-0.01201968834371347;0.04241973566663284;0.01384303015638672
-0.000732697555005222;0.005743963906311305;0.045491694353673416;0.009548782681793488
-0.00206312091570308;0.02232845059718543;0.038027670654353904;0.005943466798996223
-0.0040460165108378455;0.03195779702935217;0.024092724731224792;0.005450149310751002
-0.006467406952768777;0.03159091541814428;0.00987534782202273;0.008174134866111312
-0.008936690501680243;0.022322446075496813;0.00011672871040593916;0.011659231448435963
-0.011006044391830864;0.008628257769852973;-0.004175786898088184;0.012968096612354471
-0.012317163098282187;-0.003915651826156292;-0.005371595994920554;0.01112134319988508
-0.01269667707810506;-0.011075809335191226;-0.006682506259186412;0.007609124028337374
-0.01215971830157627;-0.011389398653300747;-0.009425071931095779;0.0047341249771056726
-0.010836903683295637;-0.006111942160310274;-0.012201245118815552;0.0035179365449332003
-0.008876758628573757;0.001962818333020893;-0.012571778161015956;0.003065029874731958
-0.00637701541361935;0.009938330204334572;-0.0096093912551735;0.0018658286997249318
-0.0033721086675592756;0.015734132356636316;-0.004917295853003933;-0.0002721147617563082
0.00012915047666332204;0.018283871589389166;-0.0012381573775533785;-0.0016916951124209896
0.004083828740128625;0.017332486061569917;-0.00014032452871558877;-0.0005288306316841618
0.008363990562273075;0.013264676778544968;-0.001001113247277069;0.002948792045481454
0.012735591246135198;0.0070982892793346256;-0.0020357065950828432;0.005751525564371968
0.016876208218058388;0.0004027402274910193;-0.0021787452715179146;0.0043028286461967834
0.020428711393528524;-0.005130746945973424;-0.002034735619210222;-0.0023118194857740925
0.023073311006150756;-0.008370895773093393;-0.003079340402711151;-0.010879568981936736
0.024588554834359278;-0.009217561758373611;-0.0058367060652725995;-0.01598728156505564
0.02487389944261098;-0.008468647503969223;-0.008721364655191112;-0.014058435409426447
0.023927687856252034;-0.007173375861193155;-0.008807591041673198;-0.006207650144592432
0.021804211857808876;-0.006001184422997626;-0.004119782768138378;0.0025688228283863193
0.018587396362704303;-0.00510239483745168;0.0044657314503292805;0.007235486211643149
0.014401151459709329;-0.004428599933277525;0.013422955319045549;0.0063294645318410616
0.009442557420063545;-0.004032927964198479;0.01879354850121205;0.002380797011293514
0.004003771983488059;-0.003951267286183966;0.018648852135681418;-0.0009124464111675225
-0.0015445139619216766;-0.0037993458566458332;0.013974847877267842;-0.0020330829481867625
-0.00681145825062979;-0.0026536707282180413;0.007572087657302923;-0.0025719018446557166
-0.011467076987594674;0.00037389686198272063;0.0020648507237496327;-0.005082287790332641
-0.01531346829170331;0.005136245216222312;-0.0014736838298948696;-0.009922270306713318
-0.018308951729869148;0.009869218320523647;-0.0035498610912351593;-0.014037604537202696
-0.020515342585952903;0.011746602351633014;-0.00530059716864678;-0.013004825243081384
-0.021967614612549282;0.008485558518415814;-0.0074185693896863325;-0.004807380726080229
-0.022512740297058544;5.545861853043495e-05;-0.009562076946053152;0.0078218482608584
-0.021708599896141087;-0.010692525226826044;-0.010467357798072377;0.018635227244108998
-0.018883779649611084;-0.019072753368531047;-0.008734921816039258;0.02198279152483796
-0.013409966178943493;-0.020872937801688907;-0.00395949068556751;0.016746282973045545
-0.005129576101701068;-0.014697561555693331;0.002548646372860402;0.007019929615899676
0.0052457958972240955;-0.002991056662624287;0.008300286495370483;-0.0010877436729974895
0.01601536350506717;0.00896977645826116;0.011404032999287569;-0.004016068792159309
0.024824621937361138;0.01571818833728491;0.011998881226305191;-0.0029841445973301933
0.029415480265277225;0.014491188709061286;0.011464192925034816;-0.002248143746759609
0.028488975240969112;0.006696322985269013;0.009941257910026525;-0.005198229139561632
0.02225796636333618;-0.0029960957606426624;0.005359527844754411;-0.01164847047414155
0.012405117000050519;-0.009381868555575552;-0.004060799174155705;-0.018203664667081235
0.0014746161561122802;-0.009502947114786175;-0.016325092755474852;-0.021067581116739526
-0.008000058680026362;-0.003837995323381454;-0.025670385777329958;-0.019104805445391525
-0.014250394480727504;0.00446094099916921;-0.026872969331622212;-0.014843798484272171
-0.016645793305341428;0.0114653058165443;-0.019641112984136625;-0.012462662012097718
-0.01563342055526468;0.014349560520235108;-0.008713033023823072;-0.014209732387408502
-0.012371485619329064;0.012417839547887855;6.937035564721351e-05;-0.018257443032590394
-0.00825684014079682;0.007000002588219704;0.003753461694589426;-0.019908850903200166
-0.00452108958356937;0.0005123581713598175;0.0032584972013621335;-0.01527068058061157
-0.0019869320058027713;-0.004689077883562944;0.0015366291627037308;-0.004576646914066916
-0.000992099653340725;-0.007120659651816619;0.0010274734859499288;0.007312841421320509
-0.001438906184905624;-0.006462098142384374;0.0022027281748612185;0.01371266060107451
-0.002916454543339802;-0.00343996390768262;0.003738757699598057;0.010490587443951151
-0.004851639093160177;0.0005087590374412223;0.0038045664569409847;-0.0008274590680615348
-0.006657658275539798;0.003685811665327121;0.0014711146366143144;-0.01342369910865184
-0.007857885583949642;0.004658415339915589;-0.002642155563990639;-0.01910184450903382
-0.008168361545654075;0.002788089949573932;-0.0067926604146764605;-0.013482611948290575
-0.007528496919105409;-0.001438449726619061;-0.009197781585836522;0.0008443977774338948
-0.006081248841515876;-0.006512426067956297;-0.00896780749400844;0.015525880427983007
-0.0041169786977363655;-0.010483076607581672;-0.006341464393837908;0.021637885809229675
-0.001998760117778321;-0.011754308451373008;-0.00232016079850336;0.015657160250538992
-7.966700384210824e-05;-0.009704378086273682;0.001855034135150376;0.0020182230372683433
0.0013816876589273549;-0.004879906298723854;0.005135372122298662;-0.009882051958634104
0.002292495505576985;0.0012311303968369528;0.007034898935603954;-0.01236163247198685
0.0027574675816933137;0.006706806549272604;0.0078601802418665;-0.004980317009054842
0.0030475074956803952;0.00984297381164112;0.00844311570955485;0.005329803305255405
0.0035052537581430304;0.009802164254254044;0.009256061292458206;0.009801169784340851
0.00441718529394331;0.007024399104117582;0.009623327662771101;0.004797138693284449
0.005896848178868273;0.0031354657748001195;0.008097039589056665;-0.0053843209413585065
0.007818129472991153;0.0002572975583832909;0.003978846225464175;-0.012108404776475519
0.009825291557883854;-3.395578564468969e-05;-0.001549972123190232;-0.009225152583851945
0.011433208158595632;0.002443269815221154;-0.006060628646159755;0.0025714725617544646
0.012201387071028061;0.006336811896683983;-0.007700088519204699;0.016910691722950615
0.011914712278920934;0.009439512718832449;-0.006361701416573891;0.02663503393510711
0.010670492710358293;0.009836733391139612;-0.003303559677641661;0.02808926111647039
0.00880707243972892;0.006980934332762127;-3.683287333345022e-05;0.021979617233060068
0.006710509896368284;0.0021815234001842246;0.002338316202917057;0.011444299004094636
0.004624942104955791;-0.0018552425257424851;0.0031831661169115944;5.213005332290037e-05
0.0025882487641979506;-0.0024234344861343445;0.0023071024013917633;-0.008656453432278756
0.0005177888141301421;0.001492469089374646;6.898278305778041e-05;-0.011176125347283745
-0.001636443042027022;0.008337001055060784;-0.002744324294307214;-0.005433088002549692
-0.003787281520648344;0.014707634427387472;-0.005348715424448597;0.006928227394454268
-0.005716126133397781;0.017367346842286427;-0.007302722310443163;0.020103568503672026
-0.007166113887631388;0.015160205481143755;-0.008484192185598144;0.027037666175462112
-0.007952729639735423;0.009462689942925888;-0.008893906346439143;0.023743508049998228
-0.008031375784218881;0.0029896798802370294;-0.008552099381060387;0.011603438427671925
-0.007500637244645567;-0.001979188010036884;-0.007508147903799217;-0.003790949732499879
-0.006555579405937527;-0.00467515746711548;-0.005878783707249199;-0.015849386983079323
-0.005420293671372811;-0.005723018645268666;-0.0038709462036047586;-0.01998019929127457
-0.004284047616450053;-0.006246104395279967;-0.0017376484078051166;-0.015199944798646054
-0.003256198376529129;-0.006970404596522344;0.0003435364673835731;-0.00430493548961702
-0.0023522107064414067;-0.007866705314466078;0.0023128762290614505;0.007265138956819743
-0.0015176943971484222;-0.008387998867243346;0.004010860766246528;0.013787980358858148
-0.0006796207260379878;-0.008012664101573388;0.004842102480081551;0.012168685563367178
0.00020414027238110246;-0.006725320449576445;0.0038162358336361474;0.0038566842737751575
0.0011237525088713266;-0.005156739625911456;0.00029099567214872833;-0.0057696122630879285
0.002028128738128336;-0.004262431591255076;-0.005007511470604213;-0.010674524542566788
0.002846957237577456;-0.004664349104192983;-0.009719345573934975;-0.008173734323380701
0.00350215492823335;-0.00607062791915775;-0.011003794930844836;-0.000772324487822272
0.003907730807765319;-0.007276564154287561;-0.0075055802380494556;0.005767052995826582
0.003975026496667758;-0.006911902252277203;-0.0005381836106201245;0.006784688660309165
0.003634779215686497;-0.004490793222174431;0.006660551323100241;0.0020707323193179675
0.0028676694409420574;-0.0009502904817018598;0.011100164927036258;-0.004457659323815246
0.0017244998059699093;0.0018551478240182862;0.011869369240160528;-0.008279341758146562
0.0003241804673024313;0.002426302580084904;0.01020971360677834;-0.007837235583404337
-0.0011682720159696771;0.0007028390401767017;0.008005778885966706;-0.005175322294595539
-0.00257373808770664;-0.0019065357060620643;0.0061875029339869304;-0.0034786462535687603
-0.0037324648005265357;-0.003574530439920786;0.004415841289796736;-0.0040882633008072185
-0.004534097144355055;-0.00336086472670302;0.0020700441586628954;-0.005684681148052674
-0.0049384831075891325;-0.0018163818196762817;-0.000651172005121552;-0.005972808684715082
-0.0049780987981580494;-0.0005680988262222118;-0.002608738753800663;-0.00390153688971175
-0.004735949556978811;-0.0013384854982509816;-0.0025698932048117905;-0.0003758944350246942
-0.004305639061273065;-0.005070888860207911;-0.00018263174871204434;0.0027988655856375833
-0.00375250392876736;-0.011460733963913868;0.0036144932973918263;0.004429325019601632
-0.0030940033867360704;-0.01882086847107313;0.006855575234801947;0.004549497376143103
-0.002306607892163322;-0.02427632968137025;0.00731328119308015;0.0038652647001702896
-0.0013565524907745887;-0.02453577499902691;0.003594582316119201;0.0027869420523316214
-0.00024603976864738097;-0.017356357935346182;-0.003784961533497803;0.0010382368150024135
0.0009407306590955303;-0.0031581355480241203;-0.012049063443819003;-0.001793379069383664
0.002018369124683741;0.014351404404606537;-0.017167931055098534;-0.005350680523248019
0.0027388889214742668;0.029377862125959636;-0.01602162936464921;-0.008280103671689893
0.002894539983459305;0.03666975757684605;-0.008468204275767404;-0.009088010102756594
0.002436732750451069;0.03406478298135858;0.002160609632472763;-0.007246065342979218
0.0015278436342919838;0.02344113272987821;0.010697622681930167;-0.0033438598528088585
0.00047897597794294757;0.009618693364599844;0.013073394323763345;0.0017389585907558885
-0.0003905680847153419;-0.0020336247991229123;0.008745266617164411;0.007429728515664706
-0.0008840511531721947;-0.00795719556269766;0.0009918489622140136;0.013066050382482123
-0.0009757532203825552;-0.007613415510431569;-0.005188211656482324;0.017240597501799307
-0.0007637695907204734;-0.0031261536400359643;-0.0062018801672710285;0.018073874105512998
-0.00037164961517479115;0.0022304592098863893;-0.0020044690360535872;0.014470707119632215
0.0001341288221372838;0.005741408398948491;0.0040598992565024136;0.00720888621020522
0.0007647051082480369;0.006281183243021129;0.007595976457408044;-0.0012026906355191908
0.0015666440682824544;0.004353765323394151;0.006106391407342916;-0.007807266690610404
0.002555301488312854;0.0013873730172339867;0.00048379487366308796;-0.010585119018206215
0.0036706325627964055;-0.0012036165709872182;-0.005906012903219681;-0.009034752732201183
0.00477913205446631;-0.0026846190463733163;-0.009580637044988474;-0.003949217871648216
0.005713527232332968;-0.00311672073742148;-0.008894156820519358;0.0030160616422330025
0.00632543969268494;-0.0029944884590656458;-0.004559204048857526;0.00966152456712439
0.006529111828687966;-0.0027438958343495184;0.0010296077307544295;0.013699450370836763
0.006323576788117753;-0.002434370267384111;0.0050019081232694045;0.013592129389909908
0.0057870592021346725;-0.0018450612299063041;0.005296930346455855;0.009411427224288988
0.005043770408794657;-0.0007516474476222454;0.0016412358860610696;0.0029926999594590727
0.00421393600637388;0.0008415060254615264;-0.004291777036389794;-0.0029209251953575153
0.003366908607245571;0.0027102398328347666;-0.009770288964271926;-0.006069114680493281
0.0024954529032177137;0.004601484739357159;-0.012477440487255567;-0.005770566958986529
0.0015194674059019638;0.006370933929601276;-0.011689624899502375;-0.0031749008719523385
0.00031934950427736224;0.007912902466233322;-0.008493364678753496;-0.0006512034140250489
-0.0012075307603746507;0.008975548495718725;-0.004943947246484639;-0.0006577009548717615
-0.0030861309843751073;0.009078852319152108;-0.00268641036341425;-0.004529934679857476
-0.00522787513341778;0.007647719745151836;-0.001976104078420028;-0.011618481003812572
-0.007438758034046385;0.004312868778115479;-0.0018127415230423302;-0.019227570562037916
-0.009463227461215197;-0.000759672215294919;-0.0009853705917794314;-0.023677555167898778
-0.011036960427385625;-0.00670553185454424;0.0009293988178483355;-0.022265508066342733
-0.011926466570991789;-0.012133651284770515;0.0033709360782654056;-0.015092937569333203
-0.011950206710330745;-0.015606469144696357;0.005338558224173825;-0.005398217495053468
-0.010988381130023388;-0.01617727888326675;0.0060862043846644925;0.002208337398769319
-0.00899398481121408;-0.013717057543322152;0.005468530570429752;0.004660226587908084
-0.00601859828609272;-0.008947722702134998;0.003835896269254668;0.0024210607632751393
-0.0022579558550002055;-0.003248856494394136;0.001694657081843826;-0.0010788275989684311
0.0019008350799136202;0.001705973216685645;-0.0005723952935276846;-0.002171329257360762
0.005876947108523857;0.0044644586814493094;-0.0027608858194760224;0.00042112236768067205
0.008992065656384511;0.004328908072073634;-0.004697950092071828;0.005187356535763291
0.010681172590153599;0.0016082969487528386;-0.006026458813094565;0.009632455816338358
0.010757861593439949;-0.002614397328168233;-0.006087547344981702;0.012262194420933209
0.009603941678435774;-0.007016043417910662;-0.004045995142286401;0.01295139875878729
0.008143475060095216;-0.010434983249396531;0.0007141647916198816;0.01192144969992523
0.007539502875924773;-0.011939847738096018;0.008049931304963346;0.008958525027254844
0.008692924929903229;-0.010832077383365345;0.01662168368231264;0.003844008467009871
0.01175473069313096;-0.006966667073473037;0.02393613380430023;-0.0026898656833991993
0.01590161395395439;-0.0013339150134093886;0.027215840105644554;-0.008810128456222885
0.019531448728973375;0.0037280464788643345;0.024848185420333752;-0.012617059965107898
0.020842759204768233;0.005365902255273077;0.01734808518750544;-0.013442030975594264
0.01856287706767709;0.0019816295075133455;0.006954314708500324;-0.01221026052783637
0.012495700431285185;-0.00526598109714331;-0.003614241042096117;-0.010437804222884572
0.003641733406052269;-0.012655562843582038;-0.011921086502623761;-0.008566568669515977
-0.006144348523936963;-0.015978125943836963;-0.01585417853094481;-0.005232326607573287
-0.014784989146992129;-0.013076245867533353;-0.014018527436516983;0.0013118569751594841
-0.020630681544716062;-0.0050777722593150065;-0.006930041325242216;0.010539012901901602
-0.02289722128145517;0.00437965868121867;0.0022756144885334607;0.018595874368452673
-0.021775161801229515;0.01127110622478239;0.009082025291783577;0.0206116748864007
-0.01822947720120739;0.013281048741253956;0.010282074649976753;0.01471353580047442
-0.013604820823292356;0.010709025761219342;0.005945777846089043;0.0041337454280670006
-0.009198690898848593;0.005898061120918198;-0.0008685692732902355;-0.004610298598885706
-0.005949065122645193;0.0017998937478267785;-0.006196204516439646;-0.0061468183377639315
-0.004305702872027143;0.0005866319519502675;-0.00742737480081648;1.662013771436056e-05
-0.004261620579270708;0.0028905514915856787;-0.004458550236482327;0.0091190631635389
-0.005472071569112356;0.007771311666311899;0.0006359075789855855;0.014355174125105528
-0.007395295709078683;0.013230765306347262;0.004996453933263539;0.011446936841421092
-0.009421564320911104;0.01702483855679705;0.006568927419300235;0.0015006780350482866
-0.010982920548371942;0.0175158637313003;0.0050186865494064115;-0.009701966745169113
-0.011644044991165486;0.014299470002890724;0.0015589660722248073;-0.015428858033473625
-0.011169414848223692;0.008366396425742047;-0.002019326121969453;-0.012260170405783165
-0.009554794033122604;0.0016858118738529036;-0.004340381094122214;-0.002187007487404952
-0.007012794714551771;-0.0036594673697460784;-0.0047959123874249995;0.008661831001890807
-0.00391483959630313;-0.006386437489747669;-0.003289478928341892;0.013755038078535543
-0.0007053942824244327;-0.006488036681948487;-4.1382506838936256e-05;0.010049604201526079
0.0021929190441312783;-0.005029682133641534;0.0040607058704332415;-0.00023673330065303715
0.004470893048092303;-0.003463379428651143;0.007019010113537935;-0.010961126568007915
0.006009204082711808;-0.0029336478053974225;0.006246610839160484;-0.01571545580050682
0.0069161382597988375;-0.003927004947592015;0.000381052391595798;-0.0116909182049729
0.007493784446737832;-0.006243116326013255;-0.008877668491733014;-0.0014418994637275331
0.00811822356400415;-0.009059800504485014;-0.016885144172772922;0.008612165908980703
0.00906783012811133;-0.011045099096860985;-0.018749236935859722;0.012148720410017686
0.010378828128033157;-0.010732339533997513;-0.012805827744124995;0.006920507006540997
0.011806335965948662;-0.0072543442601771995;-0.0020309816344444534;-0.003840455764027079
0.01291686138372963;-0.001070293669084622;0.007879446742121326;-0.013524525348156635
0.013271598965964188;0.005939245622175142;0.012278634839764137;-0.01633028482942868
0.012617745599159005;0.01129992637618658;0.010317298669835374;-0.010802250799304441
0.01100071749131989;0.01328007324054775;0.0048244076757212335;-0.000609973361675694
0.008742792016656828;0.01185224482964934;-0.00023619572181984584;0.007651834532888101
0.006296590256910871;0.008598172097076294;-0.0026003983844883768;0.00821456805431173
0.004049334007222904;0.005623524506164135;-0.002715055351909834;-0.0004965403521882163
0.0021824546777453966;0.004241769908711112;-0.002416761979663048;-0.014493687601307995
0.0006549582899684287;0.004292829963281869;-0.0027557943845971447;-0.02583704012782391
-0.0006984115027016876;0.00446799855477535;-0.0030886783351110423;-0.026982979487266693
-0.0020266554514385376;0.00333217237731234;-0.0021189566015214056;-0.015682680364736922
-0.0033632829670912816;0.00033409124083168913;0.0004998615844555806;0.0029873989257932043
-0.004613054056953155;-0.003818081519357409;0.003763297798807008;0.01943280208739907
-0.005613791268468714;-0.007600248128647249;0.006308307556893907;0.025491673484791266
-0.0062273464853942985;-0.009619721827515918;0.007525084528859715;0.01926387147776056
-0.006411532299170133;-0.009453641032745373;0.007732870250365585;0.005614757891692366
-0.006242278393552935;-0.007857482745783923;0.007567832121317597;-0.007390413355309273
-0.005878668965476896;-0.006259443838809743;0.0073583766324188705;-0.013312184558466066
-0.005488195096176616;-0.005898773000772202;0.0069545093907890645;-0.01054906945645179
-0.0051697308950932885;-0.007111778674947486;0.005962794419313607;-0.0025081470143976823
-0.004914978629587048;-0.009123895857019873;0.004118784657737424;0.00506649864673686
-0.004628087038857478;-0.010432385744743816;0.0015555015668120688;0.007968670885615651
-0.0041896879113413835;-0.009588093131096913;-0.0011488458270789992;0.006099430902234591
-0.0035287725551284527;-0.005997597494387443;-0.003157612777795818;0.0028993749612862617
-0.0026652868472581246;-0.00033797640799924065;-0.0037813044497907664;0.0021646527543562216
-0.001702959341539485;0.005667507837491408;-0.0029789692987903732;0.004931337862878867
-0.0007767535964699389;0.010040319970982247;-0.0015820970948967673;0.008931626876237563
1.586112506397356e-05;0.011479232392036093;-0.0008486648650052813;0.010767393555273045
0.0006593098001397467;0.009918210205417778;-0.0014923132144757031;0.00872221844515049
0.0012139758205540131;0.006487266066172174;-0.002976624522213844;0.003909340001213104
0.001768272334033576;0.0030189759603724228;-0.003799925491977544;-0.0009088843053949599
0.0023854222261312304;0.0013222634780186203;-0.002649567296021589;-0.0035509229430022954
0.0030809325755810093;0.002359591423012169;0.0004979875748182869;-0.0037578267055338663
0.003838779543384198;0.005549178029917802;0.00424439938055351;-0.002763226590932496
0.00464370678525096;0.008632951238555044;0.006721541530392763;-0.0018667298117646298
0.005498270739968103;0.008521008268454509;0.006866342308639825;-0.0014601288561136461
0.006409945977800277;0.0030175518161342247;0.005028582620050004;-0.0011868368559109575
0.007358428972452823;-0.007406013716067376;0.0025075792504723137;-0.0007130356996212077
0.008265760154776257;-0.019015583899701434;0.0004911449240882608;-0.00018178195573403144
0.008986132484803847;-0.026183962882825786;-0.0006853984961131117;1.7272944704265167e-05
0.009319305196358194;-0.02432245497948789;-0.0013804682426478585;-0.000203000777174165
0.009044758981133317;-0.012760664990236464;-0.001866093005809514;-0.0003371231142891518
0.00797421951023117;0.004314434338421043;-0.0018283904469882507;0.0004320211903832402
0.006017698276722818;0.01969674538443009;-0.0007506452065093609;0.00247122951991605
0.0032448294365304215;0.02685062083186134;0.0012242492893174343;0.004973158305666165
-9.162165765469501e-05;0.023275852556616596;0.0029419774551377987;0.006063111549707779
-0.003597179542421909;0.01156333570349053;0.0028606526685042285;0.0040887886569469485
-0.006835994002069121;-0.0023081955172167953;0.0001247565608102403;-0.0007452715483202417
-0.009447243326980121;-0.0121676463233486;-0.004801574787705289;-0.005937522755744969
-0.011222548530210284;-0.014430126980122708;-0.010341002558905344;-0.008102626818018469
-0.01211176878396748;-0.009186522743077002;-0.014570060164184101;-0.005258073674341727
-0.012168126665330946;0.0005172025223659435;-0.016063842361177097;0.0016934219137880939
-0.011476220149469382;0.010462297741553684;-0.01454424575271502;0.009306653586477939
-0.010104262470646793;0.017086411603860412;-0.011143768819064611;0.013579152349688667
-0.008094793582233117;0.018599542712965524;-0.00798411150030484;0.01237903721472837
-0.0054839326789877085;0.015127549978551588;-0.007016951000278312;0.006754892143850048
-0.0023319031014823787;0.00812247537080843;-0.008781077574059302;0.0002028219161564543
0.0012480151321672519;-0.0004234522972098531;-0.012025642129793684;-0.0036787114411578584
0.005068402509907509;-0.00850872144663869;-0.014483964882283045;-0.0035600023236918754
0.008857426961617646;-0.014362369883621691;-0.014182084972220663;-0.00109298264169034
0.012264398607872193;-0.0166876163735;-0.01043454549570544;0.000548479604215721
0.014891764272127671;-0.015082900402050918;-0.004067912216505981;-0.0008559187565524823
0.016362260044385533;-0.010394628082303667;0.0030713995280489364;-0.004998495028931774
0.01641026740665156;-0.004555233118081316;0.00892009122791561;-0.009450931901403942
0.014960587317694972;0.0002373742480356976;0.011917614272088487;-0.011553564017876702
0.012154199005506348;0.002587053135184549;0.01152174690847448;-0.0103013280603881
0.008308792747106632;0.002515663315557732;0.008451681261839634;-0.006889770246880203
0.0038380155300006815;0.0012118061714685166;0.0043882005126560306;-0.0036210335200230754
-0.000832572004162276;0.00013474152149060625;0.0010683524332365311;-0.0021418102543763716
-0.0053274008931282505;0.00014593896750128538;-0.0006235690286837463;-0.002494986430205741
-0.009355175361323916;0.0012168738875106971;-0.0008286593254735352;-0.003596124397994147
-0.012720315934963495;0.0027327819212289387;-0.00016682043942574997;-0.004327536231386065
-0.015316809925176594;0.004002671265577195;0.0008419744701397198;-0.00407883452060682
-0.01710853291152716;0.0045938623079360115;0.0019188570564648206;-0.002552509715986973
-0.018102048003534797;0.004386227051774584;0.002885250431296515;0.00038524479194103437
-0.01832173255784456;0.0034878724794048183;0.003582700686284937;0.004277643607355125
-0.017797655639174834;0.0021996547727276133;0.0038967476098215876;0.007593928224986555
-0.016569532188614844;0.0010588972517052116;0.003721232168975909;0.008200691145568033
-0.01469861575974239;0.00078981920764586;0.002867249654777679;0.0049929550862812
-0.012274834030648466;0.001982746636054854;0.0011308695201399338;-0.0005414511029605243
-0.009415431528828714;0.004597383327805215;-0.0013840026822312865;-0.004613716385986309
-0.006264906671200967;0.007683840823892815;-0.003920780848532438;-0.0037955005007402343
-0.003007802294615108;0.009679595151483943;-0.00510461065542609;0.0018409286940894965
0.00010946800769986118;0.009220783886179985;-0.003584077132913426;0.00819345839280436
0.0027727049568136816;0.005950104876618675;0.0009513212303955092;0.010410935287453429
0.0046430129199191246;0.0007321665021691088;0.007116345055782145;0.007381400616934613
0.005461236088653393;-0.004885820090592106;0.012313878517248798;0.0029974747243275792
0.005176733593530527;-0.009525010929206918;0.014312765530151922;0.0024594994192350624
0.004020458723884713;-0.01245463511537637;0.012753736502185982;0.006871028041165624
0.0024565358182481066;-0.013426401884884052;0.009245329844382649;0.011491991303884013
0.0010225310591508278;-0.012273952730303118;0.005907058939885098;0.009746133884598612
0.00014460739076065316;-0.008892549299744949;0.003680629436967078;-0.00044643711618899196
2.3885539343582984e-05;-0.0036793657384476203;0.001992281152014571;-0.013844651869337582
0.0006309844279176921;0.0021364001473054965;5.0235622444432317e-05;-0.02144976632276608
0.0017745879294626499;0.006830503528194653;-0.001649125630269049;-0.01769936008881581
0.003186321725010111;0.00906950906059668;-0.001385918691061815;-0.005210931986554158
0.004591309582031868;0.008644531496645015;0.001993665682686559;0.007025060997342368
0.005764660379994621;0.00645661918631541;0.007426791043059342;0.010529147831600746
0.006574549784445602;0.003802140797948717;0.012056915994931645;0.0035894690547297096
0.006998077973650588;0.0015939839629089867;0.013531063608652347;-0.00805507639985163
0.0071000850166009115;0.00017529093765559104;0.011972060535789293;-0.016191089766516592
0.00699068533336794;-0.00023433455373769605;0.009728624061766097;-0.0163070747639399
0.006794288098742193;0.0008750427518662077;0.0091833033901325;-0.010086731405429721
0.006644753191534333;0.004016165498689033;0.01068652715917212;-0.002920953752275047
0.00668133074021208;0.008853180645893336;0.012446137922219014;0.0007621295071590608
0.007005112285124759;0.013687020681161484;0.012304839064929615;0.0003787091660873919
0.007594142652868855;0.016013287518972234;0.009633663606311947;-0.0014486381154305596
0.008237710342145101;0.013911998392553852;0.005652970560969807;-0.0016164753283033483
0.00857400123919066;0.007231728769464049;0.00214577471945652;0.0012767815502324584
0.008265168829611697;-0.002299592476252608;-1.886504741888341e-05;0.006589367034663107
0.007246533245163477;-0.011994494097144731;-0.0012303705959099509;0.012486398847537045
0.005907672290890703;-0.019381117384116433;-0.002293827894364159;0.016759321180946803
0.005058033191002726;-0.022901351188083327;-0.003437250225109795;0.017263034796189312
0.005615594757981252;-0.021998226076978145;-0.004230432493926612;0.01251054492483491
0.008108171031494704;-0.016974397892593487;-0.0045012342361458275;0.0027387586842295038
0.0122216921969522;-0.008997626962122108;-0.005199365406869909;-0.009276984867638295
0.016670632103765747;-0.0001853075775119237;-0.008023616472183566;-0.01883575503849814
0.019543496157847867;0.006684074520906076;-0.013911353473579057;-0.021552884306783798
0.019031128743782443;0.009155795556309198;-0.021881670640333264;-0.015910977912017378
0.014212762291917237;0.006451829513278335;-0.029407164646802552;-0.004300003438446922
0.005511902686847402;0.00022325217505229168;-0.03378741639851559;0.00832402305536572
-0.005397186759392471;-0.006124410984075029;-0.03322526039116471;0.01736338215636526
-0.016162318258998606;-0.009297591391201133;-0.027293480501535426;0.020986626897368472
-0.02452084906809863;-0.007933819000323073;-0.01730758690005445;0.020216299572616805
-0.02894521135556789;-0.0032045771538243627;-0.006428983964328008;0.01697829494104436
-0.02896698919189807;0.00202785050143343;0.0014068546553273585;0.012246895123223646
-0.025143770798335494;0.004854261884627465;0.0036880507970258047;0.005950022281665303
-0.01875737190017874;0.0038088461852431427;0.000985528022357074;-0.0017165341681225738
-0.011388506180363373;-0.0005298088660567235;-0.0035359215756144177;-0.009148300576418373
-0.004512566288740532;-0.006008992409926538;-0.006421129388234437;-0.013605910118623074
0.0007829920961591728;-0.010040132444050815;-0.006092435328167913;-0.01297056670234421
0.003926174071537229;-0.010739606039042804;-0.003334708572662971;-0.007771875028010552
0.0048530031967740014;-0.007592163733792662;-0.0002060580242780702;-0.001657733576661457
0.003908053715373938;-0.0015494506411199277;0.0014421889774502601;0.0006482080838993186
0.0016996028576288773;0.005299535476566745;0.0008390687509265194;-0.0031977091243277802
-0.001050398012066387;0.010389922703362406;-0.0016608485616938535;-0.010892020421923427
-0.0036382364707455007;0.011609687261989764;-0.005034480297954908;-0.016501295670375036
-0.0054876732284090965;0.008241962939563387;-0.008143280183881624;-0.014516053701706447
-0.006237809363805871;0.0014570199451018327;-0.010157255424175466;-0.004166884747722309
-0.005800674506214255;-0.006016647543345407;-0.010778438513046098;0.009391825692954605
-0.004367966977055379;-0.011003670918507163;-0.010225941411663199;0.018267547235338917
-0.002351749904212824;-0.011295982341866458;-0.008983382562134306;0.017220808237021785
-0.00026622012246328025;-0.0067003137558721065;-0.007448248986179047;0.007302042853769505
0.0014202710703451942;0.0007923417741593062;-0.005748684933555697;-0.004904414555680384
0.002422265745185523;0.007818578144565899;-0.0039042959418813523;-0.011776046674231322
0.0027196848679241587;0.011086288422530271;-0.0021760084505318524;-0.009600491093862152
0.002550381072794085;0.008815505849679266;-0.0011660162034609557;-0.0006033471356780885
0.0023056834771367604;0.0015452250359715622;-0.0013972007226475316;0.00903745612073964
0.0023654569106361122;-0.008058871462359295;-0.0027097891850838773;0.013501873327157196
0.0029419065703968315;-0.01633705898153673;-0.004182560201576183;0.010927833145891222
0.0039970695296761005;-0.0201951530917976;-0.004806152240995061;0.004029172577391107
0.005260572075582341;-0.018327486719822275;-0.0042841135017877416;-0.002353117615037703
0.006331834108172457;-0.011540737651059903;-0.0032070196110375554;-0.004711745709416061
0.006827190055197968;-0.0021688256717826092;-0.002545759583388811;-0.0027647416954408445
0.006522897028687757;0.006967427702329537;-0.0029600481384494874;0.0012348135088118346
0.005440016174913452;0.013527040833318306;-0.004315454182964989;0.004539898096204596
0.003827571130964051;0.016230023456939798;-0.005532563964596477;0.005336077119378434
0.0020426087704096393;0.014994128764821497;-0.004827671662650936;0.0029397676495869535
0.0003859291089731047;0.01072452146785376;-0.00033999326608880287;-0.002231148053572211
-0.0010151408323615097;0.004929490464495348;0.009008110296122446;-0.008154600708487468
-0.0022141918549800806;-0.0006383826325944841;0.02261490298764446;-0.01112060540644282
-0.0033531851355713;-0.004193978659196774;0.037559097230214444;-0.007544556573861691
-0.004540946740295258;-0.004098984270107679;0.04889354873615768;0.0028652095107382586
-0.005782515350033633;0.0006664705215941235;0.051571849998297954;0.015487716071328452
-0.00699719709575871;0.009634728696654089;0.043465284508349925;0.02305996249575415
-0.008100055776002878;0.020157098155253655;0.02728066768085758;0.020682175021324852
-0.009074944124404979;0.0278502618347088;0.009398632951593327;0.009527446692869876
-0.009974428499048517;0.02849921674802721;-0.0038159836904990566;-0.003910265448713801
-0.010848105379279828;0.020429280150682537;-0.009386725311442046;-0.01235851437004472
-0.011666767190466006;0.005712578493956858;-0.008395763129158669;-0.012384051145556574
-0.012306953202930276;-0.010680371750998263;-0.004130284991520799;-0.005841765561300721
-0.012599210989637835;-0.023250351492765175;0.0002440931332213414;0.0021498676991613857
-0.012392702622377324;-0.028466455368494223;0.002837302899285974;0.006685782084311906
-0.01158735732446103;-0.026121564724436233;0.003019493439526773;0.005749986284022621
-0.01012124935203298;-0.01899464837706086;0.0011278572861853232;0.0008461583306096907
-0.007943743102048182;-0.011124507334322452;-0.0016994348156071314;-0.004499445140964601
-0.005020320954039145;-0.005666412481927005;-0.00388643174520982;-0.007333091782359437
-0.0013855536218717961;-0.003474566723698892;-0.004210058101306325;-0.00711152002227259
0.0027929210273941684;-0.0031182175703738566;-0.0026241377541021357;-0.005314221579648339
0.0072024714335456675;-0.0022104855760498032;-0.00041442769101907273;-0.0032995180347986063
0.011452446043836374;0.0008500551040095211;0.000673866671643404;-0.0007276276221495553
0.015179363132229949;0.005862116024362441;-0.000148335535398983;0.0036215325983724135
0.018120915881063824;0.011141507802578651;-0.0019702271142064782;0.009496845038903313
0.020126628310815724;0.014829732342889939;-0.002978136215246359;0.014071941974547052
0.021130562623141717;0.016140684589761502;-0.0021717812604963855;0.013708223782733377
0.02112930142337241;0.015612108814909945;-0.0002911306720980724;0.007169675621196358
0.02017920630113;0.014315278156821572;0.00102076043183883;-0.0027714076175232227
0.018394523294570215;0.012860528709411663;0.0009374702656090824;-0.011001586313588255
0.01592920226400658;0.011075665882750345;0.00024772884598435756;-0.01367443361812011
0.012950786189848266;0.008460424879939943;0.0004392478066162147;-0.01070523591455145
0.009627661563013742;0.004817550654696437;0.002091601367298343;-0.005219032572690918
0.006134527487104991;0.0005007776276270885;0.004264046683346933;-0.0008097077085948294
0.0026569957947420527;-0.0037613115495347352;0.005438482453987692;0.0008278431022300527
-0.0006248624380164653;-0.007201343075776628;0.004989472247343989;0.00019762101818187897
-0.0035714316846410603;-0.009337577500006404;0.0037552075654782866;-0.0012648678940188202
-0.006112893983072516;-0.010229652789939814;0.0032641520623383517;-0.002374250587161781
-0.008248527880600712;-0.01054220673080624;0.004384369049242013;-0.0024210439396619
-0.010010678960073786;-0.01126859494864109;0.006544245373382345;-0.0010082080676276325
-0.011413079422557947;-0.013142826007190715;0.008107171126682139;0.0016301474272157259
-0.012416636397109349;-0.015993652996318938;0.007563703723107488;0.004018116301873603
-0.012934620698542582;-0.018411801172453404;0.004637233262068764;0.0036632249917280114
-0.012870133089635184;-0.01808307280784937;0.0005518586345914503;-0.0012863055290451108
-0.01215875941082923;-0.012909693783044816;-0.0026148759739811267;-0.009959565593940702
-0.01079554392946363;-0.002525853181699151;-0.002987901479064387;-0.018271811153165854
-0.008845397198767969;0.010730673807786197;0.00021752320883416417;-0.021181224265387787
-0.006447035980847424;0.022331107216085323;0.0062668253466757985;-0.01646030038862134
-0.003814027518901469;0.027644737234433815;0.012989800716805684;-0.006851113643669695
-0.0012212745219790679;0.024470715290928424;0.01739306407199912;0.0017126232863442215
0.0010405864907359935;0.01432303851245652;0.016803362731417897;0.004716014445763653
0.002743120231351611;0.0015563964166968004;0.01027760079600846;0.002530231449468981
0.0037980979810302443;-0.009020720876469324;-0.00047038317781791236;-0.00038833642020794453
0.004286577487731253;-0.014398586503954076;-0.011493361801012382;0.00029592552590628916
0.004413599622939409;-0.01417988642074679;-0.018501262550899025;0.005129967548331279
0.004411028922309565;-0.009880548978123734;-0.01919552265487826;0.010840914327293977
0.004440636031557336;-0.00364230104192266;-0.014545924081541635;0.013463555079544248
0.004540633626852552;0.0026795923656223798;-0.008122677660215098;0.011530298734670739
0.004629075807230364;0.007777625209271885;-0.0038458542876007753;0.00674148244665812
0.004551344071617747;0.010839321100162233;-0.0036052202499022423;0.002090130157081248
0.004147289343413471;0.011556858770619459;-0.006364386854469848;-0.000576786289225821
0.003315517287510489;0.01022699489631244;-0.009287149446495845;-0.001551700614827324
0.0020586064113152034;0.007720664381595169;-0.009878370704688316;-0.0023055199189143736
0.0004960619075125204;0.005182589912135795;-0.007492616605375311;-0.0037132649399562096
-0.0011636134528957992;0.003568713273388353;-0.0033261293186156;-0.0051588726012087825
-0.002685631897680725;0.00327635255062573;0.0007184436788108173;-0.005291318572205261
-0.00388082261748421;0.004062925769786441;0.0032609021372116643;-0.003622695243934431
-0.00465418470332096;0.005257138025407471;0.0039860747651923965;-0.001337672131983318
-0.005012095967204205;0.006096682851596456;0.0033771200211594613;-0.00041751429638632945
-0.005034347811139177;0.006001516385858869;0.0020523482361315703;-0.001806175138501885
-0.004830619182909267;0.004701806988725846;0.0003009164077479369;-0.004320722698882071
-0.004498029181129576;0.002259359196935172;-0.0018222484742581304;-0.005429854272129616
-0.004089507970406871;-0.0009511085807054996;-0.004025265045367105;-0.0034026215185934713
-0.003601770254928219;-0.004290619474228059;-0.005543622924721429;0.0009575090481638441
-0.002990245018307746;-0.006988001521846667;-0.005582715975675706;0.004599833433557116
-0.002206950924484944;-0.008401196692342426;-0.004163396776666755;0.0045337017825464645
-0.0012413059501608017;-0.008341954840434488;-0.0025140360576064837;0.0003970956383485898
-0.0001392531329563673;-0.007255193453928145;-0.0023574832182867997;-0.004889861105907159
0.0010096018229088443;-0.006034448039252723;-0.004397826753466251;-0.007189408887132783
0.0021052911350493723;-0.0054785469315444075;-0.007269044143395908;-0.004507111806377826
0.003069772609419878;-0.005724004606973383;-0.008168207843031959;0.0011053103577058573
0.0038645994485713058;-0.006108633308143691;-0.005025769356440697;0.004939660613605765
0.0044912978780352105;-0.005637090627593472;0.0015448777773430333;0.003393540737953557
0.004972411171342642;-0.003722715938079943;0.00837001127558824;-0.003014558168071108
0.005310805993902409;-0.0006242810977768347;0.011956301838158866;-0.009921037395549854
0.005440899294059407;0.0027621053509069553;0.010934133216728228;-0.012343667855418244
0.0052127639153160075;0.005550869987893885;0.006673868064928051;-0.00812712262578186
0.004457519525179228;0.007367426119024028;0.0017980052435789397;0.0009300697139675842
0.0031422218786429684;0.008255422086128882;-0.0018862517824821464;0.010623999345398809
0.0015455156460870228;0.008139181379838977;-0.004270066855759874;0.01694357533828887
0.0003262733352551933;0.006488244793995379;-0.00619829722652153;0.017826033094760243
0.00037432288946568054;0.002679501818906707;-0.008187012485013674;0.013445532000769284
0.002437168399793856;-0.0031753434679669852;-0.009989967410343204;0.005754536652560835
0.006660048980629225;-0.009760255585840103;-0.011218533844721169;-0.0019763825679172814
0.012273645469785148;-0.015070511885236183;-0.011902836333320798;-0.0059427930772860856
0.017644881077834507;-0.017648959837673246;-0.012086786159563002;-0.0035980097905584357
0.020759498723786865;-0.017508591593589244;-0.011139838692170567;0.004194352182444934
0.019982318446501664;-0.01587825713339973;-0.008187940851010498;0.01271967440416292
0.014755824297575005;-0.013985100427298853;-0.003502427915684485;0.01601440351693523
0.005889271239335402;-0.012024501632775138;0.0010945389714042437;0.011134296523724394
-0.004702132630837535;-0.009244328747639934;0.003804243505280046;0.0006772002258467267
-0.014665951557211251;-0.004950017717676345;0.004660191564670304;-0.008935820315056266
-0.02197958574011769;0.0005460839734879286;0.00521381285467202;-0.0123898392933176
-0.025516789260435234;0.005805108076811973;0.006389920689037149;-0.009486601655984365
-0.025242701197140886;0.009006918508998683;0.007165999054938044;-0.004684142881177669
-0.022028523803799768;0.009005211236940503;0.005653409218974804;-0.002692655914154366
-0.017216589248235343;0.006006317056283119;0.0012885501576169265;-0.004241380102544728
-0.012143546715825642;0.0014957812940412664;-0.004176861520753983;-0.005732607743226748
-0.007809828890114603;-0.0024763691913290303;-0.007726743527494212;-0.002857460022152581
-0.004770957598635259;-0.004220317708571223;-0.007209711566711327;0.005072604330192988
-0.003193555937320199;-0.0030897435579487487;-0.002949061136643053;0.013745509378228136
-0.0029594215887057567;0.00033130833747160675;0.002319109684129385;0.016661768337055488
-0.0037401742670693967;0.004535029731666765;0.005235272381365846;0.010091965421793098
-0.005045444426348133;0.0077278566427700195;0.004124999950059012;-0.003590697817599331
-0.006291971448568342;0.008598642056029445;0.00010336119002532579;-0.01684050547456499
-0.006918752854996385;0.006953285299810813;-0.0038814826801701462;-0.021650266677310754
-0.006519149534210392;0.003868641557111874;-0.005280066483591733;-0.014819512817189783
-0.004933554234749955;0.0011542573469873697;-0.0036695643458809486;-0.00017765402649204021
-0.0022685375150694937;0.00034173042365274146;-0.0007168600443262629;0.013716833479426887
0.0011493992040709792;0.0018184909566296293;0.001357779881445378;0.018870412632640377
0.004856500575623209;0.004677999937271325;0.0013974246248263345;0.012749806990565904
0.008350710036703363;0.007350296745555831;-0.00023244779752097273;-0.00025829417592730246
0.011199651779580043;0.008522633499604878;-0.0023896890589127267;-0.011679773662361356
0.013143906141722918;0.0077180245622053955;-0.004148818484829054;-0.014292694675003914
0.014162636832300313;0.005249496906282372;-0.0051356713627377145;-0.0066053701324899905
0.014464044126561463;0.001774558081481089;-0.005174728108379884;0.006414929300387769
0.014389305283910097;-0.002091399763080901;-0.00392566570907296;0.016808158036149906
0.014262466515169572;-0.005840663394818018;-0.001031256238361264;0.018836563298660382
0.014249368796487555;-0.008939065788195989;0.0033860670818216397;0.012313945961744423
0.014285937634510843;-0.01078125040741923;0.008420945103944259;0.0019556957558895687
0.01410618981097753;-0.010851043176416589;0.012577961518267275;-0.006298139846297039
0.013362018946328443;-0.00895747892767525;0.01432508305447285;-0.009006637635394322
0.011789995756469732;-0.005380355287483914;0.012701865549576129;-0.006523926640598502
0.009349984995409415;-0.0008772731809277138;0.007763248287591704;-0.00165195993690565
0.006257582701255307;0.0034408751924436204;0.000714632684473332;0.0026491431622691418
0.002882829154232009;0.006395287964395129;-0.006369202526766381;0.00466503370894167
-0.000425724159339267;0.007179731701286933;-0.011154144624370466;0.003999620977532032
-0.0034773805433446076;0.005787363041466547;-0.011662349825617561;0.0011696592662633395
-0.006251206353750616;0.003143610909006525;-0.0067347676285339575;-0.002548274298226161
-0.008790019044560485;0.0007784323374883616;0.003390691447376667;-0.005358002318336658
-0.011061506720248492;0.0001407336078646972;0.016342804763924638;-0.005853478155584171
-0.012882398891131398;0.0018815212300886412;0.027649787738930676;-0.0041017230359888315
-0.01394983753375842;0.00547279318517971;0.03258442587227147;-0.0017083643499160035
-0.013956866614352609;0.009366143009034142;0.029120696190780115;-0.0006376266861724901
-0.012730992727842606;0.011643239193953388;0.019517666674954002;-0.0019003753635609651
-0.010334955628322894;0.010906770659519966;0.00878379547361818;-0.005112693257398306
-0.0070895851108634085;0.0070143695910657635;0.0011093358578769467;-0.008800501365441695
-0.0035076224994775493;0.0012235159037171368;-0.0027300375594587136;-0.010933347504334757
-0.00016091480695243102;-0.00441520192317596;-0.00492864366021979;-0.009696124173433697
0.002469514746214022;-0.00807955477085769;-0.007877154335951347;-0.004590633378598734
0.004105265829956525;-0.008993743243192033;-0.011749706807554376;0.002770236715386869
0.004708652151329836;-0.0076147122947892555;-0.014499283362482653;0.009111002521210188
0.004445188980739982;-0.005189697446003295;-0.013876527359170181;0.011235611681384684
0.0035972523334888338;-0.003014178680507325;-0.009449901872909753;0.007970439734477761
0.002466086388685708;-0.0018016984973048338;-0.0030787402165434125;0.0009959773977089544
0.0012923515038320932;-0.0014605241507818984;0.002210595341519719;-0.005998157574576128
0.0002123311719579971;-0.0013510452530154627;0.004019309972295758;-0.009359023174096624
-0.0007440089440855208;-0.0008601762817289459;0.002000872201021633;-0.007519188166747071
-0.00161794473572309;3.344105784592216e-05;-0.0018180868575845023;-0.001852868870249825
-0.0024685350607934337;0.0005452051280119709;-0.0040788055648808535;0.004130745575690779
-0.0033282067030485597;-0.000583247918867146;-0.0021029025085659925;0.006772369325276454
-0.0041880907647925325;-0.004276919711073284;0.004147242455649746;0.004310260120785715
-0.005013628099994304;-0.010213390791463803;0.011385594690294827;-0.002171892294803964
-0.005772784888499377;-0.016365734544833414;0.014341793938659777;-0.009497591125799546
-0.0064571668967374814;-0.019512799778642845;0.008805879030086214;-0.014447079391774961
-0.007089211755086303;-0.016791224109642382;-0.005190768063536689;-0.015731911639262117
-0.007720527735914495;-0.00760319520862369;-0.022311262051765826;-0.014371824266655883
-0.008422392828292028;0.005387348687193986;-0.03434804907523507;-0.012150178689681055
-0.009256423417809386;0.017137239484258725;-0.0350358562602762;-0.009658533304228984
-0.010219480887097237;0.022728183265826186;-0.02390599604541493;-0.005977951447145563
-0.011190300781490749;0.020022007075674975;-0.006355552276192644;-0.00030352837286603
-0.01192720120745413;0.010818928827206328;0.0098644671649958;0.00639097900525317
-0.012138562296372479;-0.00015456173075161018;0.01895692286808062;0.011567594861634929
-0.011591608428708863;-0.007768127300048923;0.019443452462172297;0.013028907023127097
-0.010193875993286477;-0.009068227578350758;0.013810470025867477;0.010666895894759953
-0.00800073854517924;-0.004540028407924926;0.006471117347418461;0.006540925651976459
-0.005154923768729824;0.0025551535009116933;0.0014994533620941864;0.003279880298795056
-0.0018099914962398538;0.008265753691928059;0.0009550125911279775;0.0021162238033750583
0.0019074262277174378;0.010116581072158898;0.00409587772487563;0.002174045128251309
0.005882283512044035;0.008062862370666161;0.007821080565823943;0.0016326006232056007
0.00997280086070848;0.003869350002987152;0.008467727395574115;-0.00030525853101669707
0.013989617321494858;-0.00036909020627568976;0.004130549060740722;-0.002521671070099607
0.017707833336134536;-0.0034074517341353477;-0.004019101827303622;-0.0030618084335957197
0.020896499205334564;-0.0050209076060813195;-0.012332404392127329;-0.00118393533387953
0.023340251408613993;-0.005387576318203016;-0.016752533450110383;0.0016132070328428749
0.02484054943194338;-0.00453086635418597;-0.015015941608725455;0.0027217599934377086
0.025205104707869515;-0.0024444767810612006;-0.0077211210895164065;0.0008537681499269712
0.024252302387240555;0.0002978745664476431;0.0022022455899319963;-0.002401955801617201
0.021862458661344064;0.002242500046721502;0.011074999834148372;-0.0034290267080989804
0.018086786997695656;0.0016565587345519159;0.016000391622114005;0.0006494919006555435
0.01327812353163877;-0.0021999836786280196;0.015602711543802926;0.00940893987789506
0.008158367329760706;-0.00806426878917918;0.010058768685648698;0.01882808449429654
0.0037233511158738957;-0.012815361315009238;0.0008673111680590515;0.02369624158433893
0.0009388617310760651;-0.012927187468336591;-0.0095139151077131;0.021189961018086817
0.0003012433182569193;-0.006526620564113431;-0.018279851771082916;0.013106789343489108
0.0014637343301255835;0.005110441578070509;-0.023002224562235375;0.004917061322260896
0.0031710548157171765;0.017646378965176672;-0.022162268599340278;0.0019310815772048693
0.0036381511127790396;0.02557777657710895;-0.015579811891961707;0.005260343994903227
0.0012789858741092928;0.025040752699937878;-0.005003685560188897;0.010832861910083145
-0.0045403270150996536;0.015923478432715726;0.00569567153045721;0.012478783928028361
-0.013113255388784063;0.002014439403565535;0.011952192933426479;0.0067501765779684145
-0.02257587566235672;-0.010872449432597598;0.011455317224501167;-0.004367610969552501
-0.03055848284375321;-0.01764536711650108;0.006187268921691371;-0.01507840760142779
-0.034985544962283385;-0.016070772533724395;0.0010679579341835955;-0.02040037176103485
-0.03469341330782005;-0.007422483874360647;-5.41168077184982e-05;-0.019779223959976434
-0.029683321202763676;0.0043554749723648525;0.002584642709812443;-0.01656587809303558
-0.021008300002101257;0.014418396334408154;0.005323309950433614;-0.01426182834667537
-0.010409562393992284;0.018989202393087243;0.0044705944347650335;-0.013406022928867585
0.00014962406022968723;0.01680315104824297;-0.00067670629408407;-0.011734399045699428
0.0089237712831154;0.009478301717966065;-0.007379362196906817;-0.006757353237753239
0.014709824676974027;0.0006516753770925163;-0.011493238004805246;0.0017864049642585284
0.017014130917154653;-0.005755609983205147;-0.01033299701225528;0.01119770486834778
0.01605747460973733;-0.007364103638718889;-0.004379921248607592;0.01697841998891294
0.0126374533340585;-0.004390424159450689;0.003256569011164723;0.015376006571218728
0.00788870426090971;0.0005925898026935563;0.009070647841146126;0.006157550172900274
0.0030046135029317186;0.0040771844197982935;0.011294568145455335;-0.006300679935155551
-0.0010093111656832578;0.0035057226851353137;0.010419727383730613;-0.015039195112156314
-0.003500709254300388;-0.001340177595573709;0.008099189673310919;-0.01484921764359349
-0.004237821063013723;-0.008174173742377487;0.005679123852973982;-0.005953817647440401
-0.003388910815188728;-0.013392653650260978;0.003557505830989181;0.005811910510146527
-0.0014342831910453173;-0.01401878345052953;0.0015812369759626464;0.012723642986308998
0.0009689839270239528;-0.009329529496316701;-0.00018948599886240604;0.010340831119481773
0.0031500784202510295;-0.0012307690918641574;-0.0011596610650745937;0.0005400823797115919
0.0045883971773814595;0.006799822870542603;-0.000593344104311318;-0.00976732114450756
0.005040440568252903;0.011517725477433323;0.001696445328602094;-0.013389924690362388
0.004590212836056286;0.011418170842211266;0.005020268607530964;-0.007757059546127006
0.0036006369686148914;0.007218230733985939;0.008103746551014594;0.0034481882964295992
0.0025751795660453962;0.0012533958529700462;0.009695506870226604;0.012951086693053691
0.0019730657732187;-0.003740989711514714;0.009070010309415249;0.014813590447509987
0.002043354636162638;-0.005835264681199985;0.006282513466654577;0.008138432968310216
0.002739993472505682;-0.004609741786819304;0.0022000527105003006;-0.002817658044765442
0.0037506851507738076;-0.0011406895122196476;-0.0017571449397901248;-0.011756999446189433
0.004630718851393488;0.0026274210069982774;-0.004165603238795117;-0.014157881032475282
0.00499259956030151;0.004755611755497033;-0.004096662170798719;-0.009295871301911797
0.004670945675102159;0.004032209549050569;-0.0011893321762258215;0.00019877215167240464
0.003778021654138825;0.0003351515998860057;0.004468891357064685;0.01016152508033547
0.002612728342914524;-0.005379410220850507;0.012019264718180033;0.016742038034488448
0.0014731203186934493;-0.011387121592439044;0.01914692004279872;0.017790075545321544
0.0004889148125371488;-0.015706472610667897;0.022193681796800317;0.013822645464358917
-0.0004211441067616747;-0.016726980858606917;0.017921092757573146;0.008121821462358198
-0.0014476377427890242;-0.013831589203053447;0.005970318682145641;0.005050732682934683
-0.00272104554438136;-0.007740946607365368;-0.010117149225346516;0.006815807377164341
-0.004189684320025508;-0.0002753366340267723;-0.024448286104861328;0.011096077186557024
-0.005620348167352796;0.006442249903837136;-0.031887135847618736;0.012283046560348586
-0.006712663933594407;0.010874725204367771;-0.030588070428238724;0.00602493045165582
-0.007248993356870903;0.012523631969743647;-0.022489331207161553;-0.006759907017624845
-0.007190327488638011;0.01181258071996354;-0.01184265195267358;-0.02004394431546335
-0.006673742516450251;0.009671069277155754;-0.0029380430530041844;-0.02681747429277518
-0.005930503378198572;0.007130304756421944;0.0017212653816085653;-0.023698084597271747
-0.0051819135451424275;0.005036796952777595;0.002078092583333622;-0.012774981622392188
-0.0045652507173635365;0.003854873219994967;-3.333194990721147e-05;-1.633977513828457e-07
-0.004112697979696983;0.0035517912019991976;-0.0021765486767871796;0.008371472575797243
-0.0037783556082289045;0.0036166977576589723;-0.0026238392805371206;0.009138911087812927
-0.003490152369500866;0.0032680779222759382;-0.0010788626703949044;0.003629396790450153
-0.0031947144892364716;0.001831789176772604;0.001471019685689748;-0.0034015672290793417
-0.002871089131611321;-0.0008566575459398958;0.003613816244087175;-0.006869934702824409
-0.002513898157207221;-0.0042560821863460285;0.0044942319771388425;-0.004664953768053916
-0.0021090985766620803;-0.007293588260167705;0.004209923656964231;0.0010328223997378646
-0.0016264617632457442;-0.00887658878983628;0.0033666752503404003;0.005491600414950732
-0.0010339385215740815;-0.008509856635767152;0.00229049298958071;0.005126466931637532
-0.00031911657321935955;-0.006678219209586755;0.0007456547267622393;0.00040121161994567455
0.000501317443161153;-0.00470418614906741;-0.0014851605073615223;-0.004455785229664021
0.001389928847043361;-0.004038917273516621;-0.0037745991587599457;-0.004912196314791121
0.002303378830965262;-0.005327621026506258;-0.004652529909327723;-7.26498055771659e-05
0.0031990639667944733;-0.007843421172313863;-0.00298267695381749;0.006273539566966419
0.004031738108023778;-0.009738356323882385;0.0006674585543112249;0.008648563544965893
0.004750881078308964;-0.009048877268297457;0.003935751955895136;0.00458150441890558
0.005306912956266033;-0.0048701290882635076;0.004294893860631205;-0.003040663836165821
0.005661395059059319;0.002024007694199292;0.001197795528713568;-0.008146152382174053
0.0057908748245013375;0.009464348702257921;-0.00314820810914543;-0.006409439283305364
0.0056843008919760405;0.014828605261975304;-0.005262305919055828;0.0012579831444028504
0.005346065181032297;0.01606956277528737;-0.003106812817262072;0.00953210814597109
0.004810986760378314;0.01240310192383885;0.002124981461639997;0.012922771612673268
0.004157337007140505;0.004595315755534699;0.006620651714448839;0.0097873474172968
0.0034941632495477993;-0.005045443656373708;0.00649237277056033;0.0029861886709904354
0.0029147247865524005;-0.013051307314161705;0.00036723846035655245;-0.0028826079054642783
0.0024370260474183263;-0.015841162177133;-0.009645105076401038;-0.0049781492098138385
0.001969798174924541;-0.011402772690853448;-0.01900721525959467;-0.0036097217972703806
0.0013338803967731627;-0.0007801337673835042;-0.02312693336380622;-0.0009674560914663836
0.00034217011355960626;0.01183269615932164;-0.019829019634599123;0.0010145774863722843
-0.0010914905153337233;0.02083982435906497;-0.010636497099934328;0.0016217519422553354
-0.0028720491402359945;0.021985795506499435;-6.529207376729553e-05;0.0008932301746353792
-0.004727096252002683;0.014527327161780111;0.006799235009926148;-0.0009709798706090522
-0.006301346823896044;0.0016106571498737258;0.007123654049763321;-0.0034725832554319577
-0.007287149918135036;-0.011316780725294184;0.001875441030842251;-0.005564798701378044
-0.007518026473758042;-0.019153929526765662;-0.004898682926866795;-0.006176239253998868
-0.006984710676748454;-0.01942858133670858;-0.008607127927443774;-0.005184232779709224
-0.005782771034417484;-0.01307921677417303;-0.006795507245553001;-0.0036740945924597598
-0.004035438610230781;-0.00351954907920518;-0.00037951219298638;-0.0030242052726421184
-0.0018397804592046568;0.005269826398849697;0.007097279563331645;-0.003663983552183547
0.0007386918204026894;0.01050452980660283;0.011636541944107766;-0.004712845240575355
0.0036313947112550132;0.011423858778338868;0.011141139153489653;-0.004811717645042366
0.0067234416366956625;0.009031913262699635;0.006493334735407512;-0.0033255326104628335
0.009832679217583537;0.005149996927256239;0.0006590898582559925;-0.0008504632248887659
0.012721840530062997;0.0014212450890494874;-0.0033953720286371636;0.001286717497650467
0.015133742369957126;-0.0012324861914401672;-0.004371815103963891;0.0019790856649295964
0.01683203463172717;-0.0026012201379991638;-0.0029030976297909324;0.000991758808566272
0.01763461576238846;-0.0028748593818706796;-0.0006369337702683904;-0.0010093913188329942
0.01743451923886482;-0.0023577167862633883;0.0009696607621443721;-0.002905749505595558
0.016208416569645112;-0.001378910977444282;0.0013887458539288736;-0.0037145528978244934
0.014015150480899009;-0.00034655930275481886;0.0010330152600362822;-0.0030286740958340936
0.010986983560111194;0.0002317711333726086;0.0007206221494435455;-0.0011493184679388362
0.0073156747256054545;-9.591176833563638e-05;0.0009930001277672722;0.0011072070238694336
0.003234782124589515;-0.0014191751849918408;0.0016901885570703454;0.002813973658790645
-0.001000994132012441;-0.0032180420137537255;0.0020326686673581623;0.00333229453442869
-0.0051389824353859;-0.004453859145889186;0.001192661491577618;0.002485574267312651
-0.008953583201858151;-0.004109820897765917;-0.0009724872608925935;0.00044919769995743026
-0.01227059709129757;-0.001934578638937165;-0.003552504299452412;-0.002442842858118744
-0.014983417589598397;0.0011313477483840709;-0.004967205512796645;-0.005679536262632756
-0.01704925257217777;0.0032451671398119747;-0.003941449912504079;-0.008347506463468556
-0.018458666514246314;0.002592147325717416;-0.0003665835353226544;-0.009139030816329982
-0.019189792804659597;-0.0015423564191974254;0.004618205760411827;-0.006978038652086934
-0.019175354751260573;-0.008133041968012457;0.00933022890843008;-0.0019813253541273385
-0.018307955850057105;-0.014568315724179342;0.012420871264649492;0.0041088133296058775
-0.016488688164630977;-0.01764457893676158;0.013326301216612537;0.008700023522628922
-0.013702380780966814;-0.015091074617727214;0.012199259484376699;0.010077795903069323
-0.010088942825214409;-0.00694335300674956;0.009626040761597256;0.008787045117371139
-0.005975227131841806;0.0040680329622975004;0.006371571703789825;0.007255068187467686
-0.001837682119884416;0.013557334009645653;0.003164285535633962;0.007652531135108036
0.0018154382908632477;0.017541908733515927;0.0005535194727925863;0.009845309106611688
0.004621863015983719;0.014387338783438555;-0.0010071963047791524;0.011479563713165749
0.006540095090177805;0.005508575836578689;-0.0009216275356666684;0.010202130253128643
0.007921987214476256;-0.005530961751649036;0.001481228936282229;0.005834224117027133
0.009390633045611742;-0.014872493761231145;0.006267815134923966;0.0004336165793122868
0.011512634594702469;-0.020015163010379554;0.012098806319344475;-0.0035755601993649323
0.014391069602416725;-0.020481368954969926;0.016313276619498104;-0.005228497387970232
0.017408582423699054;-0.01752979832548785;0.016337222264257257;-0.005265516649824419
0.019319775650513724;-0.01340897234798566;0.011517643288265383;-0.005059433859498796
0.018716744486500868;-0.010432724220719197;0.0036824940698628674;-0.00555069354615886
0.01466948916609528;-0.009907038424091678;-0.004301278399751847;-0.006959636514330567
0.007220678294506665;-0.011260290967893953;-0.010520859197458918;-0.00887197575633376
-0.0025150846551152445;-0.012132337383644958;-0.014387571834339932;-0.01012194952108583
-0.012682195456049442;-0.009729454838452311;-0.01534513788404893;-0.00889675402593214
-0.021274331831252758;-0.0026749330242244137;-0.01220482571834947;-0.003908234113797336
-0.02673147715395106;0.007926684823042181;-0.004513554890995443;0.003850762020681597
-0.02833497537069978;0.018929489400560256;0.005663918681438231;0.010699149294920345
-0.0263007913852131;0.02677272601176536;0.014119446777919688;0.012353623484928963
-0.02158662602284824;0.02925707836163884;0.01716004454969625;0.007164195180018505
-0.015519411216244807;0.026439347580115534;0.014072915698828152;-0.0021751155842498174
-0.009397879275426095;0.020294395434594874;0.007241962003485155;-0.009936262982885517
-0.004206873022565935;0.013586771051686222;0.0001825527516211494;-0.01090709596673521
-0.000497730340154919;0.00867652362012702;-0.0045998239155124005;-0.003934446877751745
0.0015990227761763496;0.006727742498665916;-0.006428419355151816;0.006816702318505378
0.0022930365079156137;0.007443744669560336;-0.005909548839015116;0.013985177940763767
0.0020253724064292324;0.009299284408589636;-0.003983918702678771;0.011649509817296731
0.0013427982238105925;0.010190629166009456;-0.0014403068515519638;-0.00025529098866468894
0.0007659896934103999;0.00832347807888114;0.0010405230226719123;-0.014910993370935105
0.0006775040360410288;0.0030260031196375514;0.002844561019728708;-0.022373907299372053
0.0012557156304430855;-0.004848663494651016;0.003743165000695032;-0.016264273066143604
0.002460321556632416;-0.01312255217070634;0.004235507202551286;0.0010515234437673995
0.004058135597277588;-0.01906692565324092;0.005259639592077226;0.018938763740237338
0.0056817775575171755;-0.0205041302697985;0.007232576908491473;0.025132310488594666
0.006920854968593497;-0.01679619588449275;0.009298809505853245;0.014292962317783785
0.007433932127429774;-0.009213254447525113;0.00969356520600149;-0.007774888759565322
0.00705066289187271;-0.0004007148323961565;0.007100644485217471;-0.027698525927493188
0.00582989860592892;0.0068601899481481;0.001908658838013688;-0.033575139161988135
0.00405441938445047;0.010969548944880997;-0.0037100827416889823;-0.022883755452980378
0.002164692507903812;0.012170478265088347;-0.007071890649918907;-0.0034829271880871954
0.0006517822803949542;0.012150718538363001;-0.0067310797919893734;0.012701828929920007
-6.437826600781567e-05;0.012807295505353155;-0.0033883140216894522;0.01808704991356977
0.00025175306738084045;0.014945177220010623;0.0007482684165359041;0.013543483521455273
0.0015714915534824397;0.01773502247828898;0.00354253574164014;0.005829752449343787
0.003591802823229416;0.019244149734869383;0.004079331470345211;0.001411322016677246
0.005827946999353007;0.017649315371275343;0.0026334624126940964;0.001947732823277641
0.007794777046864226;0.012355381632569353;-9.030417381087334e-05;0.004408517245348368
0.009189375894137607;0.004413264905940672;-0.0036260846476279017;0.004616861016741769
0.009961044294994505;-0.0038782937794529615;-0.008031181794848736;0.0006960675514946972
0.010225345748959567;-0.009898652860443367;-0.01383181882330516;-0.006100679637263989
0.010098842825002424;-0.011737937247711534;-0.021471433273141004;-0.012848420208887679
0.00958850958018955;-0.008966209324672719;-0.03022563537542981;-0.016650659763138842
0.008611301369051257;-0.002860075714125219;-0.037433848417561345;-0.015449573495649658
0.007108000196177984;0.004064784843385259;-0.03932939635059208;-0.008581903743508888
0.005152734697729433;0.009099423141554859;-0.03346281422478436;0.0023400671838355327
0.0029813129491902735;0.010498326382329913;-0.020807955595071693;0.013212530031118122
0.0009274765450707721;0.008138445405801081;-0.005577503827596639;0.019169406195314802
-0.0006901017976490585;0.0033378957212085517;0.00714875879992499;0.01758630955811191
-0.0016720199300888665;-0.0019984711429949613;0.014046916559933826;0.009915146167814314
-0.0019913360456641736;-0.006347150993949162;0.01469334654518012;0.0006986100524887967
-0.0017817141124369645;-0.009081692098165403;0.010994530763245218;-0.005383836350204543
-0.0012735321339638111;-0.010344113214727089;0.0057492118013940455;-0.006111158742065288
-0.0007086235544401297;-0.010539821523729516;0.0012874253531201028;-0.002346204514014443
-0.0002678347128342143;-0.009912293998037062;-0.0012578211010563997;0.003187746044007544
-3.530409190943896e-05;-0.008471307372351527;-0.0019184059271794515;0.007729450231504124
-4.6896423707203525e-06;-0.006215345926372807;-0.0013431461199674966;0.009699123153529539
-0.0001146231535805405;-0.003388986549677643;-0.00018980457788749658;0.008898072480352006
-0.00029222229823822754;-0.0005446795596007264;0.001163863867466373;0.006032153660312744
-0.0004865389951242916;0.0016467300107056953;0.002510118710946532;0.002158007711268481
-0.0006828580592246278;0.002701596485149764;0.0035312844024453964;-0.0015996135213484416
-0.0008972712096211279;0.002529427784490379;0.003696254545640054;-0.004146719066579557
-0.0011569278340729796;0.0014143231083786447;0.0025183096463507826;-0.0046403640065262
-0.0014758006414834252;-0.0001759727510197643;1.932174918686142e-05;-0.002925565978222581
-0.0018380360079527046;-0.0018014726906268228;-0.0030053927140141264;0.00013926267955620907
-0.002198117363212059;-0.0031713315911386423;-0.005246131675323058;0.002930606332647259
-0.0024983110575984755;-0.004166727353328306;-0.005592186196816452;0.003933196641796704
-0.0026935863143644403;-0.004811442684160708;-0.0038394245215769315;0.002684226620036118
-0.0027695532673058477;-0.005215662049697181;-0.0008897409865255663;6.61403569351328e-05
-0.0027436184621199683;-0.005482815415582874;0.001716240011994416;-0.00229519670507882
-0.0026502904079135246;-0.005593815196320144;0.002655783376107218;-0.003092079121355719
-0.002520863475667707;-0.005351157451421216;0.0015692141281435726;-0.00212678222551181
-0.002369542985167259;-0.004466299219049041;-0.000742363247073189;-0.00033997285960118013
-0.002192175296605164;-0.0027619162484346744;-0.0028104031561272595;0.0008982247608279272
-0.0019753331147849065;-0.00034750318771850625;-0.003404988193729924;0.0007289774621929763
-0.0017085516816295588;0.0023637505691974916;-0.0022649276885357656;-0.000673974864262777
-0.0013929158864113241;0.004812383238846279;-0.00016581122311557777;-0.0023240188581137742
-0.00104285822123657;0.006523517712973208;0.0016656523930711766;-0.003139375723409494
-0.0006821086045534915;0.00727679709487576;0.002325291132889892;-0.002603691461837667
-0.00033725393454368786;0.0071407539439522875;0.0016851973889459259;-0.000975606514134295
-3.233403342072243e-05;0.006390716080910296;0.00033361291836058696;0.000957132431767179
0.000214108776520319;0.005379929469954157;-0.0008561172052611079;0.0023282885975147083
0.00039028631035758034;0.0044166172325501565;-0.0012424119376292849;0.0025901283096374465
0.0004922887876501275;0.0036546489124500247;-0.0007654429824778251;0.0017161238594850163
0.0005257627498875501;0.0029849673306139063;2.2239280289869726e-05;0.00017120069842367134
0.0005070596768154662;0.0019410315313169993;0.00028329122360557933;-0.0013384376510961785
0.0004612964064071645;-0.0003078272906297949;-0.0005149876880078531;-0.0022796073623742477
0.00041453403569177705;-0.00474157675809364;-0.00201322567021011;-0.0027195380236147843
0.0003789770422487334;-0.01193944054943392;-0.0027724958511774023;-0.003489590930919411
0.00033421699082367547;-0.021301466202563204;-0.000807800528381534;-0.005802538124689296
0.00021268979574613872;-0.030545654821253446;0.005256798957092576;-0.010324274652937684
-0.00010075383459317398;-0.03615963440996486;0.015058684633647955;-0.016179227148541094
-0.0007492888150965388;-0.03498044671652677;0.026200940398777125;-0.020651370938258924
-0.0018641505512128672;-0.02611702703085613;0.0351351361521372;-0.020163513438678476
-0.0035085135473647464;-0.01191607539891476;0.03881586252620012;-0.01249347179225956
-0.005620084879715571;0.0028364386011301966;0.03619035111772915;0.0008405512913426088
-0.00798204275676948;0.013152575293735513;0.028624398743176648;0.014045009604809254
-0.010249247181845006;0.016244120980831722;0.019037223929587104;0.019878200581346827
-0.012027556898116317;0.012695524356389107;0.010357731315397585;0.01467798547581044
-0.012975687382392015;0.005806875240613711;0.004235490493221443;0.0016949547422005012
-0.012894147009168709;-0.0003651122131583913;0.0006457433639947144;-0.01058392207417724
-0.011772263711769737;-0.0030414801885860834;-0.0015117215990868157;-0.014275662064480842
-0.009772522897163204;-0.001721576073618161;-0.0033281981841317785;-0.007468689143252521
-0.007154042220466517;0.002168434021532269;-0.00520236040154015;0.005087852052822354
-0.004170966380095669;0.006432775988592561;-0.006999908341898717;0.0160619073706915
-0.0009985401146959802;0.009254643942750027;-0.008515073019772274;0.02069021542132744
0.002277564448170049;0.009876818353552811;-0.00948568226563716;0.019042540473097024
0.005613524567244654;0.008739345308123682;-0.009328455241687605;0.0143835628415669
0.00894193970718854;0.00710490244592161;-0.007382876961514718;0.009860036811499773
0.01213395374305331;0.00629742229769299;-0.003756187820945097;0.006513596588424413
0.015005502734054212;0.0069202030738031535;0.00017533229148313797;0.0037071689233590193
0.017350576936120035;0.008526647931858311;0.002417619496695494;0.0007395912598996733
0.018974429807473242;0.009958817879843354;0.001765662358002654;-0.002125835862425017
0.01971409374144195;0.01012029354345452;-0.001245380406492024;-0.003860103140977454
0.019451569280284443;0.008668620912325802;-0.004634209651368234;-0.003510061979676341
0.018129413817946093;0.0061940984191563055;-0.0062329724138411495;-0.0008529252383907107
0.015769084878871895;0.003814137444804901;-0.004959829955898302;0.0034487196718711705
0.012481837338821467;0.002489482703040014;-0.0013048747267559056;0.008039708322986599
0.008461485891052247;0.0025077219069567338;0.003098366002283182;0.011267793174438406
0.003957938846202972;0.003419833683346904;0.006355736645861709;0.011797957792306248
-0.0007582765487205255;0.004399523367559277;0.007100223771603957;0.009300007126966478
-0.0054253729477334815;0.004740759742370474;0.0049620265904627495;0.0047017150895792125
-0.009803870220376817;0.0041762904056128515;0.0007540884885901461;-0.00040815690379406396
-0.013677777259365566;0.0028893982423994313;-0.0037156168794657903;-0.004859923600392244
-0.016856115086631346;0.0013199945098334828;-0.006439308906873293;-0.008421347864210366
-0.019182358539842452;-6.87928147495529e-05;-0.006455393595984497;-0.011149706215806472
-0.020545220744339832;-0.0009885307255013828;-0.004671606801474511;-0.012307307634508255
-0.020879315505802062;-0.0014648531645278357;-0.003322669193301637;-0.010298393981388244
-0.0201560604049521;-0.0018215286680903777;-0.004172983845879565;-0.00417356551814527
-0.018379061719018718;-0.002397860625231835;-0.00687979137925152;0.004540953982757503
-0.015595875623345365;-0.0031249801030455156;-0.009076829274402594;0.011770407204464588
-0.011920515499388664;-0.003387781327580492;-0.008330833224053954;0.013423282179528862
-0.007547318883714663;-0.0025033037158257985;-0.004366513213806792;0.008819401824337941
-0.002742734046099577;-0.0005482813873860158;0.00043608365721599466;0.001834202309239728
0.0021778991467489893;0.0012584068428507932;0.002806043937055194;-0.00180917946570078
0.006868957830727739;0.0011943447486088186;0.0011352221462676637;0.0009607505292195549
0.010960433194946152;-0.001631157595340675;-0.003347193598483251;0.008240357194423785
0.014070667793081897;-0.006319418328031499;-0.007702004128018873;0.014927489717113324
0.01585972322018812;-0.010509167336682916;-0.009615860987561169;0.016705500797548827
0.016129816558208537;-0.011874768789659559;-0.00891570796394412;0.012752012552385523
0.014924279295019409;-0.009679192749008546;-0.0071612734341890945;0.005456306292058428
0.012553048431772044;-0.005196859163968666;-0.006017531694644762;-0.0018692304981650085
0.009515257095639397;-0.0007731739062421317;-0.006013555253857484;-0.007171716521278929
0.0063583167519376555;0.0016468546812836665;-0.006562623978257815;-0.010305872277269446
0.003543160269201204;0.0014645043553962382;-0.006782895382099185;-0.012133649621010245
0.0013613860073673325;-0.0005833487651214313;-0.006179750814897732;-0.013194707919530707
-8.928482809081923e-05;-0.0031000954913065755;-0.004782166439185664;-0.013180922979016971
-0.0008818771328648905;-0.004818530419680432;-0.00293166357947288;-0.011490606352535595
-0.001199714726652822;-0.005099661259138329;-0.0010421633822120624;-0.008086686884262641
-0.0012557468253860122;-0.004004747872287452;0.0005236840766491939;-0.0037694549500793947
-0.001221261387368211;-0.002038193299143269;0.0014844656468780064;0.0002804238513848352
-0.0011906294940400954;0.0002053565168392308;0.0016625900026416257;0.00315543657478414
-0.0011869866384017203;0.0022778339074733755;0.0010392789238870014;0.0045385460109565534
-0.0011927305221728676;0.003921205331987634;-0.0001985037611465796;0.00459675873564889
-0.0011831803060980831;0.004965442973834138;-0.0016724576260374537;0.0037018454797953554
-0.0011488456461375336;0.005190903080363347;-0.0028948421300317383;0.002238884742580752
-0.0011017084948343578;0.004279124218739297;-0.003395142194565213;0.0005811312550887881
-0.001067828407615834;0.0019375289517181672;-0.0028730111501040017;-0.0008658589974331201
-0.0010716303433413097;-0.0018223110496397037;-0.0013496450751908126;-0.0017019492147072161
-0.0011181589380124856;-0.0064078898284783544;0.0007490460595391433;-0.00170427912876826
-0.0011802181032331625;-0.010600038512395991;0.002669971862364752;-0.0010053654434014183
-0.0011978029225380214;-0.012902207982862738;0.003622701572215187;-6.957490511041226e-05
-0.0010958003879285951;-0.012225205201262841;0.003207303578126853;0.0005845859689522271
-0.0008202532792350759;-0.008561681489428116;0.001743595231711449;0.0007095290112959907
-0.0003828638921008508;-0.003187293788456811;0.00020447479865901534;0.00042251228562359346
0.00010850684776277129;0.0018315211259539897;-0.0003562073184459708;-6.2366631424887146e-06
0.0004607342889228486;0.004580889886283636;0.0003933713755236753;-0.00044738925912153924
0.0004667742304437323;0.004167447941287838;0.0015778743846996362;-0.0009212136446576862
3.418533069529417e-05;0.0010846808586158123;0.0013883521497120362;-0.0011975109736428022
-0.000667075547995262;-0.0030228493472503333;-0.0018873525276144466;-0.0004515467264076752
-0.0011166998897693232;-0.006019384533695016;-0.008588017766210198;0.0022824114747920427
-0.0005160536280466293;-0.006087510571988417;-0.01698773949600425;0.006850261940421319
0.0019232990821842334;-0.0024443681234672487;-0.023893928970203482;0.011135634720558882
0.00653989643050088;0.004247277728262972;-0.026423148033581794;0.011979366897580057
0.012835372163992097;0.011965287729382813;-0.02367782858418124;0.007521712788760612
0.019389964895786125;0.01797864289341415;-0.016791455383416313;-0.0011526392384596962
0.024216600920386234;0.01989120613760928;-0.007363336439650221;-0.010770315131242209
0.025459171211114996;0.016713235518177546;0.003731155209181716;-0.01833918484146458
0.02213083178643027;0.009497045212829937;0.015544536886553125;-0.02292794294978346
0.014543429729898834;0.0010784821864526454;0.025477315103663856;-0.025159820146694697
0.0042371375948214145;-0.005195247633873497;0.02963534682122211;-0.025289635583661076
-0.006533841840503914;-0.007165500243701554;0.02552664174123735;-0.022292422923852338
-0.015525590671691116;-0.004941588973987775;0.014300699607472269;-0.015256432381023687
-0.021160204825145107;-0.0006573614050492539;0.00012998045934756858;-0.0055892340243908325
-0.02289819210363389;0.00289394864818089;-0.012394039291223503;0.0027121653513439608
-0.02123949906443844;0.0038215069923477054;-0.020327801282011365;0.005596167363836832
-0.017405770364587736;0.0019496005388197056;-0.022795551870895926;0.0022225280189881315
-0.012862361513271164;-0.00142362635921518;-0.020444097127999772;-0.003964775171119885
-0.008873647632486886;-0.004407940275607262;-0.014804558212193664;-0.00743203677937777
-0.0062345277937630676;-0.0054089340349409015;-0.007790703957907813;-0.004483403419916468
-0.00521287773083877;-0.0036574206353256;-0.0012721538395160813;0.00391564958744066
-0.005641677228221029;0.000635046061575282;0.0032913080510843374;0.012494695011869889
-0.007069398614376262;0.006364886936675983;0.005156848698772757;0.015080070846154451
-0.008906236093567046;0.011802353976472708;0.0045091473092521775;0.008807565915173067
-0.010547261271745954;0.015075126589309032;0.002383325562305091;-0.0036238669057308847
-0.011475864762880535;0.014867356078864061;0.00013436798386737422;-0.015167167977210991
-0.011346525566523952;0.011100794728014597;-0.0013194825853331575;-0.018527985022316427
-0.01003402675704478;0.005173739469978371;-0.001886078751632255;-0.010839491982810137
-0.007637696169793638;-0.0005313621946927563;-0.0019632102022945617;0.003962177264204946
-0.004444855072648193;-0.0037107050010684356;-0.0017624580887394576;0.016929242539921754
-0.000869291404813937;-0.0032081101467625168;-0.001097271775059082;0.019516232164918358
0.002624022992726244;0.0004806818731817823;6.93576508836373e-05;0.00943551858383785
0.00560724302443711;0.00547004991711256;0.0009942816714138252;-0.0071527483578743166
0.00778603475836633;0.009302351540517732;0.00043983735364788176;-0.019228707559578825
0.009076418460654484;0.00993471619888752;-0.001994582096478329;-0.01839567156551149
0.009617883884171825;0.006544857803734744;-0.004693178831877908;-0.00513738203378064
0.00969818180127147;-0.00013018209950566899;-0.00451021004825902;0.01103655267922847
0.009617425031078035;-0.008136060983806185;0.0009572902093275929;0.018244697193905392
0.009560177451260726;-0.015271469554456758;0.011112635934491655;0.010990425900668257
0.009535613541819952;-0.020167670301113636;0.022252154426632538;-0.005734294463419026
0.009399014918656573;-0.022705105639745052;0.029851488303082797;-0.020205188818543718
0.00892818828640465;-0.023409883641300942;0.0312666682051424;-0.022405352901846167
0.007920566688134274;-0.022391622323788076;0.02671483432905749;-0.010452800364610722
0.0062821525959970495;-0.01893051327538505;0.018368592864864124;0.009327024839640933
0.004074705032352753;-0.012257015187019406;0.009101565625918575;0.02748564549118994
0.0014900489475068975;-0.002817222463867518;0.0019845741612489537;0.037036153182712306
-0.0012397007264952557;0.007267799414663651;-5.123502296541366e-06;0.03593878329780983
-0.0039341387040010755;0.015083249472107266;0.004948665024832815;0.026359271284066618
-0.006492504642324395;0.01844565755082935;0.015983053792367804;0.012769425296350825
-0.008845852266579123;0.016940478452939053;0.0290861686177373;0.00035174161835178534
-0.010880175746728673;0.011927443756522358;0.03856888141319795;-0.006544935874932624
-0.012393304273705462;0.005783035343621637;0.03976566135441218;-0.006340988461351589
-0.01312116400107599;0.0009343820636620521;0.03140240387356792;-0.001471329529528626
-0.012820596648894428;-0.0009718273787978276;0.016386497664953727;0.002802313360888385
-0.01135867717967878;0.00039124775009129436;0.0005188109513772313;0.0018879701532274306
-0.0087598775406499;0.003951986335961073;-0.010475604090368374;-0.004921633733889657
-0.005197033792101254;0.007730893814649787;-0.014025134818415918;-0.01410113158122158
-0.0009473322253185642;0.009740778892828428;-0.01175255262528021;-0.020462717051465653
0.003656189381513527;0.00886990150613566;-0.007647433798554238;-0.020450789242443593
0.008263216490763578;0.00529438025347192;-0.00495850751533234;-0.013948981410598285
0.01253700902861061;0.00022571097459575415;-0.004345743807963659;-0.0038965646863972714
0.016179179470799034;-0.0048053207850903504;-0.004347323061101584;0.00557212010328898
0.01894413516768604;-0.008665862645808573;-0.003161663286435223;0.011214065616239634
0.020643769548670858;-0.01094210667904313;-0.00013635302221497064;0.011981284278306463
0.02115203250650756;-0.011784736436569465;0.003855153207414892;0.00910654528009973
0.020417783408689917;-0.011505930599141265;0.007019524120711927;0.005069104585681416
0.018482210577861168;-0.010249697830182971;0.0076831272966441325;0.0019703756512019902
0.01548523186448359;-0.007929755893553466;0.005201193758731137;0.00020168750724489128
0.011645490779038023;-0.004410590624364603;0.00031346521547348305;-0.0016676309841479576
0.0072153116185723065;0.00024139435053409112;-0.0052225795340842965;-0.005440524013160455
0.002435529167009736;0.00560809086389148;-0.009510548637877312;-0.011116799496618765
-0.0024776199187982197;0.010940146561629761;-0.011345170201902437;-0.015825186909750686
-0.007306361594490184;0.01531884826923899;-0.010463855307551255;-0.015321110947672504
-0.011798281438152664;0.017890571115582624;-0.0072571879784174;-0.007448831885949775
-0.015669399290402324;0.01810627639268431;-0.002545023247309953;0.005208988848542571
-0.018651283376601997;0.015896182565950642;0.0022151321751827224;0.01622943960995659
-0.020545401377120683;0.01168562316928276;0.004841908584649425;0.019704054028510574
-0.021243427906187228;0.0061964608329984775;0.0033344522093590417;0.014658012797052667
-0.02071012740358986;0.00016739579314099118;-0.0024378277900590144;0.005646134315474155
-0.018961941804557826;-0.005707016320694;-0.009805917596537084;-0.001156179095987544
-0.01607269017312077;-0.010506337082991033;-0.014491594478922959;-0.0029312470287280053
-0.012202893256768375;-0.012857725194057139;-0.013446483784253949;-0.0017915070131382202
-0.007618509377451032;-0.011327642426855602;-0.007182205398169391;-0.0017132894952690276
-0.002671047048010176;-0.005484448348087697;0.000404368899697697;-0.004087722792614319
0.0022525286207798786;0.0031545977802489526;0.004739647835117922;-0.006408763228391148
0.006776220132869019;0.011300770307904185;0.003750550690168058;-0.0053224619262551695
0.010557975311578139;0.015412154463634097;-0.0009342756959226558;-0.0007407931765237429
0.013303734046259284;0.013618043495847174;-0.005524156816185866;0.0034004952847865163
0.014798646033286072;0.006678115222284852;-0.006912579611013137;0.0027164712243630093
0.014958015276071206;-0.0026775620827986677;-0.004604981802802253;-0.0032518580841835315
0.013870364199553233;-0.011428079860650925;-0.0005551368837623972;-0.01028367540208062
0.011798692786758354;-0.0176685506807369;0.0025711525119232665;-0.013101077008228499
0.009127647741202517;-0.020877808275970744;0.0032322585831110317;-0.009811823508841282
0.006275196681187139;-0.021265460319043642;0.0017075883215947345;-0.003100018933686979
0.0036036628946089287;-0.019138323602008418;-0.0005746033951736111;0.0024673769648931943
0.0013584343023650778;-0.014941956332395917;-0.0023067779209705666;0.004126386194986009
-0.0003547208896733841;-0.009712586379701299;-0.0031167115414191303;0.002429421411102848
-0.0015566070158997908;-0.005139763556505491;-0.0034556771858187878;-7.033158314912618e-05
-0.002355423619586217;-0.002850782155785346;-0.00391158941321839;-0.0012317334949191695
-0.002894309746529517;-0.003381247641281937;-0.0046184062207891554;-0.0007469129879852672
-0.003300531312913023;-0.005676997036056246;-0.0051583282944297265;0.00021206833540334755
-0.0036502370941423903;-0.0075795966196241;-0.004906976377729481;0.00038763328070245756
-0.00395621872844617;-0.007035685715486651;-0.00348659098844041;-0.0004790311336505607
-0.004176217774681932;-0.0033014670434431638;-0.0009767864377474697;-0.0016992453794443855
-0.004233095592039272;0.002584322209816236;0.0022209658544697594;-0.002544199021502614
-0.004041327525593734;0.008361922755980281;0.0056381864529544985;-0.0030090186913973873
-0.003542185094151976;0.011820290344813836;0.008787154201088398;-0.0036887388447655774
-0.002749241506729339;0.011977631034501978;0.010964893353227784;-0.004931997890556652
-0.0017904264034635706;0.009426462348246362;0.011175114812952445;-0.0061320315076165855
-0.0009140431875738604;0.005699792663146102;0.008509763722691546;-0.005889766609632841
-0.00042319028868261275;0.0021988135494151293;0.0028030475603283158;-0.0029864255827169056
-0.0005290329096131155;-0.0005652115372198895;-0.005028024577695454;0.002610627565956485
-0.0011663495341148805;-0.0029831510639624823;-0.01324576433976466;0.009444845202727007
-0.0018708143424489723;-0.005691225153820889;-0.01985554709060747;0.015076407492702575
-0.0018348259880111332;-0.00872692742211948;-0.023116335665571242;0.017055546900773245
-0.00020108153967260915;-0.011127281763504415;-0.022072251736348823;0.01404293632859627
0.0034771892249345366;-0.011365776160683487;-0.01720245708256866;0.0067466876781770106
0.008820596010526193;-0.008453300709346445;-0.010664639644366068;-0.001945925473582539
0.014511764452823397;-0.0029698700244994744;-0.005396008726221043;-0.008188052840009497
0.018635044910615326;0.0028184176226765134;-0.003378336552545749;-0.009335096468703868
0.01938065330388108;0.006102716003663049;-0.00457645616019836;-0.005598826673228286
0.015802389709042297;0.005372597515815261;-0.0075338028988572725;0.000138925013626271
0.008259389927110379;0.001655039055834594;-0.010717197868877017;0.004360146680510521
-0.0016666884817513018;-0.0019405775187123248;-0.01304198709905961;0.005319446961109375
-0.011716440396491092;-0.002191267659844746;-0.013525544598695656;0.0038792162556275348
-0.019694822694523575;0.002169152425449236;-0.011353624767479486;0.002071188362028808
-0.024107836079057757;0.009697724377648369;-0.006765332575908785;0.0009267823323980862
-0.02449137651909411;0.017153798186857385;-0.001524045092174699;-7.377489176233447e-05
-0.021384176969875275;0.02131785575902451;0.002064952254814318;-0.001498667321950705
-0.016022903625015014;0.020568922532741785;0.0028207326136269707;-0.002413840518923754
-0.00990170332921961;0.015447710021538842;0.001375025889759702;-0.00078371178644724
-0.004350755644392807;0.008156724244080366;-0.000642387196210967;0.004426074254114814
-0.0002558131987735983;0.001460542957890292;-0.0018986304895101268;0.011513282257345476
0.0020315986431081474;-0.002464708646554536;-0.001961195509157092;0.01645111694050702
0.0026225230144664795;-0.0028224716003425474;-0.0010217734847813634;0.015395734402779264
0.001932152363770323;-0.00039375523043361666;0.0006956255532179666;0.007513661027623952
0.0005107044578928417;0.002893986031228119;0.0032502701538619527;-0.0039538627841119904
-0.0010899061757376463;0.004855927012071047;0.006752791833905089;-0.013230078906466146
-0.002404673067948819;0.004039203013440865;0.01074684592763483;-0.015207016234838529
-0.0031111698580583605;0.0003547910745451405;0.01378879194955604;-0.008356522125537573
-0.003060705331902581;-0.004978395590437918;0.013849713167587973;0.004287480958604873
-0.0022834649057559197;-0.010127625755637122;0.009590173949320385;0.01652125441072088
-0.0009667080990442284;-0.013531017695260723;0.0017217298032487197;0.022040313158708785
0.0005882782760990448;-0.014425594713360305;-0.0067260732580565;0.01779557074178325
0.0020261384574433647;-0.012795705280837918;-0.011847408215139004;0.005934046848337909
0.0030181457950664253;-0.009028193806431807;-0.01128667514472455;-0.007049486742558536
0.003362438630269768;-0.003758083284391532;-0.005876713703277126;-0.013909970391923
0.0030751364923530416;0.001973354399575333;0.0009241114815199396;-0.011016737581009345
0.0024189886000911174;0.006647670085340475;0.005493946409221802;-0.0006404931959075392
0.0018296257846947587;0.008724307566440118;0.0064754084842489215;0.01047340356775703
0.001753267927325735;0.00752087610179008;0.005243221650028846;0.01538499624605519
0.0024661055758510423;0.0038586869306901374;0.004201505089617867;0.011274918672053741
0.00396069041045972;-0.00017120740386537885;0.004510382385240317;0.0009638054318580801
0.005948640784837991;-0.0023284644391590582;0.00510369999677745;-0.009208037616051148
0.007972641240278844;-0.0015244839581900836;0.003590966087431596;-0.01343852610221271
0.00957960443750233;0.00156425039462498;-0.0017926292717102298;-0.009625432059453628
0.010488366006590526;0.004951922456874779;-0.010555768881965756;0.00011720344007649927
0.010682999008560049;0.006550078762409916;-0.019679170097530504;0.011187966096984381
0.010384663094293676;0.0053873119161179225;-0.024968117698398882;0.018816240916660783
0.009910104843678186;0.0021634140649665796;-0.023286490351456236;0.019770086184638266
0.009490782358847106;-0.0011350157948405216;-0.014199338361207684;0.013400060263631048
0.009154145269075558;-0.0023568827194684976;3.670995411985353e-05;0.0022205169908814
0.008730099412725791;-0.0004789091609054993;0.015766109599433465;-0.008557566186253755
0.007967473786253532;0.00366955566687098;0.02923379420605977;-0.013350866982647218
0.006684777069405609;0.007778881674476921;0.03725367727069973;-0.009686978842212812
0.004872462933653455;0.009395230337415638;0.03774148364146377;-0.0003034369553872017
0.0027021434765913035;0.0073643755860943435;0.030561434309706405;0.008283841090837988
0.0004504534961766519;0.002409259520385107;0.0180790695922853;0.010017471085442741
-0.0016159088240449838;-0.0034648923311345245;0.004469631128467336;0.003136288918442788
-0.0033370228175392935;-0.008194189920987088;-0.006127261058715057;-0.009074871822167076
-0.0046996575724022015;-0.01066072248800077;-0.011397080416757462;-0.020565667615287945
-0.005811612768565712;-0.010963753017158748;-0.011476057599504921;-0.025771505387625387
-0.006826355188225738;-0.009987072172896247;-0.008282908898869764;-0.02201493384430271
-0.007851090125456303;-0.008673612403806503;-0.004179686950601941;-0.010475789841938933
-0.008881250751574378;-0.007495684046594417;-0.000749064069153567;0.0042579966421802075
-0.009793461353373703;-0.006398700939803921;0.0016858708510027111;0.016056706149750563
-0.010394987067700713;-0.005161267425935353;0.0036017150612680186;0.020139729560865786
-0.01049614900539629;-0.003863647168847335;0.005353052010609025;0.015655237420449906
-0.009968571309429164;-0.0030987599607074636;0.006647332141042566;0.006182343837129544
-0.008773480163551681;-0.0036959476044945865;0.006815472477433584;-0.0025398356551905115
-0.006968635009774051;-0.006004039366628709;0.005405143818966857;-0.006280545453993083
-0.004711179256201415;-0.009128603162057438;0.0023802623517328093;-0.004765729836566254
-0.0022623161028173084;-0.010797111889886196;-0.0021366586338047487;-0.0011853723384993515
1.9846304520773316e-05;-0.008378490486231484;-0.007980199329431026;0.0006473163110604449
0.0017211463130613433;-0.0007395237672046719;-0.014532184435810225;-0.0008169045838921044
0.0024559962298005165;0.010379613366423434;-0.020248915287073836;-0.004053083091362656
0.0019820100005825242;0.020786854448828596;-0.022948510064065165;-0.0061550649975049155
0.00030592703919096845;0.026036259081212404;-0.020977779963895864;-0.005535794842474404
-0.0022723856422712067;0.023892556700318993;-0.014373342470425318;-0.0033234554670664
-0.005216002134154701;0.015361129623167368;-0.0049903127041386955;-0.0022309919696500207
-0.007896672694972054;0.003809212723589861;0.004520182534357233;-0.004011911189802359
-0.00977123275743297;-0.006906030734463336;0.011991875276291713;-0.007944072913329488
-0.010516652876842827;-0.014024321869387287;0.01634772845000462;-0.011582279908318283
-0.010074916712955765;-0.016531922819849006;0.017472649206716515;-0.012716653707529444
-0.008600544968069848;-0.014977454752644153;0.01589473468099753;-0.010678468982429226
-0.0063464581683608905;-0.01087133121520581;0.012506751171200798;-0.006261856781711644
-0.003549560710036432;-0.0060056080475462785;0.008220979604680436;-0.0008831111169358059
-0.00037196423037437335;-0.0018494886666036547;0.0037232057793053753;0.004075806509449747
0.003081898395542144;0.0008870779404754018;-0.0004010427429762002;0.007406684825636169
0.006698833005439615;0.002384038070578076;-0.0034564911689276842;0.008150186799120145
0.010295749671447266;0.0034413893394977025;-0.0048857266566728445;0.006108251311333967
0.013608418891365683;0.004922476213739493;-0.004809138740463488;0.002425334251546331
0.016335368223668923;0.007211149252643669;-0.004092866926706413;-0.0007397995008007128
0.018204531293309137;0.009968785889090292;-0.0037085031394235965;-0.001657379817728357
0.019022740418755676;0.012304739720704928;-0.004052796659246526;-0.00039948996332843346
0.018691957973541617;0.013267315872281745;-0.004896960073651087;0.001268381822118576
0.017204469540171834;0.01238578359569929;-0.005821054881418186;0.0015284023558309037
0.014636054261586196;0.009943782970540747;-0.006500929022490395;0.00021104748502830386
0.011142351568114788;0.00684496881938623;-0.006594209171941536;-0.0010578430989170227
0.006950430672586693;0.004218445145237313;-0.005585058875487867;-0.0004873077825492993
0.002339362988804968;0.003010494400101548;-0.0029975722941285557;0.0019199579699736957
-0.002385831671215935;0.0036702094214301284;0.0010961091289949131;0.0039669620690623054
-0.006918777064635118;0.005926132108638289;0.00575451623413794;0.002993067259968974
-0.01097387337587598;0.008723529530163707;0.009453869674365897;-0.0016898947467033107
-0.014310409287469341;0.010475293463938521;0.010937822797893978;-0.007870826918686822
-0.016756830717070972;0.009668744172206367;0.010041975438117653;-0.011927001667279637
-0.018223381886340494;0.005610929786075245;0.007772627216423731;-0.01145537719384775
-0.018693241509766586;-0.0010916510274598026;0.0054765924502451395;-0.006868029844860174
-0.018197619617287615;-0.008652872849267789;0.003776741793742452;-0.0008544807319974993
-0.016792722802294647;-0.014829039110372389;0.002239272018105661;0.003571903049683953
-0.014551790491313372;-0.017862423324737323;0.00013285291073150758;0.004827358010792267
-0.011570206769440948;-0.017128957022670324;-0.002365222914430571;0.0032009149142670605
-0.00797431740000628;-0.013210435476022528;-0.0036928948212598374;6.850262626652307e-05
-0.0039300072726581505;-0.007513813920019689;-0.0018536371250546936;-0.003220078225508776
0.000347369444488123;-0.0017613864118664934;0.003758943896929419;-0.0059557600209370455
0.004584321054581057;0.002447804596360955;0.011219889698175313;-0.00800046904696478
0.00845273407177468;0.004017863798090537;0.016869576939187537;-0.009346233571320944
0.011598022003843689;0.002717081648578552;0.01770208926692248;-0.009701788989360131
0.013696098704509415;-0.000602176251599366;0.013501392058862737;-0.008427101011289444
0.01452974179130819;-0.004171229319129019;0.006975487819916759;-0.005009678057034547
0.014060696876451808;-0.005987243558828417;0.0017922477460311542;0.00015018812511806315
0.012465184960010206;-0.00479030170020255;0.00011389572266505937;0.005437807410459115
0.01010815910087521;-0.0008039300853378445;0.0015013586214867212;0.008817103102030141
0.007458067686259946;0.0042638067778481845;0.0037916267714973844;0.00920903013846327
0.004971788116992225;0.008040594738896272;0.0049304357805561565;0.00717675461272081
0.002990121851947722;0.008692220412852779;0.004204710991364257;0.004299082553196953
0.0016760783432478415;0.005827313717520886;0.002198802628825553;0.0019305731428992815
0.0010097767430051238;0.0006220104994450322;-5.951975740766528e-06;0.0004805824559888151
0.0008341910540236112;-0.004843637236377887;-0.0015500959397011908;-0.00039311162024911755
0.0009314995837773661;-0.008618532677021732;-0.0020884514379547548;-0.0011502908084231047
0.0011023277241298927;-0.009718584101520432;-0.0017670661484911426;-0.001927181805927699
0.0012205903754197514;-0.008377468908062992;-0.001043933782944122;-0.0025213158584512082
0.0012478652996138079;-0.005684701131819456;-0.0004301663143329394;-0.0026445414826965614
0.0012107870267522155;-0.002918466140335404;-0.000246342608553164;-0.002177591209062951
0.0011606882240554391;-0.0009721401605812101;-0.0005134058915183217;-0.001259838920916895
0.001136776853331563;-0.00011818962198455245;-0.0010170429632892488;-0.0002009079382573783
0.0011456737581866;-0.00011650187407904938;-0.0014719199412372079;0.0006910959579024558
0.0011604433873260538;-0.0005094440278187095;-0.0016768516444750038;0.0012459710180239818
0.0011360146758519739;-0.0009082742358140996;-0.0015941042822234116;0.0014660376441143846
0.0010344093465316532;-0.0011404851396387512;-0.0013428418321168448;0.0014695099035462592
0.000850500865068993;-0.001232003596084488;-0.0011290420399135926;0.0013994942926059794
0.0006266061473073207;-0.001283068530743558;-0.001142422911446816;0.0013551708868341538
0.00044408146529936304;-0.001333385764387595;-0.0014520719766946523;0.0013727427987976584
0.00038587505062416766;-0.0013003774709928455;-0.0019384387843311272;0.0014513635236275068
0.0004777172035261845;-0.0010282798628728136;-0.0023062231440526097;0.0015999007791642128
0.0006340477801927502;-0.0004246159715669598;-0.0022130317925775664;0.0018782038310183164
0.0006479893114490804;0.0003941337898877502;-0.0015051093776323357;0.0024156155627033534
0.00025953885935317875;0.001048664618155377;-0.0004743832971517092;0.0033972503899994916
-0.000695451783392958;0.001003645317552957;2.856156330255132e-05;0.0050011019563715575
-0.002105069967498462;-0.00018157172755290854;-0.0011920932877708314;0.007250767336695638
-0.003468644494390998;-0.002569988222947847;-0.005083039851227608;0.00977630536150338
-0.003961363410964113;-0.005690442153888264;-0.011603429733381767;0.011632811956664366
-0.0027286511688841084;-0.008640760865437155;-0.01934498184000486;0.01152950694244995
0.0006613243168506976;-0.010475311420950886;-0.025874907260533618;0.008671853685718845
0.005812260335519046;-0.010712712569260438;-0.028569470518133067;0.003694524112551621
0.011394225109398522;-0.00964260011897413;-0.025374562707861016;-0.0013826163517709393
0.015485436988719726;-0.008168980247872949;-0.015449150898322123;-0.004539158103534625
0.016277347696324003;-0.007216478616011892;-9.471387686979623e-05;-0.005344821933504948
0.012831476413335114;-0.007051138242996151;0.016505010702223658;-0.005139290729378188
0.005515596624334411;-0.007009241071413755;0.02833503457687816;-0.005476900964658311
-0.004087206500080077;-0.005915527724846785;0.030903188764162964;-0.0063261608511266535
-0.013729044480991635;-0.0029458430383003734;0.024502412588334743;-0.005981006520126481
-0.021242111794009755;0.0017082884681939997;0.014085094066592956;-0.003010714504017818
-0.025176073385438525;0.006842627971794824;0.005539752848650769;0.0017237239103174847
-0.025119372566076117;0.01081193590615722;0.001829609257811505;0.005272590589228062
-0.021648967950167252;0.012199700812353342;0.0022219984832555577;0.004991499819052277
-0.015995929919959403;0.01024417513023833;0.004301489543005653;0.0007947451127100836
-0.009595834509836743;0.005070532442064438;0.006048629554969898;-0.004785679730194449
-0.0036960670940087716;-0.0020669213091641355;0.00617146063999387;-0.008589069000963416
0.0008707053670772564;-0.00865422502756195;0.0032664730834752248;-0.009065911794897042
0.003730530606019627;-0.011436417653344171;-0.004342748349180384;-0.007102850846381316
0.004885061970048227;-0.007922227513983578;-0.017051147424065022;-0.0050574863562930315
0.004576935022570322;0.0017375339471872838;-0.03184996098375729;-0.004855409433691586
0.0031627721551523375;0.01392674205802776;-0.042258282494029666;-0.006449415472546309
0.0010298161244911904;0.022841748241235794;-0.04162181238041548;-0.007645075803153684
-0.00143440937977072;0.02343419083976546;-0.027790652499158082;-0.0055398989590606535
-0.003846108205210577;0.01430227066977117;-0.00543099107481822;0.0011998223835251523
-0.005849530140180787;-0.0012200650134149248;0.01604765364313106;0.010759659495807188
-0.007181981019233019;-0.016445560547603245;0.02765383102628437;0.01854558322938413
-0.00774965773821323;-0.02448320978670256;0.025728823397502182;0.019501896068458254
-0.007660634267766618;-0.021530022182655654;0.013584568865458871;0.011211594123996645
-0.007179394532473131;-0.008612874723582032;-0.000993827109828594;-0.003858178847652815
-0.006607665323144241;0.00907757706834773;-0.010552522125582414;-0.01851622099280399
-0.00613703666607591;0.024784030837639425;-0.011856272366918294;-0.02412507806786338
-0.005741923275447573;0.0332376749661206;-0.0065677582974420666;-0.015766276370869872
-0.005171066187728566;0.032686641045124996;0.0010564969428638164;0.003955179375735388
-0.004049751118576919;0.025170639482353527;0.007175672555909282;0.02561964470392541
-0.0020466458934158696;0.015163162957542843;0.00987389797787246;0.03838155736492212
0.0009715476210021692;0.007316371883836908;0.008854231349329698;0.03649394324521559
0.00485834592725446;0.004386315746043092;0.004647791369745013;0.022322697609603454
0.009198913736493073;0.006309292792439428;-0.001511618565335457;0.003933762887123606
0.013403484425098372;0.010748309729163495;-0.007363342924389601;-0.01043359263648683
0.01685443799502378;0.014603577742692601;-0.009818960667902487;-0.016748890405707807
0.019061772805718174;0.01555534291854643;-0.006162081277668575;-0.015935878718166183
0.01976839255992057;0.012898709588537196;0.00419238673411715;-0.011743568249015367
0.018961451528806947;0.0074803752753179915;0.018363501801244256;-0.008069802955031933
0.016795639939705214;0.001034758189141467;0.03012548074438588;-0.0071484453552493055
0.013487256700256208;-0.004627426313324592;0.03207028868559111;-0.008578179323409449
0.009252970473402528;-0.008272938552767551;0.019384847056882357;-0.009230353276922494
0.004329203690828517;-0.009613900868525978;-0.0065004528238698745;-0.004951883828809468
-0.000959110875028923;-0.009285916100461493;-0.03690900850964638;0.005806991472892702
-0.006157277007596236;-0.008391631205247576;-0.05923517264453229;0.018997001983471637
-0.010727788351285768;-0.007855947823429242;-0.06355282223774246;0.02625552467383765
-0.014177676467623917;-0.008064674244513613;-0.04853211749454966;0.020850536048785482
-0.01619491133736025;-0.008998243863685635;-0.022325481038400583;0.0037065735563891504
-0.016717195824403855;-0.01053316256560116;0.0024678780590239725;-0.016022329724253277
-0.015906992982253308;-0.012425467814537124;0.0161388928494381;-0.026819563461578242
-0.014062620207738376;-0.013944688387969424;0.016531025871976263;-0.022647307850209356
-0.011514132725126169;-0.013689415125526764;0.008642774323262978;-0.006939651576004769
-0.008538407175122279;-0.010134477128920471;0.0003850307891583547;0.009924645900632035
-0.005311829329548194;-0.002822298514212847;-0.002361084185562164;0.01765885158609956
-0.0019132993471560453;0.006641460653888813;0.0015129819559648711;0.012556897670532152
0.0016203701218239306;0.014760140433757722;0.008906197750473056;-0.0010349233899903162
0.005208389151047307;0.017725550391838592;0.015310973874774569;-0.01475417277321102
0.008653612436930247;0.013587045045680523;0.017687864588945435;-0.022065064299904014
0.011630524362354677;0.0036440043315910838;0.015775161618175715;-0.021448562008501083
0.013755253094617238;-0.007934748374403491;0.01153082408325194;-0.015460424806987004
0.014715725921548838;-0.016190681820683908;0.007468890554709097;-0.00767812001169853
0.014400310711609894;-0.01796679278346442;0.005080042744657651;-0.0004689865455573103
0.012955340945616909;-0.013433922724067147;0.004301293335931849;0.005239853546600472
0.010739591043747896;-0.005664085998126839;0.004175271990299322;0.009093095233483419
0.008204229342325786;0.0013334269310056874;0.003928689957011738;0.010736967742879059
0.005763156355400476;0.004758817989016023;0.0035099549206349737;0.010000945898072261
0.003707244331190102;0.00408980417032875;0.0033094691224854074;0.00730377152861242
0.00217700767709603;0.0007285901535835922;0.003576911993630137;0.003663768350096845
0.0011775424614570923;-0.003187351346214071;0.004168484410062481;0.0002501122392635704
0.0006144051443892892;-0.005940238175152484;0.004747529213504514;-0.0021438345192187477
0.0003392603884149538;-0.0068128266283353734;0.0050917397238135435;-0.003337623793263576
0.00019933995599727005;-0.006041094014257594;0.005184900726882015;-0.003627075203332336
7.954394667975089e-05;-0.004386193736343819;0.00510367344257747;-0.0034522793662455664
-7.680847924180141e-05;-0.0026464630711515195;0.004900739704789226;-0.003125171795157088
-0.00027332597811219854;-0.0013415620887643114;0.004594230768204768;-0.0027551950469569503
-0.00048296930690006675;-0.0006345365535864607;0.004214837846688385;-0.002335592072349724
-0.0006728110861968483;-0.00042371476898072843;0.003829433026142084;-0.0018630128715725126
-0.0008204962604680362;-0.0004945528511672916;0.003522017064816177;-0.0013948920403401828
-0.0009192644151413226;-0.0006451003665068794;0.003358738219174153;-0.0010322051699968812
-0.000974211597817209;-0.0007442915164456423;0.0033621579566315463;-0.0008667137725883499
-0.0009950363656949944;-0.0007283274787642606;0.003502019231483367;-0.0009322098794401624
-0.0009899877924187668;-0.0005713432493968872;0.0037008282999460877;-0.001179773130253913
-0.0009633289912950587;-0.0002701305207597772;0.0038540329056999984;-0.001484143892412838
-0.0009160404475864188;0.00013967243905845263;0.0038667283377949915;-0.001683809094395842
-0.0008479541929409754;0.0005520749654651419;0.003703159036126932;-0.0016512613469308718
-0.000759395671435877;0.0007843166768897058;0.0034312410929638335;-0.00137487541550501
-0.0006513486624159203;0.0006331723027394607;0.00323085144047172;-0.0010134620741472926
-0.0005244305642750843;-4.5770834788312715e-06;0.003336129718853477;-0.0008738549522757377
-0.0003778585392531377;-0.0010038445086298865;0.003909337572795473;-0.0012797596091268803
-0.00020964895615012421;-0.0019792944295355113;0.004893366648207687;-0.002355046309178212
-1.848984572152588e-05;-0.002448918110462077;0.00593730370092055;-0.00382054428524337
0.00019345885225797353;-0.002199208457710498;0.006493201516769756;-0.004954897522312431
0.0004182433800558159;-0.0016803141644112737;0.006103829786168808;-0.00483839443354779
0.0006411315078481356;-0.0020863345021992904;0.0047449741124541;-0.002853846781499297
0.0008405328146739585;-0.004801414193445806;0.0029500836445159207;0.0007886033666547497
0.0009875658118979793;-0.010280822108880854;0.0015088941417401255;0.004868905343830249
0.0010439031786171466;-0.017037392119989964;0.0008687841347611677;0.007600246374285335
0.0009569176640919241;-0.021677966821675214;0.0007214530606953012;0.007640888445745849
0.0006536808400359383;-0.020410686119927777;0.00019751578683135565;0.005143976540573828
4.111735006058889e-05;-0.011342058073032955;-0.0014402645280236744;0.0020328621936104288
-0.000976356943974053;0.0039046576895637713;-0.0041903674919122145;0.0009856712422169323
-0.0024565847518088894;0.020443460972204203;-0.007261773477857813;0.0035296859821659244
-0.004368989584910779;0.03225666365183128;-0.009515792995898829;0.008596452200921208
-0.006561016982731196;0.03500647558897633;-0.010064206012516652;0.012923773225362936
-0.008766770499063114;0.02796556600904504;-0.008826795102056816;0.013347661812270485
-0.010662660928229987;0.014121167318676096;-0.006848415385929664;0.00923654949356054
-0.011951032578604978;-0.0014242608780538793;-0.005933134077941381;0.002974506085900068
-0.012437083615991567;-0.01377727047218274;-0.0074143244062050044;-0.001863626651532314
-0.012065229420164407;-0.0200886255437527;-0.010849258349075444;-0.002968383467091648
-0.010902635393818387;-0.020142505515414164;-0.01397445224738108;-0.00045098044071986606
-0.009086925666038264;-0.015746263272966056;-0.014313442367748633;0.00381034189488939
-0.006770147282458297;-0.009526122833010662;-0.011123508712296773;0.007701465635012503
-0.0040859683445512605;-0.003784070987052546;-0.00589081133815376;0.010020870230497633
-0.0011501540093792624;0.00017003741380747608;-0.001038506678446517;0.010652988548161327
0.0019156084582362552;0.002092512578391349;0.0017777082872595389;0.010058305637475506
0.0049593049956171;0.0024571954716694367;0.002357257414934903;0.008722509857656472
0.007793240287381141;0.0020214441464157405;0.0015292093661807222;0.006894985666588051
0.010211822486558065;0.0015455197219960168;0.0004511536511896626;0.004556404184386481
0.0120222053582653;0.0016618872964343984;0.00016842079527950194;0.0015603728217530497
0.013073865205458975;0.0027808187105342877;0.0013036031351059273;-0.00200262749572659
0.013278837328711733;0.005001173846550047;0.003721378045489387;-0.005412320935124538
0.01262130398892174;0.008091580879335137;0.00643925316356769;-0.007390010260756172
0.011157673466825935;0.011579978623055756;0.008106521140184134;-0.006865685215906461
0.009006912745948123;0.014890480755725913;0.007864990027718352;-0.003927793672940027
0.006330330446525518;0.01743640362934799;0.0059577341961970735;-3.645799752614129e-05
0.003303735463435942;0.01866084116202237;0.0036014040276596566;0.0029102329001287255
9.175659045402527e-05;0.018101838011530983;0.002239735134737776;0.004002647651858455
-0.003162708352663648;0.01553410729318509;0.0027730856827160896;0.00396067149820739
-0.006329005128688932;0.011136953534175051;0.00525912140089223;0.004265541486231322
-0.009270574760220765;0.00557580863447134;0.009026746709366398;0.005473362313524218
-0.011837764889114786;-9.935202846036176e-05;0.012804786128482794;0.0063462555636592645
-0.013880407505259932;-0.004778346946845611;0.014779207186499634;0.0047996510892699025
-0.015270491859503969;-0.007769693465691114;0.013006833859099303;-8.723223859742987e-05
-0.015919617993186107;-0.009186810689601109;0.0064981793835202665;-0.0068617917616314306
-0.015786372455222606;-0.00988187959962764;-0.0035489909854369067;-0.012469118513738988
-0.01487952188332113;-0.010781285515822454;-0.013533295764175678;-0.01436557369245224
-0.01326046457696555;-0.01201998869767503;-0.0189785928755364;-0.012111639841964528
-0.01103702946141773;-0.012643627143440524;-0.01715629900467049;-0.007120715740458407
-0.008338404493183495;-0.011303052245655991;-0.009026267830035795;-0.001095576617982862
-0.005278979272084899;-0.00748430881819805;0.001027269272138869;0.005030264247794382
-0.0019417447625502582;-0.0022357037715855376;0.007650450680546301;0.010623875387433562
0.0015915237540796781;0.002328914631405033;0.007579118623371739;0.01435114225662479
0.0051735153239199465;0.0044858267614953625;0.0013455052772629128;0.01437827069334864
0.008539450991873808;0.004209503515999344;-0.007315993623436156;0.010001065121576906
0.011326069024722296;0.0032546387250237205;-0.013765794342557914;0.0030115674563322044
0.013174992173186104;0.0038667233259764293;-0.014902910467627518;-0.002909890221541451
0.013879287958230912;0.007055381597086128;-0.010438453362000603;-0.004615979744672726
0.013512057098418241;0.011693792933726629;-0.00271821144985593;-0.001828306641108028
0.012491215149789328;0.015080051757290904;0.004397767129060279;0.002478997091454838
0.01154588566074157;0.01458323361624929;0.0070692197276689545;0.003976759236692847
0.011545313562969735;0.009333201933884674;0.0030814610730983327;-0.00012350098712123487
0.013175416192828577;0.0009394635697642967;-0.007001102113485335;-0.00904022322741712
0.01654082172456993;-0.007219897145160653;-0.019783190687880734;-0.018550161371786486
0.020887082743747055;-0.011851077121863486;-0.030248613010418035;-0.023347976847101045
0.024664715476014794;-0.011731598807591203;-0.0337675496327886;-0.02039926381815345
0.026019970678058;-0.00847240697297754;-0.028279197688200006;-0.011190931686317126
0.023548362961274296;-0.00529910413181418;-0.015852533741205325;-0.0011115120458954468
0.01694879707421257;-0.004623028743703712;-0.0023494424314221642;0.004022999677247621
0.0072322827065836775;-0.006314865287727816;0.005599217837174705;0.0020579791397406944
-0.0036188237157727364;-0.008041068134959393;0.004863825140671971;-0.003931616974444932
-0.013353189730741628;-0.007258086160890318;-0.002017841669277372;-0.008162549361894377
-0.0201815440592359;-0.0032224702569787797;-0.008910219425957586;-0.00698603879774144
-0.023253265507286965;0.0024041943017362915;-0.010759385704382092;-0.0019317360066911683
-0.022754399096843334;0.006605289710692893;-0.00690356043974597;0.0018458227681157574
-0.019666091595485102;0.00685243159363721;-0.0006331576367015655;0.0003298217903346267
-0.01533192153946454;0.0025381161408573123;0.0038531550805807734;-0.005669740109629288
-0.011020477472663912;-0.004722278477448441;0.004277838188344446;-0.011003117640362596
-0.007631553380688069;-0.011883180994376632;0.00120433320115923;-0.010285566141379784
-0.005599235249095271;-0.015854910407899825;-0.0027812503138250166;-0.0023510376040831735
-0.004948397321476217;-0.014880565141432557;-0.004620951850546494;0.00827583791950936
-0.005417434055915092;-0.009359310386727996;-0.0022458523466312493;0.014084645034082839
-0.006577403900443424;-0.0017307853758853993;0.004437052807862594;0.009787298165532202
-0.007923603871634346;0.004612209310367069;0.013245614268487194;-0.0035037710683647914
-0.008951981081237561;0.0069246983413489656;0.020432581542484538;-0.01824833276733622
-0.00923925142939777;0.0044372504408611395;0.02251893931666469;-0.025059633984874333
-0.008525783745634995;-0.0012803841823431168;0.018413551742297408;-0.01899965404232625
-0.006776957159283677;-0.00712605086899718;0.010208565808202842;-0.0031295341820649974
-0.0041952776615577034;-0.01002780281321085;0.001836873388374263;0.013358812466495637
-0.0011742672955431313;-0.008412762501890726;-0.0033608137642282404;0.02115405298704932
0.001793058546117705;-0.002793818675119062;-0.0043040108978185205;0.016771736227211984
0.00422889215374064;0.004736148231496487;-0.0022040733709949773;0.004474942102457443
0.005785582732914441;0.011645224375783332;0.0005784616021896656;-0.006907725513291129
0.006335444703411678;0.016019456652690618;0.0019659586942644665;-0.0099873252888751
0.006006164423172863;0.017064846992347907;0.0012204991957816466;-0.0035993356463605887
0.005138885035815684;0.01504908087004946;-0.0008097618709815385;0.006796788728240361
0.004170894803090198;0.010974187435427147;-0.0024023561087018743;0.013236634932957519
0.0034795683966097096;0.006226538243374109;-0.0022259749540544885;0.010863086457514914
0.0032467992052792787;0.0022321374247509865;-0.0002923243709607986;0.0010495772076643793
0.003398445674424898;5.6644037471458447e-05;0.0021033914595849188;-0.009953278329412394
0.0036460692164702597;1.790262669437813e-05;0.003401636908570373;-0.015499694533432298
0.0036219267170132406;0.0015224226272291795;0.003008570419383714;-0.012774969249924098
0.003059053861633699;0.00329401573245047;0.0018587050075919577;-0.004019003470213775
0.0019341455658273778;0.003957979264357344;0.0018652768477796647;0.005551897757824797
0.0004894957670459028;0.0027345912520858008;0.00450573828235623;0.011188405762183327
-0.0008910356938319337;-0.00010607732776628839;0.009444774055609532;0.010984798265899477
-0.0018820046470896556;-0.003316391354991638;0.01434031499909161;0.006090110217915999
-0.0023667671019072943;-0.005307006215435581;0.016318077460439652;-0.0005751220130939833
-0.002449172033355791;-0.005010415056852285;0.014135410587624842;-0.005865286257199783
-0.0023359848510143234;-0.002420578577173675;0.00911576008739032;-0.00765799624574295
-0.0021804903958793443;0.0015205267528885793;0.0039119004408169344;-0.005658904334708655
-0.0019870108112020747;0.005507701838873069;0.00035183981760361383;-0.0013067007807861506
-0.0016213095316564609;0.00845581416324299;-0.0014544685722769506;0.0034094258475890643
-0.000904580548628;0.009761740636328774;-0.0021043341714130147;0.0071897308312136735
0.00026636908419122764;0.009259594674256636;-0.0015376219434394393;0.009404594257392705
0.0018314018323890326;0.007084801766226384;0.0008844274410643807;0.00916321428843513
0.0035557864406419136;0.003615672321744167;0.004980032303745413;0.005267723064775469
0.005107638990786844;-0.0005508408806750623;0.008881548822289764;-0.0022355444725978622
0.006186554884968096;-0.004721611451609566;0.010053050920801457;-0.010593537133417383
0.006630644711039939;-0.00826388091689384;0.0074246917405254124;-0.015183314978045308
0.006445518599516161;-0.010580351055535873;0.00255235361402673;-0.012637434323814777
0.005757283628982051;-0.010942658238819822;-0.0014302175773466116;-0.0036934719927400215
0.004740495774537133;-0.008584637541239538;-0.0022137426032056034;0.006890258619753583
0.003569935377934645;-0.0033124750955877153;1.7758985376467334e-05;0.013479624484971817
0.002402709173246933;0.0037530905078564975;0.0030207101989908327;0.013248340768271109
0.00136396224518368;0.010102671455628938;0.004485532160751293;0.007594702643797
0.000518992807142809;0.012842342712911275;0.003745994752850938;0.000587639347044374
-0.00015028092122289973;0.010262030915556808;0.0018422979839979804;-0.0039400210393924166
-0.0007311906078276646;0.002878733467463585;0.0002434542331137062;-0.004476144346826968
-0.0013215857833597112;-0.006782780280746147;-0.00036327473775090336;-0.002087269589290613
-0.001961263286379744;-0.015472263290622758;-0.00024024495824048539;0.0007658929039578842
-0.0026012579034862754;-0.02069575206231038;5.051198258510822e-05;0.0018931140425405481
-0.0031307274666080454;-0.021585397176951127;0.0002594354438407026;0.0006220089889370293
-0.003440206452273258;-0.01886308780365451;0.0004954684788794404;-0.0019615894326055526
-0.0034790686271855722;-0.014123075985562871;0.0008522414941180628;-0.0038425569645875774
-0.0032741589181796097;-0.008921678980665676;0.0011057912027262115;-0.00340438973755126
-0.002904447609764714;-0.0041473484902151475;0.000817218149585093;-0.0003982952508741891
-0.0024534734359344503;5.25928991419031e-05;-0.00024014708429492636;0.003983391245571971
-0.0019701679059515352;0.0038046747490888106;-0.0017109544663440146;0.007830749409891459
-0.0014561159538924373;0.006831532545963054;-0.0026913390525767334;0.009493673264815395
-0.000876903852059259;0.008081791059333049;-0.0022015161123718693;0.008250478722420032
-0.00018398462298409307;0.00607748784000991;0.00017854551530978001;0.004416782073292636
0.0006636593621164628;-3.553666408303733e-05;0.00387707407072805;-0.0009676122599836584
0.0016800738178499254;-0.009291347308782429;0.00734696717193607;-0.006554284896842113
0.002832991558233219;-0.01844530400335296;0.008596713211067879;-0.011015309326854938
0.0040264823330965925;-0.022929564125351645;0.006141736027126701;-0.013316347676101625
0.005095010771030993;-0.019085759701680746;6.513921105853858e-05;-0.012978706758642744
0.005821290737332992;-0.006532398065406997;-0.0074188591073370115;-0.010238731939898212
0.005984118032108126;0.010887068675061768;-0.012579072256407163;-0.006019736251226177
0.0054281132353036134;0.026451466156397704;-0.01205687015205941;-0.001772116478932075
0.004130193902543404;0.0336754611077723;-0.005055253903909063;0.0008284834343555351
0.0022289709101368915;0.02950195762687521;0.005729952169085418;0.0005472421043658974
-4.098867789734891e-06;0.0157876580752325;0.015306468538341462;-0.0024298045430667255
-0.0022430939168608124;-0.0016742448454426992;0.01907350277675664;-0.006036788069297429
-0.004200650030769599;-0.015932961796874427;0.01531829764468525;-0.007331199378647194
-0.0056940268854245475;-0.021939483601958236;0.006054244290874343;-0.004608042681881951
-0.006659009529542671;-0.01844352310272058;-0.004158956959419901;0.0011200406602079908
-0.007117570644922338;-0.008039201514774679;-0.0107050344274269;0.00673600057193979
-0.007127582247153114;0.004381127962862968;-0.011399887493631149;0.009368510383842383
-0.006740654885961899;0.013840907874184889;-0.007529059125209846;0.008582219683996037
-0.005980373917415056;0.017162393596706824;-0.0026498916322004887;0.006621030681167679
-0.004844361549519371;0.013910075520058044;3.8449571940642996e-05;0.006506472116613251
-0.0033270625470765078;0.006236215921693183;-0.0003030528211430131;0.009520013214574755
-0.001451537360453769;-0.002214871494557943;-0.0022385703855923814;0.014057520819466852
0.0007062419113678828;-0.007923251762332509;-0.0037311175500611823;0.016731004956938262
0.0030135404169000343;-0.008982988966456166;-0.003711765656926012;0.014878518645030906
0.00529996122163801;-0.005794771226680461;-0.0024207424355276504;0.008605792147309308
0.007388667369710305;-0.0006151096911233869;-0.0007301499389785087;0.0008428963162261381
0.009120568178731168;0.0037928945703738994;0.0006119886947335454;-0.0045569510248511
0.010357029177556702;0.005643843585277149;0.0011874538059918687;-0.005167703725881554
0.010963410198764784;0.004918120810926683;0.0007251448517504609;-0.0011660393352265256
0.010793917362626679;0.003062441487841411;-0.000979871763974975;0.005156780029169138
0.009703566378611988;0.0018669329803583995;-0.003925377443166432;0.010886277100565698
0.007596250735873861;0.002275243119971811;-0.007768360901133355;0.013916352006326366
0.004488846113545729;0.0039001288178832573;-0.01180982679836192;0.013547936027226657
0.0005557639505704744;0.0054767800777463516;-0.015052190151819456;0.010199957715845958
-0.0038717831082507514;0.0057882505422941445;-0.016401219966697606;0.00484324180044733
-0.00835588690907707;0.004352029226481948;-0.01512590557241514;-0.0012310879956507208
-0.01243688811856893;0.0015042684320382476;-0.011399908347760323;-0.006359660169295296
-0.01572580452948579;-0.00197596805073343;-0.006465383560103554;-0.008768087437893214
-0.017972119355954747;-0.005320185369347759;-0.0021107643896106716;-0.007461244295112212
-0.019084257931275134;-0.00799511926167889;0.00030702801313350393;-0.0031682656496475397
-0.01910238949575501;-0.009623843122062757;0.0006065635171047299;0.0016974086156170073
-0.018143850946509926;-0.009767897806520258;-0.0003101145789675974;0.004429336738764201
-0.016346749118687824;-0.007866470259526265;-0.0013275227981643701;0.003866489811483795
-0.013830419527162172;-0.003538587609283398;-0.0020266309348030503;0.0011646971546506652
-0.010685574923379872;0.0028796815655075816;-0.0028637358392754656;-0.0013106642147866676
-0.0070034340450389546;0.010032283862586417;-0.0045253420495996845;-0.0022020442269235327
-0.002938334638087551;0.015899983375297255;-0.007102365340848094;-0.0024402424042131807
0.001231290623115013;0.018732914456547504;-0.009809771899649019;-0.003989803788256867
0.005098362296322776;0.017946862142952373;-0.011378089176146876;-0.00694715043550854
0.008212359939211464;0.014346065387189506;-0.010679575090028667;-0.00817875486214689
0.01022826650343803;0.009550765115487954;-0.007225587437740052;-0.003739555559631868
0.011040243378702411;0.005107607899432368;-0.0015419282655195262;0.006674647855629082
0.01082159346631896;0.0019148880200434083;0.004621408382229194;0.01780203445284543
0.009950073929184932;0.00017430553160133883;0.008640992884454555;0.02207129246694747
0.00886389726685782;-0.00042513891819530693;0.00821167134884804;0.015645150127999587
0.007917328044638424;-0.0005656223926677584;0.0029165793420589817;0.0018690791457506575
0.007282424842161761;-0.0010647224610150976;-0.0049537569209401194;-0.0110837718497308
0.00691436333341029;-0.0023645635588999776;-0.011294018657798385;-0.016388524135625547
0.006592952398339953;-0.0040705484591731225;-0.012598537161746142;-0.013292243140692361
0.0060557918484910244;-0.005145939184205529;-0.008293981013654658;-0.006670590407501051
0.0052042449056094444;-0.0048330596359259905;-0.0010413073564088833;-0.0024491705269416094
0.00428941234655535;-0.0035234831000543368;0.005459667658681244;-0.00324695947271318
0.003938886589934021;-0.0026445599824743257;0.009363901777603564;-0.007589237759284348
0.004935576612014788;-0.0034616953424634832;0.011658862802223837;-0.012286649452086363
0.007799665295030566;-0.005767256678338536;0.014323254863382772;-0.015060009020840731
0.012368143893501118;-0.007718828700151967;0.017531573607711112;-0.01526151021791383
0.01761424674681562;-0.007229904148494504;0.018861958882369544;-0.013068246492303686
0.021859432302955683;-0.003906791717104548;0.015529836049835516;-0.008876254324805637
0.02334180148901332;0.00021554330632319704;0.007414754390903217;-0.0036913987457034385
0.020909957438322864;0.002057083458653808;-0.002326720026007802;0.00042468145113826335
0.0145217486174357;-4.979499002222333e-06;-0.009567737665598432;0.0012304441276453954
0.005313852838614915;-0.004686934872810481;-0.011821724795535747;-0.0016168468260326031
-0.004775475022355798;-0.008671307687501373;-0.008896379602533571;-0.005354179439219896
-0.013643571809907816;-0.009017631310633758;-0.002130207468475478;-0.005779960619561697
-0.019651980001109105;-0.005192090301480881;0.006162248250950767;-0.0009856928509706377
-0.022029658240089248;0.0006566597726787307;0.012943548420553298;0.0063643481245466045
-0.02095862110153673;0.005172213440488213;0.0154090891790403;0.010839969036872779
-0.017373711796273807;0.0058825732944631105;0.012551422592982064;0.008848954185864545
-0.012589584428484048;0.002517464777435815;0.005897861185044398;0.001960869992545907
-0.007901397252133764;-0.0031308332969344718;-0.0014434804779115502;-0.004008027170199903
-0.004287466012788279;-0.00840961097167436;-0.006639916723186843;-0.0034706218293630783
-0.0022742087486764375;-0.011127378652909393;-0.008457252267174633;0.004393298950503498
-0.0019451939662750745;-0.010312943920788045;-0.007352438328312797;0.014529353009146583
-0.0030356509832978385;-0.006329745393635236;-0.004647477190470189;0.019303502080030895
-0.005058036270781728;-0.0006108809886888836;-0.0015775857611796823;0.013996389607607487
-0.007426013861608344;0.004789656709215701;0.0011379510425128015;0.0006000337331384982
-0.009562545137982815;0.00783498195538708;0.0031337962243666146;-0.012997736836540168
-0.010988313046531363;0.007309215347546325;0.0041101760942572;-0.01818876695938314
-0.011390230716748493;0.0034881607642125102;0.003852167931307626;-0.011651333066774561
-0.01066746538554258;-0.0017934483870585063;0.0024994178726830034;0.0022076102308823346
-0.008947510257900472;-0.00590577400397238;0.0006803999245610287;0.014264613703061414
-0.006562094702731887;-0.006702139748039102;-0.0007375864176935321;0.016980833467590956
-0.003975692686690812;-0.003593446161892306;-0.001184329865605036;0.009456660776052722
-0.0016700797932730756;0.002208144079163042;-0.0008488297499584104;-0.0022374670410420794
-7.337503390580306e-06;0.008369289796802917;-0.0006519610851748775;-0.009496290606016486
0.0008851886202190796;0.012562842018781861;-0.0015759554477842459;-0.007178866730923253
0.0011574589223779226;0.013389446375435626;-0.003738116561830935;0.002981256712296844
0.001178131834080321;0.010727136119243488;-0.00597751437722354;0.013826705481665274
0.0013911897116676809;0.005558574401275381;-0.006447068876033208;0.017895237654573643
0.0021454587044677847;-0.0004786922108925369;-0.003887578454775901;0.012423201472826837
0.003565231378921535;-0.005616226968006255;0.0013328090690012755;0.0007479375004615632
0.005507463347195405;-0.008438704177243024;0.007135430856720157;-0.010436624941238119
0.0076159302115569785;-0.008254232726559473;0.01062982452417522;-0.015465547060897186
0.00945382328642345;-0.005305924078487065;0.009515492118409857;-0.012577563196224583
0.01067138509751798;-0.0007915499257324925;0.0034026602007095354;-0.004010117971874881
0.01113961600360928;0.003389592772381008;-0.005554577419473315;0.005681879944600782
0.010977025368637549;0.005261670526849797;-0.013295361277680648;0.011462147536128647
0.01044542464396584;0.0036822899441305798;-0.01581149512584144;0.009278827821764002
0.00977676742601677;-0.0008894748261108419;-0.011440964128574843;-0.002238117302155798
0.009045229995476425;-0.006339911083250421;-0.0019290557733569126;-0.019790279843650924
0.008164399359367872;-0.009810808366144431;0.008592046339557126;-0.03499778309840968
0.006995080500101167;-0.00917109658985512;0.016030042350783764;-0.037945231517392305
0.0054740464690052676;-0.0041686905589792805;0.018489657836169536;-0.0239786019250578
0.0036746070437988017;0.0034800684279806186;0.01681858880020696;0.0012976449045735534
0.0017745425739544773;0.011077527628304967;0.013474734136931524;0.02404524448720942
-2.698453923913714e-05;0.016277801597528313;0.010713519003236995;0.0309382580114407
-0.0015856017346363531;0.01791182711664253;0.009265422018970584;0.01828604588933456
-0.0028496429138155695;0.016003005011067956;0.008254733667988342;-0.005394345976654778
-0.0038571242066287614;0.011295176529798542;0.006435464753728155;-0.025123637181145346
-0.004699052503018019;0.004740930360915829;0.0038189114651413867;-0.029163825168787967
-0.0054589407561242516;-0.0028581082089048967;0.002091961066518887;-0.01591763246626412
-0.006149164292821658;-0.011004661028058823;0.0030757084765393166;0.006198999836321931
-0.006678459039679015;-0.019320157050022515;0.006462833586335447;0.02498019353531064
-0.00687975200398002;-0.026991382610816704;0.009067661128141686;0.03193938851501514
-0.0065952439022329305;-0.03226350242242635;0.006640772758693845;0.026239508214596502
-0.0057777723793271335;-0.03267403248116821;-0.0028803961865379235;0.013371219213259995
-0.004554523423497159;-0.02628369075923946;-0.017063354786981927;0.0005783027903683458
-0.0032192122704391025;-0.013236159720071779;-0.029515895080425757;-0.007393190509237686
-0.002153390291480973;0.0035238722663014396;-0.03337050428548657;-0.009807977830439317
-0.0017054739608617804;0.019082512196073768;-0.025687061092842876;-0.008746077003140318
-0.002071513500836215;0.02862216345790487;-0.009705645426751515;-0.006840462132198469
-0.0032240993583956346;0.029619582793519235;0.006844904722331615;-0.005548715658117429
-0.004919082593242668;0.02298791590746226;0.016263928459220017;-0.00469096253246109
-0.006774963310942831;0.01255457750158487;0.015065984234496538;-0.00324004433076737
-0.008385373286984436;0.0031558563367434485;0.005269136191846167;-0.0007346402400149347
-0.009413401032616717;-0.0016461481816196842;-0.007427901974034233;0.0018534615096848183
-0.00963644792767571;-0.0010263592830373931;-0.016922989633024767;0.0027269170588802246
-0.008947378612156932;0.0031719330815143136;-0.01957586757178237;0.0009714576825577327
-0.007339111248278971;0.00782133904358231;-0.015521034733669494;-0.002191207222517565
-0.004889655685723324;0.010264221968341111;-0.007984751958029293;-0.003932710711057747
-0.001746089520390153;0.00946519522162408;-0.000996131924976747;-0.0019890524637406915
0.001895107997429274;0.0061409325051624735;0.0030236922007478746;0.0031597962344315942
0.005804855489735103;0.002047192424389224;0.004056857115509267;0.008068041350682195
0.009729810227419469;-0.001079319421727345;0.0033286130917243076;0.008668950296501226
0.01339816407377998;-0.0023930306180919678;0.0016660999547595757;0.0035711059411158105
0.016534677791851478;-0.0022386585843850075;-0.0009177477928216219;-0.0044339709628473285
0.018887897497965923;-0.0017565728129170335;-0.004248634414815624;-0.010161344677336107
0.02025907490722949;-0.0020262896036319484;-0.0070013024179821776;-0.009918539491212765
0.02052075945419154;-0.0032871940315336253;-0.007051972118786195;-0.004393369055894401
0.019624443920321585;-0.004781490743107468;-0.003087247686567214;0.00188655256941887
0.017604595896758887;-0.005344499771743203;0.003988376868598637;0.004128738610704197
0.014579958846419707;-0.004294960924947886;0.011240811290083893;0.0009380880414797054
0.010743473585467221;-0.0019378059465809485;0.015458611806808733;-0.004861770690083178
0.006336843197647301;0.0006965202435720646;0.015082435808106847;-0.008691444494869131
0.0016221152242775862;0.002634930926193848;0.010901731182114878;-0.007786372072704622
-0.0031306164800645533;0.0035979019345997293;0.005249726654320149;-0.003093854820317906
-0.0076373396429595735;0.003952902702280751;0.0005389482454706205;0.0017383351053507716
-0.011599930210728835;0.004066347912281928;-0.0018307400945575911;0.0032971395670300272
-0.014738106688660232;0.003690798650851582;-0.0017671942239788124;0.0009848950977624754
-0.0168496026005104;0.001988944660395639;-0.00021120913598223848;-0.002634734047148087
-0.017860252208961563;-0.0017773638701744428;0.0013450165756167935;-0.0038867121541460888
-0.0178245323424863;-0.007420843324872797;0.0014485324289292062;-0.0008496855788201592
-0.016873639848462;-0.013479666154059619;-0.0006062362144046662;0.005060384932027658
-0.015148079450184988;-0.017618671264050097;-0.004246181916255101;0.009951299747877227
-0.012758661772095288;-0.017628356482875605;-0.007789859829052635;0.010252209640050913
-0.0097937724243104;-0.012576378892504465;-0.009439999382988933;0.005513175967014777
-0.006360539650808017;-0.003528473061542406;-0.008446955201408955;-0.000978184055058861
-0.0026331991718260084;0.0066494497537210135;-0.005529609161941984;-0.00450695027105761
0.0011186377968196075;0.014458273245921562;-0.0022583427948643757;-0.0024990402708003788
0.004542706372103705;0.017346163783989423;1.524429462711036e-05;0.0036218923732951633
0.007264754774162894;0.014831121718505497;0.0008263504103126956;0.00984470636713907
0.008983069940670527;0.008557279466182423;0.0005089328673192393;0.012805435609899704
0.009561948324205007;0.0013321141001993364;-0.00032929765989638085;0.01189219000083225
0.009078723279510831;-0.004228739132158126;-0.0012330745374652954;0.00873149761161235
0.0077906833535839595;-0.0066898628370840865;-0.0019950296089175073;0.005205980014909715
0.006027566687766829;-0.006026802832679027;-0.0025914839758378384;0.0021505460019132744
0.0040639708159709;-0.003262371321130452;-0.003203498566465106;-0.000415686566096667
0.0020484047151807516;6.235638389356395e-05;-0.004276270786271412;-0.002410014044371925
4.005661981944957e-05;0.0023308696365788085;-0.006307498487731977;-0.003410029008837777
-0.0018591152047616065;0.002244216297699004;-0.009240201494846249;-0.003248787921965676
-0.0033556427208839106;-0.0007656043467825622;-0.011868144159309035;-0.002688548163806149
-0.003909329677295975;-0.00620732220898803;-0.011955318876183774;-0.003209791857187587
-0.0028571888073198556;-0.012498910052679479;-0.0074010271741609904;-0.005736698223051264
0.0002799948128847066;-0.017378165206100304;0.0020681019062357363;-0.009207354339645993
0.005420779263460582;-0.01874777561401134;0.013911619570336603;-0.010406351798445488
0.011677069017228224;-0.01572471653776526;0.023625854710840555;-0.005844701658690968
0.017431162647522584;-0.009355023730648424;0.027300333136428222;0.005148025263716492
0.020795633247951834;-0.002316810140993497;0.02403372901169331;0.018482412292323364
0.020309096889928196;0.0025784604980470397;0.016098725563948906;0.02676998072007205
0.015554909781287622;0.004227733421813522;0.006878096275345;0.024092012928124625
0.007391739413925568;0.003955960052613151;-0.0011078877918490083;0.010900282155458213
-0.002321142446305789;0.004398654655410056;-0.006351354250677788;-0.005159185582152446
-0.011365194702784484;0.007369106966193783;-0.007661614476551104;-0.014070115928248814
-0.017879317450127385;0.012347424500487746;-0.004553148622070657;-0.010754392091826902
-0.020872013052080165;0.016676506580580952;0.0014656549021462523;0.0009885127685200898
-0.02037708191463258;0.017268601078537622;0.006831306089266002;0.01141094690400653
-0.017261721679442166;0.01261507617736179;0.00806369715321031;0.012384079720235105
-0.012821170047080686;0.0038014468342105812;0.004384953271601882;0.00346659235959527
-0.008345864877437947;-0.005984889842580058;-0.0016059858300444107;-0.008229343209722139
-0.004812057143036012;-0.013016211183553535;-0.005759599306832237;-0.01387546718120858
-0.002748414258951915;-0.014764461070299408;-0.005180180407447307;-0.009613506664536925
-0.0022394422085263528;-0.011016780646860421;5.262133784600201e-06;0.0009629158288691805
-0.003001960788704757;-0.003916274445345906;0.006962207265651488;0.00996037111182976
-0.004499676131925409;0.0030700213129160304;0.01211388606867598;0.011142880418250267
-0.006085059038836152;0.0067956662028274975;0.013281684861265061;0.004218076163394591
-0.007151275753324461;0.005918787494607409;0.010611472666282715;-0.005303532294897791
-0.007261382735323527;0.0014674650740663336;0.005964373731530113;-0.010167951972773053
-0.006224099083597208;-0.003831183961019224;0.001547732240217624;-0.006424830159667423
-0.0041057283552473;-0.007079951376932459;-0.0011622296522470494;0.0038211437004499202
-0.0011886203930950988;-0.006711931662152264;-0.0017189421336356937;0.013674904412155318
0.0021041918768209163;-0.003120230421035889;-0.00047191828620707306;0.015972398905406273
0.0052997722791610965;0.0018614049903569953;0.0017000062217375866;0.008233583414506775
0.007968723085037656;0.006189092176329938;0.003505168832619972;-0.005239779585909533
0.009812227073844163;0.008695421320405817;0.0034741708950711673;-0.015790670365471247
0.01072917402872331;0.009352531975269588;0.0006404488227366343;-0.016057594675246853
0.010840105516883282;0.00869707653353547;-0.004521164806001523;-0.005101646100402601
0.010445405538793433;0.007053947949369346;-0.009717213626360193;0.01069943471698639
0.009917307318484643;0.004300023157342727;-0.011801198053935437;0.021813259372574518
0.009558533871781374;0.0003543019340921282;-0.008875838110876232;0.02186256927791512
0.00948204307079938;-0.004160142330218249;-0.0021059851837013977;0.011555561214498892
0.009562061529030951;-0.007844008257421521;0.004415283175290756;-0.002430566488052514
0.009480194449993033;-0.009234236844832086;0.006089501014012061;-0.012421747772326483
0.008856121816738251;-0.00774437511624728;0.0009432425538217337;-0.01464161091846913
0.007418723833767832;-0.004094870137549381;-0.00884103612947434;-0.010625820794777993
0.005144698841040531;6.067969854857093e-05;-0.018057991110455487;-0.004918586034276615
0.0022878821816648865;0.003050265239384069;-0.02136730123157218;-0.0016777816430395603
-0.0007299305609771275;0.004085866425608001;-0.016105194108945124;-0.0028560327667504284
-0.003510168101646267;0.0036350640716082874;-0.003644905218098481;-0.008293161738469784
-0.0058344078250374305;0.0030439787806044237;0.011159935359486445;-0.016245670958431283
-0.00769227693585395;0.0036354056882855045;0.022167604178257198;-0.02352455939676121
-0.009175992083322817;0.005846128622168963;0.0248419590930515;-0.02616066406900205
-0.01032746985263512;0.008946151951721654;0.018431991604502204;-0.02153568419760032
-0.011048664972032817;0.011494459062856451;0.006224581169950941;-0.010812802303384123
-0.011132330919627868;0.012231607750386907;-0.00626385552341165;0.0008774675919970471
-0.010385405602765229;0.01086214849125006;-0.014082924683501414;0.00742729808268185
-0.008764342654049868;0.008219049026838931;-0.015126772149844203;0.005803205283012896
-0.006445636405875549;0.005659795404581041;-0.0107770236349797;-0.002051953245944083
-0.0037963449568734586;0.004098585616134926;-0.004624549252606708;-0.010807905837556522
-0.001261527394028592;0.0033998745705074024;-9.16839216951296e-05;-0.015376204292161652
0.0007743188825383406;0.002597064280032113;0.0014148928677781157;-0.013844419375193085
0.0020890163683289042;0.0007514098076481766;0.0006058376701573529;-0.007902724616031982
0.002656898515607502;-0.002216128355071825;-0.0010231989447602038;-0.0010274306145359637
0.0026240765684944867;-0.005329888937606523;-0.002510137323072952;0.0038073013496191244
0.0022480055125887167;-0.007116937317365969;-0.0037026478493855366;0.005256654600944275
0.001817875653080583;-0.006541226872716459;-0.0047685842863964475;0.0033435753124419817
0.0015699731465371673;-0.003785992705413016;-0.005810164306438646;-0.0011784260644075355
0.0016224392178382605;-0.0004904806823922371;-0.006875361786633796;-0.006896159701079746
0.0019588737922286094;0.0007560944447708945;-0.007953967146132218;-0.01145875944793956
0.002471356647921698;-0.0023554015022335902;-0.008673575482440972;-0.012038794280671958
0.0030374108944388302;-0.010279593965572794;-0.008098254414160748;-0.007047197100040812
0.0035813950534429617;-0.02054019486937838;-0.005252677427484275;0.002018298454879759
0.004080752859875298;-0.028146062823784443;-0.0002517460847133745;0.010593667347713009
0.00451312157388962;-0.027858707120368583;0.005062536455420423;0.013698390264600676
0.004775784675761646;-0.017348922214426563;0.00800521353954454;0.009506027429649764
0.004631521002435177;0.0007698985598670689;0.0070534393374952;0.0009020726160077947
0.003742014134760918;0.019692861447771944;0.003168654645008075;-0.006498543447449384
0.0018233051736625996;0.03180407158622961;-0.0010061129394143729;-0.008470850616042636
-0.0011169897397163698;0.03262138944245593;-0.0034668300395109745;-0.005092473208126049
-0.004584327514982524;0.022841730214514595;-0.004450279987584759;-3.145299632582802e-05
-0.007587707782843969;0.007443068441294308;-0.005701364436787351;0.002959673994540113
-0.008890757868889295;-0.007217165028477423;-0.008151385720784991;0.0030281505734466325
-0.007474623931002874;-0.016382680440574095;-0.010448016121660799;0.0022596055591260224
-0.003041361573391369;-0.01848477482919392;-0.009916656446511699;0.0034157983718202294
0.0036775635227534334;-0.015006595785322416;-0.004925201965808716;0.00772101132295522
0.01100125901687357;-0.009200396909377849;0.0037626094899174465;0.014122456137363714
0.016808533438351005;-0.00445583250551626;0.013623702624547486;0.019875836486850637
0.019306474453078763;-0.002883747472484574;0.021771429973817022;0.02185521472396764
0.01772695771281213;-0.004522707100817927;0.025793044823994388;0.01821029083622208
0.012623942446407813;-0.007534915780640227;0.02426188776335867;0.009821092793927943
0.005640309905577678;-0.009383150038469679;0.017530037782390262;0.0004830231824612343
-0.0011249702678785267;-0.008328450230448233;0.008111052044801236;-0.00503797384381451
-0.0058562101179451915;-0.004344557934674071;-0.0005053291515069758;-0.004305606257893075
-0.007574350932675461;0.0010122425861883726;-0.0061015901944305164;0.000738900468805065
-0.006332499189333605;0.005557600522640921;-0.00891849770379529;0.005146320533633205
-0.0030449170870697376;0.007614875601759849;-0.010571023846877409;0.004905942219985008
0.0009246257879966235;0.006701781224426017;-0.011971987647955616;0.000149469400003289
0.0042270791411334625;0.0035263510374467975;-0.012487800427380204;-0.005003181904095197
0.005878479163758453;-0.0004746174856178632;-0.010997675315631712;-0.005695958581610683
0.005415403334228453;-0.0036503071630440294;-0.007551389009928424;-0.000168743428266786
0.0028734966341932436;-0.004525631475502927;-0.003963935413987501;0.00857915999171444
-0.0013348295552642589;-0.0021886035667021972;-0.0028082795330154928;0.014498992608985593
-0.006567909111213034;0.0032070991212965107;-0.0055583443585733765;0.012476470986182207
-0.012086676572666552;0.010045596175742102;-0.011258988455451879;0.0019015553448718402
-0.017163766544889266;0.015454630039537367;-0.01683036348317967;-0.01256968466402586
-0.02117547554801689;0.016379159772723303;-0.018988040944616934;-0.023534533509761972
-0.02367612934643764;0.011118345166529731;-0.0164270588143862;-0.02505576705404786
-0.02444576215549921;0.00042761991491561355;-0.010569665526978906;-0.016092989968272096
-0.02350266337831198;-0.01252609466480013;-0.004305816705926884;-0.001235642872032111
-0.02107949535079872;-0.023356552659710924;0.0002040001839499333;0.011706775055515753
-0.01756644722480083;-0.028168666525009677;0.002895847938973141;0.016035991383413654
-0.013425308199015702;-0.0250345381304442;0.005361200816584304;0.010044684586673186
-0.00908227392301801;-0.014758015653967888;0.009156125873505824;-0.0019391367934597954
-0.004823494555448612;-0.0007403688496471119;0.0143251258302545;-0.012294755674547981
-0.0007386305393559286;0.012095870150168605;0.019166023211845382;-0.015175691525042122
0.0032434702092085416;0.019167230424798055;0.021196185979478817;-0.010494443678467266
0.0072265084396009255;0.018279199104331248;0.018653686907683126;-0.0036955123985386194
0.011190220471629273;0.010834515572911105;0.011746628635685903;-0.001137438454063067
0.014900572967900495;0.0012862206280091289;0.0029141340922099125;-0.004610140409996491
0.017942784113463964;-0.005139156654864622;-0.004211456469151478;-0.009670562301843126
0.019854709011538355;-0.005208650074239833;-0.006629905082459604;-0.009401349143913102
0.020288640834925504;0.0007496384731612765;-0.0035507391021074182;-0.0003085088226516646
0.019139299265586888;0.009372236898145318;0.00313591387526335;0.014798267736037003
0.016605743285717157;0.01636299340916399;0.009788796003955122;0.029014870954690804
0.013163052547815997;0.018760904924170686;0.012929069882800074;0.03604006308739553
0.009426287642678572;0.016156474081349133;0.011061408317817555;0.03328020768116442
0.00593591303389417;0.010522832930486935;0.005320013842153892;0.02190319297800714
0.0029615670416114795;0.005047593581400811;-0.0013033077943198162;0.005564785568646909
0.0004399253344417334;0.0025459594511986496;-0.005568159950958527;-0.010348940833741032
-0.001905769160413037;0.0040427947115862905;-0.005679187425486968;-0.01950637062869185
-0.004332417351659646;0.008187992205590723;-0.00233251103548417;-0.017063745572224603
-0.0068740753168131516;0.011981386413896193;0.0016396366966648962;-0.00321491292039834
-0.009289632870624075;0.012533608911032017;0.003140576237107512;0.01533172307649571
-0.011178221818590047;0.008762435219214385;0.0009780487093025254;0.028435696972668578
-0.01217875010334726;0.0018852920561255816;-0.0034441177801824816;0.02874092025077312
-0.012137376697934701;-0.005515218174533393;-0.007459220810153102;0.016517502832311473
-0.011163335678070837;-0.011034314328229355;-0.009194028232991851;-0.0005402106720649988
-0.009561325210301973;-0.013523650860849388;-0.008551265876399915;-0.012404018758578876
-0.007689557760064605;-0.01320348476516565;-0.006578186059867862;-0.013078188229733547
-0.005820760269627596;-0.011042826450447098;-0.004231487567299149;-0.004002927232100032
-0.004070125847975848;-0.008010704020653145;-0.0018488178040760273;0.007506694616189405
-0.0024105262012256846;-0.004710865213231286;0.00039831770287245786;0.013456722152316535
-0.0007466952523921669;-0.001518217612938775;0.0019232924789112733;0.010395749202736698
0.0010045997133825695;0.0010884083936741557;0.0019238707954535366;0.0011879496597881991
0.0028681620733967293;0.002446909699489594;0.00029907799830404574;-0.007671733948389556
0.004802682737520669;0.002067983532751346;-0.0017309894318849994;-0.011020786919756631
0.0067139571809149146;0.0001422508256459817;-0.0022297709356212496;-0.008470247676941153
0.008475281203125469;-0.002318345866508504;-0.00011943025549781418;-0.0038366479499000834
0.009953980204821668;-0.003962986542477244;0.0036815051033664632;-0.001399327650775512
0.011041950559174478;-0.003919594481832805;0.006779337729242799;-0.002351211785906633
0.011677454119119008;-0.002320579630338046;0.00719918696731357;-0.004337229479847622
0.011845383452867994;-0.00010558176261309697;0.00503404307505258;-0.004054442333003672
0.01155942910665669;0.0017398221541106193;0.002408289773893877;-0.00031039336353907743
0.010845539076560384;0.002864173958114317;0.0017884053443564076;0.005079740466987274
0.00974267775646098;0.0035760699727695714;0.004056051805892526;0.008981094618399486
0.008315801413368799;0.004253857507818397;0.007874960940688612;0.00943311894665004
0.006660057944532116;0.004761249149698758;0.010730091160322513;0.006785516765198516
0.004882403957983827;0.004464873968741116;0.01067326560729187;0.002788620820755671
0.003069513022871711;0.0028410313505569;0.007439150040982332;-0.0011842362797244842
0.00126559065235871;8.633713981706981e-05;0.002347974014888525;-0.005007528192932048
-0.000523214742056762;-0.0028379259932166073;-0.002617753331046044;-0.009083671101765766
-0.00230092683704441;-0.004767178443344339;-0.005817400976731425;-0.012976802305542066
-0.004047766655072773;-0.005044848163633048;-0.006528385600888421;-0.014951391354016873
-0.005698518437782004;-0.0038692941169109203;-0.004977053851793128;-0.013064125454799215
-0.007143824044830416;-0.002077712244518246;-0.0020120288512125916;-0.006954519574140564
-0.008253131787066374;-0.000566806090077171;0.0012559269159046127;0.0012670954044350002
-0.008906336456974482;0.00022594592145114056;0.0036562153081537672;0.007999775951024449
-0.009017356672651527;0.0004409051238312618;0.004137616277032656;0.010448651206565776
-0.00854165943281521;0.000497887357509643;0.0021812487277524085;0.008482746854551065
-0.007474042017828156;0.0006726890480467726;-0.0016493378089282938;0.004484105630661492
-0.005850156062133729;0.0009036871060275471;-0.005573107102625689;0.0012454764894023638
-0.00375989666622664;0.000963319943445194;-0.007335092451957123;-0.00027872827066505396
-0.0013672270882800373;0.0007959409574197269;-0.005589877605276987;-0.0013860057146356756
0.0010820008437100502;0.0006579974006845787;-0.0009939484819909336;-0.003920644145571534
0.0032850114082599194;0.0008799526085290352;0.003928928910293229;-0.0081415751213095
0.004945361878671227;0.0014602947055594498;0.0062676527574433505;-0.012183256943159306
0.005853736101120433;0.001908172986572663;0.004599258916823971;-0.013573500636626917
0.005949406203233313;0.0015392326599271615;-9.7702459175938e-05;-0.011398100066240759
0.0053343785012033755;6.808614581459334e-07;-0.005147007768607083;-0.0071773249779547126
0.004236960412282998;-0.002418266048660317;-0.007910348376798234;-0.0036814631728818055
0.0029418525163917085;-0.004946515939447314;-0.007297049241128915;-0.002718495344390446
0.0017114361553533693;-0.00682298599837887;-0.004159577629658934;-0.003804550540685275
0.0007223642935801045;-0.0077299193983434485;-0.000556729345244779;-0.004773405851159619
3.708878410290581e-05;-0.007848709251766547;0.001512943314791039;-0.0036466763214691067
-0.0003812249348306745;-0.007536747105310229;0.001176932651917527;-0.0001560618562124484
-0.0006209658995312813;-0.006933971154518139;-0.0009553778985587;0.004138913835043535
-0.0007683565053857431;-0.005848614887145463;-0.0032666904163931617;0.006988624170175318
-0.00087399780661481;-0.004003895205517426;-0.004138139458275079;0.006925802516085766
-0.0009490176796152826;-0.0014003349815661938;-0.0028960262888980486;0.0041258312665037
-0.0009822301075095724;0.0015391988230758125;-0.0001246279522218196;0.00019587533199782081
-0.0009630041453562203;0.004163983711225575;0.002809414954140574;-0.0028626865886671434
-0.0008980007549692972;0.005959447958852964;0.004618905037865394;-0.0037603589344537415
-0.0008162701239984775;0.006798545444613164;0.004735591831351922;-0.002409558531564047
-0.0007619881890844422;0.006922703344095638;0.0034124360262494297;0.0003207582480776749
-0.0007772256547452017;0.006701819980136528;0.0014096146993461394;0.0032064921703505974
-0.0008801890677285845;0.006349676183804347;-0.0004234134410234275;0.0051872755383987725
-0.0010480494507907152;0.005773286795214939;-0.0014485221578683291;0.0056211149179911084
-0.001215983473232738;0.004650052162687414;-0.001381478774285609;0.004346203708033358
-0.0013015934447372084;0.002704233396734738;-0.00033879154040816187;0.0016883207972189557
-0.0012533781952399313;3.588929117427263e-05;0.0011670048597411658;-0.0015505402408944266
-0.0011047015752561915;-0.0027131409892151865;0.0023222442096310298;-0.0042221750452182474
-0.0009986098216797827;-0.0045380770579434935;0.0022821093387069826;-0.00519180389880242
-0.0011465575131532671;-0.00461380797377338;0.000631811088498852;-0.0038656340394457255
-0.0017064968505747403;-0.0029768460186825833;-0.0021229544855290495;-0.0006006528232879981
-0.0026126483694353733;-0.0009304877328361127;-0.00437241805460948;0.003310015035309735
-0.003442475128568629;-0.0007630359862917836;-0.0038646176727335285;0.0061065570143411475
-0.003431951528098265;-0.004648304273743957;0.001121146083009859;0.006197013421106909
-0.0017133075523285601;-0.013100780248874302;0.01031223288051926;0.002638034199048923
0.002258952345197567;-0.02386280883065813;0.020600032994579815;-0.004618430917117963
0.008264950454454014;-0.0322245663995551;0.026836178495612616;-0.014603618171698949
0.015108030037907732;-0.033161332900590146;0.024559582443671506;-0.025261421247033233
0.020826219549293524;-0.024383021823701813;0.013321961278055554;-0.03357085144705602
0.023324647474248828;-0.008284814169203287;-0.002054029822369076;-0.0362487424889462
0.021189209533142492;0.00889170110130625;-0.014028639590676868;-0.031247525170580576
0.014305507744072654;0.020433646568445825;-0.017213565803805727;-0.019335755912192647
0.00398042741106706;0.022843640278183548;-0.011703050316903864;-0.004265842104548451
-0.007488158874940048;0.017417343296311637;-0.002411140989153077;0.009103775963231931
-0.017585473501929495;0.008885681931958041;0.004506904549453711;0.017340461757068024
-0.024360345135839692;0.0022506036806766;0.0052614463806565795;0.01955132144619098
-0.02691936991870557;-3.6015510475894445e-05;9.811645211936028e-05;0.016626732031367837
-0.02550275108252618;0.0011706323128734047;-0.0072798831624148585;0.01000108888947624
-0.021189936263327894;0.003183105509574196;-0.011950107890238435;0.0013004901522211403
-0.015408354231763966;0.0038119191285694654;-0.010666539571705583;-0.007167350088041771
-0.009458236192598196;0.0028047934926802797;-0.003939786778853178;-0.012224931510110715
-0.0042176023724549575;0.0015965594151292138;0.00418426274052317;-0.01096590093958156
-7.970643997776855e-05;0.0019009314314753565;0.008821155028631043;-0.002989528231354354
0.002938166309475647;0.004326095120665297;0.007563146696009347;0.00807911643939884
0.005028161271854518;0.007887993189068406;0.00186877955100813;0.015839596844712894
0.006457379573978072;0.010544284815797745;-0.004411119692537297;0.015161075754046013
0.0074926999894437026;0.010298199151373255;-0.007943685698216749;0.006237654844421924
0.008362966947325214;0.00625554541771687;-0.007900773701639672;-0.004847757146124523
0.009227104715005973;-0.0008349410246644941;-0.005755769244669443;-0.0100778184457508
0.010137789806895638;-0.008763950162224973;-0.00354451383153397;-0.005279880147835595
0.011014697292408416;-0.014711535583823305;-0.002295785678414662;0.0067035755323152525
0.011647373488467805;-0.016435586430368326;-0.001767557857486296;0.018007570634258722
0.011735577657141493;-0.013238755564479879;-0.001249630542637805;0.021431253498770394
0.01096075340544317;-0.006202474044141485;-0.0004431266273575614;0.015528745610757384
0.009076098324005718;0.0024035634964465888;0.0002736285254945034;0.005384406197940823
0.005998619150311142;0.010133266226775114;0.0002558926307830494;-0.0013762790426794908
0.0018772557018836194;0.015219051378541659;-0.000652067637900349;-0.0003512436199874924
-0.0028967201458849523;0.016927229773796255;-0.001587891255174076;0.006352543597529351
-0.007760696989628799;0.015460270592472214;-0.000983423798584657;0.011816132439524804
-0.01212205556185472;0.011660180460405787;0.0021829891991153928;0.009812506837819677
-0.015517522271413418;0.006696764824822639;0.007053187269374932;-8.249678668486896e-05
-0.017722248969208192;0.0017685149456462075;0.010784820460480436;-0.011863664056873623
-0.01876463951769149;-0.002186640108931439;0.010177640098530633;-0.01757391145421487
-0.01884943282568741;-0.004693320021255055;0.004024914020938058;-0.013378955733103609
-0.018229012049693228;-0.005751567391165139;-0.005603342467243956;-0.0024588555463593213
-0.01707846567639878;-0.005672302986689326;-0.014250513077826219;0.007439503093158702
-0.015429215819500445;-0.00488243375327545;-0.017678742509209103;0.00974248034487273
-0.013197446918559369;-0.0038178416312093072;-0.014518046764289113;0.003650143722379557
-0.010297965359958874;-0.00285023678923672;-0.007196675514750398;-0.005738919562243781
-0.006777845178674385;-0.002139972248250434;-0.0004141280447365293;-0.01155016116385886
-0.002883437694895445;-0.0014857216159629167;0.0019495420136885616;-0.010051302883891156
0.0009842783961588114;-0.00038916433004722187;-0.0007128339415749384;-0.0026513582087619707
0.004398063369554267;0.0015887661217870626;-0.005868959824456874;0.005920996515155607
0.007043282130481896;0.004389058168868129;-0.010367445549304091;0.01110069971055887
0.008804233517103176;0.0072597149042646445;-0.0128895688291517;0.010952665143929062
0.009776083954589577;0.009005629069003903;-0.014052939535692468;0.006581627374659117
0.010212350685212727;0.008630062935809254;-0.014515620529403294;0.0009172169216841079
0.010428517643181307;0.00603102816695546;-0.013542154524267094;-0.003244127737709676
0.010689093147913765;0.002252285008008195;-0.009732359314717179;-0.004853539133056956
0.011117243306629982;-0.0010240407726519855;-0.0030442352416362927;-0.004791302348437122
0.011664993008603035;-0.0025106554895486617;0.004208492504109529;-0.0045009288571028795
0.01215278215095233;-0.0021510809715197254;0.008656352205833913;-0.004413127750907634
0.012349889544345488;-0.0010951919470720648;0.008464668835163815;-0.003714509383398077
0.012055177512104437;-0.0007969075134452594;0.004908803585614992;-0.0015536307385920964
0.011153543296467823;-0.0019204949869850618;0.0014381262483218556;0.001732701247297819
0.009642158836689308;-0.0038949862337394796;0.0009510576381219858;0.0046800974088133055
0.007626984331753998;-0.005430679045252787;0.0036374565153650565;0.005854365095175792
0.0052915621833569005;-0.00555051687696334;0.007195160439789235;0.004792229293794984
0.0028456647037081394;-0.004311318099070918;0.009006378325713823;0.0018945825536312833
0.0004695751287724633;-0.0026873259412864272;0.008193232871842612;-0.0021921114780262332
-0.0017242767339294275;-0.0017927418632467248;0.005903483982860744;-0.006683571215127893
-0.003693261332623279;-0.002117863575924688;0.003999099939646911;-0.010189658146779183
-0.005428391289777307;-0.0033316170632268706;0.0035837427865188787;-0.010696078757525639
-0.006903371153067106;-0.004647724329821929;0.004502594741280748;-0.006756897959233968
-0.008043595291411647;-0.005328993782216152;0.005800709050685932;0.0008095993565244436
-0.008734927602610132;-0.004950492042798855;0.00642174383006674;0.008498960559404476
-0.00886238806767098;-0.0033896570161605203;0.005630748463243441;0.012053310708694228
-0.008349734953804575;-0.0007578539120219346;0.003213239469204785;0.009663853277484433
-0.007178128966672302;0.0025793906947015697;-0.0003124891957720636;0.0036954567461842617
-0.0053864765829998995;0.005977223227096244;-0.003591001055432072;-0.0009908061700986365
-0.0030718750723284565;0.008660638052753617;-0.0048839009413882755;-0.00100467694086262
-0.0004001145325742271;0.010073466872035364;-0.003197113655110707;0.0027993531824281738
0.0023858605835569684;0.010199647028848612;0.0006450765095769634;0.0062939973000608294
0.004982741495776019;0.009542311992339021;0.004087974555000497;0.005878280672284337
0.007079277591234495;0.008700640319555891;0.004434730526454414;0.001633119919994104
0.008428385214601047;0.007911805398142768;0.0008799190988770667;-0.0028920858455479042
0.008907372053929146;0.007026992300529908;-0.004706928429954485;-0.003876015338087725
0.008543603427614087;0.005931270945983096;-0.00903058418335213;-0.0004689084872567477
0.007503723884037912;0.004883801536262054;-0.009699541774986277;0.004677922262262816
0.006054930168909993;0.0043187923741283205;-0.006765692647934468;0.007804328687673772
0.004504380593845341;0.0042771884070111656;-0.002379913315649082;0.007057095561195723
0.003123590663013682;0.0041077593207835845;0.0008959007599721789;0.003591302818916542
0.002077003973769779;0.002841600993266475;0.0016755433302965703;0.0002083024468379413
0.0013859673583156659;-3.3999238979659986e-05;0.00022872640272103572;-0.0009057409888260467
0.0009511780332410814;-0.004075649699017528;-0.0021143968907500195;0.0005360154364502325
0.0006249041818512327;-0.008080403299136306;-0.003940778608285461;0.0031792167911041886
0.0002923131929426391;-0.010811292261228414;-0.004426965698635668;0.005134829638332384
-8.250204356686719e-05;-0.011714127884707846;-0.003452907435919545;0.00505455129796464
-0.0004629440614685326;-0.011167748193257327;-0.0013653186352598939;0.0027436984000129764
-0.0007820245203697279;-0.010160989119701853;0.0012473367212873557;-0.0007911294494676887
-0.0009879483898720023;-0.009626464628733419;0.0036158125073957096;-0.003837251606557876
-0.0010690332769280621;-0.009825492106749071;0.004845605331412079;-0.004820758055274874
-0.0010532191280685434;-0.010150906452726165;0.004211395000532947;-0.0031122980949769177
-0.000992582723383465;-0.009509580768539583;0.0016745698310375629;0.0006132303984980875
-0.0009460718262852464;-0.0070941293164787965;-0.0017819924181396787;0.004665989137487148
-0.0009663877631357034;-0.00303962017321842;-0.00447611567839646;0.007153158596930131
-0.001089036314229106;0.0015121604627150393;-0.004990036650185101;0.006875933897151098
-0.0013217237057954827;0.005006733772456742;-0.003117618274489135;0.003822465603588768
-0.0016389947137660178;0.006343188807292156;-5.253736328146247e-05;-0.0009046115125747345
-0.001989141730832607;0.005481150902416298;0.0023328200821868734;-0.005526550695492649
-0.0023124794535202267;0.0034515121780853203;0.0026205872653219816;-0.008205009314191576
-0.0025611325078125804;0.0017862817067842971;0.0007063732762499662;-0.007807183843227077
-0.0027103952865339363;0.0016887519274566012;-0.002086678893584357;-0.004620549234971767
-0.002758312434604081;0.003384778624772613;-0.0037217960085728368;-0.00048778196176827473
-0.0027166960487560576;0.005987152256661;-0.0026611360262051263;0.002048147257071068
-0.0026006831759966278;0.007931693103846895;0.001060651023950069;0.0012907081440910835
-0.0024238683631091526;0.007751406365578118;0.005618839751177522;-0.002387779825143216
-0.002201244860111325;0.004798929487087316;0.008407084783089762;-0.006651827964025732
-0.0019553828959939616;-0.0004243448610298285;0.007766258129400351;-0.008707719793725264
-0.0017180956128728083;-0.0064665192619119145;0.0041330213757709575;-0.007134907989409941
-0.001524121563957858;-0.011520976121383102;-0.00037292751512449466;-0.002686264676436172
-0.0014014800463758254;-0.014105077595516026;-0.003535728251281842;0.0024398969012169734
-0.0013660677039121388;-0.013527256189480627;-0.00443394360123101;0.006176713010214025
-0.0014224832933829432;-0.010044236476591034;-0.0036342648570418913;0.007816060357274522
-0.0015661499445017981;-0.004778638087088683;-0.0023081220913063385;0.008063185632059499
-0.0017819413913805393;0.000535445312600237;-0.0011428998404435283;0.007979853006904694
-0.00204157231323245;0.004004813693453295;0.00011666969537222029;0.007697481903181525
-0.002307823458631765;0.004252494422863327;0.0022222789789751217;0.006031767822383343
-0.0025502608783309873;0.0011592517830670262;0.005442612775496263;0.0015647706599601937
-0.002765387341715685;-0.003732796232801864;0.00881847870829121;-0.005437535366412644
-0.0029862136896460136;-0.007606290299271663;0.010376026881376834;-0.011961495441301354
-0.003274083538359521;-0.007639874810227951;0.008438095594302511;-0.01349523184705141
-0.003702582750927371;-0.002607701831243731;0.003217195798754785;-0.007196415508919267
-0.004345833950260853;0.0061954665646122824;-0.002716337300095691;0.0054092461128063965
-0.005264207220945289;0.015410502039342099;-0.005860851766514477;0.01861001165075511
-0.006469864088884924;0.021227841000432807;-0.004248151949729734;0.02579772017473976
-0.007879519087459192;0.021188836139052286;0.0010111148847443074;0.023681470320648712
-0.009293593403390069;0.015253791664839606;0.006461858983899209;0.01451621552197219
-0.010431339991393493;0.005789718866201518;0.008854861800193266;0.004655213446643552
-0.011008197465942;-0.003394305818445633;0.007528664652106003;0.00012755368814806748
-0.010811713923852764;-0.008610145369593909;0.004697105036800548;0.0022806080897230002
-0.00973655834899627;-0.007888239584895868;0.0034292819696726535;0.0069603579221372705
-0.007767394287007851;-0.0018878223702077715;0.005045445201232216;0.008124878681908233
-0.004933253856892353;0.006387503794696245;0.008054953861738557;0.002984836666572495
-0.0012762135248297504;0.01298373575848906;0.009420946681195239;-0.005667632960070394
0.0031337168194970314;0.014852100787957427;0.007139707665496985;-0.011850764339826075
0.008138729723225789;0.011285811514329417;0.0020920523691653242;-0.011351638905056437
0.013425805214538102;0.004197234706307233;-0.0024721229223616512;-0.004997696860338015
0.01850880977713669;-0.0029836869424373523;-0.0035516511564887884;0.0023927061314566434
0.022803888908004378;-0.007237304267509787;-0.0008374382876496846;0.0061603192991142395
0.025796349912174128;-0.007594402652193915;0.0032524740722312704;0.005248300318017218
0.027242874428375606;-0.005486281262900848;0.0058695201690502664;0.002122084584786227
0.027317310147388602;-0.0035847939869285187;0.006100695241547431;-0.00023437044063018741
0.02660763569865991;-0.0038814039548350724;0.005259467823374495;-0.0011400479151409723
0.025913887910386176;-0.006283947255198718;0.005026210130760608;-0.0022992464073419558
0.025880306385522626;-0.00870769827743995;0.005320033584787793;-0.005357783796042562
0.026595079453692338;-0.008636022030926341;0.003993522105412268;-0.009514451251775708
0.02735627978030807;-0.005086033651492819;-0.0012040957560070363;-0.01171473672464132
0.026778397780996596;0.0004360949284468782;-0.01013939356456409;-0.009523758371191859
0.023279762681720436;0.00479868973366038;-0.019766507172803986;-0.004062631878336548
0.015786725701284254;0.005462120574946253;-0.02624707955090942;2.3302935050084437e-05
0.004328122548559724;0.002427870920096518;-0.027618122135745774;-0.0019023273633945118
-0.009792059949669899;-0.001697705622376995;-0.02434344190869705;-0.010149880256933098
-0.024342123763241002;-0.0036619193376222596;-0.01769025022471415;-0.019431316472169183
-0.03686012812193447;-0.0019764077578266802;-0.008475751681259792;-0.022283571795117196
-0.04538495261240167;0.0020806615921529015;0.0021030012015810754;-0.014853042488087593
-0.04893820665039668;0.005471708733963795;0.01104136403717049;-0.0002929641673373475
-0.04762579010166642;0.005504622164971957;0.0142176021272763;0.013241040478013473
-0.04239867606167331;0.001517444476016645;0.00940832019704437;0.01842233828050457
-0.0346309388309476;-0.004865413648022816;-0.0012205622515843969;0.01372566741752879
-0.025707690747453483;-0.010830033889827048;-0.011804296273399035;0.003932852344349052
-0.01676324396848321;-0.013924589314659473;-0.016323195428256422;-0.0037124916327141923
-0.008602128661903815;-0.013125899071021959;-0.012322170353917363;-0.00460930254558178
-0.0017402631829595888;-0.009029279328234035;-0.002283154370673518;0.0003656642649339199
0.0035244915037850196;-0.003328694469557549;0.008070318319687774;0.006043225339654079
0.007069717779378924;0.0020056509451094134;0.01333069591929758;0.007164968287002579
0.008942026095308728;0.005463704342113625;0.01154596635606057;0.002430981237507196
0.00936405120830585;0.006395775678523952;0.005007498313391594;-0.004773708680774009
0.008723654361972314;0.005022726331000425;-0.0015772980434045367;-0.009535871297392112
0.007521984455398534;0.0021886083477091933;-0.003994270972099586;-0.009729963671259828
0.006277072709271116;-0.0009392938420149519;-0.0005575519469487052;-0.0077861940665806565
0.005404077728702865;-0.0031133441222677624;0.00754876938961967;-0.008466260195869246
0.005110163404616666;-0.0032528083322163367;0.01713142184214652;-0.014563408297234834
0.005345793153545681;-0.0008044249803208506;0.02431189686653827;-0.02400846139257495
0.005842432673678796;0.0038476740892210656;0.026014875257618558;-0.030655703271717575
0.006234782699720434;0.00921845498740694;0.0213322263006454;-0.028309352824151403
0.0062235835532010175;0.01309636054762832;0.012051181354058974;-0.015300944798176409
0.0057094833501384395;0.013424942860987816;0.0018009650505422287;0.0035628837004704423
0.004836746116074893;0.009301704533471136;-0.005790875622434425;0.019314153686336436
0.0039236485621380384;0.0015981418186802822;-0.008836750851207177;0.024212554686790944
0.003308887707370284;-0.007158525089256707;-0.007868544608967675;0.016671224440797678
0.003186181395948546;-0.013721356611844133;-0.005150940677327566;0.0021752265729022696
0.0035065297514003443;-0.015559058973342116;-0.0030473082610606725;-0.01055206276759982
0.003994964508102399;-0.012114060068889706;-0.0024385935579689638;-0.015248793339536151
0.004277084700689792;-0.005180279314552391;-0.0022727580545838923;-0.011446103722152311
0.0040612453985987215;0.0018750820901575658;-0.000644793456750706;-0.0033729665352295653
0.003288244167508795;0.005672856766615058;0.0032938321265310352;0.003931336223988372
0.0021631807114099984;0.00437389728191156;0.008035981394168017;0.0077584897773118056
0.001042319264533718;-0.0014924063596217412;0.010195641962327836;0.007990053670529174
0.0002378255748045403;-0.00923648858478447;0.006688156368748263;0.00546411361685439
-0.00014103457089958372;-0.015163793524953862;-0.002824599168248105;0.0010242310106411137
-0.0002181123027871132;-0.016234707017247555;-0.01510193793030425;-0.0037864420266957724
-0.00024640570983236405;-0.01147533813637703;-0.024979156863128182;-0.006129944984111208
-0.0004444254607266477;-0.002378062336603315;-0.028447911185353673;-0.0033098489251999707
-0.000872849562046092;0.007940845492649009;-0.024823152599644585;0.004564127027489026
-0.001416654316192618;0.01628099675831008;-0.016496251558419224;0.013576848809442446
-0.0018700620332256024;0.02065278410517043;-0.007021712204510265;0.018205922509103425
-0.002063316025624936;0.020696679661708;0.000590704596803314;0.015061645441454942
-0.0019547352023627164;0.017286670392967572;0.004555632152581215;0.0051650448868033666
-0.0016427591791701084;0.011835001503650262;0.004512264044158418;-0.0067062212993679255
-0.00130590809715408;0.0057834729846859044;0.0016640028819035677;-0.014799781515786458
-0.0011165643301107597;0.00043606790296264996;-0.001589583311670605;-0.015473185228070275
-0.001174664673537439;-0.003050467747180161;-0.002884288597101497;-0.008980781189798512
-0.0014803688426117696;-0.003821047989707744;-0.0013352677789389199;0.0008686840305840383
-0.001941135585955461;-0.0017179797425692122;0.001969363871253669;0.008938590131686222
-0.002404613024270673;0.002354690256480788;0.004890794779036256;0.011573742677245565
-0.0027114700942812825;0.006529587850969512;0.005832425978590295;0.008386374918456297
-0.0027539378163921892;0.008702155469622636;0.004734245635612341;0.002143081028603515
-0.0025123855644457503;0.007552201949289697;0.0028343497112856128;-0.002991887402205951
-0.002046519872293836;0.0032411245462602646;0.0016372785646781123;-0.0038444263254291504
-0.0014467965505389803;-0.0026508976958111606;0.001965718697237362;-2.7265363975792506e-05
-0.0007818002703954104;-0.007896173238320816;0.003575526109462908;0.005848976767860029
-7.85201257192589e-05;-0.010655799365531921;0.0052946891636997916;0.009814827827774307
0.0006573294377817937;-0.010270338890930333;0.0055426155806948835;0.009163805922577675
0.0014060597302297444;-0.0074766456813132945;0.0031787444052478447;0.004337817800808579
0.0021153573728818404;-0.003980845368608109;-0.001544221617062465;-0.0013776061743974457
0.0027085848143020086;-0.0015784943541682524;-0.00655943468746245;-0.004299872329183742
0.0031054135283324993;-0.0012503226309785243;-0.008791009627766619;-0.0031437747359402495
0.0032364481475210347;-0.0027449559738661473;-0.006104521135887695;9.108318098633533e-05
0.0030505184698178056;-0.004919962887762248;0.0008585447187745762;0.0018905196227597216
0.0025254422482020276;-0.006608995668039378;0.008592612482730324;0.00011782826605052742
0.0016837835261592495;-0.007379906469121478;0.012825839695083245;-0.004413298243024978
0.0005999090656806012;-0.0076161079446829;0.011365176576989763;-0.008809330090087041
-0.0006131547915321597;-0.007894444814100487;0.005501536970170065;-0.010411789419868017
-0.0018309227238369845;-0.00822982150411089;-0.001055341123242886;-0.008597581207864264
-0.002941178380531005;-0.00789621954895532;-0.004774293781224161;-0.004832513453455428
-0.003853162756894298;-0.006051214589269637;-0.004431066993504806;-0.0012298661376409798
-0.004495863322382263;-0.0026684527190507313;-0.001354052149642319;0.001067833313944344
-0.004816928912407978;0.0010482744913811533;0.0020295513721691177;0.00239682575151214
-0.004789409796849513;0.0032306687609742245;0.003940045566840252;0.0037373376278682304
-0.0044217721840320075;0.0025804271538426315;0.00400561916214124;0.005470282575716967
-0.0037588690966344498;-0.0006049929318588912;0.0029026270681810394;0.006865314963309799
-0.002867427656753573;-0.0043996468097366225;0.0016209697233814393;0.006615801977072749
-0.0018138326647695632;-0.0063079657784506195;0.0009852252355859075;0.0038671127597720745
-0.0006484696942918992;-0.004776183745183145;0.001475059185122289;-0.000991110918732845
0.000596059542034902;-0.00024012295332561596;0.003149204461445223;-0.00620094454699897
0.001896074962707535;0.004928545669396078;0.0056415820628225736;-0.009286968930311805
0.003224878462197746;0.0076142930077253024;0.008284412402148915;-0.008255288690655347
0.004542937059082964;0.005722810732511823;0.010277634501948747;-0.0027542035824304543
0.005790704022156739;-0.0003804262783067393;0.010790316417037355;0.00550226169700524
0.0068819844512336935;-0.0076005133944405424;0.009086516000894022;0.013412703273046517
0.007697395593753067;-0.01140087461301109;0.00488928580415897;0.01800800817407305
0.008081968230680138;-0.008246049162095415;-0.0010747123386904145;0.017983335428032366
0.007855332673458216;0.002051206755675409;-0.006877068125034693;0.014293578347835366
0.006845197698639167;0.015617020368862986;-0.01012393538530855;0.009390962283108664
0.00494981469904342;0.026194558680337487;-0.009485584276183094;0.005548010655809045
0.002214253323625726;0.028432653691794204;-0.005899184580412413;0.0033460426203062053
-0.0011236965913672785;0.020821070117991478;-0.0022456421271552017;0.0014467733476266275
-0.004665102960200274;0.006461936234616196;-0.0014663370709169087;-0.002016631605772991
-0.007961744533480478;-0.008693373789253885;-0.004438914056427275;-0.007441581506686803
-0.010651267696749588;-0.01890923501213167;-0.009217076559787341;-0.012876695288728875
-0.012537885769344788;-0.0212206977150513;-0.012250499168083656;-0.015085974475826009
-0.013577666204155413;-0.01627544983877341;-0.010756828136423133;-0.011716831889525074
-0.013791090867882239;-0.007356439443646676;-0.004642655391999969;-0.0029907255005635815
-0.013167363403375942;0.0016086497854475043;0.0032158059297024578;0.008104513802056502
-0.011620819248929692;0.007882701654373893;0.008464489782745383;0.017135648008144343
-0.00902444435039971;0.010740387711290749;0.007761676015454653;0.020311619536062194
-0.005305366699268874;0.01112203412553777;0.0009172308147694153;0.01629222428135843
-0.0005574345620100888;0.010576684968576146;-0.008735930056038682;0.006868404873247447
0.004884576915082558;0.010200664177780826;-0.01619126443569412;-0.0038169377000188184
0.010452406566788914;0.01014460690943961;-0.01769209835728208;-0.011193386858316836
0.015450485060966345;0.009823671740312793;-0.012845960566569727;-0.012387931257620104
0.019248392197412367;0.008511104798372051;-0.004785109488050965;-0.00740801683521616
0.021511513219840107;0.005881986005907018;0.0015482587425287204;0.0011595201439619626
0.02237648803110879;0.0022861801724057725;0.0020959692626245285;0.00952946618074065
0.022448912878874093;-0.001270870180796176;-0.004006747583197719;0.014340907305934828
0.02254250034320763;-0.003430227755109346;-0.013904791543483905;0.013919142033353605
0.023215777420954493;-0.003047471861034079;-0.02270342350216493;0.008883781906951075
0.024326926901528406;0.00012060738824753504;-0.026112689258003155;0.0018187830434542545
0.02489026019284382;0.004961607719072259;-0.02217399471166492;-0.00414009011964175
0.02339744176547768;0.009201511170880715;-0.011484026011901228;-0.0072067106406871065
0.018506943331782703;0.010389516124425114;0.003183633859601959;-0.008010324501003616
0.009764043245500965;0.007255398821906216;0.017361264979581424;-0.008835473657462588
-0.002032265812898859;0.0005857542489962966;0.02623427387184181;-0.011408341653292756
-0.015002294168850558;-0.007047611892945328;0.027104494024612534;-0.014921308689547552
-0.026791610510718718;-0.012593591223675135;0.021229270341778964;-0.016190572003816874
-0.03531424207281216;-0.014057490637347594;0.012990371177103421;-0.012343242685868453
-0.03933291171777796;-0.011406276836075266;0.006843174371809212;-0.0039706119389668094
-0.03869921629407279;-0.0064247304555741305;0.004750868165817676;0.004322604696948064
-0.034232307243127175;-0.0016645071478087773;0.005960439985417986;0.006987773447653802
-0.027337711325939283;0.0009138045493766873;0.00844941312849014;0.0019114726607845302
-0.019536025248425733;0.0008567282962114635;0.01036378374997089;-0.007477227098985843
-0.012077645044815405;-0.0007607492260236882;0.010676867058602517;-0.014200037761454102
-0.005757167521321862;-0.0021122281063099225;0.009236850254844779;-0.01261034095401133
-0.0009323054270092641;-0.0016856313029155025;0.0065257231859934955;-0.0027609754788181498
0.0023402783241601222;0.0009194416062473969;0.0034008807217000233;0.00911407766298336
0.004165439014722393;0.004774029101051802;0.0010046275716158273;0.014826837306972127
0.004739231256580563;0.00800370893800152;0.0006625380689791866;0.010348186840362308
0.004350315071700001;0.008617059425070994;0.0033287444081152176;-0.0008788240881534618
0.0033981214613142746;0.005499013233577848;0.00858181662472385;-0.01021073208380168
0.002362087228180858;-0.0008373581787787817;0.014020363481138927;-0.010053638127852099
0.0016985742959667917;-0.008178598270396817;0.01603656320304774;0.000654119124499324
0.0017048790200200534;-0.01343934340450349;0.0118519262407387;0.01574346631569538
0.002423214218844769;-0.014125400747390073;0.0014091215143371165;0.02618637314052761
0.0036377192852649013;-0.009656414799255471;-0.012289367454511896;0.026177695853903015
0.00496519255402419;-0.0017113169179676269;-0.024535635036998696;0.01661547810299519
0.005997019231514001;0.006637885509970464;-0.031022963329568876;0.003850165290397848
0.00643834824692626;0.0124205334739783;-0.029668373244513494;-0.00496178113214617
0.006200715409947309;0.013990563517789744;-0.021427240963237174;-0.0064297933659889575
0.00541902177844758;0.011449780222528095;-0.009695616185196017;-0.002461320029258882
0.004384261187419371;0.006322462965689063;0.001450608766171665;0.001805621684540239
0.0034148083921209387;0.0008184704751421156;0.00913165011933658;0.0018188939119669408
0.0027178347187764096;-0.003014401759107881;0.01251939622600209;-0.003492489054696009
0.0022982215475875842;-0.004031087245283748;0.012365964423210857;-0.011365084635799909
0.001953950062246167;-0.002403247928293291;0.00986845847527284;-0.01714634680350394
0.0013675285436303595;0.0004816572164787356;0.005870392586084273;-0.01705012735367163
0.00026712269640446253;0.0026488643084906865;0.0009629000218115347;-0.01022542495267521
-0.001411119979695726;0.0024554813123752973;-0.003813271728858686;0.0006613650365284297
-0.0034532630623379445;-0.0006107670080760565;-0.0066371216385920015;0.010500419226371687
-0.005451530985075074;-0.005649348251567927;-0.005732511575748312;0.014179106384158166
-0.007008737862612796;-0.010730445681695932;-0.0009538818691955421;0.009518738390939774
-0.007937739335582039;-0.013747688352541108;0.005400234670479194;-0.0008037466297267477
-0.008323653043452426;-0.013341649700488924;0.009706282879495825;-0.009994069589099071
-0.008411011130557351;-0.009488124713039734;0.009401824641222389;-0.01106955840392109
-0.008401041456984575;-0.0034509763164249038;0.004644360580374435;-0.0020499639757546855
-0.008300966937718441;0.0029031443196221407;-0.002092996632732433;0.011617709552149103
-0.00791992068465343;0.007974588770149695;-0.007956385527519915;0.020326179338149834
-0.006997992997658455;0.010875599599176698;-0.011453909279857424;0.01748297067074379
-0.0053704900707337465;0.01129520383683362;-0.012714899397246278;0.004677428997128488
-0.0030656017561557147;0.009225245896711474;-0.012443564793674651;-0.00978202565860973
-0.00029740375855825545;0.0050030403000314696;-0.01086636928704241;-0.017567016066861705
0.002614076873466448;-0.00043252321428626205;-0.0077608621055450565;-0.016255305774365774
0.0053390378243673275;-0.005575026247362205;-0.0033965102769520205;-0.009777832489229232
0.00761282631757277;-0.008928515308495253;0.0008104492860329787;-0.0039979462671877325
0.009277785873569724;-0.009785988178149083;0.002884953590822382;-0.0019065842034156574
0.010289807011547386;-0.008573797411411293;0.001787078814749372;-0.002278614765193784
0.010692749738400205;-0.006440588960626967;-0.0015492656045697527;-0.0020140239855414247
0.010576336982887805;-0.0044057020397034;-0.004673102520714967;0.0005990416851214364
0.010040422708781317;-0.0027698288139785827;-0.0052651622480113305;0.004592406765518286
0.009178650517180954;-0.0012589407556701316;-0.0026443545335902044;0.007661950938082492
0.008077384130988751;0.00030188754230549384;0.001987989255457279;0.008441239585268176
0.006818220321337962;0.0014873410320985062;0.006545043775485152;0.007470161416175245
0.005476661411896213;0.001482268806383482;0.009332037066316306;0.006146408689645463
0.004116799738957287;-0.00014198799183274635;0.00969836364588473;0.004924162088237656
0.0027852878038916347;-0.00278465348070976;0.007928946964308695;0.0026573709990564
0.0015073494699989686;-0.004908328049405123;0.0048118587240942685;-0.002128174412851698
0.0002876446599844251;-0.004853439312671172;0.0012689755687732653;-0.009070630080959973
-0.0008798706531268929;-0.001823647089047078;-0.0018440950323202819;-0.015005087016782026
-0.00199294654415655;0.0035686980929282544;-0.0038023314561342805;-0.015577800245018186
-0.0030228454791024002;0.009494220240790052;-0.004077473757504293;-0.008636002691241132
-0.0039104733175716775;0.013732973180455696;-0.002607535691050239;0.0033118957727656453
-0.004579089105161926;0.014714967434067687;-0.00019690324628259242;0.01395565139072559
-0.004951464864703627;0.012211333652242176;0.001481879873521902;0.01719230126890004
-0.004959779771224785;0.007286704413226687;0.0007301697852623248;0.011418773995057864
-0.004550852610140043;0.0016207166928377075;-0.002869030890122835;0.000737575647277286
-0.0036981295384405748;-0.0032551154411859093;-0.007762942765194172;-0.008018746057443724
-0.0024232894458580574;-0.006337848829369505;-0.011146203728117381;-0.010172351267658876
-0.0008152587284949718;-0.007175666684415705;-0.010750694600564924;-0.006121784319618811
0.000969010978109313;-0.0058628968804147995;-0.00644935536857463;-0.00016282770325923794
0.002726648857185918;-0.003135072640692388;-0.0004703044258832396;0.003386636951887672
0.004245756326496444;-0.0003118970150831278;0.003985437871758558;0.003304961131041466
0.005344522057285799;0.0011916892754095466;0.004740469726982183;0.0015198644375773107
0.005902835106618074;0.0006403701326721632;0.0018298284286147237;0.0006916086040840343
0.005881575258986773;-0.001536019529135597;-0.002838440859236681;0.0018047834825451591
0.005327601713389564;-0.004023494911720569;-0.006860607153601577;0.0037083455953143686
0.004362964620772189;-0.0055331028310961145;-0.008644846207563795;0.004519003920791275
0.0031587224107207596;-0.0056629059908989265;-0.007923100877375777;0.003302802744053788
0.001898100900743366;-0.00508435513962379;-0.0055132297038135766;0.0006279281837305766
0.0007382343310200194;-0.004950266647044707;-0.002764822913996559;-0.0020924940967807074
-0.0002169672993002682;-0.005962948801011257;-0.0009883205887142197;-0.003559708956258321
-0.0009219781945995995;-0.0077514133630903915;-0.0009279670908616829;-0.0031467671224764873
-0.001373658050235699;-0.008994602206642738;-0.0023389049425594096;-0.001100393051640763
-0.0015893151682280305;-0.008234337583871924;-0.0038894826915881636;0.0013882800092842108
-0.0015950696349345875;-0.004862759069686602;-0.00364525078724801;0.0024347465942361484
-0.001427030159375244;0.0003521346530196322;-0.0001470881119559149;0.00034461467197659674
-0.0011355253320791251;0.005542514641015225;0.006376962559033558;-0.005131278520719925
-0.0007820903426555232;0.008653279375462413;0.013555732296036774;-0.012103530613972896
-0.00042598264133041547;0.008460430742970978;0.0178988494714346;-0.017260866643530715
-0.00010519404873587404;0.005145456171467046;0.01694659320610483;-0.017801551237669255
0.0001770148478050511;0.0001579410643333411;0.010995976387509437;-0.013233337427687857
0.00044771880083298743;-0.004500815787333682;0.002957403999729858;-0.005648894201636293
0.0007354425779512837;-0.007144327595043402;-0.003560150295140989;0.001687214114100788
0.001023562642056374;-0.006985429438030068;-0.006422616248800369;0.006292851822152611
0.001210403091612189;-0.004272154788748077;-0.005918126869582838;0.007602998744257475
0.0011121459202497453;-8.244705181403634e-05;-0.004110339029272667;0.006752834663306266
0.0005370946227366661;0.004049418383947016;-0.003267681449843821;0.005446732108635922
-0.0005738621656780884;0.006600679008115429;-0.004376423928148925;0.004781286896167921
-0.001996453232590935;0.0066061229754277315;-0.006511929285407113;0.004725545142001215
-0.003158549067546311;0.0041609083067628665;-0.0073718445706461785;0.004475370304018409
-0.0032546119954122315;0.0005851879759928203;-0.004756698791969798;0.0033814774519171182
-0.0015614743761030757;-0.002053331359664423;0.001726452943093108;0.001811491556189986
0.002141253175904322;-0.0020605536854940167;0.009867489758702648;0.0012600024671435197
0.0072480492192384845;0.0006227469990471092;0.01597403791568662;0.0033512293500739016
0.012318218867706829;0.0038890820178825464;0.017620820310095323;0.008159061507921393
0.015481689159358457;0.004367463139560407;0.015731870545172787;0.013166850331746258
0.01514518694443343;-0.00037730959575989117;0.013489454092849006;0.014242187386562313
0.010680429052783135;-0.009623657684032227;0.012704502132969656;0.008600804099040028
0.0027411130097000774;-0.019014404586457225;0.011636134040935473;-0.002246078336718506
-0.00695199834806883;-0.022661230598360626;0.00708872249153905;-0.012316512959621185
-0.01623369361884213;-0.016758587997339564;-0.001331495309254818;-0.01487379873910709
-0.02322089028892536;-0.0022877571940804597;-0.009667362590950936;-0.00782421820788865
-0.02684136504791428;0.015125507455508485;-0.012747259297978746;0.003680691373898617
-0.026998080624548546;0.028150920529985628;-0.008923634110866314;0.01035268065717718
-0.02438401030717938;0.03155712555957874;-0.0017975380133615426;0.005778739123573274
-0.020100747831656877;0.024583780810042574;0.002595937342262666;-0.008132968027453313
-0.015271745222302381;0.010829111547352775;0.000643075724483378;-0.021910157838811214
-0.01078425427799223;-0.003770483012132889;-0.0059251001011562995;-0.025375627491956324
-0.007192618085034372;-0.013539298338674089;-0.011338217396862896;-0.015524180131638296
-0.004728351482422557;-0.015162302879897059;-0.01026254724376283;0.0008945616935782293
-0.003339197049176965;-0.008736942031789173;-0.0018950628799953584;0.012410537639919433
-0.002724877239581598;0.002432927456978247;0.009427221776244311;0.011576885448902471
-0.002396080219390892;0.013254283595464003;0.017329917642194433;0.00045717711322601284
-0.0017925988514029781;0.019053323781905742;0.017761734717238065;-0.01130136700040059
-0.0004488179647864681;0.017695191307024707;0.011529210106361857;-0.013951427834339144
0.0018591257829082136;0.010513926527389235;0.0033649182076591197;-0.004782305951749361
0.005051700459145804;0.001404187176139679;-0.0015914711056136828;0.010159231353243672
0.008782603318791563;-0.005468866764805845;-0.0011292158700235845;0.020466105598898665
0.012532920276728718;-0.007917971691553281;0.0032548708813618897;0.01841458287269192
0.015718209104216476;-0.006562443448151528;0.008146505212385517;0.003944166005038614
0.01779577482008162;-0.0039128292950238105;0.010638467647142174;-0.015336145309822524
0.01837813223892073;-0.0025641980205930804;0.009638496088040913;-0.0288312047415203
0.017340717714944942;-0.0037557645400456015;0.005812075801080746;-0.029325582825459915
0.014880204518890015;-0.007025391506271015;0.0008716205538167413;-0.017144842497648777
0.011475404554229593;-0.010810848363082744;-0.003240767629427953;0.0003475793892593966
0.007743171171720006;-0.01334436960062795;-0.005160959556400921;0.013489813955229643
0.004242523335523544;-0.01329070227980719;-0.004729263883823211;0.016264491142607928
0.0013144159816656635;-0.010000446061021564;-0.0029857050981250007;0.009644346900564217
-0.0009758045009401412;-0.0035664288371886834;-0.0012932939797266143;0.00019144926125806475
-0.0027830431999572255;0.0051177663747173216;-0.00014477187650549847;-0.004970789957194933
-0.004352174599931162;0.01430547844827899;0.0012274879537350917;-0.003018017386128183
-0.005867481294213266;0.02156717949001622;0.0038824554259599365;0.003452313270450776
-0.0073364510291763045;0.024403345012588406;0.0076841604969846;0.00938503183859953
-0.008559141777349257;0.021248997915548507;0.01084600074342787;0.01127365325548902
-0.009210824125192819;0.012457337837621874;0.011110591446390797;0.008805582238021803
-0.00900775859642663;0.0007018923097985595;0.007580812844912833;0.0035857926576468345
-0.007863683077980148;-0.009610581372044036;0.0016760156666923997;-0.002736151579568159
-0.005935432337146259;-0.013966474297783584;-0.003510564002545012;-0.008730201826253356
-0.0035248621709638344;-0.009913653121083525;-0.005012629589693136;-0.012303346556686752
-0.0009074251218191769;0.0013194466433047688;-0.0017931584286470532;-0.01091036682448174
0.0017864281981123636;0.014933669029010799;0.004616642129991804;-0.0036630653549903783
0.004551699003014491;0.024710041952880978;0.01107656804837711;0.00673510445515973
0.007372850466505937;0.02611810119011102;0.014719535270179135;0.014895382353469263
0.010080638986533197;0.01851977652077584;0.014420572570440467;0.016486590389540152
0.012314184220829796;0.005189248654413986;0.010922388561810693;0.011756288102029047
0.01362402065114733;-0.008662244570263631;0.005826758388122192;0.005565999116145751
0.013654824316167902;-0.018507191534771168;0.0004937583503448809;0.003590609037693285
0.012298511012359792;-0.022299668452771444;-0.004290253657117709;0.007725236484577782
0.009739652782568936;-0.02072740357292081;-0.00791381116723337;0.014532231462243299
0.0063895166192332025;-0.016166307143911336;-0.009543055135660885;0.017999987382207035
0.002758347494581875;-0.011187727709547747;-0.008333754351549703;0.0142956680449216
-0.0006768026883682933;-0.007443655778932797;-0.004139318230009723;0.004714554168619244
-0.003568900220579063;-0.005307435053911554;0.001966774980700183;-0.0052985718791239336
-0.005743921955282948;-0.004195665224494992;0.00792373215445017;-0.010058937004900662
-0.007190173194192316;-0.0032516546398926732;0.011601645269117758;-0.007487572643481905
-0.008006734456976942;-0.0019973179215187786;0.01179070752212836;-0.00025826834273899043
-0.008330186091811917;-0.0006297044463966939;0.008650930399300769;0.006306808892985002
-0.008263934850496597;0.00015135871184991388;0.0034589609933631713;0.007917070181406112
-0.007837553295862163;-0.0003467651102404783;-0.0020733885496988292;0.0039636633255832774
-0.0070141862512658896;-0.002241261338132511;-0.006520611299265179;-0.0025479721915175257
-0.005740963174666648;-0.004761070700620107;-0.009253524746283553;-0.007416845040561836
-0.004016309378504476;-0.006437952453242572;-0.010606594423380007;-0.008037481465143234
-0.0019418958608064427;-0.005828568929820403;-0.011598400229840022;-0.004639184457791574
0.0002666071880954873;-0.0024334702338090464;-0.013216417217884196;0.0004749966359748936
0.002320550947405174;0.0027818937114513663;-0.015611237739620646;0.00467419067005493
0.003937876734933922;0.0077160899478357905;-0.017847142818703022;0.006393057293952738
0.004926498919531304;0.01020537994280103;-0.018591917586178976;0.005533599590693238
0.005235053835646849;0.009178297455715117;-0.017251857029327543;0.0030613095828446674
0.004953683333668042;0.0051604585625016665;-0.014483425254914022;0.0003083209649050256
0.004271098312508164;-0.0001232096361973474;-0.011588090418523938;-0.001611569255434435
0.0034086126873194727;-0.004710538957872662;-0.00945872348692495;-0.0021013879494447213
0.002554832969299118;-0.0073139629479266575;-0.008108406957256295;-0.001135455989756367
0.001820578614961363;-0.007703249044856884;-0.007035573519468026;0.0007951003514191833
0.0012264133189188702;-0.0064725195112348005;-0.00584076092529401;0.002829318505062195
0.0007242379696177864;-0.00448308513639395;-0.004509971213523693;0.004052001786832903
0.0002401413143285516;-0.002390022940767445;-0.003300426886110797;0.0038881227009968473
-0.0002838142991557637;-0.0004852331821192595;-0.0024814267850187186;0.00231641777587757
-0.0008675777923358886;0.001181860008445676;-0.002146545580779637;-0.00021920938458670948
-0.0014953334002646074;0.0026060580839856696;-0.002179823382542;-0.0030506868105440225
-0.002132833265208172;0.003733691788229947;-0.002363321082658296;-0.0054699167864646426
-0.002745925165568933;0.004522247956782315;-0.0025390754556884098;-0.006818095064978195
-0.0033099727902124033;0.005058558073476592;-0.0026986584401731658;-0.0066068874775691774
-0.0038072523546531893;0.005592289930877585;-0.002915214984765071;-0.004779388272996738
-0.004216824907079587;0.006406917361412014;-0.003152207558988296;-0.002021351839869526
-0.004506450053709018;0.007584454349357909;-0.003115844288474137;0.00019411335784270178
-0.004636338433937209;0.008832602834726016;-0.002362207871289279;0.00016575267921844618
-0.004577565292490945;0.00953712987557575;-0.0007138122883302743;-0.0029107592826896067
-0.0043352170884108305;0.009053031556956585;0.0013048267175888978;-0.00793813943860601
-0.003956913208184991;0.007065549956232739;0.0025313966444848843;-0.012062524748990526
-0.0035131312128458122;0.0038029297759020497;0.0019444511163671902;-0.012394639365785831
-0.0030571202009410294;-1.6630743744607017e-06;-0.0003799196813964286;-0.008323665375253027
-0.002591709526787134;-0.0033628424267186457;-0.003083311557082293;-0.002466582690636408
-0.002068496901444145;-0.005422336880025354;-0.004498382240107579;0.0009628665919919606
-0.0014215986387359234;-0.0058497542464018455;-0.004045281619491896;-0.0005855382689611433
-0.0006134219780543002;-0.005095192751096336;-0.0027740127496926953;-0.005726917940275934
0.00033610371755649695;-0.004268397976765919;-0.0024536547484560163;-0.009949626414610602
0.0013505585736942262;-0.004539563990896064;-0.0039573444620051215;-0.009128582367591216
0.0023217537970365845;-0.006315030795085197;-0.00642417877345028;-0.0029880819038817993
0.0031424539356983633;-0.008777182773104006;-0.00800143837881237;0.00442479216610965
0.0037349418028508365;-0.010269097132805608;-0.007483789231588887;0.007806499835817901
0.004068296306945971;-0.009381683011958585;-0.0053400319426301;0.004730314979225673
0.004158419955627688;-0.005962304348557743;-0.003240014790713181;-0.00256387419872716
0.004049038137012642;-0.0012323516757367248;-0.002592248721715387;-0.009078167369645248
0.003783826858337225;0.003103908437479121;-0.0034435273410701123;-0.010872143356867968
0.0033900676600301803;0.006025528787043286;-0.004669988691317957;-0.007608166512468912
0.002887494888883674;0.007678511127388936;-0.005159942864010399;-0.0020658634525511674
0.002312700113074166;0.008850721903952162;-0.004809991009872837;0.0024603451917381714
0.0017321662063612831;0.009998230073591883;-0.004445687630751987;0.004457875675839768
0.0012254817039084088;0.010705952684431105;-0.004898241108446399;0.004507186147010454
0.0008468499358048439;0.010005645376080048;-0.0062263663771817395;0.003914040621780589
0.0005924163774827877;0.007222549333769391;-0.007734587311277671;0.0032537634139588015
0.0003968859436945715;0.002631313745029559;-0.008554454936959865;0.0020474495551854282
0.00016053136725536555;-0.0025673270646137092;-0.008164644545393143;-0.0004768046419187019
-0.00021271280969468561;-0.006875991201541941;-0.006560271580771981;-0.004416211540583832
-0.0007869390012938508;-0.00927467106390544;-0.004205065132222412;-0.008804634064161869
-0.0015816710912603177;-0.009681110258886377;-0.001913073437167914;-0.01201812179008516
-0.002566773218082951;-0.008890592429654377;-0.0005966144138177801;-0.012687017134708163
-0.0036566200480417713;-0.008075234504989561;-0.0008221104970476767;-0.010557081567768651
-0.004707313811611359;-0.008123352150962302;-0.0023865817909731394;-0.006728080600682114
-0.005532037267914887;-0.009152128512326173;-0.004299973846226658;-0.0030443299041239555
-0.005948252093992799;-0.010428931637202193;-0.005351254237538461;-0.0010347247820405516
-0.005853042173075194;-0.010742346796585712;-0.0049850244479264305;-0.0011935624056589116
-0.005296018776419528;-0.009045859713486924;-0.0038975855382188816;-0.003055314702262488
-0.004497990570560221;-0.005048703529470331;-0.0038374316049214303;-0.005696885380480251
-0.0037686656173046545;0.0005507923840870948;-0.006528654145333522;-0.007974389958975876
-0.0033224748543040066;0.006305095336374822;-0.0121792081735969;-0.00845356794117952
-0.0030665500364527834;0.010620386267741108;-0.01844913686201765;-0.005733722665563754
-0.0024931240892981208;0.0124659803174543;-0.020842057665887592;0.0004959050030409419
-0.000795525630811164;0.011877333869112218;-0.014967607497934092;0.008520285449305517
0.002774751211531773;0.009962253509775554;0.0001479813900258713;0.01509636088064989
0.008437631186783501;0.008279995228592983;0.019968357187193624;0.017526593205532903
0.015532281406405281;0.007825921741912654;0.0359789916783703;0.01567114825515866
0.022507530773164985;0.008276505623835608;0.04088333560806755;0.011910402679444173
0.027346709898085204;0.008192931400209722;0.03380658822914176;0.00888706672920624
0.02830448121655567;0.0062343418755914015;0.02079334974392426;0.007125314259605963
0.024637353546820437;0.0024908201794077225;0.009883742181948374;0.004926083289330358
0.016968143709104464;-0.0012468351456108358;0.005367899153119516;0.0007954138595217857
0.007099398760777988;-0.002641685523370815;0.00619883998328889;-0.004010076091673821
-0.0026269567555151536;-0.0005246049592866256;0.00871421561335015;-0.005770417796012773
-0.010123381222471028;0.004133051192726445;0.00990282023784326;-0.0017276292467883537
-0.014175640713803181;0.008611983507205101;0.008504214709928012;0.006561194030590726
-0.014678901006113554;0.009813479387749357;0.004557393443603491;0.01357717378345941
-0.012467719082542213;0.005717641117965571;-0.0009116575702736625;0.013974183830402458
-0.008878083730391373;-0.003745661949963283;-0.005844818684977036;0.006825593413427032
-0.005256882487464888;-0.016550080291443753;-0.0076438424047944;-0.003670949095287937
-0.0026084577635740185;-0.028967108925067684;-0.004499604949434188;-0.011369291570734628
-0.0014634994179994092;-0.036450685845545346;0.0032344424179674668;-0.012470325846392205
-0.001934495628601347;-0.0351447235534139;0.012746342751977413;-0.007711083117086201
-0.003852196272812543;-0.02380329864407484;0.020120255448231535;-0.0011626753245435983
-0.0068838160614937425;-0.005178037549225436;0.022770877003220676;0.0030740805627068267
-0.01058875710782944;0.014320078418313655;0.021204552698714157;0.0036589407959898685
-0.014428148645227094;0.027073777007008522;0.01838137432577532;0.0024230081653952512
-0.01777960991879606;0.027844380265972503;0.0168991468883854;0.0025609879630003394
-0.02000288925827867;0.016579704523276468;0.016508683871712032;0.006253998275803196
-0.020561497719789074;-0.0012639803523238305;0.014467050419673569;0.013202813405279283
-0.019162209501872567;-0.01728823706386566;0.008588241052880186;0.020466538788615714
-0.0158574791878246;-0.02429953787948191;0.0001987462953043758;0.023487972788037912
-0.011064362330331118;-0.019711074329136335;-0.005828347419680099;0.01828879289938335
-0.005475995586066769;-0.006337873797187501;-0.004323805454978111;0.004283604711393367
0.00012287535259279753;0.009584759929437253;0.006007225272366841;-0.014081820174747387
0.005081829621812136;0.021689914186302225;0.020811599246349996;-0.028806736874125015
0.009066975173831392;0.02618995660807034;0.03243638615046662;-0.0327732898734152
0.012119080303831027;0.02291810905970349;0.03481331970051;-0.024280726258874445
0.01455796818770996;0.014690589574183895;0.02698218404729403;-0.008268743700872565
0.016778181901009857;0.005627341253136365;0.01262284268494262;0.0067900849952665905
0.01903110757504589;-0.0007550146652770693;-0.0032640653963174645;0.014109281386560445
0.02128477681114325;-0.00291768239949631;-0.01718138076301481;0.012303370842380536
0.023211251084730752;-0.0016124670129536018;-0.027510884794020248;0.005360812943594031
0.024304714693329045;0.000903512784576486;-0.03328606819784286;-0.0005296012516327111
0.02408875094008436;0.002210962585003802;-0.0333248657792695;-0.000749447251557845
0.02232568643126038;0.0008720789276301467;-0.026651839953247155;0.005625334150217887
0.019120267864570988;-0.003087430596476865;-0.013690694763160222;0.015844393819905527
0.014855068187397935;-0.008364642919521255;0.002819931352330079;0.024949726387540908
0.00999717416724899;-0.012981730870069843;0.018048184563708044;0.02807859604755336
0.004900906834498626;-0.015024030741192563;0.026840927508370267;0.02313438303315584
-0.00027130390691039105;-0.013322204261603575;0.026442497563810872;0.012535456498013763
-0.0054766752779713025;-0.007948067553094145;0.01830482166314484;0.002170267511601527
-0.010640512035088645;-0.0003351609160278131;0.007305565718611497;-0.0026583855683359144
-0.015542404274496878;0.007185212201140671;-0.0012270978871333422;-0.0013674140649928457
-0.01981742014802722;0.012361126690849192;-0.00442999572467457;0.001575765336177501
-0.02306446380321934;0.01398427878007308;-0.0028782235139110848;0.0007903522864882629
-0.02498833246907989;0.012223618632162665;0.00045491086205892543;-0.005095306656611613
-0.025492819043639734;0.00822145517189665;0.00215589851785931;-0.01220024807184858
-0.024682398030554026;0.0034431704858397644;0.00019935213157118453;-0.014768762285030702
-0.02278724199564814;-0.0007059727473213571;-0.005043391454434634;-0.010020588881837676
-0.020064198586145943;-0.0029801813536721087;-0.011054990046592753;-0.0004008824801868204
-0.01672613712279629;-0.0024650990333949007;-0.014594666674462855;0.008326576346503379
-0.01292613503628084;0.0009733760829368593;-0.01348544072157551;0.011316729739724009
-0.008794195413043007;0.006231208618852213;-0.007729333368647944;0.007848422225956529
-0.004499723257260912;0.011043845109629725;0.0006004912801015232;0.0013046696154151666
-0.00029596931059186184;0.01287943763063412;0.008506733673115292;-0.0036275298605669064
0.0034914061187398555;0.010271039660134646;0.013549153607284497;-0.0041588134404353895
0.0065343406368978995;0.0037359586918806636;0.01481819078587291;-0.0007852751395657384
0.008594551690482018;-0.004389435758260034;0.012890109074229212;0.0035979782858412907
0.00959077732478469;-0.01114927132293945;0.008960261254787733;0.005776710802084971
0.009614194852900711;-0.014464792726912378;0.003960420818216153;0.004156121719268906
0.008894156248006609;-0.014029501157197777;-0.001567964354328987;-0.0003193685485729154
0.007734694512735775;-0.011134087636534402;-0.006830177137961084;-0.004770124512975296
0.006443984095359809;-0.007656414940839871;-0.010246304939677398;-0.006435351235776784
0.0052711671231307775;-0.004950661774512611;-0.010001179475344804;-0.004943623417649144
0.004360432508273848;-0.0033280926329530684;-0.005569661207162059;-0.002829021197964117
0.003733881183288908;-0.002323515109217341;0.0011423951470508227;-0.003434462229803985
0.0033128514183556443;-0.0014023857926897779;0.006393941710511768;-0.007785755588039089
0.002973834960934792;-0.0005230474539414299;0.0068612652113501284;-0.013284257331341549
0.0026141127879077343;-0.00011400903148549273;0.0019461313815863932;-0.0155675725991848
0.00219189202947391;-0.0004977684289232573;-0.005675896944572868;-0.012002820253346166
0.0017231091494745423;-0.001311495735962575;-0.011811964686212541;-0.0038324433971462057
0.0012507533614247936;-0.0015530440755060335;-0.013604585355297334;0.004753106000277949
0.0008181298820474791;-0.0003405415571412093;-0.011359044518173864;0.009710805740770864
0.0004615319178903198;0.002213456270925765;-0.00794677423216158;0.009835971393421352
0.00021311293564768027;0.0048076736841994264;-0.006328060723696706;0.007040419325143117
9.806132536315102e-05;0.0057438964639389325;-0.007275319806880444;0.0043256727326686055
0.00012449194695784546;0.004187625659399561;-0.009085435665495776;0.003344325408778172
0.0002804813243316655;0.000896717726264648;-0.009278120703096996;0.003495828084772481
0.0005493926305857478;-0.0022176140144263214;-0.006696379956940128;0.002999670233836373
0.0009338149285984505;-0.0033827104725084605;-0.002338098818381529;0.0007371762816077217
0.001464519253939102;-0.0021269913018574344;0.0015208941139855517;-0.0027702049702415872
0.0021811042315696555;0.0005069967060304093;0.0029957646157490058;-0.005886616480298202
0.0030954680804556258;0.002762457523098834;0.0017322485019442405;-0.007195716933671597
0.004164373671419606;0.003334844660105481;-0.0011466017355028998;-0.00644956662545175
0.005290575308667609;0.0020921194718407916;-0.0039743978289969294;-0.004500619974851906
0.006350609002926804;-4.499815618120548e-05;-0.005536878026911571;-0.0025077413231878623
0.007230006450597804;-0.0018399374543046903;-0.005493636788387933;-0.0011736950192782786
0.007846111017214533;-0.002524306628234642;-0.004155008026726594;-0.0005269350464109145
0.008151451051575932;-0.0021511216277605998;-0.0020053721035241476;-0.0001985268845674286
0.00812393543331834;-0.0013976123062356938;0.0005781671445345843;0.00018120355887997329
0.007755303709062794;-0.0010375467583083823;0.0032603856024716895;0.0007516659636810597
0.007046327296188819;-0.001440429659898599;0.005534224458510648;0.001374289944481054
0.0060105522782964264;-0.002371240170415322;0.006680500121846018;0.001649832487719726
0.004682077829827227;-0.003158330595366688;0.006055672473126941;0.000968565008044667
0.0031198195355037137;-0.003097003114679556;0.0035485813102434094;-0.0012840001126078154
0.0014025598619924087;-0.0018527682160411492;-0.0001636646423701753;-0.005260158402931037
-0.0003844215387880679;0.00034720517502748215;-0.0038357323924474796;-0.010100492232071278
-0.002162949999459946;0.002817955306915855;-0.00625984320741126;-0.013809215485702575
-0.0038656924339242633;0.004739248012489057;-0.006842263207767891;-0.014013762068942724
-0.005426988964303101;0.00552074104596871;-0.0057705610604809505;-0.009458638960422382
-0.006768851614282286;0.005045089375504977;-0.0037611056337825237;-0.0012994161291427688
-0.007795127284539383;0.0037015945089970284;-0.0016930350652629273;0.006953014783829642
-0.008400929568169695;0.002195442047274312;-0.0003761391399880128;0.011214813657136231
-0.00849410070384133;0.0011886205796200597;-0.00040543237483853305;0.009371661973308921
-0.008019775060372865;0.0009234632933974993;-0.0019431632809462094;0.0027687504183488026
-0.006979965528971226;0.0010408054327384854;-0.004478361425805364;-0.00462110262299459
-0.005443725043628605;0.0007394649920772507;-0.006844467396182137;-0.0088794717375168
-0.0035467522720040623;-0.0007682312539790492;-0.007702373347565058;-0.008671602341160763
-0.0014808727626740568;-0.0037448495716367255;-0.0063359013983447015;-0.0057358261054559125
0.00052680504874339;-0.007649277934200711;-0.003252039642474285;-0.0031524762361939177
0.0022455223110936576;-0.011252952356324397;-5.9715196152306034e-05;-0.002951342052701818
0.003479377980279946;-0.013117349146078367;0.0014438942757635889;-0.00491638283435593
0.004101951365700016;-0.012252474020273234;0.00041450341205064907;-0.007237834439471669
0.0040761600134638105;-0.008704420224988364;-0.002459814535114899;-0.008143043720636695
0.0034570338093285274;-0.003808922027660466;-0.005303921683263437;-0.007098183023477485
0.0023819593236095895;9.61114244547009e-05;-0.006063935730335175;-0.004860807348830224
0.0010505806624843805;0.0005648501980834725;-0.0036572230287211342;-0.0027056741171813375
-0.00030875841570199953;-0.0036445444306155033;0.0011638114683190325;-0.0015823776126666171
-0.0014855262273042178;-0.011388425343689685;0.005621768792594411;-0.0016843641149935317
-0.002333956271539286;-0.018897886258978633;0.005843976834367516;-0.0024980435751686394
-0.0028034595081410786;-0.021094347159940668;-0.0009898754479941755;-0.0032313531386505426
-0.002946767256345648;-0.01423349672658595;-0.014196619875608113;-0.003398330760687374
-0.0029118482455655816;0.0014717727017625208;-0.028683932607596368;-0.00314875949771352
-0.0029177368984313968;0.02109309016591546;-0.037023920696605636;-0.003040081741394084
-0.0031993156924303946;0.037014988844692946;-0.03385275612716218;-0.0034736327466844065
-0.003914555463998149;0.04274131710024698;-0.019715786567498412;-0.004351423259168735
-0.005051131831604962;0.03614255194523002;-0.0013464588594273381;-0.005168915470302585
-0.006401132613628115;0.020261703697995473;0.012167490328325876;-0.005259843912681745
-0.00763880911505448;0.0015049470699405308;0.014803030541803276;-0.003991825211156111
-0.008459401685388746;-0.013481342818910159;0.006924964595104492;-0.0010727522801954068
-0.008692604316659098;-0.020561941867110935;-0.005538678121534738;0.003010671616934335
-0.00832706848632237;-0.01931957877194408;-0.015101542340449131;0.006856550902126769
-0.007444962757708829;-0.012433749046021838;-0.01700279381579982;0.008704825947175664
-0.006122355971370013;-0.003843292197939013;-0.011282514988539254;0.007459070336725294
-0.004369036972723211;0.003189101417863868;-0.0019446919510432011;0.0034535479123594284
-0.0021517969013986975;0.007174648114887803;0.005882256510021676;-0.0016195609498809605
0.0005128670742364834;0.008381209992411558;0.008961015264624535;-0.005597853340718448
0.003461942869133754;0.008027606501637913;0.007289450872993063;-0.0069595112428833495
0.006362643943528923;0.007287484785685267;0.00313413566189841;-0.005500089792351233
0.008804752813609616;0.006660393116746674;-0.0011020558417433204;-0.0023373237374189476
0.010486845045986473;0.005974199494909129;-0.004306023831203878;0.0006005153301249533
0.01141420409858283;0.004868133407718691;-0.006486592374694785;0.0014076779692076373
0.01199480273481907;0.003333131922275746;-0.007680407474375786;-0.0008206005260243495
0.012935850969202262;0.0019192820313710846;-0.007267920330897052;-0.005250595378846742
0.014918438205311454;0.0014690916899839403;-0.004468841228276116;-0.00930769035186666
0.018150645109935158;0.0025202962778712377;0.00042619031671517005;-0.009579866465017588
0.022016324461128115;0.004738827244201123;0.005483155041054438;-0.003377982431557781
0.02506241227658439;0.00681180434087571;0.008253019948285839;0.009520675824787123
0.02544175548368139;0.007045600944587393;0.007787554487342553;0.025740030420100077
0.021678717021093735;0.004468687748598537;0.005372670182749784;0.03888864642573716
0.013393944490591024;-0.0002407271047732656;0.003151142645279948;0.04237657062887976
0.0016002331803027826;-0.004790513399413583;0.002370960185381889;0.033314654949517505
-0.011584430231937401;-0.006524410044494722;0.003156607526105445;0.01494525669831999
-0.023641691497040294;-0.0042199743281515515;0.005367443780929589;-0.0045064618296958275
-0.03243624162020939;0.00078873604789519;0.00886702616554294;-0.016303614240731363
-0.036775288724581474;0.005065267560443303;0.012924296804186691;-0.016176990076661266
-0.03659652600456708;0.004982465752150613;0.015994381452289545;-0.0064674088842524525
-0.032795226053056084;-0.0010447922468971669;0.01654369030707214;0.005850649376495163
-0.026807035147295395;-0.011428060076262387;0.014098207365168995;0.013670080768516536
-0.02011577593936158;-0.02210458042664232;0.009496678792687523;0.013774133510269836
-0.01386049140349124;-0.028605872644574138;0.004305415324589741;0.008054741565374128
-0.008661568594485842;-0.028210606533785026;-3.304119451096487e-05;0.00146339837017731
-0.004678542664986856;-0.02099860325238957;-0.00288737825133476;-0.0017835536280173217
-0.0018036821695655266;-0.00947087151916035;-0.00471528158998101;-0.001043928129217359
0.00014908089193600116;0.0027342492108826237;-0.006692999015575415;0.0010186584560189658
0.0013558460265538658;0.01222323272295399;-0.00974053343298152;0.0015748392348100167
0.001996785809609901;0.016812748201238174;-0.01356384955639585;0.0007948666911858253
0.002302688245012834;0.015972962702019616;-0.016537286965220742;0.0018597266744458914
0.002559534836255153;0.010836061647135492;-0.016632782172647412;0.007440873295137829
0.0030469549479504115;0.0038161413544565747;-0.012670637366094657;0.015864698844945332
0.00394585529705087;-0.002173524044989194;-0.004921552707895604;0.020937442536715575
0.005275255910509658;-0.004779179456792071;0.005175055131203884;0.016289575859725344
0.0068954469984686025;-0.003141227127043783;0.015574753829294073;0.0009269438626671603
0.00857130303798119;0.0017796290553787858;0.023926928088490812;-0.018698701239122414
0.010062631984324657;0.007692250502868142;0.0278343431340036;-0.03215040694181182
0.011206691413385697;0.012029043206116903;0.025643582286006595;-0.0317061956355925
0.011967701280561715;0.013011674480018914;0.017635066727703173;-0.017507185210068724
0.012438810702662112;0.01024901892521587;0.006557936353312982;0.002484592811261983
0.012793489492420786;0.00473193784248457;-0.0033803708656278348;0.017601558426609525
0.013198377336331049;-0.0016231271736713577;-0.008638615496722445;0.021014052847150255
0.013716580433985812;-0.006673896524112315;-0.008082422919934192;0.013290830944515119
0.014241921757102607;-0.008810473277089703;-0.003200864984443972;0.00098627397258063
0.014502116704512524;-0.007535701627436261;0.0030506680584793003;-0.00814351062380712
0.014147441734263112;-0.0036207306482451407;0.007772905935041957;-0.009718827921587297
0.012901925992719948;0.0012435298755830784;0.009162912676801168;-0.004397535380181258
0.010708606405940199;0.005141889238468102;0.006869402459509712;0.003579455459501956
0.0077811480344676005;0.006697220010301824;0.0018448305068680718;0.009229630758107068
0.004515327561698047;0.0056277245158136025;-0.004112637798838128;0.009205842489436471
0.0013045611639474633;0.0028884397701846956;-0.008906007501321339;0.0029863297116169618
-0.0016245583416306688;0.0002854034904158759;-0.010474655588434202;-0.0069471291397183174
-0.004252995944661806;-0.00036267399981805657;-0.006936737342556071;-0.015936985042766753
-0.006671992307339717;0.0018262410681886036;0.002878433534165005;-0.01935299758378926
-0.008927052001184127;0.0062585000161238516;0.018164302471665988;-0.015624985096068734
-0.010910659639949595;0.011118253654311969;0.035079883124665444;-0.007833889730539216
-0.012364751931513032;0.01431093806480007;0.04754770822822415;-0.0017272732960270567
-0.012980221267524288;0.014492752486359185;0.05019285923007557;-0.0011273923563747186
-0.012532751873343734;0.01153491605109427;0.04149128674132094;-0.004735367514253082
-0.010988821024746737;0.006284005488464171;0.024755021083955612;-0.007463742090449164
-0.008539873520361686;3.442051694245135e-05;0.006364546078864466;-0.005128706148904973
-0.005559247703819814;-0.005855432462336917;-0.0074211584978375635;0.0018706511236254257
-0.0025074154542614464;-0.010181375427420328;-0.013225161376065048;0.009081153167656997
0.0001776619560000094;-0.0121542943126413;-0.0116070170642412;0.011839094463567167
0.002173003474088929;-0.011718666095449142;-0.006106596132896287;0.0087625211918795
0.0033230804677531825;-0.009671847005501012;-0.001006630953291578;0.0021550233706821233
0.003643449592906517;-0.0073631120034099535;0.0008304422470565817;-0.004324144980281293
0.0032860478920542554;-0.006072215416948828;-0.0010409876830330925;-0.00831301482790712
0.0024877060981195053;-0.0064291094011788615;-0.005002588566214095;-0.009719098982443452
0.0015168334777648656;-0.008179748560567726;-0.008549140261828727;-0.009825247794327658
0.0006209534393165193;-0.01033324601755782;-0.009661285949070429;-0.00976612920764486
-2.3459844934999513e-05;-0.01154889098413873;-0.007854639500117227;-0.009685061559901969
-0.00034789275953996877;-0.010631594880419464;-0.004417115672244294;-0.008954754626474022
-0.00039905701412466023;-0.007026880980954038;-0.0016130615722708035;-0.0069551786483448555
-0.00030901760070808915;-0.001152479191233068;-0.0012837051773341302;-0.003698382776305333
-0.00023813351638911465;0.005596572455571741;-0.0037481401390993783;7.463493512461987e-05
-0.00031311413780495893;0.011201268796507124;-0.007662375596257422;0.0032960556222043514
-0.0005830040963799331;0.013616059158779547;-0.010788234056139311;0.00520904697501687
-0.0010069144639926276;0.011440309494892937;-0.011144005199187129;0.005870727638934244
-0.0014745192270952821;0.00449865013502077;-0.00798896691406661;0.0061445419455893775
-0.001849962748101691;-0.005829785354219685;-0.002259646764894479;0.007046961546908702
-0.002025153553025893;-0.016710157085882672;0.0037612452392876364;0.008835132385563231
-0.0019672516980110072;-0.02455269834360164;0.007510476685242833;0.010616357592070136
-0.0017456095763573837;-0.026312601858905934;0.007522621620516937;0.010968724768700765
-0.0015272245211202017;-0.020958846602077738;0.004378405333848759;0.009155483781074423
-0.0015364741507276137;-0.010306137440995641;0.0005570445523535592;0.005860604719771372
-0.001983023470727156;0.001460461015923918;-0.0008875634501461159;0.0027174193070449285
-0.002974769243789564;0.009557186215635373;0.0018470091713886328;0.0009918549733487765
-0.004449667697525426;0.010863785196812938;0.00803553820714163;0.0006199733781630497
-0.006164896448494982;0.005454900905768607;0.014520021664881887;0.000554439428540855
-0.0077591348689866465;-0.0035144684772887465;0.017297307536276015;7.94328467518202e-05
-0.00886535372780355;-0.011505986089487646;0.013812414563012191;-0.00039012657045093277
-0.009224535986189107;-0.014834871765308072;0.004554069723778179;-1.9442199260103546e-05
-0.008749876427793509;-0.012186746318005664;-0.007106028164449008;0.0010754804664144845
-0.0075155962677510455;-0.004757668022462937;-0.016689258328389436;0.0015905919710156435
-0.005684613088290056;0.0047736157963721845;-0.020860917272206767;0.0004181544789631563
-0.0034225761227397408;0.013657840453567792;-0.01889629181836769;-0.0018689774421074968
-0.0008490642182161974;0.020068638174457552;-0.01266548993147322;-0.003218592619204002
0.0019526144949288395;0.023336935946291285;-0.005342525321320086;-0.001978339963919032
0.004887224264416658;0.02364047627433;0.00017441193877389163;0.0013832940054840015
0.007805682094561388;0.021583468326319726;0.0021819544099777395;0.0044522969013060885
0.010503255543210422;0.01792678809702431;0.000329247905834214;0.004799161350852614
0.012756357108515871;0.013470739148095963;-0.004465048647746201;0.001840957449278632
0.014368714631533414;0.009011812786229001;-0.010120057899635824;-0.0029912811904752325
0.015199451543684158;0.005319533414957412;-0.013914567408715155;-0.007654296219697274
0.015168571862210838;0.0030560207569679;-0.013709895186670124;-0.010887989876532325
0.01425449839006424;0.002565846074233029;-0.009315547796731797;-0.01233179833838603
0.012497892496159147;0.003616633821765166;-0.002857396341020576;-0.011721220324849417
0.010010456515210984;0.0053419344561810075;0.002427428968467824;-0.008592209417738387
0.00697394508186592;0.0065830014143322705;0.004182257508302348;-0.0031442516747705873
0.003617811072209932;0.006510112662625129;0.002154654137856995;0.0027925757817094123
0.00018173053511311073;0.005089628788788633;-0.002192396265837812;0.00625745406184351
-0.0031172380486376226;0.0029916068021249103;-0.007053384597988957;0.005248179337849101
-0.006098940074387474;0.0009695843665429515;-0.011267484293688634;0.0006309148609473318
-0.0086197453122049;-0.0007706166554567338;-0.014206154178473193;-0.004118980441920408
-0.010571430344559816;-0.0026487648978953428;-0.015151620021107542;-0.005459624471087945
-0.01188676284955131;-0.005163503732942966;-0.013317381858327823;-0.002510689743034884
-0.012545076367342147;-0.008235019608776116;-0.0088208478901187;0.0024402651819238857
-0.012565348169789811;-0.011057370700346122;-0.0035531586619404233;0.006031725756761792
-0.01198515651144759;-0.01259715793211625;-0.0006183949956269904;0.006519232941218747
-0.010840853081006518;-0.01226257607696497;-0.0023445312496140837;0.004738389625327224
-0.009166221346024636;-0.010127059849305921;-0.008436374380322987;0.00293557453555702
-0.00700856444670306;-0.006583824208699997;-0.01590462896337236;0.0030071590070852353
-0.004443618430296679;-0.0019255828086355122;-0.020886608181983204;0.005684774474583533
-0.0015764010258594167;0.003596775112654829;-0.020923962004830925;0.010699161776808252
0.0014627626086862607;0.009267722747494043;-0.016044649201910878;0.016962376949680516
0.004509607685835929;0.013573645851731217;-0.008120956812170307;0.022385329549384755
0.007346535848794225;0.014611631314077694;0.0006086197656830802;0.024070543803994992
0.009698661909297055;0.011152701948466522;0.00848881179077875;0.01960706551349941
0.011272606827851528;0.0036259683401306322;0.014357785765500257;0.00889080933017831
0.011839300794214832;-0.0057602183032638265;0.01712906111187135;-0.005109421015924915
0.011326466808280047;-0.013933433066645315;0.015978880018951924;-0.017602512736768296
0.009867899026791235;-0.018333400676158112;0.011132196338090025;-0.024522786430671063
0.007774708234255864;-0.017933630101715538;0.004328566277048846;-0.024608441261081686
0.005438623451365552;-0.01346518792604811;-0.0017722157081469223;-0.01971940277407457
0.003214112338710734;-0.0069199667345323955;-0.004968902482513519;-0.013421259909667537
0.0013292195545970293;-0.0006808017767736898;-0.00467333866346464;-0.008872598328118398
-0.0001482733906575735;0.003345060369784864;-0.002051561785918252;-0.0072767081996718535
-0.0012872751098963388;0.004278430295727175;0.000831641638443535;-0.0077071902643104226
-0.002224051922003957;0.002343315223839331;0.002231738372484771;-0.008270768032916353
-0.0030713256004584197;-0.0014583084862936672;0.0016039152519564906;-0.007726100860571994
-0.0038460047033938316;-0.005806289587836154;-0.00025168345483872305;-0.006351853305184027
-0.0044577040260350125;-0.0094242274559381;-0.0017785103487895557;-0.005430663465779936
-0.004772092291658795;-0.01130401587145535;-0.0016675401733746013;-0.005881784891159919
-0.004717707382981249;-0.010875587983052942;0.00022632152022181067;-0.007285876978251971
-0.004372571472820469;-0.008156608698462622;0.0025724931893561435;-0.008095110207731356
-0.003967850241163031;-0.003811050200250089;0.0031677326200021455;-0.0067483000801941105
-0.003781119175550897;0.0009742494240329619;0.0003243908098319881;-0.0027889997902534815
-0.003948693828887509;0.004805806822321476;-0.005617420727481872;0.002721223936809782
-0.004282088146561095;0.006519722844738391;-0.011625425053158342;0.007642760305145868
-0.004201168356160212;0.005630963576588791;-0.012916871757970143;0.00977875733802182
-0.0028735326390068893;0.0026474155279764453;-0.005481753329637974;0.008041390964852029
0.0004329390558175308;-0.0009702791371874679;0.010918984763141341;0.0032868513917066067
0.0058992454140610676;-0.0033822419449709455;0.03125190512391094;-0.0016975383176983676
0.01282196006509113;-0.0033550462551490082;0.04701621180722033;-0.0034517452288513077
0.019619144324356207;-0.001110117433146921;0.051165369037147176;-6.812861876811132e-05
0.024271066094717873;0.001650025032356931;0.042873157347478846;0.006996511289625363
0.02506760888523953;0.0027523925601543892;0.02797907329231693;0.013258544608899832
0.021328799577411506;0.0009756413012244978;0.014505839836735321;0.01409770179022676
0.013733501558494269;-0.0031803621115498288;0.007356859716965066;0.008395128902094977
0.004091204178500196;-0.007919410494960442;0.006537029482938547;-1.1402997012280835e-05
-0.005313235646274598;-0.011295645311763627;0.008990169088142293;-0.004757605158400115
-0.012486944192701556;-0.01216666065767744;0.01106018380818467;-0.0018704513599414514
-0.01629983430614743;-0.010478775445313619;0.009791335953134205;0.006783035233536927
-0.01668769099136067;-0.0070316762320622945;0.0037320377701266566;0.014683732065788017
-0.014484818964501744;-0.0030549310781347225;-0.0061408907608276105;0.015632100452720107
-0.011012811623334682;0.0002251434879058462;-0.01634527057772918;0.008287644092756265
-0.007612361996812746;0.002001854030513584;-0.02257581863354333;-0.0032405006000453362
-0.005288048569694375;0.0022575632229559278;-0.022244129059024606;-0.012614024054650204
-0.004550841106588636;0.001917333265784739;-0.015995456179430993;-0.01537524165244185
-0.0054368190533261715;0.0025273883153163774;-0.007249444316601691;-0.011145979371085371
-0.007619829655302494;0.005391808502695952;-0.00026646333554247644;-0.0030993551689142006
-0.010544391028658838;0.010545709120806905;0.0020518879112496518;0.004308790408127294
-0.013547318846760355;0.016272122284471256;-0.0005507556541925449;0.007791879270560098
-0.015966549476635238;0.0197020082605514;-0.005998033293288843;0.006724150111752839
-0.017239787235744777;0.018342025673649582;-0.011560118228846686;0.0031766183727404344
-0.016988059960549796;0.011617676408353378;-0.01569547544519383;0.0005130754683688348
-0.015076198398578147;0.0013873439817934916;-0.018632503786795044;0.0011007199307459627
-0.011644421740181798;-0.008902929243528424;-0.02124961030430319;0.004376187703054188
-0.007103492984055338;-0.015813413895576178;-0.023358498016004495;0.006818636983633634
-0.0020804724271499837;-0.017302660838833767;-0.02319063557126033;0.004451150755453551
0.0026945740501945203;-0.013341258689884592;-0.018843549688340674;-0.003603272933087869
0.006550580958513332;-0.005721876531292872;-0.01045490685710885;-0.013472317698498503
0.009046124382994451;0.002669905905880417;-0.0009130515055443078;-0.018696359473682866
0.010086877386274862;0.008848120579956181;0.005867621496428688;-0.014940243425606332
0.009934758393562455;0.010769753542755731;0.00774599628975441;-0.00357212684031183
0.009095628473568523;0.008170544440663221;0.005781428997760702;0.00886681143287477
0.008128021944176615;0.002817975199176393;0.003136991383956025;0.015001817417094396
0.007449168753388708;-0.0021231635194529515;0.0025825297212539555;0.011535865450273962
0.007210480867005815;-0.0035077720739835113;0.004712625774947969;0.0012899173584390794
0.007284219949115315;0.00022619298091514008;0.00806546381651172;-0.008760630850500155
0.007363063145783427;0.008202604487659877;0.01066144416879552;-0.011876639805708725
0.007131786905453676;0.01746911220818828;0.011514518337876133;-0.00554334401174395
0.006433277339776346;0.02438166778006509;0.010979515661914822;0.007151666648064063
0.005342464034579173;0.026260011652001206;0.009918042147887413;0.019255155844304435
0.004104506787151453;0.022488783769829844;0.008598087680036197;0.0237194534201706
0.002974946584930748;0.014606737532145107;0.006334158150332956;0.017379961455667305
0.002065107225656237;0.005475006569429276;0.002210950179380379;0.003242291935083766
0.0012938995526403407;-0.0019633839038860723;-0.003686725436400586;-0.010515411370598086
0.0004760172877292642;-0.005738994314960674;-0.009685838026293202;-0.015206121136976728
-0.0005140885030947048;-0.005354063594469493;-0.013363524825257921;-0.007712736951247291
-0.0016125456381513102;-0.0016729848620476004;-0.013332979245169478;0.006561181391810373
-0.002557532523464955;0.0035677796576546986;-0.010463276327882569;0.01708799117795761
-0.0030091439834510677;0.008273859033603042;-0.007388007451180815;0.016009719008277218
-0.0027238092065242398;0.010325962545990991;-0.006598826973922326;0.004084742707289019
-0.001680303640483251;0.007888723820028106;-0.008527463157499712;-0.010153652707340016
-9.156109721506819e-05;3.964305667983419e-06;-0.011029213560487095;-0.01711173418016604
0.001690483201135388;-0.012576568757241365;-0.010816526641513734;-0.013051850387851114
0.0033126964041158397;-0.026880361545067774;-0.006088123964630009;-0.001957055476936083
0.004528965141069876;-0.038178907522482826;0.0015197507708870264;0.008345381525764927
0.005237213366793635;-0.04162213263762235;0.007462496474024429;0.01205380738423962
0.0054417923149008745;-0.034509693778998096;0.007383059485601707;0.008697945840624638
0.0051701634798194005;-0.018034540320728615;0.0006222457474104845;0.0021542285417555968
0.0043995452870994;0.002719010246818648;-0.008733601948181607;-0.0028860770908762158
0.003055365169766851;0.020848721597304207;-0.014392703626554775;-0.004004273709029362
0.001101701885717014;0.030722435911405787;-0.012197463736541276;-0.0018832795196536071
-0.0013358379895210015;0.030298511280175473;-0.002954079110880939;0.001045399638473702
-0.003920587654816471;0.02147866406969144;0.008322053477697438;0.0027802680685867645
-0.006187364641715147;0.008644740665352974;0.01595696164843806;0.003064386020974908
-0.0077133387752155854;-0.003475099716687084;0.01717172976312246;0.002931621791457559
-0.008269658533144078;-0.01147388575781466;0.01323809507412816;0.003168810263137194
-0.007866781920471869;-0.013999481191036913;0.007942939933500795;0.0033507942965027362
-0.00668274002262045;-0.011658616266622013;0.004873503783740316;0.0023689059468177407
-0.0049357864531483974;-0.00638450597745464;0.005322483603412831;-0.0002276677734509266
-0.002784621954655931;-0.0005614574199624197;0.007849520748138588;-0.0034884546884624236
-0.000305604748193093;0.003827330773631503;0.009572297262482064;-0.005631001673325594
0.002460283698405291;0.005787509537441881;0.008303572110015867;-0.005389912683278322
0.005437636909046586;0.0054455644386482115;0.00403557020431941;-0.0029640710746936627
0.008472713369373353;0.003700286194667883;-0.0012414181250981267;0.00017345891116551655
0.011336001438563947;0.001625989387558298;-0.004998247078885727;0.002292915126760929
0.013760888466250305;-2.015117295964374e-05;-0.005617059793833933;0.0023448899655258656
0.015494573515960003;-0.0009733880256714639;-0.002952749816701804;0.0002399527664658655
0.01634088126203862;-0.0013464692723713211;0.0019248824930907199;-0.0033974966510135294
0.016184911237955717;-0.0013944416934005366;0.007295577452353251;-0.007549097465472757
0.014999325885771575;-0.0013328733049859174;0.011333827850603533;-0.010968491848642773
0.01283837679991498;-0.0012940331624207188;0.01260360073871187;-0.012352052084781398
0.009826854286341773;-0.0013785218027510216;0.01049368725299655;-0.010770980012922062
0.006147480566882713;-0.00168055284306839;0.005439042517545982;-0.0062991131725869225
0.0020253962670060506;-0.0022124754799996977;-0.0012137336846339856;-0.00036613903503787817
-0.002292979786921084;-0.002793748049328986;-0.007622371524296958;0.004619532584037461
-0.0065658033394619866;-0.0030617620856903936;-0.01194575482773237;0.006324121939176064
-0.010580425476105267;-0.0026988069518429593;-0.012838720159699092;0.003652433264474267
-0.014168973722753886;-0.0017751962498123107;-0.009973562661552254;-0.0025848190331500846
-0.01720914668886966;-0.0009359094370705702;-0.004433625103626109;-0.009796510205605551
-0.01960918091005739;-0.001190826158074495;0.0014634130840270522;-0.014572554500482929
-0.021283646039300802;-0.0033403604935755885;0.005190600746522843;-0.014313253673853417
-0.022135835395694445;-0.007365263539135022;0.005435221959927507;-0.008869720491714334
-0.022064214750192126;-0.012164555006028017;0.002905581711237619;-0.0010607674155139436
-0.020996372781224876;-0.0158209297510437;-0.000155886466795935;0.004685725064312392
-0.018931789310100845;-0.016320033398039474;-0.001426464480408041;0.005001025977252923
-0.01596535545799089;-0.012477748920500464;0.00010964504498334859;-0.00015185353936831192
-0.012278197707471622;-0.0046910055867368594;0.003705868573591435;-0.007252443972260556
-0.008108692680080696;0.00493893841255137;0.007456672465491497;-0.011444652528723624
-0.0037296856762918883;0.013352625269113494;0.009447554962390258;-0.009863485343354345
0.0005561078979516469;0.017883723986159308;0.008754202570773055;-0.003628888700659698
0.004419032865391443;0.01749743549909203;0.005801222694125451;0.003185363786307955
0.007533298517028098;0.01318881906080135;0.00198040219920594;0.006827218847710178
0.009645449135823077;0.007309330466100893;-0.0011855372944271014;0.00655213736834193
0.010652759179881297;0.002267468082479253;-0.0028196367798260526;0.004495412301826287
0.010644191821376454;-0.0005817543661795093;-0.0029627060546446662;0.0032764840420990487
0.009876511103251705;-0.00126751119751144;-0.002265624656534226;0.0038231814427799582
0.008699382710622785;-0.0007690269640035116;-0.00142863263373954;0.005141906774667973
0.007466708775528482;-0.00028957646453053155;-0.0008069211160822819;0.005617859434502998
0.006463214537055071;-0.000696564222538424;-0.0003604957385764958;0.004348404481429809
0.0058562569885414395;-0.002263570876768001;0.0001583082203199996;0.001611336597275659
0.005674657480441876;-0.0046228837969535174;0.0009704267628575323;-0.0014196608401065003
0.005818444867821621;-0.006880650997460478;0.002096024050124758;-0.003285198027779535
0.0061012322695081275;-0.007958721014977065;0.0032808979219794815;-0.002953415758380151
0.006313088466350335;-0.00713185276960495;0.004067661985647188;-0.0004798459547464875
0.006277675481343293;-0.004478322782590797;0.0040105187132159;0.0027282313132877475
0.005881934256331731;-0.0008920026568136238;0.0029041979014838228;0.004434977124180543
0.005079474566525273;0.002421726304405606;0.0008699874165376375;0.0028650422771900777
0.003885404682986888;0.004653592442602832;-0.0017016333114890669;-0.0019642140488093118
0.0023728279301567035;0.005821238335786431;-0.004258649561943387;-0.007885818780154555
0.0006643025523784023;0.006624298408938014;-0.006271293836321398;-0.011634842769598527
-0.0010892856800409918;0.007826940548688124;-0.0075343128106258464;-0.010710499703417498
-0.002735486309099117;0.009606423540741534;-0.008337214357446223;-0.004874170730206961
-0.004139849632363609;0.011319145737924911;-0.009127472307875417;0.003617745720722096
-0.005199067658842163;0.011845123161980992;-0.0098254933379175;0.011152657194932216
-0.00586146195950859;0.010316970997763408;-0.009615391741590526;0.014632012514916977
-0.006155562906287248;0.006788002957563955;-0.0077334688821697846;0.013095031094628106
-0.006195474891172992;0.0023468210306504906;-0.004528369727267446;0.008228750020152413
-0.0061195103487192305;-0.0015124712781704915;-0.0014477602208796698;0.003381493155588944
-0.00595512880245147;-0.003887742620623926;0.00030006414310756844;0.0014971570885049933
-0.005473363775389571;-0.00507956798869334;0.0010513698425378194;0.003185164137153167
-0.0041474291596952035;-0.0062627780951257685;0.0025005852853611406;0.00628234980725666
-0.001310844086687871;-0.008373060654287045;0.006082210647078333;0.007400376025621924
0.0034906628554774123;-0.011075415866724716;0.011344746783944284;0.0045602088497933005
0.010092149450487755;-0.012766420489330929;0.015736751955650597;-0.000962187639424866
0.017466238137050068;-0.011780374671995664;0.016205353401650437;-0.005229837056923494
0.023830784384492026;-0.00788433854827584;0.011658552937935185;-0.004691368837109793
0.02715317475312524;-0.002747044860654121;0.004256008894960605;0.00047957294807737376
0.02589653519713772;0.0011595491359932715;-0.0020434644421324613;0.00572896149634834
0.01968532527124787;0.002391628170591016;-0.004671070447224967;0.005330339241151473
0.009556187949345207;0.0015568234556415388;-0.00422006257890723;-0.002688940388449863
-0.002344610254120168;0.0007031630884943805;-0.0030653065466365722;-0.014050865154804025
-0.013472791542825779;0.0016806507634056509;-0.002711219630396324;-0.020839714672356697
-0.02168302751566995;0.004816137283878675;-0.0029179373300911014;-0.017637718476331304
-0.025797673595605048;0.008766749947434586;-0.003022721099317477;-0.006113495264282865
-0.025782289499177952;0.011438102169735563;-0.003209514783968872;0.006081899169606886
-0.022544503147874;0.011220572971470966;-0.004131724940133816;0.011333796711756033
-0.017501674528184446;0.007792457968979284;-0.005750279864299417;0.007946672557367652
-0.012106234138238293;0.002177155148164392;-0.007016296776422151;0.0011360869127866747
-0.007484945656372414;-0.003773976150854777;-0.006657454326682266;-0.0014887812178101902
-0.004267796621862856;-0.008100806649398296;-0.004133978738900387;0.003683210863013127
-0.0025945240927518756;-0.009381070043220325;-5.421751932914166e-05;0.012981044078696682
-0.002232122966469353;-0.007203504441499048;0.003965203719454637;0.017954501356554117
-0.002728448527584281;-0.0024239771841609707;0.005854294344732703;0.011983200899236102
-0.0035500841752607076;0.0029238339841355094;0.0040411964418552776;-0.003967867513842378
-0.004185231406151674;0.006254595331390881;-0.001460456603684979;-0.02103169143948744
-0.004218651239403801;0.005583733973011293;-0.008569224397932517;-0.028215460750113823
-0.0033942754577672837;0.0007274234993265814;-0.013972867585167328;-0.020260798600769774
-0.0016672299337442901;-0.006254218219513146;-0.015094519593088041;-0.0017503672058214088
0.0007763949708992401;-0.011901128745653865;-0.011858320828328228;0.015750031341999194
0.0035584116459126056;-0.01317817283051634;-0.006754438108353418;0.02151290144465309
0.006206464720300312;-0.009184723499142358;-0.002979771125117004;0.012745792436383808
0.008279203229116799;-0.001607119392273611;-0.0021134028379009664;-0.004008353102593575
0.00947883868959666;0.006378593400658708;-0.0032134672199754543;-0.017803610819622777
0.00972540160522707;0.011933065903936026;-0.003932857350295263;-0.02073586818116044
0.009179063833948772;0.01383808715715765;-0.0025382546357527952;-0.012679199730499035
0.008198866912192624;0.012546302811845154;0.0008244398522779639;-0.0004099009899417859
0.00723523968814738;0.009339605197977401;0.0044019907678215;0.007680041581565762
0.006680580730044934;0.0054832449941879255;0.006175790764472157;0.007187034613419565
0.006729493061965714;0.0019340418064042373;0.005186909314268243;-0.00017402774456863704
0.007304166032434312;-0.0005473349751197358;0.0020071880366338743;-0.008733452777796807
0.008078818450474185;-0.001368838136038457;-0.0017367308048236848;-0.013066519687479225
0.008602544392829349;-0.0003824820649080714;-0.004280173615371298;-0.01110608303982658
0.008480323979265188;0.0017935421786468633;-0.0045189806426373675;-0.004541964175251313
0.007536294256774483;0.0038208745329223266;-0.0024302983627952535;0.0029335151214287198
0.005876136048533864;0.004213093849642841;0.0009103485552344029;0.007796293450333653
0.0038109139648814625;0.0021956584082137745;0.0037037999433837806;0.007919490144582212
0.0016872687132235612;-0.0016426432920098022;0.004209583176631953;0.0028366087493088814
-0.00027132122783670484;-0.005393955663469748;0.0018159648754175416;-0.006061644872772551
-0.002020365157834615;-0.006745438084874762;-0.0021444489234556502;-0.015118292734616757
-0.003630239992521691;-0.004406132848766287;-0.004673241802136469;-0.018966488767656275
-0.005162698424917392;0.000772067496997501;-0.0027613815595887254;-0.013187211474977928
-0.006575374729851684;0.005819568751603644;0.004558110851668134;0.0021231775771240274
-0.00770854790954774;0.007084688368119328;0.015342928457982038;0.021051160786040163
-0.00835060900605802;0.0024316326418478878;0.025699933493644935;0.03474468081892409
-0.00833990779057827;-0.007097591819148893;0.031713737700536704;0.03677994695883548
-0.007654087776721202;-0.017316473929842986;0.031056005871360426;0.027080768881702823
-0.006449991308209602;-0.022853461061825793;0.02372946558832751;0.011666467198060106
-0.0050372060455231935;-0.02008775615955696;0.012099907066126995;-0.0012485419791844314
-0.0037921453676185457;-0.009386295990993183;0.00030083999946533863;-0.005907423615023709
-0.003039085748071184;0.004773239111692871;-0.007197312071978325;-0.0016107036873830934
-0.002936123647720614;0.015996768944663124;-0.007695194709878221;0.007708095421750243
-0.003409939255556241;0.019276700515777737;-0.0019588073565492492;0.01612910065878125
-0.004174968652093441;0.013519336195961408;0.005891191475010179;0.01905714303450366
-0.0048376405622597785;0.0019026418717153564;0.010585644712140588;0.015582169859432
-0.005039992028359336;-0.009996387224264502;0.008688498798260587;0.008611074344073528
-0.00457579585472095;-0.017080179217030925;0.0004620463396605985;0.0026061724234033756
-0.0034318509545319224;-0.016986134892584284;-0.010405193194960931;0.0004839901753581422
-0.0017500326039096422;-0.010678331403991277;-0.018858607168834505;0.0020088090986696084
0.00025638150477963896;-0.0013817430103141735;-0.02113088866965243;0.00472584964658287
0.0023864510023092465;0.007276716493074761;-0.016654974181564617;0.0062820412397167295
0.004503570372240469;0.012829577260318718;-0.008234151885437642;0.0060536999195971875
0.006545688529301581;0.014571707548937201;-0.000309769600284565;0.004962459016530908
0.008498892259862237;0.013217983992597314;0.0036253721456817913;0.0040239007402371905
0.010347096769990712;0.010091963521009942;0.00276591722340907;0.003109761751106893
0.012014065639407868;0.00641319869030564;-0.0011478820429427917;0.0010413522929267605
0.013317455630731072;0.0030271218197661675;-0.005446138263121312;-0.0030924752332000087
0.013961377021585385;0.0005241298348924242;-0.008292694489026827;-0.008562809766634866
0.013597075052478067;-0.0006213687899195342;-0.009437429323867853;-0.012850350296912817
0.011963733805145309;-0.00021956764370115905;-0.009647172579208673;-0.0131116661814653
0.009075933885188417;0.0012399677029975658;-0.009426568222680155;-0.00839449958236865
0.005370654140131821;0.002441294571986066;-0.008172545627345356;-0.0009488186271112979
0.0017035774089166178;0.0017400955580365548;-0.00463471605978828;0.004661190952642739
-0.0008762433895425542;-0.001841151143171689;0.0015321138385201243;0.004463871682473154
-0.0015406811303272205;-0.007780626760136287;0.008446661819264487;-0.0018430825118286374
-0.00012596841939916995;-0.014058936454882359;0.012350022006012765;-0.010069316211196819
0.0026276142108484744;-0.018154363200035783;0.009928153783646965;-0.014128416018686878
0.005221132475926072;-0.0184815038659967;0.001176842441782391;-0.010625560034979747
0.005931152407434324;-0.01529677971020564;-0.009671209590857856;-0.0019489093373455456
0.0035196927651336193;-0.010393685111831806;-0.016556072018248075;0.0050233975113454545
-0.002213852344401696;-0.0058639311144907036;-0.015741297898709195;0.004145517409380303
-0.010302886590446375;-0.002949403415504307;-0.00819520502806487;-0.00474802745157589
-0.018946748581790795;-0.0017531729234756422;0.001620097095807377;-0.01499302153596946
-0.02612438318748715;-0.0016689009693292387;0.008944124394391273;-0.017885625094197978
-0.0302145134906626;-0.001887276061869904;0.011113699381723456;-0.009640154336630537
-0.03040477835130335;-0.001628863328487226;0.008105217686677732;0.005246502784620884
-0.026805070080370665;-0.0002675939531147334;0.0019075092833548085;0.017283758523497308
-0.02030065768103067;0.002397120910373007;-0.004558736726379521;0.019270596957038647
-0.012243407849011853;0.00582330947079812;-0.008702609795240275;0.011466461147542616
-0.004094581140708896;0.008766150266393699;-0.009243330401710612;0.0006127122365342603
0.00288067423149609;0.009881702800382268;-0.006373482273369139;-0.005815248602086514
0.007806195007224466;0.00859730082713212;-0.0012150763304133575;-0.0050992488720419124
0.010266980551265367;0.005642153828427896;0.004780454805093331;-0.0004577870609246262
0.010292318623954785;0.002769639640544295;0.010119250091077904;0.0022234059814939416
0.008291135668351365;0.0017112885532060815;0.013446523260543367;-0.0009008617574398355
0.004961218257323586;0.003008374085017496;0.01390851352692323;-0.008832977965725988
0.0011653056041780727;0.005610426996837547;0.011577566716188318;-0.01638669640161403
-0.0022357700908439827;0.007644305433816127;0.007511620165334114;-0.01765437418405671
-0.004568104540743441;0.007801689902564503;0.0032156117141145125;-0.010144327834929847
-0.005486210922444868;0.006232860888742575;-0.0001510602791736526;0.002967791149637148
-0.005014499833730462;0.004271541037764219;-0.0021620989695571285;0.014153766474789787
-0.0034816481268337015;0.003338122322205178;-0.0028824039363050877;0.01605659243854174
-0.001390144754539874;0.00396693434149979;-0.0024956268013061273;0.006601751471562246
0.0007287134233010212;0.005603008799216896;-0.001339049938150097;-0.008874492692048883
0.002448125778704751;0.007099504898257168;-0.00014613349831644416;-0.020547244822775087
0.0035538568698117584;0.00742937431764073;0.0001597978594845199;-0.020650411785855784
0.0041000260037100935;0.006182052724722359;-0.000790407056996085;-0.009140028119385366
0.004377657121140275;0.003684933375202406;-0.00232762633379563;0.005942441783537229
0.004788764085670323;0.0008029490667599413;-0.003259488143125279;0.014062845361294603
0.00566878049967459;-0.0014580843727971097;-0.0030322170085286962;0.009740310381380861
0.00713238175512426;-0.002403126456091616;-0.0023440286263212732;-0.0036375820489790794
0.009008715819858432;-0.001960291266660187;-0.002490396383022511;-0.01656907273167167
0.010892516278389414;-0.0006604872554936311;-0.004060595381020264;-0.020482216383953564
0.012293074357973863;0.0007095335503558645;-0.006314553105844972;-0.013585406462068048
0.012826907089595418;0.0015033005032244388;-0.0078255887674751;-0.0013400601637112795
0.01237376858340989;0.001361113988036202;-0.007632225104622553;0.008068735064402099
0.011114305519535761;0.00011010863315515436;-0.00574430861369082;0.009127039983486957
0.009417617098797546;-0.0022744929473264845;-0.0027320625858834107;0.0013611159022745383
0.007638321514666405;-0.005411471525087751;0.0008973703566404821;-0.011743192398509947
0.005948614090972559;-0.008181695624403358;0.004833323473019768;-0.024936367703421218
0.004308416632687888;-0.008902956129635962;0.008615536405697555;-0.03276099972551951
0.0025783541303496913;-0.006292369191916351;0.011336594519635257;-0.03094114542819315
0.0006841863430463217;-0.0006481811996986629;0.011860862030621297;-0.0184381856595961
-0.001281710197840844;0.0058176777690875925;0.009575257747235123;0.0009314177886127899
-0.0030798288562671524;0.010012830478506684;0.005138965780954053;0.019490750246474883
-0.004438541605057334;0.009721809485489778;0.00046895893531008194;0.029599875055502874
-0.005188205390249736;0.00482829958980627;-0.002301402295222341;0.02790275426846669
-0.005341525036745908;-0.0027852602182209525;-0.002194481651896572;0.01687554683103915
-0.005087587272926097;-0.010421968730210817;5.199183207826898e-06;0.002901557116437135
-0.004712252669576712;-0.01593542356079178;0.0023382529579404282;-0.007396086727313279
-0.0044858966811583585;-0.018477501655053487;0.002918086061588961;-0.010241126322593136
-0.004566008151981224;-0.018411298176217783;0.0010004427233029675;-0.005931476903140962
-0.004951583403230769;-0.016696376532698072;-0.002660030372609901;0.0018898056626044755
-0.005503575488365376;-0.014232209771675023;-0.006287098593674885;0.00838504514655364
-0.006017586952557934;-0.01150469679724831;-0.008112882045121325;0.01012700152688778
-0.006313185889707223;-0.008608006398282946;-0.00734652208398061;0.0068296178408708075
-0.006299741076742268;-0.005497191405940746;-0.004510880872579716;0.0011758678838432466
-0.005993354094700278;-0.0022435755545188152;-0.0010441732215306714;-0.003096605585153406
-0.005484652321262211;0.000898905139597384;0.0014813771660577948;-0.003514831620329995
-0.00488034637380548;0.0036632940181087702;0.0020759177938221704;-0.00013545675103009583
-0.004251717343325954;0.006014489244858095;0.0006972300252602626;0.004807711440703439
-0.0036148007252849628;0.008200416283649741;-0.0018228943787765564;0.008389966203750038
-0.0029447888356038633;0.010469048225471027;-0.004199867997399996;0.00862743300012754
-0.0022065884888398833;0.012596193566786226;-0.005234353700329321;0.0053997563252066874
-0.0013785087903445592;0.013582452482316754;-0.004228587421594306;0.00032450390247377493
-0.000457192382817395;0.01185848258065134;-0.0011898960540433247;-0.004191978067851854
0.0005516884991398317;0.006082884696077348;0.0031177080488303016;-0.006173053930583944
0.0016421716504955157;-0.0037626610675840716;0.007232771276252216;-0.0049998702442820755
0.002802408465696891;-0.015607327910169987;0.009285010102317087;-0.001657399160366657
0.003991713697152152;-0.025539800210424755;0.007687146074606224;0.001879894984093107
0.005111375096604613;-0.02933220461451304;0.002151670067980465;0.003935486329102209
0.005990166521877326;-0.024639065189760112;-0.005517360087041839;0.004355882009004053
0.006405730520861706;-0.0125576202313337;-0.01167832628979867;0.004668155174379694
0.006150425964969376;0.0025689206053682414;-0.012555739460841877;0.0067504405150827455
0.005123537160966509;0.015116927520817152;-0.006689962090549133;0.010855261349025255
0.0034025635257294256;0.02082453105615122;0.0035423353588067553;0.014701249951065263
0.001244730703290252;0.018709770120714557;0.012776821874062674;0.014800342168320255
-0.0009890304828791985;0.011344402679430645;0.015737918612786516;0.009275495152133627
-0.002945370304210035;0.0034195072662281437;0.010637624411667275;-0.00024933392531799315
-0.004369985145961168;-0.0006251884994559824;0.0005375637495526377;-0.009585004465395277
-0.0051485606920661274;0.0013174292102093826;-0.008368911360044995;-0.015024567823132018
-0.005295583443968587;0.008271049232847182;-0.010536302405162097;-0.015734137072044626
-0.004905821105545361;0.017018705887638107;-0.00455967767166087;-0.013481931438891676
-0.004090468367526792;0.02388187648772207;0.005884782743083779;-0.010398466301390021
-0.002923728986817372;0.02635256127379628;0.014454992536303004;-0.007193997514079353
-0.0014238600529969904;0.023828842828007412;0.01639091075899278;-0.0034090193925699576
0.0004228617261182426;0.017397518527189383;0.011469958677343633;0.0010033991936144314
0.002613881823109984;0.009058413080199628;0.0034773651086881705;0.00474303333633621
0.005092744283794991;0.0008395806096863361;-0.0030426820246381124;0.005975331646405482
0.007743589318962519;-0.005845104873747602;-0.005874006803515486;0.004040242211964844
0.010407882007283506;-0.010366011684955703;-0.005813043020292696;0.0002435896529843529
0.012896154885194725;-0.012588314775296865;-0.00507107305745814;-0.00310403915389485
0.014980678787414853;-0.012462998551798499;-0.005221621262415912;-0.00442550864551888
0.016383743599381766;-0.00994011211499684;-0.006337436178733823;-0.0037384899900978746
0.01679297408730725;-0.005323628208424959;-0.007522859444454649;-0.002048260255067805
0.01592402723508038;0.00030228201036334095;-0.007887392869935431;-0.0001704485653049036
0.013617360997820254;0.00512930495047234;-0.007055906119362163;0.0017677172424314215
0.009924120606793483;0.007387246533146435;-0.005142195916515548;0.003857845131009048
0.005134831117607376;0.0064130843059848714;-0.002616961821011197;0.005767807062460351
-0.000264309364911144;0.0032183792021989103;-0.00022990089182445644;0.006751646511622488
-0.005688193921544719;-1.5582331420967443e-05;0.0012698496256950498;0.006225236486550114
-0.010569706839817465;-0.0013034691659933582;0.0016841690025335737;0.004187588783041276
-0.01446629640713258;-0.00017601852763389887;0.0016823028516274622;0.0011399748954512869
-0.017129437205648697;0.001983358049531539;0.0023106639812331435;-0.0021357707254206024
-0.018515727973519;0.002848640537576122;0.0038786870976303648;-0.004566354962926566
-0.01873594533657537;0.00068693462559336;0.005236527013482068;-0.004823412578546476
-0.01796682222556851;-0.004503442370243831;0.004386863111403109;-0.0019667379838729806
-0.016371096100808162;-0.010903719853454459;0.0002168024312959775;0.003480926008808682
-0.01406431841556849;-0.015764925948876213;-0.006107260872776112;0.009181433946034273
-0.011134541356283514;-0.01675161736710875;-0.011487194899635927;0.012281045609822225
-0.007690650676363998;-0.013123699744895863;-0.012862025114344935;0.0116302803003655
-0.00390770138364775;-0.006205539488757684;-0.009195160551490559;0.00882918477916648
-4.6531604111062036e-05;0.0011782105599715174;-0.0019659808639211004;0.0068233044258141935
0.00356428871394158;0.006116876219385708;0.005950390198920262;0.007242247811778537
0.006583661070995937;0.007130628873972897;0.01194795777811241;0.00907134493046036
0.008731510932615415;0.004873420584674179;0.014776446223031097;0.009882687624544351
0.009847049756070425;0.0015761886757457621;0.014642567015226536;0.008207092618953148
0.009902314009756878;-0.000377705490636152;0.012610571802794984;0.004651200578916016
0.008967030088262547;0.00021846492879166164;0.009832898973280255;0.000982209428221672
0.007154113646649753;0.0029705570499519215;0.007005524649026214;-0.0014397594740485976
0.004596401395962465;0.00643687697522378;0.004200808248107497;-0.0022420142619939956
0.0014948219262656969;0.009053145679748829;0.0010889415754805835;-0.001598488556135552
-0.001771413652134428;0.009764724851550964;-0.0025011533744113807;2.7443262006831857e-05
-0.004550598634378213;0.008198597668038661;-0.005913901689791998;0.0014158693858759067
-0.005958044753639171;0.004646673869078609;-0.007472574528434353;0.00038651999534909193
-0.005127855672218818;6.046501584412677e-05;-0.0053673339341048475;-0.004938175848591061
-0.0016299257875603587;-0.00410564542685207;0.0006076599298380814;-0.013872703344800136
0.004139224060655827;-0.0064588814173714626;0.00794102660709194;-0.022164944190865437
0.010837075802479607;-0.006520719120591397;0.012475934832894536;-0.02410452738769578
0.01647501431226978;-0.005253190185730564;0.011338669051433718;-0.01683184534888464
0.019076849071364983;-0.004585355406655045;0.005176937938696013;-0.0033987511838297303
0.01742797673927379;-0.0059684015129044254;-0.0025275644503598093;0.00844375009140352
0.011566784730957796;-0.0090410857047059;-0.00827836078615263;0.011502279054325026
0.002786127838714837;-0.011715932873548073;-0.010554404265710029;0.004752542587132203
-0.006837123355557197;-0.011791920532546945;-0.009452393744804742;-0.005347548676722375
-0.015148443847366112;-0.008720516037464642;-0.005425012385881235;-0.009670294126843802
-0.020558043920811498;-0.0040411965041821435;0.0008611885162993015;-0.003962923000209403
-0.022403953603592715;-0.00025734825949397233;0.0076339263375914766;0.007383225924319095
-0.020970892887507916;0.0008397965749599837;0.011841104457540014;0.015017488859639463
-0.017234453184799093;-0.0008389259857886122;0.010647927629052553;0.012684595825852142
-0.01247459547717556;-0.0039001972735392787;0.0035644128329862506;0.0025257756880667477
-0.007909115130273502;-0.006457603259620507;-0.006679586461198299;-0.006848493129611241
-0.004445957906804233;-0.007036700005635033;-0.015423083332362187;-0.007544340901332167
-0.0025729068222503683;-0.004937013788885916;-0.018757714180239193;0.0013152703319631444
-0.00234717112040377;-0.0002503532624230203;-0.015785100425205357;0.013078774391099154
-0.0034468268045466212;0.006081270663046699;-0.008883124761521762;0.018832423248646882
-0.005273132640314243;0.012185339073201197;-0.0018447141585547153;0.01406682539723467
-0.00710077591731821;0.015586775260981595;0.0026565658480864796;0.001725075160461043
-0.008253051487228862;0.01421897107978107;0.0043867470963386695;-0.01026203213871167
-0.00825651672977536;0.007716935950597031;0.004896781201294072;-0.014706487184137534
-0.006929426377079736;-0.001929935019873761;0.005765510202919842;-0.009883475118833909
-0.00438409653679095;-0.011032201168167426;0.007293686100094698;-0.0001747250387500279
-0.0009585700663441358;-0.015922059912688667;0.008520610748055418;0.007344868188463221
0.0028856337611551834;-0.014726061261549512;0.008225129279037641;0.007750236871637095
0.006665460012743091;-0.008153490473249016;0.0059169551555809255;0.0013036792890368386
0.009961093439536524;0.001056581016101594;0.0021045372654703363;-0.007121309361778674
0.01248159539402591;0.009561434284775051;-0.0021141506781924726;-0.011590753961909284
0.014110831114850531;0.01483505764000736;-0.005589885094069529;-0.009057419467735894
0.01492305718601225;0.01591432118863454;-0.007363418231496473;-0.0010288051001106165
0.015149359380698018;0.013362174759289929;-0.006686409379208394;0.007901351467308165
0.015085852619980834;0.008754407876693024;-0.0032118821347365237;0.013237722511095892
0.014965375460851749;0.0040336019041912015;0.0024972996379230552;0.013091887113390464
0.01484638059757363;0.0009046230645668441;0.008571889878310677;0.008520370492203238
0.014576923649989835;0.0003290009857881609;0.012235464998414837;0.002025773391234653
0.01385928427336114;0.0021919347410770083;0.01116230283265461;-0.004203009224776432
0.012391700484112601;0.005297276945534969;0.005029428913865916;-0.008969111905540885
0.010025596566646339;0.007835775947381654;-0.003910190876370641;-0.011659849380086268
0.0068652475309059855;0.00823419752016879;-0.011830801370812716;-0.01184468418327864
0.0032577078125690774;0.005962522151243683;-0.015426053612921056;-0.009687577579839577
-0.0003275261659438159;0.001813705859959155;-0.013817102924465415;-0.0066250159457764395
-0.0034681623886856257;-0.0025084967129387807;-0.0090096690580373;-0.004955248210134642
-0.005916425006819493;-0.005251188648845883;-0.004512332721064251;-0.005950016798160656
-0.0076205707332651865;-0.005481633518121589;-0.003032581059422674;-0.008070050270186764
-0.00864696751887185;-0.003542785883821963;-0.004889227952382846;-0.0075342639846453325
-0.009068877535322512;-0.0008516035397267188;-0.008162953668092903;-0.0015171533561442407
-0.008897130670641308;0.0008795035383786986;-0.010174795853711373;0.008682734251823964
-0.008088101723762363;0.0005751690150278472;-0.009059367062771098;0.017710925278174625
-0.006612034894049388;-0.0016551570130233268;-0.004615939430844459;0.019822316281308868
-0.004534776111516901;-0.0046575530400389305;0.0016033699083092946;0.013120505835606686
-0.002065764175059636;-0.006924457976166576;0.006857160566283994;0.0009151703669340225
0.0004561989363080128;-0.007379136679420385;0.008452851938666073;-0.010588819713373122
0.002639096639225469;-0.005828362637548303;0.005271755034897815;-0.01619068992054164
0.004145709717376462;-0.0029470413642336533;-0.0014213726218476651;-0.014422004982064888
0.004788380735717636;7.672038852253761e-05;-0.008631398303320496;-0.007688371173087584
0.004574266550214638;0.0020219335126418075;-0.0133576954370404;-0.00024839445744127874
0.003689216829098451;0.0020630284946294673;-0.014150055713710145;0.004410075731753282
0.00243139506994245;3.493973726394673e-05;-0.011504128393496127;0.005221038125447499
0.0011187076501028425;-0.003505180472575624;-0.007085805666244284;0.003503289783256058
6.040219000998249e-07;-0.007412291218833164;-0.0025389447282329882;0.0015967073980702182
-0.0007943348702786808;-0.01028028602447256;0.001345740795628354;0.0011887685493954375
-0.0012570557854192763;-0.010943708476241954;0.004771628150295504;0.0023174275145823988
-0.0014526635316040608;-0.009018093252007968;0.00846575548715565;0.003508756696402402
-0.0014637012556124685;-0.005192927942334208;0.01288730832554511;0.002876502915904906
-0.0013544240961323505;-0.0010134392204789123;0.01750729979651549;-0.000453613243342203
-0.0011667818987491916;0.0018307260250175067;0.02058797154251682;-0.005425875771530898
-0.0009352655409388676;0.0023383762786822727;0.019829666775643025;-0.009333367538431874
-0.0007000173681488189;0.0006523996157326415;0.0138859774619404;-0.009399254228177067
-0.000506664623381975;-0.002160070746502229;0.003924120863899564;-0.0047832872918091894
-0.00039513174361677054;-0.004902156139117557;-0.006195245642644415;0.0025384638598486423
-0.00038762718083683263;-0.007117918851413536;-0.011809640542290058;0.00893407660884333
-0.00048497327534978803;-0.009390389579144556;-0.010337891083601558;0.01151244665036248
-0.0006729087223562227;-0.012726111629049892;-0.0031188004424667465;0.0098703827883874
-0.0009326488508964604;-0.01733693348020017;0.005026670280696996;0.005963958482116238
-0.0012495197930087114;-0.021675111107049286;0.008230079688713487;0.002449971540554187
-0.0016198269396396564;-0.02261315617459461;0.002770486261024354;0.0008466355836248693
-0.002061890425408939;-0.017049908658340735;-0.010497797185898616;0.0007575804707432258
-0.002633412629629282;-0.004169663257165038;-0.025906974190419856;0.0005703558907133856
-0.003441200996282763;0.013210415208451206;-0.03557034280755887;-0.0009666989543457352
-0.004614290844897686;0.029429449576845342;-0.03376659863285058;-0.0035458516674704236
-0.006226078550943713;0.038678063555402466;-0.020471443415513445;-0.005475998821649978
-0.008201112610691464;0.03797299407538889;-0.001580353532466011;-0.005023398330057858
-0.010279243344734939;0.02860210910258806;0.01444025090782646;-0.0017077307661923038
-0.012081546541294032;0.015298600526731921;0.021337187635153236;0.0033245229829878755
-0.013249204572474403;0.0037982987757701576;0.018331645613805476;0.007741340969158665
-0.013576727030021486;-0.0018021774818133794;0.009968894418407315;0.00895307733431281
-0.013067768734411365;-0.0006143293470431399;0.002850876428722831;0.005491535003282132
-0.011888024654063422;0.005097394591391784;0.001490234448962514;-0.0016319037263377
-0.010244610440338175;0.011321285690481199;0.0059253774782326695;-0.008875004726770294
-0.008260122414675308;0.014248562432029526;0.012391688726282133;-0.012235454787438201
-0.0059146779278993694;0.01190286157501194;0.016278637455907352;-0.01027716938587832
-0.003094728045558526;0.004836442251907318;0.015149086946404277;-0.005481605185464219
0.00027306130233543913;-0.004359456487197724;0.009744023103162221;-0.002326475428036881
0.004077909010482063;-0.0124931983323207;0.0026753133706909045;-0.00345365033005277
0.007960048042214611;-0.017388908769957474;-0.003593958254949141;-0.0072962479303861644
0.011380906673603924;-0.018746282670155257;-0.007732987742543289;-0.009384227969719341
0.013821457789214344;-0.017797219074311848;-0.009262794894736321;-0.00623037813212278
0.015035714360689463;-0.01613847105710177;-0.008041328840774162;0.0015728336001868974
0.015241366837348131;-0.01462889977550062;-0.004283834616700261;0.009578756247611512
0.015125129499826164;-0.01304073065597081;0.0011385580041371301;0.012633087568399275
0.015594577978902024;-0.010476166405422873;0.006746492346839458;0.008321289707285023
0.017327043758687006;-0.006047113777142538;0.010924420448711794;-0.0016451564375223003
0.02030807753843318;0.0006219334513922419;0.01242150888311381;-0.012549412101998841
0.02362168245916041;0.00911742106658828;0.010700452393956072;-0.019207458106181942
0.025671278247527973;0.018092378198955424;0.006204157389082971;-0.01855526325401726
0.024792193179079994;0.025414855644342548;0.0003068687400768301;-0.01124331349733578
0.01998604531962669;0.028892679742067072;-0.005376680826870904;-0.0014539457751313247
0.011416574257662357;0.027376510107136234;-0.009858510192435362;0.005414869164428325
0.0004283691459535275;0.021439250399093755;-0.012842633746982357;0.006333657590557385
-0.010894529367798507;0.013011130019250227;-0.013973692184251187;0.0030227485516457035
-0.020399760935770096;0.0042541300372325955;-0.012453818584483566;0.0006660042919198547
-0.02648349660301759;-0.0034088689319794743;-0.007750188727402083;0.0033549264825156614
-0.028455797555928187;-0.009435514386697869;-0.0005937563057451035;0.01007918172245139
-0.02658995253590055;-0.013591909493350565;0.0069484820186275645;0.015126010693407852
-0.02189806352029041;-0.01540266068474785;0.012437812473341584;0.012873248884623144
-0.01574407559981517;-0.014269678811314322;0.014214981988194925;0.002897653459615067
-0.009444555828039986;-0.010172053500120687;0.012088538865306513;-0.009109647819017986
-0.003997392331034069;-0.004194792399359894;0.007420958474845599;-0.01561920917595943
2.827473315170807e-07;0.0017643300778371824;0.00253696710243079;-0.01326308567828366
0.0022927261326602657;0.005983857371665774;-0.0004675080228875413;-0.005431097771630634
0.0028728826830293486;0.00780109092727509;-0.0008629536993751662;0.000871675570578725
0.001935447593523522;0.007663829969714938;0.0004852719458433034;0.0011811224438229948
-0.00012647774525134032;0.006391410766262101;0.0019512249712439372;-0.002736718547009483
-0.0027410944421586577;0.004412948424100832;0.0023045500332318056;-0.004859557046717267
-0.005242765065404068;0.0017204313484247432;0.0013207138220205127;-0.0005362323233245866
-0.007010720802634296;-0.0015108209531526642;-0.000377106114592747;0.009333228704060587
-0.007603599242525033;-0.004415582369658913;-0.0018294855331221847;0.018940743087396315
-0.006839312393925967;-0.0057126844056586135;-0.0021463166857680098;0.022041180734761107
-0.004810122573930148;-0.004584956424233071;-0.0007309419651775263;0.016451095485304424
-0.0018477982398201014;-0.0013502839459128718;0.002497874408736961;0.00546490231794543
0.0015503917055919685;0.002666313873057065;0.0068390276132613646;-0.004247810937816408
0.004832701849910414;0.005876110033379291;0.010750248958541108;-0.006588840354638293
0.007528985298945787;0.007131510492801998;0.01233934639891542;0.00043035128499157785
0.00937440555318644;0.005985270316585512;0.010399389174721774;0.013381271749184227
0.010366716452912705;0.0026547635795367034;0.0053562526093552925;0.025144830327004288
0.01072126205068774;-0.001978381370821193;-0.0007649490753315571;0.028897945257670275
0.010740146470563018;-0.006361375014346433;-0.005562410306858318;0.02207338600859316
0.010660541136891766;-0.008632337323796566;-0.007719664255261854;0.007785940422063071
0.010553210490281033;-0.007497213223263089;-0.007481296183658521;-0.007184476552476442
0.010309985943207823;-0.003145285416199698;-0.005950913238712025;-0.016430240892839842
0.009720317022939623;0.002532979200427603;-0.004123519670576101;-0.017312763956258113
0.008605407954610053;0.006720561209674329;-0.0025414119044050846;-0.011751450980601551
0.006947357598448857;0.007051000459075923;-0.0016405588142142245;-0.00434480705974591
0.004935951586835296;0.002854099697510574;-0.002234645298861144;0.000546988084091843
0.0028922464014305006;-0.004352859089142259;-0.00548975576827342;0.0008239081069499966
0.0011095273639284778;-0.011398113407102927;-0.012023245986523068;-0.0029857744437398292
-0.00028562997518573384;-0.014864901572467025;-0.02048626168482226;-0.008442366344010953
-0.001363066852195145;-0.012804818488560916;-0.026951408565449184;-0.012343629883967056
-0.002298803968556378;-0.005872688447701663;-0.026492154968606078;-0.012295869902095035
-0.0032338568067795106;0.0028751771060234943;-0.016607899029765165;-0.008407449103473538
-0.004175004250046101;0.00953909531053089;0.0001316661599891215;-0.0037179462315772983
-0.004990726582618097;0.011381001838844603;0.016909793738029623;-0.0022425209932378917
-0.005491058871313992;0.008033612170049442;0.026715151063133217;-0.005757201641087288
-0.005536706654914909;0.001268570846950363;0.026402298812066224;-0.012122654414123905
-0.005117940947897967;-0.0062862281379974525;0.017766418165044772;-0.01671015963571454
-0.004368028129636348;-0.012468997546609009;0.00555148312806595;-0.01565095025503345
-0.0035116867562559923;-0.016166976912739967;-0.005437325473494251;-0.008309598781970684
-0.002779163880120083;-0.017131849387581173;-0.012176439884877639;0.0025078226352835973
-0.00232832200130939;-0.015543541458568117;-0.01381086911874718;0.012290783161058317
-0.002207389733131567;-0.0117865758410014;-0.01118028258432303;0.017233716969948513
-0.002366831144639602;-0.006491827471477237;-0.0060973298981394156;0.01600922771996381
-0.0027043644635728267;-0.0005960675837806284;-0.00061698216463804;0.01009044675602185
-0.0031157482266791596;0.004803305855134232;0.003634094571896106;0.0026497366102934245
-0.0035288258315492238;0.008790241329182474;0.0059023903771356235;-0.0031408519039331064
-0.003912319731277669;0.010964521560476514;0.0063267333889088645;-0.0054017920847531
-0.0042638713338248625;0.011553129934074634;0.005552833740463743;-0.0039492924998127624
-0.004588257559522204;0.011227018219914016;0.004241692643425939;5.996554610161064e-06
-0.0048772805295387005;0.010718798461684961;0.0028062080124291906;0.004445095817508148
-0.005100503818217314;0.010432571042976228;0.0014633902553774405;0.007211969428698965
-0.005211766369996884;0.010241258095794058;0.0003956350450567116;0.006812894342924478
-0.005169157154123351;0.0095821068972655;-0.00023682601594843383;0.003256474505998716
-0.0049569544096350815;0.007808251569256734;-0.0004302068514535042;-0.0015810053488652595
-0.004593638335321885;0.004607981165794487;-0.00034548155071305846;-0.004727337006898327
-0.0041179431534926056;0.0002658075228780231;-3.979193684366615e-05;-0.00402301058247259
-0.0035619833796408083;-0.004360332431597703;0.0007836324973335764;1.2396172888414252e-05
-0.002931697298713406;-0.008124040488480146;0.0025476056442980234;0.004058431461934413
-0.0022084151015683263;-0.01002763367944085;0.005122102167267193;0.004255296428719767
-0.0013670863436686727;-0.009667292108198363;0.0073843872660610205;-0.0005927055666722338
-0.000394656696079074;-0.007495786186993048;0.0077273567332728915;-0.007541148310165526
0.0007025473411527648;-0.004693148143288879;0.005390917956369508;-0.011387272532595276
0.0018986653581198616;-0.0025862126249187383;0.001513579554613838;-0.008792343690125866
0.0031457699050228658;-0.0018868888100996757;-0.0012739318479752112;-0.0013301775817298317
0.004369767645843813;-0.0022574653450495225;-0.0007215310713596302;0.005378358985217657
0.00547737956905303;-0.0025564186759107752;0.00315311799877326;0.006123574793595974
0.006380616317377691;-0.0016134883129672274;0.007867985616484477;0.0005348637156208365
0.007023765663787215;0.001045958667352269;0.010281041805921314;-0.006442587626642389
0.007387356509329082;0.005044064335132192;0.008914316774860544;-0.008612329285644009
0.007462938225348516;0.009551299060837685;0.004850526940926713;-0.0036820611517351482
0.007225995308033624;0.01373024596456581;0.0005726167074385817;0.004920352248558131
0.0066422404873561205;0.016720110845910297;-0.002040299693465729;0.011042968171082617
0.005709263782755832;0.01723340418109434;-0.002737885847852806;0.010947460054427852
0.004495223302040786;0.013466652450225264;-0.0022890446554096992;0.006200499587743982
0.0031341580739844784;0.004006779214510886;-0.0012621724952832408;0.0019644611257582144
0.0017756903390071022;-0.010499155786759848;0.0003575499604967415;0.0023041261043520596
0.0005248220745199596;-0.02624665007983132;0.0024370407750077725;0.006659676884379376
-0.0005904056965617914;-0.03717501703628922;0.003941518804909669;0.010517835955575915
-0.001614414646380336;-0.03793640910830585;0.003320676520506018;0.009516354378562448
-0.002638839462269784;-0.027219859856005977;-8.201800805847668e-05;0.0032478585837032296
-0.0037704825742003595;-0.00909997182610358;-0.004986373465167325;-0.004434528676467572
-0.005089989765895679;0.008748834307588315;-0.00873738030922445;-0.008576384383142186
-0.006598895282307423;0.019027557138260917;-0.009185176148783898;-0.006909894304821247
-0.008175278888556447;0.0185438084572425;-0.006279000573038636;-0.0012454921675920526
-0.00957325832249149;0.009466582384053634;-0.0020223128110237235;0.0043455104139817815
-0.010483537337142615;-0.002415825371579308;0.0010865235946174972;0.006699837767232551
-0.010632907438377843;-0.011065373495133821;0.0017884560751382965;0.005381411661538118
-0.009872193319307103;-0.013097494872143805;0.0006861981674253648;0.002093171183519588
-0.00820766482647049;-0.008795317336466706;-0.0005071887163511723;-0.0011253291641237504
-0.005767055635603089;-0.0011282292136687258;-0.00038403243060861503;-0.0031364703676559605
-0.002728715430126758;0.006256409615880316;0.0010824554251258204;-0.003733410304020443
0.0007447324697965892;0.010802619340604166;0.002523290167654018;-0.003055503312596224
0.004536640995951871;0.011799680141284154;0.002289575830377555;-0.0012573751782961591
0.00855794973597801;0.010104860692843172;-7.56474017839955e-05;0.0012951184529591674
0.012689397666882598;0.007291736679238304;-0.0032188829267853635;0.003761589357500484
0.01671251537763186;0.004746183562578842;-0.004801859861075327;0.00507694962664818
0.020267405735617427;0.003083321523835747;-0.003131293606749688;0.004696435241476151
0.022874595355882394;0.0020425122631012468;0.0016361490487042656;0.003208158741102602
0.024044538227703516;0.0008048477578789975;0.007434560415550623;0.002203600327661969
0.023465099996735215;-0.0014549394913997908;0.01125464845311013;0.0033165630259082038
0.021206205100431984;-0.005003313979078071;0.010576214990175995;0.006900532458542502
0.01783375996226854;-0.009182604401621358;0.004640633597176031;0.011168312441311628
0.014319878403686113;-0.012441654114417116;-0.005035613785949073;0.012635588387378889
0.011705293398824842;-0.012881049085089316;-0.01531392168119591;0.008158021086028722
0.010606282480263105;-0.00921826344244973;-0.023035374855184896;-0.0023554434434894657
0.010795497954849293;-0.0017597751621679341;-0.02649860879450711;-0.01465326222727215
0.011120277306411068;0.007241473604815677;-0.02565828394049636;-0.022068429280978116
0.00988995087301489;0.014302869748572799;-0.021183112154295664;-0.020019588388483955
0.005610885949114301;0.016382499483093182;-0.013841108178330692;-0.00974908955711323
-0.0022748857160710813;0.012650201170720219;-0.005049407783896719;0.0021026959042290466
-0.013020661400181;0.0051524911434180035;0.002587804332081238;0.008357909271549781
-0.024748639836029793;-0.0022912059057595;0.00638281496689012;0.006975574960916814
-0.035056342033159237;-0.0063454200739329865;0.005777125879614204;0.002579496386970313
-0.041771541979085225;-0.00600633277319018;0.003180357550013933;0.0019464977639339323
-0.043568619189203885;-0.0027811952990776144;0.0021054666040977105;0.007180471807330853
-0.04026762299822836;0.0007704858103991249;0.00422853147396049;0.013088756698694115
-0.03277385185804209;0.0029087503118451906;0.008085184585903795;0.01168752207074641
-0.02272869411717858;0.003579212047846223;0.010345178188062562;-5.1767033159620416e-05
-0.012014796547500532;0.003802092467590201;0.008374271955064906;-0.016364704349131908
-0.0022882023878046534;0.004399500400238732;0.002159894887876093;-0.026543357688154554
0.005317404875505626;0.005313535252770458;-0.005543532935153112;-0.023466157796866578
0.01026202681218639;0.0059836518177307785;-0.010839249350352298;-0.00963223240026464
0.012506305236254175;0.006135059476300495;-0.011092910865287941;0.004428597668990449
0.012367470498627147;0.006024701288611984;-0.006622144825729255;0.008084624179985513
0.010402844829777476;0.005896672299991702;-0.0005238517489743815;-0.0015418294366985252
0.007325106261625138;0.005303525481340443;0.003333788032968216;-0.017770203653103077
0.003911089769401005;0.0031394998593310525;0.0028702155767994825;-0.029466467384418354
0.0008836701202333317;-0.0014527900076587252;-0.000836625721525718;-0.028818680946252364
-0.0012100228196843625;-0.008016616526512274;-0.004366858113019182;-0.016313597439538616
-0.0020840465025307323;-0.014499508760452584;-0.00439109227805585;-1.4197225143266636e-05
-0.0017439136059763192;-0.018104614093113;8.858041737685257e-05;0.009965054723468918
-0.00046704125206394504;-0.016794022861089362;0.0072434346682992675;0.008126733004668834
0.0012632149077430295;-0.010550236495504994;0.013735498821278488;-0.0028470904721823852
0.002879057048795637;-0.001660955336798343;0.01667581284941687;-0.014009687998118227
0.003899572618032041;0.006191344235635006;0.015001955335353905;-0.016386961177667532
0.004100354165921535;0.00964473818219531;0.009777063557320382;-0.007312675153433022
0.003597927586221228;0.007342548672061353;0.0035308621676717654;0.007663575647098303
0.002791315958120999;0.0007069472741969296;-0.001020695585477143;0.018751040081955314
0.0021784082935970713;-0.006654262747675357;-0.0023743374319480336;0.018869144022210873
0.002134917560356325;-0.010664795548757485;-0.000975605749556295;0.008410761571832003
0.0027595421467009828;-0.008773532271741546;0.001347029034998154;-0.005575846001869808
0.00384833143295865;-0.0012053036398162863;0.002951141317401827;-0.01473941804436948
0.00499859416166395;0.009171836409979517;0.0036759422385967957;-0.014893959453001671
0.0057904216463625984;0.01825842765756172;0.00473861944439834;-0.007686346614833858
0.005964670445784899;0.02261869373374117;0.00738302692102276;0.0018701204543981023
0.005515046321136457;0.020868313635569805;0.011528513803712497;0.009135621173359833
0.004647555200846112;0.013984798527440634;0.015491241099674407;0.011885031976960005
0.003630880295983984;0.004623171503931248;0.016768377577458887;0.01017884325866252
0.0026304691814286823;-0.0040932940377917774;0.013176766277686113;0.005720044883970452
0.0016328232251858258;-0.009794475017289113;0.003870303058335246;0.0017525294085053457
0.0005044253700393938;-0.011652567236972012;-0.009877795678150737;0.0024020672867980254
-0.000864956761522292;-0.010418660787342686;-0.02448398291238955;0.010152089679531405
-0.002440537886509452;-0.0077079197304295325;-0.03506744574759697;0.022827568221141077
-0.0040256227902650075;-0.004988737414963729;-0.037641745137385475;0.033490822419292784
-0.005353467026291438;-0.0029342055625958766;-0.031293064691409155;0.034625018466035024
-0.006218336416378341;-0.0014782588948916474;-0.018793372468087773;0.02364593823878889
-0.006560673550529337;-0.000337764684242636;-0.0051425978070013464;0.005110459736368444
-0.006464986525254015;0.0005448426408971638;0.00497370993940029;-0.012152241435674404
-0.006090508926784702;0.000986870444950449;0.009236947791507693;-0.02056847014624449
-0.0055887598300961615;0.0008969392162363692;0.008234185948775312;-0.018003768390644447
-0.005052952842836691;0.0006034889819314953;0.0044691238427538695;-0.008234952080207657
-0.004511204885360162;0.0008658874640333668;0.0006753744096796096;0.0019481015889574163
-0.003948556862293193;0.0024912650550760612;-0.0014689556835086664;0.006895658711875296
-0.0033352892256313556;0.0057638368476438575;-0.001601445416266235;0.005080723140345506
-0.0026476148121391254;0.010061897814786292;-0.00013626951924854824;-0.0006198555794196982
-0.0018801545264403637;0.013961636016857005;0.0023387969048307357;-0.0052366071355491725
-0.0010535315979643316;0.015838291797676853;0.005222041909567516;-0.00500180792778096
-0.00021318722560000002;0.014668744026269082;0.007760288629773525;0.00038236276723576426
0.000586896064151816;0.010597679497596723;0.009105180661080783;0.007692751069216527
0.0013094764239334057;0.004930243471504324;0.008719369417688512;0.01221535934604812
0.0019490546286533546;-0.00046835142984298156;0.006734074270982077;0.010627655923030006
0.0025230028685429453;-0.00403580798539467;0.003828292300462176;0.003078690096416374
0.0030477152338076103;-0.0051803321420535115;0.0007485172895653331;-0.006750624157062172
0.003524069597338751;-0.004444142035446465;-0.00200006797790888;-0.01369527894084534
0.003945387095205861;-0.003116816842205504;-0.004029872081486466;-0.014116531467259106
0.004313800223562629;-0.002500011299123815;-0.00486339917945425;-0.008080474356356036
0.004640284804585767;-0.003210107613989054;-0.004137033600457545;0.0007148017361772531
0.004924170474550119;-0.004923819486162861;-0.0021392848320009672;0.007313556824970723
0.005134190218803141;-0.006721418660138473;3.4842202478246026e-06;0.008611049002818854
0.005213024619450638;-0.0077619398140205;0.0009736172187048317;0.005033038386535202
0.005103821078715429;-0.007760680721288854;0.00029718901278078094;-0.0002837769766578954
0.004779082240601615;-0.0069148966266751495;-0.0012426183080344285;-0.003948657363642165
0.004255519884676471;-0.005433334531057858;-0.0023013702572273207;-0.004441265141759751
0.0035920677795164844;-0.0031942254910241495;-0.0021762968954701645;-0.002495767609052754
0.0028751068111330944;8.875691473923632e-05;-0.0013834905641864669;8.827981588876196e-05
0.002193785425761382;0.004329416528422331;-0.0010375807527610653;0.001880689097652807
0.001609096201936882;0.008669032957587992;-0.0016070979313343088;0.00235798219544773
0.0011268834791617799;0.011600876458178616;-0.002259682268162617;0.0015579551208817844
0.0006909849176847988;0.011547616588923438;-0.0014755074960245236;-0.00030550101974172964
0.00020876123857898517;0.007499136699710745;0.0015972483592420496;-0.002758007665910221
-0.0003966747718281876;-0.0005677964544345458;0.006224499828172615;-0.0049019963958453535
-0.001134895798503347;-0.011461622114282885;0.010318182534835555;-0.005773286232071201
-0.0019310504004172644;-0.02270021943633679;0.0115712983457008;-0.0050466337750205035
-0.002660216967668223;-0.030844903436360663;0.008736009183752136;-0.0032636358960756407
-0.003221105570144574;-0.03257104242841175;0.0024188804747013746;-0.0011930105225786286
-0.003612603872192663;-0.026274416025931745;-0.0049241733400969216;0.0010180398142792069
-0.003967173814467768;-0.013294809586459457;-0.009922056392654878;0.0038939989561772004
-0.004506158079715207;0.0022320509955657724;-0.009967137397476889;0.00768475496203403
-0.005420918262950637;0.015051102051626703;-0.0048666237373964465;0.011344760377599624
-0.006740045525040786;0.021118110082351538;0.0026681486387317797;0.0126664104136218
-0.008269181010562562;0.019321360155439133;0.008346881218590032;0.009868853778092672
-0.009647266288479226;0.011750153108114524;0.00887068384901194;0.003415009148242546
-0.010483614833394954;0.0024721097035300538;0.004102179768071605;-0.0038008103475171955
-0.010494324480187908;-0.004491933766529769;-0.0027549687686871382;-0.008442939771873638
-0.009570890099642735;-0.0069497052542393375;-0.00719197074232842;-0.009249147102900772
-0.007763613284285772;-0.005200654481199308;-0.006269604529403916;-0.007747208325404263
-0.005211876611882076;-0.0013716166543787307;-0.0004663115015707578;-0.006577423353526636
-0.0020751029108216712;0.0020204099979096585;0.006588314375528977;-0.007080420803868949
0.0014970201614051236;0.0033962599499673053;0.010338275072652281;-0.00830329500014715
0.0053522727501622465;0.00268496441632406;0.008189890615390502;-0.0081043879379517
0.00930692311449975;0.0009885743046079553;0.0012065481835006795;-0.005206436928887961
0.013128783284150689;-0.00032392767183554423;-0.00657518990594699;-0.00041331730249013484
0.01654484555238432;-0.00048203688984930636;-0.01069076600598582;0.00392141047160782
0.01926872221832186;0.0003691885968693171;-0.008855224350757113;0.005604418918248309
0.021036658578304897;0.00147976178943129;-0.0020343057078793646;0.004078138285685214
0.02164279533942366;0.002112503998310009;0.0063939031828413465;0.0006060126471239368
0.020967548220383072;0.0020405258314883205;0.012609219671121765;-0.00279830070019886
0.018994633335394414;0.001650496201053068;0.014230768982547281;-0.0047750556655414625
0.015813276509174974;0.0016431115453810904;0.011178065410424027;-0.005337041002907356
0.011604484352598901;0.002561010702512487;0.005270837422122301;-0.005483666994073773
0.006615174296196496;0.004453466687162798;-0.0010100285537625662;-0.0060849340550840365
0.0011296459523252014;0.006857625086928732;-0.00581433775435236;-0.006924724049084189
-0.0045509306750696615;0.009044151538902905;-0.008525425931040349;-0.00673144271403665
-0.010117404263462517;0.010319586116118011;-0.00941249366566076;-0.004323616971871112
-0.015257213915122709;0.010197619801772044;-0.008783006777216615;-3.145945771386348e-05
-0.01966587501195723;0.008400504724486032;-0.006504785821614644;0.003920150815451901
-0.023068442973898484;0.0048000542748064794;-0.002421300611983756;0.004767732017937384
-0.025242370779616215;-0.0005528280363149103;0.0027636219349006868;0.0015092111739825659
-0.02603195857017453;-0.0072532167543744;0.0072034498457952114;-0.003823492135065005
-0.02535626909314338;-0.014320211794934522;0.0088423194682793;-0.00738356194581064
-0.023222829141980424;-0.020135581189673686;0.006949597908676455;-0.006534388909814786
-0.019752850297558636;-0.022741297101107557;0.0029209662236257686;-0.002118218388609585
-0.015202612423671678;-0.020556641778636545;-0.0004235085160550496;0.0021789035625921923
-0.00995235936771865;-0.01331954575617859;-0.0005445359016255489;0.002923177964774376
-0.004448649634785635;-0.0027429948807814173;0.0033520283186910913;-0.0003153281251506127
0.0008778374063622027;0.0077459709849596586;0.009976497152204309;-0.005053413971322664
0.005673297338420056;0.014420946270215512;0.016693094858248034;-0.00847424774172524
0.009672837963744484;0.015208068874252913;0.02069467987015983;-0.009669483134341244
0.012681420284951945;0.010917741120547516;0.020058601768003125;-0.009335941604789637
0.014565581789368115;0.004782612029219542;0.014442637840531658;-0.00774368177472143
0.01527551058615477;0.0004766155732132272;0.005254311929985583;-0.0037537383476655326
0.014877346493352442;-9.166493692991085e-05;-0.00487825195917514;0.0037236464258678524
0.013560949876415563;0.0022634770183958186;-0.01320386195300802;0.013536962009421073
0.01160837689144365;0.004863169154144557;-0.01795414512369103;0.02217325981749914
0.009337483173985363;0.005101866931195493;-0.01886275003743242;0.02626179499062565
0.007044996249565827;0.0020634441441382666;-0.016908666924088524;0.02525621220306941
0.0049636195279103915;-0.0031319024533534964;-0.013536353512142912;0.021564687135350733
0.0032385205169244316;-0.008181383494415268;-0.00985967090857219;0.018120245263415193
0.001927108418549037;-0.010925413705266122;-0.006365669169955067;0.0159685543519806
0.0010205066071320079;-0.010399631257948027;-0.003237063945895627;0.01407570048245963
0.0004711399237933487;-0.00717461644156868;-0.0008124578631607814;0.011018105420904516
0.0002028756656802599;-0.0029051720558406404;0.0003911874877670892;0.006565585922444537
9.39354046928346e-05;0.0006229728479204863;9.146130716933155e-05;0.0018319469909687022
-4.483108050238808e-05;0.0023868556006757754;-0.0014042869599246769;-0.0016988669931162481
-0.0004486882983942381;0.002437571889672266;-0.0032481959552604577;-0.0031966692538038383
-0.0012998921488851201;0.0015180358077636306;-0.004403674336868384;-0.002893318662506081
-0.0025702355375511513;0.00036438368886329965;-0.004007228508873726;-0.0018885898075519793
-0.0038884598973745834;-0.0007511391878734276;-0.001618245096643729;-0.001616681083172674
-0.004543568139335687;-0.0019133384329223422;0.002546409255078039;-0.0031655382417531772
-0.0036968378176962563;-0.0030354202834033837;0.007348669405891207;-0.006637259788430919
-0.0007716196181501184;-0.0034357723728774795;0.010706381546189128;-0.010872556705797535
0.004135022991500229;-0.0020560579801835797;0.01028270410191022;-0.013892954180658472
0.01004252273974439;0.001625108662162344;0.004983633536569792;-0.014084301736394616
0.01525111018225766;0.0066448092610140565;-0.003636906939332695;-0.01148961265981755
0.01788664113205171;0.010578822983319958;-0.011642957017499707;-0.008130841615028889
0.01662594165120669;0.010944364523942835;-0.015177763791850296;-0.006715414311175586
0.011272267087915566;0.007095150196335948;-0.013216844540304326;-0.008369484067865416
0.002898326355681628;0.0009953841176329934;-0.00785618824418201;-0.011197184828596192
-0.0065092010281363995;-0.003902064891041609;-0.0019083364825567505;-0.011323356116947838
-0.014725992714185118;-0.004826323535157586;0.0033278201287218257;-0.006209468472920966
-0.019988093537537333;-0.0013342678107479162;0.007716463183188477;0.002413207628548953
-0.021453566058183497;0.004518784593253962;0.010415655005406562;0.009114340449649537
-0.019310204447550123;0.00936745768095424;0.009441836331716162;0.009064851211406938
-0.014559585844550596;0.010293246619879222;0.003617357381142907;0.002440788859497466
-0.008608118542551566;0.00625276957356701;-0.005259497380633448;-0.005264221380140507
-0.002835670022345011;-0.0014201489500409996;-0.012624414224180073;-0.0075241412170770185
0.0017154178031992125;-0.00959174903027977;-0.013960177442949596;-0.0019590355173381897
0.004474364206952269;-0.014738829698202754;-0.008001712279073411;0.007887240833988379
0.005330852398647855;-0.014613874755736516;0.0022254756060830563;0.015294482329166258
0.004543774558874622;-0.009371096894074156;0.011371455477518702;0.015163454082936172
0.0026177408772414664;-0.0014834703533741368;0.015264564727665103;0.007328627677484958
0.0001721677941639949;0.00561175401499938;0.013369677885206306;-0.003519591431543986
-0.0021791910245803877;0.009382677582672312;0.008541407346125048;-0.010796497018308272
-0.003922854758396396;0.009421802997268604;0.0045507840112318934;-0.009897204505644483
-0.004710135817626728;0.00727311812498617;0.003464134484724143;-0.000894732915289414
-0.004399007255890533;0.005115123250062105;0.004798552228539288;0.011271351759793142
-0.0030776711712073336;0.004311448417726866;0.006708230264398467;0.019315489944659123
-0.0010585281719934342;0.0047904945916020176;0.007771925036157871;0.01776111314361397
0.0011788774115130283;0.005472894951377004;0.007759319578935774;0.006538800766124826
0.0031061576954409618;0.005201575534348503;0.00707068967757768;-0.008388856501954043
0.004304022660899047;0.003441741066779655;0.005858322363202769;-0.018351675006014798
0.004605017015962195;0.000410649839419401;0.003847467778059063;-0.01750319451915371
0.004155864364033748;-0.003208123139034938;0.0008794334821828556;-0.006808211251131012
0.0033594236292283004;-0.006613744332096473;-0.002554633762655046;0.006542263255918408
0.0027097910373786;-0.009086106316937731;-0.00536881533593097;0.01401727062676444
0.0025885479684105922;-0.010081445224878475;-0.006435149295801494;0.011377173996715183
0.0031114720219821185;-0.009390187561813684;-0.0051266425791888556;0.001011660137400037
0.004089739977415318;-0.007373500579445799;-0.0015199370264133568;-0.010355261852883896
0.005117388096377833;-0.005056027655174435;0.0036363882576896708;-0.016420411013397328
0.005747889834405051;-0.0038055976760801307;0.008911417896026902;-0.014895794933378888
0.005689600418736076;-0.004585441293927525;0.012114073197469637;-0.007813602766353619
0.004932982747603204;-0.0071713787760646006;0.010511201678475074;0.0007795363322334741
0.003736648127472813;-0.009951057578233273;0.0017907454751939808;0.007407798112556912
0.002463469302811261;-0.010649580884520638;-0.014255152902160737;0.010344459761090044
0.0013512540958770835;-0.007628754396867826;-0.034200381498753665;0.009546953588277918
0.0003588917632947372;-0.0008944671255059337;-0.05104618873137172;0.006393910413658911
-0.0008040518886297352;0.007817376671777648;-0.056824845687887426;0.0033692035974382216
-0.002469443285085425;0.01579131799278496;-0.047001465041183785;0.0028715312880234433
-0.004753287158706909;0.020433027556753122;-0.024028928716596194;0.005270464266244514
-0.007418827006113956;0.020320286959634143;0.0029046836981836354;0.008119366225828406
-0.009946017326487021;0.01587035540995227;0.022580846309647948;0.00802043222501068
-0.011752878410680767;0.009212677053568138;0.028001937865989236;0.0037662450494474016
-0.012431364614915464;0.00310916475856476;0.01982456507996206;-0.002371120539962894
-0.011877682502914034;-0.0005349334089274434;0.004933776578536236;-0.006524878064695382
-0.010274535276752775;-0.0015564767356162311;-0.008147173138223258;-0.006392802409860057
-0.00796415666110192;-0.0012116937928270395;-0.013723064365692572;-0.0028067802007412062
-0.0052964713103415585;-0.001017889854307354;-0.011011759698092233;0.0012963580997344653
-0.002529312563291119;-0.0017228642744110316;-0.0033569637556717055;0.0032487322226392537
0.00019031288160395205;-0.0030925542598961566;0.0044849810972450235;0.002423550174702332
0.002787971795716464;-0.004466943443336935;0.009129936795147306;0.0002916609085612739
0.0052131419655588795;-0.005485162535893283;0.00978835317556542;-0.0010288250583635997
0.007410501950358188;-0.006359128982270566;0.007668336547508953;-0.000565310273337244
0.009311388774666312;-0.0075122564305435185;0.004566299356432376;0.0007005324605837244
0.010831342315546643;-0.00894530888441793;0.0017795609792344792;0.0006410691560984386
0.011867390050244115;-0.009921481890107678;-0.0002028776224149744;-0.0021348495558485836
0.012302304271340887;-0.009293995032503595;-0.0014156531825023824;-0.0067598454367074935
0.012025026934938395;-0.0062648494767036465;-0.0019504080338430272;-0.010275349291553366
0.01096460692636642;-0.0010200004939119032;-0.0016637537980606376;-0.009625296866152069
0.009122184728923175;0.0052054423839636545;-0.00028369455971818307;-0.004097924655459355
0.006585553521199877;0.01066873356791057;0.002112562697389265;0.0037432198948162995
0.003523302092129122;0.013927874379008357;0.004695566223543127;0.009533740290603977
0.00016646617547122426;0.014442235514136708;0.006176301170363475;0.00994322728772255
-0.0032154951836323655;0.01265321662542744;0.00584428379029296;0.004721018193912017
-0.006344931496048507;0.009600684979874239;0.004459906164017496;-0.0034902446685527925
-0.008973287338854217;0.0064077200038979;0.003923224965016177;-0.011154452413764773
-0.010916527351339664;0.00390832121662858;0.005676312428238607;-0.015852060145859697
-0.012071750282126474;0.0024501147032854817;0.009128606634281868;-0.01680886944989412
-0.012405494647831021;0.0018102874951217316;0.011638829876835483;-0.014109086258145645
-0.011925267271534862;0.001273607179868149;0.01035149393259324;-0.008014281341886417
-0.010660258507777654;-6.320027967835529e-06;0.004540948361091003;0.0006644224021030922
-0.008667331408870846;-0.002408402648443526;-0.0034215555017727472;0.009776685730773813
-0.006051894965138008;-0.005369906526814461;-0.00931504529263391;0.016089344187315058
-0.0029782042290414663;-0.007512048678681106;-0.009672424691646624;0.017089721615033263
0.0003434679896408062;-0.007477734808868241;-0.003926455266696084;0.01299011169739398
0.003680096173938303;-0.0049668301603080995;0.005284236608515565;0.006871445077677422
0.006788724335165007;-0.0011661302063606161;0.01370551177666099;0.0023910256314267487
0.009415235015668518;0.0018334848184552196;0.017840694772460513;0.0009065184359444963
0.0112979819537231;0.0022769857996368438;0.016676442392681342;0.0006726971777880188
0.01219834876708344;-0.0001969037167027809;0.011863212312653717;-0.0011213325436624287
0.011959410779372981;-0.004352253750197486;0.006405225243541549;-0.0054392331051223795
0.010566732707056452;-0.0080575848922987;0.002787054241823677;-0.010299954622505304
0.008176142346921584;-0.009395553186987322;0.0017692004489409268;-0.012298403657752019
0.0050914989864067365;-0.0075628101939930765;0.0025342416998737553;-0.009225761077347858
0.001704846874615792;-0.003178218471817761;0.0037815294988071393;-0.0017117322446281284
-0.0015735372294020961;0.0020485192830118583;0.0046715342773462985;0.007044681294525719
-0.0043738571292057035;0.006068250672086505;0.00489461410381135;0.013036565770031445
-0.006408059444572344;0.00731631767062912;0.0041880211413578465;0.013646174342979432
-0.007497750473990919;0.005303157802383401;0.0021600851302630976;0.009139575894875268
-0.007591394634333298;0.000804350324783345;-0.0012712187664180863;0.0025382266186013544
-0.006765486363511863;-0.004391308830323877;-0.00535605816114486;-0.0022978235525900905
-0.005205368076299575;-0.008117787218681984;-0.008543128157086178;-0.0032674505862817635
-0.0031729326395232185;-0.00868548094636313;-0.009141377133381135;-0.0014075400454623594
-0.0009721308628828765;-0.005665830636057171;-0.006204299831487905;8.177127846337752e-05
0.001087256869383095;-0.0002304670931065316;-0.00016853305277709748;-0.0015875806692580681
0.0027327197669456816;0.005248516405948354;0.007039027025529581;-0.00663457828204508
0.003773637809278147;0.008262292027065144;0.012563962136793949;-0.012551030044498791
0.004131299917308899;0.007367186675925278;0.013833433314964007;-0.015958101178872294
0.003843422298572581;0.002854961152545049;0.009973959302896506;-0.015040105589911234
0.0030458025308207305;-0.0034785767768803497;0.0025460003616941994;-0.010710499677973228
0.0019384995120498467;-0.00930664354449099;-0.005120680045047059;-0.005672070975385401
0.0007397324110964161;-0.012904652029561262;-0.009743375679066963;-0.0022785156719618387
-0.000367735036853979;-0.013808934017469217;-0.009877389719332953;-0.001021039893882501
-0.001281157397039134;-0.012703687293147633;-0.006511701730352663;-0.0006962464264396558
-0.0019906102086650335;-0.010721719211114705;-0.0022000274063238025;0.00022562317970774916
-0.002551674389782431;-0.00866232214957567;0.0005798072490387996;0.0022888171167444044
-0.003035467554151952;-0.006614674583083536;0.0007981819902467981;0.00466666138867733
-0.003486763763703429;-0.004160085599733294;-0.0007627778240706288;0.005779168972566503
-0.003910490410331611;-0.0009200508937856752;-0.0022633312609187687;0.004440230679491723
-0.004284733609777328;0.0029978094221387963;-0.002130638736660411;0.0008139736693346232
-0.004583464002850876;0.006976440045063102;-6.46053519503375e-05;-0.0034698799656071207
-0.004791796554920141;0.010257643662526118;0.0028967657512933135;-0.006190595554404744
-0.004905836350228029;0.012383371150088664;0.005163613744503708;-0.005867664838945882
-0.004920683720118051;0.013380319885305983;0.005599073341159508;-0.002701568310948417
-0.004818566050092574;0.01359571146118528;0.004111528731629729;0.0014627623640656063
-0.004570065173405469;0.013360249061804412;0.00156697297093335;0.004176514661862595
-0.00415280349092643;0.01274670408996539;-0.0008421507013665503;0.0038970998871427675
-0.0035771721881217877;0.011573614690644914;-0.0023268805854256788;0.0010488281096382901
-0.0028983974474446933;0.00960400128103141;-0.0028109847815899025;-0.0022045049940355816
-0.0021995545704149534;0.006775613125688949;-0.002640433488183893;-0.003528036191092994
-0.0015500823775158024;0.003327617974728268;-0.0020847670414898723;-0.0022608657418307925
-0.0009634842105145715;-0.00022477996996132877;-0.0012131449607210177;-2.804012199885128e-05
-0.0003810680965990151;-0.003260740628738581;-0.00023586890265184669;0.0005171740246305601
0.00030467162154268224;-0.005318520648454871;0.0002423735333074011;-0.002109607902561183
0.0011920265342675218;-0.006325069092407991;-0.0003832764136860539;-0.006868919951210187
0.002297477861990727;-0.006612158718098997;-0.001864458929798772;-0.010820302476398144
0.003499670689716595;-0.0066524895704507155;-0.0027384601796034925;-0.011248167079384907
0.004538547451801218;-0.0067016106140957744;-0.001265533135647688;-0.007562018849526556
0.005102605827897571;-0.006671345528352382;0.0027405881062554263;-0.001455630438920231
0.005002772394600499;-0.006363929414528127;0.006813700054869403;0.004580022210568288
0.0043693202202689935;-0.005801445807784941;0.00689364303140056;0.008809928308598598
0.0037541854257112663;-0.005218012411066507;0.00017954275187191736;0.010546115281754432
0.004025506493639099;-0.004598153242664048;-0.012385547522280913;0.00953394677276103
0.006027016870545189;-0.0032064628546381174;-0.02614585655291474;0.0058164645295033564
0.01011095380132271;0.00021023528765077163;-0.03542956058918747;0.0005220483357293742
0.01576450165168595;0.0063467336495757285;-0.0368337944526086;-0.0036689695472449297
0.021560047431788316;0.014112948592553827;-0.030652469052640297;-0.0037712986212340167
0.025538525332237834;0.020470195792796436;-0.019870992418461977;0.0010392247734265407
0.02592093010392513;0.021907310359709123;-0.008261906463712774;0.008033392233519017
0.021842017307322024;0.016736104860558463;0.0008613566635384574;0.012380974900124913
0.013751200475216453;0.006494872466081235;0.0053432828438620215;0.010724233748530163
0.003289159735761694;-0.004684249997455715;0.005056973199781894;0.004017014536387833
-0.007280640763121513;-0.012320460922676536;0.002294329170701444;-0.0030275698069344215
-0.015810813064435058;-0.013903721421494262;0.0003071827455498639;-0.0057719842375059975
-0.020878815827693423;-0.009931842860543874;0.000543935235704828;-0.003458772074829146
-0.02207691784653398;-0.0033103331683225013;0.0012840327560997885;0.0005670171768578976
-0.019952590026809422;0.002313179931179997;-0.0006311878839301784;0.002294556329360017
-0.015691548893803885;0.004309623628061069;-0.006548825419564889;0.000708459097749537
-0.010692586554669429;0.002109729194164162;-0.014369859478901488;-0.0015904580800303783
-0.006182662020796768;-0.0028015892687733865;-0.01990603579679939;-0.0009649125869397674
-0.002974372815888413;-0.007774250194828981;-0.019839820202294925;0.003904648343763594
-0.0013931724507420396;-0.010296447819795546;-0.013867426248284851;0.010522891845716498
-0.0013358340125240581;-0.00914131322383103;-0.004678967333623384;0.013999933989822135
-0.0023961807043984644;-0.004878005334333722;0.0038293668760144514;0.010447737976393102
-0.004006484736387944;0.0004677309034745181;0.008701315537199661;7.074345835933349e-05
-0.005568356587321377;0.004460738853382246;0.00913051005524966;-0.012264205103027281
-0.006564378636980788;0.005526888317994002;0.006282088763791161;-0.019644196354940538
-0.0066452809328557145;0.0037850741804738445;0.0021755724468039443;-0.017437518663263887
-0.005683807628272619;0.0009265142637466422;-0.0014776215547988238;-0.006542213652985534
-0.003785575528725133;-0.000875794114155274;-0.0037791585322307242;0.0067416224804457015
-0.0012533732279539167;-0.00042984337747397716;-0.004418095099444744;0.014404337247763839
0.0014888853784157628;0.0015693049058760212;-0.00324253442737478;0.011766546722791213
0.003998066604602785;0.0028726748091865936;-0.00024555251574420343;0.0005783047973914135
0.005919149357796052;0.001176686189617223;0.003955103632389229;-0.011996352395246351
0.007071779268497774;-0.004104135357041087;0.0077600460501384095;-0.017980850504676987
0.0074861589888596;-0.011005575681503744;0.009096115987527405;-0.01373518116046146
0.007365630970561919;-0.01584090313819975;0.006811699747951184;-0.0021285429746431654
0.006979425419275732;-0.015298565694517922;0.001987669959095988;0.00973084393257668
0.006528155076980903;-0.008480846479574701;-0.002111660030259094;0.015450997270355557
0.006051244832012245;0.0024323728715078194;-0.0018677635090100305;0.013299310077180139
0.005429038491465575;0.013263506672648912;0.004134374447471922;0.006430791456985387
0.004473477010706153;0.019962221745560758;0.013722731194967194;-0.00014999354543398822
0.0030481364498740763;0.02056732365825358;0.022180449532707227;-0.0029974780680022293
0.0011559319000020636;0.015958583557641435;0.025195449489667728;-0.00155386369672014
-0.001034656488763542;0.009042351408537198;0.021692398055719757;0.0026224883012463964
-0.0032278267315286324;0.0029253917478421327;0.014497574646951544;0.007131038805111584
-0.00508992670812524;-0.0007644836357316434;0.008337782962893496;0.009438422809074492
-0.006355922082212906;-0.0023840164201236703;0.006619179361576141;0.007436003330380523
-0.006904349227363472;-0.0034180870388995405;0.009250621951096839;0.0007109869800303563
-0.006764959277178231;-0.00503933802638633;0.012944923179527421;-0.007912056031236929
-0.006060468037185441;-0.0071875578793553965;0.013683480835375643;-0.012629228424741101
-0.004922678315568353;-0.008739634301362967;0.009568238030985386;-0.008130735679352508
-0.0034374238939773056;-0.00850196964070555;0.00207943729421495;0.005661010288232945
-0.001649976700989399;-0.006262592818261907;-0.005012847245333166;0.022032259754069694
0.0003826841310327446;-0.0031791278324896743;-0.008133382594908114;0.031408383780087396
0.002539120452331335;-0.0012172327513594863;-0.006027635764388421;0.027926192274968467
0.004621049669071142;-0.0019543344380686194;-0.00030267901932154917;0.013278804666263211
0.006387525680978578;-0.005494433130809476;0.005691392643795769;-0.004843543641102713
0.007611533391755856;-0.010209972824230773;0.008812054835323508;-0.017841085283028926
0.00813059982474891;-0.013520289027467339;0.007780730710022502;-0.020951716254416396
0.00787746421143468;-0.013257844605810492;0.0036910023143640947;-0.015028801586554893
0.006889054841659748;-0.008819639994657378;-0.0008290364041491943;-0.005048630569048563
0.00529405628417278;-0.0014688956014021059;-0.0032781315420066237;0.003263806533587518
0.003280985418472923;0.0063283294635125475;-0.002812053069586449;0.006645769712746588
0.0010566980362765788;0.012112877202662468;-0.0007233782301762655;0.005622979223048997
-0.0011891362442012683;0.014504077084264632;0.0005352844844285283;0.003380238194879037
-0.0033042756327282563;0.013590313748040463;-0.0007158371763121788;0.0030839453527793034
-0.0051814572303101715;0.010537383661645063;-0.0038795682438186978;0.005575019432314844
-0.00676020975330708;0.006751173222079726;-0.006372521920528357;0.009125485700331996
-0.008024446703537958;0.0031259793500908782;-0.005693460315844319;0.011328133581334042
-0.008991695241384576;-0.00020008580899141652;-0.0015765402121935832;0.011318795581909149
-0.00969216995789436;-0.003510512844519002;0.003635196013371924;0.010259666388680847
-0.010144322989417651;-0.0069006021538646975;0.006664959472207306;0.009748204378316899
-0.01033857776965381;-0.009840129021361122;0.005596261350198742;0.009817397645275196
-0.010237080894210016;-0.011217004715850533;0.0010815597344233628;0.008541682042701037
-0.009789652307641838;-0.009894475776271918;-0.004188496714003126;0.0037629486664280233
-0.008962100642530836;-0.0055157218844151005;-0.007160580800340341;-0.004521480081118512
-0.007770917578348458;0.0009409749890113438;-0.0060821358774732865;-0.013307651524573364
-0.006312489707614554;0.007328883853869859;-0.001236299858961304;-0.01823437587523779
-0.0047688851180038684;0.011294626105927094;0.005485031595234566;-0.016494184286711355
-0.0033759386504155016;0.011534751337352638;0.011701677731307971;-0.008669341767974972
-0.0023553330060133567;0.008539578948591876;0.015559769440033167;0.0017669592389424858
-0.0018323797711088674;0.004286921892445361;0.01612203918300567;0.010503936854239532
-0.0017746310667269443;0.0010602295093056085;0.013272714501894507;0.014357402931734443
-0.0019844090268158255;0.0001856494756771956;0.007620047947061295;0.012323654124440645
-0.0021550439966878552;0.0015129117358909973;0.0005487196284870738;0.005881292968856541
-0.0019665516173878145;0.003883591818937009;-0.0058980308200619995;-0.0014154468087223828
-0.0011799669192913643;0.006109555365807586;-0.00957011235722896;-0.005480897721097484
0.0002968152538171388;0.007687982014175401;-0.009047213571626996;-0.00419909270238295
0.002377841893405349;0.008800408841767892;-0.004407221524761107;0.0007367480144192563
0.0048051905238511335;0.00975760378063004;0.002410684852411065;0.004561016594655388
0.007201580149396508;0.010423751536831024;0.008021652565639326;0.002793276575192721
0.009170287843406844;0.010054883072684394;0.009032279648554997;-0.005193817780355822
0.010414334366717636;0.007661900422466767;0.00406158875944009;-0.015361185797085288
0.010822855150960405;0.002736665358372902;-0.0049299895921858065;-0.021837659961721073
0.010482149872067373;-0.004048366726546332;-0.013292584883534186;-0.021261850215723927
0.009611873602709885;-0.010709127698867227;-0.016388161299229178;-0.015115537059986509
0.008469400133106637;-0.01472970713490234;-0.012698057160453287;-0.008177738562978883
0.007272317444666214;-0.014465387880856363;-0.004960062966148706;-0.004563991022985754
0.006161351570856788;-0.010264182271486086;0.0017695738701383262;-0.004792410207016491
0.005196500405078977;-0.0044049067421379545;0.0037224043481273584;-0.006146761176687661
0.0043715797154464265;0.0002633992521337363;0.0008388323728736798;-0.005571162818807243
0.0036406509277987454;0.0020765959886204083;-0.003767151100561358;-0.0023250468395253636
0.002954185557624714;0.0014270320303549668;-0.006526475607747516;0.001750511385150679
0.00229493893068398;0.00013936435338114501;-0.005929635979043382;0.004166349088519399
0.0016947823174634944;-8.709971885923279e-05;-0.0030183467684654812;0.003916229444874055
0.0012196899203542372;0.0010746769109686706;4.1657452791979425e-05;0.0019902896598630194
0.0009300002723659107;0.0025349627427220882;0.0017483540211261567;0.00017412436423070886
0.0008410994712939212;0.0028187191576177126;0.0019868809307903427;-0.0004896857083049025
0.0009104583188369648;0.00124863145196875;0.001524963444050613;-0.0002417215822193711
0.0010584227732521618;-0.0016065823332701774;0.0011230393426967659;3.7239783444065386e-06
0.001206879819350642;-0.004397307810987348;0.0010586414864151258;-0.0004128403645751206
0.0013107289192721807;-0.005877430803419871;0.0012000101419720089;-0.001461817583686389
0.0013662941131622535;-0.005566519182705234;0.0013044444183145;-0.0026312257919391363
0.0013970942411479107;-0.003853685630157211;0.0012328956619387474;-0.0033924322131790117
0.0014288160590046751;-0.0016221501719799831;0.0009944697288346894;-0.0035128542161351004
0.0014681098697785873;0.0002752682647429723;0.0006837001812567248;-0.003079914436839714
0.0014957483573117825;0.0013706231081678161;0.0003977771692626637;-0.00234528116994639
0.0014771395008568485;0.0016388233988039638;0.00018612117537184913;-0.001560539370031667
0.0013852461753929382;0.0013344996997631203;4.478849101010312e-05;-0.0009027972678725287
0.0012246630070812303;0.0007736833373337068;-5.7809392811354145e-05;-0.00048606235752331715
0.0010425328298379057;0.0001955016094832041;-0.00014698842215389064;-0.0003919865575346717
0.0009143067333643427;-0.0002550553145148391;-0.00021966103355810154;-0.0006551137735443595
0.0009020527233009898;-0.0004720181583066835;-0.0002442349047973743;-0.001190672389619747
0.000999349911841204;-0.0003493354095176861;-0.00018177724092792547;-0.0017214008378538764
0.0010938075033734666;0.00017776440744652323;-1.8574905935453766e-05;-0.0017990941448336832
0.0009849595101005788;0.0010168577899499671;0.00020513598568152385;-0.0009908664986223367
0.0004803709454134095;0.0018113598467000044;0.00038519040444556;0.0007973723016934972
-0.0004471275806824012;0.0019626683651859304;0.0003692935248366603;0.003020541330091713
-0.001510491979756584;0.0008593115175586032;-9.29443934932334e-06;0.0044669966606046335
-0.00207220859979838;-0.001734389772149706;-0.0009028327187337495;0.0037072837253089015
-0.0013072951820163271;-0.005336370829268246;-0.002444573037512645;-1.4821767155889342e-05
0.0014350788695298188;-0.008744315168228748;-0.004738729901780405;-0.005864963790039543
0.0061996192795020924;-0.010557453337934316;-0.007720681182657248;-0.011217142130349448
0.012144528680417396;-0.010063672605919807;-0.010787847075298009;-0.012796155222011708
0.017619326030040537;-0.007907424744987155;-0.012497992290306695;-0.008905694391850101
0.020661443024158878;-0.005834400941099806;-0.011089716357583792;-0.001234842630008204
0.019747730427380393;-0.0053892210042907444;-0.00605836825029783;0.005580148928520178
0.014456751386402619;-0.006500429584498344;0.0005641523259036083;0.006984004369489358
0.005703699109516984;-0.00731546527046774;0.005138744721576395;0.002134716038209074
-0.0045684372468857695;-0.005642963727886233;0.005377241265157286;-0.004930221229589494
-0.014071855938864675;-0.0008200128478365984;0.0024747871933125266;-0.008132554162649916
-0.020907590249721907;0.005574914608528459;-2.466066618505248e-05;-0.004332140266430011
-0.024066641464346516;0.010689816059157729;0.0004027406144824116;0.003797137254579614
-0.02356984591867107;0.012243452720187458;0.003059971515759395;0.009813300064701505
-0.02027565814477004;0.009905742699252013;0.004916997266333266;0.008865345211539201
-0.015487105897574911;0.00533419117269414;0.0033363086729280445;0.0016782571218792329
-0.010525910186417286;0.0009902829132405104;-0.0018487500025253895;-0.006145677176138591
-0.006414718914469595;-0.001344281991730028;-0.008218830980913437;-0.008645245284566732
-0.00373027818834363;-0.0013819148482303702;-0.012364904770680734;-0.004053769356259875
-0.0026063210496724805;-0.00011432874444585951;-0.012127607452853115;0.004007001446590303
-0.0028235724926497004;0.0010613520917815559;-0.008113864188319678;0.009334774498822666
-0.003932055461873647;0.001180740057384456;-0.0033561462795900993;0.00771688993798307
-0.005378593283544175;5.0045612963643526e-05;-0.0011379482275107936;-6.6784322325338e-05
-0.006630234531809071;-0.0019227251308263362;-0.002549821507162501;-0.008817298283832044
-0.007282734652899342;-0.004157095184124008;-0.0057482660220983415;-0.012453690234925655
-0.0071340731245122585;-0.006345439192130679;-0.007489153212372943;-0.00797942536550256
-0.006204040010477054;-0.008705684109741011;-0.00556329483927101;0.0026540709927632905
-0.00469750051967376;-0.011849181769492758;-0.00018081910417811086;0.013750855273350945
-0.0029307104880426705;-0.016192934282459062;0.006453664961337434;0.019216280217474492
-0.001251161495470049;-0.021140678318858897;0.011564612689351612;0.01600570860019647
2.6251249008697776e-05;-0.024619152794505973;0.012997745674767315;0.005749710891781279
0.0006626883999599247;-0.023635270054857042;0.009774099462038416;-0.00627296107474128
0.000526945361779059;-0.015954668410360376;0.002435304954031174;-0.014196682029472853
-0.00037935321119439316;-0.002001620523596802;-0.006635044612333014;-0.014881879735143462
-0.001908574301031386;0.0144808196420776;-0.013591339314829736;-0.009446382283198518
-0.0037781647763940164;0.02788285690769349;-0.014814297431208961;-0.002092453439011328
-0.0056172955625348455;0.033677023524376556;-0.009145294214334953;0.0027998539021916622
-0.007052456115699332;0.030972290865022737;0.001110821026552804;0.00322193095030823
-0.007815506716895626;0.022859868754628435;0.011399209341431576;0.00018478987506179474
-0.007829666910676368;0.014304743630271788;0.017481602464679488;-0.0035508931564215596
-0.007217024178118853;0.009132942547927358;0.017507705509698736;-0.005439459837033535
-0.0062007554132877275;0.00816573700987;0.012432465469631511;-0.004423309906544495
-0.004944179580482799;0.009509210295243474;0.0050034636793435125;-0.0010821968239068328
-0.003430608763132361;0.01045369277064959;-0.0017881449754774273;0.0026927244855708445
-0.0014767163122123902;0.00950628003455353;-0.00609077709275768;0.004000044346915661
0.0011220858822258122;0.007224738249236899;-0.007908110632269576;-0.00015852570569108173
0.004415242655679988;0.00546984173518552;-0.008708423259114846;-0.010628231286113496
0.008209814755842293;0.0057552319306852645;-0.010051518334077095;-0.023682737331871817
0.012124021947351626;0.007901706495826227;-0.012223683036369982;-0.031310921232242335
0.015736710182070828;0.00993927883656045;-0.013925454361177382;-0.025719216050740276
0.018731319347700084;0.009353184986311354;-0.0131130977356827;-0.00553640764341703
0.020950478519768924;0.004863886128334811;-0.008313406963328803;0.021444970125758956
0.02234946510884779;-0.002477453729942574;0.0002339337997041611;0.042119353634880355
0.022904323168145616;-0.009697712380776066;0.01005602467260253;0.04630832099577057
0.02254731997704085;-0.013597068364762264;0.017075114049350023;0.03338309013241337
0.021169400333930947;-0.012566315821914956;0.017603422433596565;0.012338206237343385
0.018678140703981525;-0.007310299017618792;0.010803720929430518;-0.004615963607432964
0.015066031882902056;-0.00014979573554962147;-0.00024375555517072958;-0.010010454351254503
0.010448862214009364;0.006407495231843022;-0.010127801301846534;-0.004828582452330895
0.005066711510255382;0.01079019826943196;-0.014479996202886468;0.004108245931213317
-0.0007356646139930578;0.012579196066196795;-0.012518003503074004;0.010131722293614417
-0.0065377663882064145;0.01198741590858435;-0.006743502881842467;0.01102632654251415
-0.011888086491546188;0.009308480921406462;-0.00040450354816645105;0.008800039388136949
-0.016370560670593982;0.0049043274083268576;0.004704566382993647;0.006331593178080687
-0.01967429128947941;-0.00041719198243366813;0.00829558270562694;0.004660565693238508
-0.021628157573751035;-0.0053301438252036926;0.010174548729146804;0.003210140317755261
-0.02217834283097476;-0.008603069705605053;0.009452782468483027;0.0017510302609173402
-0.021333600805113432;-0.009913522227603035;0.005422961569623676;0.001223716928147222
-0.019133923577430604;-0.00999258955047563;-0.0009624181967545;0.002334743296035368
-0.015676648862838736;-0.009809392902498666;-0.0068727173509867045;0.003844396096424944
-0.01117703258234391;-0.00949951537849252;-0.0092415187679497;0.0030653943844318756
-0.006002389805964626;-0.008127402981880428;-0.006957759188794574;-0.0014384398369528461
-0.0006363439595858542;-0.004659562269487973;-0.0016649905874641952;-0.007731955659897742
0.004414246606729745;0.0006834812943419239;0.0035353853932445327;-0.011541794782048271
0.008715041780853807;0.006009929134147888;0.006306314597328617;-0.00985648212823534
0.011956381205018728;0.008781809812066412;0.006358723601911949;-0.003696906485641259
0.013959280615134566;0.0074800375633977305;0.004990077218575365;0.0027000375272462603
0.014666207398474582;0.002578625473632534;0.00365795581584008;0.005521226618114986
0.014143451239039677;-0.0038318880851649756;0.0029364489960087103;0.004351940107325193
0.012590030588465407;-0.009315137283455526;0.0025107726281214404;0.001844001441691939
0.010323437871443679;-0.012250791581267859;0.0018672710585685016;0.0008128773567610273
0.007723809599872959;-0.012236883374000996;0.0009039781993166306;0.0017923160845804988
0.005153925061809682;-0.00982585718907653;-4.5582399594932066e-05;0.003110019964406564
0.0028927579745519198;-0.006079072896968764;-0.0006554355761169554;0.002828828694423623
0.001106162832724476;-0.002237954522697582;-0.0009457157985293126;0.00043518547931096347
-0.00014989529394642516;0.0005327760081772525;-0.0011206714659525558;-0.003031869805162154
-0.0009103999033844449;0.0014348293615397;-0.0011341746873429852;-0.006056097341007403
-0.0012746524827006616;0.0002951776851421979;-0.0005507524311062079;-0.007749209298791749
-0.0013709259573183132;-0.0023531587002415485;0.0010543212372818003;-0.008180875062546451
-0.0013175760443777406;-0.0054211723488799025;0.0034984950541737054;-0.007942397682625191
-0.0011965308163737634;-0.007597040947289124;0.0057747470963119526;-0.007468304539667379
-0.0010518217886472888;-0.007799963431362896;0.006495550613755027;-0.006659854266200126
-0.0009089276658212565;-0.0056556642309163515;0.0047634608750697464;-0.005040282252114624
-0.0007966737685453969;-0.0017834198679948289;0.000898552367367345;-0.002281907436329788
-0.0007538201403922966;0.002350122670702824;-0.0034921970873378204;0.0012881573664693695
-0.0008153762889581043;0.0050629581907552495;-0.006214809537735565;0.004578125459818381
-0.0009897747070953318;0.005299051285062737;-0.005591652776086259;0.006177544034949133
-0.00124620847788385;0.003203392957765132;-0.00139101178289078;0.0051987351717366626
-0.001524362516478029;6.42306821879307e-05;0.004878042932286253;0.0020186089753906895
-0.0017612414087709966;-0.0023847496312334733;0.010523717612017446;-0.0016942090263772568
-0.00191683606354619;-0.0029246485205477947;0.012986040700432014;-0.003907847297349273
-0.0019821820108840158;-0.0015222785960426841;0.011330533801239094;-0.0035940535298103304
-0.001966919621025036;0.0006877412316462986;0.006932199754892102;-0.0015060972857945526
-0.0018781795952999409;0.002097345895677802;0.002615018339793095;0.00035507627840752865
-0.0017081970363611665;0.0015533553071999044;0.0006363526855252945;0.00030807748129402257
-0.0014407652033254542;-0.0010593561023759886;0.0010605517209756783;-0.0016149414623424388
-0.0010725316836959525;-0.004877252143597928;0.0019426981949605703;-0.0036448499823940363
-0.0006343267041302518;-0.008600834971129156;0.0011505328460715823;-0.003694072591537248
-0.0001966185347585435;-0.011110960521617287;-0.0018569545715823672;-0.001009863270253045
0.000147412508150181;-0.011828101320623159;-0.005761277108934633;0.003280013048511296
0.00031377789968879986;-0.010733354355611345;-0.008518064864216891;0.006988743242260516
0.0002591316121427698;-0.008185216899244634;-0.008708513449820715;0.008252251049402018
-1.2097065629273689e-06;-0.0047184493300396705;-0.006212136450515627;0.006513781164157055
-0.0003947767420378762;-0.0009051832185043652;-0.002082693479216303;0.002638865475365975
-0.0008149540938881844;0.0027553578836076345;0.0021055430355962097;-0.0017633048047104795
-0.00116461961303522;0.005942045032118132;0.005070724982512307;-0.005303440489622732
-0.0014116262495679152;0.008552135343052086;0.006349549429890781;-0.007380924960474319
-0.0016332210731293956;0.01060720302322453;0.006230089617750094;-0.008001434307897258
-0.0020147232786628276;0.012059236046423488;0.005216039009402022;-0.00714076471053416
-0.0027723646452453283;0.012642769529693156;0.0035097047308231006;-0.004360145998910052
-0.004001274907635081;0.01192376016864864;0.0009564642648564368;0.0008284624101755785
-0.0055025463066133455;0.009580052541593352;-0.0025077063107233587;0.008005496147279738
-0.006692651309076896;0.00578005389318042;-0.006321730135027825;0.015097349647092327
-0.006704282985852677;0.0013998398274005822;-0.009288833825523334;0.01880277496700764
-0.0047181560221016446;-0.002175049111286479;-0.010377254925000376;0.01651181002182198
-0.00042999741346543783;-0.003715897479069229;-0.009770165730897626;0.008691959712636456
0.005573663236721702;-0.0029803899687929833;-0.008906560647163423;-0.00039022199312360836
0.0117824829395956;-0.0011110441678285259;-0.00893224979013063;-0.0050947506689365965
0.01618883656845919;-0.00011375822980226157;-0.00901133611294696;-0.002748516482887264
0.01704420866367514;-0.0015435039541690687;-0.006833830544325556;0.0037587223747215393
0.013600697126897498;-0.005275536404963046;-0.0013697161374063448;0.007940338177384322
0.006467689120585562;-0.009403053845897248;0.005174651574557922;0.005133604070239055
-0.002583292703953288;-0.011487553599824105;0.008827380771666263;-0.0031874409743520076
-0.011246565677744194;-0.010206832495067958;0.007502690213984333;-0.010378629512035711
-0.01744786942849086;-0.006084027243890666;0.0030304801159716896;-0.010589427884386233
-0.019950289568083143;-0.0008457194821189411;-0.00041129475876200205;-0.004470381478685572
-0.018614775366059145;0.003839752794787159;0.0002942523739264182;0.0010769428706870446
-0.014277983030459346;0.007096192334839897;0.005109007873320129;-0.0006304106520476885
-0.008348489540349157;0.008578226479334922;0.011493740512378506;-0.009329103050162463
-0.0023130924016873835;0.007815371594771948;0.016748503230006328;-0.01726183700399707
0.002651270273284517;0.0042088482934150295;0.019842624811062436;-0.015518796802888268
0.005855494053087239;-0.001953341349627153;0.021300994959770232;-0.00183456282010947
0.007087119700096037;-0.008367129404165815;0.02163422782698551;0.016679427582479676
0.0065006480668940185;-0.010966787669726686;0.02019879680948584;0.028090245819339103
0.004485528773826575;-0.006147170516868119;0.01584535100571668;0.024008253865941246
0.00154230468467457;0.006301740638355932;0.00871942112311521;0.005608749006829169
-0.001820722817570612;0.02188333065034233;0.0011744393318429333;-0.016879995918705138
-0.005149535317820105;0.033159492062997314;-0.003520431918594364;-0.030718042942446264
-0.008052758240399709;0.03377545730775386;-0.0037674854460024313;-0.028723619204446105
-0.010185127264428537;0.022152011409833444;-0.0011356760873053758;-0.01351493820289597
-0.011263804065874981;0.002450747321299722;0.0007598549386704069;0.004759921972036167
-0.011143203199289022;-0.017638720645081218;-0.0008750123565928682;0.015389975692467098
-0.009902589504180445;-0.03071644545108939;-0.00584752659997071;0.013794882579813214
-0.00786200274852552;-0.03288314612738273;-0.011280239737657391;0.00356263675593
-0.005476738978241211;-0.024909093192239575;-0.013945449110590593;-0.006951425464734932
-0.003142898836180493;-0.01120418573723541;-0.012560662124083683;-0.010652608528705396
-0.0010143799523174802;0.002545716344892357;-0.00831775655159375;-0.006245047138384111
0.0010630274087644212;0.011808046793424799;-0.0036251006691574174;0.0015351237353230574
0.0034558441090060173;0.014701497189616154;-0.00034552696380615817;0.005840922428290699
0.006530590175880184;0.012188935352313145;0.001177196510085257;0.0027818517417902405
0.010433149465980722;0.007141756658112134;0.001839253760024285;-0.006061725124172257
0.014965902633830044;0.0027998450326750424;0.0027082485784890773;-0.015231036556415823
0.019611370210628743;0.0013209836804366029;0.004131204782185117;-0.01942687981368473
0.023683749442695273;0.0030209920531776655;0.005701378845367596;-0.016770002705162462
0.026544333062369033;0.006531963711315375;0.006926654482315679;-0.009221184071815453
0.027795200019520194;0.009672424562327548;0.007864395832423442;-0.0005963594765523534
0.027369215635447166;0.01057028624190436;0.009117833994942665;0.005791206172369693
0.025476922206049107;0.008547956168310542;0.011146646725114482;0.008249785147624807
0.022446126291980315;0.004404065712044827;0.013421110922679886;0.006676837078408856
0.0185527367293225;-3.418822517017162e-05;0.014225803783398775;0.0025196980608408097
0.013942979894384243;-0.002899686496186927;0.011540796605203376;-0.0009768137293805245
0.00868283062575786;-0.0033193466823911734;0.0044848552167518615;0.0004706869760810198
0.002884904534897617;-0.0018671222947250034;-0.005815750379312106;0.009429581249480644
-0.0031853671151533844;-8.109493943190994e-05;-0.016628940706553436;0.023616903032171118
-0.009102727900488444;0.0006497420993623971;-0.024952692230331794;0.035731335458004165
-0.014381934898460557;-2.7140672516131357e-05;-0.028866446746115052;0.03761421286414057
-0.018622472944393068;-0.0014567906188133843;-0.02818278736700425;0.026034662340746084
-0.021613977600764906;-0.0027829538879393934;-0.024240620569160914;0.005565274999173685
-0.023351089261061858;-0.0037160416079975106;-0.01909896392604133;-0.013777370359455077
-0.02396568625364808;-0.00459687460033288;-0.014534359920480171;-0.02251277302017478
-0.023628297342323648;-0.00580970981872462;-0.011280834826390227;-0.017305673112852187
-0.02247252934302083;-0.007134618132504201;-0.008932429410124476;-0.0027108386521746118
-0.02056621155135829;-0.0076234911669667265;-0.006627821842584926;0.011894997292323824
-0.017922938140298904;-0.006179101872246749;-0.004038706754853284;0.0182013141036016
-0.014537359847531833;-0.00248582414567149;-0.0018272020831271048;0.013896178581414126
-0.010432758200132125;0.002401358129035694;-0.001137246083495485;0.0034021982365921477
-0.005715126039608566;0.006359391425150299;-0.002545346606922945;-0.0059176385621445265
-0.0006218211127021592;0.007341707670452306;-0.005366121862203959;-0.009043394428758992
0.004461491871390132;0.004682436131180927;-0.007892338299455948;-0.006028294877278471
0.0090438461300657;-0.00032693679524089923;-0.008423478770627426;-0.0005317776016570485
0.012634916148427214;-0.005064979461452563;-0.006367209826784726;0.003845257395940779
0.014876339534862011;-0.007069749382155171;-0.0026149251143794;0.005958936819937882
0.015637731768065266;-0.0054057204008575496;0.001115011225645205;0.006670867334362776
0.015034465765571114;-0.0010190855246780728;0.0034542674807736626;0.006868524437231548
0.013369944968921283;0.0040249512633158;0.004098081386550739;0.006239033942496699
0.01104092766510573;0.007745324316984416;0.0035204237175484594;0.0037485808188379927
0.00844743903042208;0.009063103823367275;0.002172852009007957;-0.0009714131023823265
0.005928187997910729;0.007888643256632157;0.00012412383607310074;-0.006770923745972522
0.00372265403058694;0.004713786032156056;-0.0025137574141620707;-0.011481041979297817
0.0019562769210184384;0.00017169448838292537;-0.004990366705102826;-0.013386614013817655
0.0006489342085001319;-0.005130504591187504;-0.005991635158847489;-0.012420197065721481
-0.00025530435145598376;-0.010499920529142235;-0.004517206362461225;-0.010024633162962577
-0.0008490559174529372;-0.014999216215801943;-0.000846085602470154;-0.007835413531654664
-0.0012301880120224023;-0.017540196550142852;0.0032915280256488343;-0.006404224719717508
-0.0014873063687463614;-0.01733544220864747;0.005607414950218008;-0.005031368712747075
-0.0016978115992900996;-0.014438098400057818;0.004654127109769823;-0.002689054011027366
-0.0019271357922073914;-0.009898406456461038;0.0007792994184601831;0.0008287984615202292
-0.0022214062234300687;-0.0053243415286961;-0.004011206031665615;0.004421888924646436
-0.002595429876057328;-0.0021212416974785903;-0.007209622338845759;0.006239577858516992
-0.0030254425629985533;-0.0008879235751601167;-0.007282774850505198;0.004982976504530472
-0.003454614523827784;-0.0012384361071071095;-0.004559583585393316;0.001070806424006972
-0.003810140775684924;-0.0020324365821570906;-0.0009216896263336711;-0.0033287315306955523
-0.004023915082654912;-0.001883534235646271;0.0015611130081039774;-0.005667534924217465
-0.0040498138654652596;0.00020670200626996302;0.0021191131987063202;-0.0048648350773497695
-0.0038740109714700917;0.0043100958272441914;0.0017949097299313874;-0.0021625218861050324
-0.003516241265195352;0.009406108564454499;0.002555970964074762;-0.00023609276601964407
-0.0030223242460711143;0.013749139671972728;0.005604945237235356;-0.0011863553745581274
-0.0024518915475379164;0.015638193412329644;0.010150950552332703;-0.004933969934959783
-0.0018664376497915382;0.014203127052436657;0.013708952874642357;-0.00925888237427541
-0.001320987367816314;0.009794696689175701;0.013849262807486076;-0.011436234445983545
-0.0008599587072103979;0.0037810218401253667;0.010026177487102267;-0.010128558861803881
-0.0005155780165331466;-0.0021108202147288157;0.0039839129647965075;-0.006072513553856801
-0.00030677366347503873;-0.0065125131680344745;-0.0014845395127866643;-0.0012636383083761112
-0.00023814130146142625;-0.008809634663605544;-0.00429000195585109;0.002414372534914785
-0.00030027249301017546;-0.009102150949595968;-0.004020213629768387;0.004026899483012264
-0.00047247027839352043;-0.007899742727695272;-0.0017321419152336731;0.00362271133317733
-0.0007270132517923996;-0.005805808309086575;0.0009527419881924983;0.0019105684277170502
-0.0010325938131942418;-0.003339776538587;0.0027353569908030216;-2.313445171888273e-05
-0.0013552390543722173;-0.0008916353048779134;0.0030873577370824114;-0.0010156918350679165
-0.0016583378960230658;0.0012851109844521217;0.0022269513389025276;-0.0003602026239460343
-0.0019066963562274276;0.0031162535542124084;0.0008074804573471883;0.0015720617696603405
-0.002078219067097357;0.004770587371560636;-0.00045779938432439685;0.003178394997098247
-0.0021791584294611195;0.006645383564806697;-0.001083525798152469;0.002444629662257468
-0.002249973333196749;0.00917050828117439;-0.00095812462489779;-0.001476384207778852
-0.0023490013228803955;0.01244613144080591;-0.00032338098988879134;-0.007088934352571365
-0.0025166077379238415;0.01591216140661359;0.0004290491495200503;-0.01109164260590053
-0.0027432610640300732;0.018337710544060953;0.0010231380254028832;-0.010651342664926398
-0.0029684206171010775;0.018289790726711698;0.0013526735399266264;-0.005661452222269883
-0.0031135396080495003;0.014924025407009637;0.0012574577902830506;0.0010768577253346206
-0.0031227913198648735;0.0086336501837125;0.00042048401956547147;0.005988574100726095
-0.002980659773726864;0.0010774237430304294;-0.001233412572502612;0.007220147514611238
-0.002700441556880506;-0.00549418596628803;-0.002995100557274392;0.0053409556501699245
-0.0023028499284642335;-0.009185923310838168;-0.0035384429404945157;0.002052561643649923
-0.0018031447042285687;-0.009132617913210092;-0.0020132592996662097;-0.0013906112637433515
-0.0012068999393794252;-0.005698468129709222;0.0008926771479179857;-0.004457091010911274
-0.0005065906642957464;-0.0003254466288383188;0.0031638162735267133;-0.006476357261306199
0.00031820991857413225;0.004867617211075759;0.0030779451655656683;-0.006186078720569319
0.0012861626707224088;0.007768601505410985;0.0008888069170704066;-0.0027162600880398613
0.002387310356714399;0.007132408528594783;-0.0011096581658779007;0.002859462837027172
0.0035679560296048678;0.003197362203994808;-0.00042933167044838016;0.0073689448852025125
0.004749882011900029;-0.002389131655488801;0.0034334624594777744;0.007556900988387856
0.005873475867014031;-0.0073535349482312;0.008470798699260935;0.002713670759478265
0.0069215026063890175;-0.009795791630422409;0.011742759411421961;-0.00450272822685545
0.007887713597688703;-0.008813236578464686;0.011624054536601118;-0.009850129625655221
0.008704787444712805;-0.0045654121509567545;0.008830860585231661;-0.010317193953317205
0.009197808756418785;0.0018918902941121758;0.005567829986015031;-0.0056817663948164725
0.009133043515512156;0.008621658072262096;0.0037371767940359794;0.0020548236725716124
0.008373945641806848;0.012803974567664685;0.003718574247275484;0.010314763199756749
0.007073037933315899;0.011340531288190594;0.004442550392071549;0.01705089719397039
0.005774380129830594;0.002413435861825456;0.004257402447008961;0.02074969937149029
0.005313290024283251;-0.012677778807881351;0.0016560758557564626;0.020162769407716958
0.006483463440285413;-0.028916481136622183;-0.004424896191643521;0.014778488560784581
0.009571841987626235;-0.039338318716590166;-0.01421213210984944;0.005817964688692772
0.01398026675495384;-0.03864928841950621;-0.02617559380755736;-0.003615944706474359
0.018180460359304217;-0.02652198942806296;-0.036219612251814;-0.010130451535654431
0.02013150120009301;-0.008262078668347666;-0.03853652798362276;-0.012412926405765322
0.018052723923682762;0.00784045490844101;-0.02890578964560142;-0.012209410271429202
0.011213200819676373;0.014971110270669235;-0.008654638284512389;-0.012689586196456697
0.0003410873700741021;0.011342207342161856;0.01442563904019616;-0.015309316412580959
-0.012553975764566142;0.0007344067420371488;0.03023721094869071;-0.017945593287704804
-0.024841873945635442;-0.010048372730404211;0.03296365211914626;-0.016499084802851564
-0.03409749029232392;-0.015013540309882117;0.02460076726295868;-0.009155335935271902
-0.03875317149614803;-0.011881785056474185;0.0125901763267161;0.000682180450883944
-0.038376926275025126;-0.002759813919153942;0.004157288055560779;0.006322268779399124
-0.03356565658861141;0.007386166553168528;0.0022116946097638156;0.0034178242963291976
-0.0255880648289017;0.013455100369582371;0.005137596048334392;-0.005922593873437487
-0.015960644784543045;0.012785424171474203;0.009263656714833845;-0.014432364269759905
-0.006105853341279831;0.006424716964142747;0.011534639040945647;-0.015134378587393948
0.0028385207371995477;-0.0014975969144280996;0.010748683050117004;-0.006289064658271672
0.010076353203106563;-0.006043330783482443;0.00724553024216132;0.007695230896247032
0.015142130517914415;-0.004237126081094931;0.0020536433743066585;0.019369458871367883
0.01787684019914604;0.003211627709801358;-0.0035295054611136985;0.022736473968164684
0.018405176273440686;0.012260309044793255;-0.00794147686566152;0.016320325000338094
0.01709957431354162;0.017769591007241518;-0.009621664733520312;0.0035311383714753137
0.014513189543268648;0.01633259179945527;-0.007787023607542183;-0.009297924265596523
0.01127624188826199;0.00810833150553579;-0.0031682273590657745;-0.01601480566965663
0.007967721078015267;-0.003301458613000221;0.0020023683541093573;-0.013608323219320649
0.004991529423718182;-0.012775220393487762;0.0049597241332582495;-0.003798731988529574
0.0024968224466757473;-0.01627790102420381;0.003905907621080031;0.007738105320421242
0.00037823988809753155;-0.012744680401018138;-0.0008219117484991429;0.014567286147884268
-0.0016332980398510541;-0.004328932140739688;-0.00678777839529228;0.013500450995051263
-0.003816826307775371;0.004937486896613146;-0.01090603031859502;0.006673866099529463
-0.0063021902591456356;0.011160932797029064;-0.011395458989232443;-0.00010718772902792732
-0.008969377391209852;0.012151274724719363;-0.008748134439149818;-0.0017830540423164688
-0.011452164561545238;0.00794246883078551;-0.004997970451934775;0.0021362397282535745
-0.013252728290725619;0.00041383545226674915;-0.0020963052216558292;0.007425583999631078
-0.013922736231766533;-0.007544136355890497;-0.0008615299835671077;0.00886242693402332
-0.013230577799464592;-0.013004788544160928;-0.0011004883848259243;0.004745825078156363
-0.011241792963489709;-0.013916078527462631;-0.0022287158253683635;-0.001647677500281547
-0.008286818094983828;-0.009708628396746428;-0.0035412574205001286;-0.00493446584291769
-0.004842125727870719;-0.001416293889859434;-0.0041740348404984695;-0.002202253665984229
-0.0013777625551401327;0.008675660475676496;-0.0033404232519480175;0.004789927846589012
0.0017726962585385788;0.01769231747368896;-0.0008956334734751029;0.011420861065466378
0.0044700106843321;0.022975041655199417;0.002401505651290053;0.013847956422034093
0.006725130287070652;0.02289928156023771;0.005322173048333972;0.01110760826977312
0.008571315631363392;0.017549129754190394;0.006917549165477398;0.00465434202280449
0.009930734745176547;0.008986871825520593;0.006988915530471142;-0.0028956903560113053
0.010574728614315649;0.0007516041023382082;0.006103647673726099;-0.008198706256337108
0.010224705824002197;-0.003561296624323044;0.00527508643588361;-0.007592760623781362
0.008741292765715326;-0.0021031372839359452;0.005405070146166681;0.0009155212128325274
0.006276605221413191;0.004157796926105768;0.006716628943256446;0.01493229269879812
0.0032812158784629305;0.01191217164269043;0.008612942209218212;0.02746653640752926
0.00035611292678308084;0.017271712381922724;0.010125357570533774;0.030930539894766435
-0.0019589697145041994;0.01768207455658928;0.010503338033927083;0.02268968129574364
-0.0033437153989490428;0.012902128713249745;0.009425950986785099;0.007321453766766855
-0.003740065277325958;0.0047391278013484564;0.006929844023828822;-0.0065926811699435605
-0.003297047439507805;-0.0040163316202352795;0.003459017718793672;-0.012536932686486445
-0.002276143449716451;-0.01077665568317747;-6.764718174978833e-05;-0.010131659195191036
-0.0009634486344677076;-0.014007429491489858;-0.0026638188945068667;-0.004329083834389612
0.00039551067582307883;-0.013595798263085877;-0.004070837303095446;-0.0008980967000174207
0.001634854347403753;-0.010742180007875171;-0.00505467496622431;-0.0020167158639833285
0.0026767879202090616;-0.007404382736967849;-0.006595838362007497;-0.005278472430112308
0.0035103191607176783;-0.005405521504376571;-0.008621674661058077;-0.0064946510032122306
0.004152891378027809;-0.005538353738437592;-0.009677296044380336;-0.0036615682757342913
0.004614608074818034;-0.0071738750657624265;-0.008129708063541706;0.001328161882072667
0.004882562003713504;-0.008709744881924289;-0.0038912348831300694;0.00454351373894178
0.004930462410371488;-0.008650449329523795;0.001036834144001468;0.0035582732611637562
0.004741259559795272;-0.006596206757936365;0.003865288957124891;-0.0005561305909619681
0.004322557156450283;-0.0034149263669751733;0.0030930896354825006;-0.004363750016449785
0.0037053762526493145;-0.00047709655164030997;-0.0004190269647550901;-0.005017337064016286
0.0029352661840835823;0.001405476580643073;-0.004217065917392167;-0.00236072192794567
0.002070196163245176;0.002450913702965947;-0.006108230314213715;0.0013879855848406438
0.0011861425000137752;0.0034349243746188765;-0.005543517750270464;0.003717123226090106
0.00037610241569897444;0.004761746034396403;-0.0035517898599769383;0.003695073900399147
-0.0002693045507749278;0.005939727366235921;-0.001571130389813378;0.002198563211522464
-0.0006936451168807389;0.0059206764751624855;-0.0003530858955949687;0.0006991255865188531
-0.0008980888131791432;0.003990153544005519;0.0002297477877483408;-4.123387902595756e-05
-0.0009381801098436134;0.0004456682193557019;0.0006356211046689034;-0.00028366771809265135
-0.0008941479099400488;-0.0034715370086723495;0.0010922068023639733;-0.0006897909439386396
-0.0008334896322353491;-0.006288760529338293;0.0014847070333539496;-0.0015807146401216538
-0.0007875545915640207;-0.007103438706429118;0.001591760553641147;-0.002719185221245456
-0.0007512354502310679;-0.005961065300205178;0.0013274907942783293;-0.0036065854442170445
-0.0006996599223350504;-0.003668590308477555;0.0007985651813071871;-0.0038914725506900387
-0.0006086679971542588;-0.0012680759621693633;0.00021258553256635538;-0.0035651099244217756
-0.00046810886981359036;0.00046710803181488085;-0.00024126705184181286;-0.002899170507125987
-0.0002840991850019958;0.0012633197594540495;-0.00046106493649283203;-0.002259353383616133
-7.30704435818517e-05;0.0012776150385351043;-0.0004412767933094072;-0.0019354422781490848
0.00014658575559002454;0.0008671987969424529;-0.0002501084724211817;-0.0020505919531484266
0.0003604347694611485;0.0003696736372817049;-2.252503143474681e-06;-0.0025438707676632465
0.000559658741457035;-2.7591431054826817e-06;0.0001661550440084323;-0.0031981372561700784
0.0007394878732416877;-0.00015206621269726013;0.0001313184821759336;-0.0037003423843744126
0.0008967603408892435;-3.251681596636018e-05;-0.0001654846483856141;-0.00374091332531218
0.0010285635207825446;0.00038488749476202046;-0.0006571580684477152;-0.0031529405179971295
0.0011324020490136805;0.001086962022267946;-0.0011208561458012664;-0.002052928279808347
0.0012067479010951971;0.0019605295782220687;-0.0012287554553178101;-0.0008966069097766038
0.0012501648334913263;0.002771889705941665;-0.0007024908580533485;-0.00035280449602002043
0.0012581391421074804;0.003234555008608532;0.0004735740056257785;-0.0009702425829404337
0.0012191550528650816;0.003139189852962669;0.0019047554943220078;-0.0027670758395745803
0.0011139222505521936;0.0024487027086795843;0.002857538113058754;-0.005025056550476901
0.0009215158143859983;0.0012788053958028356;0.0026131777436582096;-0.00655508631663902
0.0006321356138941819;-0.00021262097961873545;0.0009562950944659439;-0.006408608911662974
0.00026007785552380474;-0.0019194374530743818;-0.001539660400452164;-0.004585873608329962
-0.00015288515490304163;-0.003776937764378544;-0.003725336563951647;-0.002139501142986313
-0.0005499472767762948;-0.005660595299231291;-0.004544432429526033;-0.0004709516937962527
-0.0008839479926368067;-0.007293937010873833;-0.0037260866400000317;-0.0003132835824438233
-0.0011411924027068174;-0.008268625354669731;-0.001983328906311585;-0.0012300455473316105
-0.0013495680179830306;-0.008204900281000842;-0.0005239181225861505;-0.002064839056046034
-0.0015644393679819868;-0.006992149582222459;-0.00015509019886412887;-0.001992847034416825
-0.0018395174488998677;-0.004997132781993347;-0.0005632864183123932;-0.0013302429731612108
-0.0022000390625720734;-0.0031070997175647232;-0.00032833428542247976;-0.001400675627880059
-0.00263440591117088;-0.002494078725860519;0.0021401494963198234;-0.0034240006652927657
-0.003107917033928013;-0.004095956319107454;0.007205679197707377;-0.007200498770715632
-0.0035879669569803914;-0.008000486082870864;0.013152426447505168;-0.01073938101904899
-0.004065171534242465;-0.013074385707663354;0.01673889990237065;-0.011401604279389894
-0.004561102296218096;-0.017175884528280873;0.015062467631795353;-0.00781836922066881
-0.0051229566996623425;-0.01804081708657124;0.0075855721281934555;-0.0009985216406712075
-0.005810577911009053;-0.014464283124994193;-0.0030607378696408598;0.006335478086694731
-0.006679403152675301;-0.007039637385262369;-0.012156953099238282;0.011558602275357231
-0.007758232991338375;0.002077112731959447;-0.0154223894489854;0.013550006612395565
-0.009023227341114232;0.01020811714468358;-0.011620791507133006;0.012745778739338761
-0.01038316177253735;0.015309355517747345;-0.0035321030190063117;0.01025122031056884
-0.01169627189644072;0.016628790223135743;0.003650370740000684;0.007108943183355648
-0.012813556099059958;0.014673201837766936;0.005644830230526158;0.004238639078405062
-0.013605354883139492;0.010656460407942783;0.0017853342669700784;0.002564891868101301
-0.01392312275338984;0.005797679718373871;-0.004900812127327891;0.0026801859406275262
-0.013495020435384262;0.0008733258184646282;-0.010119539520581745;0.004158437196858584
-0.011828781172185885;-0.003724800554461787;-0.0111226279234528;0.005290575669816245
-0.008246578916419936;-0.007530532817764248;-0.007874760325405282;0.0038451454210494157
-0.002141655702832924;-0.00963562230252971;-0.0023858713336613506;-0.0012727605548395688
0.006593260407084874;-0.008941236346967103;0.002617197068948971;-0.008434034936197312
0.017181932885153652;-0.00504180123865593;0.004847830759302671;-0.013283080628586673
0.027900683490075295;0.0009409392813726637;0.0034031903392999375;-0.011209874730160706
0.03648485133782444;0.006460504232676809;-0.0007761865111429296;-0.0010782858372137057
0.04089381256258874;0.008871175147491165;-0.0055899305762422;0.012839454763674695
0.040084574199705125;0.007215519217593011;-0.00930497361776457;0.022988719716285536
0.03440591627188113;0.0030879223512742682;-0.01137411747758085;0.023747878442834856
0.0254297952858095;-0.0002733019280816287;-0.011719251286875754;0.015793092348295953
0.015335359939109929;-0.0001039636305573069;-0.009775011816396933;0.005725852691710925
0.006152350029354493;0.004104693122688893;-0.005042518482266674;0.0007619736451229111
-0.0008247781072182104;0.010379924249155964;0.001258996530692758;0.0028580061152335564
-0.005270432327196552;0.015605961173560818;0.005782391883613083;0.007522556930434256
-0.007697448257450436;0.017401435562130953;0.005143853478630084;0.008291576042492149
-0.00908553715132753;0.01532326862254517;-0.0011234475317917925;0.002649536935884059
-0.010451843556757169;0.010832747546204368;-0.009548973384468301;-0.005812486127502625
-0.012525279412264589;0.006329826645200254;-0.014626816588807828;-0.010588830589191902
-0.015601884589349524;0.003955275767073773;-0.012148896146993418;-0.007869123032232752
-0.0195598422646543;0.004686198866060798;-0.0017377302287353816;0.00014576921285639816
-0.023957390795460016;0.007941363868231594;0.012727982690935965;0.006895059665410068
-0.028146518893569707;0.011755951730287413;0.024887769777220653;0.006649882003158349
-0.03138140679675125;0.013510450535586376;0.029058770107964663;-0.0009905573353555085
-0.03293546271971153;0.011049069264892365;0.023250200376868892;-0.010806394660959642
-0.03223743742226806;0.0037888414037686984;0.01029890848932833;-0.015943498939488123
-0.029005369051205508;-0.006717211745309252;-0.0036973863932996615;-0.013008475358210545
-0.023331675078157577;-0.017151270744863674;-0.01273557103632051;-0.0044041015385670795
-0.015681927910047893;-0.023716189871896155;-0.01392783852720933;0.0037397326315139635
-0.006809608972042073;-0.023831468468385672;-0.008458414896435966;0.006213118950885055
0.0023742643883489347;-0.017400500191663046;-0.000346884112876929;0.0022038380518577434
0.0109350408733751;-0.0069040794090809675;0.005785543059443501;-0.004828826540845019
0.018036622250380642;0.00377320880469518;0.0066958364581502765;-0.010134226359029441
0.02305706606391308;0.011067510238025926;0.0017447971411282597;-0.010801555720254624
0.025693473773935417;0.013038220867955409;-0.006726349293511561;-0.007022333035659907
0.026026548649719348;0.009781882587710867;-0.014158284380640823;-0.0013711565328901182
0.024504213447505658;0.003152995421670226;-0.015864174036037123;0.00287632201203776
0.021823811321673024;-0.003867804874110437;-0.009683832696396102;0.0034309348793011905
0.018736304748445894;-0.008090424972048003;0.002483772325134263;0.00012796149427982974
0.015838413486705234;-0.0073144352158685125;0.015522556787293914;-0.0048810836560385885
0.013433042085919495;-0.0014459912738908213;0.023873111492508148;-0.008142896227515899
0.011514371469447865;0.0071579728194794;0.02442059198242489;-0.006874190409865612
0.009879552923382271;0.014580262724864247;0.017837505989894312;-0.0008574697492732238
0.008305185838552593;0.017179894477755437;0.007949535993898933;0.0070961029617386566
0.00668948763842234;0.013382098649498783;-0.00027492043166011244;0.012648036576614842
0.005083023352831439;0.004394860466743154;-0.0031586217389383323;0.012449228627939918
0.0036054532243963797;-0.0064707239704179225;-0.00014242309814012805;0.00604339475739308
0.0023222430261384424;-0.015364415181751922;0.00598363516209587;-0.0037939329819585226
0.0011783548936602417;-0.01949639804991655;0.010777563486894261;-0.012282720804182565
3.8863840769449386e-05;-0.01810784665511912;0.010802540529453983;-0.015095072118919082
-0.0011958174548821795;-0.012506573667939988;0.0054877950605521746;-0.011235054984437784
-0.002488073713956793;-0.005231339723310088;-0.0028756588924177717;-0.004431476263154436
-0.0036507151505293135;0.0012037826641627266;-0.010644433295341014;-0.001112773505919784
-0.004433969484135385;0.00529889941885104;-0.014733056305845716;-0.005658219617817366
-0.004654553031750976;0.006806757901411883;-0.014006827737844755;-0.016702209675449706
-0.004288062485613946;0.006301444793243559;-0.009637810621364798;-0.027854651763362975
-0.0034771553396538853;0.004581903493766754;-0.0042692533861223795;-0.03222350748400222
-0.0024639003565194383;0.0023321855274356326;-0.0004290598826314386;-0.026912938905617894
-0.0014947742275284552;8.417932820616312e-05;0.0007986940593348096;-0.01430783165543941
-0.0007472453637624081;-0.0017133385026653332;-3.740636267341507e-06;1.0184171929099927e-05
-0.0002999663552287989;-0.0027001603533182215;-0.0014213204257928723;0.010629551152123452
-0.00014301850986705119;-0.0027281020720206725;-0.002280603463352044;0.014755985314033748
-0.00021217644484336853;-0.0020064713972355675;-0.0021902712993701044;0.012768563249784337
-0.00042764965816702896;-0.0011086687630217078;-0.0014003077378661102;0.007211258392203141
-0.0007213203794849454;-0.0007520308599783231;-0.00035982194587388537;0.0011871707271183156
-0.0010465241581608105;-0.0014355396149463512;0.0006028222114963581;-0.002957087725952247
-0.001374763046805023;-0.003146775180837217;0.0013363719672340878;-0.004248021184173486
-0.001688139614450916;-0.0053258135357336185;0.0017756799836161413;-0.003045071980562608
-0.001974297253279836;-0.007127295041547177;0.0018771901226821291;-0.00056238856324467
-0.0022254857277678544;-0.007855402151942137;0.0016598546514047428;0.0018271614580154052
-0.0024387154877033874;-0.0073468139039091366;0.001307614322758017;0.0032321581876642467
-0.002612978669535541;-0.0060815155151161;0.0012187877180097355;0.0034920145580630887
-0.0027434001800303327;-0.004915902866895063;0.0018872453180711036;0.00289454258193769
-0.002817918892645211;-0.004535391958091546;0.003582934687823393;0.001653485493819976
-0.0028232044902845328;-0.004932443134460116;0.005967822966037218;-0.0003117803711021639
-0.0027590931510992098;-0.005285453131763682;0.007949987052703732;-0.003013355885531909
-0.0026499990959641473;-0.004424577297008606;0.008066802098963663;-0.005777071846250403
-0.00253963456706234;-0.0016669486369676214;0.005378354791650763;-0.007109812488157972
-0.0024681533322892324;0.002536274713320341;0.00036791179447656896;-0.005513443325395365
-0.002447988900147977;0.006648571984921897;-0.004911875937593969;-0.0008125340182761439
-0.0024579054177299507;0.008843639955556244;-0.007854732238765556;0.005167649538402188
-0.0024596953512874206;0.008090002822216186;-0.007013110247646901;0.009460800565508937
-0.002423076061365584;0.004859320198495248;-0.0033187091536570784;0.009996969931481284
-0.0023386145476637647;0.0009838473205639603;0.00024640435992495554;0.007287390693955841
-0.002210156470562393;-0.0013145468179766653;0.0005514450033001045;0.0042521412533428294
-0.002036087300192191;-0.0006582313458472127;-0.0034024598583835006;0.004049884644754807
-0.001795723635340511;0.0027508420931334904;-0.009481372663011654;0.007471821980119941
-0.001448460367272405;0.007322959836657339;-0.013628178092455897;0.012072879585137967
-0.0009420082528596457;0.0110193208525572;-0.012669664489410475;0.013975367027662151
-0.0002244975484279765;0.012405707232795122;-0.006770175665371473;0.011002810724226141
0.0007396875768913872;0.011200068888624978;0.00042529316401684474;0.004510680672776164
0.001949329211241123;0.00813837582706206;0.0042626276285715565;-0.001648155843969474
0.0033469628500791327;0.004429053967345007;0.002326333339448401;-0.004040863264148694
0.004814511553759052;0.0011283220082713452;-0.004045879444208665;-0.0019021156716704632
0.006194900329853192;-0.0013731708798783355;-0.010946877619828576;0.002957648034010684
0.007334376030798858;-0.00355596264822549;-0.014504781845504295;0.007984371688598151
0.008124259175983438;-0.00643452495768414;-0.012861617176177896;0.011562210107111915
0.008519628406640445;-0.010688475152607029;-0.006559550067841114;0.013343877505340053
0.008525483072554409;-0.01573705280953072;0.0022175845849582124;0.013559162407013622
0.00815700359146009;-0.019497403466383394;0.010676354987337808;0.012402201308157924
0.00739158089615508;-0.01927784400226902;0.016293019639415762;0.010155881947190717
0.006135787490026852;-0.013445484770265297;0.01754659041565898;0.007721094249287032
0.004231949987087508;-0.0027687796695321713;0.01444832632137683;0.006635935771970594
0.0015217349009495336;0.009574102885015827;0.008539311016418034;0.008058925514328128
-0.002043227762505244;0.019395481434477998;0.002133889023430279;0.011330876691893652
-0.006296880075736665;0.023453040450183548;-0.0028448822975550266;0.013610915799413644
-0.010833627564638694;0.020884112525009657;-0.005660409053565411;0.011560098592678963
-0.01509719366303076;0.013449271201487003;-0.006670477967713782;0.004145622122375317
-0.01854531919367035;0.004543467214099525;-0.006581337394984177;-0.005850038811632989
-0.020805626135931996;-0.0024718488969344963;-0.0057721606959375725;-0.013236900781254167
-0.021745658943052776;-0.00570868595242604;-0.004180475181403445;-0.013824521800310413
-0.02142922533905065;-0.005210032161926165;-0.0016493941269410273;-0.0072154800044788026
-0.019995022865186247;-0.0023426897587739016;0.0016369477664921555;0.0029554169446427293
-0.017537657781720766;0.0012605835138034074;0.004919215329236989;0.011266522353055208
-0.014065510088898968;0.004456328832486175;0.007024700872347214;0.013614713248857869
-0.00955674080570364;0.006721490765642826;0.006943331211560567;0.009256557971065905
-0.004071470425307087;0.007862185540875699;0.004457801319606442;0.0007534991609871262
0.0021521916908610376;0.007721935793111689;0.0003234357962605618;-0.007761072619213658
0.008672683301066544;0.0061766589235404045;-0.00411504528858423;-0.012706941484274741
0.014899479311958765;0.003388034410737165;-0.007527612747453831;-0.012573243052007129
0.020199418779049336;3.2932406041649294e-05;-0.009091472492076275;-0.00847458480310554
0.024014987405465683;-0.002785729592546692;-0.0088080633981349;-0.003573312823794838
0.025962242124718093;-0.004011586516122945;-0.007601215529879875;-0.0013666645541828447
0.025888447942656156;-0.0032485940172187217;-0.006972601681511913;-0.0036244540876703077
0.02388146469222963;-0.0010943055367279915;-0.008118820765209112;-0.009373581204095262
0.020235114155164633;0.001128656175097134;-0.010973387402053086;-0.01566206938540894
0.015384261724278453;0.002173182176888455;-0.014015681480203062;-0.01941380561631351
0.009827475752962537;0.001684780885841447;-0.015240209282677039;-0.019010056592757632
0.004054991299118083;0.00041179067695846594;-0.013631798137035717;-0.014780452913598493
-0.0015041230472444408;-0.00040329222606185963;-0.009882916752424533;-0.00851317829876706
-0.006509667093713757;-2.639805433647672e-05;-0.005676359600066536;-0.0025400820768670734
-0.010717113381558464;0.0011229943032310908;-0.0022133338128691726;0.0011765617486684215
-0.013973817135757212;0.001675933961656088;0.000561053659667875;0.0018013566253303355
-0.016210286418849664;0.0002208323423871627;0.0033196096543988145;7.342197815645437e-05
-0.017422457133811266;-0.0037383829121123953;0.006113485357320625;-0.0019356365737834326
-0.017643064146784154;-0.009387854986055544;0.007943985183137032;-0.0020337347683282094
-0.016915509761191713;-0.014903990708485875;0.007598707220354662;0.00042545924167440715
-0.01528890419183528;-0.018149226240194733;0.004860694086669754;0.003803754225730184
-0.012834824949534897;-0.017416086950159535;0.0009141829401720475;0.00542652417849857
-0.00966581131451769;-0.012056605307638678;-0.0023442367830494213;0.004093006906728299
-0.005939947843974898;-0.002918912672897913;-0.0034099109294568122;0.0015149413036132091
-0.0018586587963691148;0.007603780055588083;-0.0018911201484050658;0.0009535578414130684
0.002326461989325027;0.016188526707250187;0.0013980936084411774;0.004008227752788253
0.006301149110547224;0.01987825235051668;0.004809561237570891;0.008644582799087443
0.009696755816954507;0.01751048249218257;0.006549701120528109;0.010692693958094114
0.012142035811412018;0.01038756247028584;0.005538883639061587;0.007700237917360973
0.013350635094775666;0.0016691604439978303;0.002051925468365133;0.0014703901975053175
0.01320781975696536;-0.005162104660305566;-0.0023342861614203745;-0.003326112036634834
0.011817476585437291;-0.007835365246530316;-0.005561275893922397;-0.003253295933512058
0.009492487896381898;-0.006061727686474245;-0.006187874575943756;0.0009542197216908836
0.006694962227403142;-0.0013666628718434185;-0.004088679520438821;0.005274507597152344
0.00393900781319655;0.003716101402491411;-0.00039538449442427396;0.0060234862593845214
0.0016673062382826563;0.006679995230318272;0.003164905504392355;0.0027795347555284945
0.0001254532742378447;0.006011848142974441;0.005076449522912863;-0.0017176003676491927
-0.000717037779616299;0.0018333895161380543;0.004575776655714801;-0.004046707070489567
-0.0011410573078837075;-0.004109651780333678;0.0017984639458483338;-0.002593905313748203
-0.0015211515985924485;-0.009307942270744786;-0.0023118752726216385;0.0016491031966154926
-0.00208117022729778;-0.01186426339699181;-0.006135800285896593;0.005971474626494066
-0.002678400251067935;-0.011530618074295949;-0.007614895140701852;0.0075080707640767025
-0.002756236068957828;-0.009674842257147749;-0.004901144023849085;0.004594459541644172
-0.0015483075709998477;-0.008212442270935707;0.002481685062380916;-0.0024412135795314066
0.0015086653811953287;-0.00828531654719682;0.012540279099934078;-0.011150619210147716
0.006332604976944601;-0.009610969368692213;0.020903562399108584;-0.017700253936738717
0.011969266514186772;-0.010917380902390849;0.02285902134241623;-0.018617584192045226
0.01675961623140236;-0.011066852692575955;0.016536503568558042;-0.013021953584235916
0.01889435428059521;-0.00990751027663831;0.0048062660741496665;-0.003895691347414576
0.01713452563814622;-0.008119120496460856;-0.0061573525786024815;0.0030547387949040167
0.011361696121654915;-0.006298371252402878;-0.010831440805976344;0.002935942362324083
0.0026910143214898975;-0.00429735670538999;-0.0075712283535000445;-0.004497171329571432
-0.006898208899015917;-0.0014909611800357242;0.0012057108914373523;-0.013854175891582802
-0.015231064269120057;0.00236906052600494;0.011165503660772019;-0.017597593854276682
-0.020615672159492525;0.006571715990817912;0.018324299604155738;-0.011859264458314317
-0.022285679889125377;0.009641467965890386;0.020256787777449107;0.0002838579416734228
-0.0204931125064178;0.010163621541775877;0.016509565946443847;0.011172297277545765
-0.01628042640809047;0.007671515910766765;0.008615961777362426;0.014599444853122371
-0.011061009222038122;0.0030090355688543423;-0.0004549013768960302;0.01033744960333545
-0.0061794033854036525;-0.0020348895807266168;-0.00751685979040159;0.0036393814483753157
-0.0025983029042756568;-0.005525605565459977;-0.01051720735081127;0.0006144323439036155
-0.000776193175788133;-0.006137501543883446;-0.009269469037757879;0.003399636620046726
-0.000706096216767082;-0.003580831665232784;-0.0052623850120416815;0.008728495500157467
-0.002039352187809132;0.0013292400176539406;-0.0007576231235468334;0.010715078601344406
-0.0042283442270455735;0.006914774304568146;0.0023395586269392404;0.005633887651948755
-0.006655817162637584;0.011172578015502135;0.0032780443582474793;-0.004831473376512141
-0.008743783601633288;0.012539287736091016;0.002532705590549668;-0.01424845198646073
-0.01004158899789475;0.010627494271542859;0.0011883116867843382;-0.015665431372944228
-0.010287896408884438;0.006521596989466323;0.00012407458031504353;-0.006617265724782637
-0.009438223142342621;0.0023376685147392076;-0.00040752882396985734;0.008526201105077616
-0.007654731266745243;0.0001689773458571605;-0.0005855602740299367;0.020725723510707637
-0.005263347189332226;0.0009848601540306066;-0.0005570898772204052;0.02192407791153467
-0.002685817935397994;0.004151229385050583;-0.0002784970270795465;0.010669091017074462
-0.0003503317017128645;0.007860353735031293;0.0001862587514734413;-0.006234944518702209
0.0014143583748998643;0.010161076148981657;0.00040501897230156683;-0.017718404435607883
0.002479435438183892;0.009933520432224221;-0.00011037166682543905;-0.015870387693696923
0.002967384354366654;0.007297961114453508;-0.0012352055816674836;-0.0017207305417464755
0.0032119812319627737;0.003386187180809424;-0.002062331975445558;0.015053755590363205
0.0036243011538127138;-0.00026659346001279053;-0.0016804107203643817;0.022701846820825888
0.004517043014699571;-0.0024057908294435443;-0.00022739528083756889;0.015647827076862027
0.005966495778767986;-0.0025949983188008853;0.0009630395703180218;-0.0016503920564792432
0.007770563278579065;-0.0014107624872846112;0.00048348295629933006;-0.01805235224244564
0.009514738884100189;-0.00014442970859990925;-0.0017408703964956664;-0.023645378492184618
0.010720391326313678;-9.726195552183509e-05;-0.004141773244931539;-0.016249018597004526
0.011026830553725109;-0.0018688535496208338;-0.004634053672750951;-0.001998585685459163
0.010335795064095982;-0.005082240001855596;-0.002153937785709679;0.009659354960301503
0.008838618510925034;-0.008662937373127174;0.0026574733706120584;0.012188047105931412
0.006894127121029945;-0.011415019212713309;0.00795361208034604;0.00505138368398141
0.004824392633313276;-0.012548829558860625;0.011792506981817464;-0.007284792519333014
0.002765243679352083;-0.011983182166853424;0.013166562118282028;-0.01836189488808518
0.0006740574360538579;-0.010391181653400557;0.012491853424459283;-0.022565084423847803
-0.0015220243718625946;-0.008930795269847254;0.01126847297071048;-0.017219383288473528
-0.003760052767087804;-0.008577101542518718;0.011022751641425929;-0.003917800522929813
-0.005787319418799472;-0.009240680959844217;0.01224483979165243;0.011753806398531418
-0.007260150007558092;-0.009325781444168407;0.014109908030292525;0.02283692170001454
-0.007928133479478457;-0.006445214613020556;0.01511543197958378;0.02485986892398434
-0.007787974422193625;0.0008018008165338497;0.01413568806047059;0.01832278208185626
-0.007117292061358508;0.011229914381349501;0.011263545810718215;0.00802471797278245
-0.006363940362724605;0.02110003761722374;0.007906637098294051;-0.00017051594631433661
-0.005938461230494568;0.026041835163608754;0.005873435884336266;-0.002825911689142466
-0.006015077447144818;0.023598854332116084;0.005914499001151274;-0.0004199180234701439
-0.006453088398241758;0.014679359123974363;0.006936989539253439;0.003914404094852927
-0.006880838594572475;0.003063799962248104;0.006809817200480665;0.007088523584806053
-0.006882523089821507;-0.006582774584382917;0.004238285224832841;0.007885025769751754
-0.00617452148615214;-0.010969854629853431;6.0416856762986015e-05;0.006762912936105716
-0.0046838906207269295;-0.009522241650192562;-0.00321917857597244;0.004590541106299252
-0.0025135339160965585;-0.004230009210337054;-0.0032974251599462772;0.0019328982502579647
0.0001561355306088249;0.0017148804869719099;0.00011189735672365882;-0.000667414823243744
0.00315658539276642;0.0055931757628155275;0.004884009928620737;-0.002292639598968684
0.006363628020342383;0.006238436995175632;0.007896980534561367;-0.0019771885364337598
0.00967215363983634;0.00413575254628983;0.007300380744709684;0.00047324724081561397
0.012948969497979787;0.0007263610955416019;0.0038641638276439507;0.0041217860398326004
0.01600477540570201;-0.0025593772968074903;0.0002912094245551146;0.0074829394469442855
0.018603793728742057;-0.004972717669971122;-0.0008702451060513708;0.00948079477399881
0.02050218355879173;-0.0065047869103743924;0.0010195923772099594;0.009834745117103319
0.02149335675311078;-0.0074431108170404095;0.004470362119163357;0.008607208184620225
0.021441690991220667;-0.007844742898176153;0.007030747688789975;0.00558719338767252
0.020297469585651217;-0.007328884517345663;0.006838926520116866;0.0003933440557618227
0.018095878447657237;-0.005313331858520313;0.003564972712602962;-0.006572179011801353
0.014945914304972696;-0.0015017182727450724;-0.001651123560604155;-0.013242981413755352
0.011013002368311249;0.0037187635186880785;-0.007007280336678628;-0.016287488884109
0.006499111764252319;0.009230612002838371;-0.011010370115085788;-0.012999144828197211
0.0016280067233028427;0.013544516222482534;-0.013095738137502084;-0.0034339768077697856
-0.0033563872356207037;0.015392763875385069;-0.013638665662012377;0.008917876988378351
-0.00817992259662949;0.01422420451290261;-0.013411026955107689;0.018645044123915773
-0.012531715294613005;0.010307694139605864;-0.012858632998968524;0.021280282494242207
-0.016080910112463792;0.004463245255279362;-0.01173971598700565;0.01577201157039008
-0.018523074680778177;-0.0022549195803146485;-0.009457836313760381;0.005055905177397128
-0.019639449581556733;-0.00867608312220385;-0.0058874709563798006;-0.005610415261295345
-0.0193410287312365;-0.013543399067793187;-0.001983978761992171;-0.0115274652467368
-0.017683041379048126;-0.01573127056394313;0.0005161387712569498;-0.010936201748640014
-0.014857721809172228;-0.014688495295246113;0.00026563614082011775;-0.005596526177949472
-0.011175212909695543;-0.010813769496536941;-0.0025644104594241194;0.0005578357705053529
-0.007024450927408017;-0.005426930383258718;-0.006177898065651208;0.0037133357776789945
-0.0028024405579705216;-0.0002783382432753585;-0.008197024999031471;0.0021305312537652473
0.0011708491203215664;0.0031529894994144483;-0.007124555450836639;-0.0031629495189754993
0.004705705482723123;0.004226931200187634;-0.0033411929626485587;-0.009237711328794486
0.007729731476267353;0.003327597905499396;0.0009208629730238117;-0.013169888134701966
0.01022144428959509;0.0015896529593124218;0.0027529289381149577;-0.013681476056620689
0.012140736227036325;0.00027994624953191937;0.0003985334606233901;-0.011309135137326318
0.013404054857949033;0.00012100826284042265;-0.0054082292915929465;-0.007248456045757369
0.013916417443122574;0.0009182903021893367;-0.011700127630030577;-0.0022919238462033786
0.013633015617029004;0.001739292804895614;-0.015159581441082282;0.0031114759277576865
0.012608212731934505;0.0015682192473931223;-0.014309965975759686;0.008195210083872573
0.011005539110365696;1.230795058390962e-05;-0.01034644881345772;0.0117792064942906
0.00906931628078484;-0.002422897586503533;-0.006029908478083439;0.012960285238210892
0.007073679317671898;-0.004663226583976284;-0.0036667958953019546;0.011766301064643018
0.0052652372490493565;-0.005750492196526637;-0.0038133500833204665;0.00909872797253748
0.0038122350600040362;-0.005398522305750514;-0.005461185789745391;0.0061198426672127645
0.002771867946945887;-0.004049110303250362;-0.007123503653801178;0.0036498792566802725
0.0020868633953241315;-0.0024493697792843674;-0.007792698885304931;0.001924976845279358
0.001617285990601586;-0.0011288629238622454;-0.007275555801883186;0.0007188834846675214
0.0011994739389336343;-0.00015915208052519987;-0.006022463333667961;-0.0003510380039422017
0.0007074544926028781;0.0007188681605819682;-0.004730313751032507;-0.0015463591776683357
8.87450950651318e-05;0.0017886342584004765;-0.0039363778932731104;-0.002891149639689144
-0.0006375814966030084;0.0031197014895497734;-0.003780353686989679;-0.00420603712371867
-0.0014103822129844217;0.004535199183538602;-0.004038945934870621;-0.005196900131498683
-0.0021618683484604323;0.005762878903960985;-0.004374644802211093;-0.005537690222078628
-0.002840669470098423;0.006633243321700211;-0.004600158024880536;-0.004977964339804618
-0.00341531769320714;0.007176893577021201;-0.00476316382522425;-0.0035293660395356793
-0.0038626857265729917;0.007558180639269329;-0.0049989884843434475;-0.001675426663652349
-0.004153958137183634;0.007902937659411621;-0.005289456166926824;-0.00038298097804480096
-0.004251774247536171;0.008159922882181972;-0.0053799694088316;-0.0006734710864887749
-0.004124474412419239;0.008118890322894813;-0.0050129642802267445;-0.0028061584160541894
-0.0037695472253830888;0.00758862178773634;-0.004316743277763491;-0.005625076929911359
-0.0032276816410022704;0.0065993819388347206;-0.003910128500292242;-0.006852261510969079
-0.002572147895540571;0.005459409753263438;-0.004445863190961339;-0.00458209929708021
-0.001875954126020284;0.004605740309965656;-0.005907954889337009;0.0008923439950355329
-0.0011771604980832788;0.004346106674412926;-0.007377308689799558;0.006509638192806647
-0.0004657269875109759;0.004652496296519275;-0.007640298505484446;0.008070637618626718
0.00029747265623936186;0.005110262808944815;-0.006203928286358435;0.0032605499245351574
0.0011361008732259342;0.005039494030409427;-0.0038173022470068744;-0.006155229777706724
0.002007078072817148;0.003761167944769615;-0.0019792912963612934;-0.014917507900178328
0.0027670956143930497;0.0009407821839509581;-0.0018296377723084857;-0.01764120426464656
0.0031826568208086227;-0.0031486535346104023;-0.003403782412517508;-0.012683758053051603
0.0030034757853733825;-0.00765764107194438;-0.00584795480103146;-0.003518964008551695
0.002097537756443274;-0.011570301919854802;-0.0081936205979165;0.0036255026406478534
0.0006059775413181222;-0.014290792434437864;-0.009774487314066247;0.004123068626415309
-0.0009653761529083924;-0.015978276911769992;-0.009958113370929935;-0.0020574763124946265
-0.0018091120204986363;-0.017282758891550752;-0.007873778640843706;-0.010822069599986021
-0.0010741564403973702;-0.018577553212872373;-0.002961818430775113;-0.01709844932151268
0.0017438513296460236;-0.0193037202003905;0.0038674743637362036;-0.01798829230514511
0.006443787585847293;-0.018121705996026038;0.009767369911233854;-0.0138160495069422
0.011986481124137038;-0.013968426925784766;0.011277542260028993;-0.007054050459701782
0.016709205050773005;-0.007252133568690473;0.0068734303908238766;-0.0006189469528694008
0.018857412741182772;-6.726199864904844e-05;-0.001463415101643349;0.0031914353174105166
0.01724042472169822;0.005022190037412414;-0.00939644612716779;0.003120101564252725
0.011726483704201884;0.006784732326916229;-0.013191405784689669;-0.0005605955939683077
0.0033482608030435393;0.0061777038289537395;-0.01171940348260393;-0.005470627330075608
-0.0060240874499853225;0.005509630914274927;-0.006131765951555128;-0.007613546653918594
-0.014289274569319093;0.006652992698817485;0.0014811227262637068;-0.0038090000579713117
-0.019753238989883744;0.00974014252201402;0.0087319681643062;0.005310287473064674
-0.02157776994828741;0.013210145157970008;0.013059958584745807;0.014739402187089325
-0.0199174509723196;0.014996132640871575;0.012559779345215207;0.018292997527980852
-0.01574289905248394;0.013888402208035928;0.007492819302493393;0.013223852008215605
-0.010451462269137575;0.01011604396591675;0.0009438478682074481;0.002425223335737497
-0.00542720683566689;0.004911051761371598;-0.002526052497656754;-0.007491669277895298
-0.0017050284721764116;-0.00037886828957429036;0.00036215408160460616;-0.010618544143258891
0.00018142461550765593;-0.00488521909363484;0.009242901047535688;-0.005480259112425703
0.00018280604111349454;-0.008239944683506854;0.019838395913097297;0.004233657387316562
-0.0013829437356415108;-0.010275336481154331;0.026289030328764187;0.012117687814668862
-0.0039789550842932115;-0.010820048321709285;0.024783017763912136;0.013012512543546002
-0.00698786573212187;-0.009783587403909106;0.015961057741283174;0.006131914865169399
-0.009825428617155149;-0.007363817906021817;0.004350050999961125;-0.004456800276711727
-0.012027225507599893;-0.004077695551984041;-0.004553063327242874;-0.012368271132674701
-0.01330609898441179;-0.0005578451104338494;-0.007265959786493793;-0.01296776370755858
-0.013574155242932488;0.002628180368968481;-0.003516792673669252;-0.006292182435323339
-0.012926811234757883;0.004936663504850735;0.004553372609522276;0.003245112148211065
-0.011596789018134853;0.005774705926808226;0.014040240667430226;0.010143724505613905
-0.00989177775057951;0.004769450241018013;0.022409362578857065;0.011620468473677622
-0.00812517407718925;0.0023776322845308244;0.027599332316918558;0.009116551814347432
-0.006545696514224732;0.00023508768445158634;0.02775507918068407;0.006612148050848625
-0.0052804294165010035;0.0005628805295313407;0.021661731411749496;0.007328770633029716
-0.004317020264015152;0.004693237649815026;0.010116240928460751;0.011350370218880513
-0.0035418934555887928;0.011746958410456579;-0.002918065739109022;0.015675857132415996
-0.002819931723021581;0.018669246819793515;-0.011077563302806268;0.016400269229432385
-0.00207258135774849;0.021886746572788725;-0.008799939915579378;0.011386425054905254
-0.0013128962917019614;0.019547762771704315;0.004730441348373233;0.001646878121093976
-0.0006266119555091156;0.01276326255327045;0.023804510970496722;-0.009230604278663054
-0.00011930444553887753;0.004945678260667605;0.03838010531390239;-0.016891901574319728
0.0001404291902759011;-0.00029844116733690907;0.03936152407667744;-0.01814464074781171
0.0001580324784938563;-0.0013076071079394132;0.023883055797980217;-0.012366717386951852
