MU_1;MU_2
0.018387967322624342;-0.017532237303642083
0.017498894304817637;-0.016688051532317005
0.016549300029991318;-0.015785579832268717
0.015608042917928711;-0.014885572639393812
0.014714683839550121;-0.014023722925808271
0.013880286908794481;-0.013211315639095863
0.013096602893196616;-0.012443058984747141
0.012348023992485357;-0.011707290012772206
0.01162106221088612;-0.01099405876394935
0.010908768625565314;-0.010298879097743166
0.01021045017624484;-0.00962245298714765
0.00952880395395224;-0.008968185887049012
0.008866807044004426;-0.008339497426298541
0.008225846388288853;-0.0077381999945523635
0.007605423857074473;-0.007164232818708287
0.007003938236845474;-0.006616324807352445
0.006419765257175168;-0.006092918904390894
0.005852031859963427;-0.00559284062710794
0.005300853332032588;-0.0051155124645611925
0.004767129049358277;-0.00466079595996953
0.004252147993768825;-0.004228676304416539
0.0037572383435147284;-0.0038189896519651495
0.0032835820344237466;-0.0034312960630788207
0.0028321935753296093;-0.0030648967003315108
0.0024039895988137564;-0.002718931504258456
0.0019998644940120883;-0.002392484046193277
0.00162071855367692;-0.002084646877394397
0.0012674279600381878;-0.001794537354572935
0.0009407770262058374;-0.0015212803811209305
0.0006413833102412106;-0.0012639830297678772
0.0003696392131919214;-0.001021719902726256
0.00012567924451338346;-0.0007935358842834764
-9.063053474465091e-05;-0.0005784626026876773
-0.000279690475299383;-0.00037554047373114036
-0.0004421617029256856;-0.00018383939827113394
-0.0005789613695603831;-2.4751693667465787e-06
-0.0006912582152359773;0.00016937784598779532
-0.0007804646140593854;0.0003324761065143774
-0.0008482207461153511;0.0004874980859561798
-0.0008963684283373303;0.0006350391323034472
-0.0009269154426249207;0.0007756126718354349
-0.0009419945502821303;0.0009096583665025164
-0.0009438232748685337;0.0010375532242747059
-0.0009346696585426563;0.001159616994400328
-0.0009168250483591671;0.0012761023116881316
-0.000892578624059235;0.0013871661847351243
-0.0008641828658419385;0.0014928324399000816
-0.0008337987546686748;0.0015929693193907316
-0.0008034176007428797;0.001687312711661364
-0.0007747725581861187;0.0017755533282689602
-0.0007492705908368739;0.0018574723571301553
-0.0007279830442189626;0.0019330653191203958
-0.0007117179404159948;0.0020025636224710167
-0.0007011559343346428;0.0020662793048356024
-0.0006969774492043287;0.002124279235694392
-0.0006998718245535693;0.0021760239647725384
-0.0007103386458049756;0.0022202207111519977
-0.0007282891968572269;0.0022551465775825386
-0.0007526119694892383;0.0022795216118463323
-0.0007810043896736222;0.0022936609591909392
-0.0008103806379366963;0.00230025328144934
-0.0008379514733270195;0.00230395735237548
-0.0008626474628401726;0.0023093422448166204
-0.0008860942817510459;0.002317595072195751
-0.0009121608627328022;0.0023235970843340737
-0.0009445053518987265;0.0023157461556667226
-0.0009826323459735484;0.0022804516154298366
-0.0010184003697262776;0.0022110713206897493
-0.0010358600249427896;0.0021176606627814863
-0.0010167558994038223;0.0020309289446918907
-0.0009514141469034836;0.001993703107615597
-0.0008506180956364469;0.002037939022739079
-0.0007504644906505398;0.0021546059157108743
-0.0007020529945873776;0.0022738091896901116
-0.0007435404885889225;0.002276509667750554
-0.0008632030329285837;0.0020503462754657975
-0.0009740550495188141;0.0015785671310897806
-0.0009250045140558463;0.0010206845002137675
-0.0005622898406413627;0.0007240362354838093
0.0001738237256684612;0.001118156189692549
0.0011680078640205294;0.002499228135332222
0.0021343199268186335;0.004793366720141882
0.0027467595052740714;0.007442494442080527
0.002843633449554481;0.009516177745546068
0.002544368429282985;0.010009238787827395
0.0021214188437571175;0.00816755624066437
0.0016702419644274932;0.003742850967033447
0.000868695309099528;-0.002780949961227801
-0.0008770939478453456;-0.01000020705272825
-0.00391645811527874;-0.015706841762837785
-0.007845287958688054;-0.01761805383397038
-0.011459824690638014;-0.014599307399359109
-0.013331202889477683;-0.007669204647644556
-0.012677176740195788;6.716636019692226e-05
-0.009899647084022021;0.004852873655671361
-0.006336640490372427;0.004413146302774007
-0.003380935250395471;-0.0005990086536033348
-0.0016217361404087932;-0.006990257986927191
-0.000602616142691868;-0.011080760979578032
0.0007219753026648639;-0.010907127903616873
0.003210922594168801;-0.0070058636387361675
0.006944902480124261;-0.0015139688751554083
0.011153294647256631;0.003388499148168932
0.014664193847449708;0.006556912069424964
0.01655701875497645;0.008107799883239314
0.016588706887326384;0.009001623966605225
0.015161162861277815;0.010254353285496521
0.012943908725210684;0.012087727559790701
0.010483318769054197;0.013546005046013481
0.008051954024414344;0.013014971050499327
0.005728282610530239;0.009411323977059158
0.003527089211022678;0.003159379928523411
0.001457417361095007;-0.003805489605239411
-0.0004648940588681527;-0.008968322442293829
-0.0021792375582393706;-0.010422710222881671
-0.0035392651575898875;-0.0076750158715252
-0.0043638690381578625;-0.001853125950011998
-0.004590214635549829;0.004593839571212165
-0.004374651161058561;0.008603866136186893
-0.0039588340221292945;0.007579810312167897
-0.003319267688587171;0.0006586949502246719
-0.001887576156453541;-0.0104024731246259
0.0013006484195816092;-0.02154656193119222
0.00689815858452486;-0.028245076658789007
0.014266762480912023;-0.02790157803861848
0.020952293217125204;-0.021097575467427198
0.02343940064971263;-0.01077456780418675
0.019226870310727874;-0.0003379978150466725
0.008847494244057268;0.0075469498437975915
-0.003991083533755244;0.011068212600168409
-0.01443171631265103;0.00946064628786434
-0.01899956440200616;0.00379361899355345
-0.016888486061730084;-0.0029881519535210187
-0.009719749058028993;-0.007884185332579946
-0.00048318240394833244;-0.010137897209093664
0.007736198259322296;-0.011466274418957593
0.012878570197836937;-0.01378111522983273
0.01445428359448043;-0.016796274140619273
0.013267420364032313;-0.018028499032850812
0.01060081286449846;-0.015110760413634992
0.007459709784565319;-0.008084413168070539
0.0042803119690260965;0.00033677096739912523
0.0011094233803524976;0.006452508020520899
-0.00202713452237475;0.007655386569489724
-0.004919623118260514;0.003561489803381389
-0.0072970338481480185;-0.004093599188037236
-0.009103757731810495;-0.012358862382752014
-0.010587911738403302;-0.018220091991860542
-0.012053588708892548;-0.019610170316695003
-0.01348050653751017;-0.016049260164699153
-0.014350625561255404;-0.008746169603637118
-0.01383540344586176;-3.818116411951711e-05
-0.011223414219037506;0.0076974071979064905
-0.006363645573327626;0.01307931335453343
3.736525368217545e-05;0.015972179260655577
0.006380095484652588;0.01678903756921758
0.010551461131715971;0.01559857277641462
0.01079683530152404;0.012026126165467239
0.006783025407490297;0.006065521506322318
0.0001441047496991214;-0.0011352169463016335
-0.006065346285632654;-0.007426813159784308
-0.008875134111584632;-0.010670642219392203
-0.007041524439945591;-0.009838761273385292
-0.001815316044822758;-0.005600651180183571
0.0037811093029770744;-0.00017821733012632785
0.006871775129777465;0.003617862300678003
0.006577586461165696;0.003966128588066469
0.004424197222456908;0.001346423154172346
0.003049282109460359;-0.0015540339779176963
0.004346172356077784;-0.0015819383543937355
0.008427235411299475;0.002621617510440497
0.013756962179743879;0.00944053358907529
0.017883034565018614;0.015015363478081457
0.018338989869372397;0.015517575366666899
0.013739681457307983;0.009711750057095691
0.004792715409967859;0.0001906128980569257
-0.005625160280268272;-0.00788926989473334
-0.013802307123357345;-0.010121003007803088
-0.017180751962677727;-0.005820574222550182
-0.015594362778317989;0.0018217891059846452
-0.011010586716632199;0.008445508460813045
-0.006162208165614864;0.01156301018769505
-0.0030528005660106074;0.0115275932052021
-0.0022022822139499457;0.01029988498339293
-0.002903156026173433;0.009614875349144418
-0.004045209769238065;0.00993799352556197
-0.004776306591356626;0.010488875439749305
-0.004629991481405649;0.009956716376279253
-0.0033266520950392315;0.0074549729707364945
-0.0006724953434356985;0.00327809958637477
0.0032543664240005043;-0.0009829326168930704
0.007824314533129957;-0.003183396701120523
0.011858695288669282;-0.001918126538578851
0.014094955345113071;0.0024279752298200954
0.013866144431997107;0.007668012455486084
0.011494784141333871;0.011012747379935295
0.008098963429300436;0.010761845281353242
0.0049634687707046194;0.00730066748037161
0.002911079189982031;0.002650937736899843
0.0020287155537351085;-0.0011001384122646012
0.0018179772054498912;-0.00327605655728508
0.0015880771889912669;-0.0048211271512467865
0.0008273193703583842;-0.007117761430644836
-0.0005969780465176888;-0.010475703779009828
-0.002381764394777177;-0.013593396440623521
-0.003825708364222218;-0.014393832851921933
-0.004050568011073602;-0.011528040187574124
-0.002494385298697776;-0.005446193949075727
0.0005327926911648076;0.001643224987261972
0.0037091990542558614;0.006866870627167516
0.0052747188762368585;0.008196711526595046
0.0040447222345981835;0.005534977117286311
0.0001631927658243204;0.0007405065426524626
-0.004959786897532718;-0.003437689792723131
-0.009465484987878307;-0.004851595321787855
-0.01201189612247795;-0.0029590877422878185
-0.012256237598387752;0.0011310931330575757
-0.010684691508019388;0.005408106549524655
-0.0081187600399929;0.008018224411891253
-0.005339480438346882;0.008141620816458865
-0.0029708964620151672;0.00629941029892342
-0.001437453798829984;0.003949152402733716
-0.0008284586665093124;0.0025969705039964714
-0.0007888386699035932;0.002920001063270306
-0.0006827080199447899;0.0043891044009122
-2.9241078688575255e-05;0.005633575191173322
0.0011219488418145215;0.005376345880025726
0.002209718813074128;0.003363600556260169
0.002564958241920961;0.0006384608967795233
0.0018738374596907262;-0.0010719022219074469
0.00037350566222022673;-0.0004568144731895659
-0.0013106817942496096;0.0025209607481282833
-0.0025507659117448714;0.00653215295750777
-0.003102998613706248;0.009535507173347887
-0.0032904705957499648;0.009754291545407835
-0.003841200941833217;0.006516157034567698
-0.00539224681417588;0.000670096844064764
-0.007922528042649275;-0.005610930114883431
-0.010553126558000258;-0.009751175183953839
-0.011983535953462333;-0.010152788584632585
-0.011320380493388954;-0.00719854017811805
-0.008652126173448866;-0.0029678300410497334
-0.004906157559466225;0.00032013948512327173
-0.0011656099510729263;0.0018798387107623734
0.0019461460956250113;0.0025313194716087544
0.004388053294815046;0.003395464858634501
0.006392263755404108;0.0045217103424878705
0.00805321472063182;0.004805459769064423
0.009089645618809518;0.003088234100443128
0.008903387609694254;-0.000774185392026968
0.006929054777554585;-0.005746676790088866
0.0031131673072745973;-0.010199846351932808
-0.0017809364955565696;-0.01264536632993783
-0.006313076303120995;-0.01228680114685443
-0.008951639681121762;-0.009318506082650073
-0.008791255098088615;-0.004861907846495594
-0.006009912999749485;-0.0004433839626241466
-0.001851824701725622;0.0027626128496370085
0.0018574778582219726;0.0044305170786171424
0.0035156342081242914;0.00500942024009932
0.0025911767940526133;0.005215144277501256
0.00011414412199536235;0.005437182337888468
-0.0015662059346107644;0.00531636377807316
0.00014805551975224706;0.0036986337887272877
0.006548959117025252;-0.000811104706338537
0.01631491404867565;-0.008755471338414067
0.025344457452270066;-0.018833736630698476
0.028359016303079257;-0.027912080672417034
0.02191757218422071;-0.032386613630756955
0.007068122621271041;-0.03022049106734661
-0.010560928968902138;-0.022341825520279256
-0.023713495107248433;-0.012427714572583038
-0.027466987220610837;-0.005092863846606801
-0.021479757549779807;-0.0034133469061871312
-0.009453733174310886;-0.007170543744946422
0.0032381439811101508;-0.012991476880335103
0.012081247864579633;-0.0164569874352532
0.014935454631663458;-0.014785959734231864
0.012237098591050807;-0.008237828197542757
0.006215678908021599;0.0005415435553514616
-0.0002557570864223917;0.008468362804605618
-0.004601677563581131;0.013837173330858283
-0.005087409624038112;0.01692382006578736
-0.0011894967442531274;0.019102067276663224
0.006038990860282092;0.021157098662087582
0.013930636891683673;0.022187148280450618
0.01901791766930881;0.02019827235156944
0.01863482158852346;0.014075245478724685
0.012392485848282562;0.005207313119716025
0.002503901368331523;-0.002863221715181952
-0.0072717114400625005;-0.0066958920895661645
-0.013396885142853542;-0.005309551662649783
-0.014076641972873663;-0.000761088462867922
-0.009859693730620105;0.003419523663015529
-0.003156346439973311;0.004669183613694702
0.0029902398605605863;0.0029366209003280465
0.006218437366200575;0.0003459262083613083
0.005626438725462248;-0.0006246121080764055
0.0017849250035393105;0.0009615055113639843
-0.003796034105051773;0.00389691938789397
-0.009326849136552991;0.005850371876121839
-0.013225698207060108;0.005102104249678118
-0.014413894829609902;0.0016441926067701754
-0.012570377308055387;-0.0030328739922925534
-0.00837661623771308;-0.007022749315429028
-0.003518992001234397;-0.00896161242813369
-0.00017374029721279325;-0.008291589444166659
-2.611996010974044e-05;-0.0050711660378439435
-0.0033030642718721937;0.00010523826590166487
-0.008438734473284595;0.005909387840282009
-0.012710336813643312;0.010186031857944092
-0.01364873932572596;0.01047361634520862
-0.010512251869091804;0.005250210652163843
-0.00488744337148283;-0.004650385389548163
0.00015640154000224192;-0.015507116907899141
0.00198532686623247;-0.021918839314066994
0.00012439709210483775;-0.019547940636284532
-0.0034603216987377353;-0.00793406597016488
-0.005686696228579395;0.00855859271568518
-0.004233468721837469;0.022700301787164822
0.0013002737291523158;0.02834902550745767
0.009386967997857125;0.023855946948787395
0.01731340066869865;0.012657539520001869
0.022165578484122154;0.0009105811149361292
0.021830344992573802;-0.005956997041263709
0.015864241507212197;-0.005629271080734854
0.0058938986527678865;0.0007289921163967005
-0.0048512436774037606;0.00968468548584862
-0.012891034722769654;0.017276093229708297
-0.016076101671565868;0.020492959954769085
-0.014430150890191415;0.018256916703749525
-0.009779247275985344;0.011781153159035253
-0.0045715814278180136;0.004005061209893922
-0.0007143974655879447;-0.0019214987109812199
0.0010167262352906692;-0.004315080869425401
0.0009398114235994444;-0.0036354492362745093
1.954280744575801e-05;-0.0017602823962441533
-0.0007212357966908486;-0.0006197941576664441
-0.000671069074681647;-0.0012380973956164399
0.00022317587519997246;-0.003518722378702257
0.0016456553148783408;-0.006474464156529243
0.00322028773548181;-0.008660936840826269
0.004673613552866875;-0.008823570469647232
0.005786797611527911;-0.006604811266126852
0.006307132374867365;-0.002829457162887552
0.005999795984989721;0.0009674481859103177
0.004825556533674935;0.0034864518598993204
0.0030788052991690793;0.004391101251219211
0.001349348306621896;0.004349482588874268
0.00029749754214435076;0.004463372962502628
0.0003410640270574766;0.005501370939384718
0.0014142843188668533;0.0073765331603089625
0.002956852048707354;0.009154979282735676
0.004183566491501151;0.009605805846920777
0.004497385377759136;0.007967838273621328
0.003789604366562994;0.0044556277784823855
0.002444334662698904;0.00021697114098670248
0.001072535354242153;-0.0031982426687043805
0.00017791538722647789;-0.004575686527384287
-1.3381704301658103e-05;-0.003638990431318505
0.0005269360337900324;-0.0012004871068919045
0.0018082542363780949;0.0012954711471614283
0.0038333838210679845;0.002649116425468263
0.006348252255117077;0.002660777072846662
0.008563764063723901;0.0021801172972611233
0.009238666626418509;0.0023157470509488176
0.007270584156181131;0.0033805331984981127
0.0024564929819190723;0.004482557993598427
-0.0041844011648512775;0.004208693935012235
-0.010840080695514603;0.0019150640839046943
-0.015772925958336525;-0.0014611926264668066
-0.01797947696597506;-0.0038839258671430807
-0.01729238536319427;-0.003793216205431544
-0.014123467247011818;-0.0015409969351091197
-0.009249764890483354;0.000659574343221692
-0.003767531270539235;0.0004704102834607646
0.0010205860335240253;-0.0024892241716460216
0.004031798543534881;-0.0060343528631454394
0.005016388407874149;-0.006987623125865782
0.004858846750175496;-0.00386594351524884
0.005146832403478643;0.0013976659963601894
0.007141112096746044;0.004246252128677169
0.010811941967534593;0.000603941128777484
0.014620288939541815;-0.00971158987120941
0.016231035793269025;-0.02184285801496564
0.013774428429494522;-0.028354760988432964
0.006964911733965167;-0.02418875694712392
-0.0025734071136928076;-0.010820294071556935
-0.012010204735678503;0.003804772102774843
-0.018603177259283683;0.010293266754633719
-0.02076470539014772;0.0044828403915898925
-0.018429357555029027;-0.009447788236395038
-0.012851202271459127;-0.022045604769715652
-0.006110546385408295;-0.025292688548634066
-0.00044837353580505604;-0.017660606548346527
0.002452802689138553;-0.004172372290821188
0.0020163339886734247;0.007667736895886721
-0.0010459647000784196;0.012649009369191328
-0.004993967302822666;0.010327092157276353
-0.007758097498845901;0.0043025552094164985
-0.007935720371685159;-0.0005977475961999524
-0.005657835664902193;-0.0012537080612638675
-0.0026919295402391195;0.002351517377346158
-0.0014419106815216232;0.007767733913689528
-0.0032878954292900903;0.011946784913235057
-0.0073206213363053;0.01291692794801669
-0.010389342449025252;0.010332544011598064
-0.008624226153149192;0.005070772390574437
0.00024400619936135905;-0.0013583100289608259
0.014974542231736524;-0.007155401847628813
0.03057849812993031;-0.01053703789492729
0.04040691787888981;-0.01039134217201918
0.03984021273806517;-0.007200487957117518
0.029312520830806023;-0.003410751373354316
0.0142649615358985;-0.002289278604107432
0.0017721593461337054;-0.005466395487222296
-0.0037030241589373755;-0.011119902922578301
-0.0024672221579529574;-0.01496212925177494
0.0013668101812806953;-0.013770718188793036
0.002849516785562941;-0.008342894177871924
-0.0008083152415527616;-0.002861264579828492
-0.008852275730713401;-0.0010592997701719474
-0.01777183809559803;-0.002760863990559144
-0.023518373140824115;-0.004024701999427911
-0.02369330117455234;-0.0007331307555367075
-0.01851197002122048;0.00757127050938053
-0.010251433923320351;0.016824209056160114
-0.0017802841333151415;0.021165829739684654
0.004844537815637121;0.017077847864965204
0.008983916029716427;0.005895019276796436
0.011114547479570268;-0.006949491071221376
0.012045846546400146;-0.015191029757585614
0.01226884272531215;-0.01518553171654069
0.011843378691847926;-0.007508459485847137
0.010775114177109276;0.0037757722644197306
0.009448528581844456;0.01330654536383892
0.008673171283098155;0.0168700959985597
0.009249652673966926;0.013152502594218473
0.011332945722657367;0.0041998333459967565
0.014014674880744187;-0.005608089136233817
0.015471064670958505;-0.011646154500828152
0.01376751097545468;-0.011210612793066994
0.008007900570215169;-0.004709533273828376
-0.0008306048635163298;0.00467644169861153
-0.010014661215287891;0.01266395391566571
-0.016246768257100884;0.01602298278492818
-0.017350917618700043;0.014074568682852161
-0.013499410232731664;0.008679884639676162
-0.007237390515157228;0.002802677733005872
-0.002204971057145534;-0.0012924043956567828
-0.0012211789530816627;-0.002978637845756123
-0.004845047324383307;-0.0029309177872138114
-0.011253646042647718;-0.0021108922297076145
-0.01737786982438802;-0.0009990572177537183
-0.02045735291813883;0.00044119879625316747
-0.0191685495463931;0.0022255759956757515
-0.014035780735489257;0.0037844213692647217
-0.007189240594026576;0.0039761890662630165
-0.0014718545704579143;0.001946616162773531
0.0009812819297612995;-0.0016639791189252207
-2.1651978203712676e-05;-0.004360378353622625
-0.002668619236334898;-0.003176953388697828
-0.004455406888648526;0.0028296208059905583
-0.0038511095966474664;0.011106985162090308
-0.0010485195154558893;0.016890798561097136
0.0025309404321200188;0.01658340629413261
0.005330155137230011;0.010455615443325605
0.006529885061884757;0.0023794226432877793
0.0062763682523481815;-0.003100513228819534
0.005294255036149868;-0.003922812874691289
0.004261213526551195;-0.001541950390739282
0.0034033638209576096;0.0006763564758408227
0.002519024669717993;0.00022439327937320388
0.0013178720824079354;-0.0027845246754754603
-0.00016475943355233005;-0.006020833942704537
-0.0013315161261668535;-0.006910968516420866
-0.0012005014435829266;-0.004556878123874191
0.0009670420061823582;-0.0003128283586486131
0.00494836005549253;0.003177687917012547
0.00933435848651052;0.0037190803057749696
0.012103119410596854;0.0009499320963911402
0.011686215441150397;-0.003449304124673425
0.007819157637894699;-0.006798101721296514
0.0016225377773961191;-0.006992907844061158
-0.005078668563295623;-0.0036225161206399643
-0.01068344071058786;0.0019462403914772628
-0.014378519857350119;0.007337598169506697
-0.016064891146403394;0.010204993119167349
-0.01588278569990021;0.009072171408436767
-0.013855819168350133;0.0038077891120807945
-0.0100005546879985;-0.004284913225276389
-0.00476396797974159;-0.012754873910851866
0.0007066745341857489;-0.018672757327396886
0.004854357491225109;-0.019698931758120063
0.00646454958942669;-0.015330960725983818
0.005332324438734713;-0.007546567628628318
0.002318478221388879;9.442442006181284e-05
-0.0012494335750073571;0.004692789078932946
-0.004385106489873016;0.005801954207770955
-0.0068963801043379095;0.005089313278219387
-0.009179119381225096;0.004386150187167446
-0.011531896353229992;0.004291295467420489
-0.01359138478611163;0.004460319184604902
-0.014406522443401511;0.004549465720712309
-0.013057996488992592;0.0044197992937495025
-0.00923908730643876;0.003723554119082069
-0.0033621486764562475;0.0019228942214188636
0.0037353919642475713;-0.0010190512224284999
0.01112634303122368;-0.004112501861360252
0.017928624302903238;-0.005670205249783247
0.023272048261875664;-0.004264751847623547
0.026271623817878037;0.00036153256602719497
0.026129063112542525;0.00688540946906346
0.022373330943028593;0.012691369623723386
0.015179932586121072;0.014958648066700546
0.005637810657881306;0.012224098935762675
-0.004249427393854523;0.0054360213392668204
-0.012026409391331422;-0.0024490217003057826
-0.01568981152752507;-0.008165645635468925
-0.014645474765921224;-0.009867665081416066
-0.010124069853586262;-0.007703920338833688
-0.004696035037530404;-0.003142180242923088
-0.0010869691049736876;0.00211771769652128
-0.0009126640195178405;0.00674440751143856
-0.003927087870496977;0.009693457596242214
-0.008057844300160232;0.00997693611754323
-0.010214893674676291;0.006870832768815221
-0.007683675086941465;0.0005461388654002577
0.0003115108786841437;-0.0074609959999150975
0.011615476746556679;-0.014530318516514347
0.021600410679567094;-0.018075802313446767
0.02543977967634071;-0.01696038855570241
0.02123645196117716;-0.012312411500795435
0.011718520357062657;-0.00701435089751769
0.0026528615254983907;-0.003868182520523581
-0.001135789342403055;-0.003514180555205552
0.0011632679355773469;-0.0038252036063116815
0.006562739708077321;-0.0017165858587172241
0.0109518670488614;0.0038021796403255106
0.011676077460773157;0.01008846658172601
0.008487923401091184;0.012638769442591723
0.0030430041258972234;0.00889282712841829
-0.002242131660053735;0.0006228928274214547
-0.005320064880061641;-0.007329117614713786
-0.005225093952937451;-0.010749082448611029
-0.002218475493181479;-0.008852055228239631
0.0024841774847659923;-0.004080246534438631
0.007175947109268416;0.00028178352657563555
0.010239851748493702;0.002310878855980274
0.010771307708876751;0.002008431486450485
0.008925038668554649;0.0005326006579110111
0.005672694385171447;-0.0007928878074580706
0.0021192987018107306;-0.0009932497457575207
-0.001072855280237245;0.00048045138361590706
-0.0037732655149853747;0.0037181446915896675
-0.006092423409631719;0.008133356402113288
-0.008049022452138429;0.01228021114524162
-0.009412426124392139;0.014192763117110554
-0.009774783207849146;0.012406648910387456
-0.008832755403223754;0.007068098839036215
-0.006752164753954994;0.00017696474502093781
-0.004345749650733148;-0.005417838009749318
-0.002807929770259411;-0.007654251209247316
-0.003030625119804012;-0.00641733163905521
-0.004909490730819494;-0.00346332148077014
-0.007205850873702075;-0.0011718497483797499
-0.00823240657395497;-0.0009709505094021159
-0.007017334273181627;-0.002543030949703849
-0.00412722179096447;-0.004352771622280561
-0.0014442639215502017;-0.004958081109139479
-0.0009441687349631443;-0.003968852179236752
-0.0033449765494969175;-0.002007067058253166
-0.007609520846915612;8.49375773088615e-06
-0.011552900888074567;0.0014891302362941045
-0.013004523891682267;0.002272659500440594
-0.010845788269664994;0.0023281228265908914
-0.005593038545522317;0.0015452705647436631
0.0006490457159637457;-1.961351127229499e-05
0.0050834788641762165;-0.0015731976979363271
0.005814181991375075;-0.0013707728050983844
0.0031934878020512163;0.00246157923251719
-0.00023272813349589384;0.010238685879456089
-0.0013350727839665111;0.01947727541626754
0.001625369396958295;0.02562330325387599
0.008072021549239179;0.02479422934025522
0.01561062947231889;0.01655211105820705
0.021302729700843796;0.004377714932353592
0.022930351048791812;-0.006521775891234931
0.019810938630193526;-0.012227983675398995
0.01296027642039435;-0.011816717737278163
0.004567426654411548;-0.007077181437418837
-0.002996511985507543;-0.0010510840982160866
-0.008180785960930071;0.003424068532991503
-0.0107840084739186;0.004549829606201346
-0.01175850769365663;0.0018702935989418196
-0.012442999075181859;-0.0036586443079604128
-0.013695463341228013;-0.009833664673435518
-0.015408643162521322;-0.013867120089662547
-0.016634348150316048;-0.013621173147158777
-0.016217502233776233;-0.008930324508046714
-0.013584930515577893;-0.002080561589419944
-0.00923399200689257;0.003273285320025701
-0.004603602924257742;0.00437834579598084
-0.0013517284272255108;0.0012384495815312875
-0.00041178954920143826;-0.003531504680978611
-0.0013607389512644591;-0.00678954475455948
-0.002538115408046317;-0.007096642191690956
-0.0019968434725418653;-0.0053144985151314566
0.0011929791792023498;-0.0034282034472780886
0.0061773908118739895;-0.002887330286300262
0.010750851128198003;-0.0037533871326221155
0.012779564611356133;-0.004974493810225642
0.011605602776667098;-0.00531257327706699
0.008423342810601859;-0.004250151172232572
0.0054233344334678885;-0.002344822694342853
0.004389346373041197;-0.0008056542277786895
0.005701264733183415;-0.000560174140684428
0.008263882228017579;-0.001516931043658779
0.010227789850134134;-0.0026352514764184775
0.00997880228268229;-0.0027351776810861056
0.006888627651547641;-0.0013312510677059603
0.0015728581107117827;0.0011757721620309419
-0.004358284251259372;0.003933935536271851
-0.008952091824199442;0.0061449960653747505
-0.010771838684718045;0.0072357274496763924
-0.009599402876788538;0.006825591257734922
-0.006537420206936033;0.004830876153641627
-0.0033548621772376;0.001741989334451598
-0.001482726099019979;-0.001272264574730524
-0.0013466403850205017;-0.002773347968062889
-0.002391645367199609;-0.0018714843145002547
-0.0035816099337420337;0.0011208843604529634
-0.0039300398144511825;0.004768849875165392
-0.0028321737023053735;0.007346161386315639
-0.00023825478498114915;0.00782892684408761
0.0032650481002053813;0.006330478856500674
0.006542591281559565;0.0037029612900659173
0.008293083498659612;0.0007206501129650121
0.007657357327882344;-0.00235209569754879
0.004720316793657987;-0.005322981133248981
0.0005623386207050414;-0.00717580370660993
-0.003189872774260402;-0.005866391163253343
-0.005072087716575783;0.0003216661342175694
-0.004456840257633165;0.010464340918519005
-0.0019483046816843972;0.019911006274520762
0.0007495530251250583;0.022411049388585708
0.0016050275316904631;0.014697753802160006
-0.0006390031698650506;-0.00022830664217242486
-0.0056964488175259825;-0.01446420653396005
-0.011804347249927174;-0.02048420479014818
-0.016573568373525464;-0.01607619694584111
-0.01811947390700444;-0.005288056368709882
-0.015884684683160077;0.004696735115040006
-0.01081223232852891;0.00805366230237235
-0.004881240709457439;0.003364972248736254
-0.00024469521871730394;-0.006054033562730357
0.0016958011049063519;-0.014285456202661532
0.0008753839609664326;-0.016158985920219554
-0.0015152806772341194;-0.010073380192345485
-0.00374970679260778;0.0012747171750633506
-0.004486357896981949;0.01261712424695361
-0.0033477380244451437;0.01906989778137754
-0.0008915292388244193;0.01845747649411074
0.0018672354322789245;0.01190084665199062
0.003974460100394899;0.0027724789059673117
0.004790090838750415;-0.005175661470320683
0.004008335684908572;-0.009561151345289474
0.0017098048646901156;-0.01022088547933557
-0.0014242615910460034;-0.008861977183204228
-0.00398099500280191;-0.007849629360389104
-0.004189138652200587;-0.008833279137721682
-0.0009076886311105403;-0.011825987930123998
0.0052697103438001085;-0.01510276498922493
0.01171720086330069;-0.01609523704572148
0.014981020703458142;-0.013106020549739484
0.013128133836428902;-0.006937605853327898
0.007568182214509615;-0.0009663089555060097
0.0025351643592484998;0.0011232737242417503
0.0022296593296844956;-0.001366643997000325
0.007805878855618031;-0.004786019991079642
0.01654359248254351;-0.003594027855882776
0.023665077661735118;0.004922861359988939
0.02538196839511116;0.017681424338639607
0.02117558838562065;0.027357036561940357
0.013946618938008352;0.027408779287501097
0.008030594406083275;0.016697398852452142
0.0064055253496397395;0.000323240356684275
0.008859091789296673;-0.013674161496059004
0.01222914265511809;-0.019199327329731383
0.012569326534649952;-0.015277957178831222
0.007880132112060956;-0.00585337730341285
-0.00041532552604556434;0.0030591345687412835
-0.008297403259912805;0.006719882190567609
-0.011728148292939052;0.00366771061985991
-0.009220774733342044;-0.004130979943786973
-0.002708952503396393;-0.01237737094266763
0.003747439945732923;-0.016083320896355485
0.006416953437093233;-0.011576219302533773
0.0038741880020996527;0.001398640509862249
-0.002544136016786869;0.018628269558011584
-0.009702242560266115;0.032877042769270545
-0.014267321755298238;0.03773723586651497
-0.014227772461649968;0.03149950532807502
-0.009844853155003481;0.01813690631199302
-0.003604386675532385;0.004624365709741596
0.0010594494003456623;-0.003376002299470464
0.0017736457782116075;-0.004438248408632647
-0.0012931183200596788;-0.0012372834792513756
-0.005618262091251727;0.0020157674154801034
-0.008135565622064573;0.002484461503176372
-0.007358305341321631;7.328742191970267e-05
-0.004278151273272812;-0.0032657212404416116
-0.0014771623827130641;-0.005371151147722346
-0.0012517040731075929;-0.005391880040697328
-0.004201769309289689;-0.004041615532067721
-0.009167025284396313;-0.002684927970459377
-0.014175352967084788;-0.0021534962648670736
-0.017426124886294386;-0.002270159030943504
-0.017785845695256455;-0.002413690310926847
-0.015032076955456199;-0.00251422643891969
-0.010090521541862059;-0.0033541104327879413
-0.004925095307070336;-0.005594839083241756
-0.0016636574198797176;-0.008336620020751551
-0.0013182883448238198;-0.008918023728543275
-0.003098579336508981;-0.004808275411407671
-0.004915612746983362;0.003732299054520755
-0.004661977873717495;0.012844883282659416
-0.0013418633738104938;0.017396145375918794
0.004521017708082688;0.014752773321752998
0.011177528312043997;0.0068107756447056385
0.01638660991904245;-0.0013944832545972905
0.01833027295355554;-0.005255265336159189
0.016398773494767194;-0.003532179017142397
0.011479112306962403;0.0013170566045926039
0.005546544824726892;0.00529984128989557
0.000735327612276712;0.005745438298238746
-0.0016149717380026522;0.0028288885395189654
-0.0014345266830308571;-0.0011136085022642483
0.00027113634520655887;-0.0036980649926778484
0.0020863638704464002;-0.004269948116612239
0.002911083224168846;-0.004005369512578465
0.0023926220522241526;-0.0044805401981533955
0.0009494130667010478;-0.006098380443997043
-0.0005053709205281329;-0.0077039637588447625
-0.000988368949904209;-0.007581199400648416
7.333968965851451e-05;-0.004920570971388065
0.0024408238410627346;-0.0006004822335003223
0.005008083058228208;0.0032832807703609547
0.006297497006960253;0.004794180069444098
0.005327491696676959;0.00345085216153614
0.002290553156381156;0.0005129527142798143
-0.001469429284992703;-0.0019038897528601477
-0.004198725378684632;-0.0021486649582495203
-0.004715408692979204;0.0001693586522247059
-0.003029134371480882;0.00425324848409826
-0.0002470454749694356;0.008670604623303813
0.0021641279074951767;0.011893871126861903
0.00329249998895229;0.012709700818895981
0.0032634088530702657;0.010572036220401374
0.002969814796786071;0.005836646339654962
0.0032848478377374324;-0.00028328884337576525
0.004352054550487411;-0.006089982691310662
0.005429422334259496;-0.010005979397932227
0.005330191188523357;-0.011222611904471061
0.003138943452267043;-0.010097292443930182
-0.0012146796569132976;-0.00798920384118376
-0.006819950142911706;-0.006509235075589423
-0.01214729394810291;-0.006614686240133461
-0.01571103040134162;-0.008141282464885312
-0.01667759892664951;-0.010029646254204348
-0.015109917775491232;-0.01099753101859426
-0.011757744643522111;-0.010194530172542158
-0.007559247394659812;-0.007549908499095197
-0.003165856583130972;-0.0037963865101008428
0.0012377780951648646;-0.000239780738913632
0.005743814814401185;0.001718166868345823
0.0103107405723183;0.0012637426238472878
0.014404976374677256;-0.001202246917000398
0.016950672716115986;-0.003966955158857617
0.01671014511299432;-0.0047996771669097625
0.012982973303619643;-0.0024762254391410055
0.006232499678919461;0.0018674556167158655
-0.0018666026174903225;0.004874890312446585
-0.009154826770171416;0.003249400364923433
-0.014064199498484732;-0.003115100717825038
-0.016307240889959985;-0.010039649679609552
-0.016782621188296053;-0.01178042688337849
-0.016845576682595256;-0.005729617720591476
-0.01735398142559547;0.005141951914825948
-0.01800429485943129;0.014447698362253762
-0.017468280389794522;0.017089044160159692
-0.014391270754546914;0.012327191827061375
-0.008555497383427806;0.0032347246350049384
-0.001270969015129293;-0.005956033514780199
0.005283000900388654;-0.01205304869520742
0.009166759656635283;-0.013676172755873881
0.009459980944659108;-0.011142094308134676
0.006465273437222279;-0.0060083294110642475
0.001554544870782965;-0.0003673902353031062
-0.0032196573159600627;0.0038998651162672573
-0.005874883954282015;0.005554201633522929
-0.005498048050986421;0.004125759289098321
-0.0028335358698834334;5.56127718315036e-05
0.00018600686199191977;-0.0051475019206554725
0.0017740764593759913;-0.009177758802159328
0.0014747916878516303;-0.009917504449697544
0.00027947162839353897;-0.006711248343568799
-0.0003281210685773516;-0.0009670586206842831
0.000439105368281645;0.0045743014693987605
0.002154017394361138;0.007537967855332133
0.0035980640224073383;0.007352323449864514
0.0036661309135227345;0.005331275415742096
0.00205291492386696;0.0034009997970971405
-0.0006564261757197151;0.0025842808253547954
-0.0033802584733348606;0.0024901329793586536
-0.005088238055059118;0.002087712178370032
-0.005260499527233357;0.0008789114471145109
-0.004128574341409971;-0.0006708015611484326
-0.0025654677471637186;-0.0017210551313003024
-0.0015784400661675315;-0.0019199867982823387
-0.0016589719747123165;-0.0016959107233594467
-0.0024410900939206837;-0.0018713582727788126
-0.0028863529986095345;-0.003071174683180864
-0.001799029494812548;-0.005311109988656448
0.0016302892276750373;-0.007856423038624412
0.007353074924325906;-0.009362146383516625
0.014122710829020719;-0.00830046226969389
0.01963209628095055;-0.003590043983301015
0.0215520125944433;0.004689054931571088
0.019195307762308815;0.01467866899642648
0.014533035987310237;0.022787734413042368
0.01132570644857749;0.025144401295281425
0.012655031258711423;0.02019498395014487
0.01868003149131386;0.010506534640514353
0.026318631914414612;0.0016815780503735037
0.031048460522880527;-0.0013423982488621066
0.0296268662426687;0.002312239869508898
0.022032974915328695;0.009196584618379166
0.011389104151431606;0.014362280591718837
0.0019254760275845839;0.014706308619877349
-0.0035429970035826424;0.010420002809434477
-0.004874126269094956;0.004167772465895793
-0.0039586780072408435;-0.0008350321932940246
-0.003019618499631986;-0.0025865042810707863
-0.0032419166145377706;-0.0011933682828534867
-0.0045050366185561295;0.0014199794825664122
-0.005991621390909199;0.002879784544706738
-0.006962444672206235;0.0020222553501813025
-0.007176051598565568;-0.00031024312803916735
-0.0068622974006449814;-0.0019561537477966787
-0.006439151542183471;-0.001122426408799517
-0.0062064432019692285;0.0021671529576592474
-0.006172713955436667;0.005939356719308666
-0.006088125538334302;0.007579818156213015
-0.005673765124175509;0.005671156589849688
-0.004919512201766504;0.0010910347113971207
-0.004229812216329663;-0.0033893376075132473
-0.004256892902680627;-0.004813303409083949
-0.005482336366015379;-0.002022640606318962
-0.007815843502605712;0.0033952931639635105
-0.010487074440652453;0.007957089527008479
-0.012312456788926278;0.008503743264868274
-0.012204969068140772;0.004342462221406314
-0.009715522333053417;-0.0022075714647043646
-0.005405944008704634;-0.00735928741594853
-0.0008258875953190195;-0.008471098843119567
0.002106129604062848;-0.0057910685130588505
0.002165830175787671;-0.0019973104522879575
-0.00034513088841066515;7.161107612123534e-06
-0.0036914881663145434;-0.000767627650413933
-0.00569153923918961;-0.0028786700166125536
-0.004885047813822336;-0.0037265590570981096
-0.0012598702996625107;-0.0016054837162955988
0.0035780200865968468;0.002864727972889799
0.006782439751829534;0.006916394148716294
0.005372888768497885;0.0074550028417110495
-0.0020254959011187994;0.0033680110835169453
-0.01373804831572453;-0.003451147267263367
-0.0252029691714862;-0.009356842704287698
-0.031133163863065742;-0.01160304275869634
-0.028457108060461082;-0.010176708596911912
-0.018038502275795384;-0.0072602773942416115
-0.004030203621270948;-0.004975829338475896
0.008555033075953143;-0.0036204056015939024
0.01636049288556157;-0.0019479443741685803
0.01883526045434277;0.0010321724167756013
0.01768866391558723;0.0046446692255081865
0.01535116130005879;0.0068451652388289465
0.013492502583851505;0.005793491586145079
0.012349942332337816;0.001231757561804188
0.011033428464066818;-0.005300232347546641
0.008436299038540842;-0.01126249711415975
0.004109021291969164;-0.014271910007178116
-0.0014210637570595953;-0.013152501604174659
-0.0069524003496022535;-0.008599450287954275
-0.011180938675372535;-0.0031111668451983734
-0.013137759057964958;5.0206046606338004e-05
-0.012366054872892414;-0.0014320141766831064
-0.008959559883879262;-0.0074186267952726015
-0.0035851229780309024;-0.014911557696857598
0.0025427800078263074;-0.019168211766118586
0.007867031328848185;-0.016072361982018352
0.010921208322589;-0.004841071916295384
0.010829846752424741;0.01044689590766716
0.007607650717928413;0.022054611272852437
0.0021384047684187306;0.022752385361140635
-0.004089144258645219;0.010703551499463265
-0.00942607887271146;-0.008622478079739048
-0.012674660376303862;-0.025444242589684973
-0.01365164066540006;-0.03159706421641967
-0.013257797114137666;-0.025142447912338866
-0.012792946703418892;-0.010791270570945092
-0.01286300705833419;0.0034559361466741075
-0.01272312701478829;0.01089184716583517
-0.010712163882446927;0.009366775252153665
-0.005575814095539581;0.0018901122340008493
0.002318204255906189;-0.0054821678164311575
0.01085008475976642;-0.007316322555560776
0.017237020716000986;-0.0019482961534711789
0.019531263160582745;0.007806834687321713
0.017479212980025655;0.016747185298983534
0.012319951160508371;0.020643094697193352
0.0059407412113291185;0.01858870702911987
9.465340073537555e-05;0.012960589207269934
-0.003979250839192409;0.0073205511859865575
-0.005674248624854979;0.003951356186984145
-0.005096623228571939;0.002783518788845625
-0.0030474039794875646;0.002206915639976867
-0.0006747543942075816;0.000757528742183155
0.0011616527254436667;-0.0017699190362733975
0.002344392723777713;-0.004451834017565536
0.0032996227416859127;-0.0062018564691828015
0.004244795925186068;-0.006669836597361455
0.004581370313336598;-0.006417049108803913
0.0031126469263434834;-0.006343958665628175
-0.0009286474747472545;-0.006893774208921012
-0.006822885611149579;-0.007680494689108016
-0.012191374043084135;-0.007831543613013683
-0.013998204203285158;-0.006749956716065438
-0.010169581478863363;-0.00462770360161705
-0.0008883460607602192;-0.002221888824361701
0.011123998033108496;-8.500868796638046e-05
0.021507552368727905;0.0019465241890477799
0.026112047952098552;0.0043438741081276155
0.023163188785777722;0.0068637140030017845
0.014575336698753287;0.008123985840250333
0.005194555079357912;0.006666908271018559
1.6272998977327034e-05;0.00279356364451905
0.0011752029747161123;-0.0008148531504547668
0.006843328438305132;-0.0008633671136032022
0.012701273397248861;0.0036591360491259007
0.014846064356945637;0.010167460658386529
0.012180213705400218;0.014180012894285167
0.0067817401822172245;0.01267390580336906
0.0021545336744443412;0.006328143632424397
0.0007265289593983652;-0.0009559050552396531
0.0023982970056292082;-0.004635473416904692
0.0050071575387024255;-0.0023078710254859462
0.006087376082350868;0.004976600521006102
0.00449378927661523;0.013447002622981015
0.0008331179873370293;0.01879481597912948
-0.0032988468521651937;0.018499644954010467
-0.006469537288900442;0.013023307074697484
-0.008107970264488578;0.005313439544377963
-0.008462646713462646;-0.000976354347282326
-0.008119570299769304;-0.0034749475515466932
-0.007562510785467548;-0.00218548069958562
-0.007028155164380201;0.0008553203261710777
-0.006578781037932833;0.0030667693877040295
-0.006182913855442839;0.003049412045591063
-0.005716638745342754;0.00149672109952384
-0.004994715941269067;0.0006717536686457313
-0.003970154800214048;0.0026594005274434233
-0.0030155168027726203;0.0074803281599801616
-0.002927032343945167;0.01252052807848488
-0.004375630844293976;0.014047425753107653
-0.007094026436910596;0.009961004021682707
-0.009602712871382882;0.0016334187323889873
-0.010018275459920482;-0.006807037165359307
-0.00751405378893433;-0.01127785489147507
-0.0032372555746644134;-0.010405585274570467
0.0002605421208060955;-0.0060723518752558376
0.0008379889056099491;-0.0017264239439135284
-0.0015662947428952238;2.9662040718373895e-05
-0.004787807941843134;-0.0010627970853578073
-0.005908025609460345;-0.002997919386726529
-0.0031412161753020785;-0.002909055711064281
0.003124932012998667;0.0009224313745395873
0.010481227905861461;0.007500295849684326
0.015504193462232864;0.01315125137937252
0.0152450400365982;0.013599886768647236
0.008795843908112852;0.0069238162334352696
-0.0018327799523196685;-0.00484255938635193
-0.012331680522811701;-0.016842083059181185
-0.018186388771903296;-0.024415234826729762
-0.01707886487578826;-0.02566477643225465
-0.010081950546309193;-0.02186154272502105
-0.0009230968555832034;-0.015925525079728466
0.006128960861215694;-0.01050408494408646
0.008394865170937191;-0.006908028384201245
0.00573412171808942;-0.005121125838403692
1.7186642360071955e-05;-0.004403240219180096
-0.006233523820585674;-0.003966031063696656
-0.011048794288192634;-0.00342611798603135
-0.013461268408623609;-0.002902735680827544
-0.013260467203300739;-0.002746207167558714
-0.010538087659695328;-0.003060978524320978
-0.005485763932417189;-0.0033503462343625425
0.0014335210313147382;-0.0026088356647390337
0.009207544250129566;3.532278287745673e-05
0.01629482793187146;0.004414557311408676
0.021096619334337357;0.008807388438433225
0.022606863787927853;0.010475416858161552
0.020779342385608895;0.007302056279724249
0.016395350590551947;-0.0003965803508204299
0.010624701105951281;-0.009374334663850872
0.004632003515704798;-0.01516540460821043
-0.000618511804839556;-0.015226214253719188
-0.004475535166105721;-0.011094746767716582
-0.006741545175015772;-0.007294855317663438
-0.007707781602456762;-0.007392281405122762
-0.00788112953496851;-0.01067191308812524
-0.007510600960655427;-0.012731053065458827
-0.006327960914248944;-0.009512745617938863
-0.003798717431763949;-0.001012064340202057
0.00025128597025886237;0.008464212346104784
0.005102296779445426;0.013290101176527335
0.009153912986222935;0.010245811748059133
0.010580847593263366;0.000598724961196121
0.008270010384789386;-0.010440736305293507
0.0024812010285659284;-0.0164955457025849
-0.005125135006467;-0.013570672488945034
-0.012077719119381866;-0.00239301406320132
-0.016050217208479163;0.011906931683691209
-0.015862605938246073;0.022647038176864462
-0.012119869156253573;0.025213817110122994
-0.0070207645594128785;0.01926242458365901
-0.0031971977012022483;0.008415761421544347
-0.0021763320071662116;-0.002000676770851043
-0.003526238845553543;-0.007722345110098014
-0.005328672521262376;-0.007384280998511269
-0.0055960059975010135;-0.002665281757582923
-0.0035602564774128874;0.003115210354452274
6.640481549902436e-06;0.0069875478871026546
0.0034625654132779938;0.00772990647322604
0.0053324274986130725;0.006030329273409892
0.005033456472534963;0.003605643039652275
0.0029804818956671924;0.0019899919983003725
0.0001870560377355274;0.0017030680010640948
-0.0022914980243801688;0.002170797734275938
-0.0037563774404074752;0.002334823753240156
-0.004000831862010269;0.0015133610412443091
-0.003271186288178889;-6.445315228818331e-05
-0.002141086506974871;-0.00140803838746668
-0.0012756432558332915;-0.0014776543489622932
-0.0010897805382148304;4.953738134460178e-05
-0.0014937507061021107;0.0024733772977688236
-0.0019611982739938046;0.004421319349088364
-0.0018876532318713797;0.004691077090499401
-0.0009407079978339214;0.0031390848149718876
0.0008172184300023632;0.0009941995848877477
0.002978833076853435;0.00015615620943480035
0.0048902880047985604;0.0017718211842528608
0.005833573017869612;0.005176063969068644
0.005364940184474377;0.008207224995471276
0.0036698464442696086;0.008788109697453606
0.0016533053019002365;0.0065239051139186
0.0006204651259691648;0.0030261545860216
0.0016264300466019995;0.0007311168254396389
0.004744890943849061;0.0011298181974315725
0.008682275120230547;0.0036668972925897577
0.011192289062855883;0.006067660761823869
0.010306114292778544;0.005953452049995155
0.005655671956047702;0.002676807326193678
-0.001109602179902418;-0.002057546321562563
-0.0071731436653534675;-0.005380996576570316
-0.01004890877597599;-0.005293344589495524
-0.008743391760247323;-0.001871201286596826
-0.004026485725806283;0.003108232581374221
0.002120660970619904;0.007475329864085697
0.00745849112849972;0.009815019089125717
0.01037127574896398;0.009941806288546691
0.010355831703555031;0.008753818475710015
0.008020015045866774;0.007590236638666995
0.00468058118319099;0.0072932237704772885
0.001754945431229165;0.007519515000919389
0.00018300600802981538;0.006935426530512497
8.742279477785516e-05;0.00432333493600307
0.0007701305448531398;-0.00022754586195240556
0.0010063836808518198;-0.005065376803840107
-0.0004688529575863821;-0.00792044816647223
-0.004380349611337671;-0.0073449013354784185
-0.010354354303316327;-0.0036415630523054018
-0.01659453635902811;0.0012360574574080256
-0.020097658675753492;0.0046301889139714865
-0.017652478186006623;0.00442915689157084
-0.007520693865465665;0.00012221230081636448
0.008885074648739518;-0.006699847197591767
0.02648768279377572;-0.012733746774392084
0.03816547397399234;-0.014476500908363794
0.03827241010201669;-0.010490140864039262
0.02614269604778093;-0.0030100439617095106
0.007043300945380318;0.0028781684791430616
-0.010406857974892015;0.0027608048145776267
-0.018739924961048704;-0.0033159903818781584
-0.015257970542725175;-0.010316777979738512
-0.0029077180139551644;-0.01203577776335026
0.01168914324259098;-0.006299905724256648
0.02176589266505951;0.002952425742066292
0.023561416326929013;0.008575979907282108
0.01750310030357888;0.005696451643692653
0.007119141135493373;-0.004647831973095203
-0.00327469751608145;-0.01636153907534413
-0.010595381710514884;-0.02266000207742856
-0.013768645833713277;-0.02054078570988111
-0.013328481174151533;-0.012343133606240593
-0.010575377986952012;-0.0037326108649583314
-0.006946042778993445;0.00016397967674676122
-0.0037025358581760275;-0.00220977301114721
-0.001684812740892979;-0.008423838844869221
-0.0010272771256143376;-0.0140764661882011
-0.0011132858221591811;-0.01557449112773927
-0.001047984900904189;-0.011951665840829344
-0.00043255190220821963;-0.004955052656771305
0.00023268205025262723;0.0022868712405466037
-1.0880555878756363e-05;0.00703054378629786
-0.0016031895747655777;0.008099728860067637
-0.0038688437029110474;0.006025263563519444
-0.005479704947201068;0.002393844326252488
-0.005691353348004885;-0.0010086668302774838
-0.005238795169571552;-0.002820914880936661
-0.005920802472561501;-0.002382956925009993
-0.009013132099667198;0.00024154631464512336
-0.013777261645005194;0.0043609469994052375
-0.017424403139328214;0.008744648978792962
-0.016817343217178926;0.011680156941962639
-0.010799477387214653;0.011267176320120077
-0.0014114750266918672;0.0063647819032035275
0.007053954152941377;-0.002038835079498127
0.010600609764301216;-0.010320615165467081
0.007869076083851331;-0.013767498289939119
0.0006939137816105684;-0.009600068053961979
-0.007223241200711028;0.0007479193021724107
-0.012371708669139647;0.011982274802560328
-0.013015237725518464;0.017823185102514873
-0.00977335476799663;0.014526406970838795
-0.0051499792165284166;0.002974836052517155
-0.0021554772371284443;-0.011626165798118478
-0.0025698510337939474;-0.022143706581645
-0.005860482194636875;-0.02294764620255962
-0.009546883728039985;-0.012906463013424827
-0.010800740388638074;0.0036924531250684097
-0.008190412046981744;0.019215615638175962
-0.0024775406789909584;0.026806516188190677
0.003919849479284826;0.023982171227217037
0.008362772616104516;0.013447283357817884
0.009406537659265923;0.0009690210734801694
0.007377698985542852;-0.007932341833349782
0.003912153795270762;-0.010443382556935612
0.0009123543392299719;-0.007079800258687549
-0.00039883099352330207;-0.0006964252224147968
0.00011111452246062678;0.00524825549595858
0.0016675318076263786;0.00828180137754856
0.003150838497151959;0.007773918614414633
0.0037137505213376437;0.004851599579683648
0.003166484655580673;0.0015371786978422021
0.0019953783369335214;-0.00041199836514715536
0.0010713231058820632;-0.00035993382674979845
0.0012179893195180468;0.0010715086954669972
0.002806132055420125;0.002583818486803314
0.005517317552677717;0.0031106453854471607
0.008429026110676105;0.002526806417754624
0.010465963383213577;0.0017460453340052598
0.010977980664085814;0.002059451768201574
0.010037280853328492;0.003979239730841106
0.008267597326568609;0.006372327920477189
0.006406474391729024;0.006821957509717374
0.004929429859539557;0.003355980581853369
0.0038865565457149387;-0.0036826206769595155
0.0029390692108503206;-0.011322651397109283
0.0015895631297252386;-0.015726007271174194
-0.00041164861063637407;-0.014773163988963188
-0.0026679303691660443;-0.009531654681618427
-0.004075668805096777;-0.0035373935222832954
-0.0033004226551224124;-0.00042215142161681655
0.00040309294395854894;-0.0015467359995034566
0.006541063039659366;-0.005213161146228403
0.013370622568487426;-0.007903480534912913
0.01861985360944854;-0.006688290458592543
0.02056457934181311;-0.0012504559387209121
0.018828226382536208;0.005825174568439822
0.014410742442938093;0.010792381838925204
0.008936966610842659;0.011406076149923363
0.003609885309184478;0.008631308343977353
-0.0014665518317709765;0.006088242288640623
-0.007128466168301286;0.007463704002387652
-0.014156628791959464;0.013574602548591209
-0.022040497713623333;0.021196111099770622
-0.02849366794090237;0.02481750475644911
-0.030386725600271974;0.020497894642079465
-0.02568551227706447;0.009082397870605224
-0.015058172479452722;-0.0040387591877830194
-0.001960018530420607;-0.012826314646496952
0.008944807495499316;-0.014978486045914736
0.014086448642998002;-0.013024493942861278
0.012642851880333114;-0.011398637371002777
0.0066101116642048475;-0.012474641128395934
-0.0006069275350263621;-0.01517493166844503
-0.0060912271436787254;-0.016853076570484703
-0.008654817740394763;-0.01592508835335757
-0.008852861940435611;-0.012614605154546361
-0.008043517672438489;-0.007836274367766382
-0.0073020546332270495;-0.002203353657133214
-0.006858979421180082;0.0036699468999390407
-0.006179656066054227;0.008430564013181045
-0.004431765427425643;0.010252694915893255
-0.0010695360347369634;0.008214437090717851
0.00368770557722124;0.0034553129810573338
0.008738155295823629;-0.0011237836022138714
0.012518339649529994;-0.0025263799979593896
0.013798428943004919;0.00048275696080499984
0.012329135500162862;0.006516503547452858
0.008880503936890034;0.012224534536940853
0.004719943081604434;0.01422072954208999
0.0009823893429956126;0.011242997303503196
-0.0017114392604374244;0.005050010435937058
-0.003356462310717404;-0.000821998418790845
-0.00443609639209348;-0.0036421426224875733
-0.005528774174574615;-0.003324118534322785
-0.006758474500096806;-0.002002648364309169
-0.007536155090341706;-0.001852821695987947
-0.006991334871685316;-0.0031900034342296425
-0.004863425587168237;-0.004477665648926507
-0.0020388468642600164;-0.00400139625592316
-0.00011146167500110295;-0.0014912657598472098
-0.00023439661486093368;0.0017463752946087717
-0.0022353675311718693;0.004061754622822397
-0.004709243791039261;0.0047587734011726775
-0.0058643843906399365;0.004369688064194634
-0.004378094276099025;0.0038956757272507565
9.825580594314444e-05;0.003823778075669957
0.00662386281169139;0.0037647432130857826
0.01285852881451058;0.0029897032402805344
0.015651550166634835;0.0014127639654881927
0.012592101984014588;0.00010059940551643262
0.003784640942193988;0.0005997415534736313
-0.007540454879208389;0.003369008245428613
-0.01636847028446336;0.006721261274671908
-0.01853646472196621;0.007653911820859918
-0.013000920895852029;0.0042814661766748235
-0.0023336064607948973;-0.0022568393975954623
0.008744732665987465;-0.00836474337950821
0.01578987808443668;-0.010699881174612928
0.01660460189130314;-0.008670692674729832
0.011821657484717304;-0.004618008982463213
0.004097563760769342;-0.0017081889104186368
-0.0033494882615578182;-0.0014690734449820113
-0.00800641632949369;-0.002951150279669305
-0.008701731249384096;-0.003918382297197954
-0.005669904665353888;-0.0028392568491203336
-0.00028661459382902743;-4.894124292337923e-05
0.005401742479205164;0.0026767128842038715
0.009347633093992282;0.0036350308772135505
0.010256440371157057;0.0025713295575243893
0.008106461673552204;0.0008944774869963439
0.0041130410919376454;0.0006248122251559676
0.00010296521247062333;0.0029096244072350556
-0.002370704277964571;0.007212813648200048
-0.0026896428056685357;0.011688237045134357
-0.0012791925977119068;0.014326358657393456
0.0008200956463110439;0.0140194739016502
0.0025945344206892637;0.010965731297393524
0.0035040562532669558;0.00638216922755102
0.0035102490404784505;0.0018344253172063799
0.002779112092268951;-0.0014492659013148714
0.0013721943346560602;-0.002972514260697172
-0.0007957308059671552;-0.0029077547435055555
-0.003716990602356371;-0.001669732522844571
-0.007016744463918574;0.0005149604881488118
-0.009911540167540964;0.003646221819319402
-0.011450414420792438;0.007495123356399699
-0.010893893556183979;0.011006737424915095
-0.008091924501506084;0.012177682359524511
-0.0037736846592357647;0.008847185011290695
0.00044271759622479195;0.00025444219792744637
0.0025978783703538956;-0.011543213737197822
0.0014796243293231977;-0.021790450526971414
-0.002360470661817595;-0.025524368862853444
-0.0065716825743202594;-0.0212602119149321
-0.008325251214789667;-0.01276192705822353
-0.006230407448971816;-0.006595615590576724
-0.0013829051303815355;-0.006973893223214998
0.0033376972421839154;-0.01243294474793008
0.005197342327763013;-0.017377889502784075
0.0033095535363194353;-0.016860802965047342
-0.001052769132580475;-0.010250142224612232
-0.0055742648439095245;-0.0011672227426526198
-0.00846774808547221;0.0054316492162705425
-0.009351450419644261;0.0064479076931947986
-0.008982186527835697;0.002213549576816986
-0.008308597979972555;-0.0040155499269352735
-0.007699103855761828;-0.008079046792608962
-0.006859450348567747;-0.007288856585993472
-0.005312827515257829;-0.0018355937594943066
-0.0029561018845368544;0.00556184618144736
-0.00030270467547054;0.011409681282036318
0.001688109014960703;0.013337230275520438
0.002072763110968504;0.01098492609869961
0.00043834428564100024;0.00565908130122759
-0.0027913801677579794;-0.0006291159794708936
-0.006445710397570199;-0.005995586486432528
-0.009102158498698967;-0.009070493246915742
-0.009766035783728307;-0.009090352935119847
-0.008351374153437952;-0.005984027090272195
-0.005644169944868529;-0.0005308675623763768
-0.0027514640530450288;0.005622494962338256
-0.00040375036357424523;0.010355883963736497
0.0014243842027155567;0.01188917075027802
0.003360120867385973;0.009650130592473483
0.006105117437092355;0.0046466991174469495
0.009904524312330904;-0.0009846290086061638
0.014295168351729217;-0.005031388579590128
0.01816084587487596;-0.006184506684374442
0.019990080597687053;-0.004358263117662665
0.018334624546281982;-0.00034642060142368186
0.012525886977445728;0.0046567831729662
0.003451600661746993;0.009159369756918513
-0.006135207965271267;0.011164732321908281
-0.012258662528325717;0.008358071478883776
-0.011325800450703536;-0.0006771959164182218
-0.002104803869096898;-0.014676922023924236
0.012957575678264667;-0.029009523886869525
0.028130709363873622;-0.03744541395612766
0.03688382245745866;-0.035777545234078056
0.03547998326969196;-0.02485724011175446
0.025425889409284513;-0.01061165697354995
0.012743414288979871;-0.0005156594119844015
0.0042583516280836715;0.0013720333191436398
0.0035064786041468137;-0.002820648111445874
0.00900939713082621;-0.006578660921455703
0.01567876765457327;-0.004159824939481875
0.01810073305031765;0.0049999095014178945
0.013663380728896056;0.01614103194257012
0.003798121466091935;0.023139166034290035
-0.007215252716302614;0.023088995414634196
-0.014885017026628141;0.01792457440029366
-0.01679454803626814;0.012303965295112337
-0.013314141814109068;0.009938922793983998
-0.0067789223717894375;0.011235108961974105
-3.646903102985113e-05;0.013555362900423926
0.0047271048401889;0.01341265080810976
0.0064857349717692865;0.008900323232088177
0.005289683041703155;0.0008897699443172928
0.0019070010531181873;-0.007520806590117238
-0.002537878463581795;-0.012764728417369385
-0.006826288661256301;-0.012649947629521421
-0.009868281668055161;-0.007322894226327632
-0.01096550659496936;0.0009668979759498287
-0.010053725591858352;0.008983565747984312
-0.007732901736847057;0.01387910267368072
-0.004971585284427173;0.014261954989726225
-0.0026508809170652037;0.010635850933989265
-0.0012991808596567185;0.005088252135340911
-0.0011839256791284886;0.0002966773168778075
-0.002510359301349668;-0.0017736047360851347
-0.005322270757097087;-0.0008309469023773565
-0.009064965100853908;0.0016900864382341126
-0.012307731142863524;0.0035633462430565486
-0.013206075550407299;0.003164184226407672
-0.010670829502849852;0.0004471851585587495
-0.005388672862167037;-0.0031265078813784474
0.0003149110624750185;-0.005578109164098769
0.003883809013509121;-0.005554430660259313
0.004129300058369936;-0.002969179045452851
0.0017227351791528726;0.0010010002691155794
-0.001642531791519373;0.004441334037916335
-0.004487606652603787;0.005560500036734479
-0.006239332516177703;0.003525178540595214
-0.007264618061629029;-0.0011822980760270816
-0.008568513928017326;-0.006992793898861328
-0.0112060921217033;-0.011741239955530464
-0.015383773409041127;-0.013162365620332817
-0.01977983101223474;-0.009579591601613393
-0.021914678375226256;-0.0009802723618715095
-0.019623078447413875;0.010115334186827538
-0.012527441854887142;0.019205650111289475
-0.0023249116655412135;0.022164701992818066
0.008180495839211757;0.01793191547304793
0.016392945341985526;0.009319646272601602
0.020757675643502355;0.0011862385510112477
0.020933994683994102;-0.002621122857821117
0.0175645761987233;-0.0013899984792965392
0.011939489677143107;0.002471598600276308
0.005676986934669078;0.005267965987304361
0.0003489998402249311;0.004352285471134414
-0.0030074592183158516;-0.0004248030952329321
-0.004301943077177776;-0.006838790919482289
-0.004373991565727291;-0.011694771793374203
-0.004428075052497928;-0.012622930124920807
-0.005246063703952888;-0.009365496318709251
-0.0066983944124930275;-0.00393584228656137
-0.007845868424680201;0.0005168499420623683
-0.007527547191105154;0.0015947508334542666
-0.005070867433980672;-0.0008712923251823116
-0.0007393603036854341;-0.004782062991520098
0.004291526926120638;-0.007209254331113121
0.008388177133389997;-0.00627703508795316
0.010121865139156786;-0.0021875686014718194
0.008884654002404386;0.0031801552382768497
0.005239052164661455;0.0076152708510611
0.0008186006135135454;0.009823926879281021
-0.0023054460094970395;0.009804983642092292
-0.0026084862261798424;0.008341325605780202
6.580213127349539e-05;0.00622148893246859
0.004402164013813781;0.00383701147850239
0.008341082046387862;0.0013157608801852526
0.01015385770232358;-0.001155442664889958
0.009199441469801456;-0.0032618002669472243
0.0060404230485181076;-0.004862698841553022
0.002029195665105932;-0.006348668879733053
-0.0013689174209464243;-0.008516938092707404
-0.0032553615071727196;-0.011665950560982826
-0.0036773009276706604;-0.014399075042310232
-0.0034615014560924195;-0.01346758055454291
-0.0035999127321980915;-0.005686794155599176
-0.004625697420653549;0.008942463432114975
-0.006377333116779228;0.025604484238049986
-0.008202536838753573;0.03659005351691495
-0.009365477152398315;0.03584269013372343
-0.009376607175340246;0.022817937538490134
-0.008108136058646465;0.002879506055840489
-0.005741925523150707;-0.015825235549727933
-0.0026900358657419962;-0.026676934405752927
0.000432559411777723;-0.027402195589672797
0.002873797726856568;-0.020212173943515
0.004003698719957988;-0.009895133360990927
0.003690769713088068;-0.0012919924103645265
0.0024344641695508073;0.002704195578583791
0.0010206710529165601;0.0020270557612849897
-3.6103824014343904e-05;-0.0010326550188530443
-0.0007282347617234452;-0.0034011283786579386
-0.0012426268261019463;-0.003037594706735939
-0.001453639374209099;6.787247577755297e-05
-0.0008063600273643996;0.004190646155178407
0.0012044542912121676;0.007070471031182628
0.004366362915225357;0.007221355475549772
0.007521405813008236;0.004722150580546209
0.009053233705834867;0.0011727696952027432
0.00780641453960993;-0.0012104679813050574
0.003861992213328009;-0.001001385525112775
-0.0012875381919270755;0.0013144234357051123
-0.005270704956568817;0.00336754910475711
-0.005870026020918039;0.002361209937271056
-0.002185765379390282;-0.002772995464525234
0.004530170275308633;-0.009962848777463444
0.010918787144167484;-0.014582532158325433
0.01286778724715149;-0.012167337736503898
0.007919754391186841;-0.001862818242885112
-0.0026207412489444902;0.011794958620672306
-0.01367624898743427;0.020733524186586486
-0.01906587526780155;0.01852520123656126
-0.01528044996340574;0.005560204264875993
-0.0037426650145321073;-0.010204214127880775
0.009966852492003025;-0.01843652002141042
0.019305451010762743;-0.013973540682531406
0.020334236315648027;-0.0006268588663042057
0.013572727461809918;0.011881597504301648
0.0032328770917074536;0.01519041680008674
-0.0054271327635972534;0.0078866558923216
-0.008841459301310776;-0.00449869863925409
-0.0064531043779690375;-0.014203295041418032
-0.00028767026235889146;-0.016534499727201474
0.006498769955399435;-0.012103870078807397
0.01114261189976199;-0.0052399074478296954
0.012270948575107158;-0.00046422995231293394
0.0101902242459608;0.00035419906415333724
0.006494033229002682;-0.0014263500764153465
0.0031692633767283836;-0.0028298739315874635
0.0015751169326585596;-0.0016699525121870126
0.0017826388484399904;0.0019234482848628194
0.0026382468412386624;0.005759373772006671
0.002547056358824113;0.007256127151903294
0.0005188403729184486;0.005271960230644808
-0.003204361711586162;0.0008818767275189374
-0.007360808824013309;-0.003289016809557103
-0.010544952687974243;-0.004622484520134907
-0.0120952365275247;-0.0019914632091584707
-0.012341616610574488;0.0035572100820518314
-0.012040517891713443;0.009173125601195086
-0.011475163196109408;0.011496289051468059
-0.010021504369927482;0.008416863265853874
-0.006649335514585965;0.0004844360336956186
-0.0010550786631911924;-0.008972919327753312
0.005481430616862875;-0.015442081466858226
0.01035556989810288;-0.015827967211672622
0.011080095626422155;-0.010408511860095797
0.007000916925459947;-0.002695284069506531
-1.0371111918620387e-05;0.002788881280636531
-0.0064964959833381415;0.003289185589860101
-0.00933640375048481;-0.0006759258351307759
-0.0073453789376664;-0.005925178206901608
-0.0017241119785794308;-0.008794836265102881
0.004599746766082445;-0.0074502414452096415
0.00829694384459848;-0.002889490616365893
0.007184127411588312;0.0019467451157318383
0.0014119649817767523;0.004269646183148047
-0.006437030654919122;0.00318480748866608
-0.012632331262074897;-0.00011963148113510583
-0.01427682830326557;-0.003528327717287093
-0.010723825296431738;-0.005226881168830342
-0.003625460293243433;-0.004182464666195002
0.00417050923682935;-0.00023780637338994678
0.010009104855660278;0.005638067900847587
0.012357668173067436;0.01131180773208853
0.01107757872210523;0.014381409121603543
0.007197625251233654;0.013711259205406553
0.002349681480129333;0.010238540400902234
-0.001960735491639574;0.006134189720686927
-0.0048873975469959;0.0030628044047867407
-0.006244656407787319;0.0012423751813480106
-0.006104275217801447;5.847978399954256e-05
-0.004510748042894316;-0.0007665623067557429
-0.0016204698959147738;-0.000893160052576244
0.0019973320467138933;-0.0001250905468177773
0.005357225940410278;0.000922116791775388
0.007448676207178348;0.0011424135300900924
0.0076922485225398695;-9.577930317743695e-05
0.006111871924561457;-0.002363798417443691
0.0031981645475370832;-0.004493291847082909
-0.000309023171440043;-0.005449345778516484
-0.0035615161341570785;-0.005040273482655279
-0.005737408329852492;-0.0039839862584534706
-0.006293955649350197;-0.0033174689864813737
-0.005268694372872039;-0.0035747658141673444
-0.0033598032419728144;-0.004348257279348376
-0.001588381694800916;-0.004587122912956539
-0.0006888143705959066;-0.0034278628464335208
-0.0006729154588342928;-0.0009505233229093646
-0.0009299742638258438;0.0017081267624825744
-0.0007843167101382713;0.003039661337881022
-4.8843850694515834e-05;0.0022414522496525605
0.00085015376298023;-9.700312506604815e-05
0.001222714580977536;-0.002314150340726061
0.0006441529423954621;-0.002874711619592706
-0.0006942083585681589;-0.0015509811982851506
-0.002014549417471044;0.0003840677711646277
-0.002350999852756383;0.0011649971897241718
-0.0011181714837936586;-1.861995746941452e-05
0.0014650557659873487;-0.0022807035123078704
0.004385459535015109;-0.0036251618184380495
0.006347286709388486;-0.002451251929196877
0.006509730285492697;0.0011681269198359507
0.004958429875850766;0.005420903165343956
0.002584771993888046;0.007941677582592833
0.0005021382165570116;0.007328420320315267
-0.0005512588932739063;0.003876431910741338
-0.00045963846044910723;-0.0008819667439924023
0.0004102470537293657;-0.005241042805572407
0.0015254872667423585;-0.00796915199901598
0.002438023104861748;-0.008126615040511959
0.0028779784656208698;-0.004740015852754901
0.002783067213405704;0.0026472200203414595
0.002370630612039626;0.012601272125733585
0.0021614401696406407;0.02114385029935731
0.00274933591122105;0.023383320588304723
0.004321046174391797;0.016905705948475826
0.006251840857928554;0.004137406676112031
0.0071559864127646354;-0.008745322755231209
0.005496161158651396;-0.015752614868914265
0.000470700701799638;-0.01473145220068954
-0.007344940978794122;-0.00811288161233533
-0.01603812942939058;-0.0007420232125967109
-0.02310134773655664;0.003246017945704612
-0.02642918265548545;0.002481742661673518
-0.024972498437830493;-0.0015420477304269788
-0.018784926459015413;-0.005989921508427671
-0.008739445313042375;-0.00863941646470884
0.0036023785688687636;-0.008931106038573366
0.015852046241676594;-0.007517457861928936
0.02482545657062283;-0.0050174253682679784
0.027340842240223727;-0.0014289555156027868
0.021842540632752483;0.0030867523264207753
0.009929361674604583;0.007021556272572884
-0.0036279715260362465;0.007736505710156085
-0.012933749952466373;0.0036160325593358445
-0.013963427491018846;-0.0036840316383828045
-0.006598720870886115;-0.009589062168420988
0.0054328102667848925;-0.010036948593181385
0.016477198484884104;-0.005125559304666064
0.021607770921720327;0.0006197638220589825
0.018702434477281992;0.0019571719467282992
0.009035497892642796;-0.0025642878905457215
-0.0037084963577643233;-0.009290143590495814
-0.015291886398206316;-0.01245997343528544
-0.022632944885658264;-0.008871416913575366
-0.024631822577039452;-0.0002702971318772081
-0.02199383354441554;0.008311792176728732
-0.01647107896688582;0.012514199562434611
-0.010073292184450171;0.011422142421516615
-0.004506293968785386;0.0072101835680537405
-0.0007952079440778477;0.0027226724760729838
0.000908005450747487;-0.0004945049665070187
0.0011964137175180791;-0.002367363918411127
0.000993475075478329;-0.0033364337969616874
0.0011473363706249508;-0.003630035325635668
0.002227785024395031;-0.0033202218063743605
0.0044146859998315385;-0.0027155337928589244
0.007354450868301348;-0.002430935268731107
0.010120950218444088;-0.002934310533996876
0.011497397204350154;-0.003923856051710548
0.010559462894152731;-0.004149689298040489
0.007283770773032058;-0.002118419315555427
0.002829809232114331;0.00253556168782874
-0.0007838788242455671;0.008094423172231907
-0.0016242691118242127;0.011448756902406543
0.0010262993809072236;0.010375422628173193
0.006078614978660482;0.005595732080874622
0.011066455893912789;0.000658135429392864
0.013423225568262224;-0.00044862871280730435
0.011850816877431268;0.0039300540797276035
0.006942417900262405;0.012047296654825063
0.0006981819005758369;0.020006085150449524
-0.0046705536111093715;0.02423436887647151
-0.007761823998148994;0.023415756047952804
-0.008228816801104643;0.01869423660456497
-0.006502449715324647;0.012270001884175015
-0.003626489922609237;0.005666747575679968
-0.0012343495886916415;-0.0008498762218597715
-0.0010592292775146446;-0.007285213433888617
-0.0038336744276283004;-0.012513821711643287
-0.008462711728286915;-0.014211384901615012
-0.01241958142066632;-0.010632305456853852
-0.013200304224780858;-0.002672615346577153
-0.009756255448886164;0.006019813271134952
-0.003014190688147513;0.011377876808113458
0.004648523570358048;0.011736549291289096
0.010571584323105437;0.008714473975574961
0.013016348422700115;0.0055855871417817985
0.01181659524138506;0.00464020678726356
0.008186893270865565;0.005548321196315199
0.0038965204986835633;0.005794243544170158
0.00035297064259116174;0.002788778180993031
-0.001899792954777676;-0.003890383699072434
-0.003078698785606118;-0.011820672951395883
-0.0036473100037521925;-0.01719245103556124
-0.003828184544407335;-0.017351933579328356
-0.0035136453590981958;-0.01255475261606775
-0.0025843584228070703;-0.0057025569590460285
-0.001282025318084662;-0.0003716157769563772
-0.0002466723526194746;0.0013850901498588535
-0.00014651194584621398;-4.824403510022151e-06
-0.0011930653688303058;-0.002360038784204505
-0.002920854773449288;-0.0034246270646458264
-0.004392756703634347;-0.002254780861827028
-0.004699516678884996;0.0005255535311749753
-0.0034552083586204345;0.0035201924430454537
-0.0010059273691434916;0.005638049519357288
0.0017540862889522844;0.006687617682798238
0.0038295457416252974;0.007244777896809743
0.004576562725992241;0.008064592886173453
0.003948762511087208;0.009491539044967155
0.0024605636004373815;0.011198871116513753
0.0009113145713877251;0.012333164380366956
-6.838462434443029e-06;0.011927992810655636
-4.734630967749739e-05;0.009381303125609879
0.0004720682912611057;0.004825913125362451
0.0008474532589636202;-0.0007530765850458936
0.00038940421581010225;-0.005778907378235133
-0.0011500085301709732;-0.008696664972166219
-0.0033468434986197353;-0.008654685173303258
-0.005219738858138358;-0.005856286852146059
-0.005677586365355335;-0.0013993930005137406
-0.0040923916306168494;0.0032092149794342192
-0.0006839365896118461;0.006528520222936078
0.0035003672175978016;0.007504349782566282
0.006983672139744284;0.005724132553439196
0.008408643190290822;0.0016373224482714647
0.00698463558044579;-0.003442878271319046
0.0027052529155897486;-0.007759732340428478
-0.003647614390695822;-0.009884475620468354
-0.010659374678745679;-0.009433502806198249
-0.01660192094412419;-0.007234975881124829
-0.019919559574043094;-0.0047728727837429335
-0.019744911728218545;-0.0032992321937504554
-0.016181764364443657;-0.003280751225594659
-0.010188063171767252;-0.0045052534519979
-0.0031749504713812484;-0.0065616187413728416
0.0033876582875623003;-0.009151350574414546
0.008213704983620075;-0.01198649097356712
0.010426729203470849;-0.014536230379377745
0.009896966872444853;-0.016098938778970007
0.007456440115095734;-0.016306641729535564
0.004583996120342437;-0.015502590192329906
0.0025932416075379145;-0.014333442769348614
0.0019328715283698855;-0.012813368489869557
0.0021358125232686536;-0.010032984633673478
0.0023284037683615377;-0.005138179597788011
0.0017930881090778559;0.001374606220189191
0.00019067118746238213;0.007492847637272649
-0.0025669754789987413;0.010813770013436745
-0.006457926277604146;0.009841439938992455
-0.011118571212741657;0.004556730521049574
-0.015254375333919558;-0.003652623609319223
-0.016313762395082528;-0.01230714077397317
-0.011235537940089066;-0.01843399863982953
0.0015787182965447;-0.019624116107239915
0.020121622644856015;-0.015160754580434104
0.038279118893465254;-0.0064194329274039775
0.04817025932617904;0.0037358976276831166
0.04455051681625447;0.011978791121964797
0.028469094763793727;0.015413716566523359
0.007273909908537419;0.012541634676425016
-0.009417703677881698;0.004473893625803515
-0.015099579102694084;-0.004634774386895621
-0.009618378972748767;-0.009413391160298417
0.0014634441226590552;-0.006941986097603244
0.010628581436794897;0.0006987046377987645
0.012813311382979248;0.007726348021385175
0.007776837439340975;0.009083935656236445
-0.0007370120193043283;0.004201679037792825
-0.00794735629239993;-0.0030376716974996115
-0.010801812997423962;-0.007720301624389997
-0.008959901910834109;-0.007563141676649028
-0.004022451071663195;-0.00403326044379206
0.0018642156869282606;-0.0006226801187214186
0.006949659515892665;-5.1655526015980074e-05
0.01008121075399001;-0.002451205099723051
0.010595377833617274;-0.00550321206651516
0.00838499991867735;-0.00619296793998142
0.004126176041832396;-0.0029775660880368648
-0.0007541236134131445;0.0029551052302437494
-0.0046070562436207685;0.00813047395217825
-0.006311452928466641;0.008792586734348358
-0.005744016196254538;0.0033521380108871247
-0.0037302810083643936;-0.006309043436823901
-0.0015953798182790798;-0.0156667524418671
-0.0005446206023864721;-0.020050906430643094
-0.0010821105573811636;-0.017200862547564182
-0.002711100173840181;-0.008375947465281074
-0.0041202535612230645;0.002441421454047435
-0.003821814639542546;0.010681282278949824
-0.0009604927972122171;0.013551155943673052
0.0040686718416060716;0.011425901694040414
0.009524223961390771;0.007415473783112909
0.01293197697420001;0.005214739064233685
0.012241291110927527;0.006582204475115927
0.006938591722049464;0.010307586701874994
-0.001571813303274899;0.01346331733423669
-0.01062543716479604;0.01377998448199197
-0.017627971144882064;0.011084304201203581
-0.021190615005518956;0.006858285048408139
-0.02135942725860195;0.002825595851256799
-0.01905066519222262;4.7740833221362254e-05
-0.015470535552383759;-0.001036215050110683
-0.011966135507069814;-0.0003522311382689395
-0.00986980908013496;0.0016860705332402792
-0.009811039673333044;0.004078800911468072
-0.010946888243032922;0.0058390584523604055
-0.01120979330331261;0.006919361806450532
-0.008858730879686263;0.008241629445775864
-0.004131175651300371;0.01051657389333988
0.0006013102418070976;0.013155212671786083
0.002497135356791617;0.014532404061721342
0.0003893741614977909;0.013215894735099935
-0.004337481190996214;0.008862088934760485
-0.008754074102103425;0.0022729641291146852
-0.010363505880410986;-0.004890674656647084
-0.008528556424118518;-0.010395090485970418
-0.004477947895273248;-0.012032929754180825
-0.0001896460812724394;-0.008727085117441784
0.002872918734512391;-0.0015029666275515323
0.004370839542760765;0.0066389778738397
0.004869700832627722;0.012146132769290299
0.005145668760626327;0.01271430984044123
0.005561203624733397;0.008279014737054618
0.005889540871690044;0.0007638730447010972
0.0056079346426088205;-0.006967833323821457
0.0043744383940593655;-0.012261415365784187
0.0023275191963191702;-0.013502861671988739
1.1495138386656802e-05;-0.010536995607806498
-0.001985820813746237;-0.004668299018802933
-0.0033820068768641957;0.001787249121462543
-0.004258390440749943;0.006354149540668045
-0.004818468666134412;0.007360395506019745
-0.005117037013519565;0.004521343231800207
-0.0050401828005086505;-0.001179116383170105
-0.004531078926498275;-0.00811657277767624
-0.0037777946937571005;-0.01459133061068171
-0.003119096453230227;-0.01898022352778054
-0.0027429889128363773;-0.019731546011511076
-0.0024928603086383787;-0.015727734333110463
-0.0019948670323702584;-0.007117698779264993
-0.000993241956210267;0.003975575096413987
0.00043172717868800035;0.013746138087968337
0.0019648691911581246;0.018334947967012474
0.0033426801943832775;0.016016195511097144
0.004518447866664075;0.008401848830848168
0.005578972335286007;-0.0003519031799408589
0.0065671116770837775;-0.005875039636115114
0.007422678385519055;-0.005909596750209334
0.00810944662129608;-0.001272583473971559
0.008838859728813991;0.004881520670739903
0.010190002721241036;0.008933152639742332
0.01291189547236436;0.008831941263132552
0.017410912852112433;0.005240905204559657
0.023247020988786216;0.001061627756928199
0.029002293712196824;-0.00046557327680219504
0.032614827927168334;0.002145315542441715
0.032063049907384206;0.007764001356256791
0.0262310387663524;0.013507403494893131
0.015654661013867904;0.016572972292657095
0.002687922435555385;0.01573097742646565
-0.009226840454788287;0.01162451363659793
-0.016977207288254775;0.0060073816440013635
-0.019152216087574662;0.00071566248296009
-0.01656716345735111;-0.002947831763382918
-0.011644651853049505;-0.00433619629231091
-0.00706952497210607;-0.0034325389710643025
-0.00453631483693976;-0.0009208350042980951
-0.004232662564177228;0.0018171815295787016
-0.005161956530801628;0.003128081112478705
-0.005947481688620656;0.001918924522465901
-0.005628639754676328;-0.0016333603602516947
-0.004094334118364808;-0.006043123108837639
-0.0020363501155521136;-0.009189386231694126
-0.000535027480966774;-0.009272624227230302
-0.0005144901066243003;-0.005593003317662086
-0.0022752492375567165;0.001045641108872207
-0.005236936435474022;0.008363407003768726
-0.008026302406136223;0.013285774910000438
-0.00899696732348516;0.013456964132353415
-0.007012535351351621;0.008922138681694069
-0.00209262284543301;0.0024436879873046954
0.004409067431178323;-0.002349549801583507
0.010207408984797023;-0.003637767650342307
0.012995221048662544;-0.002499896565940523
0.011521479245410362;-0.0015058102633961992
0.00625834042159367;-0.00232094567405065
-0.0007808007115696074;-0.004538046224823928
-0.006976071646589053;-0.006475165216286539
-0.010214515755446563;-0.006854408304891782
-0.009586546398402545;-0.005818574004781719
-0.005477795156407019;-0.004638084955989394
0.0007221974624983998;-0.004561542199013886
0.007042115829531586;-0.0057448917909518745
0.011458987620204938;-0.0070629761284734475
0.012558977633606456;-0.007065367803527272
0.010077851338786683;-0.005444533749799705
0.004912366833992712;-0.003650031900752127
-0.0014442581923163307;-0.0037279343097873395
-0.0075629990232826865;-0.006217300193455048
-0.012366448730696351;-0.009259752983299263
-0.015090363569778798;-0.010101346546515512
-0.01527849776123165;-0.007645212663068079
-0.0129668305466829;-0.0035384524759982665
-0.00889154579725148;-0.0008095655784508121
-0.0044837558014491205;-0.0014825843789016463
-0.0015201333077615935;-0.0052886976337785
-0.001428237814488179;-0.010184643360024736
-0.004451491534231435;-0.013708912867786353
-0.009163060844577287;-0.013962112916142475
-0.012875652165240361;-0.009986956268625702
-0.013023805452845027;-0.0020760731359991762
-0.008799020482177369;0.007821920049964229
-0.0018595822439149007;0.01627398287886151
0.004605318141977557;0.019813273382553686
0.007912894974089691;0.017146500975257606
0.007468482523441844;0.010350756350198258
0.004730653841045725;0.003718701725028428
0.001897978779559956;0.0009279405354406036
0.0005901567477255225;0.0027182221424655287
0.0012884266018852654;0.0066716167096559
0.003337716376362407;0.008867674345272024
0.0051563320741226685;0.006122754550218292
0.004765367785844723;-0.0022438724519819268
0.0007895542229279519;-0.013748439229278046
-0.006530474398153032;-0.02374373624099659
-0.015143829117419383;-0.028046906569254848
-0.022102259671988807;-0.025679355442273313
-0.024950588579277;-0.019434552724320646
-0.02267945675265729;-0.01355198169529795
-0.015871575516009005;-0.010477851144973948
-0.0063199034144339845;-0.009501477545556067
0.003508665647701129;-0.008090839179704278
0.011106322231951961;-0.0043682789673035365
0.014717063842636813;0.00131524139927633
0.014058172111506175;0.006555031169732572
0.010484526741651099;0.00839026634259684
0.006350220432778912;0.005181231992831711
0.0038626334731165085;-0.0020889501301469948
0.004037985985546258;-0.009867375941723655
0.0062839180250059724;-0.013678826461210249
0.008841263077266865;-0.010641467416822262
0.00993055186914476;-0.0013642395458489608
0.009011639879873558;0.010056631931181663
0.007337776082392392;0.018086429072674933
0.007307786918485035;0.01872767915951522
0.010900279953980723;0.011753271784595254
0.0181315084508559;0.000956750877029467
0.026527219524907754;-0.007765153271266028
0.032047546966506274;-0.009576398945497035
0.031085033489630723;-0.0034335058235300765
0.02248652559485512;0.007323210440514507
0.008432110638297189;0.017100669473514418
-0.006407213883656021;0.021570475097213004
-0.01704062659951852;0.020087084083332405
-0.020518870586548877;0.015352978239229159
-0.017233185698591405;0.010832124535070226
-0.01044719799950921;0.008076569475093883
-0.0043451906904791;0.006041438867428562
-0.0017933302088003796;0.002733418259991795
-0.0031511650748477227;-0.00242381209022813
-0.006637496086791795;-0.007614985482445203
-0.009671296076926194;-0.009825035213208615
-0.010214773558329964;-0.007160626031537375
-0.007552475311772064;-0.0004746138842454568
-0.0024684029622317758;0.006927085133132418
0.003075066735806582;0.011315783254952184
0.006725259211013718;0.010901001385207188
0.006840226918519065;0.006890380205743144
0.003411972499323313;0.002538464407201492
-0.0018117404127434475;0.0008780081176958345
-0.006232079576702118;0.002737490583411486
-0.007838516667515588;0.006415604554863865
-0.006258251935319335;0.009128469418989473
-0.0027551674205525166;0.00902539405837707
0.0007155681239815264;0.006274645701821663
0.0026678904361468908;0.0026190859115509655
0.0027287903248916744;-2.474113833673437e-07
0.001528742324820358;-0.0006388132280564737
0.00010513560774008179;0.00036414833593313977
-0.0007267707794553972;0.001943010583015006
-0.0007015073002911824;0.003114910148061147
-5.344286121034068e-05;0.003471018527651951
0.0007679318049223444;0.003166528455152254
0.0013976394930482298;0.002590713662585324
0.0017116436623708213;0.0020231386105890935
0.0018025906631620706;0.0014939913067355743
0.00183682204203063;0.0008926521868262649
0.0018975612164776655;0.0002125284490221798
0.0019083197514752777;-0.0002608389052114964
0.0016831915313466946;7.566980229555369e-06
0.0010854416916273402;0.0014721802881603714
0.00021173432011189857;0.004014527262626225
-0.0005198227182224313;0.006585412671408809
-0.0004863526336634953;0.007333725076690729
0.0007944323709853409;0.004416501672976801
0.003210357719986681;-0.002701003651081131
0.005756462585592167;-0.0121270070649281
0.0066983022840033475;-0.019558303940428522
0.004342501551393981;-0.02009575715474668
-0.0018275566443401385;-0.011470524573078471
-0.010350013614476463;0.0032115209066968776
-0.0181122011550595;0.015866659261736398
-0.021917324708583517;0.018128199697703618
-0.020297884914212323;0.007756683581673422
-0.014255294537785797;-0.008639099729519381
-0.006522039972241857;-0.0199296610934607
-3.371134983008195e-05;-0.018912812535831488
0.0034466950790689567;-0.0076664792115479835
0.003923995646029227;0.004697130615225346
0.002763541045935839;0.009391062700111214
0.0016011234056826072;0.003999356777931554
0.0013643573990758408;-0.006882944610581527
0.0020612562919761386;-0.015540731289035726
0.003267547945368357;-0.016064365836574286
0.004671994895006556;-0.00746451307150968
0.006166436707702759;0.006125052114896229
0.007542116829553544;0.017906946252124818
0.00822819124592758;0.022199910818265608
0.007400939489285325;0.01741652422713689
0.004429143679910751;0.006509302246457067
-0.0006570282634224307;-0.005146921508456421
-0.006995887409720529;-0.012816335617775834
-0.013120318784693297;-0.014520477730809365
-0.017429122715478276;-0.011329926985740283
-0.01867116785779373;-0.00613409688662729
-0.016292694985785;-0.0018033819561484089
-0.010613783836121032;0.0003209828088131003
-0.0028461756135427048;0.000944890104361155
0.0050791094697712974;0.00210094562314519
0.0109725234671007;0.0055123555810542455
0.013173858228610972;0.010965004362264365
0.01143179997492138;0.01585936269588912
0.007327009578360266;0.01657687602188465
0.003713027488172031;0.011031178201871085
0.0031883246675168887;0.0006321045469370901
0.006385209932357405;-0.010017913077271477
0.011274918132838256;-0.015790719849611265
0.01424036039328096;-0.014249082874911424
0.012414720300273633;-0.007077930851792282
0.005656883364931797;0.0012145374068037792
-0.0032839709011094078;0.0062172877373336995
-0.01039638751547633;0.006032087160258616
-0.012535896925041375;0.0016864868179430569
-0.0088311236188997;-0.004376195570133935
-0.0010127726468708094;-0.010328963840497531
0.007205310008432547;-0.01587168282858514
0.011598894924555833;-0.021337699902619453
0.009445737577395112;-0.025947684690719917
0.0011440335837889974;-0.02720081948932575
-0.009663611873253947;-0.022531663035262568
-0.017756655552264196;-0.011987219441946995
-0.01895292225272666;0.0007788463860129024
-0.012280753701678354;0.010539527830536041
-0.000552222972403998;0.013970216637086303
0.011022365934867644;0.011650290635169026
0.017468956725300057;0.007185107559766535
0.01644985572357251;0.004493270956880886
0.009122138699373436;0.005375250213616467
-0.0008213928725974947;0.00882548126153891
-0.009168474409603097;0.012198818094356922
-0.013112713410081621;0.013214352637136358
-0.01219076562535495;0.011382778200759443
-0.007952231299223653;0.007987408207967754
-0.0027844703223522385;0.004863411351593833
0.0012932133682317692;0.0030369669765652695
0.003239442438074198;0.002213231176638602
0.0029386130581204157;0.0013367536656316587
0.0008536892460623203;-0.0003293115806656513
-0.0022357984247318215;-0.002429734771348554
-0.0053284116295572075;-0.0036024422963696233
-0.0073288201579392335;-0.002431428537249248
-0.0074085296660654386;0.0012800188886334751
-0.005498049085786763;0.0058197615633839945
-0.0025008910659843247;0.008218882345365152
0.00010743270694128157;0.0061410711117816305
0.0011361188981091736;-0.0002494102672232267
0.00038940012034613576;-0.008030067725902522
-0.0012741190395846361;-0.013289641702803176
-0.0025115403977064993;-0.013590619690608902
-0.0022552138679906384;-0.009234116376428354
-0.0002063508862326944;-0.002607158296823266
0.0031377317185497917;0.00353542187417163
0.006830766417669342;0.007530672446516871
0.009925237942970847;0.00932665130957325
0.011763344387287312;0.010086049486658899
0.012044079493351281;0.011173696484231334
0.010786682182682224;0.013037713312737962
0.00831258827469673;0.014723603201799407
0.005209121101348845;0.01448443922983588
0.0021568956690882282;0.011102850793979678
-0.00035815242399608616;0.004925619173134824
-0.002246710253299367;-0.002131620190143093
-0.0037600888341172986;-0.007563526948918423
-0.005219394056778036;-0.009614275008080805
-0.006738427603655939;-0.008233193920580896
-0.008121429903105897;-0.0050936325910898445
-0.008962720971322103;-0.002587651411043914
-0.008853044189534176;-0.0023656671629947792
-0.007584738558239691;-0.004378228976532917
-0.005283417754353075;-0.007050061692605459
-0.0024019663477360185;-0.008377403419538213
0.00046843334658203437;-0.00713477940479216
0.0029166585001826066;-0.0034783075917324854
0.004976192609167018;0.0012325791347933906
0.007126432951005606;0.005160299457336587
0.009960793679810011;0.006909424580411648
0.013673699982163974;0.006265217210986486
0.01767362937928388;0.0043455964367122
0.0206188760856839;0.002925821483138123
0.020971681167245945;0.0031866857926474215
0.01783167745866191;0.0046878774120053725
0.011549559907388153;0.0054431750692598025
0.003698297055263623;0.003285028740626593
-0.0036056737489497423;-0.002362489625256958
-0.008619051903966049;-0.009726970913258182
-0.010610448655605719;-0.01575033724853729
-0.0099280042406248;-0.018317079009630838
-0.007553170363562013;-0.01787122013142576
-0.004486391578039348;-0.01694010687385789
-0.0013734240905557563;-0.01775482411597743
0.0014635746162162402;-0.019859665803242613
0.0037853748341095377;-0.019836615658527793
0.005286255204096602;-0.013772808119914512
0.005607678264298093;-0.0009737521022758477
0.004376133575527924;0.013866380224677899
0.0012328208897265684;0.02233944401132989
-0.0039693030965843425;0.017707117210988627
-0.01076086081411903;0.0005427478345707032
-0.017812820919806162;-0.020211834609047054
-0.023272951247017525;-0.032625530528299876
-0.025561838810054523;-0.029866706399722234
-0.024046878260803133;-0.014625036414455873
-0.01918852732985769;0.0033291753946372072
-0.012217760336833316;0.013968912872343963
-0.004615251149388578;0.012964662019056118
0.0023695430113146445;0.0032221787023422274
0.00799173333207312;-0.007973713076358375
0.012006495905658297;-0.013734141365399235
0.014456850558310487;-0.011338364475873957
0.015422935659996445;-0.0030822600821780914
0.014878042499455334;0.005967007433385353
0.012685260333602823;0.011650796405610517
0.008704879204945448;0.013264224269717538
0.003013786555543118;0.013241864298515335
-0.0037633818752525593;0.014426512851891579
-0.010173482558670578;0.01721794341270143
-0.014088291818930239;0.01903473487715308
-0.013570473080809962;0.01673755925803838
-0.008099180966691584;0.010026755820996573
0.0007509360606913651;0.002540252865023454
0.00978473885805855;-0.000797269657342772
0.015565359462047072;0.002018830075795121
0.015940314180969195;0.00819567873038984
0.010998690520469699;0.012317134404633449
0.0029988645346789933;0.010549600017461882
-0.004753937798513866;0.0032807003354809435
-0.009501263922254106;-0.005626990332176154
-0.010201522500708667;-0.01179034675291492
-0.007696230177454754;-0.012914372481049635
-0.003958469768910272;-0.009465042051215003
-0.0009621944068691392;-0.003624519152481624
0.0002496064315590073;0.002256494821649048
-0.00011382924410432227;0.006643569357778939
-0.0010284570819343575;0.008917444760713333
-0.001556649156704818;0.009043950916324189
-0.001518411684206113;0.007534290690639034
-0.0014042040324210555;0.005759615462025253
-0.001719459368450549;0.0057566290263528575
-0.0024415397200834776;0.008888154842355531
-0.0030015702627127203;0.014258706674696503
-0.002623393965248717;0.01872296290520709
-0.0006807852073448375;0.0190542007338917
0.0030165486623945125;0.014512188586431897
0.007966682750610249;0.007416689216046087
0.012887256030580833;0.0012386078958858588
0.016045456150697936;-0.0019570641151786515
0.01601513472574883;-0.0025407706492851533
0.01248653004643031;-0.0023106027501445248
0.006595563139477282;-0.002700029396352087
0.0004500960252610957;-0.0037758901002621597
-0.0039830807913137185;-0.004623611986152125
-0.005962529458127432;-0.004522135847166548
-0.006247048656920868;-0.003757668727298741
-0.006340527165666681;-0.003347345261689241
-0.007337643539688156;-0.0040171588506261
-0.009260189525012393;-0.005485361045632392
-0.011180379246783704;-0.006708387054691537
-0.011792315621335854;-0.006773685185049372
-0.01010352932100718;-0.0056444501410935705
-0.006154162900638854;-0.004226811685104445
-0.001465884382074938;-0.003699422330801289
0.0013870624262159645;-0.0044299890105993535
0.00025100819730397366;-0.005230170794739023
-0.0049796528817435985;-0.0038701718831989675
-0.011908850568000203;0.0010331243374340476
-0.01682242595295506;0.008183101124304667
-0.016666449642126907;0.013811825104486935
-0.01052649835051453;0.014276789923037438
9.023992894129921e-05;0.008975548171710849
0.012038873787807155;0.001033427441881148
0.021842178568114108;-0.004784217962250969
0.026957285876772284;-0.005222138871174112
0.026573661112537703;-0.0004914247380052554
0.02170814433016092;0.006113912493319903
0.01462985315102714;0.010485315037168935
0.007898230622427593;0.01028991869883519
0.0034111753949434996;0.006199410698727372
0.001811619454571977;0.0010083652488061838
0.002444987900855339;-0.002595296191613089
0.003844928756797067;-0.003821909150509666
0.004496831886979581;-0.0037814498349008235
0.0035066254409280677;-0.003959118340377975
0.0008986105837909849;-0.00471752114599056
-0.002504089776623667;-0.005160216255655406
-0.005507803270445595;-0.004324501162799954
-0.007136171687239252;-0.002477192940830994
-0.007169213326224393;-0.0012463738881688803
-0.0063396446786915086;-0.0023765806898487394
-0.005968798637687993;-0.006110277541980047
-0.007147459157074011;-0.010573373938933421
-0.00992608645854281;-0.012810001781606545
-0.013063671749854861;-0.010822379331840633
-0.014587251028364003;-0.0050763261902342606
-0.012912080403703416;0.0017605952122761222
-0.007877639085872587;0.006659835200659761
-0.0010243380766331237;0.008158637598406801
0.005147511361826834;0.006923764871360991
0.008528245746905878;0.004746856724893096
0.008494908658183378;0.0029707606117317584
0.006041013784265974;0.0015985789803464694
0.002919362663021168;-0.0003233411763748907
0.00047149076145452186;-0.003452422657833161
-0.0010312113136844597;-0.007099500544923513
-0.002180140913840559;-0.009325209751030114
-0.0036637371927346098;-0.008248108661231277
-0.005576227683111834;-0.0036288985172568647
-0.007251130429543871;0.00254474235353939
-0.007642811358689453;0.007078820959340689
-0.00596397030077733;0.007574981718907798
-0.0022134953174870165;0.004003638278188093
0.00266674220734428;-0.0012365787795977586
0.007076662390630044;-0.004746255815405675
0.009357411872941021;-0.00405227612437831
0.008463494712152471;0.001111289472828054
0.004470585779408995;0.008749469919295658
-0.0012608059444398937;0.015598166138647904
-0.0064111584558412035;0.018500163852035262
-0.00858077310451884;0.01552311394606381
-0.00650307716773715;0.006574779580260572
-0.000955078140282581;-0.006398939193306489
0.005401146131460932;-0.019663791440600844
0.009452674357962123;-0.02874983304745743
0.009533626350952687;-0.03045255997268527
0.006372227290952344;-0.02490165995391613
0.002260501228790178;-0.015940841923842757
-0.0008831470797039013;-0.008824328066697954
-0.0028928810503819897;-0.006597762033017535
-0.005087085282619394;-0.008154350784581809
-0.008768906864114233;-0.009667766864448101
-0.013832738323651577;-0.007989202710904073
-0.018546997005612353;-0.003025422648579232
-0.020625160687284094;0.0025135159749887126
-0.018763861341101525;0.005295520411743635
-0.01349932908596336;0.0037800993313096636
-0.006795675522896609;-0.0005189226379537324
-0.0008063636565909381;-0.003671850819607257
0.0031923538416953937;-0.001758895461590867
0.005068978917589768;0.006288715818680537
0.005450790809513985;0.017522764430003734
0.005186815549307446;0.02655534683011435
0.004957918246240027;0.028742141548849125
0.005055283765940744;0.02263164967075046
0.005322356655801496;0.010304635015670183
0.005312133919408127;-0.003957242212616559
0.004619452712316656;-0.015490221204396403
0.003179866543908292;-0.02085959576784174
0.0013156291477099782;-0.019047441843044077
-0.0004965760113330291;-0.011853539799320193
-0.0019556190710840193;-0.0030532842040295795
-0.003131631154871565;0.0035020080389945325
-0.004376951409053933;0.0057613575913631684
-0.00594280592238062;0.004130307604565226
-0.00747622876437664;0.0006062424579103421
-0.0077480710600255805;-0.002805144936335336
-0.004981960508656315;-0.005188068483647688
0.0021143456117576256;-0.006651111610268863
0.013020651436245813;-0.007399523104913832
0.024672564679887838;-0.00693278342340837
0.0322729946365756;-0.004230206914440611
0.031783319299669106;0.0010855910357225392
0.022724146824296094;0.007606074288991956
0.0090675601461877;0.012276759822358554
-0.002804190404907731;0.012165205534730975
-0.007688673768862802;0.006658516549815897
-0.00419142333509496;-0.0018053468703755253
0.005022059483012287;-0.009245860967551972
0.014977255173204277;-0.012670482055875176
0.020873821338258096;-0.011581658392763013
0.020118020233470417;-0.0075192028911163595
0.013199864832068925;-0.0024800997323807345
0.003232723001446109;0.002244577387649475
-0.005539700138290374;0.006132793965861762
-0.009591380630291385;0.008974598645101096
-0.007546566112994322;0.010725182254712909
-0.0006786737443326276;0.01166529088976268
0.007657241026682084;0.012245293773712414
0.013477417114411597;0.012489356607919312
0.01398984772599383;0.011716518697188006
0.008909473837080795;0.009238111647536289
0.0004775509854015744;0.005534394426072402
-0.007817219590301393;0.002570765241785696
-0.012933815580207267;0.0025295063829950458
-0.013409407027802755;0.005807693932889209
-0.009613743742885764;0.010062873792860035
-0.0034038022698163546;0.011408125905296565
0.0025366868615634016;0.007135272185913077
0.005599279016625294;-0.001969542725576012
0.004247467293363472;-0.011525089915473003
-0.0013138669406126675;-0.01602210423102197
-0.009215629499320829;-0.012409226237291196
-0.016731995356714886;-0.0023611405498513978
-0.02134175574958343;0.008555924341819846
-0.02152592062976047;0.014462389759763224
-0.017108482210027007;0.012982257411106526
-0.009231858408556616;0.006506875129354072
-6.162611402203378e-05;9.884519022881208e-05
0.00780109753088198;-0.0021740498937069643
0.012144035232940095;0.0002882487715717657
0.011877737292462998;0.004806965717715543
0.007286141670163126;0.007625096597873528
-0.0002209239519396946;0.006352661649805596
-0.008479866740261174;0.0012073178492155645
-0.014901394492193956;-0.0054228607185253875
-0.01711946635995148;-0.010646230014301594
-0.01420711121476617;-0.0128849934984413
-0.007744964985119989;-0.012633620027437611
-0.001459865861846461;-0.011607811904146684
0.0009242290195429643;-0.011012627081725842
-0.0017338407912230434;-0.010551446718862295
-0.007002688849108122;-0.009162843280758495
-0.010330994732792097;-0.006599209628526048
-0.007928947688147298;-0.003926894468618001
0.0008514789180577819;-0.002313123041015015
0.013046135284792246;-0.0015972919644391909
0.023652080048249428;-0.0003882810901741926
0.028233029677234386;0.00245911416166416
0.0250972924802935;0.0066838621175591565
0.015977650433306366;0.010900316899705565
0.0050090892305084305;0.013729095112928155
-0.0033891871653639128;0.014464749252947256
-0.006650210538948734;0.012898357461452622
-0.0051213366204905676;0.009059578122963504
-0.0015003115094438769;0.0034918713416394478
0.0009656263336135541;-0.0023793128636385636
0.0003653801658709296;-0.006596927388384515
-0.0030453592874597666;-0.007745085354699608
-0.007404696498685648;-0.005861035338208705
-0.010589988439274124;-0.002390663254010322
-0.011379035368262614;0.0007471398211521401
-0.009820660206224031;0.0022352650735249667
-0.00685186967687377;0.001876968739384159
-0.0036046917023210795;0.0004157839373362477
-0.0008520180794403512;-0.001039411811583767
0.0011860500046689422;-0.0016219082629792888
0.0027001471705499947;-0.0011224223205915825
0.0039926857684728055;-6.627678849629651e-05
0.005229075212587184;0.000643549235812472
0.006360877290709994;0.0004175058547896266
0.007216244818771298;-0.0004219175525032723
0.007665453981930315;-0.0007146018477781451
0.00772954527016841;0.0005879855773199808
0.007514057774996322;0.0032605830054638443
0.006987123175369772;0.005639107808381876
0.005821924040944535;0.005947928251335736
0.0035221755462093362;0.004000916119304122
-0.00021530445027670954;0.001495360693581536
-0.005148887112015127;0.0004893606730006043
-0.010349537289342682;0.0015798418022716055
-0.014367237692691347;0.0034654098532760037
-0.01575734070867438;0.003979539039100314
-0.013828292240941883;0.0014749554211964542
-0.009174479938766607;-0.004270690347277282
-0.003533733558099834;-0.01177323544227222
0.001069574632231108;-0.018236272508157434
0.003389828186641438;-0.02069784174964183
0.0035225623346021484;-0.017573369691851224
0.0025706388185924036;-0.009723432542201526
0.0016585972246478187;-0.0002571785549596578
0.0010452273312362953;0.0069434341441414835
3.36926045255541e-05;0.009133083515862464
-0.0022655472136801098;0.005963542112923315
-0.005988313401106214;-0.0004999138174163951
-0.010190904045584101;-0.006885222842563481
-0.01336129724694697;-0.01012207986070346
-0.014268508620385367;-0.008763441546352117
-0.012494757650107767;-0.0034404901540484546
-0.008433118794316626;0.0036114249919405334
-0.0030013526179618285;0.009579306358528007
0.0026281043671759286;0.012210420864078116
0.007233049300203829;0.010711878197687472
0.009785185713216625;0.006049009644557822
0.009744374717428454;0.0003869701660576632
0.007269468637920763;-0.004100057229290431
0.003202318756326406;-0.0063074317052267
-0.0012103842276718815;-0.006451715029736287
-0.004767962956073079;-0.005441660813791428
-0.0067485235283181455;-0.00402192359286446
-0.007098244620263464;-0.002438381526237517
-0.006277800233125613;-0.0007933286496932276
-0.004916749856218261;0.00041852325147863736
-0.0035468230991408654;0.00025532281749172865
-0.0025246419611530007;-0.0020446163846643073
-0.0020278916609748963;-0.006206357058328191
-0.0020068168011540097;-0.010608551195004486
-0.002151530718130735;-0.012992060781448213
-0.0019974067560785723;-0.011845885176901308
-0.00113440582011368;-0.007447792406832382
0.0006383736234227481;-0.001725737563588199
0.003278473454438356;0.0029096974367167506
0.006515325302686424;0.004816981466997611
0.009857432100643704;0.0036620816935646738
0.012608735451711588;0.00021396758643774748
0.013930952972546387;-0.004137315041071577
0.013002463330119571;-0.007836495040226179
0.009334308509005651;-0.009633532854222651
0.0031811700634919293;-0.009065400376337542
-0.004239156207674869;-0.006664463487116418
-0.011022875528648493;-0.003645129124770522
-0.015309068770541466;-0.0012353697581586266
-0.016030805955254534;-0.00010807542629636274
-0.013264723300827484;-0.00022059106103622386
-0.008084020547545158;-0.001029666414213709
-0.002091665110715526;-0.0018561777899776543
0.0031325124156800646;-0.0021907916340660753
0.006496384643079089;-0.0018503645243378168
0.007673333335082085;-0.0010086528625490223
0.007148648869758858;-0.00014857784055747995
0.006008469687938897;9.202902348527453e-05
0.0054663438713326035;-0.0007396818129853555
0.006219325622206397;-0.002419923568271986
0.007904658445252321;-0.003682969165353906
0.009058972848541805;-0.002413934042859812
0.007869227982561683;0.003333413968262965
0.0035488508307870157;0.013747551095968875
-0.002477117596987862;0.026030859825049442
-0.006710029679870822;0.03485159530966429
-0.00548188416169823;0.035139177793627366
0.002467747994288581;0.02587393438797394
0.014731422622715241;0.011729909601896158
0.026324041081358704;0.00044022549947040225
0.03227596840037246;-0.002521038211483489
0.029995796132923448;0.0023796096083412116
0.02021937713762974;0.00966912174666442
0.006362132834878085;0.013320707069687398
-0.007165250138953946;0.01090457469643513
-0.01674305923448787;0.004522311499758604
-0.020598372428714495;-0.0013759087279626976
-0.01886753567985945;-0.0031098048649178343
-0.01302047190751456;0.00021129259337649057
-0.0051872508239213895;0.006479817634249378
0.002355856804768851;0.011907102089927015
0.007634425644492665;0.013202101467645947
0.009489427307078637;0.009647820386886316
0.008012460317345732;0.003826425554235462
0.004536701998068018;0.00015004984304112936
0.0010062034672026624;0.0017926564388563125
-0.0009680894754075433;0.008126990166429374
-0.0007835558981359439;0.01475589639896129
0.0011096348861408276;0.01632996684952921
0.0036840500934162057;0.010156161461606344
0.005909653313823616;-0.0019178821537591143
0.007060478050490819;-0.014449399503987014
0.006712518333985955;-0.021394757476502102
0.004687022619466998;-0.01937989550471709
0.0011678627567974032;-0.00955538680005585
-0.003084002208689311;0.002938721319663224
-0.006738609738351587;0.011737448868584573
-0.008368336471658662;0.01275331704742518
-0.007265552930980123;0.006246252038928569
-0.0041108349518505435;-0.0038375154383859557
-0.0009098996929269833;-0.01256872332493417
-8.17426209707749e-06;-0.016718225575881682
-0.0026911380821334524;-0.01578360182859412
-0.00831015255878198;-0.011307638357809645
-0.014529006422581337;-0.005567124777874285
-0.018446761023893712;-0.0005906353922242
-0.01789542496305382;0.0022991076715803294
-0.01244764735901839;0.0026539813135004133
-0.003949299508962523;0.0009130673862864629
0.0037870238392573924;-0.0017585921090970767
0.006566776371660037;-0.003783705195115687
0.002301467994826377;-0.003655651784521997
-0.007188988537054222;-0.0006999511807239062
-0.01672074566597716;0.004116962337346563
-0.020656038234606718;0.008197656003229692
-0.01626624062101828;0.008818659835472479
-0.005263238562571571;0.005322100396292985
0.007382354737145349;-4.8180902738188357e-05
0.01637445568655102;-0.0037848826288183267
0.018859560740051334;-0.003917358715744594
0.015462429034751946;-0.0014638503481156665
0.009273071160377474;0.0006426893950586558
0.003733402348565255;4.1086337256625756e-05
0.0008184438933123729;-0.0033101448622141205
0.00042861794974907047;-0.007429017636040221
0.0010852796018426883;-0.010210076477705603
0.0013303820664302942;-0.011263406033962533
0.0008249331995871085;-0.012168582438490397
0.0003296986930319696;-0.014908957582239325
0.0007028469901323263;-0.019692818193461786
0.001962544231523806;-0.023990771306660757
0.0032773759812278294;-0.02392870296744378
0.0037124548793640287;-0.01733175119084657
0.0029200118874373646;-0.00600478206958492
0.0012469466478145232;0.0048940183047597174
-0.0006447894229640292;0.010115610565766495
-0.0022385449072582094;0.007681716116671154
-0.0033874431772345057;-0.00011635270283695678
-0.004238421064105639;-0.008474656978530748
-0.005002867062703662;-0.0130147016542419
-0.005788717133727565;-0.011935305030012508
-0.006590079314707581;-0.006400541321105808
-0.0073422076293161165;0.000575844210095144
-0.007925554723230229;0.005847842959626992
-0.008145880035275242;0.007561590059004276
-0.007777429058106834;0.005734017843971673
-0.0066581189324316096;0.0019058832532986307
-0.004752238663110912;-0.0017779742246137656
-0.0021436117377626697;-0.0035394832481557585
0.0010006603015917657;-0.002606491956840177
0.004439071393747134;0.0006119753584833341
0.007822153767789441;0.004766195540412764
0.010655779729352707;0.008088807762764775
0.012325839933840245;0.009031661490225213
0.012227055974161447;0.006835713220860839
0.009984892292529643;0.0018682440256086032
0.00570444799869515;-0.0043828299512580025
0.00013635859132080466;-0.009679798080014913
-0.005374006802600792;-0.011715146653418008
-0.009246213818476689;-0.008986593463500073
-0.010284890973170115;-0.0016532260756476063
-0.008313080247834387;0.008027527555564235
-0.004412724358517687;0.01622577385635437
-0.0004394420940533183;0.019268959072342662
0.002035967257365079;0.015820231315520204
0.002609679828170328;0.007853112411355723
0.0020282984620327705;-0.0006353405042868079
0.0013590080346200057;-0.0062658066135664325
0.0011626513820541412;-0.008113561343724962
0.0013347269042685867;-0.007486858139514095
0.0015111356271599447;-0.006332471555937203
0.0014744522882204068;-0.005797269311361658
0.0012522570733198058;-0.0057619042952581
0.0010534901082215019;-0.005215312792145563
0.0012283938690835256;-0.0030903954823403323
0.002191666784201679;0.0007824894086361412
0.0042097119797045324;0.00515524946552329
0.007142107594788639;0.007898146342328516
0.010305048376955932;0.007522780530356634
0.012549450235449422;0.004546079131716174
0.012609379993924103;0.0013797909906098495
0.009707217447382241;0.0006641091043238915
0.004149532701001624;0.003396616052558258
-0.002546028801295981;0.00832938611872535
-0.008230378204169456;0.01290253061580106
-0.011135870815061708;0.014797234470690748
-0.010725133889207754;0.013060801477891019
-0.007889792723091977;0.008396415567501474
-0.004431021829423552;0.002740988098653326
-0.002169704191796554;-0.001621517303601239
-0.00216883452648346;-0.0031164434422545576
-0.004373098434948117;-0.0016579456428143149
-0.007705603735718659;0.0013050971722904114
-0.010507240898314316;0.0035861230243363655
-0.01116191336362606;0.003491921188616655
-0.008738005134866163;0.0007930747167635938
-0.0034466632037771093;-0.0031167014296593436
0.0033066532709920657;-0.005988726106055634
0.009418581689367038;-0.006049816020809234
0.013002614810746393;-0.0031655120691912357
0.013265339396161611;0.0009539324096352546
0.010822581710855051;0.003818017425335469
0.007273988455790597;0.0038865605111849527
0.004335421187659324;0.0016962010809253173
0.003052153905225038;-0.0005767931791969699
0.003468850758546385;-0.0008893491965565836
0.004817334642102442;0.0009222876063594253
0.006028659240653984;0.0028853483263799147
0.006275655957913669;0.002429543029600138
0.005311603530846009;-0.0014887337016557688
0.003520374268784469;-0.0074037382441119355
0.0017089472687540053;-0.012261030377079225
0.0007182497823452107;-0.013475866551323592
0.0009864073714488653;-0.010577406578614074
0.0022801612906963756;-0.005329256576217794
0.0037824534299106868;-0.0003865737189189982
0.004521602687827529;0.0024428664772387504
0.003889998211632502;0.003080095611317652
0.001931692939466545;0.002680490265025288
-0.0007575889444327882;0.002365184981225876
-0.0034146601858211422;0.0023606834108874835
-0.005520749997857877;0.0022100759336846987
-0.0069986999655197975;0.0016137002067867987
-0.008061191051536902;0.0009113374802944509
-0.008757228791287788;0.0007130281282323395
-0.008526489926265467;0.0010995531098049207
-0.006242932980438297;0.001263686825990249
-0.0010247507809405965;0.00010625643724539125
0.0065353784010004625;-0.0025675656691762027
0.013701734654621123;-0.005289726494062367
0.016468681829944327;-0.00550767436208709
0.011955839907813064;-0.0014064984690518938
0.0008306432210678829;0.006290032097622963
-0.012299697792614729;0.01418175978339947
-0.02126649070399519;0.018281238150793765
-0.021966433922119406;0.016868593603893856
-0.014673496877721747;0.01162670426586445
-0.003565591699614259;0.006018854527450952
0.0059481764272858355;0.0024616137384027015
0.01017429187662815;0.0007685845515657303
0.008567665184414557;-0.0011023831665347122
0.003151801943022918;-0.004921678873459982
-0.0031791940922977773;-0.010375046985186615
-0.008105998354388765;-0.014766547178402433
-0.010322451483461783;-0.014410922162526915
-0.009224665347859934;-0.006949414634247413
-0.004642633514136295;0.006663688171216136
0.0029050886291714104;0.021695054418679666
0.011718983780633624;0.03136388014001998
0.018923428337469798;0.0303997040293688
0.021404126069639477;0.01854172509770442
0.017308997708646762;0.0013063887568706715
0.007136495681142042;-0.013178160170994577
-0.006374523882924957;-0.019332641084920974
-0.019470921760861872;-0.017449253892705314
-0.02889883277899323;-0.012732459348563865
-0.032873106919537064;-0.011049656639561561
-0.031241166822037963;-0.014739234586064276
-0.025112785197353382;-0.02131820066115456
-0.016348718076895533;-0.025512642811881085
-0.007097681445314749;-0.022881562540748378
0.0006489004468705979;-0.012694712305261816
0.0055393886577014256;0.0015180666590042904
0.0072746014179419696;0.013944690701459423
0.00668475267164703;0.01977367803032403
0.005279166516409593;0.017736582521623336
0.00442121676680341;0.010332257556342133
0.004629265012051255;0.0018178972164791232
0.005499924120687132;-0.004359424454473451
0.006291392439750164;-0.006867954651331468
0.006636118189787125;-0.006064765660686609
0.006751462223449525;-0.0028844494094885814
0.007068692597658042;0.001643980643957705
0.00780457327431488;0.006011380044373739
0.008900660051851556;0.007914252806415997
0.01012544564393088;0.004993874776952413
0.010947112838260614;-0.003515855057747903
0.010362665025985285;-0.01550049780629636
0.007282957752586254;-0.026310317664974645
0.001506145184691497;-0.030915048285714307
-0.005608721043345827;-0.026742720587757837
-0.011637203863820344;-0.015425627872215802
-0.014514701307191681;-0.0021025334728437066
-0.013697233904185485;0.007578563445767613
-0.010118735833582386;0.010816126412326446
-0.005171688381656953;0.00888778671682083
0.00017982919685382938;0.0054156527137143575
0.005348541566394118;0.0033350079092723394
0.00950109981630828;0.0031529253999836035
0.01141003056234881;0.003591466200387261
0.010172618944109427;0.003488511637116227
0.006051802000726796;0.0030003776370505723
0.0005123017683020474;0.003192793350745144
-0.004563760992549306;0.004752233330539689
-0.007701139709890861;0.007216823392772035
-0.00811425975589544;0.00936453068476617
-0.005603770379842369;0.010164653997518747
-0.0005316014651259847;0.009315955706335156
0.006001591924249509;0.007117725004828916
0.012107801332080791;0.00419013442236998
0.015575108544606172;0.0014202063023369515
0.01481988330934945;-0.00011835144074336942
0.009800242777123663;0.0003962117204738385
0.002229459591977172;0.002943433828194279
-0.005165203076605011;0.00647027039620943
-0.009939513856027411;0.009370484929368296
-0.011007531210212276;0.010345595061025552
-0.008908630781208236;0.009062864074142921
-0.005246954745182628;0.006207094109067448
-0.001760916889938008;0.002980902912477788
0.00042684263645312146;0.00044781432373028844
0.0010704832511739984;-0.0008895984504741311
0.0006004827710931165;-0.001129637352129221
-0.000296191494462193;-0.0007314813137880542
-0.00105281524761283;-0.0002014423707759001
-0.0014077072681894774;0.00012765623648271524
-0.0013890102267415858;0.0001617227079976624
-0.0011823784351620182;-1.377373351983699e-05
-0.0009835408682865184;-0.00024365818968029082
-0.0009045239786616856;-0.0003972725554308012
-0.0009524342025510324;-0.0004148961268647493
-0.0010618562241153577;-0.0003084182134236656
-0.0011476627844637663;-0.0001363520925267589
-0.0011503310427073126;2.6868972857979218e-05
-0.0010594369789589497;0.00011746112306730154
-0.0009129468944950379;0.00010393627428041249
-0.0007764101580522864;4.183855200087536e-06
-0.0007090837968958859;-0.00010785639220587534
-0.0007272087838568612;-0.00011817651002684254
-0.0007794244098124852;7.902385009941514e-05
-0.00075224304011116;0.0005076656737605311
-0.0005180826619833876;0.0010433828853737349
-1.997840343096683e-05;0.0014066589997258252
0.0006408721411151484;0.0012609740514743031
0.0011718790233970456;0.00041521873204479676
0.0011647618800028816;-0.000947417443407868
0.0002903810238120037;-0.002162279953612154
-0.0014579045915277626;-0.002252076477905441
-0.0036210920774543093;-0.000418714471881551
-0.005386562940280438;0.0033145304825519034
-0.005981849648217839;0.007722732105003826
-0.00514743449815285;0.010722334159863766
-0.0033485811850687865;0.010523641195044032
-0.0015366768454218819;0.006952610897850302
-0.0006165150322470462;0.0018494314552999656
-0.00097745014830631;-0.002036442476980878
-0.002338528765983264;-0.002959916644841225
-0.003924946437342934;-0.0013739063604321588
-0.0048533498160749314;0.000558260902573545
-0.004555219029864995;0.000632766489232849
-0.0030385388841514256;-0.0019131600519477232
-0.0008280279980196442;-0.006054565357357997
0.001390622870655624;-0.009723151328325758
0.003163815113766867;-0.011027563931406508
0.004402033469693362;-0.009308033787455266
0.005204688443992654;-0.005517794039580954
0.005624990810507383;-0.0016586215984689266
0.005619824124053897;0.0004727279286110333
0.0051727290053986885;0.0003954318797352935
0.004413145008735088;-0.0008915821049247322
0.0036276472921766526;-0.0017379621510051453
0.003187083013475074;-0.0009448733286976765
0.0034333763551111403;0.0016205222018094026
0.004534764284793022;0.005108583146605038
0.006337839383476955;0.008182913241983742
0.008302864194694184;0.009576594617055354
0.009607433896221278;0.008546880594690033
0.00941157276406764;0.005177957182274004
0.007172079270266077;0.00042808099588492494
0.0028724813857378345;-0.004209240410742794
-0.0028913869267241064;-0.007375424622146132
-0.008961099945997569;-0.008494741995861225
-0.013823281410035991;-0.007950980467241475
-0.016053531377588928;-0.006632556519273017
-0.014961269731152494;-0.005177402628931895
-0.011114326606477236;-0.003542962138294139
-0.006260677603380979;-0.001323567691536713
-0.002415407359947759;0.0013903159424938452
-0.00048577846693493925;0.0033984018502254522
0.0006492713280816992;0.0028144174122319435
0.0037130425254334846;-0.0014091336690860655
0.011160654619310546;-0.007855477137000612
0.02291027884985092;-0.012504072394701003
0.03533883036249173;-0.011010155662125905
0.04266217761890041;-0.002430003706834618
0.04024868293773018;0.00852352179047481
0.027748230399486182;0.01354604288425268
0.009623334148974096;0.006825114272429296
-0.007466339088812676;-0.009354654481592627
-0.01839594712202154;-0.024834163043640403
-0.021714299325090374;-0.02853500153725404
-0.01920786789952701;-0.016985603566729925
-0.013943381359018068;0.0025268957905022066
-0.008427940719770006;0.016826995280800238
-0.0038543721166794265;0.016032185914294637
-0.0004299181407628654;0.0003154138340055329
0.0018707186541952634;-0.020304026662314296
0.0028606025639877223;-0.03260417348161369
0.002267070161049503;-0.028497525023862866
0.00012961448403650858;-0.009634235056787743
-0.002990113318486606;0.014254705090001783
-0.006172825875139798;0.03156875130818667
-0.008535179915551437;0.035267245875880864
-0.00960233604847403;0.02573780205195511
-0.009493255233042047;0.00922857220576329
-0.008838629661264783;-0.006237938807767252
-0.00840835147263842;-0.014738422235901926
-0.008582120085153515;-0.01441612861692849
-0.009010817712399444;-0.00734378729573138
-0.008788538585097747;0.0020410341602592986
-0.007069056941431779;0.009105077025279865
-0.0036719615039494833;0.011080983130943026
0.000745088877119225;0.008306836258014115
0.004978009424339514;0.0039625386572099235
0.007752366545983206;0.002138576483596364
0.008151489406382988;0.005115985967989291
0.00597052250658858;0.011583962192604906
0.001965757246732737;0.017223554332210907
-0.0022591459100516067;0.017500658931912102
-0.004996378558338127;0.010771567502460874
-0.005548205775168712;-0.0005331076991388314
-0.0048297826787228725;-0.011401774940211263
-0.0047304561940581255;-0.017199386521556566
-0.006597441238385801;-0.016135323273626562
-0.010155746071115449;-0.010007091308973062
-0.013803535531033966;-0.0030227077860238215
-0.015850186343529388;0.0007578811421738618
-0.015478299254052062;9.484007663626206e-06
-0.01283272357926363;-0.0031553004695509396
-0.0086786023797665;-0.005252182038259042
-0.004168968002103397;-0.004634845310188737
-0.000582070380218199;-0.0028100711089285705
0.0013176753031979448;-0.0025607338722915974
0.0019965239382786844;-0.004879313029997258
0.003131805930998635;-0.007891921431176587
0.006518011541655663;-0.008681835270780584
0.012612347119012567;-0.005850105421641716
0.01989443131153897;-0.00024268109577190724
0.02558303787510162;0.006318819368444523
0.02721055233723117;0.012412511868679293
0.024013464122349393;0.017175911940301554
0.01729705497938347;0.019783051059321485
0.009621799224220495;0.019381884651069166
0.003401802167676739;0.015697977059826736
-0.00020649957730177227;0.009604407777516406
-0.0015721225594820486;0.0030202185513981384
-0.0020288730452315356;-0.0018875557191914175
-0.002907678979067466;-0.003726954372244818
-0.004721396702351172;-0.0025310174622680333
-0.006943368285944792;0.0003339699854812002
-0.008466105480833569;0.002947321446518943
-0.00840292062714325;0.003870854655965601
-0.006697295907746493;0.002861264028357551
-0.00416991614147559;0.0008388318787058359
-0.002009855243863986;-0.0008431114597597984
-0.001044584505031264;-0.0013037990821090624
-0.0012364575392910802;-0.0005927129600361594
-0.001714089985379831;0.00055218882780469
-0.001323966346108922;0.00137256086368554
0.0006356639320428614;0.0016327293955874372
0.003932132219329862;0.0016333849678935634
0.007419151906091121;0.0017438769043069745
0.009538836695705278;0.00190201028616697
0.009074405355475495;0.0015422022012886796
0.005802650330784186;4.900896918986824e-05
0.000704926462973599;-0.0025923028260841537
-0.004410841342064563;-0.005486016958899976
-0.007727052669785095;-0.007242546466338353
-0.008274790123590042;-0.006976933534045288
-0.006362970041399716;-0.005149799420206106
-0.003308804640800974;-0.0034365084687421987
-0.0006311834611033232;-0.003530976642552849
0.0007789678983581236;-0.005772334061892837
0.0010285582897552725;-0.008746902194300204
0.0009999595776078903;-0.010222662042687595
0.0017385042741407915;-0.008691908161390172
0.003774916001913386;-0.004422845046431925
0.006693001847490734;0.0006040312912089338
0.009189894115358848;0.0037594106993001936
0.009691639022603064;0.0032109067830062422
0.007244776849898696;-0.0010217177609829146
0.0021355707131191057;-0.006991625294018638
-0.004195444916269599;-0.011802089645871438
-0.009888842667983372;-0.013073944367128948
-0.01354447388418456;-0.01006131874067701
-0.014702560697682068;-0.0039021511769714353
-0.01374079921988084;0.002934859738691855
-0.01139419930919118;0.0076771690982944335
-0.008274694236128257;0.008440775189521637
-0.004679215557589548;0.00519202930933641
-0.0007308645666316517;-7.087779459545799e-05
0.003331807044092561;-0.004244804667876575
0.006964204317511823;-0.004817132147897914
0.009354197176550793;-0.0013769331936961313
0.009664842845808668;0.004036165819542982
0.007388023209383245;0.008090642964078723
0.0027057065880717016;0.008260509007864835
-0.0032950074710939355;0.004618628875900875
-0.008765122411990345;8.883567859839064e-05
-0.0117043054590554;-0.0012602098823601786
-0.010840454597975313;0.0029530601518405176
-0.006315961444630559;0.011250544061113596
0.00023288678991135987;0.018564974947017206
0.006306097362011814;0.01939283278418624
0.009633217852270946;0.011954141792781743
0.009213921720031971;3.651197888458412e-05
0.005722767588368704;-0.009349122174647144
0.0010059289412238978;-0.010806392903737472
-0.0030080400287413084;-0.004044470162818816
-0.0052547221815770675;0.006407538494752494
-0.005770470195371551;0.014466906847671577
-0.005232802766152114;0.016081662152642662
-0.004301780792027996;0.011020372293381878
-0.0032738295572549564;0.0023724917019901097
-0.0021817396111771517;-0.005513770793659283
-0.0010951486993778577;-0.009395906538993856
-0.0002960986308446322;-0.008558006088334175
-0.00019865688812754911;-0.00466456871283785
-0.0011130512286986482;-0.0004356000013930861
-0.0030346251611550693;0.0018333158812463039
-0.005575872613341856;0.0011263366677018362
-0.008075572128024192;-0.0021723035710079323
-0.009855766651396414;-0.006654321100266486
-0.0105227533975823;-0.010544475916868063
-0.01014512270209837;-0.012416468132071066
-0.009168543193079224;-0.011652440018045
-0.008074231744398636;-0.00843507679372133
-0.006992359876145734;-0.0034111727395835685
-0.005596026812120724;0.00257393059410222
-0.00345675076649573;0.008416482076140624
-0.0006369530370975823;0.012581745287891659
0.002037500492821315;0.01335580395527597
0.003413829400246201;0.0097745037029254
0.0029134201006188886;0.002672344352572112
0.00115268039351682;-0.005210404094246276
-0.0002989178765415276;-0.010531459143969111
8.747176346505802e-05;-0.011245621361656235
0.0027709195260287155;-0.007676413644012367
0.006816799646081756;-0.00207799294788891
0.010474691812189858;0.002759073889658416
0.012204034563338224;0.004827406542706907
0.01146719770155767;0.003596615692956089
0.008905529222809502;0.00011910238667245637
0.005924543152857657;-0.0033660982925967638
0.003907443448685739;-0.004407207298008212
0.003372515657166501;-0.001693006733589853
0.0035438279969109217;0.003979465988561879
0.0027865672149569257;0.009934009654259788
-0.00012314600762493506;0.013064687807823697
-0.004652685964836196;0.011582532155110951
-0.008155970118548168;0.005913429717928044
-0.007061272401439989;-0.0017231638221106445
0.0008395239660806063;-0.0085786239027199
0.014302638309694441;-0.012596793885745325
0.028275672146346527;-0.013055250861440154
0.03607682793464036;-0.010644021642551262
0.03326820290793698;-0.007137608781949976
0.02073784743786745;-0.004596509659308628
0.004533888063833703;-0.0040771421931938695
-0.007671420814584604;-0.004492679924490544
-0.010933438614798447;-0.0029052666902675797
-0.005280990455898514;0.003142992779201135
0.0051224246172880605;0.012738468194040432
0.014806273302001778;0.02100011730676764
0.019874857986854653;0.02213155928835702
0.019361836967702113;0.014022284281403589
0.014658680086857246;0.00044756893075089717
0.007934793775534537;-0.011224795515872837
0.0008968881981738989;-0.015082960321423994
-0.005476368074293197;-0.010518752717310769
-0.010575948550079792;-0.002125491539099845
-0.013874236543426835;0.0038473167701348187
-0.015022927155396232;0.0035770923602324637
-0.01413001104398699;-0.0024777283674844316
-0.011841002210642378;-0.010690873742042592
-0.009070804039346715;-0.016987889716876124
-0.006564876441371931;-0.019070415457835974
-0.004616407526142991;-0.016929332870059603
-0.0031087247364463937;-0.011981169878393231
-0.0017558434563020974;-0.005989307909496788
-0.00029819441704731546;-0.000542753093507406
0.0014306233131257601;0.003013917469870613
0.0034611251776027617;0.0037302375152441026
0.00557718801074372;0.0015264007988897907
0.007200897269471527;-0.002337112416304516
0.007438861129536878;-0.005424103076724604
0.005410167772080705;-0.005220732216990123
0.0008074937751233141;-0.0006848277623590915
-0.005571576457299153;0.0068376677070221565
-0.011734254004028574;0.014166258941964074
-0.015169742330775707;0.018045377948739585
-0.01416480234474719;0.016850028808926925
-0.00899778195847317;0.011136137949518296
-0.002062543747148945;0.0030451882404679076
0.0033481520652616703;-0.004670286875604515
0.004799961090563837;-0.009516172685968096
0.0018098582202258071;-0.010068747081944803
-0.004253166504527706;-0.006637986923893906
-0.011027335502820241;-0.0012658624737462887
-0.016108934568994634;0.0032249964595661537
-0.017845616505560477;0.0046335281337178715
-0.015946068889590454;0.00239337621779918
-0.011637798938994219;-0.0022013915992203552
-0.007036738827447898;-0.0064646796047398885
-0.003929738918812899;-0.007392724841067536
-0.002778462049299701;-0.0032494525113193314
-0.0026477009237702766;0.005041843539287664
-0.0020012392101139333;0.013954356175592498
0.00029016009959401785;0.01935403682881885
0.004327221199955591;0.01913508530541001
0.009148680809316146;0.014381997642799764
0.013194668435822935;0.00824681482357663
0.015018267420143372;0.00373000474004294
0.01391824122256916;0.002173360563546066
0.010238011535807612;0.0032453433817558326
0.0052411504382755755;0.005859866047493598
0.0005935965312001829;0.00897427787045432
-0.0023982935075343766;0.011677349813568275
-0.003450846703130925;0.012845199449306165
-0.003414381054712882;0.011185162476817188
-0.0036219170107838756;0.006131048870552357
-0.004846498134759759;-0.001060250898577636
-0.006665475085526255;-0.007358352872376358
-0.007765226938630651;-0.009684644520211356
-0.00693070255386803;-0.007124724330293626
-0.003931771799594834;-0.0017246944477161805
0.00030114837626031305;0.002876191263517021
0.004219705941993487;0.00389596369896087
0.006456939938298963;0.001130195009115989
0.0063742178417508025;-0.0030871907872821406
0.004155794516462606;-0.0054401869358535835
0.000599813870496745;-0.0037101445285884966
-0.003166987990273851;0.0017600165914301638
-0.005994273274204427;0.008106494514184251
-0.007081479896509402;0.01163156593708384
-0.0063299757212731626;0.010154057949485285
-0.004409068088854164;0.004414678184010002
-0.002376283159788064;-0.002438167959881632
-0.0010599396298407106;-0.006838100025368373
-0.0006578823853420507;-0.00686752814732268
-0.0008321002297683338;-0.003145486786796587
-0.001140368051440827;0.001829788431095938
-0.0013871666444163508;0.005299855522570498
-0.0016356204777722959;0.005767417694673609
-0.0019906453973523963;0.00358419201901792
-0.0024499905862108086;0.0004757422737108
-0.002972438903048791;-0.0014947264326082889
-0.00362772860295571;-0.000897899967464938
-0.004574661793884862;0.0024807389067966513
-0.0057795198441058055;0.00748880492272347
-0.0066854942902611;0.01189051877500398
-0.006205106732215577;0.01313569132471186
-0.0032571049478219865;0.009504354716917166
0.0023423444194584303;0.0011821870300471862
0.009233427852335425;-0.00938268849292017
0.014769885843161738;-0.018303999336028394
0.016340171090100036;-0.02213884655293028
0.01305170691960535;-0.019945750307912544
0.006521095415436463;-0.014150509636601447
-2.801680805661694e-05;-0.00922324384049977
-0.0038088596040176826;-0.008642927658411783
-0.00409992208298113;-0.012320326025228008
-0.002303335291111582;-0.016777926648893722
-0.0006261601990826272;-0.018148424145427534
-0.0005203352691810626;-0.015341518914187908
-0.00192535914613309;-0.010551190609188205
-0.0035997064009495867;-0.006960853075584446
-0.004065142264475833;-0.006049242376223663
-0.0024313799187484423;-0.006776879845754339
0.0012975876539751841;-0.006867106228223597
0.006335891730627092;-0.0047500294111570895
0.011364396277679309;-0.0006771702435105808
0.014804520590541844;0.0035295381562192407
0.015203419544722657;0.005695230219557752
0.011749997229132052;0.004640414152297462
0.004692349786111787;0.0008417947284893885
-0.004641653563724138;-0.003995723797629355
-0.014269078228719565;-0.008108330792395972
-0.022174699104240917;-0.010651598763585944
-0.026825804974309125;-0.01176092112819839
-0.027438229205940128;-0.01184057428474915
-0.02404676870016153;-0.01089079243199453
-0.017483570497013066;-0.00851777745829649
-0.009256942673249606;-0.004548618578407252
-0.0012105011570742322;0.00038269335814543245
0.005089605840766265;0.0048531851463697396
0.009042706070998297;0.007301764270256819
0.011354399243704164;0.006824043174785346
0.013651997101112456;0.003586859519248701
0.017392217317500156;-0.001249120567812187
0.022626590358771705;-0.005862032290565426
0.027500468216603256;-0.00822734051989936
0.029100331807910825;-0.00685509728993867
0.025382460054482168;-0.0017591988974530604
0.016893750841038797;0.005094576921485643
0.006837189371992569;0.01075263697679219
-0.0007338828088944302;0.013256075036500227
-0.0032530038576944367;0.012775464096137737
-0.0008877386717167882;0.010623131957293443
0.003906381646446687;0.007303227435173448
0.00801631390664686;0.0020147410260145976
0.009417971268191067;-0.005668070542448117
0.00799970322670886;-0.013845636008009391
0.005102619318896171;-0.01842777773973392
0.002357075411463328;-0.015614242111549853
0.0007639596577417749;-0.0047693125573964905
0.0005271637165549151;0.010554198887743662
0.0014382469455504498;0.024212000530774363
0.0032303181673555836;0.030655053620531867
0.005477559141988236;0.02777841490425558
0.0071949170287520575;0.01785726125775025
0.006801397952484215;0.006156789289347295
0.0029344389967239453;-0.0019236262034748972
-0.004294520551460526;-0.0035371100813694606
-0.012739919051727607;0.0005545223281655686
-0.019115995383118818;0.006934155940421007
-0.020856144939541067;0.011657850708342497
-0.017567025075851412;0.012258678838320833
-0.011044129829613543;0.008707864956984359
-0.004002610132791523;0.003098969035725482
0.0013940926707503908;-0.0016162042747382074
0.004212863271604977;-0.0031747872182904414
0.004511246599880345;-0.0011073970091929422
0.0028002687044406914;0.0030908108538404426
-0.00018743237997814066;0.006787069090268367
-0.0034138717543094974;0.007645916969934223
-0.005594436045661879;0.004955614301155065
-0.005728237479525881;8.738253666438888e-05
-0.0038509927640633227;-0.004291354371440483
-0.0013140421688596958;-0.005862255848766053
-8.851297518554982e-05;-0.00408357225778465
-0.001405274056799345;-0.0004084614212614478
-0.004765853053322584;0.002772550518142385
-0.008177506264253644;0.003629848186236242
-0.009436192263156085;0.001883707485061668
-0.0074578495685484174;-0.0011718603043069434
-0.002839633504522727;-0.003526886275479244
0.002413172959564454;-0.003700866778467176
0.0056743871423019735;-0.0016056899846070435
0.0047961455142076495;0.001577665848975214
-0.0007141332456128712;0.004328038112467254
-0.00905558828616424;0.005621308628178966
-0.016688393440168533;0.005073264417074571
-0.019983578760870545;0.0027842510621812057
-0.01701289015056073;-0.00045791385525865047
-0.008450014623234428;-0.002894538580748836
0.002801939976438874;-0.0023796184329603082
0.012948831542767483;0.002083239996232196
0.018927242744640835;0.009153060876303557
0.01958291713424436;0.015590630149963152
0.015925044163559818;0.018084382640413715
0.010416465262755331;0.015041880363402904
0.005698302023401189;0.007252673750415017
0.0033903449050523625;-0.0026057216104136004
0.0035384760332695425;-0.011100341836647683
0.004902936744706584;-0.015393265170472485
0.005820761689388798;-0.014445150697889016
0.005140334181003573;-0.009516878833804053
0.002788715999067834;-0.0035156457599814094
-0.0002513214385612112;0.0005868112102937043
-0.002513386484373896;0.001324335945809852
-0.00287185552709235;-0.0006750499199480395
-0.0011879560602014285;-0.0033660924824697376
0.001568478038279808;-0.00468827539965028
0.003797283146239703;-0.0037765304804253147
0.004103885862732604;-0.0013188468655815897
0.0020447021596440265;0.000995069462451646
-0.0016363433413609;0.0015059641190625327
-0.0054188641762150476;-0.00043927736279906603
-0.007826799999676202;-0.0039690051046156775
-0.008186744356563856;-0.006880381492938686
-0.0068979592622038744;-0.006652417584244303
-0.005076615317987128;-0.0020554659405763462
-0.0038199107300115245;0.005394923245322764
-0.0035903665549653608;0.011286393105687242
-0.0041078247370664135;0.010322761533772354
-0.004705200547356457;5.065919890564091e-06
-0.004804702004949711;-0.016441812164874874
-0.004262036995544542;-0.030876188293137055
-0.0034772091572678283;-0.03525405809072648
-0.0031600415239659003;-0.027339740835576797
-0.0037860882845467438;-0.012362581092286695
-0.005144204217531949;0.0008289994119918399
-0.00643049657843491;0.0059262495329375385
-0.006871167453892578;0.002886247523659809
-0.006350737194035172;-0.003090984634237726
-0.005498474987554491;-0.005906476700349957
-0.005162056485833705;-0.0027638788804492435
-0.0057274695071980065;0.004518972880622633
-0.006818595194819781;0.011437759390302777
-0.007519314125562898;0.014163259601058405
-0.006876412072625572;0.01191705054525672
-0.004377753497290209;0.006943105448739905
-0.00024937453236287873;0.002467405294757371
0.004468437301179805;0.000424988783726954
0.0081245085179964;0.000664268363311184
0.009027402376054558;0.001904791523371556
0.0063127794277212075;0.003253132989636531
0.0007041505078225936;0.004839566537825468
-0.005442707093282175;0.00714587028709587
-0.009161745301423637;0.009849691737299935
-0.008574186057769788;0.011451952914387949
-0.0041590579281609846;0.010210834726470946
0.001438860452701865;0.005625559454008499
0.005067509289926978;-0.0008891340327354389
0.005030479144559741;-0.006800915537886453
0.001979051134227739;-0.010063918184429933
-0.0017602135929032955;-0.010193226599587463
-0.0038049621721355127;-0.008068052917707824
-0.003167045925209848;-0.004911295650914671
-0.000673432284873606;-0.0014894694570522214
0.0017923812997038195;0.0018771478116197267
0.0026251958968385443;0.004778062000324761
0.0014712629484566037;0.006353083133801022
-0.0007417999910548313;0.005558485029030709
-0.0025516429718108863;0.0019500843457758777
-0.002849717893310586;-0.0036020611954020398
-0.0014068112329302794;-0.008975458234883871
0.0010855176166646974;-0.01186135599573859
0.003381374659698796;-0.011178873384000773
0.004330452709409419;-0.0077335085601182435
0.0035462426150245714;-0.0035862914524105774
0.001690002366202731;-0.0006733421446759205
0.00012855376793402141;0.0002556320669976597
0.00014253253323691216;-0.0002563932964309737
0.0021555341026387865;-0.0010109376936285508
0.005408972969694305;-0.0008824419977941895
0.008251829400484587;0.000784859895074749
0.008912337822940118;0.004091465860976283
0.006363371322345194;0.008638072145862038
0.0008496652465394243;0.013639944873493038
-0.006098526622638259;0.01805721896252716
-0.012021310185155756;0.020717079091108474
-0.014076790999363485;0.02050648484366813
-0.00984043614107166;0.01672911255524955
0.0015071493638011632;0.009528235817017805
0.01790310795416719;9.242646019666493e-05
0.034032120286345224;-0.00959044691898262
0.042972100925845434;-0.01743329160954004
0.039769729280199916;-0.02211425335781332
0.024885821068322014;-0.02352787560784429
0.004713310838894573;-0.022288771738319814
-0.011719188164717792;-0.018564864173164906
-0.017734054471795813;-0.011574085427366286
-0.012407400606696494;-0.000835246186112281
-0.0005056069690642791;0.011744086480184955
0.010676611634394657;0.021503941721736062
0.015519692305244753;0.023714488802286375
0.012772532837542913;0.01732858650300272
0.005311776734983517;0.006274218315176344
-0.002338181806316;-0.0030662065518626733
-0.006685884168271282;-0.006043206534259997
-0.006541049769904539;-0.0022896943687636014
-0.002690499642231254;0.004797555104015534
0.003135879431059431;0.010574596417751244
0.009093617281677017;0.011733586093798586
0.013584193133869693;0.007725008164313551
0.015426632101398002;0.0007057547658806537
0.014098534208048293;-0.005781882632167327
0.009968094915331781;-0.008758225056592083
0.00427228242448854;-0.007344551350505483
-0.001267451384558154;-0.003030193423810102
-0.005062336224926259;0.0013520265953401618
-0.0062240017243010365;0.003195339148330699
-0.004812660975591593;0.0013993976171266995
-0.0016867372112553207;-0.003113463764780275
0.001872593931023428;-0.007797665197512216
0.004506374329781118;-0.009717517575623488
0.0050191884216883404;-0.007205297023081467
0.0026632642107982693;-0.001138289229949196
-0.002451980166465333;0.005107763573086342
-0.009073068698898346;0.007423372910979514
-0.0150806716026482;0.0036350013958676417
-0.018486638203891875;-0.004735512427745845
-0.0186515013906873;-0.013133510547033154
-0.016770747898741476;-0.016852710605473165
-0.015007082638827699;-0.014109288200820061
-0.014734400651861502;-0.007019796396183147
-0.015302978226494955;0.00014117039741547765
-0.014475486498950764;0.0039005355648714397
-0.010259351825732538;0.0035280645628924722
-0.002630726713308506;0.0007810527920264863
0.00614326044083103;-0.0020113250847402777
0.012581511429893973;-0.003891079017797437
0.013581385732080507;-0.005711715927683302
0.007838210106514174;-0.008782800738991237
-0.0032245039862781504;-0.013001472390024693
-0.015554648767156225;-0.01628937690132325
-0.024152684172281044;-0.01595846863876398
-0.025735548794537013;-0.010782997621036875
-0.020532172334376327;-0.0019580003471219294
-0.011837233139041285;0.007659682325439808
-0.0037868647056511218;0.015100148059531774
0.0010203624856330014;0.018483985024100504
0.002675431019339737;0.017528137156559796
0.0033631365691051494;0.013429431684552694
0.005477724389681385;0.008186415950456279
0.009747225626028548;0.0036682639975579704
0.014679581500270452;0.001030999297373523
0.017611316549108857;0.0007591729196964223
0.016458775783434024;0.0029386409780458997
0.01097081440928477;0.007204053961059219
0.0028704387662657994;0.012367743154298609
-0.0050052502026585255;0.01632538625340437
-0.01006833640747939;0.016735727260251902
-0.011182567791152774;0.012270062673602183
-0.009053331354919925;0.0036345175149441735
-0.005566416942864861;-0.00637520097893528
-0.0025523647608470205;-0.01394743498291261
-0.0008569885309137322;-0.01599094800813969
-0.0002628303933131935;-0.011690310849932994
-6.686766449155188e-05;-0.003027886718151536
0.00030186576699581767;0.00611142803352391
0.0010408147375639172;0.011820932950948495
0.0020575096135718902;0.011978827952584946
0.003108414232727022;0.007001395712349258
0.0038599322672973327;-0.0007189894966064153
0.003938964572667122;-0.008194119533954249
0.0030624000524334307;-0.013233166572872846
0.0012185853526922319;-0.015196459051389085
-0.0012295129500926195;-0.014839489633970302
-0.0036458620409975735;-0.01344110191992259
-0.005411596766227711;-0.01182759106408229
-0.006198432712111804;-0.00998868214953037
-0.006011116928507631;-0.007537476447096422
-0.005026690006480012;-0.004572721452849905
-0.0034558919521961258;-0.002128824555842832
-0.0015389335785150739;-0.0016777886597792097
0.00043977666549946235;-0.00392372646651021
0.0022254740811586174;-0.007851371107357197
0.0036749378996306916;-0.010984397231457117
0.004742306810416099;-0.010870362482998358
0.005448891011626596;-0.0066909895371267914
0.005964904026863318;0.00024377992524935035
0.006710651896373835;0.007344352713523023
0.008238880395197618;0.012089431891690854
0.010840097574263094;0.012936453370327049
0.014099049649800865;0.009573398119985277
0.01673623264422859;0.0028596872785591533
0.016973929126149905;-0.005321421969181897
0.01341767805313019;-0.012476225045894577
0.006056233226582721;-0.0163370514850035
-0.0033161977182777865;-0.01583525168812201
-0.011748510300735893;-0.011631583499610342
-0.016586051533805546;-0.005796097455828801
-0.01678305992118018;-0.0006969519550221411
-0.013232328142262937;0.0023047864903245957
-0.008040431881385396;0.0034331667617589776
-0.0033450820102073273;0.00382163224819952
-0.00037597017298623395;0.004179950674194505
0.000832119872956103;0.004139038405530301
0.001047883905248783;0.002907946081121094
0.0010970817709825443;0.0004073789042058164
0.0013016566914972041;-0.002438900013272256
0.0015234236868895959;-0.00453870247365791
0.0017153416344732526;-0.005626531907183936
0.0023606761343656366;-0.006351599212717809
0.004216413180666004;-0.00736322460537658
0.007453477640625279;-0.0082506230710928
0.010987485834802479;-0.0073218341462520185
0.012807281498520902;-0.002610898731128407
0.011348171319346588;0.006315556485167688
0.006985393859651823;0.016945355283779218
0.002309240474751381;0.02432514303658419
0.0005734243566720985;0.024040566558450202
0.0033132786951720924;0.01589317234692462
0.009095149696864877;0.004930837617936131
0.014443213268347445;-0.001830462426875336
0.016111489853945723;-0.0006800040741051012
0.01299216225843373;0.006016546480731421
0.00655061439910152;0.011956119505913531
-0.00024053945787418817;0.012022075654905965
-0.004696160076467997;0.0060687664832516355
-0.005838344494671913;-0.001451315640299784
-0.0046078794543126435;-0.0052310835681551315
-0.0028570016799568517;-0.003032465050325468
-0.001963703965058678;0.0029920988327177224
-0.002105512575513427;0.00811613466813684
-0.0026008433700674834;0.008423681852547382
-0.0028358315069083122;0.003428874372917833
-0.002904037800976628;-0.0037064897724965276
-0.003445200398737102;-0.0083620229750621
-0.004898140061984723;-0.007478147328137058
-0.006858285055358137;-0.001367513887746863
-0.00809043198812745;0.0067544733820211495
-0.007195685072674218;0.012964352283270272
-0.0034900692789082326;0.014899976564397462
0.002410037959871024;0.012633656064785004
0.008611276942964301;0.007913307360224301
0.012614436474741017;0.0027521060069043974
0.012361515289059316;-0.0015124243222918144
0.007181683980286278;-0.004415894892907236
-0.0017728111760906924;-0.006225846863306252
-0.01176366905520738;-0.007694789955453943
-0.019351903996228215;-0.009553652749346478
-0.02176076679516152;-0.011800817643705296
-0.018259144121100798;-0.013379304020327772
-0.01080046248806518;-0.012799543033920313
-0.0032590675637764925;-0.009403768650837549
0.0006310860489488407;-0.004150587785786316
-0.0005052584780041823;0.000905600629321458
-0.004849234619139863;0.004042448170825902
-0.00860662591474952;0.005028845613820206
-0.008401598452211875;0.0052285551042001305
-0.0031852166138988634;0.0066979462609559615
0.005346229433858392;0.010810818575986595
0.013640016459023156;0.017139941519794272
0.01780698620494423;0.02338988368768789
0.015312331567112696;0.02671478976920897
0.0063956294803344405;0.025631534349117552
-0.005607539784023921;0.020940439750887906
-0.015727152187287062;0.014794261143999862
-0.020068984274697006;0.008885805565559181
-0.01798391729650327;0.0036276981900742055
-0.01210317897008975;-0.0010186432204118787
-0.006282591283303162;-0.004353640550620322
-0.003063989760751613;-0.005008073980905372
-0.0024629049923801222;-0.002313400763984954
-0.0027412030848738955;0.0025194545935936464
-0.002305145546572915;0.006814274973682068
-0.0011166244936163352;0.008350285191635795
-0.0005693835620799528;0.007179858912557428
-0.0021424005728915814;0.0055781792181311615
-0.006076312619980358;0.005980084198071735
-0.011101893570602614;0.008744446827783034
-0.015284096865817989;0.011785378069044903
-0.017225917989997817;0.012259834734321141
-0.01674509816360062;0.008724594060816092
-0.014650368104257813;0.002199829980510751
-0.011951185831582445;-0.004253128031870346
-0.009204368104407102;-0.007035607628259968
-0.00647734013341524;-0.003987348855687937
-0.003795286052061313;0.004067589293461122
-0.0014940897585148584;0.013346137232341165
-7.215305285055682e-05;0.01911624919253019
0.000268698707715553;0.018500869953409417
-0.00012561713303250872;0.012019094838438084
-0.0005574289867785552;0.0028429828696120486
-0.0003958115798612607;-0.005320742239517305
0.00062096000322204;-0.009996695856814054
0.002332385769914656;-0.010477558455788944
0.0043017508827248585;-0.007472067704226404
0.006052103236735925;-0.0025063926748389183
0.007263947865660439;0.0027077997940737767
0.007832967758163167;0.006916178161869
0.007790160983565248;0.009698047146446388
0.0071881393759333995;0.011262746280634959
0.006057691883734452;0.011826525325424005
0.004448122079028026;0.011154844461859645
0.0024890588673655133;0.008700445440979114
0.00041916328080595413;0.004225128905834374
-0.0014371172184184345;-0.0015863437504363342
-0.002757462938564586;-0.006989956384975734
-0.0033573009918908257;-0.009726115050915073
-0.003284434513150792;-0.00810622828614822
-0.002789013965369052;-0.002161327322088667
-0.0022031485020882194;0.005839008531475664
-0.0018241494009116235;0.01205609543752146
-0.0018161444572323074;0.012920180671963854
-0.002107388009174703;0.007270694826715846
-0.0023664227683230375;-0.0026247137032837857
-0.0021791431049340555;-0.012163218034968271
-0.0013424809226519022;-0.017121903875759927
2.9800547706905487e-05;-0.016118320676041454
0.0017473875202775409;-0.011082415957266301
0.0038667093471342036;-0.005639346325219549
0.006683197638405772;-0.0028087288053468104
0.010324135736044498;-0.0035465581386617006
0.014302667295280092;-0.006727405503382733
0.017454168661680765;-0.010240897945973102
0.018384165953008416;-0.012449005594041766
0.016202792660718807;-0.013172678462815028
0.011115045959961269;-0.013575724151148874
0.0044623401496319826;-0.014970908590415973
-0.0018880393863577344;-0.017476707420712362
-0.0064381760716615685;-0.01975097745070146
-0.00860147393878707;-0.020152039834503335
-0.008500411515065044;-0.01830714243600731
-0.0062320423231381735;-0.015615421252575944
-0.0012709191755973545;-0.014206546857908868
0.007361009341384778;-0.015280038263808391
0.020045762068183863;-0.018187293928186653
0.03522466522225863;-0.020887580805696224
0.04882220990754064;-0.021397062808107124
0.055392922894175446;-0.01931925837312792
0.05093865925038771;-0.016527573198937648
0.03575459446979816;-0.01635117404206164
0.014970388860346667;-0.021294577786468913
-0.0040268680030794875;-0.03048205444228351
-0.015506681860527971;-0.038926465823526844
-0.017909065599316976;-0.04003703584613169
-0.01366449506681697;-0.030257820819819075
-0.007036042935460192;-0.012404025520521823
-0.001614183804449648;0.005274185383864118
0.0011643846993880575;0.014017602872075423
0.0019588496416252737;0.010033853657223143
0.002340378426684174;-0.003267492439841947
0.003421192249784286;-0.017581111065879913
0.00512313886196022;-0.024714464979213414
0.006355837075511032;-0.020999815143036
0.005813074620914143;-0.008726049310763142
0.002845493044142716;0.0056911545485124355
-0.002058861400067372;0.015407034671150491
-0.007411547739387086;0.01667680248151553
-0.01141707110587133;0.010446714408258036
-0.012882914765965507;0.0013249919994889807
-0.011815737393146694;-0.005255212695031878
-0.009279197327377451;-0.00594505393393601
-0.006601431169243717;-0.000962604419756622
-0.004558790066866775;0.006378080696418725
-0.003138105382386797;0.01166481487901077
-0.0019022823695396189;0.011881439868741074
-0.0005101774213206164;0.007142686107061478
0.0009957384899004348;0.000675478151496898
0.002188732998111936;-0.003088652275895663
0.0024500132041100453;-0.001273546663153172
0.001315154528883478;0.005576243909146878
-0.0010919797245864816;0.013826437409763147
-0.0037992281210212715;0.019109289064326077
-0.005260265894132371;0.01905626601643489
-0.00424962865819079;0.014455882230802818
-0.0008994175980088342;0.00813104812494582
0.002957094594745595;0.0026710748378124915
0.004610961057529603;-0.001059031249911433
0.0020347439106682807;-0.003675164974682604
-0.0048746447474354885;-0.0059626523964563865
-0.014109768859025196;-0.007850834726922681
-0.022380025350773967;-0.008472802492428828
-0.026490424950502887;-0.007145822355174716
-0.02482324925722389;-0.004410209990224059
-0.018354042478575947;-0.0020915248124504108
-0.010432744341781602;-0.001981713471664029
-0.005027372671912546;-0.004031397711752376
-0.004317213429922058;-0.005786358672333014
-0.007298728271236548;-0.004017828313202959
-0.01045732585618413;0.002515556166834032
-0.010033345178019055;0.011548933879253756
-0.004344132015334198;0.018536090696040987
0.005233736652681854;0.019747163411815444
0.015059444236223449;0.01482242295128137
0.021225579425234616;0.007069678364146112
0.021591555419920225;0.001678556809300993
0.016741462258860935;0.0031129066595547467
0.009444393853426604;0.012819491378803486
0.003068741628328282;0.028019961172225275
-0.00012121437742497418;0.04223503519373944
6.867779679904598e-05;0.04790593241391103
0.001963312127877326;0.04048989316282475
0.0031985965156727547;0.021871123756974024
0.0021145871517322394;0.000286878889779052
-0.0015050991540741495;-0.01411550696686263
-0.006661588042371629;-0.015391612545726418
-0.011928754522754265;-0.005169285610515084
-0.01614208654746798;0.008969984080029879
-0.018640903830995332;0.018461652440962723
-0.019170876695129093;0.018499613428149687
-0.017753391260995788;0.009996910810879688
-0.014702519265973593;-0.001609239168809719
-0.010712347149849635;-0.009601001346184
-0.0067843598491666175;-0.00960188793050535
-0.003846255094228674;-0.0018370745934711905
-0.002218475921213608;0.009184913821811169
-0.001380451401033726;0.017435144919601287
-0.00038462008945293444;0.018884421262774984
0.001308263692294279;0.013588676710186272
0.0033087203893593068;0.005188279029137278
0.004655322092811796;-0.0015985229525934284
0.004802407228865375;-0.00376845589306933
0.004317796726213559;-0.001456509740642023
0.004560771583719178;0.0026593735757415647
0.0065402945694733785;0.005367030041976791
0.00990939799268462;0.004936756308499022
0.012926853374957416;0.0018475612767473349
0.013417499314062727;-0.0020900558637197784
0.01004233650219662;-0.005328974181762807
0.0030655651301828577;-0.007564073546868872
-0.0057540999157570235;-0.009449539689093683
-0.013922340699742144;-0.011544348746431678
-0.019099859873180712;-0.013508494199211978
-0.019776690278669344;-0.014197511553524524
-0.01569587571005432;-0.01252442409127627
-0.008027060565108293;-0.008390252391029208
0.0008934475935363901;-0.002946261208077917
0.00838065660260103;0.0020459692465738186
0.012471259586074165;0.00527221573747882
0.012632704971623263;0.006513614174301011
0.009747368845747234;0.006457053669118076
0.005542128447738231;0.005996537099523376
0.0018572827799405605;0.005658196118874203
-1.7431170299043798e-05;0.005416690774560804
0.0001666102372923304;0.004771931046849301
0.0015154164735096689;0.0030184810774242688
0.0024952411142850003;-0.00022366547072358715
0.001902027547908861;-0.00446603940603923
-0.00024035006808239878;-0.008418672515234467
-0.002438068661908982;-0.010895667945086136
-0.0024145425115216115;-0.011798105601008087
0.0014936050720971282;-0.012051639000061556
0.008960069795501548;-0.012336530580438107
0.017250284196388514;-0.011811493568949368
0.02230972209458656;-0.008283131085266583
0.02101455473458492;-7.480529998006654e-05
0.013319987076938537;0.011763786028226942
0.00273886076690192;0.022992510716387606
-0.005527206838788784;0.02854301573053592
-0.007670633520861191;0.02630837712642777
-0.003330308160884947;0.019077809964836465
0.004687136920163662;0.012471727295113286
0.01232942388888078;0.01040310411287764
0.016305832290262123;0.012092661845564488
0.015249437341733058;0.01323355722412906
0.009917948284758135;0.010023249103428498
0.0025996127224035726;0.00239262899571189
-0.0039939713853836475;-0.006095649008751365
-0.007860248245391405;-0.011114623819702468
-0.008342940930594301;-0.010618011631380672
-0.006083663476811686;-0.005921681628747035
-0.0025083038638911955;-0.0005393929356926535
0.0008101371433693773;0.0020745975589292953
0.0026960785901684104;0.0004473437292794923
0.002704931809420514;-0.004265020746587713
0.0011512746867648515;-0.009092563275388463
-0.0011704810673473507;-0.011005535138178806
-0.0034075190919230338;-0.008658544647615602
-0.004967105351886011;-0.003190195009576036
-0.005598010593003559;0.002400221324081402
-0.005307495823082373;0.004998518222507121
-0.004290592529755847;0.0032357972163433385
-0.00295137282951056;-0.0016602174121041389
-0.0019136301847609218;-0.006557135724613323
-0.0018654836884029612;-0.008293772929102829
-0.00322941168304528;-0.005663442473590959
-0.005842711995083974;-0.00025454352790312213
-0.008874280449308936;0.004499958631071577
-0.011063085338764852;0.005546809396158155
-0.011192002799316765;0.0022406423788540416
-0.00864092742269036;-0.0032728384239520685
-0.003847183903977495;-0.007680269432186851
0.0015787605747128823;-0.00898225851015661
0.00536096758638754;-0.007863803619936096
0.005642117183547852;-0.006757153274654998
0.0020377433391035376;-0.007357129389006092
-0.004072115186488296;-0.008744460524772459
-0.010169776056076737;-0.007826524472252084
-0.013697763313478906;-0.002001616474117044
-0.013174389496755357;0.007812582526690762
-0.009079765402516902;0.01633410369305944
-0.004076674935813352;0.016765436620955795
-0.00195997252670408;0.00601258748317791
-0.0054364889423761786;-0.011827555706405138
-0.014076893849878562;-0.02730271696295525
-0.02407894571570793;-0.031968768904050975
-0.030234204698944177;-0.024276225266606197
-0.02882896427783554;-0.010309086716959796
-0.01960300856595869;0.0008621725292243842
-0.005683922174116035;0.0033456546080003
0.008180012243038909;-0.0022246281879047584
0.01783932107497849;-0.009915202958356134
0.021235448623645743;-0.012975607230691966
0.0187066354244074;-0.00843736249136796
0.012340634153022893;0.0011947622023495915
0.004883684585653801;0.010080828666114231
-0.0013431267695608754;0.013124539782143688
-0.005173459357077548;0.008911540612300558
-0.006714167090806258;-0.00016015294497230813
-0.006842739675621539;-0.009852738199749191
-0.006432754237347066;-0.016384557779816875
-0.005805326512226955;-0.017854523488934414
-0.004687994359077429;-0.014596376404796541
-0.002588436221077949;-0.00871299925021803
0.0007300405804738082;-0.0030470019119585973
0.00495198071396246;0.00010427311589375965
0.009216125608277097;2.2289693056263593e-05
0.012404779285021721;-0.0021965812567938383
0.013590824456710716;-0.004405221539469067
0.012441359122767217;-0.004797092510960449
0.009377723342551011;-0.0031036291321404593
0.005412886667300323;-0.000780073997996279
0.001756992577560038;6.321449611368236e-05
-0.0006334598813385213;-0.001663947843311244
-0.0014003321509962544;-0.004974991661464945
-0.0008778794294292853;-0.0072810925870840015
0.00016429367821062414;-0.006194784926298366
0.0010430062720355696;-0.0013953321077946072
0.0016192387330457695;0.004829270178793772
0.002358414897406223;0.008824441059775529
0.003968635574936196;0.00785382462767814
0.006891491589616254;0.0020316667273546237
0.010918017374096999;-0.005342187678787106
0.015049976109534416;-0.009467643436461974
0.01771731133427891;-0.006941768781527365
0.017475613092839314;0.0019361933099856581
0.01399676143341145;0.0131109585219717
0.008685157023703496;0.021138090015893687
0.004246255425931739;0.022388512745419725
0.0032349532770503432;0.01696358569582395
0.006435466770652935;0.008250306244350901
0.012166744667207376;0.0007005879821987752
0.017085091885300774;-0.0026060395418864885
0.01807744685796089;-0.0012157669511630017
0.014046819161623005;0.0031021526862173372
0.006447323756121514;0.007832284516929284
-0.0016481643350014321;0.01113397406075714
-0.007166941814467656;0.012362558019668773
-0.0083191618044732;0.01165625634351665
-0.005054296974760177;0.00920648549133585
0.0011622994626181733;0.004933070807766585
0.007904402860403073;-0.0011113381474388187
0.012481837709918899;-0.007919489859197727
0.012727627408286198;-0.013087306077923957
0.007762872593588168;-0.013481120219931796
-0.0015005143414392205;-0.007023866031935969
-0.012379046404857576;0.005364014600037588
-0.02112750596367538;0.01914982562475197
-0.024320428876960922;0.02790689154647276
-0.02047612171435287;0.026919012137896013
-0.011006683692866148;0.016509272538597183
0.0003000813302970091;0.002402790777552915
0.009062774509651636;-0.007740124735058595
0.012231201581857478;-0.00931582156278342
0.009159882318541668;-0.0034809314469567963
0.0015977371462414806;0.00437333414426413
-0.007175561533589464;0.00881856677215922
-0.013738864306489927;0.007864156092955547
-0.015950297440395077;0.003467038880373381
-0.013722025070426693;-0.0005853683583510205
-0.008702642934584023;-0.0014235122853157162
-0.003110955403721365;0.0013326259586260154
0.0014470657125961316;0.0057404000359293945
0.004431630847106579;0.008926977678546501
0.00602174373440537;0.008793178919831097
0.006503765243155399;0.005175583998905396
0.005951511907554216;-8.77779996746992e-05
0.004307815157236716;-0.004234420696627997
0.0016042711138692734;-0.005236088934249044
-0.0019279120527270568;-0.0030672957426192676
-0.00586105766780431;0.00027769813347950056
-0.009564875788030003;0.0021460645708291483
-0.012188700175278816;0.0011029084202624974
-0.012829094065985733;-0.0020419277292957633
-0.011037657275857413;-0.004897531057523376
-0.007424595412471053;-0.0053774165226084854
-0.003736048756744602;-0.0032812859128596096
-0.002003075519614746;-0.0002876068351440836
-0.0031683678995217024;0.001490718187849331
-0.006216314306434632;0.0010194324975062524
-0.0085814879391961;-0.0012206734573475912
-0.007682123857706029;-0.003844640108796532
-0.0025975354635469133;-0.005494589014882939
0.005234237806882606;-0.005553214285308873
0.0128052691258598;-0.004416127504370638
0.017294320541018003;-0.0031614933248370887
0.017558242696371042;-0.002684058144223207
0.01439821255356323;-0.002869797836476747
0.00969242892121258;-0.002578184203085257
0.005240940219186066;-0.000639829880694672
0.0019833825660783024;0.0028348391313972997
-0.0003070251849057846;0.005972436203483262
-0.002872317911861818;0.006123073323335935
-0.007218807367394092;0.0018428606144907298
-0.013887709884370748;-0.005562440329111238
-0.021524329826451662;-0.012359018820370243
-0.027163660597241165;-0.014704515365648478
-0.02779900667529294;-0.011315747854051228
-0.02220450492265421;-0.004274193112943355
-0.011743216041437536;0.002685689783553911
0.0003115269758255402;0.006802547888813483
0.010372734033916016;0.007643083626955227
0.016025093578719698;0.006504114705487615
0.016677116245009064;0.004873107701107104
0.013325835374896204;0.003260029745773003
0.007851213774131829;0.0009774787471416232
0.0022743310081451886;-0.0032002750857659367
-0.001828350039475899;-0.009822899752012986
-0.003694134818615629;-0.017613132530947862
-0.0034213893488072855;-0.023368608187887715
-0.001651786140215622;-0.023623042588330975
0.0008871133931815802;-0.017378602147643668
0.003639196947646515;-0.007698214569684049
0.006218288736754979;-0.00021453914031017418
0.00837849625925232;0.0008106682914979285
0.010067756771812634;-0.004308996720704635
0.011412674382823276;-0.010975435700293428
0.012520417664191453;-0.01370967584063935
0.013217628474379491;-0.009810595154000306
0.012946970243600088;-0.0007838365263117766
0.010969546043266413;0.008924644550350162
0.006860690743694493;0.014755281849723483
0.001058076597903628;0.014678664441849695
-0.004957179231722787;0.010127666721718595
-0.009158863214742666;0.004734760122454743
-0.010001400990098946;0.0018222872049510977
-0.007334986013649815;0.002372256481715567
-0.0025785986913522004;0.004744096811637576
0.001946271819556034;0.006134582453705694
0.0040982192246161;0.004641621030257186
0.0028678422973884093;0.0005505202931255199
-0.001206982489769359;-0.003874619373172281
-0.0063437491167147924;-0.005840285660635756
-0.010396800738685858;-0.0037805275497359418
-0.011854642435100303;0.0016301498065137722
-0.010422185041756822;0.00780501286018367
-0.006941405664978586;0.011712536527559887
-0.0028307657159911243;0.011598659005520522
0.0005345734533806117;0.007944262195034898
0.0021998549334660616;0.0031148232333739327
0.0017824267709330881;-8.86910764995211e-05
-0.00043677778282357567;-0.0001524578492856511
-0.003477970375822327;0.002204421197925479
-0.005881247921192127;0.004562095096161607
-0.006302407440568581;0.004576905060673789
-0.004268729831127038;0.001786807598100903
-0.0005829275982405792;-0.0019249178850224387
0.003045350001587406;-0.0036222936126682668
0.005018497637904812;-0.001472177440216608
0.004817513760843588;0.003749863769275197
0.0031980441481769227;0.008866599505975334
0.001533653713467554;0.010163139447170629
0.0008853094500000223;0.005775802436593192
0.0014392949294442343;-0.0029502623490354142
0.0025045521578360938;-0.012143578899625803
0.0028876192245178623;-0.017769692323482224
0.0014669122287741501;-0.018009703944454288
-0.0021354995568969672;-0.013947899219287319
-0.007049673167135279;-0.008296660538853381
-0.011269018938146984;-0.0034753138129935152
-0.012590778160855158;-0.0005906231124022703
-0.00996267255583438;0.0003299923617487989
-0.004339743607543873;-0.0002583356055035218
0.001638868830526334;-0.0015238212051271913
0.00506567526954846;-0.002112607447593925
0.004432744713365749;-0.0005994631604117655
0.0005143466124610801;0.0034166098562468006
-0.0040986966715659545;0.008651484465051014
-0.006535538830072746;0.012792681988938867
-0.005301931950345371;0.013997508662998811
-0.0010412878055388681;0.011949783199052951
0.004022633765184368;0.007787083715175442
0.007525979063936868;0.003276213395933699
0.008301254403326913;-4.9233822532876006e-05
0.006761627603965697;-0.0014621132731891422
0.00422819655998613;-0.0012803474487487639
0.0018597967479186607;-0.0006305700467231227
-2.4944552995819427e-06;-0.0006797251526162125
-0.0017537036789031582;-0.0017806858526046086
-0.003962365787646594;-0.003248528356947864
-0.006800735078931976;-0.003973331854707005
-0.00981085489439042;-0.003294841012142975
-0.01209239715356273;-0.0014255980151793785
-0.012770080985990752;0.0007379387225550612
-0.011468866544070927;0.0020946749174014638
-0.00853151504609794;0.001817783831107307
-0.004862478427157099;-0.000245028225448493
-0.0015060029632835738;-0.003347483534299191
0.0007873260787814941;-0.006012413141746079
0.001796400642051408;-0.006659656190286134
0.001833309492667821;-0.004404842592734812
0.0016077598767200347;0.0004273388455464048
0.0020268720957590932;0.0063528460741053725
0.003914758605207851;0.011315655822778665
0.007623687671044655;0.013568262019857627
0.012630799344400498;0.012472502212464919
0.017371695717281633;0.008808279305932927
0.01958797378277909;0.004335354487438296
0.017249451463408234;0.0007590214742377996
0.009710416176754569;-0.0013063821812304116
-0.0015399711469219761;-0.002673269647872231
-0.0130552709933445;-0.004917496648164268
-0.020572813238389026;-0.009105940286111166
-0.02069738358576451;-0.014782775561339
-0.012521546539797918;-0.019958349419739986
0.0014786934366528258;-0.02216392715237046
0.01595076867553853;-0.019915227158849927
0.024909063300877148;-0.01371978651421259
0.024995481912568895;-0.006065575618963594
0.017761307742922252;-0.00022784381261134096
0.00895802557936985;0.00176832957690124
0.004879309806668078;0.0008329839792266303
0.008278348405209976;0.00046071296393412035
0.016738230982701625;0.003871799998783842
0.024406897629921334;0.010670035260708846
0.025739437193714097;0.01623817124497421
0.018822624300712028;0.015102161478058268
0.00627704240123942;0.005787889877217754
-0.006600100239017875;-0.007053528248902987
-0.014913197011294288;-0.015329319956152351
-0.016365651482049923;-0.013042582186497982
-0.011571462630648718;-0.0005284476291375647
-0.0029885461865517765;0.01553807701074725
0.006394286629865762;0.026153840071169734
0.013899402015045562;0.02529852138661105
0.017551946364587297;0.013328228557957107
0.016379918024527866;-0.0033995621857960965
0.010744802939307078;-0.016300566228020844
0.00241351999223366;-0.019448970008977433
-0.005971652318558967;-0.012617175566379356
-0.011937746846223769;-0.0006188116544690438
-0.014170117139135368;0.01039173090935085
-0.012896512691279172;0.016761419769534776
-0.00960294280913404;0.018489647872017942
-0.006353339849133785;0.017469189806271594
-0.004934653862539988;0.01519574353671705
-0.006054328079959299;0.012152238381797348
-0.009012865744890996;0.008647956518008306
-0.012141596074857501;0.005378932745008596
-0.013713661790502811;0.002956714482131946
-0.012686899239573219;0.0013120739590976747
-0.008955567183979139;-5.527718524866295e-05
-0.003311027678572891;-0.0013056187150864522
0.0026284395890272707;-0.0020259966502124325
0.00665253639991256;-0.001837471350643818
0.006684770838020553;-0.000988404675378585
0.0018788284427650541;-0.00010391981721843086
-0.006665794445756441;0.0005740317671604726
-0.01626439764015029;0.0014186525061803442
-0.023908941327116153;0.0027860648077798894
-0.027493707624582833;0.004330619936749634
-0.026291230507615334;0.00516336904938846
-0.02084053638339842;0.004661515095103643
-0.012768317349101334;0.002916194630199941
-0.004526900597407383;0.00036863738449495573
0.0013974009497884033;-0.002683800844499477
0.0037268773134133144;-0.005990679858562608
0.003196689057769361;-0.0090060067273381
0.002127905137197476;-0.011095176658572143
0.0029747994292744174;-0.012142955902323496
0.00687078312307471;-0.012586758231467723
0.013096817386513216;-0.012615176537134891
0.019631212879299437;-0.01152441022410815
0.024237919926829596;-0.008175160265862104
0.02539840944579156;-0.0022243998015838173
0.022743277790307548;0.005061058563795399
0.017041409106703927;0.011168582287767733
0.009886483452144568;0.013557857850085366
0.003126525272730019;0.010856678485152354
-0.001828532620440818;0.003470375079930565
-0.004484560210704797;-0.006450669128482834
-0.0052555309186171776;-0.015623202667949445
-0.005048878128340408;-0.02079890988435441
-0.0047577130732885465;-0.020159385600859735
-0.004890609967500458;-0.014150567345093455
-0.005398459304174792;-0.00511817379069996
-0.005725344342847022;0.003982645867506823
-0.005111217661888119;0.01079221120162859
-0.0030560319233265327;0.013956493535467514
0.00028588503417404987;0.012984387627844629
0.0040130074997556135;0.008228277798436639
0.006784008179767341;0.0011324888090560236
0.007449226343043546;-0.005809586466551846
0.005736365422830209;-0.009865809796391546
0.002561551079592871;-0.009330584512940207
-0.0003602282880133992;-0.004387421787516196
-0.0014559221618347198;0.002987506602083747
-0.00016982265249209375;0.00992198538734333
0.002803468436739767;0.0138305082870979
0.006011213013657952;0.01345449677428228
0.008068597538159928;0.00940708701873466
0.008283376299276512;0.003868379890863026
0.006741675077355761;-0.0006245638317244847
0.003922923539308117;-0.0027032111246869874
0.00025232046062870325;-0.002977743579967865
-0.004022292150028005;-0.0034370125288903054
-0.008608334371749243;-0.00578210902272146
-0.012901649197030239;-0.009952929958451583
-0.015953240286105723;-0.01401026207250557
-0.016718810922553895;-0.015450575705333813
-0.01448637921373042;-0.012946857376453328
-0.00932386766518714;-0.0073016481004090725
-0.002324451056404849;-0.0010324992531628246
0.004584521153392394;0.003109001540819726
0.009311666619750978;0.0037559328017534874
0.010462794094079724;0.0016525182514215639
0.007924752647414289;-0.0010090415418412544
0.0028639017905427123;-0.0021948250889816555
-0.002811905799600899;-0.0014164743539750201
-0.007227924814875981;0.00011508427464675724
-0.009223449865851845;0.0006152782796603741
-0.008702187043730249;-0.0008015666429918674
-0.006544325671645878;-0.003411301655154153
-0.004124110818003838;-0.00538205054630314
-0.002632052495686083;-0.005077479732785809
-0.0025048180869982903;-0.0022658465586484393
-0.0032449114091545345;0.0015733956604375024
-0.0037320378076521384;0.0040908624847356976
-0.0028681884981729593;0.0035541851101945385
-0.0002198334746217759;9.49734325834468e-06
0.0036720746912904324;-0.004667353794799972
0.00746630368214678;-0.007866994729348242
0.009583518500680184;-0.00777267280952781
0.008882686114420777;-0.0043604448839660035
0.005171757848431127;0.000709748814134212
-0.0006099722458639032;0.005181439709291602
-0.00659817416599055;0.007510331827537033
-0.010612557016669575;0.007535943230875445
-0.011072794681378393;0.0062002780435754905
-0.007864964109328201;0.0047179638678888644
-0.0025996052980972765;0.0038681198339880147
0.002077054072196878;0.0037891855883291047
0.0038346974476463577;0.004223791645180965
0.0018962437761676852;0.004922515657590851
-0.0025516982920173797;0.005896770499095542
-0.006992167065357598;0.007320130739402545
-0.008931559648350728;0.009101628073941244
-0.007287949019529882;0.010488381200343021
-0.003035883844937486;0.010253096714144611
0.0013500372179225445;0.0076477177732997914
0.003374835097784109;0.0034053096886685393
0.0019698755491782518;-0.00037259847134626494
-0.0020227205533184566;-0.0017191925119722086
-0.0065080043368479805;-0.00046861614248719895
-0.009354232003923673;0.0015077205861812946
-0.009395727781419191;0.0017568630875141687
-0.006776885260061228;-0.0009257164227951007
-0.0026355523799936886;-0.005757356171978121
0.0015783141791851395;-0.010592052326312407
0.0047650510949288375;-0.013142537341138703
0.006519790263645338;-0.012030663090542728
0.0070565173489155605;-0.007370875898428365
0.0068517677245368705;-0.0007767561334007863
0.006301774295990873;0.005321283318995437
0.005609117682796726;0.008853915947717691
0.004877107827950941;0.009119647525417588
0.004235059020587902;0.006957238013894565
0.0038512169365642235;0.004034140798489528
0.0038113440112113603;0.001813678933147146
0.003939311017537045;0.0008446753262213988
0.003687811584707188;0.0006587456412381301
0.0022353008933541163;0.00017135656804508924
-0.0011276603525035235;-0.001677124807340758
-0.006378552647375376;-0.00525969935661838
-0.012186662630379387;-0.009757860707689395
-0.015857168818776184;-0.013097609130320768
-0.014215416742570035;-0.012703090983857222
-0.005352972649725182;-0.007136898816445349
0.009609557150922854;0.002164492622434262
0.026063449552760486;0.010669507844217658
0.03767203874826652;0.01314002182909419
0.0398164026897986;0.007439544548158258
0.032493285865263205;-0.003373618546088555
0.020262573719971033;-0.01269674285048918
0.009114672210171622;-0.01452081569694104
0.002830536849903259;-0.00702902827995972
0.001547309548679233;0.006316379523153234
0.0029189149415822235;0.018403400313387604
0.004275235448277108;0.02209538444591323
0.00410618724987917;0.01438361960386807
0.0022736765180826216;-0.0013022017165404429
-0.000611352802051355;-0.01664767487289317
-0.003837476203110849;-0.023441135311108873
-0.006821519553951238;-0.018731087384225093
-0.00907546360323834;-0.006453663121955429
-0.010260519576515385;0.005508039789244082
-0.010363880413901974;0.010438579361594067
-0.009730225149826266;0.0064602383009315775
-0.008813834645064769;-0.003248558551512865
-0.0078741648611603;-0.01309302200447423
-0.006904216734073962;-0.01839973156075196
-0.005793981562977565;-0.017428689556168303
-0.004501627578790707;-0.01134945173159511
-0.0030843291581247865;-0.0028815698250099133
-0.0016462683694340658;0.005158520243794033
-0.00031556076743549226;0.01066737345567261
0.0007471122954112778;0.012521677392158419
0.0013746247580811758;0.010707831072419337
0.0014515180023381123;0.00636436521890779
0.0009259769958241405;0.001430671601956134
-0.00024102698676129006;-0.0021947137799519846
-0.0020780611275264377;-0.003544463088851638
-0.004448995604674017;-0.0028930289053143007
-0.006824554844788698;-0.0012736251581700756
-0.008248799054390979;0.00038479098639273435
-0.007713438069019454;0.0017941655740779407
-0.004829327505025928;0.0031132163176412243
-0.00033114466432964144;0.004304813012848974
0.004098099351076612;0.004805552517681022
0.0067542874392112805;0.0040122722990465235
0.006972285940335004;0.0022131899824026752
0.005440859889073476;0.000934632522892965
0.0034939927832692203;0.002043666751587597
0.0020282022111666118;0.006125842422566138
0.0009613901948052338;0.011481132903493767
-0.00046962433636624294;0.014709572309554834
-0.0029905622211436984;0.012679211757765166
-0.006672802021932289;0.004690322563725004
-0.010670803258779974;-0.006573747257904904
-0.013465232731127487;-0.016139384339848614
-0.013675423399558444;-0.019458128296500683
-0.011035115599406871;-0.015036362915082232
-0.006712304549662482;-0.005107333180237096
-0.00257087318172953;0.0060598256696799534
5.179091790493566e-05;0.014704954486281065
0.001062985528211207;0.019035151576840086
0.0014031901201687963;0.019057324318674705
0.002256102382439145;0.015710827759867273
0.004277592591496955;0.010257602243106944
0.007242468524327853;0.0040546659625496665
0.01021815951121988;-0.0015687034651295432
0.012100253733465585;-0.005443879228900509
0.012174236024653664;-0.0067323094113849544
0.010420072431123794;-0.0052237796189019145
0.007474420527074717;-0.0016762106515740753
0.004324330845149705;0.0022009941525388166
0.0018688115677080186;0.004402356269161521
0.0005184005906088567;0.0036447469132507007
2.458697194129232e-05;9.09941012718501e-05
-0.0003474041766231232;-0.004709062906715601
-0.0013826614777325771;-0.008641602516847455
-0.003460082855378081;-0.010139057013162617
-0.006319275927552874;-0.00893682777823605
-0.009159331607246548;-0.006065042679835407
-0.01100584021167228;-0.0031613158006506617
-0.01115723480398474;-0.001588772634975236
-0.009496218379407395;-0.0018421568614433938
-0.006532729076648233;-0.0034241551520675824
-0.0031776230641580323;-0.005128688016759597
-0.000355566336533911;-0.005617684543815981
0.001387282323123256;-0.004130406925682638
0.002125895601372703;-0.0009890231981989983
0.0025244176569734107;0.0025126681601335466
0.0034876963344973116;0.004932043364573715
0.005610108392338451;0.005719668516350259
0.008703295608564136;0.005665103425593878
0.011732908486669136;0.006270575218233006
0.013312090098090222;0.008413722106073454
0.012522433446515803;0.011341532213354778
0.009527468853718205;0.012925620730399755
0.005528736952520258;0.011167612101205678
0.002079363189795012;0.005875859128421284
0.00021716202682341013;-0.0008465230895542797
-3.769799172650752e-05;-0.005819291016660553
0.00045545515182218125;-0.006860731740010073
0.0006056196631667508;-0.004127842773447282
-0.0001972006164050234;0.00028029399685448213
-0.0017609533230253352;0.003984514373199399
-0.0032968287804868873;0.00577219390622606
-0.003910998292078483;0.005743683679605416
-0.0030466858859267095;0.004416000069886103
-0.0007239275749504213;0.0019416120169597484
0.002394620400248591;-0.001770322758257929
0.005099384745470373;-0.0063205506870691935
0.005991305920616736;-0.010371338819357858
0.0041472983230561285;-0.012062592910784799
-0.0001714789933953325;-0.01010642436543448
-0.005311205690492392;-0.004793543587150501
-0.008893190109422898;0.0018958789545397495
-0.009113703406174276;0.007303004959913558
-0.00585253154438406;0.009590324989741527
-0.0007826156218146668;0.008679936391832576
0.0036326875399126666;0.006010469412779178
0.005532775946469632;0.003382263833494535
0.004478748468464788;0.0017632145101055114
0.0012889291235380997;0.000863727147333826
-0.002728419720028712;-0.00031517637275883266
-0.006461504460942693;-0.0024686605506898415
-0.00923367038540667;-0.005320049715001297
-0.010704951654692325;-0.007765735913867398
-0.01073601699820384;-0.0086251836457747
-0.009378847668135707;-0.007367780729075756
-0.006939006014029486;-0.004330354695241163
-0.003953888240512599;-0.0004271072813636238
-0.0009983789844297689;0.003287233546295405
0.0016051869904077558;0.00587713847063826
0.003962689523492566;0.006576650725776319
0.006478067603128639;0.00482539644996846
0.009416454450238716;0.0004763714405850961
0.012416355501304764;-0.00584921269013591
0.014356409298129038;-0.012561761733073619
0.013861006838986584;-0.01748408322937984
0.010269535551096868;-0.018949028866228037
0.004337617636299989;-0.017033640507209454
-0.002087321037349223;-0.013799929541526083
-0.007326557559983068;-0.01191254467858784
-0.011005770167509074;-0.012530948476823612
-0.014051465503013148;-0.014385502392013472
-0.017573262728514654;-0.014973012988491321
-0.0215811019721059;-0.012690280883135762
-0.024563002293070547;-0.007922063943423001
-0.0243190566317746;-0.0024430161630607417
-0.019567028341718615;0.0018724214255847159
-0.011202207459405845;0.00394860171688938
-0.002199537358381956;0.0038816201865138583
0.003929779768509856;0.0030155736288091047
0.005136358079610948;0.003486406141905372
0.0019737024111088296;0.006931586139465149
-0.0028008889340633077;0.01297486731809255
-0.005879227557483966;0.018863332140696153
-0.0053043666646500655;0.020951325437483334
-0.0014510224564049203;0.017068774822820793
0.003505378251706616;0.008007758324596537
0.007156398268589951;-0.0028001233959902973
0.008302738952513029;-0.010982463276267094
0.007372919061070366;-0.013265740559653133
0.0057796090607837025;-0.00897395076684055
0.004856671384993893;-0.0003927216226127724
0.005106549858304278;0.008271625140844955
0.006088868538080904;0.012974073384397392
0.006808081107338893;0.011853330041438067
0.0062649681271342355;0.005980770982157445
0.003934154944050313;-0.0015658626250514072
6.884504226384845e-05;-0.007581806200436272
-0.0042489604253277856;-0.010308389028224833
-0.007419730085786068;-0.009824198897671848
-0.008012544767746538;-0.00729644657860483
-0.00559963052515537;-0.003892752893099512
-0.0012725636948311791;-0.0002164079031431524
0.0026331658857120755;0.0034969933686229237
0.003687995280236173;0.00686389935559496
0.0008456327987123411;0.009058570844790736
-0.004655847378703901;0.008910518143940588
-0.009580039665049582;0.005322813772626727
-0.010082882557152941;-0.002033820521487155
-0.0036183612306244133;-0.011924329778909113
0.009379767396107417;-0.021216383627560457
0.024871805808364792;-0.025698871501800336
0.03646942793305011;-0.022143093748598658
0.03863368797486942;-0.010630598847592248
0.030216249797339133;0.004593252570706884
0.015722233818290212;0.01700921820116947
0.0029434837236104942;0.02173464735415505
-0.0016251755125747374;0.018676197394026914
0.003448557635493048;0.012332215857162227
0.013897319514567612;0.008335645661758123
0.022485473671887458;0.009478652823068654
0.023333258305534742;0.014162268409381428
0.01514588864087003;0.018126884525346457
0.0015132079409551664;0.01788326794529624
-0.011490516986485226;0.01322488845098029
-0.018564267305666016;0.00712723984785593
-0.017402985392877365;0.003394056012991341
-0.00912506945642103;0.003930114661427997
0.002690013009222844;0.00749424113540208
0.013524696338077402;0.010604709424418464
0.019414818619899757;0.00990397989422242
0.018140281252258084;0.004447303230112858
0.00990284032597036;-0.0035551585417064996
-0.002762088710910811;-0.010036475610532935
-0.0159171716657565;-0.011578338136749498
-0.02568387716729152;-0.0074925266969673296
-0.029612025356128165;-0.0001560800739669688
-0.027367244652975815;0.006512858588496349
-0.02049973710707135;0.009350606400398045
-0.011533327092058001;0.007596180025214042
-0.002931265206105613;0.003070922070531296
0.003554294872544933;-0.0010305501767499893
0.007015435230576683;-0.0020092798354072465
0.007258189032707721;0.0007899234606458108
0.00473883473119713;0.005592040546739409
0.0006170390351581718;0.009248848114682153
-0.0033591765488983484;0.009179148789284313
-0.005433902179305878;0.004983196939333055
-0.004780990815697227;-0.001356003133740517
-0.0021872830876424666;-0.006780820014281568
0.00020151566985382072;-0.008953834481283259
0.0001329454255359816;-0.007300460993974284
-0.0033055712353386173;-0.002887894724812185
-0.009065516849707947;0.0023746466754850765
-0.014653925511229807;0.00658596152787489
-0.017272010301400374;0.008471067408173058
-0.014962078140367398;0.007678046231307191
-0.007533327055137128;0.004684042278751414
0.0029300818168535516;0.0004325448044632928
0.012484785524666753;-0.003955066166493669
0.01695343720550178;-0.007260061416506459
0.014080932342697475;-0.00837138639145734
0.004851099789681543;-0.006902509120083547
-0.006939000503043819;-0.0037970704262781326
-0.01653698052143083;-0.0010611673995963497
-0.020389474740015952;-0.00043095563755817255
-0.017558158795186626;-0.0019992045423179493
-0.009947287393555628;-0.004115357157567353
-0.0013514196650823574;-0.004725671159070568
0.004338981023276043;-0.002939810502304529
0.00501752261987206;0.00048025998404111316
0.001332640728811738;0.0038043558879314204
-0.0038450701632138187;0.005259906077374352
-0.007141145090245451;0.0035323491539575604
-0.006526873190813469;-0.0019194766714476653
-0.002227968491991729;-0.010371502551061488
0.0037330398279639123;-0.01959880795431325
0.008938992022418962;-0.026645536410461888
0.011946046812770514;-0.02935520310302824
0.012739171899629321;-0.027276831662969
0.012157080005096348;-0.021039147240911826
0.010953416637402031;-0.011139142351885654
0.009270191449563649;0.002059978807137824
0.006803276146612825;0.016912660390041967
0.003395997905866844;0.0295936860618995
-0.0004752176254038743;0.03541544189704504
-0.003765425999237088;0.031590856193732204
-0.005463591131639769;0.019108084933396278
-0.005240854435374963;0.002377867340246134
-0.003627573916682231;-0.012786072330883915
-0.0016466335984895654;-0.021531074633675398
-0.0002506567317061587;-0.021714303758861794
7.467238543666348e-05;-0.0145370098504837
-0.0005735909564680751;-0.0038274459953524173
-0.0016477031879095236;0.005816317929773525
-0.0024907873895830333;0.011148495078960414
-0.002765480745113397;0.0114945136462042
-0.0026880664787614326;0.008432694978814477
-0.00282045124389792;0.004351726459231421
-0.003503580733799163;0.0010082079103751105
-0.004386500656786697;-0.0009965732114039054
-0.00453097872194099;-0.0017704999131505327
-0.0031297840569215096;-0.001399616663854342
-0.00030127275030257273;0.0003175837651795146
0.0027459661629173266;0.0034437457223532625
0.004416975550450334;0.007236308375683351
0.0037948431852529705;0.010007294290596477
0.0012211688078607803;0.009889135866941
-0.0020144084577302583;0.006068647499301214
-0.004492751324242215;-0.000437686364612175
-0.005289141183294051;-0.00711787723245676
-0.004120073220074121;-0.01130938153002479
-0.0012819615320122356;-0.011757516457325852
0.0023463105668447663;-0.009320499629198124
0.00538112875475017;-0.0062276764435096575
0.006384562122107406;-0.00442014559399535
0.00461113341235962;-0.004341566071263215
0.0005708311478892566;-0.005130213074056254
-0.004035493897478846;-0.005806528281170024
-0.007064987352411634;-0.006176495558354355
-0.0070312765968316;-0.00667858984926887
-0.003996702310535813;-0.007609806361094691
0.0003008769305225896;-0.008658303464060288
0.0033298508521783644;-0.009075965247951753
0.0032634542356249348;-0.008141220782907185
0.00015923372197492984;-0.005563806748183992
-0.004000583138477563;-0.0017672054296045262
-0.006457458514241252;0.002043137399083874
-0.005294136189912898;0.004277640035133223
-0.0005718147989494116;0.003860176468298912
0.005649065367784187;0.001095322128037061
0.010425359369524153;-0.002279071739413519
0.01155951069015788;-0.00409954175510197
0.008780815893012326;-0.0031654141598603386
0.0037872575524475517;4.473553097795595e-05
-0.000801047610490415;0.0038177494244807987
-0.0028712415050546397;0.006383334118478943
-0.0018256384411507382;0.006939290475085746
0.001270858423131138;0.005880240726099541
0.00439078894998844;0.004200314382291008
0.005729901977844698;0.0025845682045376357
0.004797682429048866;0.0008667384665816726
0.002811141230955363;-0.0017536012908580252
0.0020516005161522314;-0.0058644804664514305
0.0043688746135938945;-0.010932208345659522
0.009623996984745265;-0.015019333109057424
0.01519104724969753;-0.015562293858974011
0.017272740754274058;-0.011036860553087233
0.01357620131902256;-0.0025558925310554008
0.00548342129126208;0.006007254046128261
-0.002304354943069209;0.01009870695260698
-0.004789530807328271;0.0076224795836085015
-0.0001483701185487323;0.0005616278049556018
0.008955854751645448;-0.006527811464901496
0.017001374219688423;-0.009932934291891167
0.018907529184889693;-0.009136732080929735
0.012912408473231838;-0.00632847091025927
0.0013960533717708415;-0.004060518288010409
-0.010683997529316765;-0.0034612904896264723
-0.018612643866567496;-0.004279498901129659
-0.020176695102946264;-0.005923974320951239
-0.01615943470011861;-0.007953693103758847
-0.009218671537313485;-0.009682470413997793
-0.0022262474078288187;-0.009932178818878937
0.0029419502467605647;-0.007745296178054315
0.005810005488045104;-0.003480078418116542
0.0070152101079776;0.000990586712717277
0.007643074325786968;0.003431802295260255
0.00858272727856254;0.0028602357886238117
0.01021037942443578;0.00031626253876242317
0.012411469749898806;-0.0017307189053736018
0.014719705986319538;-0.0008727261002759534
0.01641382672978413;0.0037381306578548857
0.0166466977815559;0.010701754824448607
0.01476914440296848;0.017000013479208653
0.010789101322389538;0.019741831635808848
0.005584889297186585;0.017871356380349784
0.0005104198212511118;0.012474578895126646
-0.0034537842956421086;0.005501369272369767
-0.0062958357957463105;-0.001710320866490572
-0.008699446691338729;-0.00855223487266028
-0.011106886400593702;-0.013909357686158717
-0.013054576390512915;-0.015245843575353878
-0.013508044508038688;-0.009689038188838954
-0.011925725112845127;0.0031064734559453342
-0.009035031573663248;0.018737828183885762
-0.006562019075649418;0.029219750903400295
-0.006112842314548227;0.02783301128986797
-0.008115336723858526;0.014415537401990638
-0.011587952001217428;-0.0034397897757208326
-0.014773567566236932;-0.014988749174927865
-0.01612686279463893;-0.01359640762389096
-0.015153144905282107;-0.0011302299897452094
-0.01278965841151519;0.013727715508199288
-0.011048665655636314;0.021683311626566257
-0.011831061944088549;0.01883302251130769
-0.015465341174675077;0.008418674997669403
-0.02005982494982752;-0.0023055658152392974
-0.022373005470717678;-0.007373122584760998
-0.019756706412264693;-0.005725363417091943
-0.011854310452644228;-0.0008967865381943703
-0.0009236633378431811;0.002414812472178008
0.009332313211900548;0.001837974534307872
0.015588959634330624;-0.0017586751352766427
0.016300193406588923;-0.005973059866328698
0.012059946334208862;-0.009041454471307863
0.005002339028280246;-0.010529188849386245
-0.0022258157234692467;-0.010541705575266146
-0.007365624601842369;-0.008856961683980737
-0.009062500190931232;-0.005047518457368428
-0.007063201276979222;0.0006243292770548187
-0.0022471989146582525;0.006599836993241541
0.003524263654727519;0.010525730336774342
0.007916437484378614;0.010687516764886556
0.009008963756471974;0.007290522074712013
0.0061976033307437565;0.002469464276203457
0.0005508927518680433;-0.001115956432121401
-0.005658410766217186;-0.0020237629353766426
-0.010007799484840343;-0.0007131629844690108
-0.011010450083636701;0.0012822856790892423
-0.008711976211647366;0.002819988829784538
-0.004524343107009327;0.003948134076404389
-0.00037797744483342426;0.005497799879877123
0.002334716522532218;0.008009325533043826
0.0033710523440156335;0.010959748418893986
0.0034417831695152386;0.012880119831931594
0.0034535145431490535;0.012286051253572872
0.0038157240086610115;0.008827246848085116
0.0042495859806474315;0.0038643030040863635
0.004073086168260647;-3.074504045660951e-05
0.0027007173258643876;-0.0004133737776953648
0.0001388776993927884;0.003717285729106472
-0.002735542996967541;0.01137838425230454
-0.004403288844412697;0.01991678576653966
-0.003533560764352847;0.02584220364059962
3.303978886330577e-05;0.026053513081413748
0.004924376025762124;0.019439251487856496
0.008869238979238714;0.008152603364452289
0.009912090777834226;-0.0028125280009361282
0.007431117862752875;-0.008262711534974088
0.0024391057552119;-0.006066912442381134
-0.0028947599178873952;0.001546513354988893
-0.006237530185842973;0.009682970860285302
-0.0061369302725759476;0.013982708922816283
-0.0026225773761268207;0.012949516699200603
0.0028895258790445385;0.008192907563269394
0.008259095332025507;0.0029951745453061797
0.011478072453858748;0.00034312132570863313
0.01135322821934539;0.0014389273564571756
0.007801931027420297;0.005302094712864848
0.0017341962213738738;0.009561361049557909
-0.005357148822064702;0.011901113236861683
-0.011894779962717938;0.01123860180355489
-0.016610783464793905;0.008002017922201283
-0.018747669109056796;0.003604345267809699
-0.01810943003201891;-0.0003729833737797701
-0.015053932729578605;-0.0028770788655451923
-0.010439262258294347;-0.0037427023536605254
-0.005442965134564478;-0.0035617938943034687
-0.0012274486229364933;-0.003113636062879674
0.0014059072986256213;-0.0027574043912033416
0.002171901157587073;-0.002262611485495523
0.0012133100365936359;-0.001176700040414781
-0.0010848990515545751;0.0006033520709146725
-0.004184151384906842;0.002479173756339276
-0.007331436248905952;0.0032523872078095532
-0.009510280881662706;0.0016990239329669928
-0.009638652000881986;-0.0025633578298680216
-0.007059004007589395;-0.008365189802597454
-0.0020504699695213604;-0.013059701747925864
0.004046596087149381;-0.013738301046641832
0.009309167800548811;-0.009126302427115875
0.012125278189734088;-0.0008859939677525287
0.0120014166551709;0.006887271949253825
0.009811847546033696;0.009978547763647335
0.007381021324871662;0.006683293996120051
0.0066812749173199605;-0.0011603361650766668
0.009030805864227992;-0.009508231515540035
0.014500543188673328;-0.014788044330999226
0.021592837479136148;-0.015890492753642804
0.02735310681078657;-0.014064871061904023
0.028244323921290417;-0.011135158075215262
0.021926939250125;-0.007946642217671844
0.009282970973650483;-0.00452731109261871
-0.004904151118053826;-0.001332102855780795
-0.0139250424773303;0.00043636681231104253
-0.013039528690168022;0.0001675598769100686
-0.002567562583597722;-0.000863160748191707
0.012115636973910831;-0.0003031272420591304
0.023554256326416445;0.0027343610374199437
0.026133506471123464;0.0060614067000730985
0.018751901588654345;0.005771676332644944
0.004994602503694476;-0.00038124948323689446
-0.009076965377560291;-0.010611582715141581
-0.018115358129954535;-0.01985644577750956
-0.019786910861138426;-0.02305965384988648
-0.015090736230894795;-0.0185189549325264
-0.007030760917838375;-0.009046369339396142
0.0011308861725865746;-0.0002943063541566257
0.007025097215848194;0.002640148051184119
0.009532409498920154;-0.0017885293380458514
0.008699156632474385;-0.010816431990606341
0.005543397857642092;-0.019217746544482224
0.001764174488947305;-0.022466594871063828
-0.0007995304045751803;-0.019241903610557984
-0.0009203328127782586;-0.01189536953042097
0.0014283961343890819;-0.004798074858670683
0.005066695578958774;-0.0016868392576001587
0.008249242222269818;-0.003606902208417173
0.009567183889904808;-0.008570898418217865
0.008564702962669552;-0.012988669120824194
0.005765940749232869;-0.013946260406550781
0.002236240054674511;-0.01102333183017973
-0.0009310671875251104;-0.006617930271859243
-0.0029017181760516444;-0.004490495897995991
-0.003185686998078096;-0.00718316385061626
-0.0017575347012754846;-0.013803726852028351
0.0006974779753125316;-0.0198721585991407
0.0026893094150950408;-0.019959531801811693
0.0023966224014241645;-0.011789033676016622
-0.0012814676821175561;0.0013095077454403534
-0.0077640137977109825;0.012112805691052757
-0.01480522375660717;0.014562324213167234
-0.019693647181129485;0.008174953126172335
-0.020782292414225762;-0.001715830163184423
-0.018199953547321953;-0.0077998362106726496
-0.013428876922388363;-0.005680947453339664
-0.008416933031806522;0.0033018005725523655
-0.004916628873012533;0.012791251001275733
-0.004051541821144672;0.01529519908043435
-0.005827845294154328;0.0071257933768388735
-0.008782429522173806;-0.008831125062133445
-0.010370523260555277;-0.02477682463330989
-0.00829080891636373;-0.03312428312946642
-0.0020324180656684735;-0.031216743608881936
0.006497251473182121;-0.022154906948890316
0.013808156004572287;-0.011725155865532107
0.016604398871728706;-0.004510199064210992
0.013410052737681557;-0.002068904356928461
0.0051962209978507765;-0.003500999653906258
-0.0051686075251871685;-0.00686152722175503
-0.014209111661857026;-0.010153630660897488
-0.019177916141723945;-0.011788175286859215
-0.01889279819968527;-0.010903094325337905
-0.013891187291320276;-0.007632215373279529
-0.0060051172038971205;-0.00306371150970993
0.0023931846217234458;0.0012775697043361388
0.009177879586834439;0.004201786864230923
0.013035546174010103;0.0054053361438891785
0.013681897143312522;0.005457239543863854
0.011747493391272812;0.005272474510379916
0.008451827145429863;0.005468246324883058
0.005193254104998839;0.0060397603405776806
0.00312356450397664;0.0065193544249128954
0.0027617924264702358;0.006436182865553382
0.003792158842137338;0.005739384929215027
0.005244127462354937;0.0049282987469510394
0.006060016797817115;0.004799883486215023
0.005710181203677622;0.005884279474579408
0.004434233584818864;0.007854719397828058
0.0030304152539962215;0.009421144762662214
0.00245470502533749;0.009083548768111923
0.003431944589701863;0.006417772267401418
0.006083654188128119;0.0028648211606168267
0.009659798598725289;0.0011642372542300533
0.01265680801361404;0.0036006840745794674
0.01346790839358668;0.01020011804713163
0.011286750108218625;0.018182375787878315
0.006719699529467243;0.023276043656984442
0.0016597200030558188;0.022269942206776413
-0.0016775268985731405;0.015182928203632722
-0.0021272113606422205;0.005545976551931503
-0.0004298934248817848;-0.001497526555942563
0.0012360110598018;-0.0021747368218898114
0.0008359125135846028;0.0036563595421991706
-0.0020739879283316843;0.012403642247639573
-0.00617987880767733;0.01889421609298919
-0.009467487667339874;0.019430526333908578
-0.010461559822522842;0.013893878241954009
-0.008798776104892176;0.005746911442840818
-0.0051621502704274;5.7593562369521545e-05
-0.001029690798818923;0.0007188087548666855
0.001656392460114819;0.008352605435645042
0.0011925000493720347;0.019853226562143632
-0.002804898715232887;0.02966024114776823
-0.00868224629394489;0.03232831972806643
-0.013300495216404494;0.02557497577450854
-0.013802078900844452;0.012222467705736347
-0.009402299801906785;-0.0008289250785296715
-0.001944335995359924;-0.0067524485192543395
0.005107706068851907;-0.0033713937103904087
0.008571237702465142;0.005461022466505623
0.00720789572240009;0.01285614100391621
0.002197052743819086;0.013842090305635069
-0.00376145695077545;0.008456276218051197
-0.008018704943122556;0.0009866097369746567
-0.009194251868939341;-0.003511775888928746
-0.0074360064194411175;-0.0025945062779250436
-0.003874135507086931;0.0024422269766792046
0.00012563572322300175;0.007904244790222914
0.0034292851220809315;0.010244508394463295
0.00526733543685318;0.008163042201843804
0.005244528684749977;0.0031500883976986714
0.0033858832301149663;-0.0016369322126209248
0.00019329179498557916;-0.0033338920910419736
-0.003402187336114083;-0.0009806306586147668
-0.006257769365980766;0.0040386159612749006
-0.007385822058421041;0.008792304671269723
-0.0063809805265292825;0.010288520425275892
-0.003736427469185988;0.006939623314058096
-0.0008239284621317757;-0.0005408157278833244
0.0005901578803980924;-0.009176214765004584
-0.0008384074164050893;-0.014894571924196754
-0.005263337954315892;-0.014569800711284052
-0.011370069165886166;-0.007990474922301342
-0.016839556945828667;0.0015304019188974631
-0.01941108108099688;0.008636797221912507
-0.018004536843973816;0.008944227697549758
-0.013263271523501579;0.0018175935690345766
-0.0071989908218635275;-0.009046209277652116
-0.002121712285697027;-0.017892410048009046
0.0005973821861639056;-0.020588166967703735
0.0012511915891528416;-0.017059257576186194
0.001514861178648102;-0.010776546703470795
0.0032903507365799806;-0.005904638236895368
0.0075174015758116665;-0.004404077678927882
0.013766622309334325;-0.005142206173967643
0.020598376721162878;-0.005347313064847044
0.026064454326697212;-0.00302921690642604
0.02808083578368255;0.0015008193806099518
0.025036198681551797;0.0060096921712185485
0.01681681184836553;0.008125115404465184
0.005549507181341961;0.006972459138272169
-0.004929279031087392;0.0033706634187025677
-0.01092761531649296;-0.001272207697148241
-0.010887494665717711;-0.006001096779330548
-0.006119284603834341;-0.010291985482487113
0.00013537676201261532;-0.013419232148735642
0.004556839245439315;-0.014327198123635193
0.0053133443703227605;-0.012311440178235876
0.0025581660734587328;-0.00781920854989437
-0.0021188529913589997;-0.0026158394281080638
-0.006693955700964814;0.0008791873789554374
-0.009557096643378173;0.0007835270854576792
-0.009961857474452433;-0.00311847846979483
-0.00813938961141932;-0.008958337330733881
-0.0051331261413435575;-0.013429057982404027
-0.0023076025922129637;-0.013279096090545492
-0.0006136944202434725;-0.006986878472041515
-9.38938574406286e-06;0.004160573972480487
0.00045900156019845143;0.01620025589366958
0.0018090517952428508;0.02409903829131533
0.0041042724741694485;0.024408098568823443
0.006183802989964544;0.01754031482138133
0.006465886232570297;0.007805544544018535
0.00411604930293555;0.0006323055599464156
-0.0004376128391004501;-0.0011218359133407273
-0.005895852178416508;0.001219540903518991
-0.010801658521835414;0.003763000926886684
-0.013988235581644576;0.0030867415120634976
-0.014705295867249625;-0.0019015013383417772
-0.012659934809182581;-0.010076458541761823
-0.00810022807953549;-0.01904535752087266
-0.0018850093136903922;-0.025867657982905298
0.004594590755194727;-0.027690591758751333
0.00975149798460926;-0.02281706417821112
0.012339606851153222;-0.011901916734794477
0.011895746606586637;0.0017057968922873999
0.008791044763731796;0.013078657382224204
0.003935989168918175;0.01790981187175752
-0.0015354021100174168;0.014679648070586927
-0.006420697003920023;0.005561674459406676
-0.009600842277697265;-0.0045709057289575064
-0.01036877261616779;-0.010596053002106608
-0.008778450039668333;-0.009695309665309564
-0.005666826266163159;-0.002582212315325481
-0.0022536489241189637;0.00717561216923984
0.00041308996232725814;0.015177317990535179
0.0018332639818960097;0.01831776802417398
0.0021019216657929447;0.015928175397853798
0.0016663751471464928;0.009540101825729695
0.0009614017594038472;0.001687347547064998
0.00015450653821236115;-0.00538153787613258
-0.0008493950984159949;-0.010369923322269459
-0.0022065082336396105;-0.012889704864343168
-0.003939068892228014;-0.013108380244537726
-0.005870175066650827;-0.011465513056837967
-0.0076381822895187895;-0.0085459341262463
-0.008720646515278029;-0.005048427499248341
-0.008536937026378618;-0.001805446723187989
-0.006715497868119945;0.00024791995711294026
-0.0033903573250779616;0.00037113858053082916
0.0007556922198489225;-0.0013760327528571713
0.004777586314396956;-0.0036869484564634306
0.007841235833087464;-0.0044113628635342765
0.009441016808424064;-0.0018670142894043203
0.009500540518751904;0.0038771336955156924
0.008488666825312912;0.010859765708314144
0.007434273321804233;0.01636529398427933
0.007581855825400944;0.018390359563611562
0.009715213666070739;0.016417483116400407
0.013551823868971863;0.01130791897894472
0.017640111943711116;0.004794154365912255
0.019908537962722007;-0.0010737316951417663
0.01866462504989183;-0.004570192949837656
0.01355752254041697;-0.0049829371178608545
0.005933137124892944;-0.0029361625740765246
-0.0017049403521316097;5.670724391030106e-06
-0.006851167408375554;0.002263670351844732
-0.008099746221534823;0.0030865297399341814
-0.005643890678886048;0.0027876394364479075
-0.0010604142646218392;0.0022961449958504624
0.0034069640967971278;0.0023537406942081072
0.005743523185115243;0.0028735685297557032
0.004896617930243532;0.0029026719231298303
0.0010586738152024106;0.0012827520673380976
-0.004589378198147472;-0.0024011821840783545
-0.01048601082905485;-0.007282591730264258
-0.015283421409032815;-0.011539871093216145
-0.018124962904087327;-0.013426315706557283
-0.018582110176149375;-0.012328069334386375
-0.016511520862522684;-0.009110273312851892
-0.012111480132721154;-0.005472047889642694
-0.006165280485052165;-0.002764092084771624
-0.00013223605276205868;-0.0011634242406019502
0.004261004202246008;0.00016886180116798725
0.005882561617013529;0.002075756506471932
0.004989062411856133;0.004299474790771167
0.003324891295072127;0.005169517855960776
0.0032981343144924363;0.002547321049456587
0.0065903976685354245;-0.0043428631653580135
0.012937200840338824;-0.013419777695218044
0.019846809213583144;-0.020009990731632107
0.023696025685658595;-0.019368642825403487
0.02186535409261855;-0.010201968178402252
0.014601553686720604;0.0034584270069493816
0.0051209025855760894;0.01418271746482563
-0.002254467318787906;0.016167412933487883
-0.004531828260658499;0.009512411692680064
-0.0014314165155561655;-8.108966955661584e-05
0.0048490043524934065;-0.00608052812545944
0.011041018223910617;-0.0060948307369969885
0.014488310719810256;-0.002799328355504681
0.014185024462795473;-0.0006294399277807061
0.010737104202514442;-0.0017645487763983609
0.00561876784355235;-0.004768136132634919
0.00046591633227443787;-0.006250303598222867
-0.0032479634824102294;-0.0035780870838236227
-0.004409990160288387;0.00332079042874409
-0.00267651174916702;0.011806399866832348
0.001080867751196994;0.017897325025218222
0.004877667857792563;0.018525773009886642
0.006533555265441261;0.013482115143168853
0.004885634382943475;0.00572185168012303
0.0004140771250185712;-0.00035568081312751214
-0.005138483054396208;-0.001562518440566384
-0.009777697595435501;0.002281232730430769
-0.01216191254678409;0.008484874764984263
-0.011947769036930563;0.013221272384375359
-0.009635214579282724;0.013623233227501304
-0.0062250080402572365;0.009138407165878564
-0.0029173547608165908;0.001712169855383304
-0.0008896510270896507;-0.005125465171064881
-0.001077483955568821;-0.00795234352856178
-0.0038688772236310036;-0.0052945995588975425
-0.008727344086661185;0.001370315419898368
-0.013984190677680515;0.00826681652299209
-0.017185692866073334;0.011477940424925125
-0.016162019586335053;0.009290558351791304
-0.010406580397627426;0.003129822257313457
-0.0018440060135102622;-0.0035086968478525017
0.00581796020318544;-0.007247779289756597
0.00904038818844366;-0.00662594435653649
0.0064990754436345995;-0.0025704171580867943
-0.00019002748180888405;0.0024279470420829567
-0.007454554277958477;0.005834509928367039
-0.011609383070351061;0.006437782666375167
-0.010462907893093289;0.004719187680898448
-0.0041960586261701165;0.0019794839274345217
0.004574307034491906;-0.0009406726735143395
0.01173121388121048;-0.004014017381414147
0.01358645822461312;-0.007093296659572312
0.008973413488728354;-0.008988511998410569
0.0001013122977986093;-0.008185307183913396
-0.008624757602757853;-0.0049653853150603555
-0.013152816985141215;-0.0024879980004594293
-0.011999235103514475;-0.00479667166270423
-0.006738963864587657;-0.012974339205226842
-0.0007070860551217666;-0.02321595069133895
0.0030136542097053487;-0.02909292796416228
0.003073992934660888;-0.02618863796118586
0.00014796183357220614;-0.015174164691732236
-0.003852807580930823;-0.0011918087530403887
-0.006977530969510172;0.009424468278147684
-0.008129108547837756;0.012629246115894898
-0.007315553732683496;0.00849821061467488
-0.005363560303408103;0.0008077442347910858
-0.0033901120255456106;-0.0052164657716683065
-0.0022850470556787994;-0.005795385696842458
-0.002358809155552092;-0.0005998492962244802
-0.0032711630096802584;0.0072684286732910474
-0.004306819836093167;0.01328087597258432
-0.004879367385941389;0.014173206822594134
-0.004919837331304835;0.009642789256046707
-0.004816572425112132;0.0021874283340209758
-0.004923231838890512;-0.004518379291496798
-0.005071572772183283;-0.007594719450149349
-0.004586197790213895;-0.006240123441772257
-0.0028656706206355675;-0.001814171752442064
-4.808073032359517e-05;0.0031746563673249184
0.0028373287671092312;0.006534773203022714
0.004402844231782083;0.0074522580958376865
0.003741251784114802;0.006574003683783149
0.0009946090878558001;0.00518680724174785
-0.0026876587101948854;0.004136046035378068
-0.005717681074565799;0.0032548737907780907
-0.00678438344660835;0.0017025392705367353
-0.005353358071645984;-0.0010546987191016714
-0.001835822916121355;-0.004439985404412297
0.002525980736817141;-0.006906805216376396
0.006062960544145891;-0.007014019639543616
0.007385397509904886;-0.004557127547868037
0.006142182490232038;-0.000782233058714023
0.003331044869882626;0.0025021558014166703
0.0008387897295047252;0.0041941708909582045
0.00042365695870421737;0.004572772704035249
0.0027188550484164523;0.004865946000557469
0.006773449034424704;0.005995917740549684
0.01038111454296449;0.007495005739056214
0.011156406049615052;0.0076445165315624465
0.007897177115120132;0.004880830896610326
0.0014002237712790857;-0.0007896870685981853
-0.0058855574831599726;-0.007690708002893291
-0.011162281543004523;-0.013657543900440428
-0.01267332386559533;-0.017285359202118294
-0.010390326722534;-0.018270730977745005
-0.00577636699553477;-0.016968501162132183
-0.0009027712187920492;-0.013885835986687174
0.0025818930346153167;-0.009516958880067351
0.004123322900442965;-0.004381765475827786
0.004261335341387875;0.0009474672161201865
0.004030152909970535;0.005813552762808581
0.0042022658886718715;0.009412975229099379
0.00488784876415708;0.010892677693306986
0.005687999937116134;0.009723046180479538
0.006164011246562934;0.006107152537330855
0.006193046428727737;0.0010837884786604405
0.005956690519409132;-0.003731392900595362
0.005655466502446215;-0.006602020636846956
0.005261524251874303;-0.006221143148949438
0.004559797565948969;-0.0023038698798991996
0.0034545702600535665;0.003989559833123201
0.0022618282892549204;0.010184404354623876
0.0016901465421627344;0.013431446195965082
0.002449639072162119;0.011999348632168574
0.004715279208953524;0.006470383220256601
0.007800622520019867;-0.0003023751640730381
0.01031058981964577;-0.004709316236283886
0.010786662973604503;-0.004521436399726623
0.008545668354285175;-0.00021613235860493908
0.0042182559167348865;0.0054776471655510256
-0.0004119721072713264;0.009511783693140662
-0.0032751984463155414;0.010481050941584236
-0.0031392878498340765;0.009131185448700053
-0.00033282794700088695;0.007157868909019756
0.003397811004030326;0.005509211165181317
0.005844174851581123;0.0037543863346390515
0.005518294120963897;0.0010027154857960633
0.0023380029685874243;-0.002617409292709581
-0.002513975746223133;-0.00545072638139371
-0.00730783242530596;-0.0054494324569806345
-0.010550083045301329;-0.002095669831451971
-0.011485195803600738;0.0026076201518448966
-0.01024471308486058;0.0051721786837297876
-0.007682059650405451;0.003092749903280805
-0.004920354067889841;-0.003143155434784971
-0.0027263310525738995;-0.010122689743351107
-0.0010422841845966746;-0.013684053133503097
0.000914800889669806;-0.011681802802514395
0.003917084842730288;-0.005428335834056139
0.00785505489377305;0.0011733008785482035
0.011462987721299263;0.004213213537894497
0.01294452582702614;0.002310829429013935
0.011079254109017798;-0.002613332083327747
0.006026317165662144;-0.006795275090115139
-0.000683024707542563;-0.007222589281614095
-0.006863209815677834;-0.0035550889570096374
-0.010587363033685461;0.0018266965542042654
-0.010808261379619696;0.005462875877040341
-0.007526357260785421;0.004942941386355802
-0.0016631562044715988;0.0002992003429635833
0.005131433383210798;-0.00590147771921476
0.010721479669157591;-0.009698741137678457
0.013011755474145587;-0.00769428138900211
0.01091274220950442;0.000879434189508636
0.0053505771916037715;0.01304431119559838
-0.0006319313757468865;0.023055576020449754
-0.0033295276886860705;0.025653414967338462
-0.0006802950355489866;0.01978493588973137
0.006322194273687157;0.00976123040224219
0.014212597497566688;0.002351640789265695
0.01907484495838972;0.0018351799890811097
0.018555565299858873;0.007041283644748837
0.012808602328373457;0.012717562060197503
0.00413399992314969;0.013822867594626786
-0.004284176914945099;0.00912380629519575
-0.009805138658209792;0.0015137760926390831
-0.011242887205643978;-0.004626532045566799
-0.008981949736380373;-0.0066141538609942934
-0.004485085575576228;-0.004898856993279557
0.00038851091175025305;-0.00215729952938104
0.0039372967282060595;-0.0011408866731477333
0.004980714494704016;-0.002910105840465892
0.0031075530874090955;-0.006444708997714787
-0.0011716071021043901;-0.009534204490751978
-0.006462369460276947;-0.0101656059327726
-0.010822350653961053;-0.0076349195899448755
-0.012389235021533569;-0.002965299366012806
-0.010135815311700292;0.001496324225259085
-0.004465694948062559;0.003213815426211543
0.002658072712308839;0.0009157684638357891
0.0082367817530327;-0.00437595696678312
0.009345499924574785;-0.009493089949218877
0.004473408411639992;-0.010679228652992603
-0.005473637599885723;-0.0059464523657759534
-0.017124399924139295;0.003130433320453347
-0.025891712982756065;0.011652464349124553
-0.02815500079330331;0.014157296407730405
-0.023201418178130408;0.00851242370982893
-0.013656972044542685;-0.001914691509340103
-0.004094312358866216;-0.010016802479206919
0.0013016672201954312;-0.009880485726060602
0.0006955846374698691;-0.0012246882813260398
-0.0047444162156728585;0.010179340192696623
-0.011711032509581271;0.016372079384140852
-0.016547371067036347;0.012426129444579635
-0.016858280324448048;-0.0004678625497662503
-0.012141266855850472;-0.015810534994096147
-0.003555961147603084;-0.025819252031260315
0.006500839573833583;-0.026081869390584638
0.014762039458190778;-0.017868545741619692
0.01785499662831191;-0.006713567289475513
0.01376854658460412;0.0014900691493358032
0.00328184270622437;0.00394469353352409
-0.009962759230702166;0.001690295854761106
-0.021174623726404128;-0.0022109225250019726
-0.026814707906884033;-0.005047127002511877
-0.02602540159595764;-0.005672502254117644
-0.020342586263088228;-0.00440677649860789
-0.012293405949802036;-0.0023557940885005975
-0.004066958618386987;-0.000685878313423334
0.0030118166277331975;-4.473988519315824e-05
0.008319217925548334;-0.0002817866716155186
0.011630160194639975;-0.0005687758574186717
0.013011056692370602;0.00010549041103950072
0.012804792342858598;0.002208638153227359
0.011504720266393556;0.005057148416581787
0.00957500126847828;0.006851572914790679
0.007409862951630881;0.0056216715381879
0.005404691783713584;0.0006627831830782854
0.003894771757793918;-0.006497901585845863
0.0028856039597399854;-0.01243054261962183
0.0018863034564578403;-0.013475716249109046
0.00022350171949140268;-0.007928924363937414
-0.0022537027934496925;0.0025173516137423756
-0.004678617882823243;0.013089404575344545
-0.005414955500319212;0.01822169071785602
-0.0029849864640377304;0.014858765741625235
0.0029009291891275166;0.004765664461365654
0.01084881318020272;-0.006054276899982791
0.01816361845088685;-0.010932593858879168
0.02201459709506808;-0.00682133410568529
0.02082050489149444;0.0037835135719629254
0.015069631497501613;0.014648083611863077
0.007108412653281508;0.019897862364410924
8.203188970273865e-05;0.017417413698431385
-0.0034072077605767784;0.009399786312328143
-0.0024163896751350365;0.00019316413360833214
0.0018440352404844266;-0.006594652660337038
0.006501109703978507;-0.009694252253980039
0.008498318021680704;-0.009804263488698117
0.006329642519482825;-0.008129953864365274
0.0009115364642480226;-0.00527882091935642
-0.004989726011986719;-0.0012942562283655222
-0.008363305534608432;0.0035597767186039252
-0.007600579304737502;0.00825454433415181
-0.0033025398148573233;0.011301837206495864
0.002115851185509701;0.011666801112579256
0.00576068036295294;0.00952232943269074
0.005784662509764812;0.006221119358101527
0.0022766090719909945;0.003463905013813617
-0.0029250774287279072;0.0022392121202751848
-0.007328952882875621;0.002278743325144156
-0.00914603660657936;0.0024018372502474777
-0.008135298903398494;0.0014839762746529665
-0.0055020300698467115;-0.0006700496853420924
-0.0030105436099940605;-0.00319836999622532
-0.0019277790243997326;-0.004869839365991202
-0.0024252353981613108;-0.005001547156728105
-0.003700572293855465;-0.0038551692096601433
-0.00463665392554829;-0.002256785899823496
-0.004550643125193859;-0.0008772750986925538
-0.0035917133477640223;0.00015617692317532747
-0.00256686777433304;0.0010382670151733062
-0.0022786665673602997;0.001752201327420197
-0.0027286773108386284;0.0017685388867722314
-0.0026896046944780054;0.000307603553336805
-7.777308051974701e-05;-0.002929165951318948
0.0068152011830715994;-0.00701431526863314
0.01776960759252914;-0.009652179579282537
0.029798378071915297;-0.008116546542429494
0.03798213668184128;-0.001169890162728456
0.03798304426437397;0.009081620040192816
0.02878966631076705;0.017133201947297345
0.01362398739800905;0.016915333505414788
-0.0018052220147320355;0.006276172054492062
-0.01238401642028946;-0.01039288373679975
-0.015863897834170842;-0.024280413636066027
-0.013219481811634652;-0.02805046474978488
-0.007446957475980746;-0.020923864931956835
-0.0018032108487783215;-0.00882270925414382
0.0016070642984073926;0.0003493515619354064
0.0023655621086308993;0.002355523139456165
0.0013476509959885043;-0.000982171998029881
-0.00017723976594050562;-0.0039007627486261865
-0.0013299841558587024;-0.0012925940802519242
-0.0018846314054017977;0.007595111684249152
-0.002051278303795657;0.018709196551064403
-0.0021331487529869285;0.025982859445292886
-0.0023811170393079595;0.025279446578884538
-0.0030758590906235597;0.01686363764346597
-0.004592870292677547;0.005012628903035838
-0.007215296832464619;-0.004625877996169322
-0.010760612741353048;-0.008046464452176062
-0.014368627374796486;-0.004581325638681589
-0.01672273715455274;0.003228761614837511
-0.016585417661710407;0.011030104660640996
-0.013258681427869179;0.014489125805213882
-0.006758150671363508;0.011003966627783838
0.002117724153864563;0.0009000583592987287
0.011603561130118588;-0.012377960378891096
0.0189326948869041;-0.023502594210052935
0.02110919700920375;-0.027795713609112836
0.01663983877515154;-0.0239539285721224
0.007140354167533595;-0.01507752206346459
-0.0028495378139192663;-0.006623647951144471
-0.008341807002753736;-0.002236035889933741
-0.0071449696856153155;-0.0008387409539951321
-0.001486204062034421;0.002065440783060742
0.0033064149710716607;0.009701556671608368
0.0022904738473517607;0.02016408112629366
-0.005804605281286441;0.02697313244259096
-0.01776893294854937;0.02361799817488821
-0.027973904635238005;0.008429038999456935
-0.031578877656902926;-0.013745184920095263
-0.026727929096718582;-0.03405697782475493
-0.01492968389986329;-0.04466631289677315
-0.0001937447253739255;-0.043000732911646175
0.012369161250752431;-0.03246873558822235
0.018298814516823324;-0.01933063024241084
0.015650278363893152;-0.008410626571357712
0.006112359445313649;-0.001104855322943311
-0.005568058700858631;0.0032922617130814857
-0.013866506341431165;0.005193394574683115
-0.015272105769719749;0.004119505489012102
-0.009956009857552725;0.0002030588989827452
-0.0013428756560853246;-0.0044411978056736615
0.006084598517922648;-0.006403341753027795
0.009330022947076291;-0.003295393154941218
0.00824585462383697;0.004359572512147555
0.005102352907046576;0.01328103488871814
0.002920201748482559;0.019524841455672296
0.0036884012806777493;0.020943990154414012
0.007393530433329652;0.018237252938534947
0.012205624646398173;0.013949977214652388
0.015562592954450383;0.010392779549563075
0.01550190037451539;0.008184509405941566
0.011557006153960263;0.006418031623024629
0.00485120628394702;0.004017203607352084
-0.0025192946623710907;0.0009701173141479782
-0.008395907969688103;-0.0015797243608759763
-0.011333165993168038;-0.00234112797544461
-0.01101425478321776;-0.0010672714504050963
-0.00823884003580721;0.0010321884607070503
-0.004483679345947397;0.0019789174837003135
-0.001192129364857823;0.00036047649514784437
0.0008264228750394983;-0.0035912726977123137
0.0015060085376564104;-0.007982939567017717
0.0011383525161651848;-0.010399541767980766
-6.350042273821941e-05;-0.009389225902795211
-0.0019838914719558353;-0.005233806800811024
-0.004209037155638398;0.000350945218092027
-0.005699040465688525;0.005110949253718864
-0.00502249897544174;0.007156933077733811
-0.0012042450455269603;0.005667364954799083
0.005319842634996961;0.0013134876890085782
0.012415528552717162;-0.0038722848622200568
0.01709269340403429;-0.007392158217243747
0.017118728141814737;-0.007577318941147855
0.012332890860508369;-0.0044268541855216215
0.004723909363093482;0.0006243115818957986
-0.002713409895479315;0.0057747614934199575
-0.007476326350945468;0.00984482337048327
-0.0085430859362334;0.012404457189496062
-0.006550308474535706;0.013140942505969092
-0.0032733097487620626;0.011389174679973135
-0.0006726609863928318;0.006622278273613767
8.104839546684113e-05;-0.0004362392187890382
-0.0009010268194389906;-0.007387055571857876
-0.0024806588801867353;-0.011245789596226533
-0.0032698153778511732;-0.010323269774289937
-0.0024116116308199338;-0.005313164071669331
5.164926600269135e-05;0.0012202096242500788
0.003329017116382307;0.006370793531364347
0.006374376777275787;0.008323683971922005
0.008401213562105301;0.00705015220161746
0.009133885665591033;0.004159071082463451
0.008714849645814322;0.0019704798668574858
0.007430541414957568;0.002126848929347964
0.005524281722073494;0.004515776646407529
0.0032444311502841743;0.007298724532450413
0.001030759815851254;0.008081625365968965
-0.0004105454592772437;0.00540275339693661
-0.00033039728766914774;-0.0003891716707022891
0.0015703095678544655;-0.007193805098478243
0.004639540757197998;-0.011937692527156043
0.007153398450868305;-0.011767172694660691
0.006887793798503777;-0.0054183472324329865
0.0023428759379515414;0.0056489058442407
-0.005977698662228887;0.01713417801489981
-0.015213328525453878;0.023584420519848902
-0.021335297568323787;0.021653072019809552
-0.02136545651937491;0.012902822518371068
-0.015184689070086936;0.0034332042862468375
-0.005698596656763364;-0.0002500234178536504
0.002761833538283464;0.0038456708502096026
0.006817736468599664;0.01165278158516715
0.0057415784241769425;0.016281475126657903
0.0014667504570317607;0.013394278874044024
-0.0029501311798887393;0.00445102141290671
-0.005250782571182021;-0.004515595148235812
-0.005015595880354766;-0.007427986581656331
-0.0033479301992813174;-0.00254695377720181
-0.0017197312029217653;0.006371914810101168
-0.0009559372355725619;0.012782987152189718
-0.0009963526760039469;0.011837604683871534
-0.0013292029351779182;0.003454047132313401
-0.0015213352332799285;-0.008013588438858335
-0.001393406229996409;-0.016922115476094773
-0.0008476117653683873;-0.01981783408342383
0.00031515626692983303;-0.016918938557010668
0.002307726284433365;-0.011092121083022216
0.005064443134568931;-0.00561183013837977
0.00808629904560772;-0.0023986451352094166
0.010644810846806465;-0.0015504315153958659
0.012152426268044645;-0.001925429613577169
0.012294982964688872;-0.0021193418711154444
0.010807743897400246;-0.0013221920738717525
0.007258886602119186;0.00021740203803016466
0.0013063910633550504;0.0012758835129512234
-0.006587908766546342;0.0003280974411997348
-0.014631332824915343;-0.003424288460467038
-0.020091960243065837;-0.009245544022677368
-0.020668866700624802;-0.014921094136440072
-0.015997315077917042;-0.017857983483277256
-0.008116975087779173;-0.016612452042372033
-0.0003802613323343773;-0.01173253416712505
0.004499572737936266;-0.005238787405813086
0.00582485691229772;0.0007899289342016805
0.004814748174177895;0.005294537119781063
0.003430089552681862;0.008148417955686545
0.003194373509873598;0.009219419451331565
0.004579256853510485;0.007672100131543056
0.00678768681076541;0.0023791370539965385
0.007827221680148913;-0.006627874583353135
0.0052709689600723905;-0.0167450986385962
-0.002097761581972952;-0.023005254897408435
-0.01265396833786012;-0.02081253137175997
-0.02190144104375741;-0.009916950415353844
-0.02470903979032428;0.0038352112804963473
-0.01851358465294385;0.01167518847867017
-0.005142409618020182;0.008390384149147641
0.010110786175143724;-0.0033312784812844416
0.02145401329829604;-0.014747483746240178
0.02554576850153666;-0.017557008647741217
0.022619369054239922;-0.009600849100905981
0.015443955966504474;0.00434027447947071
0.007269126838347998;0.016421990175034457
0.0003036696265435451;0.02092044201686282
-0.00454499435586546;0.017263167180972018
-0.0071057841767809245;0.009482098366120203
-0.007464175124171779;0.003047508834259803
-0.006003806187643206;0.0014150101545018275
-0.0036182529306714203;0.00441117096062004
-0.0015283323391845438;0.00911297694115986
-0.0006687600940959427;0.012182236000895803
-0.0011632320296760298;0.011862971988327144
-0.0023494772277029927;0.008493027757169327
-0.0033106577825141497;0.0036989536323111254
-0.0034916938354612307;-0.0007773047429467949
-0.0030021534704064547;-0.003853177260811483
-0.002477193617910835;-0.00528888439820212
-0.002626678906475322;-0.005442614760138542
-0.003734595335849142;-0.004840344563597232
-0.005390328652790635;-0.0038102742314747476
-0.006653242486030288;-0.0024114034055471916
-0.00663132070475647;-0.0007107532360696517
-0.005129522561488043;0.0008741901151820046
-0.0028566938497734465;0.001626876081074122
-0.0009530296714951541;0.0010876739770392955
-0.0001646507893530326;-0.0004044930555251899
-0.0003089309941939858;-0.0018227984474075338
-0.000432988541765506;-0.00217041519987343
0.0004836554467181492;-0.0010790313396910934
0.002812683466041821;0.0012096739973710133
0.006026868845268436;0.004157218741246659
0.009023336268696072;0.006973419705010449
0.010760852156023367;0.008478562704527761
0.010828972727090836;0.00739171997811237
0.009656380134642503;0.0032097943722651646
0.008231387025781894;-0.003063253490081393
0.007437918729103879;-0.00923526555852234
0.0073995901526573695;-0.013235378885944272
0.007338111271417735;-0.014330064408480909
0.006140600418953048;-0.013270680751672382
0.003262033654525806;-0.01145621563242568
-0.0007206619884040621;-0.009951865860215387
-0.004330980911718003;-0.009021351450895524
-0.006041063379886855;-0.008233773039551485
-0.005193631122981837;-0.006873964226001069
-0.002445928675502995;-0.0043992877471773694
0.0005372496420207936;-0.0007889344396456544
0.002008864010717751;0.003346154758607164
0.00115225765679733;0.00701990049853039
-0.0014705699757808673;0.00943181525302074
-0.004329083310443068;0.010449490951328246
-0.005871795402756864;0.010592817376497119
-0.005332839942548937;0.010514977437461477
-0.0029115701201740656;0.010434305311937146
0.0006265333122857093;0.010011825431652376
0.004479627928077601;0.008783373599878658
0.008054022520631442;0.006776954420137891
0.01087046979331277;0.0047405348107586
0.0124182916857354;0.0036702136549337395
0.012255155451698087;0.003932034929659263
0.010327457603767484;0.004730378824157494
0.007165218225901749;0.004513163681547996
0.003670538141501618;0.0021607998023678693
0.0006303456558702049;-0.0019088976448916946
-0.0016358377433269762;-0.005659149436773589
-0.003245774297421582;-0.006637158516592425
-0.004463637958622632;-0.00372992996522273
-0.005439399751111533;0.0018210254404007055
-0.006152284897548405;0.006990793219934255
-0.006513224156250595;0.00876862611692252
-0.006456266725934016;0.005926671907906098
-0.00591824808729532;-0.0003394760687238163
-0.00480653338083907;-0.00713785289969141
-0.003136108164194141;-0.011449503069669865
-0.0012929770662148225;-0.011688988632752903
-7.523148094203911e-05;-0.008453711930215178
-0.00025131584244860193;-0.004045311917932103
-0.0018992515394864943;-0.001020634539258179
-0.0041484902712704205;-0.0006699785708075323
-0.0056450515648703604;-0.002411842849284028
-0.0053988156615612645;-0.004431309892453486
-0.003360931958952106;-0.004983931431851944
-0.0003805113832556474;-0.0034483942976031713
0.0022949748556579884;-0.0006018386518681021
0.0035761597917490762;0.001863944084168442
0.0028763535871741542;0.0022810150743345923
0.00021687639633125039;-4.513126694267631e-05
-0.0038208276548147967;-0.0043868716126337914
-0.008245271270611665;-0.008957376088630705
-0.011907091589105733;-0.011891022294355725
-0.013822536384945946;-0.012210695589560356
-0.01346359663249286;-0.010188575009833358
-0.01089466089859149;-0.006985991693417108
-0.006710377646339357;-0.003937923186413307
-0.0018291811620676879;-0.0019561792500338844
0.0027556179288174398;-0.0012970159938912082
0.006189522960046543;-0.0016652988177725673
0.007916653735323412;-0.002502159620049504
0.0078022131148277885;-0.0032986923566743877
0.006208928166771755;-0.0037993713495579613
0.003957978749048492;-0.004001794333633849
0.0020897326296711845;-0.003972995320575301
0.001432267699115347;-0.003650620330794543
0.002151299875138955;-0.0028427117957083377
0.0035715627512706597;-0.0014794645828016381
0.004493329306333634;0.00011262508364718855
0.003930414559619262;0.001272985436479377
0.0018275216015285717;0.0015269702551371682
-0.0007816138896818894;0.0012135599489084522
-0.0023551951533671346;0.0015718840153936412
-0.0017983097706355232;0.003880803231783606
0.0008255670990938695;0.008071183959615221
0.0042314051973803765;0.012080483002348505
0.006490588904525912;0.013044488256978062
0.00594164645106288;0.00977560021662828
0.001995882477638205;0.004270399708488975
-0.004556867705970084;0.0004602742752071953
-0.011876624836786512;0.0010559922628403157
-0.01783746973035041;0.005291156168867796
-0.020868732220816463;0.009468665255177759
-0.020527127675772527;0.00962738128723278
-0.01753185957308893;0.004125002116641762
-0.013199063175922704;-0.005477920483760432
-0.008572029741827109;-0.015374561200836348
-0.0038209607000418743;-0.021481874435982734
0.001612350651842667;-0.021320953607513987
0.008145274553501227;-0.01485827502729074
0.015067113447906259;-0.003999051019641513
0.020291695023550053;0.008601207819023378
0.021351657768433053;0.02028632602934407
0.017216576561853617;0.028367317442742433
0.009584011067962861;0.03027173293603632
0.0023419482506055363;0.02488698814334272
-0.0006973794461777525;0.014318713459659729
0.0018274055389825364;0.003770188342653443
0.008031006827760697;-0.0014529264754236351
0.013980466227305213;0.00037295294402870353
0.016003910368801874;0.006397648831907077
0.012674810185660747;0.011778344183312632
0.005334974597107153;0.013337192793077018
-0.0029786452033446543;0.011202889277269501
-0.009282719000860253;0.007658436718176684
-0.0119048143784776;0.00480331399627608
-0.010732786832550223;0.003033776273228162
-0.006752213770390005;0.0011856942777176104
-0.0014741307356647654;-0.0021026043987157693
0.003412426903045991;-0.0069133599148585596
0.0062846297582267435;-0.011545879308170713
0.006016535921399942;-0.013447785829148347
0.002570882792229221;-0.011023030486789183
-0.002728773455596178;-0.004991977355445182
-0.00769738410155646;0.001802435502678358
-0.010368536229939123;0.006095812372954927
-0.009889503419483355;0.006226436417817234
-0.006640244301403809;0.003072569559291558
-0.0017040337710545403;-0.000716747694264983
0.003721397369082644;-0.0025944164177407105
0.008576850468322907;-0.001704966715939153
0.011947685239383308;0.0008883933527575764
0.013137691519838086;0.003245429037681491
0.011959509142929824;0.003825354746807655
0.00905486457487591;0.002126690210643225
0.005838751146908892;-0.0012998423082067258
0.0038190960981274932;-0.005027701166743188
0.003592660623919192;-0.007123081721847005
0.004290346992731985;-0.006067529251267463
0.004077459087079926;-0.0019852045274601437
0.0015144554938863067;0.0029449184904445434
-0.0032075214974388033;0.0057102050409663764
-0.008181634326889323;0.0046638379542839
-0.010982590149897884;0.000971924353374169
-0.010182203240735663;-0.0019561009813925893
-0.006019121957776403;-0.0007895260187949354
1.1006704146203816e-05;0.005215896341256947
0.005891038214949283;0.013310784533388645
0.009494303368777888;0.018788382946517312
0.008913301851522443;0.01816534036809566
0.0032347104852634744;0.011776761345490938
-0.006499946458508434;0.0035832369154635123
-0.017139484751068922;-0.0019352222870967185
-0.024629864556482618;-0.003252228278257876
-0.025969853751987355;-0.0025753658518085747
-0.02065856458063021;-0.0033898152964729786
-0.010770738634953416;-0.00721915914045572
0.0002671589894987526;-0.012441361320417555
0.009355642079020824;-0.01579104280089503
0.014845655644780633;-0.014960599010959509
0.0166180681365694;-0.010253637487201884
0.015439370381689374;-0.0042705412538456685
0.012311731448120648;-5.643235062978348e-05
0.008224551193110679;0.0008725383402753624
0.004159968415857088;-0.0007526471802354921
0.00102249638555888;-0.0028456156107052183
-0.000605841914233192;-0.0036061484221570623
-0.0007206081636645669;-0.002632308480305348
5.454781470572708e-05;-0.000870586457552657
0.0007017274294949401;0.00023288368472222778
0.00021623138656365286;-0.0004026879838969156
-0.0020207714301052867;-0.003065993446026392
-0.0060381139012927005;-0.007216609209764034
-0.011225062740368257;-0.011626275610285963
-0.01638222254608476;-0.014646061949029806
-0.019917862208776393;-0.014705413169963735
-0.020306993678186218;-0.011059783373162236
-0.01679010300004406;-0.004463675907110646
-0.009966115592977257;0.00285029596266647
-0.001771719659088107;0.008269493769518682
0.005329915785811314;0.01044776408421309
0.009500773281279044;0.010155315098626735
0.010277499424236732;0.00938771039865048
0.008517373484228121;0.009374615746149225
0.005733323194728922;0.00932849960260346
0.00331359271439957;0.007152359173878488
0.0020035302545173502;0.0014205827338606932
0.0017621674285892078;-0.007191933711457793
0.00195504751327108;-0.01612685365463765
0.001790865068248777;-0.02236478692139656
0.000825127793855386;-0.023900514759083516
-0.0007332335614408633;-0.020509261264599003
-0.0021061005896902455;-0.013674756131460976
-0.002358205585510827;-0.0058630485868353495
-0.0008593180320445163;0.0004794172961064366
0.002432078313795598;0.0036825288381294187
0.006888395880119661;0.0031546705149278257
0.011293384395277007;-0.00041385404036185303
0.014128084461511217;-0.004754906157035018
0.014068474808622613;-0.006344959637353184
0.01050336793719343;-0.0021385262387235413
0.0038564502724602314;0.008010250270234807
-0.004335956046067079;0.020352573613279214
-0.011668284672836511;0.02897283276690945
-0.015647362284559603;0.02914453438651039
-0.014915367139846217;0.019908889420928402
-0.010159805542014101;0.0044024010203162515
-0.0038635556300068387;-0.011801122713058654
0.0011074129090522552;-0.023195060930330844
0.0031017743405057537;-0.026602928705185186
0.0023764916646649135;-0.022333780833443007
0.000582271803370069;-0.013646831612550127
-0.0004230527931945911;-0.004718093958734672
0.0003468046755176166;0.0016408114906436536
0.0025618909612571106;0.00496925777572171
0.004904326717306186;0.006336344078536982
0.0059305794936336245;0.006698417240036792
0.0049421152214224485;0.005992658502891106
0.0023423128588557353;0.0036832402967538814
-0.0006969639810307988;4.5486042144589215e-05
-0.0030006955384563466;-0.0032437369102729834
-0.004089322221879825;-0.003996067590734155
-0.004366929690520274;-0.0012441382000322131
-0.004685030811718305;0.003707966850513737
-0.005617058056624716;0.007938317373891918
-0.007003387512164037;0.008830477075314622
-0.008078562521532183;0.005768158363430965
-0.007986806051806373;0.00037964480952621966
-0.006248374885835003;-0.004651802468619777
-0.0029682464472634376;-0.00719960015071765
0.001100794362810088;-0.006687241503889107
0.004589078688303027;-0.0040700218100868674
0.005887875465529397;-0.0010602487209745541
0.004045757023855809;0.0008150551059125394
-0.00027396141576848423;0.0007440766457115032
-0.004674524378481132;-0.00142158637201144
-0.006200094967479049;-0.005357886598816786
-0.0032378480481542607;-0.010039399092723679
0.0030916128238165632;-0.013298275789919442
0.009133406522905407;-0.012200506040664706
0.010717458399357317;-0.004834966296012553
0.006033267216713433;0.007540326697044467
-0.0025918591696534234;0.020152849525739362
-0.009686828674913439;0.027261748642188943
-0.010054850146013697;0.026003798110546546
-0.002142337205254084;0.018302191616230642
0.011027448424005576;0.009093602417282631
0.02366029426607622;0.0025309449897498075
0.030272954806483846;-0.0004374678157581139
0.02829973540063886;-0.0013634087110631177
0.019065023044993707;-0.0017694231996617394
0.00681905527842565;-0.0014279413968681814
-0.003513567452223741;0.0011717606309190863
-0.008562980511627072;0.006950510504047845
-0.007570898996480265;0.014780655350044067
-0.0020494558281681013;0.021616443311044436
0.005301426120595086;0.024005679275611425
0.011640501839458101;0.019919874418641813
0.01469124254685313;0.009900419734233497
0.013190642909361209;-0.002984821616102497
0.007157617101045211;-0.01437583781173713
-0.00210388223000668;-0.020551430587710515
-0.01235796147796028;-0.02012996048578124
-0.021072659697815004;-0.014594553741388289
-0.026125607176697502;-0.007332074141775599
-0.026362449314781;-0.0018015723936147124
-0.021871119553980727;7.078932505135297e-05
-0.013928338864590212;-0.0015194575012313861
-0.00465694498346442;-0.004749958782393772
0.003517648861798874;-0.007282946065805501
0.008519367588924123;-0.007404810375437525
0.009284055165794707;-0.0047226798482238805
0.006256116006999685;-0.00015018203660415423
0.0014177846495834544;0.004750926503901885
-0.002433015850869187;0.008602615475093932
-0.0030792448330987468;0.01064036593815403
-0.00026566293800070234;0.010620375174222468
0.003954392084120996;0.008676180891532116
0.006403810049741896;0.005515653962747157
0.004823586474256783;0.002583540536590023
-0.0006673702408080812;0.0014901797453419298
-0.007671468854793328;0.0028338888615326205
-0.012903317442144308;0.005525797904922647
-0.013809204773744437;0.00742330879994568
-0.009598399588252813;0.006747471163602874
-0.0015463349351686009;0.0030879019405637463
0.007336109270918639;-0.0024829207809256787
0.013347981384311789;-0.007768991460028773
0.013769309909974213;-0.010037286112916504
0.008380270737818742;-0.0071908486938511125
-0.0002726556043845819;0.0005375761774285182
-0.008212038440123541;0.009711710706062807
-0.012104502305525459;0.015130612981576697
-0.010764993207222323;0.013152341883462919
-0.005394581815207523;0.004373658038119565
0.0012611943449419728;-0.00660842224563022
0.006251074431302917;-0.01417152855072605
0.007710940604187777;-0.015072612020626671
0.005637695581176162;-0.009976838499644687
0.001763563256279058;-0.002483899644055155
-0.001478326076591571;0.003247004338716246
-0.002347873591980376;0.004632356217542368
-0.0007216086860660601;0.0015784153542606465
0.001988650112729644;-0.003875754731653395
0.00380574356758315;-0.008770462505509134
0.0034307015688373444;-0.010791270925690682
0.0010615548276791478;-0.00958282433157063
-0.0016833688436762278;-0.007056562451584969
-0.002767322623646007;-0.006152821098155288
-0.0010969876224499236;-0.00846253065851514
0.0026712847374413267;-0.012392493312653309
0.006456370827841709;-0.013790436075924156
0.007985511361053098;-0.009136760201633452
0.006141703839240427;0.0011482598133762177
0.0016170611212540978;0.01225367348054984
-0.003502227013276428;0.01798597780192046
-0.0069400448839468856;0.014934915313722711
-0.007442225401000417;0.004751511691590072
-0.005266343526687308;-0.006885254481982761
-0.0017921445150372247;-0.013750924712688992
0.0013295775729652746;-0.01272782602632935
0.0029331967948305004;-0.005380596109670445
0.002689826448167304;0.003415397819588799
0.0010452992041868143;0.00871739455063005
-0.0010999090255764045;0.008368262939815645
-0.0027770566832964953;0.0036877276643570737
-0.0032737682533080844;-0.002057849626391474
-0.0023683221045293083;-0.005974636694725211
-0.00045145271531329116;-0.007002293329639716
0.0015671749657341966;-0.0058193970111188355
0.002646305235583697;-0.0037046342456419083
0.0021570129324457016;-0.0014595318858818093
0.0002460422257451304;0.000822937077369897
-0.0022443528408360685;0.0032284727736337174
-0.004250072652422116;0.00547093101084072
-0.005038136434522374;0.006936661398850796
-0.00450921007020766;0.007209445303855212
-0.0031147617139209664;0.006441095141575744
-0.0015015123903040386;0.005179083198601897
-0.00014348888289980667;0.003907048468568109
0.0008095545846551037;0.0028092222262824534
0.0014148937821566556;0.001924710279067193
0.0017038930259046718;0.001398020244927063
0.0015720594150197185;0.0014444254899723102
0.0008928349233792208;0.0019685085088787034
-0.00029535999206841887;0.0021989433748342896
-0.0017555663535212557;0.0008461381499139912
-0.0032016661593338154;-0.003063902385028265
-0.004444756317012906;-0.00917136553683936
-0.0053906430726217555;-0.01545293211831859
-0.005964913635817858;-0.019112470895133026
-0.006118924182197813;-0.018264336229953115
-0.0058906037324878814;-0.01318990623317824
-0.005362156755732466;-0.006180534116049914
-0.004508879773656519;-0.00012452701538596278
-0.003129900444995327;0.003060831875039108
-0.0009826858664632484;0.0031544023875454265
0.0019739439376085534;0.00135439809791221
0.005400063836897841;-0.0005137131537627708
0.008564283438178302;-0.0008190851668381908
0.01055453883402237;0.0012200065224185564
0.010687771471600343;0.005187113623797747
0.008925252415194347;0.009673126311558745
0.00599383654337505;0.013086526211596805
0.003074585998984026;0.014570408302506764
0.0012349764441810154;0.014297507293790227
0.0009452777954191445;0.012942812294273576
0.001924435239595546;0.010897878342522824
0.003338370652424808;0.007968122667947058
0.00419236785567965;0.003772785450561056
0.003718893413115386;-0.001569708364752853
0.0016519221724051313;-0.007083864105537181
-0.001642285471074248;-0.011217695040497945
-0.005248816054289311;-0.01261319022258767
-0.008104338926379838;-0.010910499110690529
-0.009618923222515431;-0.007057701120761234
-0.01010570871520987;-0.0028226301235496683
-0.010592112675807019;0.00023897726836607662
-0.012041511679099615;0.001583991789069012
-0.014534130488659666;0.0016267142097785869
-0.017039628967061366;0.001043326745672379
-0.017997088255128833;0.0002708213495147976
-0.016339393937587286;-0.0003619810588945326
-0.012254957661989824;-0.00036602520737267396
-0.007105592652554404;0.0006292376567550393
-0.0024906512308016234;0.002230776561446074
0.0009015730869736274;0.0031805419350379328
0.0038095841430491216;0.0022268208200229398
0.007873298602714459;-0.000743742197500748
0.014379790088998366;-0.004402604103381787
0.02305603000643985;-0.0068121462120391985
0.03167858789439256;-0.006757616765292553
0.036918257262443493;-0.004703202438159527
0.03618682171282178;-0.0027735711451879956
0.02939780628890478;-0.0035158671511273383
0.019253999666120777;-0.007809762150875743
0.009690628986517204;-0.013298735815124058
0.0036413424552195605;-0.01513631113316492
0.0017105840095999834;-0.0093897840838792
0.002413576347751362;0.0032330750552680013
0.003532499933947827;0.01678148934620446
0.003578276832342492;0.02376704253201783
0.002422673248295473;0.020531424409222863
0.0008423083236262038;0.009986047736133699
-0.00042532366607663213;-0.00043265135805967966
-0.0012362056906243231;-0.0039052677300635487
-0.0018529159866288853;0.0013998397528341778
-0.0023918561616086418;0.011602829760702123
-0.002524038190695287;0.020031543439780433
-0.0017284854938208756;0.02145930602184506
9.4916519930855e-05;0.014953162667447784
0.0021690781986289857;0.00389136391622978
0.0030432938106239927;-0.006436717387692003
0.0015072470643474932;-0.011885959503889149
-0.002404648622250922;-0.01130779050789645
-0.007170102171087892;-0.006423258864324487
-0.010579390050848852;-0.00028460006514114826
-0.011013158299414356;0.004444543598470283
-0.008313857221779311;0.006420743093822533
-0.0037646375531999337;0.005584602595937529
0.0006588389044054035;0.00266944774778402
0.003205431853220728;-0.0011623215544401676
0.0029504549759499926;-0.004502158818200293
-9.895503918836035e-06;-0.0060597859348504425
-0.0045790256919375;-0.005290230294534845
-0.008828692499159832;-0.0027967360864426007
-0.010538503100898305;-2.1987659333996015e-05
-0.008234566842500846;0.0016023420125888877
-0.002295505065507901;0.0013484347954289516
0.004738250893826973;-0.0007270659839689655
0.009197512213690385;-0.004069477722913628
0.008219728555119718;-0.007776048853725047
0.0013454131989028277;-0.010563184087846672
-0.00923864463495551;-0.010974912921047115
-0.019736749227704305;-0.0081059550759644
-0.02620358408485869;-0.002528632150354086
-0.02583081059357981;0.0033702052198547427
-0.018064949529244402;0.006382676848901358
-0.00537038133350384;0.004649099170567339
0.007199278856181927;-0.00048109173413144184
0.014149529662580849;-0.004748273872480631
0.012468610710956634;-0.0037943660259895378
0.0033566113016082234;0.0034032101413888904
-0.008488144641011414;0.013176466896605149
-0.01747009707513356;0.019133900460091374
-0.01983968461523683;0.016220911406436188
-0.01508820342611737;0.004107759561183888
-0.005620172989527371;-0.012388505772879676
0.00471499362704257;-0.026069117562865587
0.012328788245871577;-0.031391401081019274
0.015139968415365286;-0.027172798693758847
0.013078310031405922;-0.016478348814231738
0.00786294731037833;-0.004223620725968117
0.0021812329710471532;0.005580443889258634
-0.0014911758493706695;0.011197987950925288
-0.0019783431389390994;0.012822155053436542
0.0001512238281891765;0.011528862760046258
0.0030829798446480807;0.008705531404230738
0.0049173429751496675;0.0060843555500481195
0.0047297242353454335;0.005498559160705545
0.0028802242403996917;0.007806641711116114
0.0005493543429782731;0.011792817005442886
-0.0010251992648053602;0.014468682727085704
-0.0011381071556095471;0.013031909036619146
0.000160880017785215;0.006980275599703219
0.002186755278387018;-0.001413089197423532
0.003980434960721918;-0.008550110613346082
0.004779684855218682;-0.011584383748381753
0.004405249607417506;-0.009684817365014574
0.0033189447021692345;-0.004057429052599936
0.002236555424422969;0.002815733141414758
0.0015245909305432966;0.008146680017275044
0.0008923847358773896;0.009767512266994838
-0.0002921194199442842;0.00690677194787521
-0.0023421254328317397;0.0005442127121854774
-0.0049080954420779935;-0.006971050802669972
-0.007253133387828754;-0.012932707760897342
-0.008760167223416625;-0.01532954958020635
-0.009124935951912536;-0.013435935160220451
-0.008205469528153422;-0.007933628460867514
-0.005938424252518464;-0.0007216671876534043
-0.002529139740424096;0.005675986772493355
0.0013561259967027352;0.009162672495297175
0.004747659564117349;0.00911100717077852
0.006863117738426053;0.0065925729073107505
0.007556285683690587;0.0034597877260026753
0.0073312977372608345;0.0009225361080411529
0.006868130061702173;-0.0011894022338111206
0.006446788285258657;-0.003839499650302138
0.005785930768389691;-0.007437167717538094
0.004430747451299532;-0.010957278012083599
0.002292791677606203;-0.01232011695717909
-0.00015634746201198817;-0.009821270279227756
-0.0021253119430012547;-0.0036088309230211117
-0.0028859786638214886;0.003932724282889502
-0.0020562654744376596;0.00937691978072844
0.00024119785009546116;0.010361957602102595
0.0033405679322889843;0.007138584834662375
0.006180269477396354;0.002365010569146908
0.007649119917037738;-0.0008125325521734179
0.007018776320985776;-0.0010492405403310023
0.0042816623798798085;0.0002751721863027839
0.00021551824387352076;0.000274156404922687
-0.003911139318218047;-0.0030031006165163383
-0.006873242028334286;-0.00881912480974994
-0.007964865240361139;-0.014025487233138375
-0.0071685631797417295;-0.015142296102604957
-0.005022764195186728;-0.010777296180155004
-0.0023678382910970234;-0.0027739234537240026
-8.539126374851402e-05;0.004703614104898107
0.0011849673367656532;0.007661337613272944
0.001320868693201457;0.004784758926695639
0.0008061453992177489;-0.001713619815642698
0.00047552442687722314;-0.0075007809375153165
0.0009916006876825266;-0.008800255003866348
0.0023495023105669028;-0.004538403597868376
0.003731565874786518;0.003298621874088008
0.0038834479703703014;0.011059793332803798
0.001909965588554821;0.015558374565075821
-0.001933965186369679;0.01571372085356776
-0.006054056108016845;0.012865855545984064
-0.00828637899437872;0.0096387201658292
-0.0073098818795743654;0.008060027262080459
-0.00373253635838216;0.008184626906576082
8.582308992480656e-05;0.008243779438412637
0.0015302449577497747;0.006255025365693779
-0.0004608542210127234;0.0017488060653011396
-0.004592727729691581;-0.003944118624161389
-0.007995860493288303;-0.009012354178103827
-0.008043014201493334;-0.012587167954037614
-0.004030738847043857;-0.014756202647857307
0.002286363285304152;-0.01539280115809685
0.007674501589294714;-0.013480324746821355
0.009455278406273864;-0.008064485936819797
0.007390998205857982;9.225778492913567e-06
0.004027799474066298;0.007661610342639566
0.002979530039041624;0.011544811167700394
0.006247113102032005;0.010976017014845926
0.012602599873760398;0.008941946684898948
0.018262926618417538;0.009797828431256594
0.01929227166148456;0.015479064534731083
0.014054039978960958;0.023536420320799466
0.004209814545427501;0.028619233544476333
-0.006251281508179452;0.026067527083313988
-0.013285415824955625;0.014911677255093774
-0.014911453892500662;-0.0013993475347178937
-0.011904935044466257;-0.01654302819092115
-0.00688688183887116;-0.024350733617859097
-0.0026648451185172493;-0.022099344125104118
-0.0008799745259028596;-0.012208864410041874
-0.0015390680532366583;-0.0008381098017661947
-0.003456736715856989;0.005995879722030466
-0.005216968215463948;0.0060271132098252975
-0.006017802138622529;0.0015344884153069822
-0.005878066301750503;-0.0029041638940119604
-0.005185175063212411;-0.003744630297936202
-0.004069985749214552;-0.000556897780001621
-0.0021885982061742673;0.004239554767034132
0.0008761273456995128;0.007413102523311449
0.004901676875570583;0.007178534334118116
0.008621210043005416;0.0042195498610214386
0.010104965484020774;0.0009317237811208846
0.007823873132963588;-0.0004561302552531616
0.0017061801674886393;0.0005397020464921108
-0.006545299749409303;0.002496165578491785
-0.014085916151972694;0.003282135339138252
-0.0181314611524715;0.0015702281700365882
-0.01711008370969475;-0.002402610020962538
-0.011293091029502982;-0.00715181984109566
-0.0027482637420673207;-0.010924652039130893
0.005336307985291534;-0.01263921776291516
0.009860782410752758;-0.012242037562766579
0.009269368298112922;-0.010404598319599594
0.004546244088881742;-0.00796557013123615
-0.0010464621671612679;-0.005609458890856586
-0.003576481779813712;-0.0038574377674936104
-0.000538915431322971;-0.0030573783507581755
0.007659770058729503;-0.0031928343118342068
0.017497534999356554;-0.0037319904070302317
0.023610775863847976;-0.0037909575224091877
0.0213034543600932;-0.0025578606072451226
0.00927516028614533;0.0002434686524385836
-0.009104979969235176;0.00394480933004525
-0.02711888478097258;0.006753892937868241
-0.037998018400331963;0.0063145127230512434
-0.03813525067200064;0.001246551157649857
-0.02838009362942165;-0.007291298178666344
-0.013077182975132913;-0.015667146258392356
0.0022259247523729237;-0.019898955177588655
0.013147553816002255;-0.018222167115878107
0.017949220320959733;-0.012028369108731791
0.017664557478439168;-0.004636961384424534
0.015031042080521608;0.0009259313903721286
0.012865290031275714;0.003562124933795771
0.01265600427279152;0.004303351498551791
0.01396811941546771;0.005201071089702078
0.014908574097095836;0.007691760509760137
0.0134169652446935;0.01148104007895189
0.008639263722017856;0.014714557280565707
0.001517803661166388;0.01533821536453107
-0.005759698768400244;0.012611281784122153
-0.010999154809678224;0.007615775846360503
-0.013054625840716264;0.002474303145919616
-0.012113897394900165;-0.0010182091222483087
-0.00925905426904508;-0.002360755352718274
-0.005756897696165996;-0.0023684502764907975
-0.002527665438343919;-0.002382657379760044
2.111745144285718e-05;-0.0032499582733350454
0.0018701021969417192;-0.004714603131115149
0.0031553121116527395;-0.005594380274899691
0.003974282939381221;-0.004624701459898147
0.0043008890732534645;-0.0014125483180085637
0.004028738691072444;0.0031488892128652742
0.0031181610548489847;0.0072893408277073125
0.0017349179737436759;0.009300090731690573
0.0002143754353210121;0.008368179657063107
-0.0011759308990881674;0.004860176736096203
-0.0024257353081261904;9.379844239020574e-05
-0.003634162267074477;-0.004127868231121273
-0.004629735492911657;-0.00611332214262881
-0.0048520809213190965;-0.0050166245495548
-0.003777921535347191;-0.0014069213685135046
-0.001523532232516009;0.0029227156383357772
0.0010210015884738121;0.006070235081804483
0.002710465982362954;0.007261148661474219
0.0028692914540967766;0.0070751532677207725
0.0016575175907492072;0.006477754632782663
-0.00010299963346839827;0.005720132521886338
-0.0014226191207171314;0.004225755449087253
-0.0016217594178197872;0.001418372992325667
-0.0005688860723436747;-0.0024690356108219166
0.0013623843389125535;-0.00629869382334101
0.00351635651988479;-0.008557212846069922
0.005214187438117495;-0.008109333582168917
0.005950962428096263;-0.0048854708997225485
0.005504602321629605;-0.00018115671009714642
0.003960181536708817;0.0038179365914425838
0.001639627649056444;0.005245345958067197
-0.0010564042973699945;0.003729470174485432
-0.0038020016838753927;0.0005941474665812127
-0.006357815150981523;-0.0021312966721806536
-0.00843553095777434;-0.0031327045825870377
-0.00961683894222307;-0.0025726169284662607
-0.009523561077546264;-0.0016833733290886473
-0.008144681593164926;-0.0016397266652160107
-0.005973801692996128;-0.002659185414956421
-0.0037387698069026943;-0.003952230927464831
-0.0019214821727207706;-0.004404987320086679
-0.0005165309424465149;-0.0033930048635907283
0.0007400401940401076;-0.0011642237166471245
0.0019207744818032222;0.0013778322445143554
0.0027208383125150093;0.003235090848462647
0.0027544378586616737;0.0037989797199042244
0.0020509435342997025;0.0030185116474469205
0.0012394466833205533;0.0013282283585197383
0.0011764648326890465;-0.0004750962187849136
0.0022760130503342696;-0.0013971084128921768
0.004092158829105748;-0.0006174225213925872
0.005534363367401966;0.0019396805492206681
0.005593805262031213;0.005251567437353043
0.004035985648286455;0.007575280411928526
0.001551009784466899;0.00755133650332403
-0.0006900964545928108;0.005284749460160759
-0.0016972232088260015;0.0024390979712414023
-0.0011206412579652682;0.0010345581862033955
0.0006610217113803602;0.001740011843054341
0.002739328125802702;0.003076242342129776
0.003988076649768358;0.0024100576520727267
0.00339880082311672;-0.0018191456201493215
0.0004867051623322216;-0.00833714225961461
-0.004205209338229693;-0.013239978649114267
-0.008741892900942419;-0.012316031357263793
-0.010067997346417827;-0.0041576096941488005
-0.0052540547516264045;0.00801904507362545
0.0066064790249159506;0.017569030888783387
0.02291463477115985;0.018626232887345894
0.0377367153850572;0.010669160315038981
0.0441216281510752;-0.0005741508246339667
0.03766873349490463;-0.007502605739076722
0.019272482572440377;-0.006914883206363838
-0.004908370610226573;-0.002346889594903296
-0.026424475326893886;-0.00016778187942432233
-0.038531648916737216;-0.0033736386995692966
-0.03885763176377117;-0.009203463120153771
-0.02969652389102425;-0.012462810135976946
-0.016303907428391027;-0.010627639398291573
-0.0042184843339363775;-0.0056297695353782415
0.003141120279580295;-0.0012774892201674957
0.005489555427641648;0.00038352298973999744
0.00494607029603923;0.00017019293369829143
0.004241221548151136;-8.584727810552104e-05
0.005030532012768081;9.06776677930748e-05
0.007172023939171871;-0.0007180969360785466
0.009114387105960173;-0.004333804009865877
0.008963185835026703;-0.011071789649356605
0.005585530226539481;-0.019023390108456176
-0.0007549649375657704;-0.02492741374757694
-0.008441736308469847;-0.02591463978225253
-0.015137573968211773;-0.021048564779043395
-0.018703863962793076;-0.01185244586960784
-0.018017334352827825;-0.0016040440731487256
-0.013355834462076804;0.006171585299155389
-0.006214632766745635;0.009196917196003754
0.0013348777897288398;0.007233068395372191
0.007427720913254677;0.0019687995116182432
0.010968343342245005;-0.003760912559476078
0.011761106600789837;-0.007082043429504825
0.010250300197599054;-0.006224872951672346
0.007135231252326798;-0.0013683548502981646
0.003171981722979234;0.005287090859841165
-0.0007468051508525897;0.010568820402105076
-0.0035056451906298604;0.012196196014486587
-0.0040789941204092805;0.010309880990766206
-0.0022621558496896117;0.00739254891847232
0.000805427029279043;0.006400224754817807
0.003088025165162365;0.008451385869533954
0.0030456177235108186;0.011890443945332247
0.0008940726575836114;0.013434268624218024
-0.0014305789241757319;0.010527911272054187
-0.001624927794555127;0.0033178141556404004
0.0014562204082050859;-0.005013865017206648
0.007181852295458366;-0.009918330777068912
0.01351094294865893;-0.008350737876780768
0.017780418121018843;-0.0010039543006641427
0.017590211559284665;0.007914435532892854
0.011813828761251581;0.013548930952437732
0.001489563764643113;0.013819801540138767
-0.010158719158126286;0.010548381669798945
-0.019063631704678785;0.007333787414682273
-0.02238870123981553;0.006242634525240167
-0.019910306591044303;0.00640422154723603
-0.013786843523436058;0.005506138436059885
-0.007056439299008541;0.002318184090492257
-0.0019864244206677763;-0.002196632612445701
0.0007678376304670949;-0.005795176577144133
0.0019350795815565943;-0.006687293793832112
0.0027267551877731312;-0.004668774015784623
0.003925005655237199;-0.0010981103907032725
0.00545589667840609;0.0020122622681023705
0.006563646570316862;0.0031543906935161932
0.006375224733841942;0.002089469138163124
0.004492316471497316;-0.00017165894708477127
0.0012838170033375852;-0.0021015872660348615
-0.0022588552976447202;-0.0025907469311215623
-0.004998920543867777;-0.0014850201868152146
-0.0061843175334201665;0.0005227614330743187
-0.005737887322520368;0.002434920520156878
-0.004183638011120903;0.0035090064192095367
-0.002316154775558605;0.003533366928366108
-0.0008344206376321934;0.0027591472342003735
-0.0001090696207090388;0.0016291639643808622
-0.00013053931404233854;0.0005184801026664652
-0.0005960874074109645;-0.0003626031325579175
-0.0010661473705337978;-0.0008974170352513555
-0.001135707519904162;-0.0009409869741706024
-0.0005882002481132422;-0.00029007668815432135
0.0004998995860866097;0.0011914932883061052
0.0017529228721137743;0.003362581694568043
0.0026362180484164667;0.005682646565618353
0.002727515351603022;0.007334501582807758
0.0019861354127352995;0.007583026692332827
0.0008151058702300145;0.006152487144064897
-0.00018736975097347674;0.0033620262207325496
-0.0006421593066505166;-3.74865889350459e-05
-0.000655437295585208;-0.0031511939933455673
-0.0007267149668907703;-0.005193831877754143
-0.0013766414540548719;-0.005725508021788199
-0.0027752325807961073;-0.004891807926458588
-0.004621092137400734;-0.0034974903191393567
-0.006331893744121503;-0.0026934940996158653
-0.00740179449033629;-0.003330715060258028
-0.0076739697747528575;-0.005361689061588269
-0.007332662762627884;-0.0076965766505196235
-0.006625276029038515;-0.00864222554591788
-0.005554599744137935;-0.006752113073368383
-0.0038486278703323603;-0.0017412486244881842
-0.0013021470505454934;0.005010749757536041
0.0018003549904168528;0.010892472191699771
0.004648711419747876;0.013544784749605424
0.006398627585398322;0.012542333299285398
0.006774426568336643;0.009788778582406042
0.006227380772095793;0.007978334743843098
0.0055373940635123345;0.00831831913157191
0.005241962114135829;0.009566888977488601
0.005343805526100989;0.009225068052735251
0.005450135542456571;0.005711662166025478
0.0051617764161858495;-0.00036148486233034246
0.0043901176110867106;-0.0066513331049805075
0.003389791713281594;-0.010678580905955392
0.0025414527906657057;-0.011365069589860253
0.0020931751901847313;-0.009588588523784606
0.0020537917623488426;-0.007411827690187415
0.0022798192401741546;-0.006362515832681144
0.002647404671700634;-0.005935630207267851
0.003167729921975307;-0.003755920056392424
0.003966576825564971;0.002181105506663996
0.005093208205239829;0.010738590552442764
0.006201627498446367;0.017040962752037384
0.006365561346167165;0.015449396341930408
0.004384252238049477;0.004269340180594213
-0.0004321277157132233;-0.011862261891821574
-0.007543460565974668;-0.024457232053980052
-0.015131104831382417;-0.026842920946064015
-0.020826862920855938;-0.01850407763831926
-0.022788966909617157;-0.004877769525468242
-0.020523535826627286;0.0067280742323121605
-0.015032476298256428;0.011661450325189613
-0.008219359975007678;0.009880341505180908
-0.0018795937042940499;0.0047767791774534565
0.0031088002891246722;0.0003998390895607097
0.006854578422183253;-0.0009240000757808725
0.00977511826007167;0.0006428001941342917
0.011765605960812319;0.003302425858416969
0.011939244889657396;0.005105539583767728
0.009192529198000256;0.004893347462315089
0.0031780602887497107;0.002343429922594545
-0.005065681168334021;-0.0022673957271336326
-0.01331745895083798;-0.007964826899244645
-0.019084949932367375;-0.012882573975074302
-0.020653261990866086;-0.014738567128280942
-0.017712095477618046;-0.012193468634135837
-0.011336169515140219;-0.006186223597354471
-0.003449605678869482;0.00010839834127409765
0.0038948746260466724;0.0031277559970474622
0.009104707661148195;0.0013744796518910267
0.011360000983698555;-0.0034722586566228474
0.010671304027248396;-0.007761183764427013
0.007749190479886746;-0.008516120158333605
0.003741764157302029;-0.00554429317266522
-7.925655009714171e-05;-0.0014783765028122046
-0.0025798486780871295;0.0002322632167946219
-0.002906554230651423;-0.0020871925629781197
-0.0005421600559118975;-0.007005370453499787
0.004570064029406239;-0.010865784525014487
0.01167783959470353;-0.010329333949951808
0.018844403953380467;-0.004887601564082416
0.02323475707257021;0.00238610219501024
0.02254632706346131;0.006477684791196063
0.016829483151768933;0.0035843002961353826
0.008974506289081353;-0.006070576620020863
0.0030258179495589953;-0.017596436127162475
0.0015260079524067917;-0.023815116750051355
0.0039695437669665275;-0.01969262161039143
0.00741441461472662;-0.006058927458355454
0.00867847874751267;0.010296841922061307
0.0065594952314755465;0.020715030587244044
0.002549974429658802;0.020204393626607732
-0.00042624996404002936;0.010436039191846236
-0.0002622763017022089;-0.001785009826353589
0.002824440189092452;-0.009123207355589247
0.006604409450258108;-0.008016459601040768
0.008553213693131358;-5.641553261617709e-05
0.007507575486143747;0.009832660543706628
0.004077808169843378;0.016712353847404354
-0.00015415106329754152;0.01830512760841692
-0.0037212717779296564;0.015739300304598955
-0.005832743408017943;0.012286349433031942
-0.006335356015270285;0.010981035303449078
-0.005496483240480066;0.012557077908799286
-0.0039014794386035235;0.015028033968365192
-0.0023614424130657713;0.015272263767986549
-0.0016379762134401566;0.011496616733592448
-0.002066878690605176;0.004644271954092168
-0.0033628891286975483;-0.002327157096647987
-0.004779522303626702;-0.006512430714437033
-0.005559652890798584;-0.006722018662743715
-0.005411446539051351;-0.0037731260897111984
-0.0046528486924831605;0.00022064148863719157
-0.003847440177482863;0.0028278543162460926
-0.0032086593675497216;0.002340420193513706
-0.0023644064481001805;-0.001187704459660791
-0.0008298020825525685;-0.005558931328316299
0.0011413986775443362;-0.007517576077982234
0.002170744802876196;-0.0050031578380571665
0.0004659984291790832;0.0010944728082189726
-0.0047014789307221454;0.0072437085771391
-0.011991130279045642;0.009527763565127727
-0.01848826874773818;0.00618879852540537
-0.021402291818383094;-0.001248556408864325
-0.01960016252184849;-0.00886799669002841
-0.013949642998946705;-0.012652288347274668
-0.006655036796048919;-0.010846839010626835
-0.0003578364603372388;-0.004974992995562221
0.002678123367914031;0.0012626123269738959
0.0014301403692541586;0.004605732420774267
-0.0031879284318879525;0.004485475123598453
-0.008506633112314596;0.0030921456568357725
-0.01145097844649468;0.003190607758384461
-0.01026841611133723;0.005608257797162141
-0.005370584426445006;0.008583190129584464
0.0012472950299672583;0.009373476696111025
0.007402109304563059;0.006545746125719767
0.011843426926047314;0.0010771770079418051
0.014434893748948584;-0.004308524445699867
0.015556801240467575;-0.0068364484801334965
0.015441340118253204;-0.005294158513888534
0.014030021063354959;-0.0007509329409158103
0.011323692063738799;0.00397718328902897
0.007729238082347778;0.005927906898233906
0.004019495465113561;0.003816745564925639
0.0009687459849393178;-0.0010832580321239803
-0.00100137506577441;-0.005701936226657695
-0.0019111929563418871;-0.007174515105370138
-0.0020468116738028433;-0.004750386297829807
-0.0017137320201149342;-0.0002551628721702878
-0.0011243934076498089;0.00321694596523624
-0.000437529501320752;0.0033979197432806203
0.00022587043347246875;0.0002528190014596978
0.000898784607766395;-0.004147248818032596
0.0018468839134866326;-0.00706542999492238
0.003359315180182921;-0.006883512924746926
0.005322491619688698;-0.004094572352785879
0.007001095085906831;-0.0008499336848312128
0.0073533831145762415;0.0005850189277452277
0.005713606095390526;-0.0007262271419038138
0.0023073801677273367;-0.004071315396013612
-0.0018078632888716313;-0.007832818280435264
-0.005328521306926593;-0.010372541232824009
-0.007404420829801449;-0.010386032786696251
-0.008008844493939037;-0.007020088772408324
-0.007792207742606301;-0.00043904782198455727
-0.007582367306946554;0.007297070449914146
-0.007887632717135547;0.012318073560842895
-0.008665628728949855;0.011038368179644856
-0.009404262037185543;0.0032476236593549975
-0.009446683034588918;-0.006666094302752152
-0.008422826480852501;-0.012202803540918667
-0.006515339748960356;-0.009334957752023415
-0.004300700296552049;0.0006035390859489558
-0.002253349233331091;0.011971506193297198
-0.0003669280787780705;0.018606462998034035
0.0017236537611994365;0.01733326956887582
0.004213291347101981;0.009177504372731906
0.006696067945929621;-0.0017625255136223918
0.008274925884561708;-0.010709489773723413
0.008156889172117265;-0.01460756367844853
0.006228012110298841;-0.01342254473399999
0.003141394732448306;-0.009687236460464295
-9.994163671249887e-05;-0.006581491220063816
-0.0026931372100223493;-0.00582395713532488
-0.004327099626400209;-0.006803408598035069
-0.005098275720136016;-0.007445302159828654
-0.005214315676108392;-0.00605883978319328
-0.004732852228215015;-0.0027878645435751217
-0.003487150728258809;0.0003717215943832516
-0.001221900342614833;0.0009987850716724617
0.002116563901889314;-0.0019270293390111983
0.00606440155522538;-0.007138405838025248
0.009523969773011138;-0.011733856816029732
0.011063008482993849;-0.012866444332090943
0.009599534104071923;-0.009373762709700712
0.005105478954400505;-0.002420687174785004
-0.00114461813273594;0.005142268783290811
-0.0070070716492714215;0.01026265295527225
-0.010409166240981656;0.011132518643109645
-0.01033401724730646;0.007881461306085618
-0.0073323658740956435;0.0023499124010411786
-0.0032242211160448714;-0.002782323046386576
-6.848227945382534e-05;-0.0050812881410946965
0.0010168147587251975;-0.0032509050168861796
0.00039192486485281153;0.00241100182691166
-0.0006001434984711935;0.01003194223082432
-0.0007486312699317826;0.016687744036176275
0.0002190216871036252;0.01953481297142298
0.0017601679444580371;0.017328529377475657
0.003296905993341272;0.011395708158258439
0.004795638331649729;0.0050291365190556145
0.006606784389493267;0.0014541162866041138
0.008817209363867375;0.001934754181485638
0.010778811835709147;0.0054842341523587065
0.011287125155945635;0.009970598348210376
0.00940137250060092;0.013163214643630499
0.005352003196188114;0.012994838636363387
0.0007169685044757946;0.007935833969897688
-0.002458818829027241;-0.0016163472753240402
-0.002956549146109643;-0.012026436057616559
-0.0010766877401698325;-0.01748912944216832
0.0016590813367839121;-0.013843039825178868
0.0034210431556842176;-0.002216862544032675
0.0030145779961137957;0.011009622256694628
0.00041472652365029546;0.01833147943658124
-0.003340812867820027;0.016121544038914744
-0.006809783807752569;0.006702964232842877
-0.008905490899897754;-0.003707382376400512
-0.009258623262873808;-0.009223943041152751
-0.008045456626589556;-0.007596738515137766
-0.00559892151940779;-0.0007790431055906635
-0.0022342419472652897;0.0069515483453151256
0.0015835631313179874;0.011732165662240921
0.005003477175898083;0.012080653585069635
0.006869374320334373;0.009215065820714817
0.006236947425665524;0.005848046066320392
0.0030358473550963876;0.0043252576430013985
-0.0016160167072269498;0.0051770165227895786
-0.005751589489333001;0.006845381082031964
-0.007421179587338823;0.006752931214908849
-0.0056284915312156064;0.003157252304469334
-0.0008655575096859323;-0.003352471573263522
0.004992998911147702;-0.00983596939066104
0.009401422559908997;-0.012693923706448711
0.010196918002150496;-0.010062157095329767
0.006572643376856739;-0.0032715779107638596
-0.00046072086688906354;0.0037183568520292912
-0.008355251575678966;0.006658431606113404
-0.013981985240513082;0.0036637306210172992
-0.014944986842596868;-0.0035484957826839017
-0.010744036403135149;-0.010737094284026175
-0.0031786831036489096;-0.013910513471541848
0.004411202411181356;-0.011884644212262407
0.00884792686510443;-0.006753003598316466
0.008831012082976363;-0.002009314669438461
0.00558058149744808;6.552042644322796e-05
0.0020123245621177666;-0.0002774611562385153
0.0010504070542296912;-0.001001553504311307
0.004106153565155019;-0.00025687990311894
0.010357790871013019;0.0019766445298140265
0.016931977309183506;0.003736462177982072
0.019945776454494656;0.0025329794772075745
0.016272568933106413;-0.0025613020780268
0.005384077281905715;-0.009741778832335048
-0.009872486257659742;-0.01532526116820252
-0.024313665227815928;-0.016220826901445995
-0.03280447500499776;-0.012089549099038845
-0.032574309986045505;-0.0053484130206543365
-0.024219330860058348;0.0008702483733754686
-0.011097354864528113;0.004812682673524527
0.002314539000776185;0.0065085851044251845
0.01220604152485234;0.006678225603225422
0.016619603811445706;0.005662835744922401
0.0156983592358395;0.003402747687509386
0.01111900983871273;0.00013514905170618235
0.005149891365468819;-0.0031638759378161707
-0.00018114994876645117;-0.0051158795867869405
-0.0035243937343918084;-0.004785024979126241
-0.004269406106272986;-0.0023710285131703433
-0.002463211902652226;0.0007887317300380286
0.001216328931211017;0.00299540769030177
0.005483656513206296;0.0032672888687195205
0.00870476914330337;0.001953985182676395
0.009506201950861258;0.00041411920025027915
0.007473155888944985;-4.0844882967503906e-05
0.003427115346783653;0.000784963955057931
-0.0010235539614023997;0.0016536141836679553
-0.004417274483785177;0.000659065126128167
-0.0062124532065260035;-0.0032939724311023145
-0.00687682979135035;-0.009270174126522245
-0.0072905743138574255;-0.01434629608061228
-0.007936244177269422;-0.015211759271856334
-0.008467915212934456;-0.010542192246823796
-0.007997361196538625;-0.0025694811798232147
-0.0059286016636128916;0.0036276230166319627
-0.002683910522454563;0.0032552100683542556
0.00033816161032623304;-0.0045870269266879175
0.0015942669921735879;-0.01580516158239303
0.0003643286457612718;-0.023999011628559795
-0.0028233622532285833;-0.02486339419199126
-0.006484530012270026;-0.018670354732152613
-0.008915976011193675;-0.009134512140501665
-0.008981621292272993;-0.00022153678863068584
-0.006629697061825258;0.006219501251329869
-0.0029321414281120767;0.010535791889694019
0.0004457088812147422;0.013856858506678848
0.002185145286251752;0.016870088632822067
0.0021284646296524253;0.01955905288234193
0.0013345415830768356;0.021422856578877932
0.0012533744174854538;0.021589381914046964
0.002634021774881502;0.01900961980729607
0.004989345314295695;0.013145113949897268
0.006938199027343326;0.004815186340624623
0.007079585798934326;-0.0037172122687825545
0.004792624477752822;-0.009778523761137688
0.0005589060247753875;-0.011657375195353032
-0.00423556685273413;-0.009249338988859043
-0.007835674445626254;-0.003780189246699742
-0.008791471958799311;0.0027691759189348688
-0.006607829604338729;0.00813367557008703
-0.0021182365076564463;0.010362200595377253
0.0027428895937720928;0.00867865060842033
0.005848833209596137;0.004052515152712642
0.006028104575276194;-0.0012168716048158873
0.0037144076625176925;-0.004804165003779491
0.0006642383954987559;-0.005594376840582883
-0.001054192405438952;-0.003936267198737176
-0.00018552218022024148;-0.0008998092286596652
0.00306557184117306;0.0026294617039798376
0.007178137242156093;0.006217786446357972
0.01017623586384649;0.009493278387075517
0.01071277423462359;0.011737393030002248
0.0086963541039394;0.01200896550752374
0.005105621446423475;0.009748351627761805
0.0012701279800442803;0.0053436196675693175
-0.001752770385053709;0.00015696989298994533
-0.003340728941864005;-0.004107753654216509
-0.0031792314173130524;-0.006325013558837951
-0.0012138879823140375;-0.0064839893157484455
0.0022156567281207814;-0.005397496649919007
0.0062825047662790155;-0.0038729712052161885
0.009858413848028595;-0.0021964613668198265
0.011968518391533038;-0.0004334814401661708
0.012244979544740667;0.000959579049577646
0.01103730768934916;0.0011968803515186842
0.009055464797916645;0.00011303648567812662
0.00682962743991861;-0.0009993262549394609
0.004464404404639116;0.00011933127810519072
0.0018613553903232176;0.004865473962926452
-0.0009054842734523031;0.012080499220258542
-0.003493243462580633;0.018182916441784668
-0.0055530061022883255;0.01937060321307411
-0.007021179593872802;0.014311490882139198
-0.008067496308333148;0.005228705991604216
-0.008719103508665576;-0.003453501939754043
-0.008626923843758828;-0.0078839950566964
-0.007402939890387656;-0.007031249536818995
-0.005330505138232601;-0.0029640207269501897
-0.0036564395994212393;0.0008585689908905004
-0.0038604958686704145;0.001965948308793982
-0.006230520957060465;0.0002239754860826315
-0.008888132234520826;-0.002659881310731986
-0.008314755859965819;-0.004796998462838607
-0.001443159753981931;-0.00541092266810936
0.011805437380687726;-0.004772278164220468
0.027291188545902977;-0.003234386235274903
0.03805882398121396;-0.000751588874050342
0.038100511608520925;0.0023767912578743127
0.026204290178283997;0.0044371633052072606
0.007008496030011228;0.002643300260981657
-0.011682404122895364;-0.004591346514357049
-0.02331565810572767;-0.015266746732578091
-0.025660201051123006;-0.023985267359707872
-0.020951968797504432;-0.025365280608891805
-0.01371304367675999;-0.018147163056457076
-0.007951993687504957;-0.006477468894988862
-0.005324600503040974;0.002827790424033297
-0.004992268111180625;0.00489507430936236
-0.004879378664112037;-0.00021024260695648886
-0.0033208275385607933;-0.008038496924407907
-8.020489144459678e-05;-0.012996078661010366
0.0036817890516748024;-0.011735829328270676
0.006220221507359244;-0.004611989748397571
0.006218268802364627;0.005187809410329926
0.0034963320032926014;0.01376821495174192
-0.0008678714170855817;0.01843515020544351
-0.005061374623706148;0.018471682413484465
-0.007466948666697554;0.014848919394109978
-0.007504160909067337;0.009563935403037835
-0.005868423432333066;0.005021918792544187
-0.0040005115614943415;0.0032330735222250943
-0.003117988436965087;0.0047116787602723585
-0.0034427066129168243;0.007836592664646818
-0.004137491711674529;0.009648718835591964
-0.003979265691154485;0.007875847861431385
-0.0022951100805386772;0.0026148805367066015
0.0004586436913055623;-0.0037487413848722815
0.002845204570379577;-0.008230445892009938
0.0032762382625611966;-0.009113729623165187
0.0010717576861748671;-0.006729240956437562
-0.0029270943547747372;-0.002923045215716017
-0.0067007867003216655;0.00019567870685409895
-0.00824990961122098;0.0014136829102318488
-0.0068869933736275275;0.0008447179090709875
-0.003697637980317848;-0.0005198306874833578
-0.0008154225621035714;-0.00168148426527797
-5.795282486823182e-05;-0.002223708499666952
-0.0019137746914846443;-0.002308836378009073
-0.005433179563604453;-0.0023593231010198747
-0.008779857630503006;-0.002863780753660767
-0.009935519185194277;-0.004397960548350883
-0.007412325635815812;-0.007509730562237606
-0.001030450654845177;-0.012104573230082055
0.007563719616090685;-0.01656282939499643
0.015282480230126811;-0.01758005046302934
0.019037570143523048;-0.011764591392046308
0.01742433520247833;0.0012878673325688937
0.011476777139629801;0.016806345733849686
0.0040227023856908755;0.026494736877367732
-0.0018095659728121524;0.024109620208526538
-0.004015423977403337;0.010691734716285393
-0.0024747462101487334;-0.005550761205260327
0.0011569177492710143;-0.015053264938174379
0.004377038726635886;-0.013532067249076702
0.005192377835602087;-0.004256689888570328
0.0031822248729913723;0.005087495084699394
-0.0003849291169544152;0.00795185214204378
-0.0034652028445162518;0.002948135440947388
-0.004547161468149437;-0.005901706179693107
-0.0034397641162840966;-0.012354629036708416
-0.0010896588691526067;-0.01224240080281802
0.00123424011950499;-0.006054831213531532
0.0026616895534788904;0.0017661120063821511
0.0029026976056564712;0.006127870685098906
0.002031928281304719;0.004691418482477728
0.00031135243307812613;-0.0010042807684578962
-0.0017647757031616159;-0.0071224030880110145
-0.0034520758543146795;-0.010243668191822422
-0.004072929589004858;-0.009262559846816112
-0.003565931703017526;-0.005563717772624851
-0.0027635417726404455;-0.001799860166793212
-0.0030035049702365813;-0.00020594441233091868
-0.00525635679841172;-0.0014049751646855629
-0.009405822967225278;-0.004264083294905245
-0.014181391526590856;-0.006713874082551855
-0.01772302416451048;-0.006939872627634875
-0.018415977111991663;-0.004335618769951622
-0.01562429762878624;0.00012150641604465909
-0.010018395262653551;0.004277765965639885
-0.003290934987917309;0.006069721088941929
0.0026242728216298;0.005104543015321561
0.006352022946097808;0.003259797681904519
0.007470152785918786;0.0033653640350407017
0.0064953051282854715;0.0067365247959710215
0.004660410866453982;0.011695035707014441
0.003489305359717921;0.014518475381455084
0.004098757391769233;0.012089308050208095
0.006520467982309693;0.0041639147815610835
0.009623765663968945;-0.006235576443224757
0.011844715875549186;-0.014359971931123367
0.012196788061742932;-0.01628270404606619
0.010802511217841137;-0.011164904170364271
0.008689837699314654;-0.0019187411363666303
0.007191757049045209;0.006385648026003545
0.007361741458821892;0.009562373934850684
0.00955647158245164;0.006780865806159974
0.013213363085183357;0.0007698838803185713
0.016888672615189098;-0.004216343970280753
0.01862665112105065;-0.005053748858802176
0.016667023878965313;-0.0012616843019842598
0.010346324979780094;0.0052517415492126145
0.0007847550898553599;0.011590131527691488
-0.009210913224749663;0.015349311531916167
-0.01630197000715068;0.015480467233178747
-0.01834057786855763;0.012438124524104104
-0.015549641939310818;0.007818334279302843
-0.010283263674335219;0.0036617904939484818
-0.005512484227753309;0.0015612069632610277
-0.003095085391876655;0.001862257323511926
-0.002944225647033771;0.0034050653677625492
-0.0034900562224537313;0.004122832716956242
-0.002969756094524229;0.0023382625743950764
-0.0006567754516226998;-0.001957031397604903
0.0026864893726849183;-0.006773542308212748
0.005311860436924516;-0.009226780352028677
0.005589053019734091;-0.0075194403473142985
0.003048899090566366;-0.002383380938902289
-0.0012638395996555278;0.0032295972533894204
-0.005345304657211353;0.0061003295946340606
-0.007323713645597433;0.004895356083314006
-0.006401867230946503;0.0009124406727418199
-0.0031575002316416136;-0.0030602483807870896
0.0008392776338189061;-0.004792253034153501
0.0037908264137474193;-0.003970492837209858
0.004436041986649325;-0.0019634839180028185
0.0025580105401563843;-0.000448149697721504
-0.0008300341351986728;-0.00017485065501381478
-0.0036265826939683504;-0.0007729866970008674
-0.003225830850764839;-0.0014640505801960014
0.0023388823217946075;-0.0018472494064952349
0.012955923053972467;-0.0020359026610067238
0.025545350215971825;-0.0021231109570164696
0.03473368511723892;-0.0016557456034339364
0.03539311319472267;0.00010477674108279241
0.025909890065001183;0.003124917760894702
0.009892291713658035;0.005855928636297045
-0.005441142121149474;0.006098198569556254
-0.013491549200538853;0.0032277298669190994
-0.01212649882562197;-0.0003894201799035264
-0.0044501425665009284;-0.0007730036145398581
0.003654911012762207;0.00423927159659189
0.007181853988596753;0.012620917807831575
0.00452001266586024;0.01920375969786901
-0.0023521466123371895;0.019315195617906473
-0.009648130395020115;0.01196129017332618
-0.014095744625954988;0.00028894902858435595
-0.01436907674365158;-0.010493655051821902
-0.011138606247584653;-0.01596794604110718
-0.006221269163485691;-0.01449461172060026
-0.00157709149851891;-0.007666865277411033
0.0014252941410187578;0.0006844870286967192
0.0023727092112006834;0.0064300270411985876
0.0017665165672393272;0.007193200405339285
0.0005876847324519642;0.0035091706984630828
-0.0003168727095614664;-0.0015882006892071398
-0.0006421017708927273;-0.0043829149376418425
-0.0005864525624075784;-0.002682627183107907
-0.0005131946693851981;0.0028437372903330226
-0.0006849792320985353;0.00896652084703674
-0.0012706347531451884;0.011723416268259335
-0.002476969204380435;0.008815257173144842
-0.004548829880564311;0.0011706441807451176
-0.007583090688138847;-0.00739684598665223
-0.011318626236899691;-0.012403492788978357
-0.0150563012132573;-0.011457572334933204
-0.017734679664703167;-0.005735495087706034
-0.01816075877881812;0.000866396035106976
-0.015451245930746942;0.004316443447486919
-0.009655576077270972;0.002944898025110539
-0.002242846425634584;-0.001816988261867342
0.004082483477242888;-0.006712368355241555
0.006525105776242264;-0.00875837390795024
0.0038347322927583397;-0.006722199279534217
-0.0027068296205725925;-0.0014239752131702788
-0.00984254711032424;0.0048005612112730165
-0.014152773505575405;0.009067573191493053
-0.013827146145280918;0.009191899778245366
-0.009310098410939226;0.004862283107048061
-0.002809088808082426;-0.002064060743741384
0.0026968678740521925;-0.008681788516050485
0.004568668372779543;-0.012904300114150403
0.0016769783847263736;-0.014562639007030148
-0.004743334843664171;-0.01490764376183564
-0.01129340310508068;-0.015229286594002798
-0.013956405756137843;-0.015927568240233326
-0.010247856947333807;-0.016501035305458666
-0.0006458246115568316;-0.01591400112373708
0.01158634716799833;-0.012933815011814101
0.02201758066257598;-0.006678025899581142
0.027112188819346555;0.00253140925694289
0.025658329234796433;0.012680860069378467
0.01899788813685855;0.02071138045164479
0.01013745245375437;0.024078569381898292
0.002267610782503873;0.022073175733248473
-0.0025935804640343572;0.015986251925357155
-0.004200653088409551;0.008240176981709282
-0.003704610476496787;0.0012404031518080606
-0.0026818089219758177;-0.0034783742516277414
-0.0022833579208022176;-0.005634930358804245
-0.002978082405107251;-0.006065987537173274
-0.004801419438914921;-0.006066065567822981
-0.0076735704683403745;-0.006425282318013167
-0.011448113118526077;-0.006681637013553667
-0.015705142545332493;-0.00516029540267028
-0.01956603516649471;-5.58277740732927e-05
-0.02179651166798941;0.008820976375316546
-0.021253663429267333;0.018740582441193806
-0.017483508457576298;0.02460835393898672
-0.011101108080496053;0.021911509639315197
-0.0036284922946832688;0.010480256345209285
0.003176208268021072;-0.004136470565678351
0.008052619193703855;-0.013644598928912385
0.010576298919675244;-0.012569003042015529
0.011037774307519874;-0.00208202082779904
0.010119069612481667;0.010878813580143367
0.00858204912978344;0.0183186644470114
0.0070022187607827946;0.01614650169621473
0.005560923069407438;0.006198643221760385
0.0040120475200247545;-0.005513043333176784
0.0019239998216467797;-0.012861950331198507
-0.0009113685066552003;-0.013344350660459605
-0.004205937845540402;-0.009167008268638832
-0.00728824907141781;-0.00512147117586235
-0.009550788472835156;-0.0049572510020150585
-0.010869653508127975;-0.008953683619325414
-0.011615280446590446;-0.014199426689402283
-0.012209506644481312;-0.016924257631468924
-0.012556719259244554;-0.015016612416268739
-0.011738251818384678;-0.009211066166194957
-0.00816936738554043;-0.002560351752440726
-0.0002625584305037136;0.001227360878965571
0.012463060182778301;-0.00036691679111932186
0.028195287260119224;-0.007450026355550583
0.04244611661052671;-0.017581910957156437
0.0494572581311309;-0.02685957885169588
0.04533751450510594;-0.03186657445185705
0.031037356074827365;-0.03144838748440444
0.012557908905451946;-0.026993812441394028
-0.0022866870012100762;-0.02084070068023813
-0.008261360564274818;-0.014172197195758329
-0.005133087939930152;-0.006481423876280731
0.0031149181714002325;0.002828794912112579
0.011222362542383967;0.01250964779327684
0.015694256602393045;0.019500065079686064
0.016186193170908574;0.02114841374787521
0.014659040309235155;0.01749753432752209
0.013260774314997677;0.011487308816796975
0.012682953822969007;0.0070098599318789
0.012096420256719564;0.006555054219746698
0.010330163883413172;0.010101275697541467
0.007060054274635661;0.015557882423411305
0.0030805379531912086;0.020029632475742454
-0.00031595527707597797;0.021102639976265176
-0.0022097477232777677;0.01774202270617311
-0.0025855718852486457;0.010641639013696478
-0.002287516146588153;0.0019441619822919817
-0.0024672465629166844;-0.005582469908644844
-0.0038510659597438004;-0.009569857019836089
-0.006296477203126858;-0.008878164807747734
-0.00893978197666178;-0.004035254028783045
-0.010806429981502205;0.0028016582346219194
-0.01142408130112656;0.008575981185010158
-0.011016111653388345;0.010827346542088705
-0.010215766033562213;0.009274642281102268
-0.009605702210859173;0.006168506615638538
-0.009413053416164456;0.0046855462841541365
-0.009418750733942079;0.00635582358966835
-0.008979876668610791;0.009708112039499768
-0.007203286690565177;0.011464294268193646
-0.003423943460346246;0.009282479386208986
0.0021064186924779683;0.003595872208788037
0.007833789283157679;-0.002920793535470825
0.011370430978824677;-0.0074183385821711655
0.010762626534879997;-0.008516692318401834
0.005719892822143923;-0.00654754509559079
-0.0021340368697599773;-0.00291686627863348
-0.010124634791604676;0.0005884780877133752
-0.01579307885237062;0.002351424375336281
-0.01784341323477767;0.0014340204679741569
-0.016580102528949137;-0.0020886718240793714
-0.013821452045674221;-0.007142036659758762
-0.012070913963980249;-0.01188745718126087
-0.01298938389103806;-0.014049410455970168
-0.01607557533625548;-0.011585679390546747
-0.0187819746394312;-0.003921566506477424
-0.018224354573591527;0.006894932884347811
-0.013146521885475522;0.016491964787109844
-0.004612895887485654;0.02051152472881635
0.004820696147730246;0.017557294130212373
0.012524132478814795;0.010305068711334797
0.01683915503656934;0.003716617151559386
0.017435993001901517;0.0017228400405616283
0.015130339256923009;0.0048185176036341934
0.011421847906215688;0.010076987977425159
0.007938586078838156;0.0133152783365844
0.00587367571941271;0.011853747305385947
0.005524026442618843;0.0061057233521291335
0.006162734951751033;-0.0009318747198362565
0.006454090235973061;-0.00581974326171836
0.005299776450588967;-0.006898352763757951
0.002603093253058257;-0.005059728637770384
-0.0006163199484748791;-0.0026731217403677407
-0.002877150657449503;-0.0016557707701957752
-0.0031962499196232213;-0.0022529768975995796
-0.0016856354737444447;-0.0034034182908810875
0.0005726529497696661;-0.004156162021227487
0.002214113735659327;-0.004690111576019405
0.002337793710788885;-0.005959596384793875
0.0008496994614390028;-0.008423339370864586
-0.0016768476545218677;-0.011237599394320098
-0.004332778849688055;-0.012788468089785477
-0.006124565080017539;-0.01209459517092599
-0.006204333950222131;-0.009746460653883291
-0.004268990123712055;-0.0074142453845908035
-0.0009958483785795125;-0.006236338970855357
0.0019845416289866083;-0.005522719993583646
0.002900381059714303;-0.003153604904697938
0.0010354792301107423;0.0023343414196280673
-0.002637238377869944;0.009728064800762496
-0.006011274269610138;0.015368484729628599
-0.007230764521124657;0.01595153574625496
-0.00587168517109842;0.011480467096571103
-0.0031317096213951037;0.005420495797795643
-0.0010138676597398206;0.0017952354396978435
-0.0010909456001761107;0.0019865320878682357
-0.0035838628385449333;0.0040329104067842155
-0.007251661509010601;0.004596243946195983
-0.010123509907938788;0.0015865603898324034
-0.010617759727611422;-0.004474548802741548
-0.008368886513547462;-0.010873199372029026
-0.004297432187818877;-0.014330616480076941
1.6633184399909664e-05;-0.012872214027691675
0.0031705199477496913;-0.006965203775409831
0.004485081341044597;0.0007151794955899276
0.0040683620363184065;0.006761499485520011
0.002524950562684893;0.008812944546939315
0.00058188812187509;0.006556632167222429
-0.001157119878060683;0.001525368193475021
-0.0022870893510259856;-0.003934988455623455
-0.0026007626485390445;-0.007826897290968228
-0.002112962670588989;-0.009244828294399177
-0.0011140490222142922;-0.008480610987494757
-0.00015520687595077878;-0.0065567439047056995
0.00013773734296897944;-0.004465648502727076
-0.0005925875020118974;-0.002528627159479992
-0.002125544824296077;-0.00028711100238411227
-0.003665704061996806;0.002905617733002085
-0.0042873507889699585;0.006932839707473025
-0.003570405089551842;0.010435947905492717
-0.0019035166976273431;0.011517734734719258
-0.00016032395983997112;0.009314402180299905
0.0009469305081322474;0.005040808657395175
0.0012488249933023342;0.0013362225648303225
0.0010158444708183248;0.0003367792489768651
0.0006664088477919912;0.0021856469734576325
0.0006122593773074249;0.005183045434878168
0.0012107370717457072;0.007119212844604306
0.002642538950415754;0.006489408506835087
0.004778782490139769;0.002983468965242187
0.007277321539777936;-0.0024294193800407657
0.009879174315363847;-0.007599093050316985
0.01249836381468889;-0.009845540932138902
0.014837633690334213;-0.007328578844569578
0.01590575382972892;-0.0003564418409489457
0.014175774431964439;0.008447599462655326
0.008630434046206606;0.015264571157323055
1.4776802697379065e-06;0.016645041063697904
-0.008932981829785648;0.010845035106002565
-0.014554179698166605;-0.001093175183943774
-0.014466564581371999;-0.01484412459631905
-0.00898794381786592;-0.02403641236223878
-0.0009980462414016272;-0.023650876786221017
0.005749916218490731;-0.013600671490934784
0.008710104411294509;0.0006667632508450449
0.00766724756377908;0.011599850079129328
0.004310972468666849;0.014528032019025378
0.000810095478587449;0.010349225502090319
-0.0014787489284501336;0.004088284611064864
-0.002377491645220521;0.000839429088008514
-0.002362160716306009;0.002320131923339031
-0.001808362301515746;0.006293418165458805
-0.0006901249316082106;0.008761837702715398
0.001104837309445376;0.007048843527399502
0.0032657188727499677;0.0016183253714558879
0.004938478878197857;-0.004443874449794915
0.005213917806766188;-0.007717331071130122
0.003866907949255269;-0.006755517433814871
0.0016947173726382678;-0.0027976874983119166
8.646910140804705e-05;0.0014157230946643061
0.00010377483166735503;0.0036269233630206407
0.0017719021807583823;0.0033406018681306363
0.0040902839285709555;0.001633196207141359
0.005682093895585165;-7.801463908295381e-05
0.00555137253670542;-0.0011562738226407545
0.0034466134687857726;-0.001932966534835366
-0.0002419382143521643;-0.003125282775807673
-0.004716487388916475;-0.005202802014537272
-0.008834494682039026;-0.008067737540260482
-0.011138056618390726;-0.010926222723827617
-0.010277223866932965;-0.012360060387057765
-0.005904724669794787;-0.010915691813561335
0.0006038266355617737;-0.006203999630639781
0.0064865930890170755;0.0002583597360650073
0.009121785659869127;0.00543987631747646
0.007717249581950446;0.00653512503033337
0.003784292696359242;0.002954014076274056
-5.717338982146639e-06;-0.0029343067138194495
-0.0015928881871937885;-0.006970102085377204
-0.0005635498026004893;-0.00565326694977991
0.0020009347020272356;0.0015611796676340448
0.004285898426051933;0.011525839372102654
0.004495828637317127;0.018880702162952533
0.001530164676750138;0.01915939360888196
-0.004400170700234222;0.011676623002213404
-0.011598376463426175;9.700530003997455e-05
-0.017510375100024907;-0.009945593542032342
-0.019884204348425975;-0.014453194277750697
-0.01775917240459958;-0.013123634894754552
-0.011802840763846575;-0.008580229975905502
-0.003945495743911086;-0.003975156288394065
0.0034772246683609843;-0.0010939625822148533
0.008688076668080401;3.103428273489203e-05
0.011064063714965013;0.0004254429877904666
0.011087297805830334;0.001243121289434557
0.00978839837301272;0.0031085302777527015
0.008100160818402575;0.005858986860343388
0.006495765961837287;0.008650737956776143
0.0050317039462680554;0.010340084073259983
0.003641716626445206;0.009983351133634346
0.002384136064772087;0.007234693775046545
0.0014369269918410423;0.002483768463510329
0.0008981014009949827;-0.0032474303986367767
0.0006261844823655701;-0.008550503754312199
0.00028228526167296163;-0.012013709632012285
-0.00046411730057674785;-0.01275374862909559
-0.0017151803625640688;-0.010881068746592445
-0.0032359057578649915;-0.007503412191270839
-0.004512059410700222;-0.004127787763591589
-0.004965503922096821;-0.0018475579423610333
-0.004241776424459035;-0.00090510844555794
-0.002418484244648857;-0.0008616785687139888
2.7214153822380535e-06;-0.0010893698608385551
0.002338697285898193;-0.0011413467342912978
0.0040673789864283305;-0.0008149247048257711
0.005062902435199732;-4.421278089207737e-05
0.005583152542230176;0.0011670549119097119
0.006031100271474093;0.00271172219214856
0.00664929313418574;0.0043318517454078165
0.00733416020745691;0.005657695996737302
0.007678853026182892;0.006353764857474429
0.007229997909191346;0.0063113848698491595
0.005826137758740398;0.0057766570238756264
0.0038098906336313594;0.005291799217100981
0.0019160328742442736;0.005385951075478184
0.000784455647743887;0.006110569549175908
0.0003379502063065189;0.006747424561677705
-0.00044964556222894985;0.0061333349966754035
-0.0029430303761102663;0.0036952946887871766
-0.00759679240320458;0.0004384940403818012
-0.013067698209003088;-0.001359937021866926
-0.016694955931070486;-4.6144288357239966e-05
-0.016259365426627006;0.003523392806554635
-0.011678536271766392;0.006266379239001418
-0.005215609804529649;0.005454623131887421
-4.307520299203759e-05;0.0011073286896415779
0.001661559174262205;-0.004184076746995551
-0.00025348171142049007;-0.007567736730767448
-0.004201422667241948;-0.007928172999680527
-0.007952338238497876;-0.006062956805512643
-0.009709767165053182;-0.003647621315658975
-0.008649607686442714;-0.002235225092448433
-0.004932680444977423;-0.002682353773602662
0.0004938415363491186;-0.004787467453911324
0.006107036381298494;-0.007235974723758532
0.010131337605891182;-0.008209988287591941
0.011118607387737359;-0.0065226303841722415
0.008599410342926729;-0.002508868354393686
0.0033330251661524888;0.001992004266035495
-0.0031065717504894694;0.004556337242565193
-0.009118415463143337;0.003471325234121517
-0.013652851739994745;-0.0012441157483645987
-0.016261865673011956;-0.0076299365280294
-0.016802270797842085;-0.012603401453641232
-0.015206090327754676;-0.013477101667968627
-0.011547241639214213;-0.00937742524464737
-0.006280813928772491;-0.00176562264281593
-0.00035144227139752613;0.0062360640084323455
0.005012664207204149;0.011361369339778197
0.008729357049749366;0.011769467991621367
0.010248335773138384;0.007835607941329401
0.009682178209525055;0.0017430145040011522
0.007681864115970889;-0.0038382113587519724
0.0052047257588800746;-0.007133088565189342
0.0032655113350790682;-0.00784547238607316
0.0026125878315754656;-0.006668479628348204
0.0033211422830852866;-0.0042365968062453765
0.004580546626123586;-0.00047316817039987655
0.0050509045452818;0.005008069773006518
0.0037417542902842913;0.011683787918831434
0.0007941938255450611;0.017169084823747863
-0.002490098639469952;0.017717380407196382
-0.004442167874893618;0.010432857396538098
-0.00408829750921907;-0.004061166126571467
-0.001788179033043566;-0.020682086539410054
0.0009317081041368964;-0.0320089666046551
0.002257892658261986;-0.03245565053628002
0.0011723846111717422;-0.021675111789899858
-0.001931936023016698;-0.004822179516701453
-0.005476084546860733;0.010420518320268994
-0.007556944886938408;0.018006041996051575
-0.0069151626301241775;0.01634682253580465
-0.0035955912852371204;0.008448247494118346
0.0009286798667633934;-0.000285387644180896
0.004356299521324628;-0.005077808726091575
0.004796823568974817;-0.003980881615070983
0.001956021853742608;0.0017520570358501627
-0.0026421853265243675;0.008992141175464357
-0.006606785067011301;0.014687284973511513
-0.008057394073370989;0.017253395031638998
-0.006478101703139792;0.016862802223437605
-0.002687400620939245;0.014808177320415502
0.001786345806483297;0.012478485156165335
0.005419572724609995;0.010531208234050578
0.007160344973785673;0.008683457920944222
0.006592841778956904;0.006194432067173492
0.0039262355668132605;0.002701070247036166
-7.286113643223857e-05;-0.0011702609712121146
-0.004211451106687943;-0.0038914285964712775
-0.007165313568497981;-0.0038653569902847855
-0.007990462851674965;-0.0005239113403348687
-0.006699443766864558;0.0050726347071496074
-0.004499493835509752;0.01069925432032634
-0.0032693630817026286;0.014343986014650926
-0.004312973464074274;0.01546462843269126
-0.007120948542913263;0.014907712153541567
-0.009113968027994537;0.013434350528285387
-0.006825304243184154;0.010389759417415254
0.0019045185197812708;0.0041658038957021115
0.015879786594001685;-0.005727182693256101
0.030090282463092095;-0.01705505609720182
0.03778365416192711;-0.025625920152430665
0.034470926539339614;-0.028138710412025283
0.021369491285702095;-0.024709491379816095
0.005411575488961721;-0.018709330556120254
-0.00474653933303699;-0.013890739148718445
-0.004019021815597647;-0.011355896948582798
0.006238604346202818;-0.009179749236915542
0.019497993532166087;-0.005010645415502158
0.02824593388077212;0.0009056346281517243
0.0282098545414262;0.005270889279248911
0.020081558767543237;0.00442823381206207
0.00813301549833054;-0.002160230245957698
-0.0027692028530299905;-0.010777781007769851
-0.009573772053270169;-0.015750097429261933
-0.011712638068563062;-0.013353300290206751
-0.010327165245615381;-0.004306419819962968
-0.007090972779536023;0.006834041751991863
-0.0034594686316200044;0.014642463504249088
-0.0005125369009817366;0.01597675720789699
0.0009491401693496089;0.011403925056098635
0.00043906079050936485;0.004329603341553352
-0.001966582307012283;-0.001321697746862961
-0.005405745214570602;-0.0033078504863494882
-0.008347305006795244;-0.0018838642362541762
-0.00915636204696077;0.0010028790935169686
-0.006891581830131901;0.0033362830860141903
-0.001894450354819398;0.004293824534947295
0.004228509557290726;0.004398211509912625
0.009293748786782052;0.004690816876004426
0.011520591487364366;0.0057474897978082575
0.010231484600278867;0.007320644997014004
0.005949886381834501;0.00869628639351332
2.9307542007062976e-05;0.00922340732580377
-0.0058304383322393535;0.008526728370298668
-0.00999043941185521;0.006423823377029135
-0.0112881380698325;0.002844287358891743
-0.009538710687574557;-0.002097859140901047
-0.005866526751545119;-0.007918213140143283
-0.0023872968727485532;-0.013551451651580726
-0.0011150268431073889;-0.01733491418134556
-0.002714213638425796;-0.017586037763889013
-0.006053679529355942;-0.013845729509164623
-0.008944491109444331;-0.007879264808343792
-0.009469142764123792;-0.0030388224348384205
-0.006960893711927413;-0.0018510980005116947
-0.002257671690014244;-0.003817939843378363
0.0025469275193454933;-0.005752310524062871
0.004762197822521962;-0.00455553278645166
0.0023376370127285912;0.00023865242004137398
-0.0046845421451437;0.00645097336860738
-0.013655497561098818;0.01124439855945285
-0.020544680607177835;0.012839237052740362
-0.02222292697062012;0.010822853667022262
-0.01815944932331659;0.005837831983370239
-0.010458005705902426;-0.0004918520935488338
-0.002468685223395524;-0.005777504191951746
0.002993253573763691;-0.007861781148507241
0.004829642990471204;-0.006122147480106284
0.0037600858259436336;-0.0019217739477926004
0.0015032632821812704;0.002236297323366982
-0.0003151649006840333;0.004185048127762521
-0.000868868583387371;0.003217539428946128
-0.00021686530649931324;0.00032161184091733785
0.0010239768656219266;-0.0024626149192164995
0.0020934198193297573;-0.003216309725962241
0.0024138249224251165;-0.0013084562957298687
0.0018050846067472267;0.0020879215908804942
0.0005594087952695997;0.0045989184323220285
-0.0007251211182257827;0.0042100541247230274
-0.0015739434424530503;0.000843218027457751
-0.0020815515878418772;-0.00322797996240759
-0.0029498045411739966;-0.004657155327334467
-0.0049259331360909445;-0.0013658054321707947
-0.007988928023662962;0.005612437762296248
-0.01097700492725482;0.012290219096685682
-0.012096964656580715;0.014117622447077479
-0.010061514339815832;0.009107029765744117
-0.005038670982656388;-0.0005358556386669391
0.0013300239077837519;-0.009505934111734218
0.006871701846964635;-0.012540996402336906
0.010042575286113176;-0.007588454297579348
0.01047031177825042;0.002995421208112946
0.00870654690156032;0.013953704544710647
0.005687745950304237;0.0203592749369483
0.0023901294961871534;0.020392267680353557
-0.0003370514655820158;0.01576585808510277
-0.0020243001703746186;0.009715999555092185
-0.0028693997851508084;0.004433869480528178
-0.0036488374431167966;8.082124585509055e-05
-0.005067914738057228;-0.004165429541571457
-0.0069949668883625485;-0.00847190966199383
-0.008308457515616883;-0.011842556719906453
-0.007660185442246167;-0.013088925875513129
-0.00466469940059092;-0.012070809044356154
-0.000532227988799114;-0.009799378877076485
0.0025185845192090693;-0.007308829851764145
0.0027415443769436025;-0.004599836991478535
0.00011350062454849782;-0.0008963685165706304
-0.0035870863848891433;0.004011986343640649
-0.005847087400430037;0.008819485852086414
-0.004816845366479821;0.011257202858619877
-0.00022321589705924088;0.009716077758706053
0.006535675443332756;0.004514220898312571
0.013025180999616297;-0.002122551202975123
0.016826267562631433;-0.007145408764605488
0.016582618845725126;-0.00807324294924915
0.012642366433551756;-0.004139480588875482
0.007075774047936162;0.003138082924508235
0.0030609649919924632;0.010331893282708862
0.003732801881711644;0.013581457959674748
0.01069104766312212;0.010635865886186742
0.022666039322219268;0.0023045451039660648
0.03521738894139178;-0.0077210909428442965
0.0422574942528528;-0.014835760135574779
0.03918027562483738;-0.016303317903959412
0.025835131147134954;-0.013075885111730036
0.00704730573383078;-0.009085117884797716
-0.009998645669235744;-0.008112335806086104
-0.019672757195291095;-0.010568304652209301
-0.020431918332768816;-0.013082653772071557
-0.014742104022937082;-0.011538408608597886
-0.007070993682965501;-0.004939648611458014
-0.0014434406155239892;0.003412005323930001
0.00019558965367731657;0.008482818709244827
-0.0017324905723272706;0.007484548063068706
-0.0052889057560178325;0.0018959131876155333
-0.008279064329691173;-0.003864384112215221
-0.009198138297457022;-0.005698582314967212
-0.007578111596552849;-0.00245940820069882
-0.003916435796862274;0.003637046394412324
0.0005644216167992032;0.008662270359450438
0.004295547448315699;0.009435350849174384
0.005930415690558133;0.0054008537232708214
0.004970608972409157;-0.000988624600055513
0.0021039732877008114;-0.00557102875819608
-0.0010598402380987615;-0.004872451417428563
-0.002833072564575631;0.001605555943204155
-0.0023989537342320754;0.010606979601732512
-0.00022642115631888726;0.016650207269030246
0.0023338900730645092;0.015283431499669797
0.003946268312078563;0.006099768862652786
0.004037526798440497;-0.006620247952292369
0.0029639303653786774;-0.01627689560287022
0.0016213791768257772;-0.017888131366951367
0.0008447582688217626;-0.011098002535316625
0.0009968235962011535;-0.000378294853047405
0.0019668090855086196;0.007727367383252726
0.003466463292196435;0.008662454366219917
0.00523617609042514;0.0026487176657175532
0.00686153193776232;-0.005697994135096676
0.007396202985909119;-0.01070459906022064
0.005400284363464226;-0.009510947969475764
-0.00026320939921014317;-0.003674067574767714
-0.009343318965972423;0.0024097246225293235
-0.01976851743890152;0.00474109064338444
-0.028352501945085085;0.002182171256257408
-0.03220265230919011;-0.003285185397386844
-0.029943733750621787;-0.008269394297575613
-0.022203887727461034;-0.010275953747583983
-0.011363895837161134;-0.00907826508642312
-0.0007484093258958607;-0.006355890333431196
0.006594419980068133;-0.0040383730917518896
0.00914479224764501;-0.002749176873297273
0.007499045370884867;-0.0016289193096087739
0.003838663450460751;0.0004138154576058013
0.0006111284914291904;0.0032928146517890973
-0.0007009060980183258;0.00554865125246193
-4.2389701694319576e-05;0.005479659665626332
0.001579977913843285;0.002456012657293176
0.002874675055239095;-0.0026563731059926435
0.0029279769642170865;-0.008013875466825702
0.001449035736977328;-0.011674474772206952
-0.001333038604460885;-0.012402205372211702
-0.004840120869158756;-0.010209942533974807
-0.008223484904204329;-0.006419318084845998
-0.010438817260051022;-0.0030231127914248732
-0.010500277912692438;-0.0015057931140289192
-0.007942998624060414;-0.0017585485789259707
-0.0032263288870502406;-0.0017900304523195416
0.0023259400608534706;0.0014522036884730902
0.007133964688180612;0.010274260931780469
0.010071005534641329;0.024085778887537507
0.01073950634711491;0.038361803497091125
0.009300030917887725;0.046359326171917646
0.006272988066632511;0.04336840481473465
0.0025023136796139297;0.030363221096277336
-0.0010004936441498067;0.013546038498002238
-0.0035257361460440248;-0.00014458649560547153
-0.005080352139882302;-0.00760573067253321
-0.00621879650516645;-0.010437355834378879
-0.007344961410403874;-0.012104795683158975
-0.008167901128210862;-0.014521472803811802
-0.007882890295423701;-0.016855080894252816
-0.005925897529569176;-0.01681653877165435
-0.0026123899930083645;-0.012810702574727465
0.0008796911421268744;-0.005333165716057604
0.003143338942258094;0.003043461923488164
0.003306588573625721;0.008952370351359644
0.0014117128009264936;0.010076335619784457
-0.001789338382583518;0.006442165777921433
-0.005391709766010701;0.00030786684132350084
-0.008772136223683695;-0.005238141770315162
-0.011585973991639601;-0.007976129906220457
-0.013459302576867262;-0.007490424810229739
-0.013822886111064792;-0.004902020685479632
-0.012182413024653881;-0.001781733142878609
-0.008627336203682116;0.0008771242040200299
-0.004047186181070773;0.0029276042230242257
0.00027285823895601747;0.0045715772610291526
0.0034203587453758904;0.0056812715547947595
0.005345474484979791;0.005580406378265162
0.006659373644734027;0.00350924049856018
0.00795086144004089;-0.000552947811356435
0.009230265060938141;-0.005377863068176127
0.00994510962115178;-0.008837222389335075
0.009493721060826866;-0.009057437663764987
0.007762991409402951;-0.005635330565747873
0.0052594865273641505;2.0077620141867187e-05
0.0028082703350384127;0.005555296347925714
0.0011313814727713443;0.009107201417136213
0.0005777570118441211;0.010172059217186833
0.0010470389878372809;0.009298568149314526
0.002073893447701137;0.007116294684563886
0.0030664312384861264;0.003817026392155793
0.0035942163885257774;-0.000411000122524006
0.0035265528496202653;-0.004676272414305179
0.002986693238917702;-0.007423642816480746
0.002318291061876992;-0.0073617372762703305
0.0021462149483055877;-0.004445231858382051
0.0032802997961479266;-7.34802923873142e-05
0.006233993957526866;0.003600212479776019
0.010604368598540359;0.004771537510314131
0.014876189974995067;0.0029442435610115636
0.016954556744766727;-0.000686258109122898
0.015191780300643597;-0.003733195707724924
0.009335482751176878;-0.0039439090026230274
0.0008471814388343535;-0.0006228946739786126
-0.00764514266240934;0.004881693922467704
-0.01352123788864838;0.01002467783846862
-0.0153334033385529;0.012582349431910264
-0.013316489604516915;0.011766501174845205
-0.009036117798854153;0.00835268272028152
-0.00450002963556073;0.003997540062703976
-0.0012732754174060723;0.0003126508453522154
1.5285475054548108e-05;-0.001796016689824069
-0.000317623222705722;-0.002302848035368232
-0.0013530499727918875;-0.0018226021311490538
-0.0020575415008304092;-0.0011811385871599884
-0.0017414337317758163;-0.0010169267125282164
-0.0003737256681119851;-0.0015405729984105864
0.0013344532985805964;-0.002488235579012916
0.0021598990407828327;-0.0032559267970442775
0.000941328551782324;-0.0031802352209385006
-0.0026225986012627296;-0.0018989827513011723
-0.007292880450713801;0.00033313162481965865
-0.010230516306388892;0.0025487575633653995
-0.007971843109139457;0.0033341199130238136
0.0016218485115602475;0.0014382033120733505
0.01728296372507546;-0.0035242001196126274
0.033614474431838515;-0.010679163414415355
0.04298928045528922;-0.018158179858593936
0.03975588630082145;-0.024011644146429763
0.02424257893209857;-0.0271821605877495
0.0033749174631776784;-0.027679350045455922
-0.013049474771303696;-0.02577420539352102
-0.01797135611379591;-0.021222708250331058
-0.010780744367460682;-0.013687053723220818
0.0030015609555330736;-0.004047546583286854
0.015437596956171655;0.0050939271607277955
0.02071836391281412;0.010735368467649256
0.01777519302693052;0.011546955551742765
0.009750265963010304;0.008716274323775294
0.0013081958869844306;0.004868498243089279
-0.004132388379542086;0.0021444859006850715
-0.005714854352274827;0.0009948621954387065
-0.004749239408273032;0.000434059886458972
-0.0033084932905825277;-0.0006308372129769007
-0.0028207169851879304;-0.0021512211364612985
-0.0034107680487282873;-0.002924688172149525
-0.004192982810739217;-0.0019640234317243772
-0.004159340205565634;9.181907056918164e-05
-0.0030030215092947178;0.0012751955055818195
-0.0013275172482864392;0.00036687468987828487
-0.00018185616933221846;-0.0014358581142167837
-0.00037871220314532995;-0.0013819523040796546
-0.0021211084487391145;0.0020508770535240172
-0.005050798010840983;0.007278158313287816
-0.008462346007228458;0.010534450030202537
-0.011493151258312902;0.008699035206613767
-0.013350395847087812;0.0016003052919016218
-0.013629463713425145;-0.007757523707507648
-0.01252977475759519;-0.014876310480510784
-0.010693869790366803;-0.016151712677363896
-0.008703344433520317;-0.01062634155775078
-0.006649235106479131;-0.0002558418181737356
-0.004187078989353553;0.01124595856273338
-0.0010485964464971638;0.020095658242978518
0.0024817758434058286;0.023723598643315254
0.005650174283429617;0.021376466068537277
0.007869238004795531;0.014282211598289142
0.009253365798686974;0.005433750062243244
0.010405304082603158;-0.0013170507213985337
0.011606645255874364;-0.0029083682167109393
0.012258736356310477;0.0012289732800582437
0.011120735049862919;0.008510935751560145
0.007016103672746248;0.01429069244876922
-0.0005847861337567624;0.014428775843024199
-0.011184951520998646;0.008013978296730664
-0.022931159457754997;-0.0015762482738811425
-0.03268271898046413;-0.008419042258486808
-0.0370644494755709;-0.0079444110809843
-0.0342401474145326;-0.0004364312631515672
-0.025113754412354316;0.00874745002611194
-0.012947366361477792;0.012900057237938889
-0.0017481169674740315;0.008918645834160677
0.005431960717344261;-0.0005113491663807596
0.00751245824553264;-0.009165135824594548
0.005534702076156903;-0.011922243948227272
0.0019583484265315605;-0.008164315523266696
-0.000666809403220019;-0.0016918014880406063
-0.0009964709961662753;0.002398735081556471
0.0006162789023171803;0.001485011229182837
0.0026889131047656226;-0.0028120260353582433
0.003771292672374582;-0.006039847311258991
0.0034046755756066333;-0.004368261710877347
0.00231931146238869;0.0025551677258704108
0.0018550328319063615;0.011406799907076144
0.003056901207161863;0.017534600753939478
0.00604521396658302;0.017912248755790516
0.010006417426370732;0.012688544712673179
0.013662446980533037;0.0046836388287044076
0.015788771046488622;-0.0023989435161788364
0.015533157989440995;-0.00580282081186168
0.012619450932640492;-0.0047449846986521915
0.007531018732765229;-0.000398912188603456
0.001517438121691744;0.00495097468265606
-0.003786364566240058;0.009073222361693695
-0.007033206826840408;0.010686454813471327
-0.007723160064671282;0.009739477590613228
-0.006304633799023696;0.007108660686895968
-0.003819881984310505;0.004004976955409799
-0.0013710321059968848;0.001418359458767934
0.0002960503553633135;-0.00018178455468687864
0.0009418444993189451;-0.0008336309263591867
0.0007444880605286087;-0.0008541868090084043
0.00010222702008163683;-0.0005713754820243916
-0.0005474401072648325;-0.0001696432967492453
-0.0008413851982342603;0.0002959329283426217
-0.000560847892527916;0.0007711792919767459
0.00029884993098858767;0.0010811990569714828
0.001457242645735528;0.0009337857826721814
0.0023400370908646653;9.22569602501115e-05
0.002225419633661268;-0.0013559340813962596
0.0005827402726478723;-0.002817612499755796
-0.0024980362579243016;-0.003312575994799164
-0.00604157064043141;-0.0019970960271594516
-0.008384862390041378;0.001062244200839059
-0.007944152309152373;0.004343403455941146
-0.0042454163555960215;0.005192564372000864
0.0014542369112343831;0.00131567356891184
0.0065489668386905075;-0.007231814744695665
0.0084293995432059;-0.017201283191939056
0.005990058774980127;-0.02380013019607629
0.0002726182093105314;-0.024104484872957934
-0.006194039789705049;-0.019349606575468765
-0.010827116080556518;-0.01368862320888379
-0.012187426099430519;-0.010383509705027244
-0.010343066872164484;-0.0091869810529707
-0.006504203970340477;-0.007428586304889777
-0.0023027884736189193;-0.003290551501117539
0.0009659478119565928;0.002276322152275039
0.0028175905333656798;0.00650539830501262
0.003520947018563957;0.0070589544819928745
0.003626984941077352;0.003424042759562326
0.0035251025189094094;-0.0030408405837996978
0.003345410160346626;-0.009738207403021207
0.0031188730534918952;-0.013765733042183564
0.0028986277697397177;-0.013183234591636266
0.0027024786892297695;-0.00817582731513151
0.002382637526816541;-0.0011813927108863442
0.0015937372509391729;0.004378189526447614
-6.507441358295684e-05;0.005942922815679419
-0.00278989936286964;0.002980688883200906
-0.006352269169125967;-0.003083708996212668
-0.01008182088242211;-0.009780651241586296
-0.013083783616972954;-0.014632565531390558
-0.014565872842870394;-0.015908032677982763
-0.01409986670496183;-0.013067382855884355
-0.011704241680050258;-0.006938568879527807
-0.0077313597059070335;0.0004965672394907967
-0.002647037968635029;0.00683634131775997
0.0031306193457900167;0.010326309236504717
0.009198643720068931;0.010683529773410938
0.014980991021594017;0.009087268384632726
0.019616619093354094;0.007251929792871122
0.022165496357683685;0.006178414908477162
0.02209180066087426;0.005472892261621903
0.01962382166457193;0.0037466261137196082
0.015604256830463828;-0.00017544704689731707
0.010940821362326738;-0.0061125930245702256
0.0061934384497871284;-0.012303070647507975
0.0016410388447630126;-0.016335695366692483
-0.0023915040454617516;-0.016683916378033542
-0.005393499493564034;-0.01377412163189991
-0.006872143224579759;-0.00971990279923518
-0.006689169924116563;-0.006856079309205362
-0.005226383421086193;-0.006236161400653511
-0.0032120218810085086;-0.007240574253644196
-0.0012699479160681647;-0.008395274252669983
0.0005105497154210905;-0.008555634652438422
0.002616352353283512;-0.007569091359579119
0.005643922511819702;-0.006116631215906499
0.009615264442679326;-0.00497746908159047
0.013547346347143156;-0.004190162818999306
0.015567503689610723;-0.0026286530947847264
0.013632312958937251;0.0015330843293864754
0.006762502881909675;0.009349958425535659
-0.003692855101068547;0.019413549962546427
-0.01386125120064213;0.027604887272059175
-0.019074546951505407;0.02941329330436869
-0.016729521122612324;0.02360719335083032
-0.008073282295896643;0.01408237363140349
0.0025500477864865085;0.007715886966885831
0.010282470930497256;0.009502520482218673
0.012235887609272248;0.018774575833169323
0.008484056734691409;0.029496306576447775
0.001416176585655253;0.03439215559576622
-0.005784051308363784;0.029854355827429065
-0.010567363332374331;0.018188589167266234
-0.011786910011690294;0.005772044395235201
-0.009758457266557462;-0.0013952599619920251
-0.005833021000322004;-0.0014935707340777103
-0.001748636584713514;0.0025252338256462055
0.0010069647353650125;0.005554501877752285
0.0016653161115573732;0.0038898261189325976
0.0003795597237924905;-0.0027087151844472903
-0.001912063407065471;-0.011276085667013479
-0.0039460164270349145;-0.017490269804073394
-0.004721807783479206;-0.01796349069629291
-0.00391113465847158;-0.012056538123709055
-0.001879074896585895;-0.0024149433021342604
0.0006412496974891929;0.006288988053124035
0.002969120473162857;0.009953284901160337
0.00471672604058754;0.007433200142829662
0.005741036919385491;0.0011353065765419773
0.005929122352007288;-0.00454636382677338
0.0050725727772325535;-0.005906615911438127
0.0030192360945711727;-0.0020808203631919884
3.855164019633584e-05;0.004564091609475067
-0.0029320733779586074;0.009988831840094102
-0.004530276632356986;0.011009263172442446
-0.003754308713055907;0.007176317042198397
-0.000845334538840637;0.0008098337754906406
0.0024563773248848734;-0.004714283857505417
0.0037163356754788225;-0.0071126728876363945
0.0013212740804221035;-0.00633365600534553
-0.004309758753164099;-0.004159360539949235
-0.010689609844757019;-0.002761334028072839
-0.01441349846098919;-0.0031445334857981948
-0.012796811498576782;-0.004385978732720318
-0.005274959615980928;-0.004243667030759807
0.005905946455922605;-0.0009528984379048337
0.016139813908700642;0.0049850517358352026
0.02033188779152655;0.010595017111924121
0.01562980177685135;0.012314347054841229
0.0033865487306576087;0.008615120842491771
-0.011231810354859434;0.0012009882161594478
-0.02198069687362395;-0.006139288369443603
-0.024801885425638773;-0.009963197635242036
-0.019529913302582535;-0.00910846003336023
-0.009302756133045478;-0.005109469888732399
0.0014821361522298342;-0.0010955809374318302
0.009239107994690375;0.00018378354101526592
0.012339487113170776;-0.001892398867183498
0.011205148008659812;-0.005427828807652101
0.007711783302329638;-0.007317812011265328
0.004249424516575742;-0.005412120293517321
0.0026597814891295224;-6.278746791104752e-05
0.0033878074054086854;0.00601883212073836
0.005332627868616498;0.009522543806529732
0.006595933810371511;0.008691387823620198
0.005689491281499214;0.004347813273989316
0.00241004010870101;-0.0008477209999464262
-0.002124273094085987;-0.004203842006048108
-0.006177798301725693;-0.004502723143745382
-0.008334792561108572;-0.0023083596913346174
-0.00812924781613893;0.0007963023171807158
-0.006070769439181657;0.0032802766944271537
-0.003150195459778355;0.004369923692103221
-0.00021840308787289601;0.004171607095883087
0.0023503389561902776;0.003338217895362221
0.0045719104318797735;0.0025269801456240396
0.006513209229183795;0.0019274237684669738
0.0079857068869471;0.0011225540757781906
0.008466664309263423;-0.0005913952517599003
0.007276334471584995;-0.0035669672207954565
0.003913094715460801;-0.007247736557536719
-0.0015956597095620514;-0.010155814325900136
-0.008465823521099454;-0.010660525489782446
-0.015200717023204151;-0.008270630254410454
-0.0200329522258299;-0.004617972523429731
-0.02168147565447869;-0.003067352244238762
-0.02000247839399544;-0.0065878064053444185
-0.016053064821070512;-0.015138024229656216
-0.011504246072636028;-0.024881710566871888
-0.007796100236319049;-0.03035255839443355
-0.005493294773039073;-0.02799345040009185
-0.004130606663443875;-0.018247173726493413
-0.002648754314399548;-0.004908234754675044
-0.00022111966042093962;0.0071840391864330935
0.0030469355825303184;0.014271125971555472
0.006060115542865959;0.014780550921043297
0.00741269213224162;0.0096435629793144
0.006350045005774873;0.0020166823239212536
0.0033101430400703075;-0.003911506147043889
-0.0003228140034676655;-0.004998666980799428
-0.002993740018197006;-0.0009899225292772543
-0.003717377415676833;0.005291989314811628
-0.0023966600371852546;0.009650731279099442
0.00035041897781245825;0.008966124705499233
0.0036821381875425385;0.0029538416657572688
0.007016129825484211;-0.005556837865790594
0.010200194035532155;-0.011891582953857723
0.013303983413678645;-0.011851021031315252
0.016238042566957246;-0.004048573665526329
0.01851237876117152;0.009059789694460873
0.019338888162511583;0.022277469011825687
0.01804735105269892;0.030387028583164194
0.01456545847639804;0.03075453235706309
0.009632868997925577;0.024159312323339108
0.004547281205322458;0.013599800321132898
0.0005556033588839775;0.0022979768239686474
-0.0017027479416254238;-0.007587717888888367
-0.002328927013708188;-0.01496518225442998
-0.001885303731993436;-0.019122698365821585
-0.0010264496587332659;-0.019353295850115783
-0.0002763303582948814;-0.015315792642759339
6.586072837862559e-05;-0.00769833344003054
-5.081753545246212e-05;0.0015350413035984307
-0.000509712931064899;0.009594301991985708
-0.0011706813225632663;0.013750891916190309
-0.0018858329175619312;0.012308634226383255
-0.0023165472750956975;0.005424332915358724
-0.001836570165957693;-0.004572118881247624
0.0001257269387618409;-0.013806025617054036
0.0034382293659684445;-0.018431842438239688
0.006965527987921285;-0.01643271944684107
0.009115677839876336;-0.0086895442034255
0.008927365458458776;0.001269209339882286
0.006784644666849656;0.008847581395460961
0.004109040987517015;0.010688519129273058
0.002275537352129396;0.006543230389332925
0.0016824471028090676;-0.0005212877480667153
0.0017509554817032326;-0.005977542000861557
0.0017626281695776094;-0.006763482456302192
0.001654725713942125;-0.0032769891811314606
0.0019558080135765846;0.001188803811166027
0.0029181752047333573;0.0033006012777609854
0.0037409815924760357;0.0025383811799461467
0.0027808490907929692;0.0015497686450005328
-0.001194927123415;0.0035444494711034044
-0.007645879974658399;0.00889593460658164
-0.014020660385076855;0.01409768151741238
-0.01710400299251879;0.01445111520641889
-0.015089524423478062;0.008428707643895557
-0.008860022448903406;-0.0003499696534132315
-0.0015680933015726885;-0.005703464133716287
0.0031704425916687243;-0.0039020635796658937
0.0033070339979316713;0.0033366751169880415
-0.0006323025802415764;0.010344067029957753
-0.0061340800769351285;0.011956449732327649
-0.010368791455410127;0.007198754181770863
-0.01174349192205117;-0.0004225664610966803
-0.010394843267593507;-0.005745841938327953
-0.007588558063130128;-0.005511271778252258
-0.004722766782962702;-0.0002240135788592764
-0.0026754521994243837;0.006580164732259128
-0.0017293076888410907;0.010831433873841487
-0.001798252150708092;0.010416929183318524
-0.0025936002211264866;0.006144514171550796
-0.0036494803188024095;0.0008125486357568958
-0.004373786835545354;-0.0027373903807591028
-0.00423362384777307;-0.003221280210283863
-0.0029743913530360247;-0.00128508582718115
-0.000712072999175541;0.0012945001090773735
0.0021418162808289334;0.0028597507965420583
0.005056323147669381;0.002815946943177154
0.007572140381519168;0.0018913853041293016
0.009421120698964983;0.0016923456246281873
0.010510087984955938;0.003719515793368065
0.010808542076069497;0.008208000631502475
0.010290731113226304;0.013431935025384045
0.009029712580642307;0.01616022311439756
0.007318496020343911;0.013383981555376921
0.0055573670666651896;0.004433494890799676
0.0038447029303601346;-0.008009565942355294
0.001627098707783625;-0.0189586226584391
-0.0020623780625484574;-0.023711478491903824
-0.007684432845250723;-0.020309111723060307
-0.01428646206712464;-0.01039747960449528
-0.019582866470888933;0.0017403755562574595
-0.021201658915834042;0.011210748464711212
-0.01810523997641223;0.014621125627283606
-0.011049546154955493;0.011430731291723938
-0.0020345654398148377;0.0038734375538089973
0.006417092872580401;-0.004572697319000665
0.011703892995716676;-0.011133874919909564
0.011715114349491698;-0.01466610202633301
0.005860647309622391;-0.015162605261828027
-0.0040362430700643884;-0.012959927156309333
-0.014022416542366717;-0.008816788724909866
-0.01973979240495617;-0.004448663888044815
-0.018639709065488577;-0.0020825783313183793
-0.011262513434553065;-0.0028016012190540587
-0.0007760792237812595;-0.00534478438740276
0.008870671157785863;-0.00692361879215681
0.014936767495500092;-0.00553506445728343
0.01677579677309348;-0.0017399203999598411
0.01529210619193135;0.001581797465176587
0.011760775121999759;0.0012898604525205968
0.007140942638666226;-0.0037017278773537523
0.0022639509358306745;-0.011587765173290758
-0.0017537265853347272;-0.018885770102512967
-0.0037239716168978388;-0.02256569348372771
-0.003241030794431258;-0.021309811301734385
-0.001305216876114766;-0.015307376923638448
5.871781460095135e-05;-0.005620023741420677
-0.0009414313856358598;0.005850194195491755
-0.004601702287158443;0.01621340691645908
-0.009350793129626347;0.022297624639644985
-0.012606583110194785;0.02209779487332424
-0.012361737304259738;0.015762754679814046
-0.008405853410228287;0.005404485832589822
-0.0023087540597098795;-0.005804900740736543
0.0037236665897060132;-0.014501969193079112
0.00812484820902695;-0.017854862611560815
0.010440556791210599;-0.014427856118293577
0.010937109827611029;-0.005075068458813951
0.010006517419686535;0.006844087679855352
0.00794898825969856;0.01655423931891309
0.005126545310244623;0.020031948238226873
0.002112338738635426;0.01613199438445826
-0.00041252694285575693;0.007363441605498058
-0.0019396518354870263;-0.0013317603942147012
-0.002359868018992854;-0.005298436980126104
-0.0019692904888605257;-0.0028548801349430088
-0.001247582799003202;0.0037899133684640156
-0.0005547611820924663;0.010082240118651881
4.097970360151029e-05;0.012084979450480746
0.0006914604318116265;0.00878173661705701
0.001545050165969012;0.0022735628999089813
0.002565093385596069;-0.003951480792782674
0.0034852404919744747;-0.007299136045488635
0.0038732347694991455;-0.007452987002858787
0.0032870403118600146;-0.006143049337542457
0.0015231340832799851;-0.005572704352709119
-0.0011730242839211175;-0.00662444014921997
-0.004146141434918812;-0.00817546294682628
-0.006634395565674933;-0.008089603577331165
-0.008090828823839337;-0.005126867726645703
-0.008313649288245925;-0.00023147606358058458
-0.007411366949524983;0.0038343987879479566
-0.005705840262217796;0.00423593536316863
-0.003586149717336197;-3.194681707219972e-05
-0.0013310459072478375;-0.007311751364437575
0.000964049077804294;-0.014057852892909051
0.003249398154962028;-0.01678834961759695
0.0053087389494472885;-0.013990774835477565
0.006744073091230398;-0.006769098026106057
0.007228971365578248;0.0020145201936740006
0.006808760310234109;0.009268613903856988
0.0059903407135585215;0.01282852708004101
0.005552536785347455;0.0118661052354011
0.00616267434857178;0.006860538404601542
0.007953384210365715;-0.0005279151830938601
0.01028165377800051;-0.00772087800983622
0.011879553468574945;-0.011806426229553158
0.011405127113900921;-0.010397593404156634
0.0081749756286366;-0.0025435521230545784
0.0027979262229822603;0.010490531897856715
-0.002616260967183144;0.024926599242194772
-0.005110310025673276;0.03539063855353241
-0.002507874892766031;0.03743306055864631
0.0048709952794830395;0.030490472115041106
0.013887841590433079;0.018823371164350358
0.020185026019094915;0.00899215688577943
0.020579620732197216;0.005436908054533749
0.01460677731890162;0.007675464464755086
0.004472234058505247;0.011320081958114158
-0.0062144153440640984;0.011811378189872145
-0.014076852308817998;0.007729090162114758
-0.01721819540990265;0.0013858917698306382
-0.015655622064824834;-0.0031906233759546885
-0.010914232857014254;-0.003103033071740778
-0.005088433886826395;0.001592162001057352
0.00010580079737516417;0.007958748972554122
0.0037889712998529584;0.01189020488450974
0.005734351744687293;0.010409786296815044
0.005883207544466978;0.003342354930982472
0.004113620940009186;-0.006452233575925256
0.0004949004398183589;-0.014410587647570871
-0.004312063214929874;-0.016620681818614688
-0.009064106425184038;-0.012107649463689639
-0.01251080275176441;-0.003707027683458161
-0.014085122190698622;0.003347177596717988
-0.014106846327733475;0.0046207377267109065
-0.013363889642472159;-0.0005586872468821269
-0.012497047367732154;-0.0086200448517195
-0.01168062454452053;-0.014263188392917622
-0.010703222704147638;-0.014123124093380504
-0.009213309925361764;-0.008908978089702067
-0.006895523553124477;-0.0026835294272709804
-0.0035441022282579815;-3.948685507586665e-05
0.0008462901453979613;-0.0030989424759429235
0.005868343939727905;-0.010121859336491776
0.010465077010252538;-0.016549508346713
0.01300345215684282;-0.0179406187738264
0.011953236044202823;-0.012963696637198732
0.00696111548997413;-0.00436370919124528
-0.00047915038563461015;0.0028188552876845887
-0.007481477857273742;0.004501254752419879
-0.011188670165254858;5.125497055402474e-05
-0.010216374736452078;-0.007512425538143388
-0.00529608152369185;-0.013568186248301545
0.0010221328170194107;-0.014804134254558806
0.005363498784256233;-0.011136602411679047
0.0049965980660515484;-0.00539423110167949
-0.0006343888777812376;-0.0010749239253144802
-0.009199666538928385;3.0011220631703606e-05
-0.016416242198850167;-0.001463544256670425
-0.018366538993724594;-0.0036617555717109
-0.013750631949802613;-0.0049014766387349105
-0.004568187434189619;-0.0043678717378285705
0.0051262032801284284;-0.001967474191820152
0.011494080053363626;0.0017750221511757223
0.012841237450652692;0.005725066624459877
0.010199620541141525;0.008535008241437561
0.006360992895566247;0.009436663051560908
0.003997958492806259;0.008757667657066348
0.004034992064740536;0.007581392870539717
0.005313394587440718;0.0067221029733453945
0.005731493652462811;0.0058500042562539736
0.003950431055213683;0.003608540819166686
0.00036391253475518516;-0.0011342410616423824
-0.0032826188780512443;-0.007720644274024814
-0.005156415336706785;-0.013161746735144343
-0.004510468977369875;-0.01350999989216635
-0.0020808177288032187;-0.006700523222241084
0.0003743924296947995;0.0050487566626099085
0.0010567862623057614;0.015566604710304528
-0.0008268634656087488;0.01843756112369469
-0.004395566248966762;0.011740026460897519
-0.00720651858486921;-0.00018171926245437732
-0.006350743358529003;-0.009817510043171775
-0.00020763808718576854;-0.011999601074776229
0.010056883998833213;-0.007201107225302223
0.02034368354223147;-0.00032946171969173353
0.02541200856659168;0.003203419259453698
0.02198547919353445;0.0007363271094729335
0.011188472144739153;-0.006753261858156715
-0.001763691202889861;-0.01552056384550334
-0.010712899572147204;-0.020624396880415844
-0.012245612015724253;-0.017970183894388873
-0.007333266596485522;-0.0066586181311426434
-0.00017337549988034434;0.009587318119047079
0.004615106829077065;0.023537715071009584
0.004571102063205856;0.02819480902911122
0.00030405273330164073;0.02095277361486698
-0.005497586022667395;0.00528031245981736
-0.00995085370557694;-0.011274629436331464
-0.011401282560794366;-0.021354418143929594
-0.009747772232904859;-0.02153740012042409
-0.005962660567386759;-0.013436562096904919
-0.0014186990524442055;-0.001953037508071894
0.002639418446823805;0.007842269831283779
0.005432676889600406;0.013232564924242548
0.006757908509272171;0.014486257916784592
0.006806874982628547;0.013602551370595361
0.0058170330204516925;0.012388385658457155
0.00388175746891868;0.011374693556500467
0.0011176831878070468;0.010134349941579175
-0.0020218264919801814;0.008221248961685712
-0.004707593598738495;0.0056021736475306005
-0.006112585803660897;0.0023994803798262783
-0.0058846971397018746;-0.001284381501274854
-0.004280739382787964;-0.004978463118510051
-0.0019031754221034754;-0.0074754808877918084
0.0006143884062255271;-0.007355474594659065
0.002701789913889176;-0.004259764728015541
0.003879402110791845;0.00032151309529539126
0.003984767748131769;0.0037820609693790795
0.0034336254247672835;0.0042604849002930364
0.003007865862527817;0.002032537721318471
0.0030712307542823834;-0.0008339359919716005
0.002930350743153862;-0.0022236788138410555
0.001212003215338024;-0.0015465934797305528
-0.0028228839818993275;8.52733503612882e-05
-0.008211200889004676;0.000941460337856964
-0.012588291224793845;1.5576911909999835e-06
-0.013727166565067133;-0.002319983142184866
-0.011059251945449627;-0.004342427002807271
-0.006017938506418759;-0.004108839766684958
-0.0011134703196163753;-0.0007730767392496724
0.0014485157454080942;0.004520841890323076
0.0007582118254560545;0.009173080421943196
-0.0025273975153485484;0.010977284095144101
-0.006573145379036416;0.009840198597392333
-0.009230211251237316;0.0077205149968922965
-0.009029128882621563;0.006682045247414544
-0.005752816139117758;0.006895618603003933
-0.00023650824023505396;0.006590375107313052
0.006329789107629422;0.003997442037221764
0.012937614589759656;-0.0006395794243339622
0.018792272306257345;-0.004874399798749549
0.023083657532043812;-0.005842287179451025
0.02494492258557526;-0.002532649087834489
0.023766471399436703;0.0032415479036701864
0.019613172779451203;0.007934409402280414
0.013342894683952415;0.008635807863595244
0.0062791354818757;0.004991966090534371
-0.00033048418599369633;-0.000709911344867268
-0.005711063036285248;-0.005308675902759274
-0.009622543598922393;-0.007019798740388822
-0.012144312786606493;-0.00645624799616011
-0.01338710907647469;-0.005716263632782974
-0.013320339204857968;-0.00641984088918773
-0.01176862167037113;-0.008368623709415494
-0.008529969671810333;-0.009835359955883418
-0.0035824607649359934;-0.009078601844622116
0.00263803509308881;-0.005791540170333875
0.009016900999229898;-0.0014017654171200012
0.01385420751117554;0.001915801260205617
0.015436893303177787;0.002712984668791806
0.012899483145975303;0.001128018912666687
0.00685578255995682;-0.0014458280888197171
-0.0006812043383420938;-0.003506195881494314
-0.007155468184613519;-0.004408369048700634
-0.01066330911161602;-0.004410919969506827
-0.010802317828002873;-0.0039549447946228096
-0.008663398994187133;-0.003021468018906485
-0.005987703380227448;-0.0012390743310687425
-0.0040565953363403025;0.0014106425048190528
-0.003023928507144378;0.00408580210815275
-0.0020476706576787263;0.005414993259858998
-4.7248751087152494e-05;0.004506483015543698
0.0034302295236923893;0.0017938767830815625
0.007763407574539691;-0.0010471626351814174
0.01148808399012558;-0.0021198663497651706
0.013058723104788903;-0.0005320280236612625
0.011671442041080277;0.0030166250433141953
0.007666664716755287;0.006630335333516691
0.002342449549967751;0.008322652511538806
-0.0026267628931609397;0.007176637559881384
-0.005853811296907659;0.0038568907787990396
-0.006763191163335829;0.00012670470537472093
-0.005799313151384914;-0.0023005307182488097
-0.004147174141634423;-0.0027414725162539823
-0.003013635097721005;-0.0016875520661818189
-0.0028968327526344155;-0.00017043131878868503
-0.0033666849694256947;0.0010027775781937304
-0.003491908914921809;0.0015655505139574536
-0.0025446798929511724;0.001630016307820927
-0.0004629575559430916;0.001412016847240921
0.0021845494294101576;0.0011184246335666117
0.0046040462014586584;0.0009641463478393514
0.006227691986470145;0.0011637943410129994
0.006946649469897046;0.0018585597170580114
0.007062792553128564;0.003056842582630454
0.007060759140277636;0.004640257172373438
0.007346709443136445;0.006399250937042503
0.008056949159495829;0.008046219772986052
0.008982831527195773;0.009213939683380365
0.009626441815363611;0.00949890264568634
0.009384460210633832;0.008590624842400337
0.007827626811984623;0.0064457616170146585
0.00499144528162711;0.0033861041965799633
0.0015487796768403346;1.3375629299114326e-05
-0.0012594974662536286;-0.0030243506467561455
-0.001996817478992295;-0.005223377086159962
0.0003230730276002994;-0.006208803597821674
0.005470925915841215;-0.005600686944764814
0.011471397336972467;-0.003090182267734319
0.014835831645420116;0.0010156986548296644
0.011928184313825474;0.004988410884756649
0.0011214016146980294;0.0054379469687370514
-0.015517039607635874;-0.001366237818697957
-0.032485503805036356;-0.016564738971765178
-0.043427440132123726;-0.03596026544727661
-0.044614007966107594;-0.05027481087030626
-0.03698039794068342;-0.04969718034357818
-0.025270727410366314;-0.030498173980157858
-0.014985758590121656;0.0010181031068720535
-0.009403532240293938;0.03086112288878565
-0.00857969185609716;0.04521005332110379
-0.010414328027435926;0.03860873959311496
-0.012406657726614189;0.016827244072152366
-0.012758159177651798;-0.00732270353569143
-0.010551572488598884;-0.021920927210633084
-0.00559572156504955;-0.02223787046791842
0.0015148557008398235;-0.011881937445526647
0.00922871364749827;0.0009407270270452682
0.015283584521343622;0.008925102534271728
0.017589659498826356;0.009440194018911455
0.015289287837214768;0.0048749687070568535
0.009257876880294022;0.00013513235497757337
0.0017038608203436352;-0.0007747214508671882
-0.00484844783274757;0.002925466648145373
-0.008572482862148345;0.008690256956147831
-0.008848014950180057;0.012579728397870416
-0.00616693250443978;0.011907845944278479
-0.0017038936011455074;0.006968231955466769
0.0030976737203314703;0.0008596403049638871
0.006777185659691769;-0.00237962402568862
0.008074368316485947;-0.0001873246034240625
0.006313939536254234;0.006913199720038689
0.0019147822206944814;0.015401877539859627
-0.0033788328041072504;0.020554343099802187
-0.007012374056109898;0.018994783667584017
-0.006896249505372655;0.010573039971397757
-0.0027643111341864603;-0.0015034307068637909
0.003360848212524907;-0.012298568605286525
0.008112313657443289;-0.017563355775990247
0.008694493474580157;-0.01569947945032646
0.004588913341753946;-0.008448281645462791
-0.002040062637677608;-6.767910753193678e-05
-0.00745149595010113;0.0047127112554958845
-0.008264645764126386;0.003099520873210634
-0.0032775480438767095;-0.004263377255573799
0.005600981665106745;-0.013701881582674859
0.013852898603961277;-0.020719270356939073
0.016413093241375347;-0.022595443134758867
0.010513768071088624;-0.019616999341051697
-0.002355627699181296;-0.014306779070349383
-0.016842049402122698;-0.009610409570753
-0.02641426030352409;-0.0074389888090457875
-0.02665846119132067;-0.008136614725724687
-0.017240525384464012;-0.010660766825099104
-0.0017061046184393535;-0.013190928415998435
0.01438840239673582;-0.013947609074489867
0.025898036464050884;-0.011901262199562187
0.030028784989540896;-0.00710444340059888
0.027134453425173448;-0.0005991887501269103
0.02015161340936741;0.006012539333772598
0.012958491297927704;0.011141883723740644
0.008435337734073765;0.013651217841966039
0.007206946069127909;0.013023588847893921
0.007729972898186819;0.009407484723842405
0.0076181181968203665;0.00370208677154491
0.00531124290959318;-0.00243163645081614
0.0009808286197920332;-0.006917747004265842
-0.0038366765944536324;-0.008029019753332565
-0.007431899667102707;-0.0052228334055935965
-0.008969872687904583;0.0004605085129256586
-0.008707216290347994;0.006724166913504782
-0.0074461234504641675;0.010958002747888801
-0.005834814879766812;0.011406902460818989
-0.004070069864183149;0.008056731770799123
-0.0020820630748935;0.002743714189395829
0.00013155871523146635;-0.0017366752946176673
0.0023631352582465007;-0.0031493098837642565
0.00427405099529089;-0.0010464924276953717
0.005502163862819341;0.003139542857957821
0.005709416606189639;0.007181255221773169
0.004700431124093425;0.009493721905239508
0.0027006291474124277;0.009915691644669237
0.0005569670402036171;0.009389129835792986
-0.0005438012632831653;0.008899933246688477
0.00013181410785954997;0.008551889514045896
0.0021728522140740895;0.007534575214598228
0.004173991357108674;0.005016093638215758
0.004749591304896375;0.0011428368745588636
0.003564887254644131;-0.0028391366920131784
0.0014849033753579959;-0.005505641366815164
-0.0002302049992793922;-0.006341370265950446
-0.0009379860405748243;-0.005985730390981838
-0.0010331727114741298;-0.005521224438906367
-0.0015471068476270858;-0.005544028799430285
-0.0032938155521124203;-0.005743550008482861
-0.006156230858915378;-0.005137239348501721
-0.00896988081427396;-0.0027173615719859982
-0.010115766261972158;0.0017712380160351934
-0.008517978835610753;0.007276513959161101
-0.004420365646636614;0.011640383041964533
0.0006456985787455104;0.012833502213635927
0.004749655788334885;0.010545136357241757
0.0066753494586440235;0.0066873353804477835
0.006476896769434965;0.004047346486960552
0.005212943321667629;0.004109990025550735
0.004210687966133028;0.006013747674543553
0.0043845531529577856;0.00750967860713722
0.005909694325448211;0.006862997470385486
0.0082698734549943;0.003983943954502147
0.010555760233884742;0.00013666450902306146
0.011864562946256384;-0.003117314554556351
0.011661163900268666;-0.00481176572612738
0.009969231720013868;-0.00491009023315405
0.007308880848426668;-0.004141609309060356
0.004416063768412994;-0.003497347452173004
0.0019059279384006638;-0.00360395813997157
7.599657739290586e-05;-0.0043317124449900185
-0.0010626003295817212;-0.004928929882467218
-0.0016219405596091942;-0.004614005952306363
-0.0017307493844156345;-0.0032115424046267782
-0.001565196142995049;-0.001393829054621314
-0.0014046196560343709;-0.00033897921984219875
-0.0015515981869107804;-0.0009272682965708799
-0.002124039177268356;-0.0028869082933938566
-0.0029219356395153604;-0.004532153492595169
-0.0035483315604936862;-0.003617780542628641
-0.0037287289785730153;0.0009385690780201284
-0.0035793103846250957;0.0077387308211346985
-0.0035927832277717893;0.013396165954860479
-0.0042983822851834904;0.014836976030844738
-0.005804850583836663;0.011576308287619904
-0.00758178625905512;0.005949844183672483
-0.00867379254421713;0.0011993555446571475
-0.008180550308585438;-0.0007249168289134171
-0.005675152782857987;8.284790402377412e-05
-0.001398245508481052;0.002132282465215151
0.003747906841945295;0.0034658350223981255
0.008386274746885282;0.0023610326072387566
0.011058892932117422;-0.00187082059400055
0.010752140956933833;-0.008048355270341834
0.007315897385311073;-0.013159310988697744
0.0015461653154581825;-0.013939198276725953
-0.005084865336051863;-0.009250410789048322
-0.010868446589973203;-0.0014557357713690863
-0.014290173962735497;0.004559731044832541
-0.01440678848448951;0.004369183189277658
-0.011178554040420154;-0.0029275061098780406
-0.005667048182915829;-0.013662890217418351
0.00011428057081417301;-0.021414086561318192
0.0038637123827749793;-0.020709518085319685
0.0040581023332326585;-0.010535214120206426
0.0009097254088314499;0.004489406692462279
-0.0035260070891064642;0.016381617039202725
-0.0064509973029116385;0.018683276188034188
-0.00603459884799409;0.010954971773591417
-0.002514852037624274;-0.0006832212057489834
0.002035367432728391;-0.007919463623720016
0.004958361801773318;-0.006315150233439962
0.004433862110709923;0.0018308101974196067
0.0003760116246411584;0.009944315797975946
-0.0055598653201057915;0.012483783925747767
-0.0108662608196934;0.008580408783863552
-0.013500942962994844;0.0016061026473967815
-0.012818664459568268;-0.004037117818565921
-0.009551394907282153;-0.005900143986576651
-0.005062261840574684;-0.004400659540990081
-0.0006255137301223037;-0.0018463189319288054
0.002812841720824375;-0.0006554075739488492
0.004572510488194502;-0.0017496165753342837
0.0042429517415933085;-0.0038973394368773855
0.0018389555701877427;-0.004511776428276939
-0.0020544544159269923;-0.0015741534478772186
-0.006284999924668496;0.004615472952595014
-0.009338078022494492;0.011207701626806383
-0.00978375258371393;0.014365719465889012
-0.006863522784889108;0.011626547189607277
-0.0008786758049094183;0.0035909225276075964
0.006868503425562361;-0.006061512435326444
0.014427630247655202;-0.01232777048035214
0.01958631701759561;-0.011621151640702407
0.02037360652498503;-0.004011186547094782
0.01589699645440381;0.006595200614419019
0.007220210650759074;0.014705098402775198
-0.0025437571314910253;0.016426382857683046
-0.009436472753086272;0.011380067266947246
-0.010656333056925708;0.0023290493756235684
-0.006140556604903112;-0.0067622305612710645
0.001329354288961207;-0.012815520752972289
0.007688962296021979;-0.014793573923019818
0.00992828532400677;-0.013528212963559352
0.0076997064925353915;-0.01053770822999194
0.0031777095132214423;-0.0067436682862554945
-0.0005329457021852747;-0.002080939732693841
-0.001219750886834289;0.003692718833602098
0.0013812199175490798;0.009730439147691708
0.0055122465632731835;0.01366762148521477
0.008138902393297745;0.01278942059844823
0.006355289680924256;0.006198136288934824
-0.0009642264868518068;-0.0037265675783660205
-0.012178937630133675;-0.012088295695977611
-0.02339117781041521;-0.014363047056525372
-0.030310238969121384;-0.009441498696223216
-0.030328718976615245;-0.00039660776728901465
-0.023605568235820763;0.00771910285836536
-0.012741670275494494;0.01125138683128318
-0.0014556909019175445;0.00991199853987816
0.006994387849678655;0.006274120342250805
0.010959134195802986;0.003706489487099013
0.010694151742781441;0.0043083120172061114
0.007804840985358079;0.007867163815487622
0.0042741044596573945;0.012138675709571377
0.0016528987168370872;0.014226301559425858
0.0007322775499999521;0.012368968331321683
0.0016070806747797736;0.007124331340855783
0.003847916969383038;0.001153097176777403
0.006631235661015658;-0.0023658747696027253
0.008914518480598727;-0.001731998270163979
0.009772222004074549;0.002178363039687628
0.008795806186677635;0.006490960078178505
0.006298906327958966;0.008262040392635998
0.0031749260958401303;0.006464848894695029
0.0004944147555163216;0.00262378186145312
-0.0009522856934171044;-0.0004190611153556349
-0.0009860247512059983;-0.0007603015777869815
-9.461279188886687e-05;0.0009995365090729568
0.0008633140659930043;0.002203379351825922
0.0011647103925338936;0.0003283276902350748
0.0006054380065602047;-0.004887414004508943
-0.00046122309184348255;-0.01114529993235432
-0.0013556443809975395;-0.01523044123437954
-0.0013879577830624163;-0.015156752228842735
-0.00018198658106278825;-0.011287530963041942
0.002045244622434579;-0.005927375948705277
0.00441902030975645;-0.0018534777922040264
0.005720121466223588;-0.0006861996050439163
0.004980640227504414;-0.0020148637753222244
0.002006869070695366;-0.003820311379355147
-0.0024997771791205026;-0.003960035183433065
-0.00726779636910444;-0.0017315939596852135
-0.0109950503875363;0.0015447703369456266
-0.012797080153109689;0.0032750611572285714
-0.012388225229405293;0.0011617272648641933
-0.010027255930728635;-0.005274841498220509
-0.006365113733930792;-0.013942915003344478
-0.002256881615656749;-0.020642943816718703
0.001505522469094607;-0.020896758428649506
0.004501432813610828;-0.012657668169103001
0.0067817273228930365;0.001564922782785504
0.00855304374827692;0.015100689512848871
0.009681317058770041;0.020733764509215366
0.009572769770904757;0.015506911987631305
0.007640609147414498;0.00292671019400913
0.003910636379500167;-0.00954289048665401
-0.0008173951656863269;-0.015768671685941184
-0.0053519615621010685;-0.014719236114135484
-0.008657857080175732;-0.010048599398057575
-0.01017974223824599;-0.006502279954771346
-0.009872061569755935;-0.0063194355442383315
-0.008105838789932915;-0.0080891597753675
-0.00557032401077655;-0.008344256739621756
-0.0031252743583552217;-0.004447414716829372
-0.0015511711773247984;0.003241698131444899
-0.0012746437417121234;0.011385885521405553
-0.002213957620235884;0.01588265000613827
-0.003801921794982695;0.014646272801997701
-0.005102802334986735;0.00886020595991332
-0.004934934303538005;0.0018547117400075429
-0.002100915380576274;-0.0033249306564436714
0.004035156682973285;-0.0057010453564154935
0.012664511003963704;-0.006274432022360861
0.021040228410538025;-0.0064763832928821105
0.02537071600493896;-0.006784517349408182
0.023204131992196536;-0.006811048755599686
0.015659641117712793;-0.006478262122496647
0.00723310525349782;-0.006589572956255525
0.0028078234572601413;-0.007846895027965893
0.0042141950031851505;-0.009429311150684287
0.00912358481600405;-0.0090930925253421
0.012937985311446212;-0.005154438966569197
0.012075153409678118;0.0015622299896512854
0.0063389426045746015;0.00794368953795966
-0.0011570091396982548;0.010903854613200176
-0.00635952237460843;0.009634481092194702
-0.007119894815906479;0.005921370677610359
-0.004359297629443137;0.002650544407483164
-0.0008559662761215582;0.0019400248557478153
0.0010812712414479226;0.004003811314162248
0.0011081955293349476;0.00704000054525577
0.00058295949369946;0.008169586628459768
0.0011253340952439312;0.005225114373218768
0.003256553218212124;-0.0015752159390360345
0.006026250915582973;-0.009434971761423497
0.007730946693446992;-0.014626793627553694
0.0071497814718742714;-0.014724706511583412
0.004458593869419474;-0.009771187536769818
0.0012123370581330465;-0.0018778465172866277
-0.0006029504044498846;0.006029296761610666
0.00018353857865830141;0.011486532033524881
0.0031889904269992685;0.013459773364747497
0.006644925834573832;0.012801363908823468
0.008281634063092062;0.011783466130990164
0.006420044025011969;0.012608718237239478
0.0007899010205038895;0.01575273970169706
-0.007219721098083741;0.019457038115561622
-0.014992831038837862;0.020882630453308407
-0.019737150035974937;0.01810733406281005
-0.019810107588369978;0.011538996952550165
-0.01568383507339706;0.0037720255741400246
-0.009905725217615378;-0.00200826226412477
-0.005884580034575042;-0.0039602812484055205
-0.006082441167716877;-0.002518131638297349
-0.010676649136543936;0.00022841909126474245
-0.017504045511956456;0.002081462720744919
-0.02322865335367636;0.001997692084334947
-0.02492918409061961;0.0002408333372096446
-0.021298531395328134;-0.0024302774778607625
-0.013147330820158613;-0.005607800638587754
-0.0031848486873894415;-0.00923019158338677
0.00502155082899242;-0.012743046554110904
0.008790084605610619;-0.014443838099857236
0.00789407464382415;-0.0121117225378615
0.004693744723349181;-0.004867657565717343
0.0024924619908751346;0.005269036997226759
0.0033352093842098076;0.013901349732224969
0.006918284930639324;0.01694874864419437
0.011158975521718833;0.013397897523737386
0.013653350568330724;0.005682181289842096
0.012951659047303398;-0.0025187115243569666
0.009082183788716051;-0.008851751225784469
0.0033138984082694066;-0.013028095884371772
-0.0025175463648505975;-0.01566446660769152
-0.006705393814180026;-0.016906065398325208
-0.008126796007131731;-0.016221161583615293
-0.006441106632052489;-0.013256589891428264
-0.002136333720788903;-0.008649365494350256
0.0035295048061930135;-0.003918688917049181
0.008766316096001195;-0.0005126215869647644
0.011759717817726565;0.001127017045188283
0.01136501035389918;0.0016188018593653413
0.007663628869225997;0.0017717592145470576
0.0020100453993829952;0.0016611872073077532
-0.0035604986326326243;0.000598500063815702
-0.007315196108521506;-0.0019362223576596897
-0.008661216510514597;-0.005300072199667291
-0.008296848985732245;-0.007658568811694141
-0.007529853034835919;-0.007119632234943317
-0.007227505840810432;-0.00318781180671701
-0.00718914552873509;0.0026365504789695356
-0.006413945831926412;0.007641582655809767
-0.004006445139584797;0.009545603860393551
2.8062160024131705e-05;0.007855219973053558
0.0046740809984856906;0.004040487763591597
0.00843976503320938;0.00047933362178538097
0.010039232738055636;-0.0010382591453972619
0.008817970550985573;-0.0001909250086598537
0.004909514332475739;0.0021452939430718866
-0.0007165370673219623;0.004891911046716912
-0.006363666933240593;0.007465008371803218
-0.010118522821462273;0.009573268139122279
-0.010756799561998969;0.010617305551189966
-0.00851241282629227;0.009738460357913892
-0.005040520145312088;0.006754589900749814
-0.002465274322806067;0.002913137584157772
-0.002136625194968288;0.00029953914265033033
-0.003915106439901131;0.00018489469109237813
-0.006365263143511061;0.0019076359252838103
-0.007633742079083839;0.003433176926880174
-0.0064560021947962735;0.003022720292212243
-0.0027712205198721987;0.000456376437039022
0.0023052474464980727;-0.0030595175572264042
0.007068068372136682;-0.0058844242607986935
0.010029823955257477;-0.0069228034593743545
0.010540785923248558;-0.006071668948047242
0.008933427211724076;-0.004122506974996224
0.006162574273280309;-0.002281990821477202
0.003193536643674638;-0.00151045070630757
0.0005387836679556367;-0.0019805929163332083
-0.0017629995698277285;-0.002997492853615155
-0.003743165890683253;-0.0034880274826449334
-0.004995555084185558;-0.0027674906423488894
-0.004486170284804147;-0.0010583917866097063
-0.0009460575326341937;0.0006291409437326528
0.006224537377795967;0.0012218615585003012
0.015997844234656767;0.0004074925260818822
0.02542846640448255;-0.001142057558529985
0.03064703163650896;-0.0024793235544729253
0.02898523216028496;-0.003488563107121597
0.020900733354847705;-0.005184961393847324
0.010011812857703762;-0.008464251238643158
0.000939533168063513;-0.012214921687340095
-0.003404547254038904;-0.012941095051445488
-0.0031022562691994608;-0.007075433977258815
-0.0005147066930680708;0.0054813010427747985
0.0015427411069266778;0.019727221095150693
0.0014332370965397558;0.027863506078173145
-0.0007273742849802168;0.024478636707701507
-0.003619187716673669;0.01088052077065514
-0.00578612293622148;-0.005101935934948685
-0.006481865576671833;-0.014182611728775772
-0.005875845277908646;-0.011771179482685353
-0.004660183301514877;-0.000509669399922309
-0.0034561436746889246;0.012255528533506083
-0.0024801431879887723;0.019425561265211246
-0.001648758740603521;0.017796115601674573
-0.0009296433322432597;0.008768026267815306
-0.0005758367708717706;-0.0031055550601743914
-0.0010001565642692367;-0.012366707483262693
-0.002352243060255361;-0.014927028258695354
-0.004142305599508837;-0.009848256817067722
-0.0052988672058104855;0.0001276983278771844
-0.004775691200461159;0.009801654126727571
-0.0023716174571973385;0.014035209813225244
0.0008602896379234352;0.010310328174083776
0.0030340965798237285;7.265686993890253e-05
0.002487715677417512;-0.011819257019943429
-0.0012198891055980932;-0.019423448419996957
-0.006995958465549898;-0.018836803242164545
-0.012683753070369246;-0.010455467541654747
-0.015955453739810124;0.0011386114361334695
-0.015212481869995359;0.009865674753328122
-0.010262383754771481;0.01178854863988261
-0.0026229077029572352;0.0072407298178862
0.004783109426331647;4.964865336445612e-05
0.008722263513868822;-0.005360717075268286
0.007233735242211909;-0.006802746412080251
0.0007934574699626513;-0.005276753634551732
-0.007828762960780297;-0.0036998732229148457
-0.015027532121180423;-0.004476942902758901
-0.018186574361265053;-0.007637827996384083
-0.01678977900005134;-0.010873251278200286
-0.012389427642171925;-0.01143018463931266
-0.007677047501179541;-0.008360029272469233
-0.0051525026904650564;-0.003310060909282641
-0.005900069150951241;0.000730688021157127
-0.008988578543431335;0.0016394040835999123
-0.011872996581644748;-0.00044567741366786993
-0.01169952336730638;-0.003491847009513686
-0.00683562358138272;-0.005154741117422018
0.002241434631422086;-0.004203929164225139
0.013162400572347653;-0.0008935323745932281
0.022776427547443218;0.00352599274140424
0.028476346322395405;0.007432416321536555
0.02909002410598088;0.009231092341080525
0.025081423056956792;0.0077266841893518555
0.0181638570083377;0.002716111826357468
0.01054259265371579;-0.004431332594870066
0.004035452003044863;-0.010887162926333198
-0.0005779092365671704;-0.013592262970709033
-0.0036142362069103797;-0.011034372835946698
-0.005888082451996495;-0.004251995620524883
-0.00787312453310885;0.003794606296587979
-0.009246871175272313;0.009989963931626324
-0.009126630953782154;0.012605751967122394
-0.0067585807147786114;0.01170207410191886
-0.00213620731066696;0.00858685119429164
0.0038216756238676646;0.0050515351748424905
0.009546759127070797;0.0027194571861626333
0.013352909342695521;0.0024624879656666935
0.014035507532115089;0.00405129363669663
0.011384857163176889;0.006404802758534071
0.006399057260250474;0.008359135679623228
0.0009637034153124686;0.009284366675195822
-0.002999657755107863;0.009039638252238103
-0.004492149802161717;0.00754712643882479
-0.0038753369449797035;0.004665312619004355
-0.0024756049933007834;0.0005727033581683039
-0.0016573085521987081;-0.003834300451095518
-0.002038665535445322;-0.007120994508387355
-0.0033389795589290018;-0.008073090743086665
-0.004811388471089102;-0.006446577821195239
-0.005822980756857742;-0.003132627210590658
-0.006167115925468438;0.0003303655146746125
-0.005995629110456012;0.0025170704062835343
-0.005543954242062776;0.002721471432159408
-0.0049121486395689975;0.0012085034268313835
-0.004060220964768871;-0.0009008691228685795
-0.00298492406376574;-0.002078563282356107
-0.00189550327301453;-0.001102732833220549
-0.0011882827115546613;0.002197298866504089
-0.0011633664116187713;0.006594737255005581
-0.001667568467739371;0.00989713408141826
-0.0020064880704793687;0.010087913278165047
-0.0013446011538638283;0.006542813685572374
0.0005938300705995545;0.0005225169130611797
0.0030755070668277294;-0.005422149758037728
0.004631342833259252;-0.008808959955716032
0.003963771934892062;-0.00856600677641222
0.0008451516175310652;-0.00556317974220891
-0.0036525284462757077;-0.0019689527677248008
-0.007730747965885782;0.0001968916161867372
-0.009810952858349774;0.0003094435471610711
-0.009265107634895246;-0.0007649256599400775
-0.006584801144875261;-0.0017557348248304298
-0.0030143953188077905;-0.002229932521656167
7.27385104083906e-05;-0.002815593511573244
0.0017403419113242327;-0.004258409353930327
0.0018164993123818988;-0.006326647519116764
0.0009384858249679187;-0.007678783135390462
0.00030054258370655363;-0.006829479758492212
0.0011022837444534723;-0.003363926539151712
0.0038505923262463046;0.001589910486185865
0.007894232423019891;0.005989271929223587
0.011574271382062282;0.008156337432133315
0.013014698405742679;0.007811482677955642
0.01111355585970108;0.006128212259400518
0.0061386105950021735;0.004786087001807262
-0.00038920582497291745;0.0047636218559402735
-0.006396797803319668;0.005780659784113916
-0.010144860202310204;0.006687358491711383
-0.010882565348466247;0.0063256033548737675
-0.009000300431964819;0.004215315705747519
-0.0056683255033274866;0.0008093948481699459
-0.002243718952809295;-0.0026257463917231123
0.0001683797798824474;-0.004474418147491853
0.0008485875714851629;-0.003562291050601217
-0.000498976202830244;1.5105261882091532e-05
-0.0035206900654034087;0.004596670844143996
-0.006855969622268977;0.007608312040611294
-0.008127458429372444;0.006949376474141896
-0.0047652923782040635;0.002306208292683171
0.0044194742469921494;-0.004434133316995533
0.017776883886420368;-0.009978873717977073
0.030688527444727026;-0.011329418842766427
0.037438748983737516;-0.007630141568614058
0.034395209841021866;-0.0011210239526272194
0.022462493803334427;0.003768760492903432
0.006833916574782745;0.003231357442470342
-0.005986095517458692;-0.0028152614278343304
-0.01175170870060443;-0.009943565545316066
-0.010274412386179722;-0.012087077858975009
-0.004709989478873291;-0.006266057550715264
0.0007568142395837949;0.004713949085033761
0.003282993624592433;0.014060241034825643
0.002502457488096395;0.0158925871887429
1.9706472117203964e-05;0.009237768314353587
-0.0020743004146475067;-0.0018480043126165445
-0.002517084642704682;-0.011587362437590955
-0.0012919870307220751;-0.016254006840200567
0.000791175662180912;-0.0157191996737368
0.0028311800767587773;-0.01235289081832813
0.0043967423038489845;-0.008870773002749625
0.005637243370751782;-0.006942480457507586
0.006859710732912612;-0.007047403662695549
0.0078040891013313445;-0.008729164392039154
0.007241447115370648;-0.010506563366747755
0.003476301360105452;-0.00997065724948574
-0.0043716366112555045;-0.005066175547461645
-0.015174377925984651;0.0038533498360669083
-0.025629070324268956;0.013173796828179467
-0.031467970786335286;0.017719816141329177
-0.029569925705209384;0.01401190580825148
-0.019826290353193245;0.002731660144315363
-0.0055585354875000445;-0.011174142530738267
0.007911783967785595;-0.020756781070163727
0.015795995973504402;-0.020611260622084168
0.01610347497958165;-0.009934145474130636
0.010466446155604386;0.006826115502736182
0.003091784802133986;0.022431444983686127
-0.0016684368953980764;0.0308588932269604
-0.0018360195928746115;0.030040840750605376
0.0011249020876805103;0.021802812466149877
0.0034992009192741837;0.009919605549174636
0.0020166053016825998;-0.0017430588675418997
-0.003939613721620622;-0.010093015855808655
-0.01218007976965373;-0.013190558216719937
-0.01935576257168849;-0.010760468875522027
-0.022828092634997053;-0.004579270087070973
-0.02160594339413383;0.0019695619392275086
-0.016402715333820022;0.005340434912045356
-0.009287568670512388;0.0036314612054396266
-0.0029689493177004786;-0.0022107484963849408
0.00038845311802708065;-0.008586590443823117
0.00032571002755596884;-0.011112705332847118
-0.001655839657305273;-0.007434106673308575
-0.003061477981273771;0.0008436970639928305
-0.0019077592313193534;0.00889551466068
0.002237675466560313;0.012008955355165763
0.008154524487131656;0.009048243550449218
0.013667296551822649;0.003213396427711562
0.016744308466361057;-0.0004920391985089665
0.01648682190897502;0.0009937692416844978
0.013500683459511203;0.006635404570644532
0.009487679953585038;0.012146228178799868
0.006368303350936244;0.013119264050633628
0.005398248785917368;0.008220403200057723
0.00659257034786152;0.00016591783997759517
0.008672013394046513;-0.006232451540945566
0.009693606301573806;-0.007457363822802129
0.008208846631084312;-0.0035416420693744903
0.0042851830378203126;0.002352288609074828
-0.0003708514282302896;0.0064242986819052035
-0.003356959020671548;0.0067876773726524495
-0.002994447261086671;0.004334347597781684
0.0006429434502607979;0.001569391428260154
0.005678208499672731;0.00045974747083823005
0.00939109580704337;0.0009330831458130733
0.009643690514722626;0.0011666447743547245
0.005921352671738408;-0.0005813824288253108
-0.0005844825926998249;-0.004176137922284735
-0.007699102990735827;-0.007472542241579997
-0.013152448844914523;-0.008041602591159946
-0.015208281456824445;-0.005303647484759911
-0.01310011540117541;-0.0012359906710458894
-0.0073865165701261625;0.0009901796401623494
1.4243078084870564e-05;-0.0005996296346696284
0.00644784615744751;-0.005212874091837408
0.009695100262178508;-0.009744388747375021
0.009021459029288015;-0.010939566999810078
0.005387368868742738;-0.007694307461341249
0.0006815758924571853;-0.0018293459396189226
-0.003448407568188174;0.003174283714116989
-0.006356033167918878;0.004482640791844516
-0.008330218958585791;0.0015940448256192654
-0.009941194565606729;-0.0036333131384660815
-0.011395547351453024;-0.008371043748308167
-0.012345260832180882;-0.010512263431189883
-0.012165919316176076;-0.00960250380261956
-0.010406495161458468;-0.006668288685489785
-0.0070959082124516645;-0.003334222578930861
-0.002771389768705004;-0.0008888188860004545
0.0017164756449367193;0.00023123946831941298
0.005480278084771519;0.00041422120771976846
0.007835588284662848;0.00043361285807566623
0.008456977974417136;0.0008535469017919789
0.00744731123762627;0.001593074902261557
0.005310164393191458;0.0019238817693354355
0.0028012143342342425;0.0009743283829219684
0.0006676424677517263;-0.0015107708371368816
-0.0006394035738760907;-0.004654930466561788
-0.001131538893264122;-0.006631782573638521
-0.0011993126799509275;-0.00559842537016052
-0.0012855235971337624;-0.0009098059515272524
-0.00150984352593366;0.006156515119997698
-0.0015080461332118184;0.012765662948772868
-0.0006316644955070511;0.01592796006026938
0.0015554528172190582;0.014113540075150803
0.004743943396938854;0.008029306949512814
0.007673927969408864;0.00013140306717069567
0.008519971076742931;-0.006644477670109875
0.005789425234861199;-0.010093080603522235
-0.0007206531786551433;-0.009403159018832156
-0.009495564779729048;-0.005301555812554847
-0.017755055117544164;0.00015022187833829383
-0.02265009658119202;0.004130148017941614
-0.022607057417324213;0.004117027552102213
-0.01807997310922455;-0.00078682932821428
-0.011276163236363523;-0.009020572851566966
-0.004996718816033035;-0.016969936372217685
-0.00122875353084857;-0.020595123866553367
-0.00025697560000665986;-0.017421532904973978
-0.000757703185161266;-0.007927318375881006
-0.0007693140532423898;0.004224822296448023
0.0010725625939730194;0.013470653143230066
0.004782538691442408;0.015223255390036982
0.009154076066670356;0.009138496122502055
0.012536966589640973;0.00012230757658345456
0.013630467816452895;-0.004661233254968302
0.011867246967772884;-0.001044457461111637
0.007476658703759141;0.008892064926248102
0.0014695666586427706;0.018305580945770932
-0.004504199165465695;0.020423686150892347
-0.008653883253599119;0.012862452945221554
-0.009858870354153943;-0.0012955184858626202
-0.008322092671319016;-0.015596046816790362
-0.005525335379372872;-0.023671246687262767
-0.0034008733437195147;-0.022191669126826404
-0.003220350804918441;-0.012166729796566635
-0.004878803047674824;0.0017358189348950636
-0.0069334253620091865;0.013373941346213393
-0.007314241535473764;0.017756019156214886
-0.004381842452934065;0.0130516732979681
0.0020485216124649847;0.0013901500376415014
0.010155090387411784;-0.011802096898554848
0.01654261538339369;-0.01996200571631696
0.01794479266878741;-0.018530499880625342
0.013601863017541418;-0.00763918169109303
0.006590281109714131;0.007556955894866473
0.0024270107623734958;0.01982183329194121
0.005320627517584668;0.024536063519380164
0.014829817725782313;0.022623098510585044
0.025718288888287782;0.01910689453166694
0.03123088266871654;0.018417417162402038
0.027380016515616067;0.0205600581343626
0.015321287671412047;0.02145217368436035
0.0004778063734068176;0.016899936129434228
-0.010737969200126235;0.006561849144949357
-0.014414029988897358;-0.005436262214267899
-0.010791225829289207;-0.013475443886953558
-0.0033765211412058564;-0.014349889705676477
0.0035437324463653127;-0.009105793169834866
0.007204841488065744;-0.0018608247855557906
0.0072024866073297404;0.003059651510173356
0.00489592568642769;0.0036152857722091016
0.0022721496990021086;0.000884752097188178
0.0010124472303366387;-0.0019343039471829762
0.0019032779423355968;-0.0016883281616314
0.004534416705461229;0.0026548185828405234
0.007453247604958143;0.009317177402313406
0.008936871653154667;0.014851892583570956
0.008054501837266031;0.016227212569041537
0.005294955635281017;0.012384365410382042
0.0022545499170454823;0.004498961634156297
0.0005158772715246953;-0.004723135321425173
0.0004133839698113602;-0.012052561010631211
0.0005869095787069154;-0.014823156523338887
-0.001147811159837144;-0.012075705761584527
-0.0060279264466592;-0.005257756300999446
-0.012969352707599474;0.0023135397311835173
-0.018803610893252217;0.00727854848422727
-0.020159065927649673;0.008187148586380578
-0.015717278848263353;0.006088315459436381
-0.0072591400978568275;0.0033611364854331536
0.0012303465470604846;0.0018717124826157267
0.00579631239820004;0.0019337630260417606
0.004609619797622803;0.0025987217829499545
-0.0013232263516652816;0.002663609097497413
-0.008964059233294108;0.001511966180547498
-0.014756064188015935;-0.0006504454338636361
-0.01605860469464404;-0.0031242343212992364
-0.012218758098789322;-0.005293916140910797
-0.0050721440831415;-0.0069830432876216856
0.0016151642816515364;-0.008245343809143688
0.003983889738182585;-0.00884028971915425
0.000399019047803848;-0.008170468797481905
-0.007285746616385234;-0.006073098004669423
-0.014552410365856168;-0.0037129053722364073
-0.016749107469075326;-0.0033003627011582585
-0.011752528344564974;-0.006389691904129807
-0.0011212101127086682;-0.012137186280449092
0.010843292735161887;-0.017252050762223775
0.019365226800895113;-0.017966233272730416
0.021381712129747852;-0.012610273314037393
0.016596570132795432;-0.002885947808632936
0.007206785746154275;0.007059862623721532
-0.0032687699762930828;0.013041954929491499
-0.011479349580971075;0.013042907401354059
-0.015509834588906894;0.007912568077955007
-0.015409411286012113;0.0005023576563616989
-0.012704307425187777;-0.005876916690443288
-0.00922979229498332;-0.008793801854806731
-0.006143457865661837;-0.0074783525440091855
-0.003768958505820806;-0.0029603783646010248
-0.0020774434908766557;0.0025666717777374747
-0.0010614444376861173;0.007024273577141962
-0.0005897550323907367;0.009558508169274869
-6.983201252724894e-05;0.01048748709724442
0.0014935929353638217;0.010111389221199592
0.004872553241122338;0.0077202269255395905
0.009838289601463062;0.0020660750890908975
0.014893961396895675;-0.0070316373881891955
0.017923110140063977;-0.017631430768599646
0.01749086374460683;-0.026394168519180083
0.013863053736075156;-0.03052147181588139
0.008839909746281282;-0.029133447897213772
0.004472527198390936;-0.022989590196814045
0.0017426777466360837;-0.013289514424402077
0.00022952788945508173;-0.0011758881248149923
-0.00118070833579311;0.011597384917805265
-0.003266976414362628;0.022107149579577524
-0.0058927654360690866;0.027080745186643804
-0.008191953181333814;0.024657057570258517
-0.009282887127411252;0.01557691485155338
-0.008924454795476582;0.002986069286510247
-0.007648718904918082;-0.008785909789845291
-0.006374776616978209;-0.015766779299915542
-0.005864724150857465;-0.015757902594203264
-0.006351319405726606;-0.009269577435193199
-0.007449655540939887;0.000522618846350989
-0.00836655514424009;0.009130594742366709
-0.008376825198195671;0.012975722994698314
-0.007332528720349091;0.011208908646385208
-0.005782494253667339;0.0059140140111170305
-0.00448772695092497;0.0005973158998720573
-0.00367120034738806;-0.001929885408104402
-0.0026858823970104372;-0.0008982856103698448
-0.0004994882155349733;0.0025084299148593068
0.003322455933107116;0.0063296352483145305
0.007954514187430027;0.009110321814712637
0.011589044820532001;0.010419760146225109
0.01251037442827521;0.010472886226847212
0.0101678230410237;0.00947094527178938
0.005487110158926631;0.007374766633405428
0.0003038486497968034;0.004228939406481202
-0.003581456038140384;0.0005288819991162433
-0.005125816000438272;-0.0028889302743101528
-0.004275537152299297;-0.005381548305530787
-0.0018109545471053405;-0.006882374731162787
0.0009747367363823176;-0.007675801707980813
0.002673430572240228;-0.007799216351806636
0.0022661565421946265;-0.006806353256640718
-0.00035973111543096726;-0.0043069872637333
-0.004198563439693839;-0.0008482156720940736
-0.007503383902477784;0.0018030893688569674
-0.008653859014520596;0.001533522343594398
-0.007027134628805169;-0.0025523848400077344
-0.003348932119770977;-0.009121001496993507
0.0006787476960840197;-0.015109414343825687
0.0032673118559702324;-0.01747800480507113
0.003465079540377203;-0.014957091746515556
0.0016077283560313063;-0.008637902182187527
-0.0009408064236178877;-0.001190877230019585
-0.0025718594102793293;0.004641279961669717
-0.0022737780517052006;0.0073661379315565646
-0.00010547706301765166;0.007251186168160217
0.0028754222630906203;0.005873920649918455
0.0051699805437975714;0.0050108649904956086
0.005633809143103321;0.005516676323354034
0.00409153614218251;0.006928900668864335
0.0013631559866469113;0.008068269508520451
-0.0013367780038939208;0.00809519282590555
-0.0031861689448026294;0.007119183745586108
-0.004148626503828826;0.005948869210912374
-0.004706406985658789;0.0053462911300416385
-0.0051439203476018715;0.005435128834488084
-0.004911468673038893;0.005628506875470402
-0.0025967910583324125;0.005029453732027388
0.0032967834878411917;0.003038975552778282
0.013076809141291883;-0.0001221806719895989
0.024848283491688068;-0.003252009322501643
0.034628516985690756;-0.004612399778633407
0.038008514052465685;-0.003036219164334181
0.032735079356625986;0.0008068304276062042
0.020517843012149088;0.0041543515728484845
0.006442263908932967;0.003833360578220554
-0.003916245086259447;-0.0009484107556790463
-0.007664860061316808;-0.007298281927839165
-0.0058770071078402255;-0.010659072100775619
-0.002378796026669346;-0.008757096705643534
-0.0010863265310506937;-0.0037918916740777874
-0.0036292637854061895;-0.0006472758968820101
-0.008663961181481489;-0.002741038090083345
-0.01314734238335549;-0.009286811832046167
-0.014510310347952757;-0.016123835453799
-0.012139671563556356;-0.018897307336737154
-0.007304512348012791;-0.015762645582295714
-0.001948439738183018;-0.008006235843580607
0.0025353867794669417;0.001011083938654966
0.005755738090974741;0.007523144416935422
0.007989447236145229;0.009056882197833483
0.009541580373021849;0.0057279448669771355
0.010315017481713528;0.0003494347192214395
0.009884460540779606;-0.003134203879286835
0.008017264032978625;-0.0021253848893038594
0.005223193540117775;0.002946429415890273
0.0028158038105845964;0.008955706339656722
0.002294335518988442;0.012120357340527932
0.0044011566669913075;0.010311848103071439
0.008513891064028122;0.004255189080270232
0.012801618340896949;-0.00289548698208658
0.015026688895603088;-0.007250741628634186
0.013517743027756905;-0.006267268844267578
0.007898631531565286;-0.00013619099479657683
-0.0006137739864856927;0.00833171985296092
-0.00943963206089748;0.01527771137678656
-0.015497755312682415;0.01781961989214496
-0.016601938697319664;0.015283794285461411
-0.012799202311201414;0.009077550832472556
-0.0067011006144507565;0.0016082347555460485
-0.002248945016363234;-0.00484000582200745
-0.002476119486958365;-0.00864752938300222
-0.007744945417564722;-0.00894193628015418
-0.01564307836894373;-0.005725588093100299
-0.022427997324910232;-0.00013964636091220068
-0.02490843634549152;0.005603988620053513
-0.02177941702475517;0.00896491602371306
-0.014120295375934412;0.008215645972386377
-0.005054939567798437;0.0034060743070323256
0.0015115644452449138;-0.0032982428356769836
0.00284930674492486;-0.008269879144496738
-0.0009557477274609652;-0.008252604221721388
-0.006924811946133915;-0.00271757145448316
-0.01094332506258729;0.0049825084002401345
-0.010187731773150051;0.009199847199158123
-0.004579838543465994;0.005817860336795228
0.003496690385918336;-0.00443766069148871
0.010721938025115823;-0.015968485465881574
0.014527370791852734;-0.021747308695222595
0.014089195894208062;-0.01771076151568962
0.0103344668410943;-0.005185587603831143
0.005187847507743678;0.009823417986413691
0.000588968094137655;0.019825316992494818
-0.002199159210835019;0.019975693480304882
-0.0027823403758915656;0.011066888741598464
-0.0015224576980512178;-0.0007885939199865234
0.0005799268708258014;-0.008190104004316806
0.002032335797140648;-0.007497302063861944
0.0013304760909783183;-0.0009444629164813595
-0.00220650430484983;0.005672400460141917
-0.007792663470622719;0.007439222549596078
-0.013364248112938487;0.003292330457096455
-0.01663663913371164;-0.004127325436201419
-0.016345740176842247;-0.010700877732957689
-0.01284140767139613;-0.0131966443229821
-0.007715568800068714;-0.010614196418447753
-0.002833990096971964;-0.004306839941100759
0.0005465236762069366;0.0029100244161975436
0.0020985891818609166;0.008211746601698967
0.002170381973193902;0.010031599556239525
0.0013004382580689817;0.008478483166253629
-0.00011406220149985488;0.004851489395952281
-0.0018231447761203376;0.0007783203139675685
-0.003505252731626871;-0.0024591533583976618
-0.004598043932042996;-0.004226668736265298
-0.004425767245599282;-0.004581894272377749
-0.0026267852554136763;-0.004142081730242958
0.00041423809995915796;-0.003711373994426534
0.003510074823956047;-0.003720942127013012
0.005142118368862665;-0.003853801713233595
0.004247959706349053;-0.003267009382277686
0.0008771594534905092;-0.0013685049698622968
-0.003699310143499906;0.001441477145335895
-0.007537525380478841;0.0037337225383287957
-0.008940031982214238;0.0038885676063761046
-0.007250358683281191;0.0012920578855268694
-0.0031372380141628142;-0.0029819521955316004
0.0017438886217261845;-0.006597300843161848
0.00557284549219332;-0.0073147559822976105
0.007304701876972934;-0.004407618239559823
0.007206037575811168;0.0008265015613487222
0.006617959653210054;0.005820479772630767
0.007086880551299803;0.008305817618185937
0.009443840395441114;0.007722876004671356
0.013357470008175642;0.005539589635200381
0.017485220246797887;0.004176710431658535
0.020058147052766633;0.0052055511471585355
0.019674362333795627;0.008109570003326402
0.016015256314508942;0.010546497699708477
0.010098448508973613;0.009899142020946659
0.0038181527163793283;0.00495205303061668
-0.0010358194627532184;-0.0034066929699723093
-0.0037037189519805547;-0.012656767987924412
-0.004741538122830488;-0.01968591615815356
-0.00544691112641611;-0.021785735597403107
-0.006767690175748741;-0.017472910764509488
-0.008487195445403778;-0.007201766682200845
-0.009394887619594183;0.0062469347523051956
-0.008394599250939347;0.018205694030895125
-0.0056265671374041495;0.0237512675290624
-0.0025751265814105482;0.02015810566276707
-0.001035214598037886;0.008786204537597316
-0.0018364622679350239;-0.005239404138555843
-0.00433341112192543;-0.015821700649244454
-0.006906258059212362;-0.019336942156383843
-0.007980606050319836;-0.016259199553752945
-0.006920493594988257;-0.010015966350954364
-0.004381469658082439;-0.004281064327094846
-0.0019833766008109416;-0.0007789479916328159
-0.0014013702954001502;0.001101626660660694
-0.003228781480296832;0.0029963145651665823
-0.006193891635752348;0.005690407151873706
-0.007342619717353454;0.008066865180947316
-0.0034346566033182967;0.007737352114026572
0.006933990959869721;0.0030861185193752764
0.021675414428024193;-0.004737553643316223
0.03532998609457953;-0.011679040709963534
0.0414701299442772;-0.013139065787345425
0.03637902094636406;-0.007398396160012482
0.021675488208571833;0.002676914916147836
0.0037959971395148616;0.01149255551639917
-0.009569978934655148;0.014967355851483186
-0.013665108953527728;0.013493717799472811
-0.008815968837855301;0.010878888240600511
0.0003706385961469443;0.010379036257864554
0.00788756179692294;0.011740188691494458
0.009541554094232563;0.011947495050042537
0.004787252647179036;0.008599988390866075
-0.0036268430140304064;0.002475285857974649
-0.011595808773472271;-0.002973133358603065
-0.015737340725092534;-0.004393304005560008
-0.014541829199499418;-0.0009979272713708858
-0.008499976477157101;0.005118897000454041
0.0003311267054963639;0.01061872999674392
0.00901445005598234;0.012990963401988971
0.014654269516159594;0.011656478001352973
0.015440974517150641;0.007704736112597936
0.011394702544287497;0.0028628264662482047
0.0043467843749880565;-0.0013803582529159492
-0.0029097302781051918;-0.004050206903768242
-0.007862252408231353;-0.0046396240157166565
-0.009257366624131678;-0.0032210747949503733
-0.007367694290741524;-0.0007367464647198387
-0.0035496536790054745;0.0010603502470408013
0.0005230290921921941;0.000466010757435226
0.0034884294066413533;-0.0028639419874738107
0.00457421443798771;-0.007255765653607818
0.0036375255230108702;-0.009872717932435566
0.0011680530735883878;-0.008707764381871454
-0.0017495068943682165;-0.004232937608007929
-0.003717415501697264;0.000689377008513874
-0.0036487521767918697;0.002749838554268362
-0.0014848378003401678;0.0006166498221829902
0.0014792205382892498;-0.004030379242619636
0.0030381904815923733;-0.007699576860141164
0.001244409466760728;-0.0075761693900148344
-0.004289584327672098;-0.0033783237187373105
-0.01184556452223329;0.002686403913857091
-0.01833760673415026;0.0075845469312844
-0.020914058510026288;0.009387813269057256
-0.01833971403805891;0.008184908038726525
-0.011400515443609073;0.00557274617640496
-0.002444123901138123;0.003297567183465138
0.00545184580675014;0.00209059309556886
0.009493339179726912;0.0014800070440564922
0.008335897563780744;0.0005201792968052753
0.0029496014366425234;-0.0013967798352561235
-0.0035899532120009427;-0.0044131903139444685
-0.0075989553918627325;-0.008608425412305986
-0.006727586069900202;-0.014090962996804287
-0.001063893660356381;-0.020447915571473387
0.007208228707575369;-0.026317189126397807
0.01506992718613694;-0.02992347508510355
0.019826465844978658;-0.030180113284742734
0.019669040701258817;-0.027123861376737758
0.013919255239341347;-0.021344033741179047
0.003320511853980705;-0.013470760918837803
-0.00979451181927428;-0.004564790894920303
-0.021943713092817018;0.003328027145734164
-0.02966555020915293;0.0077082797150540595
-0.030897970970034237;0.007116598816248601
-0.02577231194364274;0.0022002027257520015
-0.01635961106757158;-0.0045624666237381074
-0.005559014071894567;-0.010086766956249545
0.004169267955182738;-0.011941364685547042
0.011487661768290091;-0.00913830827265935
0.016022094892204734;-0.0024086975382311845
0.017739580987866693;0.006027452434158152
0.01651621266035382;0.013224811638917136
0.012274281738465714;0.016619321276572598
0.00554078520488253;0.014995677036960272
-0.002102944242233884;0.008859757070754431
-0.008230157054191589;0.00012024728353351834
-0.01058331237408623;-0.008639842709237159
-0.0083919025140727;-0.014860791843687247
-0.0030833210180208587;-0.016388202428769087
0.0022427725744014757;-0.011725502316141983
0.004402755113286472;-0.0006951176699640234
0.001946664643517217;0.014430651257350846
-0.003771020833665749;0.02846552733647366
-0.008995738928372656;0.03509402905781037
-0.009547746567058566;0.030808115628922952
-0.003420062255631456;0.01812174315707347
0.007675732604325441;0.004610002278216859
0.01897476547800948;-0.0023301680077147703
0.02520155763445966;-0.0007916529191433926
0.023420671926358327;0.004888381382443446
0.014482607683674063;0.008353076977760663
0.0022857141639040976;0.006423769329175872
-0.008530449673612375;0.0009368166117898582
-0.0149129266185292;-0.003675431179179865
-0.016365747483467558;-0.004428145685883258
-0.014279220686319016;-0.002019934506844682
-0.010499584462218168;0.00022708832749984549
-0.006353209254121849;-0.0005696885125137857
-0.0026327227083043285;-0.004480106851783728
-4.19251152727856e-05;-0.008842808295191322
0.0007245631504182086;-0.010388211177674658
-0.0005217969934252968;-0.007553246928007885
-0.0029752987562502034;-0.0013935515104263761
-0.00501889354703873;0.00522978461071521
-0.005075627617626352;0.009411472782612385
-0.0025202647213440348;0.00978362065650242
0.001938869018377979;0.007088780478908192
0.0065838695029161376;0.0035519230106327553
0.00952848872627354;0.0015360056849927407
0.009653883152444398;0.0023419433436312927
0.007104739124750399;0.005809891092845494
0.003033729189213039;0.010717868714810909
-0.0011546869828748957;0.01543931756226796
-0.0044223947008789075;0.018409253793216045
-0.006186995310373056;0.018442417503182974
-0.006112735547223138;0.015144161168445138
-0.004112857244565164;0.009311636622320664
-0.0006869136976337441;0.002882677139103743
0.002881874287890946;-0.0017969049399566464
0.004994736181611749;-0.0030546850782827775
0.004721488317710976;-0.0007167542635062835
0.0024862115566889045;0.003732355597947506
-0.00018223451430503018;0.007756908237145536
-0.001613880347378446;0.008966175507029573
-0.0009065555273549361;0.006334529384714698
0.0017181854074488638;0.0006635535838850408
0.005060760351928593;-0.006062446899670241
0.007383078127762184;-0.011922113324081402
0.007077302450000719;-0.015955324538878764
0.003446451395566339;-0.018154537288254877
-0.0028019104443164308;-0.01881049192059691
-0.009773867560494883;-0.017968283087565658
-0.015279926470442007;-0.015471742458524364
-0.017833354725610824;-0.011372694335111927
-0.017146139891622697;-0.006193517983877215
-0.013941015714600085;-0.0008650488986809593
-0.009368980279602781;0.0035187011323241785
-0.0044853491496551455;0.006023662859342866
-4.416296643238768e-05;0.006233462261801521
0.0034575630194012986;0.004501423351000203
0.005715183337462186;0.0018950372363589552
0.006661729627887642;-0.0002483930290912562
0.0065655728578019965;-0.0009713372266706465
0.006038703925588429;-0.00014659969510935825
0.005867627234834242;0.001601676707321729
0.006695233291819552;0.0034541167477363925
0.008688867972017485;0.005001518987738241
0.011377576793708728;0.0064316662249086646
0.01378794880985803;0.008149627166324242
0.014858139110160241;0.010107029921469756
0.01394209287847025;0.011347565873627374
0.011132092442433442;0.01018520744284073
0.007191156830932882;0.005080415015523456
0.0030959059594554642;-0.004164195993767556
-0.0005433142485490045;-0.015599097734348585
-0.003763907859532612;-0.0254276594392797
-0.006945680064189123;-0.029645860740259246
-0.010086513439580332;-0.02635690049508689
-0.012314185860183343;-0.017235822842113856
-0.012251481177677737;-0.00670512288485173
-0.009111224945286553;0.000999400903363462
-0.003637697040225801;0.004612270129580655
0.0019475539814264625;0.006014007118300552
0.0050638043630792;0.007760640402352108
0.004247036540733954;0.010492910138083287
2.512074484453363e-05;0.012577447399517716
-0.005389712346197701;0.011833176667838693
-0.00937167346065067;0.0073886693365095395
-0.010236409880744797;0.0002365564597596993
-0.007855261268223595;-0.00739194919731296
-0.0033792615313111255;-0.012991585828045674
0.0014797142983408857;-0.014611833467804087
0.0051239559991999506;-0.011545267469567055
0.006524672123513727;-0.0047954853205246445
0.005475883138323164;0.0030489014316533876
0.002634429192430537;0.008790898402261433
-0.0007086189447278393;0.010140498166200145
-0.003095958873260098;0.006957770238302923
-0.0034670048536838698;0.0014161795974667686
-0.0016354317254071407;-0.003178526730676767
0.0015000752888013665;-0.004327216712943095
0.004206733615338769;-0.0017774616135602752
0.004702258013853523;0.0025963165056779
0.002183030350156568;0.006324235924983949
-0.002520998430295458;0.007936284383136016
-0.007185344199489263;0.00738453241298359
-0.009316556270307952;0.005348867556968562
-0.007557102170941456;0.002432575797514446
-0.002495119842114097;-0.0010573479125258215
0.0036876625255902;-0.004872520215296302
0.008515931768175465;-0.008533627529125898
0.01055934780737111;-0.011181661134557711
0.009912302617817748;-0.01166985504981733
0.0076536358598694515;-0.009042914552607556
0.004913782594225334;-0.003314809017437058
0.0023211592659323137;0.003990027345751172
6.380243479960112e-05;0.010123765520521829
-0.0017799174432198562;0.012274629772577034
-0.003049979836142609;0.009017160760303539
-0.003533332157961582;0.0012903137999297552
-0.0030852830719706836;-0.007659089548284265
-0.0017759493387109143;-0.013556216984823453
-2.8432096099309477e-05;-0.013174791813067096
0.0014099450995348189;-0.006113196418737904
0.0018294890581031617;0.004846452192286488
0.001129538172943206;0.015024147570872365
0.0001751075839784242;0.019977622500049075
0.0005386836534581422;0.017390255651035167
0.0035668546634800725;0.008019445472745202
0.009191161089096516;-0.004470175932148124
0.015295690148777151;-0.014723311715408615
0.018382793474103824;-0.01777104129226844
0.015509810795926152;-0.01142660184247567
0.006402317707316702;0.0020836007992025888
-0.00581798527226229;0.01652908035134142
-0.01609519884905519;0.02463807447480332
-0.020283869594104376;0.02239429520760407
-0.017420166687369874;0.011833723067251037
-0.009901030528995982;-0.00016339723880123285
-0.0017060520698606797;-0.006688452503090322
0.0038957955969245177;-0.005597876230608051
0.00572948146923305;-0.00044661235136966393
0.004675631609783941;0.0029552088929713158
0.002609755741349536;0.001229599165654988
0.0011520195679791787;-0.004395791091994435
0.0009503453328580197;-0.009624287459182097
0.0017397870841480414;-0.010489026932988272
0.002915597600527137;-0.005861084604076453
0.004125739831999646;0.002283275468199667
0.005499405841091657;0.01032758132632792
0.007426788128770135;0.01493127500666514
0.010074594099543237;0.014405214765626584
0.012953758989435349;0.00915003748413446
0.014844116433749987;0.0012390298674774234
0.014217579915796984;-0.006506454863520647
0.010016266573709496;-0.011577360507163844
0.002382751829543747;-0.012690399377934205
-0.007107206197765018;-0.010269271599979417
-0.01592675052409385;-0.006183551867929262
-0.021621304251364055;-0.0026879062951378025
-0.02288165806121654;-0.001078943363368189
-0.0201149372837495;-0.001000928181416078
-0.015197505349919078;-0.0009978801536498576
-0.010513161499422163;7.747492904592695e-05
-0.007766263502050515;0.0019553546371614485
-0.0071968150444913235;0.003101838067954318
-0.0076262396819340795;0.002074719204794218
-0.007314091922611641;-0.0010064999823427335
-0.005128388957693084;-0.004191511669260772
-0.0013106958832690215;-0.005064018261555802
0.0026621072990415905;-0.0027452629348831115
0.005041975732882024;0.0011733594405549026
0.00494982431422337;0.0036554601170046327
0.0029081731191918595;0.002428723511958639
0.00045923384109360413;-0.0023237928856972624
-0.0007496101400820553;-0.00799431590877409
0.00020692130512768223;-0.011235471908643923
0.0030905842175397414;-0.010164750338630296
0.006452289590874919;-0.005650565010322513
0.008083776577757442;-0.0008032222144970693
0.006102663183432575;0.0010760166877929757
0.0002853165859544118;-0.0012603370075859387
-0.007340797438267383;-0.006198234977205373
-0.013368082517230217;-0.010498548789450087
-0.014920689214450127;-0.011484448064932616
-0.011301627515729438;-0.008358943745008921
-0.0043032348144562745;-0.0019291905524110031
0.002896098513467796;0.006340659235807676
0.007449751079005913;0.014745573779817186
0.008132404558090339;0.021182832864956785
0.005571867444751901;0.023346877976485783
0.0015276505288328985;0.019831356322277578
-0.0021534554470236784;0.011448299053498538
-0.004272594067358638;0.001363332929544773
-0.004452008129488514;-0.006536978817044397
-0.0029033410701275264;-0.009944477890921182
-0.00013467941405688772;-0.009271756562103653
0.003186175182574671;-0.006862607300155573
0.006285684829895808;-0.005128778190473706
0.008450556235433476;-0.005071859336256667
0.009316083991717834;-0.005990441277351999
0.009054585442022091;-0.0062540076360905
0.008254584185672447;-0.004579500243641313
0.007527472645875514;-0.0011295294109301634
0.007113226540024832;0.002261698605067615
0.0067569045276145955;0.0030706981643517013
0.005902666451167221;-0.00023428794272643326
0.004036831274761273;-0.006967942545611871
0.000984134444170568;-0.014292227764006427
-0.0029394067084773387;-0.018452951734700684
-0.006938071058596856;-0.016512944188169155
-0.009924255070224267;-0.007974454130531156
-0.010883441223848432;0.004317831604322756
-0.009328543815267865;0.014885185960913257
-0.005616912635171389;0.018434380761473596
-0.0008952850460792606;0.01352481624224476
0.0033166864735618314;0.004154595655925723
0.005627424708471944;-0.0026843227523379943
0.005139484532227795;-0.0019462104175577617
0.0017300861621707751;0.0059895664584276595
-0.003676087044858308;0.015918519370806607
-0.00905095437776082;0.021566077619498254
-0.0117884463462999;0.019450609264387294
-0.009856923205428466;0.010516320102960842
-0.003038114432443419;-0.0008208725510541712
0.006591697051797485;-0.009205483298289057
0.015429412671767066;-0.0110818030600002
0.020031936849218588;-0.0064223770082519355
0.018755915252487494;0.0013506492014548925
0.012454807838249926;0.0072528247838217165
0.003999405199814136;0.007435406722571888
-0.0029726942132140017;0.0011701095936217357
-0.005503333822905301;-0.008952245498238162
-0.002531980366581288;-0.018555156929613726
0.004463074808393727;-0.023690492210322094
0.011788860991455537;-0.022475617733064047
0.015038201243563133;-0.015564159175918604
0.011372410275602943;-0.005721863124775846
0.001411331227834803;0.0030634450901754263
-0.010689864871331525;0.0070005802555887725
-0.019456189924224824;0.004474090049057021
-0.0213403946886131;-0.0024985211304903955
-0.016754823356936656;-0.009098814040267625
-0.009496129085700153;-0.011035229962537056
-0.004129190034299648;-0.00785322074547698
-0.0032484679293521704;-0.003148848074751452
-0.006348844433422283;-0.0013208916056240022
-0.01070242679285571;-0.003715127911755864
-0.013287094392106671;-0.0074615993276134236
-0.012393451488192285;-0.007815075630109209
-0.008119219288592149;-0.0019574731244919536
-0.0018663705811525115;0.00863249810933855
0.004535920391240311;0.01879865094612198
0.009559861864410522;0.022783609402944216
0.01238216406113821;0.017797803725052658
0.012946730469115127;0.005897377301752198
0.01169164344751449;-0.007010498907897404
0.009109507693812314;-0.014434264194232861
0.00553170294220041;-0.012792627874599397
0.0013939763775688105;-0.003103978516530703
-0.002281612965174641;0.0097974970704531
-0.0038022964191766007;0.019723854651461193
-0.001465883296030596;0.021942766516302382
0.005306723165966216;0.015276115630955362
0.015074194306126602;0.0027947915274837932
0.024403252856783787;-0.009341206783551676
0.029067155448026263;-0.014774960056861564
0.025959636132797163;-0.010377027402738432
0.014732273712205174;0.0018065979931940945
-0.0017636202362908992;0.015587779602369789
-0.018469876631008433;0.024277022040448237
-0.030064556776314325;0.024592041229662152
-0.03308452113201006;0.01812641078040801
-0.027454016134739714;0.009480001073692464
-0.016643471098462096;0.002810392573881546
-0.006019724854185849;-0.00030704321349296745
-2.7167377917421535e-05;-0.00038360777943666923
5.8756463746527295e-05;0.0017768843415337792
-0.003692425098957833;0.005915931979619857
-0.007618602895491005;0.011574712802422457
-0.008651450956327317;0.01712909341662233
-0.0056526430629202425;0.020001407856684285
0.00032095059040672283;0.01790468058903782
0.006533910704681044;0.010042271155330728
0.009746679181973528;-0.0023254352041094527
0.007844873749466644;-0.015925253701584378
0.0011560852177302542;-0.026304260665975993
-0.007507249784747875;-0.029710373640851162
-0.014279580426361672;-0.025285311755228697
-0.016266616875470555;-0.0158186477525032
-0.012901079057339514;-0.006069978422248101
-0.005923783555038533;0.00016477439935854533
0.0017887243440595916;0.0019409181455730569
0.007697540466763711;0.0008577596542825118
0.010534278172542433;-0.0006641878464725146
0.010389048094901583;-0.0009905512116172082
0.00822781593682156;0.000143439028770508
0.005302218459631743;0.0020065917737465883
0.002721962294896957;0.0036232534619157334
0.0012172359927967132;0.004389719452763524
0.0010419620438106515;0.004353825559643395
0.001993587644405061;0.004160698447037263
0.0035353642216713545;0.004700523871024904
0.004999191796317326;0.006532790368446572
0.0058396537857348975;0.009328593920976467
0.005874678361364151;0.011734845901049003
0.005390387646948751;0.011954228951326345
0.004989976161055648;0.008876476162448313
0.005193802831768278;0.0030767046870806653
0.005998667760744415;-0.0031253954550587984
0.0067286613533272055;-0.006828763769025738
0.006397811987611404;-0.006305697727855918
0.004429620844345173;-0.0021203224894430937
0.0012047488842702233;0.003273837148883117
-0.0020506053789499145;0.007207285417267285
-0.004003109030985962;0.008482083276304701
-0.004024657350280277;0.00780140614819247
-0.002501409390722588;0.0066986538689878285
-0.0005051802407195364;0.005990971166446019
0.0008309361938220238;0.005193143789742968
0.0007650527794902409;0.0034172859124847904
-0.0009587161175211396;0.0008178073165625103
-0.004161615130054536;-0.0009612634931014044
-0.008132887784422374;9.645650948663951e-06
-0.011458518520658052;0.003988178860083133
-0.012248508282385875;0.00855752997630654
-0.009061647887627082;0.009673911879751257
-0.002091999839834019;0.004325551904982921
0.006356719607627462;-0.006917914387311684
0.012741932116409697;-0.0193514879874537
0.014111577609229585;-0.02643769236344561
0.00970352246595062;-0.024030467469454506
0.0012461219973672858;-0.013810894734692845
-0.008144312078251333;-0.0029340260980030425
-0.015553782181534003;0.0007298588062828881
-0.01927670558896003;-0.005488921329672549
-0.018952533028586457;-0.01690701470295374
-0.015279950762907788;-0.02510557354211118
-0.009687666207532664;-0.02425687662412994
-0.003949594185946146;-0.01496000416506405
0.00030374280346771333;-0.0030447247301469164
0.002044022447388242;0.004892984693017318
0.0011084519062921816;0.005545548059452258
-0.0018087808660996036;0.0001476434226004577
-0.005439956689761694;-0.007039928278115108
-0.008439344661432646;-0.011490358020060699
-0.00993278887721602;-0.010749664558908327
-0.009879249984092462;-0.005312251033383706
-0.009027086764603764;0.002133048069268871
-0.008414900793657807;0.008395799384676713
-0.008593748295451405;0.011295833500798708
-0.008946899619887332;0.010226056619780958
-0.007582877656326519;0.0058362870391157244
-0.002144913980154331;-0.0005473832461711311
0.008584887729872233;-0.00729506925910887
0.023075305287320446;-0.01266550577356163
0.03667152262184535;-0.015157942205723907
0.043380212647338184;-0.0142112517536756
0.039344909816623946;-0.010907099007800363
0.025762215562019238;-0.007848275976252659
0.008681040706087507;-0.007632275985393262
-0.004595065131276743;-0.010618558453898237
-0.009812146119902769;-0.013980313880898043
-0.007601454501282953;-0.013556683502232707
-0.001989510624305986;-0.007493596357713984
0.0027783727209962157;0.0015596450768578627
0.0047445233209542186;0.008110252335601713
0.004658255272091729;0.008242373605287597
0.004519590518937775;0.0029905190907988377
0.005683912757132238;-0.002298180430820149
0.00794673708456713;-0.0020908473641290805
0.009965761531248849;0.005066550929441334
0.010357582256024808;0.015392206100496042
0.008591760680213705;0.022514045727087467
0.005221691874120188;0.021836596123297837
0.0014751016448745953;0.013479663586257372
-0.0014898589000945802;0.0018553931581917922
-0.0032250215812975346;-0.00749910231876913
-0.004117898456025523;-0.011316080684321755
-0.004900011568382465;-0.009939027418936312
-0.005919979562992178;-0.0062324459102526585
-0.006780266444466609;-0.0033507139877457497
-0.006619731863131756;-0.002888074834590269
-0.004802650175266649;-0.0041960769772149175
-0.0015343099446700971;-0.004978291939537094
0.001969980598078145;-0.0028712271790214488
0.0038906383414571543;0.002770761213437623
0.0026526942421183025;0.010082486131551938
-0.002144752843130311;0.015643448766617007
-0.009200098191376908;0.01658644134492089
-0.015762685298606523;0.012282043818169004
-0.018705213327574955;0.00451066090045538
-0.016011983141883922;-0.003646403251973714
-0.00797039749227549;-0.009268753369754553
0.0026639536871804334;-0.01072931885514183
0.011861485244240924;-0.008192863308364547
0.01639174570108265;-0.003287813886068928
0.015529369265530536;0.001973297316864914
0.011223896184045061;0.006377641876871449
0.006658325747584337;0.009912535541100834
0.004284844240102484;0.013073211466447469
0.004574626496114694;0.01571235423761156
0.005938123592940765;0.01650255868493951
0.005594649904203648;0.013640427157368294
0.0010683043316413372;0.006441125209447657
-0.0081347779505733;-0.0033473893812362627
-0.019610039619403136;-0.011736499805391048
-0.028891746981523643;-0.014521945878320739
-0.031869912117477896;-0.010019613131037356
-0.0271394899902385;-0.0004578821828975488
-0.016598560337109006;0.009307641671253178
-0.004137408835367404;0.01492595326317889
0.0063678216290527405;0.01507282104049944
0.012504497665254693;0.01156058563718906
0.013749296362869139;0.007441020949047463
0.01107875385860823;0.004936276679420697
0.006231805001612573;0.004570599227328807
0.0010265703546112196;0.0055500421075890165
-0.003087229287617133;0.006671300770583105
-0.0052381346844284915;0.0070987355740725075
-0.005169115085247769;0.006703417354586221
-0.003187339946465493;0.0059480883031082545
-9.337820184244117e-05;0.005475268298142922
0.00295634822139712;0.0056225420718416875
0.004779003690160048;0.006103216266684191
0.0046818625250410134;0.0060884873716192086
0.0028974109871798995;0.004764895043072562
0.000564206545892026;0.002032679923981031
-0.0008761470371093177;-0.0012728689532104424
-0.0005445874150890225;-0.0039470310023570435
0.001336258972503842;-0.005360928393395624
0.003615178624613916;-0.005963128475159424
0.004952822091359407;-0.006842209120334643
0.004597382457013828;-0.00867859764772862
0.0027340243038592484;-0.01098805404722318
0.00031754457506436137;-0.012311463028834959
-0.00142235954079936;-0.011188324116880945
-0.0015743543560843296;-0.007172874633868867
-3.3880535832524375e-05;-0.0012337108638097907
0.0023521633482019837;0.0046475370306063935
0.004169007395853712;0.008403909865592708
0.004229544185145398;0.008798787225861157
0.0022968132372828466;0.005826934694763337
-0.0007890777800305471;0.0004961221956929289
-0.003669432820489031;-0.005615174390163056
-0.00526872017914772;-0.010574665096053707
-0.005265053270875051;-0.012218838858584024
-0.003992905467340313;-0.008834108770075656
-0.0020016265436661744;-0.0005572954613550893
0.0002932450600138096;0.009657049909138222
0.0026143081717747685;0.017110501101543992
0.004631916830578122;0.01842333727746456
0.0059037901572978795;0.014138695532761035
0.006037082123898909;0.008264979768477315
0.004882298128431643;0.004931047308081942
0.002583635227816982;0.005127164771837508
-0.0005041784875192218;0.00629085661982362
-0.003943853445810781;0.00472382171941876
-0.007339343740083566;-0.0014632261755808862
-0.010422886370789933;-0.011054506461892034
-0.013045741831943273;-0.020550097059336504
-0.015053538363629956;-0.0261576845149899
-0.01615500620093354;-0.025697983262564214
-0.015941296525121672;-0.019563051227361836
-0.014082088591211572;-0.010419801646353147
-0.010565643859986996;-0.0018954619528905611
-0.005823314484557022;0.003066614544821192
-0.000657063239231697;0.0033781699437786996
0.00400551282425111;2.9601780116587482e-05
0.007410204216389264;-0.0045913195580566425
0.009187833477757262;-0.007868803877750285
0.009412018043611886;-0.008088852898103937
0.00853154038431696;-0.005096159487720513
0.007227382923746609;-0.00025081889660730217
0.006206557441852044;0.004288561312396729
0.005939087081657521;0.006658009142311631
0.006412465707679382;0.006235260376221461
0.00705142910724599;0.003892918489467266
0.00691822946314059;0.0013245579061498117
0.005150341747502039;-0.00020676059870536152
0.0014372609741964005;-0.000840830292587525
-0.003684039022179873;-0.0019751062719927577
-0.008854913209236124;-0.004912224769212639
-0.012295119590456309;-0.009275685005025154
-0.012519242830328335;-0.012627919368298894
-0.00911956347731998;-0.011949496388323133
-0.003197088444205039;-0.00607618713803441
0.002910073352050859;0.0028251469914674756
0.006606591562136508;0.010115434967689308
0.006316458637576846;0.011493921673082934
0.002402271773836968;0.005825094844456085
-0.0028606152020827693;-0.0040633049540311356
-0.006428908106268654;-0.013187355671270204
-0.006231268861457685;-0.017452450014240454
-0.002374372375281111;-0.015767059442283248
0.0031411789430998917;-0.010018795550375888
0.008012883098862477;-0.0033791781159585262
0.011219131794676129;0.001672510256518491
0.013326117716182709;0.004405465179491971
0.01543465538166677;0.005592194824069112
0.017836307851100467;0.006461680841351151
0.019575302189275397;0.007738717111346887
0.019202061798815156;0.00931532349382382
0.015947646483121657;0.010495992717649946
0.01030809279933704;0.010492183431996132
0.003703484902112062;0.008903205819396595
-0.0023065469973837806;0.005976625649179411
-0.00657622647907433;0.0024799563292262927
-0.008471499558188052;-0.000759595971928264
-0.007783273734025523;-0.0032781131292732653
-0.004786258668041096;-0.004960833499403359
-0.0004648725253442464;-0.005584233730461415
0.0033961638831977764;-0.004418648330315587
0.004635167101030155;-0.0005217098596729793
0.0017508802883346617;0.006170882127568895
-0.004912484105108266;0.013756912956814901
-0.012757732515901938;0.01860325491642224
-0.017963925502776333;0.017513614582072675
-0.017540453153483772;0.010535396235900898
-0.011072430648538613;0.0017840235875109275
-0.001024182061489397;-0.003082221405285567
0.008496798207444345;-0.0009832461361489993
0.013739013205870957;0.006316011231549858
0.01302030771585988;0.013620208867615478
0.007330312331856645;0.01603957737112271
-0.0004033387888569914;0.01206037777215302
-0.006872392816937321;0.004015077065325239
-0.009843564740302346;-0.0037734950071962306
-0.008806388823672143;-0.007593481811129721
-0.004749507267054351;-0.006251727272656212
0.0005057943064936051;-0.0015705861808271728
0.004989936459245571;0.002675656947925527
0.007144993204751162;0.0029736912092313845
0.0062723761258600364;-0.0016995499838321365
0.002814832891716926;-0.009051103161313495
-0.0016827488788969732;-0.01471724532446904
-0.005069758290715707;-0.014881586017421244
-0.005497850606404881;-0.008658691990823022
-0.0023965950146185573;0.0012102218478014922
0.0030574209831784856;0.009799719392352605
0.008414837487834696;0.012797067033692981
0.011212615832240393;0.009025790749353203
0.01022823446940277;0.0011008225838475187
0.00590503365362016;-0.006299369765394428
-0.00020387373603787085;-0.009441213469997291
-0.00638301709517399;-0.007747853189830307
-0.011374521644238586;-0.003730318514670224
-0.014441679819216652;-0.000902271345233227
-0.015189247492118038;-0.0013555378853105
-0.01355509248612215;-0.00469030896219786
-0.010033271042288218;-0.008832426509196295
-0.005778655792808822;-0.01187887115331524
-0.0022397321720774434;-0.013416684407528337
-0.0004384574028440933;-0.014273068757277069
-0.00045342375349454963;-0.015049337915911924
-0.0014880024778696833;-0.014919133789946418
-0.0023086860978376597;-0.012020756520797014
-0.0016512058483093594;-0.005371117915225513
0.0013668634417605978;0.0033798855262747876
0.006581426755054714;0.010359340157503156
0.012210549588786503;0.012297372461070093
0.015248034796381154;0.009477341962938403
0.013085219144175016;0.00590002904132447
0.005366357386759347;0.006120209276108543
-0.005358544021604323;0.011356613061861254
-0.01475990079972693;0.018246611303631727
-0.018949789385426224;0.0213066835464376
-0.0164635386187297;0.017034950084583604
-0.00889200742313154;0.0064536481514987755
0.00012608899683799827;-0.005562986283675523
0.006902370425617745;-0.013326121016611434
0.00949239675939403;-0.013542491894163346
0.008292834027465374;-0.006853856345183212
0.005282506601513819;0.0029061359936541306
0.0025875669721527193;0.011045236480414597
0.0013113574107019774;0.014404754764104908
0.0012163240891390858;0.012429328918209012
0.0012558818688192326;0.006649763301961773
0.00048831534412826;-0.0005630383810965533
-0.0012398380371422602;-0.006970808082857591
-0.00322922441956783;-0.010881154267254873
-0.004422699607924875;-0.011347219625489515
-0.004045453362521322;-0.008457355479802399
-0.0019790875446134442;-0.0035441027534371568
0.0012364847067114137;0.0011464863747814888
0.0046146984516815745;0.0034844252620332924
0.0069904819066464695;0.002649067047646974
0.007329527466069496;-0.0004147813389116495
0.005101755838027552;-0.0037046633568206954
0.0006208703859564188;-0.005524546362678798
-0.004888165669990194;-0.0054932849876513645
-0.00969618906653074;-0.004524931538807836
-0.01235433879512415;-0.003905920108195141
-0.012384066190573953;-0.004206261061882495
-0.010352210838654981;-0.004822449321925006
-0.007272015183900656;-0.0044765359554142
-0.003864375142279273;-0.0023073616426228963
-0.0003133007692040302;0.0012679081092950013
0.003369866314657429;0.004642284861911662
0.006824904420592254;0.006091186108356502
0.009170796792164674;0.005013437403373486
0.009325181785438138;0.0022887256092392143
0.006625176406329699;-0.0005254188806506447
0.0014415932214186318;-0.0023383303503087542
-0.0045762551721111756;-0.002986093362534747
-0.008971714489254615;-0.002861383836791705
-0.009654400111285093;-0.002398741993916233
-0.006130658110526471;-0.0019115794465527297
0.0001027036407738134;-0.0015503375895322366
0.006340733146046427;-0.0010688084751897156
0.01010754865943036;0.0002589089004882163
0.01036587149064104;0.0030543621358494755
0.0079016144226376;0.00695868597782245
0.004770627214967402;0.010549196042707458
0.0030920670322187632;0.012377876973189095
0.0038089106322575007;0.012084012993845773
0.0061612896424529705;0.01042201213867703
0.008239235804000716;0.008348977717478558
0.00824952079559074;0.006285147009666447
0.005644806980172362;0.004186396351224909
0.0014064894421698061;0.0020135460070008796
-0.0026326050747100607;-8.158409341907473e-05
-0.004950760207032223;-0.0019323032119256908
-0.005246358166648981;-0.0035052858066576815
-0.00451049896620494;-0.00482027356220794
-0.004221578885922353;-0.0058044036874867165
-0.0052606061335428635;-0.006265845723857492
-0.007353791211523233;-0.00599373931798649
-0.009385636047699781;-0.004915502355120866
-0.010225022380381317;-0.0032373934175834386
-0.009405843533221396;-0.0014638376100932343
-0.007258361867044025;-0.00021514243463699342
-0.004551292916533189;0.0001036298311296785
-0.0019946462185669697;-0.00040686827971866507
5.8456817032139505e-05;-0.001092851555851427
0.0015938437345619696;-0.0010239286112751305
0.002730546944811455;0.0004981323097413474
0.00355592015782287;0.0034396756597745003
0.004130332984099344;0.00685875236326331
0.004594855507710339;0.009271257070492648
0.005207661742685836;0.009466662911459983
0.0062095353336496665;0.007308634011498385
0.00759937554496148;0.0039370514045861445
0.009017250657111241;0.0011138855478951188
0.009861918771384863;7.619109064230843e-05
0.009553480900446495;0.0007179219743791692
0.007720767754945901;0.001778656619570936
0.004238832876254871;0.0019725727159443543
-0.0007003063590949987;0.0011847481021964798
-0.006314455421601078;0.0006755083345128806
-0.01093035476275113;0.0019363395038773192
-0.012112039955459963;0.005001930934452508
-0.007548506716910889;0.007705847579664239
0.0034657576428477935;0.00682863608435584
0.018710690379456194;0.0005527637817768612
0.03296635152939216;-0.009663198481538654
0.03993606618679352;-0.01951760316273237
0.03565625573893321;-0.024623322386982147
0.021284462648382286;-0.023603204750547176
0.0029119564571347596;-0.018959092062945666
-0.011854060816933893;-0.014817516489262932
-0.01811925944877383;-0.013422653205238382
-0.015870287691410943;-0.01353949937296896
-0.00910706793142577;-0.012192398193957033
-0.0029879510076450365;-0.007914072043082563
-0.0008620178469987424;-0.0022714929323155095
-0.0028426213450669685;0.0016676409283422186
-0.006541706066345804;0.002198501412906535
-0.009145080809752307;0.00040015803192807944
-0.009208018644891867;-0.0009578982084832709
-0.007067571984640396;0.0002607677249584875
-0.004027939909989319;0.004031128880548965
-0.0012989534755464256;0.008363720668442367
0.0005078657926043889;0.010709018607219341
0.0012556638484375274;0.009487118556746457
0.0009642199061600515;0.004944074194985382
-0.00031888754114156435;-0.0009580503463955325
-0.002414118418521065;-0.005487907755498227
-0.004872684552145179;-0.006469820902812844
-0.007001504550160045;-0.003367389000278797
-0.008081174449879318;0.00238051138105646
-0.007652873266010977;0.007936982136848195
-0.005715127433983477;0.01032849881229019
-0.0027528022448657704;0.007872378147982395
0.00037030178387985276;0.0011504470859590213
0.0025913262700700632;-0.006981200831229643
0.002910495783134598;-0.01252827636108911
0.0008155549767919759;-0.012309648882843275
-0.003171324199063621;-0.005854869185004453
-0.007193611406088705;0.003897719642035202
-0.008568232763644018;0.011936364289555476
-0.005259988661420135;0.01425646830262689
0.0024243630761813543;0.010821318773312195
0.011260855166085396;0.005916554093778195
0.01649393369215928;0.005089886764637371
0.014608053066261183;0.01086860903935815
0.005668511396774087;0.0207410602591351
-0.006515005506093624;0.028918576972207944
-0.01661850761193236;0.030184623061931214
-0.02084351123693732;0.022872072334436718
-0.018708574362161542;0.009365441726097129
-0.012735718243183371;-0.0054704356245592655
-0.006722435003277768;-0.016633305842123195
-0.0038104251877466204;-0.020969558608904607
-0.0051573092749072425;-0.01815446949474368
-0.009589454506534069;-0.010490632669123952
-0.01436780385990334;-0.0018047942364575178
-0.016717708435630828;0.004044992148304671
-0.015217583262069883;0.004625003600841001
-0.010240086594796468;-5.874193264796318e-05
-0.0034189469707470977;-0.0075480901489149545
0.0032739357570054283;-0.014217927704563248
0.008283220210430042;-0.017233294673978026
0.010829160247643908;-0.01591795769527016
0.010907058969204275;-0.011734763494725239
0.00909106903939413;-0.00709856961302953
0.006288150832498246;-0.0038509462478110105
0.003482392397221979;-0.002260277759655766
0.0014760061157935284;-0.00112570797212539
0.0006990968339538972;0.0010536705642784651
0.0011827849161810539;0.004676801042275273
0.0026947020914866713;0.008528485478666878
0.004911756722544095;0.010604012630106966
0.007475241337300079;0.009599980059850313
0.009882489151084995;0.005889673815470753
0.011365286850011426;0.001299024387452995
0.011019413809954944;-0.0020719668197395685
0.008278383576078057;-0.0031564441939278083
0.0034313171950770475;-0.0025693896083994147
-0.002296719556413229;-0.0022367790945569455
-0.007259944091164154;-0.004128329882324243
-0.010156221059943677;-0.008674029096254634
-0.010556671547913263;-0.01385445530753715
-0.008988376786350559;-0.015914898591346115
-0.006618675082892424;-0.011705391071001721
-0.0046386290164935045;-0.0012465244351433607
-0.0035230800041323907;0.011436093359737809
-0.0025768717986267425;0.02014757027915207
-0.00022011008235238696;0.020087330130182553
0.004950627226652049;0.010907091248994137
0.012889702715290942;-0.002732612858356928
0.021489807325212763;-0.013571296317147704
0.027252508634699107;-0.015822421409102498
0.027089168378425878;-0.008574737511472046
0.020216376975063666;0.0036425959342357385
0.008853736394146315;0.013725477961792536
-0.0028188497861339336;0.016510744241023872
-0.010773910270140264;0.011772668236548794
-0.012992946135694555;0.003634842819365634
-0.0100824714829295;-0.002855749563981133
-0.004536157518905779;-0.005200448570348502
0.0007398489063025198;-0.004485316506518349
0.003758654947543661;-0.0036308963449897
0.004026961541672938;-0.004625064670006624
0.0023280246702383346;-0.007008697430111251
9.198917760121683e-05;-0.008569210110965285
-0.0012919121262398743;-0.007370339686511722
-0.0010622097146640247;-0.003399513546420394
0.0005661229139966023;0.001354437738370505
0.002493713880893631;0.0043252204760915606
0.0033302270432442687;0.0041701773136754005
0.0022045620527289824;0.0016226840480389078
-0.0007095582150815663;-0.0011662168312949234
-0.004288870876967558;-0.0022030367139688274
-0.007090634793190966;-0.0009168394122346951
-0.008104961839855374;0.001732537394917574
-0.007197300510589416;0.004158519107658237
-0.005043248633879951;0.0052219620537700346
-0.0026676904805203747;0.004736562448751909
-0.0009005980610438943;0.0032741908214951156
-4.6932512475119934e-05;0.0016277264642585373
0.00011128105133896096;0.0003622154590153047
5.5564105120970405e-05;-0.0003294477368434212
0.00018927878922046274;-0.0005042705744898582
0.0005881270167894115;-0.00026211603600031694
0.0009565410544390541;0.0003635639014318433
0.0008168824619609066;0.0013395130616987766
-0.0001380488990530811;0.0024547547660961583
-0.0016905036981734933;0.0031984121586770475
-0.0029577367088102387;0.0028672428564302105
-0.002650418344900622;0.0009620423709243656
0.00024773002340749387;-0.0022732988440281442
0.0056281138446788136;-0.005516531324602088
0.01174737406936488;-0.00663524583271626
0.015624210282265143;-0.0037361297644046944
0.014527358297909234;0.0033489215284795027
0.007905242893569153;0.012115963223103612
-0.0016601062193610798;0.018168117573093476
-0.009589530935953315;0.017982948660038366
-0.012012390444683925;0.011963663902913755
-0.008067834388289195;0.0048788838872185145
-0.00023249629395813586;0.002442880562290833
0.007224281725351338;0.0064707362896514395
0.010493954614683153;0.01300683457449862
0.008045155304354897;0.015496161869207561
0.0012214573626735;0.010386311765778963
-0.006640788664629255;0.00020465085011040383
-0.012029783463708933;-0.008457249119501716
-0.012888749269033412;-0.010021324040062412
-0.009194822455754263;-0.0037682543770006633
-0.002472060414137118;0.006115982547396
0.0051337959062622545;0.01355269379142433
0.011596477186081257;0.01417625485612403
0.015366330808769616;0.007554061601142977
0.015502956459889524;-0.002726155384621062
0.011784824687568772;-0.010956918309431659
0.004831701669435571;-0.012359796041964433
-0.00385352218414227;-0.005786024899934161
-0.012045022653091509;0.005472030231610178
-0.017268280738101875;0.015289827279979335
-0.017608484145846075;0.01781861308513607
-0.012629741747189288;0.010421873584399367
-0.003924431295332451;-0.0048888676499981845
0.0051890226720837;-0.02207309990213205
0.010927348476179221;-0.033682516119190854
0.010780609814658273;-0.03472689367870099
0.004808123943137257;-0.025900586682004397
-0.0043050768454855545;-0.013653375795308922
-0.012496448223482174;-0.00607596115256166
-0.016188941893343932;-0.007016232811461904
-0.01389736173466883;-0.013139429725744318
-0.006932667674231551;-0.01671405401091963
0.0011943253285963509;-0.011949295097905696
0.0066035065543319565;0.000383585331462129
0.007203695212062518;0.013542942499149628
0.0037649292241208393;0.019658271838314933
-0.0008663143478014683;0.014991042725871645
-0.0037613107968347734;0.002220551758493517
-0.0036176555717513503;-0.01131097094154445
-0.0011731041650944506;-0.01812490750289871
0.001539404869891128;-0.015155367405723853
0.002336646487556156;-0.005422625439795569
-0.00012834646407940093;0.00439264030410718
-0.005721153984339205;0.008738968813084091
-0.01268258271716302;0.0066234435717669685
-0.018225460715461904;0.00110611951227867
-0.01979560482211859;-0.004142134522218237
-0.016358675608148417;-0.00770215691853348
-0.008932883320195774;-0.01027659809844052
-8.398394990697696e-05;-0.0125023895797535
0.007281370839824645;-0.013491804940079453
0.011205073352428296;-0.011585214372311628
0.011443073879016283;-0.0062879208540729675
0.009301444736942424;0.0006838892348861852
0.0065989674093743554;0.006291970723398871
0.004409258731263673;0.008241993862740365
0.0024980703554879588;0.006524457652189681
-7.042308732841063e-05;0.0032681945465627272
-0.003624969344008477;0.0011236578209531242
-0.007027937021903955;0.0014608371009614644
-0.008149323653432522;0.0036895268160205275
-0.005433704135294928;0.006074358172243146
0.0006962023461556699;0.007269269413990933
0.007789506681180283;0.007296009017506641
0.012737328771973259;0.007210254412893802
0.013505621443927796;0.007826032705505663
0.0100507866179874;0.008690795389600138
0.004056577785061433;0.008318389608652535
-0.002035763630802692;0.005560737660429727
-0.006073638149626219;0.0008486892385395024
-0.006982459977802696;-0.003948093158025255
-0.005125172566352586;-0.006941285282014538
-0.0020274507475301325;-0.00755030151871543
0.0005363632770926482;-0.006571698898911983
0.001613596319720654;-0.005171880606584597
0.001566091008883985;-0.003912358204171958
0.0016176916986764022;-0.0025966560951303456
0.0027813249239046203;-0.0007812161079576042
0.004935736911200239;0.0016971296587541644
0.006726050234626162;0.004566391555938177
0.006401396693046444;0.007293054066397441
0.003030732604283037;0.00941686668630384
-0.0027450261467989287;0.010899815985904823
-0.008918234685100378;0.012238492263881028
-0.013111749257575498;0.014083647218307066
-0.013769625136687027;0.016483533549502785
-0.01092197867690468;0.018364786084886973
-0.0061413262637026135;0.01793370266883574
-0.001690561381070476;0.014031818425880353
0.0006745880673283347;0.007462686804635859
0.0005342857039505819;0.0009421762357387182
-0.0011856071672414323;-0.00263433389900265
-0.0028897972313038723;-0.002272355158877111
-0.003187792976805421;0.0004658451897041475
-0.0015408707257186759;0.0026904978785274843
0.0015360124342260913;0.0021756877399805655
0.004767507800367076;-0.0013138629201179706
0.0067601645830983855;-0.005970846171921277
0.0066545520865865905;-0.008983363203673786
0.004449586578965825;-0.008134154869658428
0.0008934082203224093;-0.003201105149664231
-0.0029049819560444156;0.0037097066251763756
-0.005896309406545673;0.009279376306121096
-0.007374565950498687;0.01089188222898036
-0.007084236136558386;0.008039366370441819
-0.005203014157183568;0.0023426556835435012
-0.0022751314323669935;-0.003575615002214142
0.0008679978512744594;-0.00743118892012298
0.0032274182542702955;-0.008083419240272786
0.0038648817327188605;-0.005647468035688294
0.0022855927139497933;-0.0011470850342422906
-0.001089244579574188;0.003986761271074803
-0.0046027463391351865;0.008351453131098637
-0.005565362128617071;0.010851351720331947
-0.001246628060980462;0.01084494097483918
0.009505271028499417;0.008224915418771687
0.02478580876558194;0.0034403929864072922
0.039460577744149856;-0.00261096902647189
0.04711797964743477;-0.008899014470032435
0.043628656914928385;-0.014695666525876045
0.030103380762861717;-0.01973755133471602
0.012750629726826154;-0.02371090349953032
-0.0006983073001844718;-0.02537431283758062
-0.005462587035266832;-0.022543480334454028
-0.0019620766363618283;-0.01379244243010302
0.005246407385255045;-0.0007765077577737592
0.010628314609358471;0.011351436547703599
0.010802083179445615;0.016688624393558053
0.005950631308303912;0.012669502135270749
-0.0009651952914352731;0.002049375438906607
-0.006345114603191123;-0.00901620791617341
-0.007976766720682295;-0.015263699540723537
-0.0058856204656886745;-0.01551613260893425
-0.001859370519423078;-0.012441826167124066
0.0017693132697185064;-0.00955432622445736
0.0033053597055956708;-0.008220522594485235
0.0023033699685389977;-0.007024754500588063
-0.0005544668257983135;-0.0037437589668767217
-0.004136029447730991;0.0018493739478634308
-0.007619139048724336;0.006908706831102317
-0.01077395307621812;0.007518164373222122
-0.013594464446858292;0.002293255768826553
-0.015762500466433068;-0.005880356003100033
-0.016606173183599006;-0.011938198119003452
-0.015622068390737792;-0.012677011331539534
-0.012991586913117782;-0.008938165887776644
-0.009577723711018926;-0.004210150252816663
-0.006440038289698892;-0.0014415368895323013
-0.004291584069534825;-0.0010783382707071328
-0.003252948355693195;-0.0015739713479479705
-0.0029340169888037223;-0.0012354326976958684
-0.0026669815006023596;0.0004412773638857776
-0.0017878927491076992;0.002774090376713077
-2.8605370422555067e-07;0.004748738647239893
0.0022315893763681437;0.005747584549156697
0.003568409881413459;0.0056147458554004544
0.002319204182033318;0.004290454091715015
-0.0024807695468263904;0.0016205268184100057
-0.010156530257123582;-0.002377962091044025
-0.01842968856992752;-0.007101146131195224
-0.02444183577511258;-0.011289806669197478
-0.026026323714734526;-0.013495465809088274
-0.02252734447577605;-0.012851709294225223
-0.015044894083468794;-0.009661619198704044
-0.0061953958682462885;-0.005280451932514404
0.0007641073701649677;-0.0011432878896744244
0.0034503687022253973;0.0024365772193626896
0.0017270976451783083;0.006537332881295195
-0.0022095255123120265;0.012347907429662377
-0.005263000818592274;0.019229739038578955
-0.005249823267822894;0.024087787541715016
-0.0017673571541651043;0.023192126305885453
0.004083833238233333;0.015259422873419241
0.010405907446538151;0.0031293005792803015
0.015130279381462311;-0.007545853664069543
0.016630228515768192;-0.011653764264334062
0.01439032758317362;-0.007601879171119838
0.009409677074378467;0.0018996691635861606
0.0039108552347614685;0.011445654070970708
0.00034808993277175973;0.015861502411206336
0.00025588970288654235;0.012912285676369884
0.003593715152161698;0.004406812837893616
0.008856551999544347;-0.004935779238278255
0.013785194360544109;-0.010205056670298545
0.016329944186209505;-0.008926892183229425
0.015491403568205761;-0.0020506715964195028
0.01168927663924248;0.007052546728953486
0.006506221695696745;0.014647250602471927
0.0019725315619068856;0.018367576172262867
-0.00029347977700260156;0.01778988965935245
0.0001582708117290243;0.013928258980546171
0.002218077914202864;0.00829860914711783
0.0035537091493686264;0.0022019480090236026
0.0017980775932644765;-0.0034155288752364056
-0.003965743460215028;-0.007633395784380668
-0.012421752298444687;-0.009339587458574043
-0.020555060946652992;-0.007652203019806618
-0.025198452152803936;-0.002785940638670756
-0.024650375684638497;0.0034786209131977388
-0.019457632608460704;0.008415309678893597
-0.011984089306573844;0.009908272436669556
-0.005093580506993608;0.007893639889911926
-0.0007789930156016198;0.004446283062864518
0.0005128971734367644;0.0022165386527468653
-0.00029869829572869974;0.002409288906283027
-0.001602114708503282;0.0040470306635445935
-0.0018318532416823259;0.005101816062494544
-4.5449758852257194e-05;0.004336055356954625
0.003760985219465221;0.0022029860793182413
0.008679711597486208;0.00027590567064605096
0.013270462101665617;-1.0363018502666588e-05
0.016146192355042548;0.0017307463996886728
0.0165070071948675;0.0046908840975281455
0.014391535001657322;0.0073073023830498955
0.010565570547621531;0.007977740699178377
0.006145571074147199;0.005805651350587565
0.0021570723663455905;0.0011047539465521509
-0.0007866131920657396;-0.004640944492390578
-0.002584634644130615;-0.009437819746467017
-0.003517408829033797;-0.011714736154759788
-0.003969626682442506;-0.010970302537771997
-0.004186507363705937;-0.00781723961702146
-0.004234473567247901;-0.0035396644537859998
-0.004165778052775806;0.0004748940338307525
-0.004181941095772308;0.0031441559211921578
-0.004575270856328151;0.0039118985915577095
-0.00545823712779316;0.002895227847834326
-0.006557621258759665;0.0009256577562423817
-0.007349727780063662;-0.0007499261565149222
-0.007472528879492172;-0.0011722447391677093
-0.007003375416183585;-0.00035561208673816027
-0.006276349600827002;0.0006596944736508161
-0.005417089514936121;0.000566816019950111
-0.004134499500307374;-0.0011408201590744327
-0.002057145146918663;-0.0036062990634999365
0.0007292087042376643;-0.005052898408967474
0.0035724562626070016;-0.004009216743584964
0.005762950466183552;-0.000444916479859913
0.007145323817660972;0.004053114424362042
0.008169966115659913;0.00722590667833986
0.009317552856519157;0.007546541259855156
0.010478189334277521;0.005104684463204063
0.010865777060247984;0.0013582442390462084
0.009498975918575117;-0.00202946018409571
0.0058106107574298045;-0.004305270525685566
-4.837707189983527e-05;-0.005771251836493638
-0.007280581723819969;-0.006955797094668423
-0.014624515359656622;-0.0077500522726053995
-0.02039700802512798;-0.00745386224629447
-0.022493270690166753;-0.0057518006925119745
-0.018746905352357644;-0.003674146961480163
-0.007914623455132762;-0.003431867798716614
0.009016928278030103;-0.006831528709889901
0.028052647946352923;-0.013267973980914442
0.04284971394050772;-0.01911957345660751
0.04714073821162157;-0.019807948837542184
0.038096835497073545;-0.013652896024985262
0.018607098289087083;-0.004330486713391566
-0.003557100839559929;0.0011605973723718074
-0.019703021066027417;-0.001614103204536983
-0.024777168831905984;-0.009846337298588833
-0.01957700964857529;-0.015012419382270924
-0.009572563519766398;-0.009965015074738305
-0.0014149312758625575;0.0046944486759234755
0.000783432209626171;0.02068746962942808
-0.0026528103219648795;0.0281878263234687
-0.007875071644980974;0.02253885474222083
-0.010416471951717127;0.006624477044036792
-0.007985081960050574;-0.011717037389218072
-0.0013839600911158907;-0.024409913031605054
0.0066254919977949195;-0.02682696734979136
0.013281113596578745;-0.018997561200120815
0.01710684436470563;-0.004685124250523786
0.01789516433772216;0.010547554624501536
0.015899233181536028;0.021395968294940663
0.011269897138504188;0.024600011271999605
0.004303370674777993;0.020112458547061594
-0.0039008847775513383;0.011018188657299881
-0.011269175191775437;0.0018325436189512193
-0.015494820919307883;-0.004052809459566146
-0.015202397999779056;-0.006053663815774783
-0.010654325259821625;-0.0059939061291594455
-0.0035598047026043334;-0.006106132498887668
0.0037567366363013615;-0.007133715266641892
0.009256530675616517;-0.00788082497890418
0.011734014061870648;-0.006267759569432688
0.010925132393911517;-0.001043868299265663
0.007362610329076237;0.006843716708768009
0.0022138982186313693;0.014096296400110248
-0.0028707932295743742;0.016608780792156264
-0.0061358654556736515;0.012146378208796054
-0.006497794514976512;0.0023331390008715404
-0.004383563927898416;-0.007849403841596938
-0.0018284700313853902;-0.013010775783894726
-0.0013665701927579774;-0.010664321701352019
-0.00432733066945002;-0.0026179823453599646
-0.009858331587694617;0.006279581599656251
-0.015431597547707556;0.011081421548579351
-0.018344833877485242;0.009602882588499737
-0.017140965768508952;0.003492722109548665
-0.012289241929470897;-0.0031842581529968384
-0.006037950436809573;-0.006824276865375642
-0.0014764303333546526;-0.00643864967167448
-0.0009727778012619935;-0.0035843977448661657
-0.004678111626652199;-0.0005782227561699458
-0.010125409998819416;0.0011375220884502321
-0.013396404538892267;0.0012202516519183237
-0.01125465760986249;-0.00021563990021100164
-0.0030297368613098597;-0.002757916019836533
0.008779215099819966;-0.0051698250837832315
0.0195780609928093;-0.005392614494662514
0.02498748590746999;-0.001852799076769342
0.023124132536587065;0.004911616191954207
0.015443203367535047;0.012012523068686802
0.005679881654256948;0.015866215396979036
-0.0022540977062647945;0.014533955930316804
-0.0060508506099267445;0.008964470089872879
-0.005626211426346157;0.0022311229448643897
-0.002592437800173396;-0.0026188393443033367
0.000863089776902705;-0.004455948926464159
0.0030316444664185926;-0.004323205045790646
0.0032284758695948746;-0.004064695834212543
0.0017727387748091128;-0.004638607280193378
-0.00036290841219774496;-0.005496034689850791
-0.0019901748073631854;-0.005340889694270077
-0.002158455889933593;-0.0034603646530852288
-0.0005989521064881935;-0.0005022173795043425
0.0020235191350049205;0.0018848686203452906
0.004318426195911308;0.0022526688032065163
0.004865409684654344;0.000479582892214254
0.0030245800820034195;-0.0020550204508279772
-0.0006698162040767561;-0.003414166917739132
-0.004793691998142441;-0.002452359836868424
-0.0077931938337873295;0.00045852691634456127
-0.008739176821050364;0.0038122705034142963
-0.007662609787931377;0.006042070651917394
-0.005361268459764206;0.006427402078134875
-0.0028835399302520903;0.005289873326559675
-0.0010308142573933702;0.0035539666773746225
-0.0001224379909547904;0.0021113078522323886
-5.122953135134216e-05;0.0013884205214535616
-0.0004925191360521396;0.0012766601825502084
-0.0010990460320892692;0.0013588913830933245
-0.0015902080080081962;0.0012536063039994862
-0.0017492578597349282;0.0008889231803996569
-0.001406612348194597;0.0005774808534149844
-0.00047917698759488217;0.000854853389705353
0.0009339030313129849;0.0021484211883469172
0.002481397769691211;0.0044388956569483716
0.0036279897458055587;0.007119449002954804
0.0038967416973842307;0.009186948963099973
0.0031639985297342993;0.009701322517261326
0.0017768923670048067;0.00824138510316457
0.0003567413327994314;0.005075188838107337
-0.0005913902369804777;0.0009996448326961953
-0.0009700256076316842;-0.0029606741683594526
-0.001083953553958322;-0.005831397171275324
-0.0013941685681471898;-0.006951432758270548
-0.0022400205655953727;-0.006231345919267794
-0.0036918919882811723;-0.0042495869442784285
-0.005560421996596925;-0.002018714830261967
-0.007489098820559205;-0.0005063127916073452
-0.009036206709353622;-0.00020878364224453033
-0.009710374363400253;-0.0009951721588105904
-0.00902690257883153;-0.0022119433470855323
-0.006696002345995163;-0.0029559420527807065
-0.0029337475009265407;-0.002472372433550204
0.0013494563274797221;-0.0005941924830188194
0.004818357242629661;0.00200535670384423
0.00646155829614034;0.003996535216304118
0.0062860427683279;0.004073079167673743
0.005277262802829014;0.001911295692246419
0.004563486521651212;-0.0011265937789033669
0.004496981947710491;-0.0023016823202543645
0.00444257566351153;0.0008272947706494476
0.003470709435956856;0.008212684166596786
0.0014924140762269842;0.016393365384545555
-1.313661174193353e-05;0.019992309966788628
0.0015281107573419735;0.014892980140497563
0.008025111347329255;0.0009592462427701271
0.018693529807369685;-0.017485544567448757
0.029408232141004673;-0.03364471639480689
0.03448570147110892;-0.04153649939725481
0.03019376415186579;-0.03890372556291312
0.017545317982011168;-0.028244110382419425
0.001978122397721767;-0.01523818266311081
-0.01007144680163124;-0.005349652950171648
-0.015022598489571926;-0.0008601779155690892
-0.013606084909606528;-0.0004898611707394203
-0.009415551569042727;-0.0016082530893931316
-0.006212088891909535;-0.0027638020084487323
-0.005915851258737601;-0.004236028024553596
-0.008151083590804615;-0.006557896670910893
-0.011083248502555664;-0.00897977880502834
-0.012742339413189613;-0.009581262271660668
-0.012058486220845177;-0.006818143174246968
-0.009207595809758108;-0.0009430178448387939
-0.005293885979702379;0.005913022649463972
-0.0016576602232188506;0.01094336223076821
0.0008292513669100227;0.012209170312884399
0.0021340060704384666;0.009561482530133576
0.002900273573903596;0.004549891087977469
0.0038889832999092545;-0.00043437943778578786
0.005442918961080864;-0.003241360314348325
0.007322539818784446;-0.002858747572205887
0.008923086953761733;9.108648272038416e-05
0.009650094278018221;0.0034853717051504464
0.00923228394385921;0.004679865241446959
0.007824677533511838;0.0020776025602562967
0.005836851339762025;-0.003621701657447469
0.00360053253059742;-0.009449361094512412
0.001164968799368479;-0.011637197740685685
-0.0015757716787557366;-0.007740847200538275
-0.004535048209231161;0.0017565717762104834
-0.007188707291367156;0.013301422975239422
-0.008656536880997871;0.021911855735753882
-0.00806844589370749;0.0239396304735259
-0.005007749664595904;0.019247188855465145
0.0001675503845181165;0.011096130259173857
0.0062510297818661326;0.003698312592437893
0.011425981073033737;-0.0005722763632153129
0.01379702809177309;-0.0020273144436627672
0.012064945776582004;-0.002224220013771932
0.006091926354588235;-0.002010903204359291
-0.002873490831403177;-0.0009718621801942904
-0.012447961147316725;0.0015010319069017983
-0.01989961012631787;0.004869888546686557
-0.023331487486146777;0.007257022944193975
-0.022685996339729522;0.006662461673328209
-0.019731321415625492;0.00269076895605627
-0.016754031743042127;-0.0025607597658890103
-0.014855099916241149;-0.005391181553971934
-0.013288269473743678;-0.002932896253650598
-0.010383426657293447;0.004488516612735347
-0.005124164132105787;0.013107040517182988
0.001999311321378366;0.018143609157176648
0.00934216769201933;0.01710642218164843
0.0150994224266858;0.011315088644817365
0.018160920201400366;0.004639659337905736
0.018426233234768746;0.0007818874489488784
0.016592117277896168;0.0012023575861748632
0.013672568808289593;0.004791964224366119
0.010561379289196326;0.008982468402965103
0.007808508900421202;0.011305758810141087
0.005608150492986782;0.01053290801843503
0.003917123768812399;0.007003392324812367
0.002603886963074254;0.0022038719040996533
0.0015362721669275835;-0.002073796771547329
0.0005796608850159808;-0.004563876336545877
-0.00043926380652881244;-0.004965289880019016
-0.0017338594135024765;-0.0038219584321560317
-0.003501785412119175;-0.0019880964587570397
-0.005813690442706605;-4.088424139191756e-05
-0.008454476012702092;0.0019843224535559868
-0.010803098986744888;0.004351728427137544
-0.011946769122563247;0.007018760801027173
-0.011158570471863794;0.009123495954008376
-0.008533605450033723;0.009103850805018328
-0.005257988781496215;0.0056529425551408614
-0.003099391556995426;-0.0009946839909980437
-0.0032959125932899482;-0.008549872249351664
-0.005590050127942554;-0.013726480654391998
-0.00815844928023707;-0.014330737677737383
-0.00858549766183582;-0.01070898490794005
-0.005299845668715867;-0.005332682040426461
0.0014356015599691113;-0.0009807249818383358
0.009608783779976501;0.0009107441414951541
0.01653034998462592;0.0006451655296953543
0.020146910236051505;-0.00042070133492293855
0.019770811589843174;-0.000845333630837404
0.015948434602086226;0.0001651354172723435
0.009849261944462579;0.002368207570040758
0.002762516980221077;0.00450962938395608
-0.00404923075189484;0.004853412842922232
-0.009344238727119421;0.0020698552668973274
-0.01205862204469112;-0.003936461536799909
-0.011674276597781339;-0.01165471192539938
-0.00853606616755769;-0.018239755126204765
-0.0037971962688299484;-0.020487697301370754
0.0010980868097519559;-0.01641956477952743
0.005106660141684703;-0.006883958250344981
0.007918619877402019;0.004030401459264359
0.00961655385652351;0.010800182706269755
0.009997091759112646;0.009932929706303387
0.008293975894725482;0.002625518475047919
0.0036627524674202974;-0.00585327694510097
-0.003963603088900071;-0.009940678136019796
-0.013346516607981437;-0.007745359518705901
-0.02214034866973584;-0.002053573241798588
-0.027733959496628085;0.0021232691548147596
-0.02830765783248081;0.001231134256977104
-0.02357486135301479;-0.00461066627787035
-0.014857779322634237;-0.012013613972421469
-0.004505679894944532;-0.01666170094906888
0.005032410010301757;-0.015965234140038257
0.012057831046128035;-0.010489183574126761
0.016036203467665183;-0.0034123947180615907
0.017423367261061112;0.0015883398768855683
0.017068981651521018;0.0026534342630731788
0.015618248235865037;0.0007109679172194154
0.01329241721156999;-0.001511885927736134
0.010108890951053131;-0.001615199780665223
0.006284113992972862;0.0008371971400225071
0.0024674012645540776;0.004286273734681421
-0.00041503341335465273;0.006509475899148611
-0.001645426119700676;0.006120827588136329
-0.001166975333970258;0.003233758108089917
0.00040246401620232236;-0.0008601250134090833
0.002215273522104787;-0.004527004251378396
0.003657206352096334;-0.006606693452616964
0.004428825084911279;-0.006861783837020529
0.004344362003245502;-0.005897145673427647
0.0032468954832942493;-0.004607893055388246
0.0011890582870395022;-0.003519244375320193
-0.001385284726178879;-0.0025318398708935263
-0.0037697788046559375;-0.0012799206849580952
-0.0053943706932504856;0.00028420076253303245
-0.006128863074147814;0.0017011598679047967
-0.006215756345158462;0.002372748054229152
-0.005970031057022258;0.0020281019013569895
-0.005599663139550608;0.0008120563684519274
-0.0052415976097910195;-0.0009388047656437483
-0.004982570217797315;-0.002828225893420813
-0.004738831479571475;-0.004305911809126122
-0.004208429551168906;-0.004647527437425874
-0.0031016646407321944;-0.0032747020910739
-0.0014487484861506865;-0.0002129103889939114
0.0004181426464106349;0.003756568350396709
0.0022440780301255176;0.007375766349308753
0.004144094231553038;0.009339607508328513
0.006403736955852204;0.008656759666566654
0.008920774273336159;0.005051310109479384
0.010865253763364646;-0.0005423406968203195
0.01103270497220357;-0.00584478632845722
0.008777825321379622;-0.00807259587863215
0.004806438520589934;-0.0056166238213654785
0.0010270444374957562;0.0006462174411056279
-0.0006570230777783601;0.007761390474832938
0.0002137298410952602;0.012907442158956827
0.002112535476773893;0.01569618708099289
0.002344457879850755;0.01829128241809896
-0.0012536054252567383;0.02277733716960416
-0.008722406207856486;0.028017538725144148
-0.017485654965297803;0.029368954499552288
-0.023436397330505336;0.022349937402537167
-0.023133107105797125;0.00731947682697862
-0.015823930426320274;-0.009415830255657256
-0.004063619721850341;-0.019624444300841624
0.0074777582813878125;-0.018996628799228667
0.014374065665000336;-0.009883452666852607
0.014617783868616943;0.0009769183673142637
0.009347534552072557;0.007385944359630738
0.0018305725195221633;0.00732621449478042
-0.004462503911663364;0.003145685649369946
-0.007435932738757304;-0.0010085232424830795
-0.006849182102413348;-0.002209262087345766
-0.0038211245595354843;-0.00028928917100033474
5.200605978119997e-06;0.0026272452660913857
0.0031102987911171874;0.0038824899450852365
0.004444141869885148;0.002080752595476781
0.003605739076645518;-0.002121023954541988
0.0009362672871451972;-0.0065396458975532906
-0.0025540494305919415;-0.00881158781006963
-0.0055235699447306425;-0.007685612702991995
-0.006838315356537821;-0.0035994621215767316
-0.00606659320805039;0.0016083893441809708
-0.0036469344366979947;0.0055693452963750485
-0.0006061614126467783;0.0064046804889769
0.0020206304100386825;0.003537660405414276
0.0037034087374305425;-0.0019496380117587642
0.004534464154695653;-0.007605898798813796
0.004922183097278198;-0.010601251230731527
0.005170834468144001;-0.009122510392782151
0.005325392279466703;-0.003473744598980781
0.0053767969121883835;0.0038735180589188176
0.0055336188797671755;0.009513399244844553
0.006168682844798605;0.01098973556014822
0.007396115166253724;0.008134680272846254
0.00869531678876583;0.0029715455458309277
0.009047554186014524;-0.0016816328702697436
0.007569134980294233;-0.0038914150248664904
0.0041247199806937;-0.0035044841898900225
-0.0005349498680906422;-0.0018499575553241703
-0.005069992542882274;-0.0006583449291612452
-0.007994241633974114;-0.0010812149011036598
-0.008196843812943942;-0.0034661206726848176
-0.005585849221824823;-0.0077233435715491
-0.0015213906658609606;-0.01349306848509229
0.001578781434329647;-0.01964446290604206
0.0015770705259755466;-0.023706465114873405
-0.001920168535024217;-0.02246303999557094
-0.007093770922383156;-0.014132423256354805
-0.010845731314423094;-0.0007013978154190151
-0.010513724431822474;0.012056869534159938
-0.005265126144000901;0.017941449942299032
0.003591518288700145;0.01491540142317258
0.0133291102285258;0.00694278759840399
0.02092143281450255;0.001077659081082899
0.024007823003640853;0.0020763898716403568
0.021570479747154758;0.009011761066535316
0.014305909859590283;0.01635723449158538
0.004486002639726624;0.018113570598837343
-0.0048624323061485265;0.011610127643920273
-0.011202859000553005;-0.0012550700996557776
-0.013491437365653627;-0.015367613949364985
-0.012345678415940411;-0.025108294786530306
-0.009343057125432605;-0.027004613536865313
-0.005978465945868207;-0.0211443052970892
-0.002957877125443168;-0.010738821001178922
-0.0002013218899361616;-0.00020493795720375184
0.0025795254107484895;0.00699010716281102
0.005247201916919964;0.00947106470429145
0.007065356257991717;0.007735378938412153
0.007123162249792304;0.0031970845695159537
0.005032824222656363;-0.002625818292407817
0.0013742571125248608;-0.008383939370644057
-0.0024659665720827835;-0.012842528187687151
-0.005001339308050606;-0.014911054392785231
-0.005459910300680709;-0.013935967235184348
-0.004192726568582172;-0.010092178875650027
-0.002448034157002242;-0.004532261622424657
-0.001697679931456459;0.0009129446061159705
-0.00291303553216542;0.00435807054161876
-0.006080867463633328;0.00452745366254498
-0.010048694222080502;0.0012942678230426694
-0.012772018557925834;-0.004039197880429413
-0.012110654303300224;-0.009034858735573035
-0.007089978974252331;-0.01119146082184562
0.0010511307195261355;-0.009319815068179851
0.009004105562719439;-0.004186891354707507
0.013036996504138986;0.0021380881777401653
0.011201069454619616;0.007612668195314644
0.004573543634153824;0.01105786104949094
-0.003275831485555741;0.01210307510422115
-0.008171725848582924;0.010885264937338882
-0.007465384530446212;0.008087996503914466
-0.001343209977088508;0.004988690045927834
0.0073505480710422295;0.0029289406331995138
0.01474913666896439;0.002477226110561477
0.0181414861259976;0.0031779750595085816
0.01731832480494463;0.004156840467204648
0.014271223614922784;0.004836572119902894
0.011629488498468074;0.005018453528018461
0.01099339758436893;0.004526973481923944
0.012143891669036646;0.0031481038419991616
0.013403519080430311;0.0010319348888967162
0.012792469568353351;-0.0010410375105608
0.00927801155601813;-0.002018282162687819
0.0033989142483387535;-0.001283552090921113
-0.0030753488488737954;0.0009253127211464753
-0.008163066239141765;0.0036719242518816536
-0.010659189508829282;0.005832166117433962
-0.010524027581458036;0.006593764682330313
-0.008611289508367027;0.00573096583191057
-0.006080208874096808;0.003634605382576636
-0.003892393954893198;0.0011644491172094606
-0.0025943098861526638;-0.0006331023398473376
-0.002335855305824205;-0.0009298343834942211
-0.002944270325204746;0.0004496786059044161
-0.003935794350146465;0.002815131363629461
-0.004530113570957054;0.0048924497436643516
-0.0038433166315918724;0.005598762752155112
-0.0013318447359496144;0.004873067841866824
0.0027024842365712463;0.003906929045729778
0.00693840863447362;0.004420403222101063
0.009500953368468358;0.007351836926969118
0.00895803152213458;0.01192370510640457
0.005254101060840164;0.015905503541064115
-0.0001054652427884301;0.016992351683111764
-0.004821609945752414;0.01428220997628461
-0.007034511773153919;0.008723593487438073
-0.006223794981413803;0.002254060683642362
-0.0032710244040505126;-0.0035814376692411666
0.00019296455070132274;-0.00836127004559239
0.0025809466658481143;-0.012307027828180153
0.002780505365331988;-0.015136928574291195
0.00021305760684152723;-0.015462705151661938
-0.005092740911188678;-0.011560664186490929
-0.012167058373869312;-0.003172688413305201
-0.01882395717703219;0.007122464559352892
-0.022114326565208356;0.014580698344851603
-0.01973937932041063;0.01526530589208346
-0.011680083010119694;0.009291470902560989
-0.0007975412920052313;0.0012869929730977825
0.008250608390198082;-0.0028924717616534926
0.011295829183858004;-0.0005277907154375063
0.006864954972709149;0.006325439599375802
-0.003019808040392474;0.013004890428800332
-0.013981798829116838;0.015831979241374482
-0.021638512191894457;0.014088798343681307
-0.023634511708988535;0.009469504861196036
-0.0202024535604196;0.004272458732616635
-0.013247363692862434;-4.190870595178738e-05
-0.004919912836819483;-0.003241168406867845
0.003243901301267195;-0.005831465968777182
0.010253849611061952;-0.008203829470830273
0.01516871896256211;-0.010030327522701374
0.016932722172996812;-0.010363640331057323
0.01482574224434288;-0.008341591929309115
0.009135782601012502;-0.0038881970555020074
0.0014204230889833898;0.0020601396949719224
-0.005945794417817309;0.007711370221746612
-0.010698668615163099;0.010713483816548216
-0.011558189750760426;0.008737401847760414
-0.008650512521029115;0.0006040519416017627
-0.0034129746209558814;-0.012421250571018233
0.0018703824971148288;-0.0262283347896292
0.004788834700889234;-0.03522768958520322
0.0037537675966239467;-0.03524085210808704
-0.0010377615492285957;-0.0263691535708356
-0.007254054981859917;-0.01370313434567767
-0.011323549761268033;-0.004635933391313016
-0.010356606787643174;-0.003982619720548905
-0.0038928576467502115;-0.010471324083775178
0.005723608704687211;-0.01782949629684349
0.014536249538305627;-0.019939255144139738
0.01892515271977081;-0.01559731028605201
0.01717571019807053;-0.00861539020412874
0.0099173042645447;-0.0035147959496637984
